urb,week_canton
1,2020-1-101
1,2020-1-102
1,2020-1-103
2,2020-1-104
2,2020-1-105
1,2020-1-106
2,2020-1-107
1,2020-1-108
1,2020-1-109
1,2020-1-110
1,2020-1-111
2,2020-1-112
1,2020-1-113
1,2020-1-114
1,2020-1-115
0,2020-1-116
0,2020-1-117
1,2020-1-118
2,2020-1-119
2,2020-1-120
1,2020-1-201
2,2020-1-202
1,2020-1-203
2,2020-1-204
1,2020-1-205
1,2020-1-206
1,2020-1-207
1,2020-1-208
2,2020-1-209
2,2020-1-210
2,2020-1-211
2,2020-1-212
2,2020-1-213
0,2020-1-214
0,2020-1-215
0,2020-1-216
1,2020-1-301
2,2020-1-302
1,2020-1-303
2,2020-1-304
2,2020-1-305
2,2020-1-306
1,2020-1-307
1,2020-1-308
1,2020-1-401
1,2020-1-402
1,2020-1-403
1,2020-1-404
1,2020-1-405
1,2020-1-406
1,2020-1-407
1,2020-1-408
1,2020-1-409
0,2020-1-410
2,2020-1-501
0,2020-1-502
0,2020-1-503
0,2020-1-504
2,2020-1-505
0,2020-1-506
0,2020-1-507
0,2020-1-508
0,2020-1-509
0,2020-1-510
2,2020-1-511
2,2020-1-601
2,2020-1-602
0,2020-1-603
2,2020-1-604
2,2020-1-605
2,2020-1-606
0,2020-1-607
2,2020-1-608
2,2020-1-609
2,2020-1-610
0,2020-1-611
0,2020-1-701
0,2020-1-702
0,2020-1-703
0,2020-1-704
0,2020-1-705
2,2020-1-706
1,2020-2-101
1,2020-2-102
1,2020-2-103
2,2020-2-104
2,2020-2-105
1,2020-2-106
2,2020-2-107
1,2020-2-108
1,2020-2-109
1,2020-2-110
1,2020-2-111
2,2020-2-112
1,2020-2-113
1,2020-2-114
1,2020-2-115
0,2020-2-116
0,2020-2-117
1,2020-2-118
2,2020-2-119
2,2020-2-120
1,2020-2-201
2,2020-2-202
1,2020-2-203
2,2020-2-204
1,2020-2-205
1,2020-2-206
1,2020-2-207
1,2020-2-208
2,2020-2-209
2,2020-2-210
2,2020-2-211
2,2020-2-212
2,2020-2-213
0,2020-2-214
0,2020-2-215
0,2020-2-216
1,2020-2-301
2,2020-2-302
1,2020-2-303
2,2020-2-304
2,2020-2-305
2,2020-2-306
1,2020-2-307
1,2020-2-308
1,2020-2-401
1,2020-2-402
1,2020-2-403
1,2020-2-404
1,2020-2-405
1,2020-2-406
1,2020-2-407
1,2020-2-408
1,2020-2-409
0,2020-2-410
2,2020-2-501
0,2020-2-502
0,2020-2-503
0,2020-2-504
2,2020-2-505
0,2020-2-506
0,2020-2-507
0,2020-2-508
0,2020-2-509
0,2020-2-510
2,2020-2-511
2,2020-2-601
2,2020-2-602
0,2020-2-603
2,2020-2-604
2,2020-2-605
2,2020-2-606
0,2020-2-607
2,2020-2-608
2,2020-2-609
2,2020-2-610
0,2020-2-611
0,2020-2-701
0,2020-2-702
0,2020-2-703
0,2020-2-704
0,2020-2-705
2,2020-2-706
1,2020-3-101
1,2020-3-102
1,2020-3-103
2,2020-3-104
2,2020-3-105
1,2020-3-106
2,2020-3-107
1,2020-3-108
1,2020-3-109
1,2020-3-110
1,2020-3-111
2,2020-3-112
1,2020-3-113
1,2020-3-114
1,2020-3-115
0,2020-3-116
0,2020-3-117
1,2020-3-118
2,2020-3-119
2,2020-3-120
1,2020-3-201
2,2020-3-202
1,2020-3-203
2,2020-3-204
1,2020-3-205
1,2020-3-206
1,2020-3-207
1,2020-3-208
2,2020-3-209
2,2020-3-210
2,2020-3-211
2,2020-3-212
2,2020-3-213
0,2020-3-214
0,2020-3-215
0,2020-3-216
1,2020-3-301
2,2020-3-302
1,2020-3-303
2,2020-3-304
2,2020-3-305
2,2020-3-306
1,2020-3-307
1,2020-3-308
1,2020-3-401
1,2020-3-402
1,2020-3-403
1,2020-3-404
1,2020-3-405
1,2020-3-406
1,2020-3-407
1,2020-3-408
1,2020-3-409
0,2020-3-410
2,2020-3-501
0,2020-3-502
0,2020-3-503
0,2020-3-504
2,2020-3-505
0,2020-3-506
0,2020-3-507
0,2020-3-508
0,2020-3-509
0,2020-3-510
2,2020-3-511
2,2020-3-601
2,2020-3-602
0,2020-3-603
2,2020-3-604
2,2020-3-605
2,2020-3-606
0,2020-3-607
2,2020-3-608
2,2020-3-609
2,2020-3-610
0,2020-3-611
0,2020-3-701
0,2020-3-702
0,2020-3-703
0,2020-3-704
0,2020-3-705
2,2020-3-706
1,2020-4-101
1,2020-4-102
1,2020-4-103
2,2020-4-104
2,2020-4-105
1,2020-4-106
2,2020-4-107
1,2020-4-108
1,2020-4-109
1,2020-4-110
1,2020-4-111
2,2020-4-112
1,2020-4-113
1,2020-4-114
1,2020-4-115
0,2020-4-116
0,2020-4-117
1,2020-4-118
2,2020-4-119
2,2020-4-120
1,2020-4-201
2,2020-4-202
1,2020-4-203
2,2020-4-204
1,2020-4-205
1,2020-4-206
1,2020-4-207
1,2020-4-208
2,2020-4-209
2,2020-4-210
2,2020-4-211
2,2020-4-212
2,2020-4-213
0,2020-4-214
0,2020-4-215
0,2020-4-216
1,2020-4-301
2,2020-4-302
1,2020-4-303
2,2020-4-304
2,2020-4-305
2,2020-4-306
1,2020-4-307
1,2020-4-308
1,2020-4-401
1,2020-4-402
1,2020-4-403
1,2020-4-404
1,2020-4-405
1,2020-4-406
1,2020-4-407
1,2020-4-408
1,2020-4-409
0,2020-4-410
2,2020-4-501
0,2020-4-502
0,2020-4-503
0,2020-4-504
2,2020-4-505
0,2020-4-506
0,2020-4-507
0,2020-4-508
0,2020-4-509
0,2020-4-510
2,2020-4-511
2,2020-4-601
2,2020-4-602
0,2020-4-603
2,2020-4-604
2,2020-4-605
2,2020-4-606
0,2020-4-607
2,2020-4-608
2,2020-4-609
2,2020-4-610
0,2020-4-611
0,2020-4-701
0,2020-4-702
0,2020-4-703
0,2020-4-704
0,2020-4-705
2,2020-4-706
1,2020-5-101
1,2020-5-102
1,2020-5-103
2,2020-5-104
2,2020-5-105
1,2020-5-106
2,2020-5-107
1,2020-5-108
1,2020-5-109
1,2020-5-110
1,2020-5-111
2,2020-5-112
1,2020-5-113
1,2020-5-114
1,2020-5-115
0,2020-5-116
0,2020-5-117
1,2020-5-118
2,2020-5-119
2,2020-5-120
1,2020-5-201
2,2020-5-202
1,2020-5-203
2,2020-5-204
1,2020-5-205
1,2020-5-206
1,2020-5-207
1,2020-5-208
2,2020-5-209
2,2020-5-210
2,2020-5-211
2,2020-5-212
2,2020-5-213
0,2020-5-214
0,2020-5-215
0,2020-5-216
1,2020-5-301
2,2020-5-302
1,2020-5-303
2,2020-5-304
2,2020-5-305
2,2020-5-306
1,2020-5-307
1,2020-5-308
1,2020-5-401
1,2020-5-402
1,2020-5-403
1,2020-5-404
1,2020-5-405
1,2020-5-406
1,2020-5-407
1,2020-5-408
1,2020-5-409
0,2020-5-410
2,2020-5-501
0,2020-5-502
0,2020-5-503
0,2020-5-504
2,2020-5-505
0,2020-5-506
0,2020-5-507
0,2020-5-508
0,2020-5-509
0,2020-5-510
2,2020-5-511
2,2020-5-601
2,2020-5-602
0,2020-5-603
2,2020-5-604
2,2020-5-605
2,2020-5-606
0,2020-5-607
2,2020-5-608
2,2020-5-609
2,2020-5-610
0,2020-5-611
0,2020-5-701
0,2020-5-702
0,2020-5-703
0,2020-5-704
0,2020-5-705
2,2020-5-706
1,2020-6-101
1,2020-6-102
1,2020-6-103
2,2020-6-104
2,2020-6-105
1,2020-6-106
2,2020-6-107
1,2020-6-108
1,2020-6-109
1,2020-6-110
1,2020-6-111
2,2020-6-112
1,2020-6-113
1,2020-6-114
1,2020-6-115
0,2020-6-116
0,2020-6-117
1,2020-6-118
2,2020-6-119
2,2020-6-120
1,2020-6-201
2,2020-6-202
1,2020-6-203
2,2020-6-204
1,2020-6-205
1,2020-6-206
1,2020-6-207
1,2020-6-208
2,2020-6-209
2,2020-6-210
2,2020-6-211
2,2020-6-212
2,2020-6-213
0,2020-6-214
0,2020-6-215
0,2020-6-216
1,2020-6-301
2,2020-6-302
1,2020-6-303
2,2020-6-304
2,2020-6-305
2,2020-6-306
1,2020-6-307
1,2020-6-308
1,2020-6-401
1,2020-6-402
1,2020-6-403
1,2020-6-404
1,2020-6-405
1,2020-6-406
1,2020-6-407
1,2020-6-408
1,2020-6-409
0,2020-6-410
2,2020-6-501
0,2020-6-502
0,2020-6-503
0,2020-6-504
2,2020-6-505
0,2020-6-506
0,2020-6-507
0,2020-6-508
0,2020-6-509
0,2020-6-510
2,2020-6-511
2,2020-6-601
2,2020-6-602
0,2020-6-603
2,2020-6-604
2,2020-6-605
2,2020-6-606
0,2020-6-607
2,2020-6-608
2,2020-6-609
2,2020-6-610
0,2020-6-611
0,2020-6-701
0,2020-6-702
0,2020-6-703
0,2020-6-704
0,2020-6-705
2,2020-6-706
1,2020-7-101
1,2020-7-102
1,2020-7-103
2,2020-7-104
2,2020-7-105
1,2020-7-106
2,2020-7-107
1,2020-7-108
1,2020-7-109
1,2020-7-110
1,2020-7-111
2,2020-7-112
1,2020-7-113
1,2020-7-114
1,2020-7-115
0,2020-7-116
0,2020-7-117
1,2020-7-118
2,2020-7-119
2,2020-7-120
1,2020-7-201
2,2020-7-202
1,2020-7-203
2,2020-7-204
1,2020-7-205
1,2020-7-206
1,2020-7-207
1,2020-7-208
2,2020-7-209
2,2020-7-210
2,2020-7-211
2,2020-7-212
2,2020-7-213
0,2020-7-214
0,2020-7-215
0,2020-7-216
1,2020-7-301
2,2020-7-302
1,2020-7-303
2,2020-7-304
2,2020-7-305
2,2020-7-306
1,2020-7-307
1,2020-7-308
1,2020-7-401
1,2020-7-402
1,2020-7-403
1,2020-7-404
1,2020-7-405
1,2020-7-406
1,2020-7-407
1,2020-7-408
1,2020-7-409
0,2020-7-410
2,2020-7-501
0,2020-7-502
0,2020-7-503
0,2020-7-504
2,2020-7-505
0,2020-7-506
0,2020-7-507
0,2020-7-508
0,2020-7-509
0,2020-7-510
2,2020-7-511
2,2020-7-601
2,2020-7-602
0,2020-7-603
2,2020-7-604
2,2020-7-605
2,2020-7-606
0,2020-7-607
2,2020-7-608
2,2020-7-609
2,2020-7-610
0,2020-7-611
0,2020-7-701
0,2020-7-702
0,2020-7-703
0,2020-7-704
0,2020-7-705
2,2020-7-706
1,2020-8-101
1,2020-8-102
1,2020-8-103
2,2020-8-104
2,2020-8-105
1,2020-8-106
2,2020-8-107
1,2020-8-108
1,2020-8-109
1,2020-8-110
1,2020-8-111
2,2020-8-112
1,2020-8-113
1,2020-8-114
1,2020-8-115
0,2020-8-116
0,2020-8-117
1,2020-8-118
2,2020-8-119
2,2020-8-120
1,2020-8-201
2,2020-8-202
1,2020-8-203
2,2020-8-204
1,2020-8-205
1,2020-8-206
1,2020-8-207
1,2020-8-208
2,2020-8-209
2,2020-8-210
2,2020-8-211
2,2020-8-212
2,2020-8-213
0,2020-8-214
0,2020-8-215
0,2020-8-216
1,2020-8-301
2,2020-8-302
1,2020-8-303
2,2020-8-304
2,2020-8-305
2,2020-8-306
1,2020-8-307
1,2020-8-308
1,2020-8-401
1,2020-8-402
1,2020-8-403
1,2020-8-404
1,2020-8-405
1,2020-8-406
1,2020-8-407
1,2020-8-408
1,2020-8-409
0,2020-8-410
2,2020-8-501
0,2020-8-502
0,2020-8-503
0,2020-8-504
2,2020-8-505
0,2020-8-506
0,2020-8-507
0,2020-8-508
0,2020-8-509
0,2020-8-510
2,2020-8-511
2,2020-8-601
2,2020-8-602
0,2020-8-603
2,2020-8-604
2,2020-8-605
2,2020-8-606
0,2020-8-607
2,2020-8-608
2,2020-8-609
2,2020-8-610
0,2020-8-611
0,2020-8-701
0,2020-8-702
0,2020-8-703
0,2020-8-704
0,2020-8-705
2,2020-8-706
1,2020-9-101
1,2020-9-102
1,2020-9-103
2,2020-9-104
2,2020-9-105
1,2020-9-106
2,2020-9-107
1,2020-9-108
1,2020-9-109
1,2020-9-110
1,2020-9-111
2,2020-9-112
1,2020-9-113
1,2020-9-114
1,2020-9-115
0,2020-9-116
0,2020-9-117
1,2020-9-118
2,2020-9-119
2,2020-9-120
1,2020-9-201
2,2020-9-202
1,2020-9-203
2,2020-9-204
1,2020-9-205
1,2020-9-206
1,2020-9-207
1,2020-9-208
2,2020-9-209
2,2020-9-210
2,2020-9-211
2,2020-9-212
2,2020-9-213
0,2020-9-214
0,2020-9-215
0,2020-9-216
1,2020-9-301
2,2020-9-302
1,2020-9-303
2,2020-9-304
2,2020-9-305
2,2020-9-306
1,2020-9-307
1,2020-9-308
1,2020-9-401
1,2020-9-402
1,2020-9-403
1,2020-9-404
1,2020-9-405
1,2020-9-406
1,2020-9-407
1,2020-9-408
1,2020-9-409
0,2020-9-410
2,2020-9-501
0,2020-9-502
0,2020-9-503
0,2020-9-504
2,2020-9-505
0,2020-9-506
0,2020-9-507
0,2020-9-508
0,2020-9-509
0,2020-9-510
2,2020-9-511
2,2020-9-601
2,2020-9-602
0,2020-9-603
2,2020-9-604
2,2020-9-605
2,2020-9-606
0,2020-9-607
2,2020-9-608
2,2020-9-609
2,2020-9-610
0,2020-9-611
0,2020-9-701
0,2020-9-702
0,2020-9-703
0,2020-9-704
0,2020-9-705
2,2020-9-706
1,2020-10-101
1,2020-10-102
1,2020-10-103
2,2020-10-104
2,2020-10-105
1,2020-10-106
2,2020-10-107
1,2020-10-108
1,2020-10-109
1,2020-10-110
1,2020-10-111
2,2020-10-112
1,2020-10-113
1,2020-10-114
1,2020-10-115
0,2020-10-116
0,2020-10-117
1,2020-10-118
2,2020-10-119
2,2020-10-120
1,2020-10-201
2,2020-10-202
1,2020-10-203
2,2020-10-204
1,2020-10-205
1,2020-10-206
1,2020-10-207
1,2020-10-208
2,2020-10-209
2,2020-10-210
2,2020-10-211
2,2020-10-212
2,2020-10-213
0,2020-10-214
0,2020-10-215
0,2020-10-216
1,2020-10-301
2,2020-10-302
1,2020-10-303
2,2020-10-304
2,2020-10-305
2,2020-10-306
1,2020-10-307
1,2020-10-308
1,2020-10-401
1,2020-10-402
1,2020-10-403
1,2020-10-404
1,2020-10-405
1,2020-10-406
1,2020-10-407
1,2020-10-408
1,2020-10-409
0,2020-10-410
2,2020-10-501
0,2020-10-502
0,2020-10-503
0,2020-10-504
2,2020-10-505
0,2020-10-506
0,2020-10-507
0,2020-10-508
0,2020-10-509
0,2020-10-510
2,2020-10-511
2,2020-10-601
2,2020-10-602
0,2020-10-603
2,2020-10-604
2,2020-10-605
2,2020-10-606
0,2020-10-607
2,2020-10-608
2,2020-10-609
2,2020-10-610
0,2020-10-611
0,2020-10-701
0,2020-10-702
0,2020-10-703
0,2020-10-704
0,2020-10-705
2,2020-10-706
1,2020-11-101
1,2020-11-102
1,2020-11-103
2,2020-11-104
2,2020-11-105
1,2020-11-106
2,2020-11-107
1,2020-11-108
1,2020-11-109
1,2020-11-110
1,2020-11-111
2,2020-11-112
1,2020-11-113
1,2020-11-114
1,2020-11-115
0,2020-11-116
0,2020-11-117
1,2020-11-118
2,2020-11-119
2,2020-11-120
1,2020-11-201
2,2020-11-202
1,2020-11-203
2,2020-11-204
1,2020-11-205
1,2020-11-206
1,2020-11-207
1,2020-11-208
2,2020-11-209
2,2020-11-210
2,2020-11-211
2,2020-11-212
2,2020-11-213
0,2020-11-214
0,2020-11-215
0,2020-11-216
1,2020-11-301
2,2020-11-302
1,2020-11-303
2,2020-11-304
2,2020-11-305
2,2020-11-306
1,2020-11-307
1,2020-11-308
1,2020-11-401
1,2020-11-402
1,2020-11-403
1,2020-11-404
1,2020-11-405
1,2020-11-406
1,2020-11-407
1,2020-11-408
1,2020-11-409
0,2020-11-410
2,2020-11-501
0,2020-11-502
0,2020-11-503
0,2020-11-504
2,2020-11-505
0,2020-11-506
0,2020-11-507
0,2020-11-508
0,2020-11-509
0,2020-11-510
2,2020-11-511
2,2020-11-601
2,2020-11-602
0,2020-11-603
2,2020-11-604
2,2020-11-605
2,2020-11-606
0,2020-11-607
2,2020-11-608
2,2020-11-609
2,2020-11-610
0,2020-11-611
0,2020-11-701
0,2020-11-702
0,2020-11-703
0,2020-11-704
0,2020-11-705
2,2020-11-706
1,2020-12-101
1,2020-12-102
1,2020-12-103
2,2020-12-104
2,2020-12-105
1,2020-12-106
2,2020-12-107
1,2020-12-108
1,2020-12-109
1,2020-12-110
1,2020-12-111
2,2020-12-112
1,2020-12-113
1,2020-12-114
1,2020-12-115
0,2020-12-116
0,2020-12-117
1,2020-12-118
2,2020-12-119
2,2020-12-120
1,2020-12-201
2,2020-12-202
1,2020-12-203
2,2020-12-204
1,2020-12-205
1,2020-12-206
1,2020-12-207
1,2020-12-208
2,2020-12-209
2,2020-12-210
2,2020-12-211
2,2020-12-212
2,2020-12-213
0,2020-12-214
0,2020-12-215
0,2020-12-216
1,2020-12-301
2,2020-12-302
1,2020-12-303
2,2020-12-304
2,2020-12-305
2,2020-12-306
1,2020-12-307
1,2020-12-308
1,2020-12-401
1,2020-12-402
1,2020-12-403
1,2020-12-404
1,2020-12-405
1,2020-12-406
1,2020-12-407
1,2020-12-408
1,2020-12-409
0,2020-12-410
2,2020-12-501
0,2020-12-502
0,2020-12-503
0,2020-12-504
2,2020-12-505
0,2020-12-506
0,2020-12-507
0,2020-12-508
0,2020-12-509
0,2020-12-510
2,2020-12-511
2,2020-12-601
2,2020-12-602
0,2020-12-603
2,2020-12-604
2,2020-12-605
2,2020-12-606
0,2020-12-607
2,2020-12-608
2,2020-12-609
2,2020-12-610
0,2020-12-611
0,2020-12-701
0,2020-12-702
0,2020-12-703
0,2020-12-704
0,2020-12-705
2,2020-12-706
1,2020-13-101
1,2020-13-102
1,2020-13-103
2,2020-13-104
2,2020-13-105
1,2020-13-106
2,2020-13-107
1,2020-13-108
1,2020-13-109
1,2020-13-110
1,2020-13-111
2,2020-13-112
1,2020-13-113
1,2020-13-114
1,2020-13-115
0,2020-13-116
0,2020-13-117
1,2020-13-118
2,2020-13-119
2,2020-13-120
1,2020-13-201
2,2020-13-202
1,2020-13-203
2,2020-13-204
1,2020-13-205
1,2020-13-206
1,2020-13-207
1,2020-13-208
2,2020-13-209
2,2020-13-210
2,2020-13-211
2,2020-13-212
2,2020-13-213
0,2020-13-214
0,2020-13-215
0,2020-13-216
1,2020-13-301
2,2020-13-302
1,2020-13-303
2,2020-13-304
2,2020-13-305
2,2020-13-306
1,2020-13-307
1,2020-13-308
1,2020-13-401
1,2020-13-402
1,2020-13-403
1,2020-13-404
1,2020-13-405
1,2020-13-406
1,2020-13-407
1,2020-13-408
1,2020-13-409
0,2020-13-410
2,2020-13-501
0,2020-13-502
0,2020-13-503
0,2020-13-504
2,2020-13-505
0,2020-13-506
0,2020-13-507
0,2020-13-508
0,2020-13-509
0,2020-13-510
2,2020-13-511
2,2020-13-601
2,2020-13-602
0,2020-13-603
2,2020-13-604
2,2020-13-605
2,2020-13-606
0,2020-13-607
2,2020-13-608
2,2020-13-609
2,2020-13-610
0,2020-13-611
0,2020-13-701
0,2020-13-702
0,2020-13-703
0,2020-13-704
0,2020-13-705
2,2020-13-706
1,2020-14-101
1,2020-14-102
1,2020-14-103
2,2020-14-104
2,2020-14-105
1,2020-14-106
2,2020-14-107
1,2020-14-108
1,2020-14-109
1,2020-14-110
1,2020-14-111
2,2020-14-112
1,2020-14-113
1,2020-14-114
1,2020-14-115
0,2020-14-116
0,2020-14-117
1,2020-14-118
2,2020-14-119
2,2020-14-120
1,2020-14-201
2,2020-14-202
1,2020-14-203
2,2020-14-204
1,2020-14-205
1,2020-14-206
1,2020-14-207
1,2020-14-208
2,2020-14-209
2,2020-14-210
2,2020-14-211
2,2020-14-212
2,2020-14-213
0,2020-14-214
0,2020-14-215
0,2020-14-216
1,2020-14-301
2,2020-14-302
1,2020-14-303
2,2020-14-304
2,2020-14-305
2,2020-14-306
1,2020-14-307
1,2020-14-308
1,2020-14-401
1,2020-14-402
1,2020-14-403
1,2020-14-404
1,2020-14-405
1,2020-14-406
1,2020-14-407
1,2020-14-408
1,2020-14-409
0,2020-14-410
2,2020-14-501
0,2020-14-502
0,2020-14-503
0,2020-14-504
2,2020-14-505
0,2020-14-506
0,2020-14-507
0,2020-14-508
0,2020-14-509
0,2020-14-510
2,2020-14-511
2,2020-14-601
2,2020-14-602
0,2020-14-603
2,2020-14-604
2,2020-14-605
2,2020-14-606
0,2020-14-607
2,2020-14-608
2,2020-14-609
2,2020-14-610
0,2020-14-611
0,2020-14-701
0,2020-14-702
0,2020-14-703
0,2020-14-704
0,2020-14-705
2,2020-14-706
1,2020-15-101
1,2020-15-102
1,2020-15-103
2,2020-15-104
2,2020-15-105
1,2020-15-106
2,2020-15-107
1,2020-15-108
1,2020-15-109
1,2020-15-110
1,2020-15-111
2,2020-15-112
1,2020-15-113
1,2020-15-114
1,2020-15-115
0,2020-15-116
0,2020-15-117
1,2020-15-118
2,2020-15-119
2,2020-15-120
1,2020-15-201
2,2020-15-202
1,2020-15-203
2,2020-15-204
1,2020-15-205
1,2020-15-206
1,2020-15-207
1,2020-15-208
2,2020-15-209
2,2020-15-210
2,2020-15-211
2,2020-15-212
2,2020-15-213
0,2020-15-214
0,2020-15-215
0,2020-15-216
1,2020-15-301
2,2020-15-302
1,2020-15-303
2,2020-15-304
2,2020-15-305
2,2020-15-306
1,2020-15-307
1,2020-15-308
1,2020-15-401
1,2020-15-402
1,2020-15-403
1,2020-15-404
1,2020-15-405
1,2020-15-406
1,2020-15-407
1,2020-15-408
1,2020-15-409
0,2020-15-410
2,2020-15-501
0,2020-15-502
0,2020-15-503
0,2020-15-504
2,2020-15-505
0,2020-15-506
0,2020-15-507
0,2020-15-508
0,2020-15-509
0,2020-15-510
2,2020-15-511
2,2020-15-601
2,2020-15-602
0,2020-15-603
2,2020-15-604
2,2020-15-605
2,2020-15-606
0,2020-15-607
2,2020-15-608
2,2020-15-609
2,2020-15-610
0,2020-15-611
0,2020-15-701
0,2020-15-702
0,2020-15-703
0,2020-15-704
0,2020-15-705
2,2020-15-706
1,2020-16-101
1,2020-16-102
1,2020-16-103
2,2020-16-104
2,2020-16-105
1,2020-16-106
2,2020-16-107
1,2020-16-108
1,2020-16-109
1,2020-16-110
1,2020-16-111
2,2020-16-112
1,2020-16-113
1,2020-16-114
1,2020-16-115
0,2020-16-116
0,2020-16-117
1,2020-16-118
2,2020-16-119
2,2020-16-120
1,2020-16-201
2,2020-16-202
1,2020-16-203
2,2020-16-204
1,2020-16-205
1,2020-16-206
1,2020-16-207
1,2020-16-208
2,2020-16-209
2,2020-16-210
2,2020-16-211
2,2020-16-212
2,2020-16-213
0,2020-16-214
0,2020-16-215
0,2020-16-216
1,2020-16-301
2,2020-16-302
1,2020-16-303
2,2020-16-304
2,2020-16-305
2,2020-16-306
1,2020-16-307
1,2020-16-308
1,2020-16-401
1,2020-16-402
1,2020-16-403
1,2020-16-404
1,2020-16-405
1,2020-16-406
1,2020-16-407
1,2020-16-408
1,2020-16-409
0,2020-16-410
2,2020-16-501
0,2020-16-502
0,2020-16-503
0,2020-16-504
2,2020-16-505
0,2020-16-506
0,2020-16-507
0,2020-16-508
0,2020-16-509
0,2020-16-510
2,2020-16-511
2,2020-16-601
2,2020-16-602
0,2020-16-603
2,2020-16-604
2,2020-16-605
2,2020-16-606
0,2020-16-607
2,2020-16-608
2,2020-16-609
2,2020-16-610
0,2020-16-611
0,2020-16-701
0,2020-16-702
0,2020-16-703
0,2020-16-704
0,2020-16-705
2,2020-16-706
1,2020-17-101
1,2020-17-102
1,2020-17-103
2,2020-17-104
2,2020-17-105
1,2020-17-106
2,2020-17-107
1,2020-17-108
1,2020-17-109
1,2020-17-110
1,2020-17-111
2,2020-17-112
1,2020-17-113
1,2020-17-114
1,2020-17-115
0,2020-17-116
0,2020-17-117
1,2020-17-118
2,2020-17-119
2,2020-17-120
1,2020-17-201
2,2020-17-202
1,2020-17-203
2,2020-17-204
1,2020-17-205
1,2020-17-206
1,2020-17-207
1,2020-17-208
2,2020-17-209
2,2020-17-210
2,2020-17-211
2,2020-17-212
2,2020-17-213
0,2020-17-214
0,2020-17-215
0,2020-17-216
1,2020-17-301
2,2020-17-302
1,2020-17-303
2,2020-17-304
2,2020-17-305
2,2020-17-306
1,2020-17-307
1,2020-17-308
1,2020-17-401
1,2020-17-402
1,2020-17-403
1,2020-17-404
1,2020-17-405
1,2020-17-406
1,2020-17-407
1,2020-17-408
1,2020-17-409
0,2020-17-410
2,2020-17-501
0,2020-17-502
0,2020-17-503
0,2020-17-504
2,2020-17-505
0,2020-17-506
0,2020-17-507
0,2020-17-508
0,2020-17-509
0,2020-17-510
2,2020-17-511
2,2020-17-601
2,2020-17-602
0,2020-17-603
2,2020-17-604
2,2020-17-605
2,2020-17-606
0,2020-17-607
2,2020-17-608
2,2020-17-609
2,2020-17-610
0,2020-17-611
0,2020-17-701
0,2020-17-702
0,2020-17-703
0,2020-17-704
0,2020-17-705
2,2020-17-706
1,2020-18-101
1,2020-18-102
1,2020-18-103
2,2020-18-104
2,2020-18-105
1,2020-18-106
2,2020-18-107
1,2020-18-108
1,2020-18-109
1,2020-18-110
1,2020-18-111
2,2020-18-112
1,2020-18-113
1,2020-18-114
1,2020-18-115
0,2020-18-116
0,2020-18-117
1,2020-18-118
2,2020-18-119
2,2020-18-120
1,2020-18-201
2,2020-18-202
1,2020-18-203
2,2020-18-204
1,2020-18-205
1,2020-18-206
1,2020-18-207
1,2020-18-208
2,2020-18-209
2,2020-18-210
2,2020-18-211
2,2020-18-212
2,2020-18-213
0,2020-18-214
0,2020-18-215
0,2020-18-216
1,2020-18-301
2,2020-18-302
1,2020-18-303
2,2020-18-304
2,2020-18-305
2,2020-18-306
1,2020-18-307
1,2020-18-308
1,2020-18-401
1,2020-18-402
1,2020-18-403
1,2020-18-404
1,2020-18-405
1,2020-18-406
1,2020-18-407
1,2020-18-408
1,2020-18-409
0,2020-18-410
2,2020-18-501
0,2020-18-502
0,2020-18-503
0,2020-18-504
2,2020-18-505
0,2020-18-506
0,2020-18-507
0,2020-18-508
0,2020-18-509
0,2020-18-510
2,2020-18-511
2,2020-18-601
2,2020-18-602
0,2020-18-603
2,2020-18-604
2,2020-18-605
2,2020-18-606
0,2020-18-607
2,2020-18-608
2,2020-18-609
2,2020-18-610
0,2020-18-611
0,2020-18-701
0,2020-18-702
0,2020-18-703
0,2020-18-704
0,2020-18-705
2,2020-18-706
1,2020-19-101
1,2020-19-102
1,2020-19-103
2,2020-19-104
2,2020-19-105
1,2020-19-106
2,2020-19-107
1,2020-19-108
1,2020-19-109
1,2020-19-110
1,2020-19-111
2,2020-19-112
1,2020-19-113
1,2020-19-114
1,2020-19-115
0,2020-19-116
0,2020-19-117
1,2020-19-118
2,2020-19-119
2,2020-19-120
1,2020-19-201
2,2020-19-202
1,2020-19-203
2,2020-19-204
1,2020-19-205
1,2020-19-206
1,2020-19-207
1,2020-19-208
2,2020-19-209
2,2020-19-210
2,2020-19-211
2,2020-19-212
2,2020-19-213
0,2020-19-214
0,2020-19-215
0,2020-19-216
1,2020-19-301
2,2020-19-302
1,2020-19-303
2,2020-19-304
2,2020-19-305
2,2020-19-306
1,2020-19-307
1,2020-19-308
1,2020-19-401
1,2020-19-402
1,2020-19-403
1,2020-19-404
1,2020-19-405
1,2020-19-406
1,2020-19-407
1,2020-19-408
1,2020-19-409
0,2020-19-410
2,2020-19-501
0,2020-19-502
0,2020-19-503
0,2020-19-504
2,2020-19-505
0,2020-19-506
0,2020-19-507
0,2020-19-508
0,2020-19-509
0,2020-19-510
2,2020-19-511
2,2020-19-601
2,2020-19-602
0,2020-19-603
2,2020-19-604
2,2020-19-605
2,2020-19-606
0,2020-19-607
2,2020-19-608
2,2020-19-609
2,2020-19-610
0,2020-19-611
0,2020-19-701
0,2020-19-702
0,2020-19-703
0,2020-19-704
0,2020-19-705
2,2020-19-706
1,2020-20-101
1,2020-20-102
1,2020-20-103
2,2020-20-104
2,2020-20-105
1,2020-20-106
2,2020-20-107
1,2020-20-108
1,2020-20-109
1,2020-20-110
1,2020-20-111
2,2020-20-112
1,2020-20-113
1,2020-20-114
1,2020-20-115
0,2020-20-116
0,2020-20-117
1,2020-20-118
2,2020-20-119
2,2020-20-120
1,2020-20-201
2,2020-20-202
1,2020-20-203
2,2020-20-204
1,2020-20-205
1,2020-20-206
1,2020-20-207
1,2020-20-208
2,2020-20-209
2,2020-20-210
2,2020-20-211
2,2020-20-212
2,2020-20-213
0,2020-20-214
0,2020-20-215
0,2020-20-216
1,2020-20-301
2,2020-20-302
1,2020-20-303
2,2020-20-304
2,2020-20-305
2,2020-20-306
1,2020-20-307
1,2020-20-308
1,2020-20-401
1,2020-20-402
1,2020-20-403
1,2020-20-404
1,2020-20-405
1,2020-20-406
1,2020-20-407
1,2020-20-408
1,2020-20-409
0,2020-20-410
2,2020-20-501
0,2020-20-502
0,2020-20-503
0,2020-20-504
2,2020-20-505
0,2020-20-506
0,2020-20-507
0,2020-20-508
0,2020-20-509
0,2020-20-510
2,2020-20-511
2,2020-20-601
2,2020-20-602
0,2020-20-603
2,2020-20-604
2,2020-20-605
2,2020-20-606
0,2020-20-607
2,2020-20-608
2,2020-20-609
2,2020-20-610
0,2020-20-611
0,2020-20-701
0,2020-20-702
0,2020-20-703
0,2020-20-704
0,2020-20-705
2,2020-20-706
1,2020-21-101
1,2020-21-102
1,2020-21-103
2,2020-21-104
2,2020-21-105
1,2020-21-106
2,2020-21-107
1,2020-21-108
1,2020-21-109
1,2020-21-110
1,2020-21-111
2,2020-21-112
1,2020-21-113
1,2020-21-114
1,2020-21-115
0,2020-21-116
0,2020-21-117
1,2020-21-118
2,2020-21-119
2,2020-21-120
1,2020-21-201
2,2020-21-202
1,2020-21-203
2,2020-21-204
1,2020-21-205
1,2020-21-206
1,2020-21-207
1,2020-21-208
2,2020-21-209
2,2020-21-210
2,2020-21-211
2,2020-21-212
2,2020-21-213
0,2020-21-214
0,2020-21-215
0,2020-21-216
1,2020-21-301
2,2020-21-302
1,2020-21-303
2,2020-21-304
2,2020-21-305
2,2020-21-306
1,2020-21-307
1,2020-21-308
1,2020-21-401
1,2020-21-402
1,2020-21-403
1,2020-21-404
1,2020-21-405
1,2020-21-406
1,2020-21-407
1,2020-21-408
1,2020-21-409
0,2020-21-410
2,2020-21-501
0,2020-21-502
0,2020-21-503
0,2020-21-504
2,2020-21-505
0,2020-21-506
0,2020-21-507
0,2020-21-508
0,2020-21-509
0,2020-21-510
2,2020-21-511
2,2020-21-601
2,2020-21-602
0,2020-21-603
2,2020-21-604
2,2020-21-605
2,2020-21-606
0,2020-21-607
2,2020-21-608
2,2020-21-609
2,2020-21-610
0,2020-21-611
0,2020-21-701
0,2020-21-702
0,2020-21-703
0,2020-21-704
0,2020-21-705
2,2020-21-706
1,2020-22-101
1,2020-22-102
1,2020-22-103
2,2020-22-104
2,2020-22-105
1,2020-22-106
2,2020-22-107
1,2020-22-108
1,2020-22-109
1,2020-22-110
1,2020-22-111
2,2020-22-112
1,2020-22-113
1,2020-22-114
1,2020-22-115
0,2020-22-116
0,2020-22-117
1,2020-22-118
2,2020-22-119
2,2020-22-120
1,2020-22-201
2,2020-22-202
1,2020-22-203
2,2020-22-204
1,2020-22-205
1,2020-22-206
1,2020-22-207
1,2020-22-208
2,2020-22-209
2,2020-22-210
2,2020-22-211
2,2020-22-212
2,2020-22-213
0,2020-22-214
0,2020-22-215
0,2020-22-216
1,2020-22-301
2,2020-22-302
1,2020-22-303
2,2020-22-304
2,2020-22-305
2,2020-22-306
1,2020-22-307
1,2020-22-308
1,2020-22-401
1,2020-22-402
1,2020-22-403
1,2020-22-404
1,2020-22-405
1,2020-22-406
1,2020-22-407
1,2020-22-408
1,2020-22-409
0,2020-22-410
2,2020-22-501
0,2020-22-502
0,2020-22-503
0,2020-22-504
2,2020-22-505
0,2020-22-506
0,2020-22-507
0,2020-22-508
0,2020-22-509
0,2020-22-510
2,2020-22-511
2,2020-22-601
2,2020-22-602
0,2020-22-603
2,2020-22-604
2,2020-22-605
2,2020-22-606
0,2020-22-607
2,2020-22-608
2,2020-22-609
2,2020-22-610
0,2020-22-611
0,2020-22-701
0,2020-22-702
0,2020-22-703
0,2020-22-704
0,2020-22-705
2,2020-22-706
1,2020-23-101
1,2020-23-102
1,2020-23-103
2,2020-23-104
2,2020-23-105
1,2020-23-106
2,2020-23-107
1,2020-23-108
1,2020-23-109
1,2020-23-110
1,2020-23-111
2,2020-23-112
1,2020-23-113
1,2020-23-114
1,2020-23-115
0,2020-23-116
0,2020-23-117
1,2020-23-118
2,2020-23-119
2,2020-23-120
1,2020-23-201
2,2020-23-202
1,2020-23-203
2,2020-23-204
1,2020-23-205
1,2020-23-206
1,2020-23-207
1,2020-23-208
2,2020-23-209
2,2020-23-210
2,2020-23-211
2,2020-23-212
2,2020-23-213
0,2020-23-214
0,2020-23-215
0,2020-23-216
1,2020-23-301
2,2020-23-302
1,2020-23-303
2,2020-23-304
2,2020-23-305
2,2020-23-306
1,2020-23-307
1,2020-23-308
1,2020-23-401
1,2020-23-402
1,2020-23-403
1,2020-23-404
1,2020-23-405
1,2020-23-406
1,2020-23-407
1,2020-23-408
1,2020-23-409
0,2020-23-410
2,2020-23-501
0,2020-23-502
0,2020-23-503
0,2020-23-504
2,2020-23-505
0,2020-23-506
0,2020-23-507
0,2020-23-508
0,2020-23-509
0,2020-23-510
2,2020-23-511
2,2020-23-601
2,2020-23-602
0,2020-23-603
2,2020-23-604
2,2020-23-605
2,2020-23-606
0,2020-23-607
2,2020-23-608
2,2020-23-609
2,2020-23-610
0,2020-23-611
0,2020-23-701
0,2020-23-702
0,2020-23-703
0,2020-23-704
0,2020-23-705
2,2020-23-706
1,2020-24-101
1,2020-24-102
1,2020-24-103
2,2020-24-104
2,2020-24-105
1,2020-24-106
2,2020-24-107
1,2020-24-108
1,2020-24-109
1,2020-24-110
1,2020-24-111
2,2020-24-112
1,2020-24-113
1,2020-24-114
1,2020-24-115
0,2020-24-116
0,2020-24-117
1,2020-24-118
2,2020-24-119
2,2020-24-120
1,2020-24-201
2,2020-24-202
1,2020-24-203
2,2020-24-204
1,2020-24-205
1,2020-24-206
1,2020-24-207
1,2020-24-208
2,2020-24-209
2,2020-24-210
2,2020-24-211
2,2020-24-212
2,2020-24-213
0,2020-24-214
0,2020-24-215
0,2020-24-216
1,2020-24-301
2,2020-24-302
1,2020-24-303
2,2020-24-304
2,2020-24-305
2,2020-24-306
1,2020-24-307
1,2020-24-308
1,2020-24-401
1,2020-24-402
1,2020-24-403
1,2020-24-404
1,2020-24-405
1,2020-24-406
1,2020-24-407
1,2020-24-408
1,2020-24-409
0,2020-24-410
2,2020-24-501
0,2020-24-502
0,2020-24-503
0,2020-24-504
2,2020-24-505
0,2020-24-506
0,2020-24-507
0,2020-24-508
0,2020-24-509
0,2020-24-510
2,2020-24-511
2,2020-24-601
2,2020-24-602
0,2020-24-603
2,2020-24-604
2,2020-24-605
2,2020-24-606
0,2020-24-607
2,2020-24-608
2,2020-24-609
2,2020-24-610
0,2020-24-611
0,2020-24-701
0,2020-24-702
0,2020-24-703
0,2020-24-704
0,2020-24-705
2,2020-24-706
1,2020-25-101
1,2020-25-102
1,2020-25-103
2,2020-25-104
2,2020-25-105
1,2020-25-106
2,2020-25-107
1,2020-25-108
1,2020-25-109
1,2020-25-110
1,2020-25-111
2,2020-25-112
1,2020-25-113
1,2020-25-114
1,2020-25-115
0,2020-25-116
0,2020-25-117
1,2020-25-118
2,2020-25-119
2,2020-25-120
1,2020-25-201
2,2020-25-202
1,2020-25-203
2,2020-25-204
1,2020-25-205
1,2020-25-206
1,2020-25-207
1,2020-25-208
2,2020-25-209
2,2020-25-210
2,2020-25-211
2,2020-25-212
2,2020-25-213
0,2020-25-214
0,2020-25-215
0,2020-25-216
1,2020-25-301
2,2020-25-302
1,2020-25-303
2,2020-25-304
2,2020-25-305
2,2020-25-306
1,2020-25-307
1,2020-25-308
1,2020-25-401
1,2020-25-402
1,2020-25-403
1,2020-25-404
1,2020-25-405
1,2020-25-406
1,2020-25-407
1,2020-25-408
1,2020-25-409
0,2020-25-410
2,2020-25-501
0,2020-25-502
0,2020-25-503
0,2020-25-504
2,2020-25-505
0,2020-25-506
0,2020-25-507
0,2020-25-508
0,2020-25-509
0,2020-25-510
2,2020-25-511
2,2020-25-601
2,2020-25-602
0,2020-25-603
2,2020-25-604
2,2020-25-605
2,2020-25-606
0,2020-25-607
2,2020-25-608
2,2020-25-609
2,2020-25-610
0,2020-25-611
0,2020-25-701
0,2020-25-702
0,2020-25-703
0,2020-25-704
0,2020-25-705
2,2020-25-706
1,2020-26-101
1,2020-26-102
1,2020-26-103
2,2020-26-104
2,2020-26-105
1,2020-26-106
2,2020-26-107
1,2020-26-108
1,2020-26-109
1,2020-26-110
1,2020-26-111
2,2020-26-112
1,2020-26-113
1,2020-26-114
1,2020-26-115
0,2020-26-116
0,2020-26-117
1,2020-26-118
2,2020-26-119
2,2020-26-120
1,2020-26-201
2,2020-26-202
1,2020-26-203
2,2020-26-204
1,2020-26-205
1,2020-26-206
1,2020-26-207
1,2020-26-208
2,2020-26-209
2,2020-26-210
2,2020-26-211
2,2020-26-212
2,2020-26-213
0,2020-26-214
0,2020-26-215
0,2020-26-216
1,2020-26-301
2,2020-26-302
1,2020-26-303
2,2020-26-304
2,2020-26-305
2,2020-26-306
1,2020-26-307
1,2020-26-308
1,2020-26-401
1,2020-26-402
1,2020-26-403
1,2020-26-404
1,2020-26-405
1,2020-26-406
1,2020-26-407
1,2020-26-408
1,2020-26-409
0,2020-26-410
2,2020-26-501
0,2020-26-502
0,2020-26-503
0,2020-26-504
2,2020-26-505
0,2020-26-506
0,2020-26-507
0,2020-26-508
0,2020-26-509
0,2020-26-510
2,2020-26-511
2,2020-26-601
2,2020-26-602
0,2020-26-603
2,2020-26-604
2,2020-26-605
2,2020-26-606
0,2020-26-607
2,2020-26-608
2,2020-26-609
2,2020-26-610
0,2020-26-611
0,2020-26-701
0,2020-26-702
0,2020-26-703
0,2020-26-704
0,2020-26-705
2,2020-26-706
1,2020-27-101
1,2020-27-102
1,2020-27-103
2,2020-27-104
2,2020-27-105
1,2020-27-106
2,2020-27-107
1,2020-27-108
1,2020-27-109
1,2020-27-110
1,2020-27-111
2,2020-27-112
1,2020-27-113
1,2020-27-114
1,2020-27-115
0,2020-27-116
0,2020-27-117
1,2020-27-118
2,2020-27-119
2,2020-27-120
1,2020-27-201
2,2020-27-202
1,2020-27-203
2,2020-27-204
1,2020-27-205
1,2020-27-206
1,2020-27-207
1,2020-27-208
2,2020-27-209
2,2020-27-210
2,2020-27-211
2,2020-27-212
2,2020-27-213
0,2020-27-214
0,2020-27-215
0,2020-27-216
1,2020-27-301
2,2020-27-302
1,2020-27-303
2,2020-27-304
2,2020-27-305
2,2020-27-306
1,2020-27-307
1,2020-27-308
1,2020-27-401
1,2020-27-402
1,2020-27-403
1,2020-27-404
1,2020-27-405
1,2020-27-406
1,2020-27-407
1,2020-27-408
1,2020-27-409
0,2020-27-410
2,2020-27-501
0,2020-27-502
0,2020-27-503
0,2020-27-504
2,2020-27-505
0,2020-27-506
0,2020-27-507
0,2020-27-508
0,2020-27-509
0,2020-27-510
2,2020-27-511
2,2020-27-601
2,2020-27-602
0,2020-27-603
2,2020-27-604
2,2020-27-605
2,2020-27-606
0,2020-27-607
2,2020-27-608
2,2020-27-609
2,2020-27-610
0,2020-27-611
0,2020-27-701
0,2020-27-702
0,2020-27-703
0,2020-27-704
0,2020-27-705
2,2020-27-706
1,2020-28-101
1,2020-28-102
1,2020-28-103
2,2020-28-104
2,2020-28-105
1,2020-28-106
2,2020-28-107
1,2020-28-108
1,2020-28-109
1,2020-28-110
1,2020-28-111
2,2020-28-112
1,2020-28-113
1,2020-28-114
1,2020-28-115
0,2020-28-116
0,2020-28-117
1,2020-28-118
2,2020-28-119
2,2020-28-120
1,2020-28-201
2,2020-28-202
1,2020-28-203
2,2020-28-204
1,2020-28-205
1,2020-28-206
1,2020-28-207
1,2020-28-208
2,2020-28-209
2,2020-28-210
2,2020-28-211
2,2020-28-212
2,2020-28-213
0,2020-28-214
0,2020-28-215
0,2020-28-216
1,2020-28-301
2,2020-28-302
1,2020-28-303
2,2020-28-304
2,2020-28-305
2,2020-28-306
1,2020-28-307
1,2020-28-308
1,2020-28-401
1,2020-28-402
1,2020-28-403
1,2020-28-404
1,2020-28-405
1,2020-28-406
1,2020-28-407
1,2020-28-408
1,2020-28-409
0,2020-28-410
2,2020-28-501
0,2020-28-502
0,2020-28-503
0,2020-28-504
2,2020-28-505
0,2020-28-506
0,2020-28-507
0,2020-28-508
0,2020-28-509
0,2020-28-510
2,2020-28-511
2,2020-28-601
2,2020-28-602
0,2020-28-603
2,2020-28-604
2,2020-28-605
2,2020-28-606
0,2020-28-607
2,2020-28-608
2,2020-28-609
2,2020-28-610
0,2020-28-611
0,2020-28-701
0,2020-28-702
0,2020-28-703
0,2020-28-704
0,2020-28-705
2,2020-28-706
1,2020-29-101
1,2020-29-102
1,2020-29-103
2,2020-29-104
2,2020-29-105
1,2020-29-106
2,2020-29-107
1,2020-29-108
1,2020-29-109
1,2020-29-110
1,2020-29-111
2,2020-29-112
1,2020-29-113
1,2020-29-114
1,2020-29-115
0,2020-29-116
0,2020-29-117
1,2020-29-118
2,2020-29-119
2,2020-29-120
1,2020-29-201
2,2020-29-202
1,2020-29-203
2,2020-29-204
1,2020-29-205
1,2020-29-206
1,2020-29-207
1,2020-29-208
2,2020-29-209
2,2020-29-210
2,2020-29-211
2,2020-29-212
2,2020-29-213
0,2020-29-214
0,2020-29-215
0,2020-29-216
1,2020-29-301
2,2020-29-302
1,2020-29-303
2,2020-29-304
2,2020-29-305
2,2020-29-306
1,2020-29-307
1,2020-29-308
1,2020-29-401
1,2020-29-402
1,2020-29-403
1,2020-29-404
1,2020-29-405
1,2020-29-406
1,2020-29-407
1,2020-29-408
1,2020-29-409
0,2020-29-410
2,2020-29-501
0,2020-29-502
0,2020-29-503
0,2020-29-504
2,2020-29-505
0,2020-29-506
0,2020-29-507
0,2020-29-508
0,2020-29-509
0,2020-29-510
2,2020-29-511
2,2020-29-601
2,2020-29-602
0,2020-29-603
2,2020-29-604
2,2020-29-605
2,2020-29-606
0,2020-29-607
2,2020-29-608
2,2020-29-609
2,2020-29-610
0,2020-29-611
0,2020-29-701
0,2020-29-702
0,2020-29-703
0,2020-29-704
0,2020-29-705
2,2020-29-706
1,2020-30-101
1,2020-30-102
1,2020-30-103
2,2020-30-104
2,2020-30-105
1,2020-30-106
2,2020-30-107
1,2020-30-108
1,2020-30-109
1,2020-30-110
1,2020-30-111
2,2020-30-112
1,2020-30-113
1,2020-30-114
1,2020-30-115
0,2020-30-116
0,2020-30-117
1,2020-30-118
2,2020-30-119
2,2020-30-120
1,2020-30-201
2,2020-30-202
1,2020-30-203
2,2020-30-204
1,2020-30-205
1,2020-30-206
1,2020-30-207
1,2020-30-208
2,2020-30-209
2,2020-30-210
2,2020-30-211
2,2020-30-212
2,2020-30-213
0,2020-30-214
0,2020-30-215
0,2020-30-216
1,2020-30-301
2,2020-30-302
1,2020-30-303
2,2020-30-304
2,2020-30-305
2,2020-30-306
1,2020-30-307
1,2020-30-308
1,2020-30-401
1,2020-30-402
1,2020-30-403
1,2020-30-404
1,2020-30-405
1,2020-30-406
1,2020-30-407
1,2020-30-408
1,2020-30-409
0,2020-30-410
2,2020-30-501
0,2020-30-502
0,2020-30-503
0,2020-30-504
2,2020-30-505
0,2020-30-506
0,2020-30-507
0,2020-30-508
0,2020-30-509
0,2020-30-510
2,2020-30-511
2,2020-30-601
2,2020-30-602
0,2020-30-603
2,2020-30-604
2,2020-30-605
2,2020-30-606
0,2020-30-607
2,2020-30-608
2,2020-30-609
2,2020-30-610
0,2020-30-611
0,2020-30-701
0,2020-30-702
0,2020-30-703
0,2020-30-704
0,2020-30-705
2,2020-30-706
1,2020-31-101
1,2020-31-102
1,2020-31-103
2,2020-31-104
2,2020-31-105
1,2020-31-106
2,2020-31-107
1,2020-31-108
1,2020-31-109
1,2020-31-110
1,2020-31-111
2,2020-31-112
1,2020-31-113
1,2020-31-114
1,2020-31-115
0,2020-31-116
0,2020-31-117
1,2020-31-118
2,2020-31-119
2,2020-31-120
1,2020-31-201
2,2020-31-202
1,2020-31-203
2,2020-31-204
1,2020-31-205
1,2020-31-206
1,2020-31-207
1,2020-31-208
2,2020-31-209
2,2020-31-210
2,2020-31-211
2,2020-31-212
2,2020-31-213
0,2020-31-214
0,2020-31-215
0,2020-31-216
1,2020-31-301
2,2020-31-302
1,2020-31-303
2,2020-31-304
2,2020-31-305
2,2020-31-306
1,2020-31-307
1,2020-31-308
1,2020-31-401
1,2020-31-402
1,2020-31-403
1,2020-31-404
1,2020-31-405
1,2020-31-406
1,2020-31-407
1,2020-31-408
1,2020-31-409
0,2020-31-410
2,2020-31-501
0,2020-31-502
0,2020-31-503
0,2020-31-504
2,2020-31-505
0,2020-31-506
0,2020-31-507
0,2020-31-508
0,2020-31-509
0,2020-31-510
2,2020-31-511
2,2020-31-601
2,2020-31-602
0,2020-31-603
2,2020-31-604
2,2020-31-605
2,2020-31-606
0,2020-31-607
2,2020-31-608
2,2020-31-609
2,2020-31-610
0,2020-31-611
0,2020-31-701
0,2020-31-702
0,2020-31-703
0,2020-31-704
0,2020-31-705
2,2020-31-706
1,2020-32-101
1,2020-32-102
1,2020-32-103
2,2020-32-104
2,2020-32-105
1,2020-32-106
2,2020-32-107
1,2020-32-108
1,2020-32-109
1,2020-32-110
1,2020-32-111
2,2020-32-112
1,2020-32-113
1,2020-32-114
1,2020-32-115
0,2020-32-116
0,2020-32-117
1,2020-32-118
2,2020-32-119
2,2020-32-120
1,2020-32-201
2,2020-32-202
1,2020-32-203
2,2020-32-204
1,2020-32-205
1,2020-32-206
1,2020-32-207
1,2020-32-208
2,2020-32-209
2,2020-32-210
2,2020-32-211
2,2020-32-212
2,2020-32-213
0,2020-32-214
0,2020-32-215
0,2020-32-216
1,2020-32-301
2,2020-32-302
1,2020-32-303
2,2020-32-304
2,2020-32-305
2,2020-32-306
1,2020-32-307
1,2020-32-308
1,2020-32-401
1,2020-32-402
1,2020-32-403
1,2020-32-404
1,2020-32-405
1,2020-32-406
1,2020-32-407
1,2020-32-408
1,2020-32-409
0,2020-32-410
2,2020-32-501
0,2020-32-502
0,2020-32-503
0,2020-32-504
2,2020-32-505
0,2020-32-506
0,2020-32-507
0,2020-32-508
0,2020-32-509
0,2020-32-510
2,2020-32-511
2,2020-32-601
2,2020-32-602
0,2020-32-603
2,2020-32-604
2,2020-32-605
2,2020-32-606
0,2020-32-607
2,2020-32-608
2,2020-32-609
2,2020-32-610
0,2020-32-611
0,2020-32-701
0,2020-32-702
0,2020-32-703
0,2020-32-704
0,2020-32-705
2,2020-32-706
1,2020-33-101
1,2020-33-102
1,2020-33-103
2,2020-33-104
2,2020-33-105
1,2020-33-106
2,2020-33-107
1,2020-33-108
1,2020-33-109
1,2020-33-110
1,2020-33-111
2,2020-33-112
1,2020-33-113
1,2020-33-114
1,2020-33-115
0,2020-33-116
0,2020-33-117
1,2020-33-118
2,2020-33-119
2,2020-33-120
1,2020-33-201
2,2020-33-202
1,2020-33-203
2,2020-33-204
1,2020-33-205
1,2020-33-206
1,2020-33-207
1,2020-33-208
2,2020-33-209
2,2020-33-210
2,2020-33-211
2,2020-33-212
2,2020-33-213
0,2020-33-214
0,2020-33-215
0,2020-33-216
1,2020-33-301
2,2020-33-302
1,2020-33-303
2,2020-33-304
2,2020-33-305
2,2020-33-306
1,2020-33-307
1,2020-33-308
1,2020-33-401
1,2020-33-402
1,2020-33-403
1,2020-33-404
1,2020-33-405
1,2020-33-406
1,2020-33-407
1,2020-33-408
1,2020-33-409
0,2020-33-410
2,2020-33-501
0,2020-33-502
0,2020-33-503
0,2020-33-504
2,2020-33-505
0,2020-33-506
0,2020-33-507
0,2020-33-508
0,2020-33-509
0,2020-33-510
2,2020-33-511
2,2020-33-601
2,2020-33-602
0,2020-33-603
2,2020-33-604
2,2020-33-605
2,2020-33-606
0,2020-33-607
2,2020-33-608
2,2020-33-609
2,2020-33-610
0,2020-33-611
0,2020-33-701
0,2020-33-702
0,2020-33-703
0,2020-33-704
0,2020-33-705
2,2020-33-706
1,2020-34-101
1,2020-34-102
1,2020-34-103
2,2020-34-104
2,2020-34-105
1,2020-34-106
2,2020-34-107
1,2020-34-108
1,2020-34-109
1,2020-34-110
1,2020-34-111
2,2020-34-112
1,2020-34-113
1,2020-34-114
1,2020-34-115
0,2020-34-116
0,2020-34-117
1,2020-34-118
2,2020-34-119
2,2020-34-120
1,2020-34-201
2,2020-34-202
1,2020-34-203
2,2020-34-204
1,2020-34-205
1,2020-34-206
1,2020-34-207
1,2020-34-208
2,2020-34-209
2,2020-34-210
2,2020-34-211
2,2020-34-212
2,2020-34-213
0,2020-34-214
0,2020-34-215
0,2020-34-216
1,2020-34-301
2,2020-34-302
1,2020-34-303
2,2020-34-304
2,2020-34-305
2,2020-34-306
1,2020-34-307
1,2020-34-308
1,2020-34-401
1,2020-34-402
1,2020-34-403
1,2020-34-404
1,2020-34-405
1,2020-34-406
1,2020-34-407
1,2020-34-408
1,2020-34-409
0,2020-34-410
2,2020-34-501
0,2020-34-502
0,2020-34-503
0,2020-34-504
2,2020-34-505
0,2020-34-506
0,2020-34-507
0,2020-34-508
0,2020-34-509
0,2020-34-510
2,2020-34-511
2,2020-34-601
2,2020-34-602
0,2020-34-603
2,2020-34-604
2,2020-34-605
2,2020-34-606
0,2020-34-607
2,2020-34-608
2,2020-34-609
2,2020-34-610
0,2020-34-611
0,2020-34-701
0,2020-34-702
0,2020-34-703
0,2020-34-704
0,2020-34-705
2,2020-34-706
1,2020-35-101
1,2020-35-102
1,2020-35-103
2,2020-35-104
2,2020-35-105
1,2020-35-106
2,2020-35-107
1,2020-35-108
1,2020-35-109
1,2020-35-110
1,2020-35-111
2,2020-35-112
1,2020-35-113
1,2020-35-114
1,2020-35-115
0,2020-35-116
0,2020-35-117
1,2020-35-118
2,2020-35-119
2,2020-35-120
1,2020-35-201
2,2020-35-202
1,2020-35-203
2,2020-35-204
1,2020-35-205
1,2020-35-206
1,2020-35-207
1,2020-35-208
2,2020-35-209
2,2020-35-210
2,2020-35-211
2,2020-35-212
2,2020-35-213
0,2020-35-214
0,2020-35-215
0,2020-35-216
1,2020-35-301
2,2020-35-302
1,2020-35-303
2,2020-35-304
2,2020-35-305
2,2020-35-306
1,2020-35-307
1,2020-35-308
1,2020-35-401
1,2020-35-402
1,2020-35-403
1,2020-35-404
1,2020-35-405
1,2020-35-406
1,2020-35-407
1,2020-35-408
1,2020-35-409
0,2020-35-410
2,2020-35-501
0,2020-35-502
0,2020-35-503
0,2020-35-504
2,2020-35-505
0,2020-35-506
0,2020-35-507
0,2020-35-508
0,2020-35-509
0,2020-35-510
2,2020-35-511
2,2020-35-601
2,2020-35-602
0,2020-35-603
2,2020-35-604
2,2020-35-605
2,2020-35-606
0,2020-35-607
2,2020-35-608
2,2020-35-609
2,2020-35-610
0,2020-35-611
0,2020-35-701
0,2020-35-702
0,2020-35-703
0,2020-35-704
0,2020-35-705
2,2020-35-706
1,2020-36-101
1,2020-36-102
1,2020-36-103
2,2020-36-104
2,2020-36-105
1,2020-36-106
2,2020-36-107
1,2020-36-108
1,2020-36-109
1,2020-36-110
1,2020-36-111
2,2020-36-112
1,2020-36-113
1,2020-36-114
1,2020-36-115
0,2020-36-116
0,2020-36-117
1,2020-36-118
2,2020-36-119
2,2020-36-120
1,2020-36-201
2,2020-36-202
1,2020-36-203
2,2020-36-204
1,2020-36-205
1,2020-36-206
1,2020-36-207
1,2020-36-208
2,2020-36-209
2,2020-36-210
2,2020-36-211
2,2020-36-212
2,2020-36-213
0,2020-36-214
0,2020-36-215
0,2020-36-216
1,2020-36-301
2,2020-36-302
1,2020-36-303
2,2020-36-304
2,2020-36-305
2,2020-36-306
1,2020-36-307
1,2020-36-308
1,2020-36-401
1,2020-36-402
1,2020-36-403
1,2020-36-404
1,2020-36-405
1,2020-36-406
1,2020-36-407
1,2020-36-408
1,2020-36-409
0,2020-36-410
2,2020-36-501
0,2020-36-502
0,2020-36-503
0,2020-36-504
2,2020-36-505
0,2020-36-506
0,2020-36-507
0,2020-36-508
0,2020-36-509
0,2020-36-510
2,2020-36-511
2,2020-36-601
2,2020-36-602
0,2020-36-603
2,2020-36-604
2,2020-36-605
2,2020-36-606
0,2020-36-607
2,2020-36-608
2,2020-36-609
2,2020-36-610
0,2020-36-611
0,2020-36-701
0,2020-36-702
0,2020-36-703
0,2020-36-704
0,2020-36-705
2,2020-36-706
1,2020-37-101
1,2020-37-102
1,2020-37-103
2,2020-37-104
2,2020-37-105
1,2020-37-106
2,2020-37-107
1,2020-37-108
1,2020-37-109
1,2020-37-110
1,2020-37-111
2,2020-37-112
1,2020-37-113
1,2020-37-114
1,2020-37-115
0,2020-37-116
0,2020-37-117
1,2020-37-118
2,2020-37-119
2,2020-37-120
1,2020-37-201
2,2020-37-202
1,2020-37-203
2,2020-37-204
1,2020-37-205
1,2020-37-206
1,2020-37-207
1,2020-37-208
2,2020-37-209
2,2020-37-210
2,2020-37-211
2,2020-37-212
2,2020-37-213
0,2020-37-214
0,2020-37-215
0,2020-37-216
1,2020-37-301
2,2020-37-302
1,2020-37-303
2,2020-37-304
2,2020-37-305
2,2020-37-306
1,2020-37-307
1,2020-37-308
1,2020-37-401
1,2020-37-402
1,2020-37-403
1,2020-37-404
1,2020-37-405
1,2020-37-406
1,2020-37-407
1,2020-37-408
1,2020-37-409
0,2020-37-410
2,2020-37-501
0,2020-37-502
0,2020-37-503
0,2020-37-504
2,2020-37-505
0,2020-37-506
0,2020-37-507
0,2020-37-508
0,2020-37-509
0,2020-37-510
2,2020-37-511
2,2020-37-601
2,2020-37-602
0,2020-37-603
2,2020-37-604
2,2020-37-605
2,2020-37-606
0,2020-37-607
2,2020-37-608
2,2020-37-609
2,2020-37-610
0,2020-37-611
0,2020-37-701
0,2020-37-702
0,2020-37-703
0,2020-37-704
0,2020-37-705
2,2020-37-706
1,2020-38-101
1,2020-38-102
1,2020-38-103
2,2020-38-104
2,2020-38-105
1,2020-38-106
2,2020-38-107
1,2020-38-108
1,2020-38-109
1,2020-38-110
1,2020-38-111
2,2020-38-112
1,2020-38-113
1,2020-38-114
1,2020-38-115
0,2020-38-116
0,2020-38-117
1,2020-38-118
2,2020-38-119
2,2020-38-120
1,2020-38-201
2,2020-38-202
1,2020-38-203
2,2020-38-204
1,2020-38-205
1,2020-38-206
1,2020-38-207
1,2020-38-208
2,2020-38-209
2,2020-38-210
2,2020-38-211
2,2020-38-212
2,2020-38-213
0,2020-38-214
0,2020-38-215
0,2020-38-216
1,2020-38-301
2,2020-38-302
1,2020-38-303
2,2020-38-304
2,2020-38-305
2,2020-38-306
1,2020-38-307
1,2020-38-308
1,2020-38-401
1,2020-38-402
1,2020-38-403
1,2020-38-404
1,2020-38-405
1,2020-38-406
1,2020-38-407
1,2020-38-408
1,2020-38-409
0,2020-38-410
2,2020-38-501
0,2020-38-502
0,2020-38-503
0,2020-38-504
2,2020-38-505
0,2020-38-506
0,2020-38-507
0,2020-38-508
0,2020-38-509
0,2020-38-510
2,2020-38-511
2,2020-38-601
2,2020-38-602
0,2020-38-603
2,2020-38-604
2,2020-38-605
2,2020-38-606
0,2020-38-607
2,2020-38-608
2,2020-38-609
2,2020-38-610
0,2020-38-611
0,2020-38-701
0,2020-38-702
0,2020-38-703
0,2020-38-704
0,2020-38-705
2,2020-38-706
1,2020-39-101
1,2020-39-102
1,2020-39-103
2,2020-39-104
2,2020-39-105
1,2020-39-106
2,2020-39-107
1,2020-39-108
1,2020-39-109
1,2020-39-110
1,2020-39-111
2,2020-39-112
1,2020-39-113
1,2020-39-114
1,2020-39-115
0,2020-39-116
0,2020-39-117
1,2020-39-118
2,2020-39-119
2,2020-39-120
1,2020-39-201
2,2020-39-202
1,2020-39-203
2,2020-39-204
1,2020-39-205
1,2020-39-206
1,2020-39-207
1,2020-39-208
2,2020-39-209
2,2020-39-210
2,2020-39-211
2,2020-39-212
2,2020-39-213
0,2020-39-214
0,2020-39-215
0,2020-39-216
1,2020-39-301
2,2020-39-302
1,2020-39-303
2,2020-39-304
2,2020-39-305
2,2020-39-306
1,2020-39-307
1,2020-39-308
1,2020-39-401
1,2020-39-402
1,2020-39-403
1,2020-39-404
1,2020-39-405
1,2020-39-406
1,2020-39-407
1,2020-39-408
1,2020-39-409
0,2020-39-410
2,2020-39-501
0,2020-39-502
0,2020-39-503
0,2020-39-504
2,2020-39-505
0,2020-39-506
0,2020-39-507
0,2020-39-508
0,2020-39-509
0,2020-39-510
2,2020-39-511
2,2020-39-601
2,2020-39-602
0,2020-39-603
2,2020-39-604
2,2020-39-605
2,2020-39-606
0,2020-39-607
2,2020-39-608
2,2020-39-609
2,2020-39-610
0,2020-39-611
0,2020-39-701
0,2020-39-702
0,2020-39-703
0,2020-39-704
0,2020-39-705
2,2020-39-706
1,2020-40-101
1,2020-40-102
1,2020-40-103
2,2020-40-104
2,2020-40-105
1,2020-40-106
2,2020-40-107
1,2020-40-108
1,2020-40-109
1,2020-40-110
1,2020-40-111
2,2020-40-112
1,2020-40-113
1,2020-40-114
1,2020-40-115
0,2020-40-116
0,2020-40-117
1,2020-40-118
2,2020-40-119
2,2020-40-120
1,2020-40-201
2,2020-40-202
1,2020-40-203
2,2020-40-204
1,2020-40-205
1,2020-40-206
1,2020-40-207
1,2020-40-208
2,2020-40-209
2,2020-40-210
2,2020-40-211
2,2020-40-212
2,2020-40-213
0,2020-40-214
0,2020-40-215
0,2020-40-216
1,2020-40-301
2,2020-40-302
1,2020-40-303
2,2020-40-304
2,2020-40-305
2,2020-40-306
1,2020-40-307
1,2020-40-308
1,2020-40-401
1,2020-40-402
1,2020-40-403
1,2020-40-404
1,2020-40-405
1,2020-40-406
1,2020-40-407
1,2020-40-408
1,2020-40-409
0,2020-40-410
2,2020-40-501
0,2020-40-502
0,2020-40-503
0,2020-40-504
2,2020-40-505
0,2020-40-506
0,2020-40-507
0,2020-40-508
0,2020-40-509
0,2020-40-510
2,2020-40-511
2,2020-40-601
2,2020-40-602
0,2020-40-603
2,2020-40-604
2,2020-40-605
2,2020-40-606
0,2020-40-607
2,2020-40-608
2,2020-40-609
2,2020-40-610
0,2020-40-611
0,2020-40-701
0,2020-40-702
0,2020-40-703
0,2020-40-704
0,2020-40-705
2,2020-40-706
1,2020-41-101
1,2020-41-102
1,2020-41-103
2,2020-41-104
2,2020-41-105
1,2020-41-106
2,2020-41-107
1,2020-41-108
1,2020-41-109
1,2020-41-110
1,2020-41-111
2,2020-41-112
1,2020-41-113
1,2020-41-114
1,2020-41-115
0,2020-41-116
0,2020-41-117
1,2020-41-118
2,2020-41-119
2,2020-41-120
1,2020-41-201
2,2020-41-202
1,2020-41-203
2,2020-41-204
1,2020-41-205
1,2020-41-206
1,2020-41-207
1,2020-41-208
2,2020-41-209
2,2020-41-210
2,2020-41-211
2,2020-41-212
2,2020-41-213
0,2020-41-214
0,2020-41-215
0,2020-41-216
1,2020-41-301
2,2020-41-302
1,2020-41-303
2,2020-41-304
2,2020-41-305
2,2020-41-306
1,2020-41-307
1,2020-41-308
1,2020-41-401
1,2020-41-402
1,2020-41-403
1,2020-41-404
1,2020-41-405
1,2020-41-406
1,2020-41-407
1,2020-41-408
1,2020-41-409
0,2020-41-410
2,2020-41-501
0,2020-41-502
0,2020-41-503
0,2020-41-504
2,2020-41-505
0,2020-41-506
0,2020-41-507
0,2020-41-508
0,2020-41-509
0,2020-41-510
2,2020-41-511
2,2020-41-601
2,2020-41-602
0,2020-41-603
2,2020-41-604
2,2020-41-605
2,2020-41-606
0,2020-41-607
2,2020-41-608
2,2020-41-609
2,2020-41-610
0,2020-41-611
0,2020-41-701
0,2020-41-702
0,2020-41-703
0,2020-41-704
0,2020-41-705
2,2020-41-706
1,2020-42-101
1,2020-42-102
1,2020-42-103
2,2020-42-104
2,2020-42-105
1,2020-42-106
2,2020-42-107
1,2020-42-108
1,2020-42-109
1,2020-42-110
1,2020-42-111
2,2020-42-112
1,2020-42-113
1,2020-42-114
1,2020-42-115
0,2020-42-116
0,2020-42-117
1,2020-42-118
2,2020-42-119
2,2020-42-120
1,2020-42-201
2,2020-42-202
1,2020-42-203
2,2020-42-204
1,2020-42-205
1,2020-42-206
1,2020-42-207
1,2020-42-208
2,2020-42-209
2,2020-42-210
2,2020-42-211
2,2020-42-212
2,2020-42-213
0,2020-42-214
0,2020-42-215
0,2020-42-216
1,2020-42-301
2,2020-42-302
1,2020-42-303
2,2020-42-304
2,2020-42-305
2,2020-42-306
1,2020-42-307
1,2020-42-308
1,2020-42-401
1,2020-42-402
1,2020-42-403
1,2020-42-404
1,2020-42-405
1,2020-42-406
1,2020-42-407
1,2020-42-408
1,2020-42-409
0,2020-42-410
2,2020-42-501
0,2020-42-502
0,2020-42-503
0,2020-42-504
2,2020-42-505
0,2020-42-506
0,2020-42-507
0,2020-42-508
0,2020-42-509
0,2020-42-510
2,2020-42-511
2,2020-42-601
2,2020-42-602
0,2020-42-603
2,2020-42-604
2,2020-42-605
2,2020-42-606
0,2020-42-607
2,2020-42-608
2,2020-42-609
2,2020-42-610
0,2020-42-611
0,2020-42-701
0,2020-42-702
0,2020-42-703
0,2020-42-704
0,2020-42-705
2,2020-42-706
1,2020-43-101
1,2020-43-102
1,2020-43-103
2,2020-43-104
2,2020-43-105
1,2020-43-106
2,2020-43-107
1,2020-43-108
1,2020-43-109
1,2020-43-110
1,2020-43-111
2,2020-43-112
1,2020-43-113
1,2020-43-114
1,2020-43-115
0,2020-43-116
0,2020-43-117
1,2020-43-118
2,2020-43-119
2,2020-43-120
1,2020-43-201
2,2020-43-202
1,2020-43-203
2,2020-43-204
1,2020-43-205
1,2020-43-206
1,2020-43-207
1,2020-43-208
2,2020-43-209
2,2020-43-210
2,2020-43-211
2,2020-43-212
2,2020-43-213
0,2020-43-214
0,2020-43-215
0,2020-43-216
1,2020-43-301
2,2020-43-302
1,2020-43-303
2,2020-43-304
2,2020-43-305
2,2020-43-306
1,2020-43-307
1,2020-43-308
1,2020-43-401
1,2020-43-402
1,2020-43-403
1,2020-43-404
1,2020-43-405
1,2020-43-406
1,2020-43-407
1,2020-43-408
1,2020-43-409
0,2020-43-410
2,2020-43-501
0,2020-43-502
0,2020-43-503
0,2020-43-504
2,2020-43-505
0,2020-43-506
0,2020-43-507
0,2020-43-508
0,2020-43-509
0,2020-43-510
2,2020-43-511
2,2020-43-601
2,2020-43-602
0,2020-43-603
2,2020-43-604
2,2020-43-605
2,2020-43-606
0,2020-43-607
2,2020-43-608
2,2020-43-609
2,2020-43-610
0,2020-43-611
0,2020-43-701
0,2020-43-702
0,2020-43-703
0,2020-43-704
0,2020-43-705
2,2020-43-706
1,2020-44-101
1,2020-44-102
1,2020-44-103
2,2020-44-104
2,2020-44-105
1,2020-44-106
2,2020-44-107
1,2020-44-108
1,2020-44-109
1,2020-44-110
1,2020-44-111
2,2020-44-112
1,2020-44-113
1,2020-44-114
1,2020-44-115
0,2020-44-116
0,2020-44-117
1,2020-44-118
2,2020-44-119
2,2020-44-120
1,2020-44-201
2,2020-44-202
1,2020-44-203
2,2020-44-204
1,2020-44-205
1,2020-44-206
1,2020-44-207
1,2020-44-208
2,2020-44-209
2,2020-44-210
2,2020-44-211
2,2020-44-212
2,2020-44-213
0,2020-44-214
0,2020-44-215
0,2020-44-216
1,2020-44-301
2,2020-44-302
1,2020-44-303
2,2020-44-304
2,2020-44-305
2,2020-44-306
1,2020-44-307
1,2020-44-308
1,2020-44-401
1,2020-44-402
1,2020-44-403
1,2020-44-404
1,2020-44-405
1,2020-44-406
1,2020-44-407
1,2020-44-408
1,2020-44-409
0,2020-44-410
2,2020-44-501
0,2020-44-502
0,2020-44-503
0,2020-44-504
2,2020-44-505
0,2020-44-506
0,2020-44-507
0,2020-44-508
0,2020-44-509
0,2020-44-510
2,2020-44-511
2,2020-44-601
2,2020-44-602
0,2020-44-603
2,2020-44-604
2,2020-44-605
2,2020-44-606
0,2020-44-607
2,2020-44-608
2,2020-44-609
2,2020-44-610
0,2020-44-611
0,2020-44-701
0,2020-44-702
0,2020-44-703
0,2020-44-704
0,2020-44-705
2,2020-44-706
1,2020-45-101
1,2020-45-102
1,2020-45-103
2,2020-45-104
2,2020-45-105
1,2020-45-106
2,2020-45-107
1,2020-45-108
1,2020-45-109
1,2020-45-110
1,2020-45-111
2,2020-45-112
1,2020-45-113
1,2020-45-114
1,2020-45-115
0,2020-45-116
0,2020-45-117
1,2020-45-118
2,2020-45-119
2,2020-45-120
1,2020-45-201
2,2020-45-202
1,2020-45-203
2,2020-45-204
1,2020-45-205
1,2020-45-206
1,2020-45-207
1,2020-45-208
2,2020-45-209
2,2020-45-210
2,2020-45-211
2,2020-45-212
2,2020-45-213
0,2020-45-214
0,2020-45-215
0,2020-45-216
1,2020-45-301
2,2020-45-302
1,2020-45-303
2,2020-45-304
2,2020-45-305
2,2020-45-306
1,2020-45-307
1,2020-45-308
1,2020-45-401
1,2020-45-402
1,2020-45-403
1,2020-45-404
1,2020-45-405
1,2020-45-406
1,2020-45-407
1,2020-45-408
1,2020-45-409
0,2020-45-410
2,2020-45-501
0,2020-45-502
0,2020-45-503
0,2020-45-504
2,2020-45-505
0,2020-45-506
0,2020-45-507
0,2020-45-508
0,2020-45-509
0,2020-45-510
2,2020-45-511
2,2020-45-601
2,2020-45-602
0,2020-45-603
2,2020-45-604
2,2020-45-605
2,2020-45-606
0,2020-45-607
2,2020-45-608
2,2020-45-609
2,2020-45-610
0,2020-45-611
0,2020-45-701
0,2020-45-702
0,2020-45-703
0,2020-45-704
0,2020-45-705
2,2020-45-706
1,2020-46-101
1,2020-46-102
1,2020-46-103
2,2020-46-104
2,2020-46-105
1,2020-46-106
2,2020-46-107
1,2020-46-108
1,2020-46-109
1,2020-46-110
1,2020-46-111
2,2020-46-112
1,2020-46-113
1,2020-46-114
1,2020-46-115
0,2020-46-116
0,2020-46-117
1,2020-46-118
2,2020-46-119
2,2020-46-120
1,2020-46-201
2,2020-46-202
1,2020-46-203
2,2020-46-204
1,2020-46-205
1,2020-46-206
1,2020-46-207
1,2020-46-208
2,2020-46-209
2,2020-46-210
2,2020-46-211
2,2020-46-212
2,2020-46-213
0,2020-46-214
0,2020-46-215
0,2020-46-216
1,2020-46-301
2,2020-46-302
1,2020-46-303
2,2020-46-304
2,2020-46-305
2,2020-46-306
1,2020-46-307
1,2020-46-308
1,2020-46-401
1,2020-46-402
1,2020-46-403
1,2020-46-404
1,2020-46-405
1,2020-46-406
1,2020-46-407
1,2020-46-408
1,2020-46-409
0,2020-46-410
2,2020-46-501
0,2020-46-502
0,2020-46-503
0,2020-46-504
2,2020-46-505
0,2020-46-506
0,2020-46-507
0,2020-46-508
0,2020-46-509
0,2020-46-510
2,2020-46-511
2,2020-46-601
2,2020-46-602
0,2020-46-603
2,2020-46-604
2,2020-46-605
2,2020-46-606
0,2020-46-607
2,2020-46-608
2,2020-46-609
2,2020-46-610
0,2020-46-611
0,2020-46-701
0,2020-46-702
0,2020-46-703
0,2020-46-704
0,2020-46-705
2,2020-46-706
1,2020-47-101
1,2020-47-102
1,2020-47-103
2,2020-47-104
2,2020-47-105
1,2020-47-106
2,2020-47-107
1,2020-47-108
1,2020-47-109
1,2020-47-110
1,2020-47-111
2,2020-47-112
1,2020-47-113
1,2020-47-114
1,2020-47-115
0,2020-47-116
0,2020-47-117
1,2020-47-118
2,2020-47-119
2,2020-47-120
1,2020-47-201
2,2020-47-202
1,2020-47-203
2,2020-47-204
1,2020-47-205
1,2020-47-206
1,2020-47-207
1,2020-47-208
2,2020-47-209
2,2020-47-210
2,2020-47-211
2,2020-47-212
2,2020-47-213
0,2020-47-214
0,2020-47-215
0,2020-47-216
1,2020-47-301
2,2020-47-302
1,2020-47-303
2,2020-47-304
2,2020-47-305
2,2020-47-306
1,2020-47-307
1,2020-47-308
1,2020-47-401
1,2020-47-402
1,2020-47-403
1,2020-47-404
1,2020-47-405
1,2020-47-406
1,2020-47-407
1,2020-47-408
1,2020-47-409
0,2020-47-410
2,2020-47-501
0,2020-47-502
0,2020-47-503
0,2020-47-504
2,2020-47-505
0,2020-47-506
0,2020-47-507
0,2020-47-508
0,2020-47-509
0,2020-47-510
2,2020-47-511
2,2020-47-601
2,2020-47-602
0,2020-47-603
2,2020-47-604
2,2020-47-605
2,2020-47-606
0,2020-47-607
2,2020-47-608
2,2020-47-609
2,2020-47-610
0,2020-47-611
0,2020-47-701
0,2020-47-702
0,2020-47-703
0,2020-47-704
0,2020-47-705
2,2020-47-706
1,2020-48-101
1,2020-48-102
1,2020-48-103
2,2020-48-104
2,2020-48-105
1,2020-48-106
2,2020-48-107
1,2020-48-108
1,2020-48-109
1,2020-48-110
1,2020-48-111
2,2020-48-112
1,2020-48-113
1,2020-48-114
1,2020-48-115
0,2020-48-116
0,2020-48-117
1,2020-48-118
2,2020-48-119
2,2020-48-120
1,2020-48-201
2,2020-48-202
1,2020-48-203
2,2020-48-204
1,2020-48-205
1,2020-48-206
1,2020-48-207
1,2020-48-208
2,2020-48-209
2,2020-48-210
2,2020-48-211
2,2020-48-212
2,2020-48-213
0,2020-48-214
0,2020-48-215
0,2020-48-216
1,2020-48-301
2,2020-48-302
1,2020-48-303
2,2020-48-304
2,2020-48-305
2,2020-48-306
1,2020-48-307
1,2020-48-308
1,2020-48-401
1,2020-48-402
1,2020-48-403
1,2020-48-404
1,2020-48-405
1,2020-48-406
1,2020-48-407
1,2020-48-408
1,2020-48-409
0,2020-48-410
2,2020-48-501
0,2020-48-502
0,2020-48-503
0,2020-48-504
2,2020-48-505
0,2020-48-506
0,2020-48-507
0,2020-48-508
0,2020-48-509
0,2020-48-510
2,2020-48-511
2,2020-48-601
2,2020-48-602
0,2020-48-603
2,2020-48-604
2,2020-48-605
2,2020-48-606
0,2020-48-607
2,2020-48-608
2,2020-48-609
2,2020-48-610
0,2020-48-611
0,2020-48-701
0,2020-48-702
0,2020-48-703
0,2020-48-704
0,2020-48-705
2,2020-48-706
1,2020-49-101
1,2020-49-102
1,2020-49-103
2,2020-49-104
2,2020-49-105
1,2020-49-106
2,2020-49-107
1,2020-49-108
1,2020-49-109
1,2020-49-110
1,2020-49-111
2,2020-49-112
1,2020-49-113
1,2020-49-114
1,2020-49-115
0,2020-49-116
0,2020-49-117
1,2020-49-118
2,2020-49-119
2,2020-49-120
1,2020-49-201
2,2020-49-202
1,2020-49-203
2,2020-49-204
1,2020-49-205
1,2020-49-206
1,2020-49-207
1,2020-49-208
2,2020-49-209
2,2020-49-210
2,2020-49-211
2,2020-49-212
2,2020-49-213
0,2020-49-214
0,2020-49-215
0,2020-49-216
1,2020-49-301
2,2020-49-302
1,2020-49-303
2,2020-49-304
2,2020-49-305
2,2020-49-306
1,2020-49-307
1,2020-49-308
1,2020-49-401
1,2020-49-402
1,2020-49-403
1,2020-49-404
1,2020-49-405
1,2020-49-406
1,2020-49-407
1,2020-49-408
1,2020-49-409
0,2020-49-410
2,2020-49-501
0,2020-49-502
0,2020-49-503
0,2020-49-504
2,2020-49-505
0,2020-49-506
0,2020-49-507
0,2020-49-508
0,2020-49-509
0,2020-49-510
2,2020-49-511
2,2020-49-601
2,2020-49-602
0,2020-49-603
2,2020-49-604
2,2020-49-605
2,2020-49-606
0,2020-49-607
2,2020-49-608
2,2020-49-609
2,2020-49-610
0,2020-49-611
0,2020-49-701
0,2020-49-702
0,2020-49-703
0,2020-49-704
0,2020-49-705
2,2020-49-706
1,2020-50-101
1,2020-50-102
1,2020-50-103
2,2020-50-104
2,2020-50-105
1,2020-50-106
2,2020-50-107
1,2020-50-108
1,2020-50-109
1,2020-50-110
1,2020-50-111
2,2020-50-112
1,2020-50-113
1,2020-50-114
1,2020-50-115
0,2020-50-116
0,2020-50-117
1,2020-50-118
2,2020-50-119
2,2020-50-120
1,2020-50-201
2,2020-50-202
1,2020-50-203
2,2020-50-204
1,2020-50-205
1,2020-50-206
1,2020-50-207
1,2020-50-208
2,2020-50-209
2,2020-50-210
2,2020-50-211
2,2020-50-212
2,2020-50-213
0,2020-50-214
0,2020-50-215
0,2020-50-216
1,2020-50-301
2,2020-50-302
1,2020-50-303
2,2020-50-304
2,2020-50-305
2,2020-50-306
1,2020-50-307
1,2020-50-308
1,2020-50-401
1,2020-50-402
1,2020-50-403
1,2020-50-404
1,2020-50-405
1,2020-50-406
1,2020-50-407
1,2020-50-408
1,2020-50-409
0,2020-50-410
2,2020-50-501
0,2020-50-502
0,2020-50-503
0,2020-50-504
2,2020-50-505
0,2020-50-506
0,2020-50-507
0,2020-50-508
0,2020-50-509
0,2020-50-510
2,2020-50-511
2,2020-50-601
2,2020-50-602
0,2020-50-603
2,2020-50-604
2,2020-50-605
2,2020-50-606
0,2020-50-607
2,2020-50-608
2,2020-50-609
2,2020-50-610
0,2020-50-611
0,2020-50-701
0,2020-50-702
0,2020-50-703
0,2020-50-704
0,2020-50-705
2,2020-50-706
1,2020-51-101
1,2020-51-102
1,2020-51-103
2,2020-51-104
2,2020-51-105
1,2020-51-106
2,2020-51-107
1,2020-51-108
1,2020-51-109
1,2020-51-110
1,2020-51-111
2,2020-51-112
1,2020-51-113
1,2020-51-114
1,2020-51-115
0,2020-51-116
0,2020-51-117
1,2020-51-118
2,2020-51-119
2,2020-51-120
1,2020-51-201
2,2020-51-202
1,2020-51-203
2,2020-51-204
1,2020-51-205
1,2020-51-206
1,2020-51-207
1,2020-51-208
2,2020-51-209
2,2020-51-210
2,2020-51-211
2,2020-51-212
2,2020-51-213
0,2020-51-214
0,2020-51-215
0,2020-51-216
1,2020-51-301
2,2020-51-302
1,2020-51-303
2,2020-51-304
2,2020-51-305
2,2020-51-306
1,2020-51-307
1,2020-51-308
1,2020-51-401
1,2020-51-402
1,2020-51-403
1,2020-51-404
1,2020-51-405
1,2020-51-406
1,2020-51-407
1,2020-51-408
1,2020-51-409
0,2020-51-410
2,2020-51-501
0,2020-51-502
0,2020-51-503
0,2020-51-504
2,2020-51-505
0,2020-51-506
0,2020-51-507
0,2020-51-508
0,2020-51-509
0,2020-51-510
2,2020-51-511
2,2020-51-601
2,2020-51-602
0,2020-51-603
2,2020-51-604
2,2020-51-605
2,2020-51-606
0,2020-51-607
2,2020-51-608
2,2020-51-609
2,2020-51-610
0,2020-51-611
0,2020-51-701
0,2020-51-702
0,2020-51-703
0,2020-51-704
0,2020-51-705
2,2020-51-706
1,2020-52-101
1,2020-52-102
1,2020-52-103
2,2020-52-104
2,2020-52-105
1,2020-52-106
2,2020-52-107
1,2020-52-108
1,2020-52-109
1,2020-52-110
1,2020-52-111
2,2020-52-112
1,2020-52-113
1,2020-52-114
1,2020-52-115
0,2020-52-116
0,2020-52-117
1,2020-52-118
2,2020-52-119
2,2020-52-120
1,2020-52-201
2,2020-52-202
1,2020-52-203
2,2020-52-204
1,2020-52-205
1,2020-52-206
1,2020-52-207
1,2020-52-208
2,2020-52-209
2,2020-52-210
2,2020-52-211
2,2020-52-212
2,2020-52-213
0,2020-52-214
0,2020-52-215
0,2020-52-216
1,2020-52-301
2,2020-52-302
1,2020-52-303
2,2020-52-304
2,2020-52-305
2,2020-52-306
1,2020-52-307
1,2020-52-308
1,2020-52-401
1,2020-52-402
1,2020-52-403
1,2020-52-404
1,2020-52-405
1,2020-52-406
1,2020-52-407
1,2020-52-408
1,2020-52-409
0,2020-52-410
2,2020-52-501
0,2020-52-502
0,2020-52-503
0,2020-52-504
2,2020-52-505
0,2020-52-506
0,2020-52-507
0,2020-52-508
0,2020-52-509
0,2020-52-510
2,2020-52-511
2,2020-52-601
2,2020-52-602
0,2020-52-603
2,2020-52-604
2,2020-52-605
2,2020-52-606
0,2020-52-607
2,2020-52-608
2,2020-52-609
2,2020-52-610
0,2020-52-611
0,2020-52-701
0,2020-52-702
0,2020-52-703
0,2020-52-704
0,2020-52-705
2,2020-52-706
1,2020-53-101
1,2020-53-102
1,2020-53-103
2,2020-53-104
2,2020-53-105
1,2020-53-106
2,2020-53-107
1,2020-53-108
1,2020-53-109
1,2020-53-110
1,2020-53-111
2,2020-53-112
1,2020-53-113
1,2020-53-114
1,2020-53-115
0,2020-53-116
0,2020-53-117
1,2020-53-118
2,2020-53-119
2,2020-53-120
1,2020-53-201
2,2020-53-202
1,2020-53-203
2,2020-53-204
1,2020-53-205
1,2020-53-206
1,2020-53-207
1,2020-53-208
2,2020-53-209
2,2020-53-210
2,2020-53-211
2,2020-53-212
2,2020-53-213
0,2020-53-214
0,2020-53-215
0,2020-53-216
1,2020-53-301
2,2020-53-302
1,2020-53-303
2,2020-53-304
2,2020-53-305
2,2020-53-306
1,2020-53-307
1,2020-53-308
1,2020-53-401
1,2020-53-402
1,2020-53-403
1,2020-53-404
1,2020-53-405
1,2020-53-406
1,2020-53-407
1,2020-53-408
1,2020-53-409
0,2020-53-410
2,2020-53-501
0,2020-53-502
0,2020-53-503
0,2020-53-504
2,2020-53-505
0,2020-53-506
0,2020-53-507
0,2020-53-508
0,2020-53-509
0,2020-53-510
2,2020-53-511
2,2020-53-601
2,2020-53-602
0,2020-53-603
2,2020-53-604
2,2020-53-605
2,2020-53-606
0,2020-53-607
2,2020-53-608
2,2020-53-609
2,2020-53-610
0,2020-53-611
0,2020-53-701
0,2020-53-702
0,2020-53-703
0,2020-53-704
0,2020-53-705
2,2020-53-706
1,2021-1-101
1,2021-1-102
1,2021-1-103
2,2021-1-104
2,2021-1-105
1,2021-1-106
2,2021-1-107
1,2021-1-108
1,2021-1-109
1,2021-1-110
1,2021-1-111
2,2021-1-112
1,2021-1-113
1,2021-1-114
1,2021-1-115
0,2021-1-116
0,2021-1-117
1,2021-1-118
2,2021-1-119
2,2021-1-120
1,2021-1-201
2,2021-1-202
1,2021-1-203
2,2021-1-204
1,2021-1-205
1,2021-1-206
1,2021-1-207
1,2021-1-208
2,2021-1-209
2,2021-1-210
2,2021-1-211
2,2021-1-212
2,2021-1-213
0,2021-1-214
0,2021-1-215
0,2021-1-216
1,2021-1-301
2,2021-1-302
1,2021-1-303
2,2021-1-304
2,2021-1-305
2,2021-1-306
1,2021-1-307
1,2021-1-308
1,2021-1-401
1,2021-1-402
1,2021-1-403
1,2021-1-404
1,2021-1-405
1,2021-1-406
1,2021-1-407
1,2021-1-408
1,2021-1-409
0,2021-1-410
2,2021-1-501
0,2021-1-502
0,2021-1-503
0,2021-1-504
2,2021-1-505
0,2021-1-506
0,2021-1-507
0,2021-1-508
0,2021-1-509
0,2021-1-510
2,2021-1-511
2,2021-1-601
2,2021-1-602
0,2021-1-603
2,2021-1-604
2,2021-1-605
2,2021-1-606
0,2021-1-607
2,2021-1-608
2,2021-1-609
2,2021-1-610
0,2021-1-611
0,2021-1-701
0,2021-1-702
0,2021-1-703
0,2021-1-704
0,2021-1-705
2,2021-1-706
1,2021-2-101
1,2021-2-102
1,2021-2-103
2,2021-2-104
2,2021-2-105
1,2021-2-106
2,2021-2-107
1,2021-2-108
1,2021-2-109
1,2021-2-110
1,2021-2-111
2,2021-2-112
1,2021-2-113
1,2021-2-114
1,2021-2-115
0,2021-2-116
0,2021-2-117
1,2021-2-118
2,2021-2-119
2,2021-2-120
1,2021-2-201
2,2021-2-202
1,2021-2-203
2,2021-2-204
1,2021-2-205
1,2021-2-206
1,2021-2-207
1,2021-2-208
2,2021-2-209
2,2021-2-210
2,2021-2-211
2,2021-2-212
2,2021-2-213
0,2021-2-214
0,2021-2-215
0,2021-2-216
1,2021-2-301
2,2021-2-302
1,2021-2-303
2,2021-2-304
2,2021-2-305
2,2021-2-306
1,2021-2-307
1,2021-2-308
1,2021-2-401
1,2021-2-402
1,2021-2-403
1,2021-2-404
1,2021-2-405
1,2021-2-406
1,2021-2-407
1,2021-2-408
1,2021-2-409
0,2021-2-410
2,2021-2-501
0,2021-2-502
0,2021-2-503
0,2021-2-504
2,2021-2-505
0,2021-2-506
0,2021-2-507
0,2021-2-508
0,2021-2-509
0,2021-2-510
2,2021-2-511
2,2021-2-601
2,2021-2-602
0,2021-2-603
2,2021-2-604
2,2021-2-605
2,2021-2-606
0,2021-2-607
2,2021-2-608
2,2021-2-609
2,2021-2-610
0,2021-2-611
0,2021-2-701
0,2021-2-702
0,2021-2-703
0,2021-2-704
0,2021-2-705
2,2021-2-706
1,2021-3-101
1,2021-3-102
1,2021-3-103
2,2021-3-104
2,2021-3-105
1,2021-3-106
2,2021-3-107
1,2021-3-108
1,2021-3-109
1,2021-3-110
1,2021-3-111
2,2021-3-112
1,2021-3-113
1,2021-3-114
1,2021-3-115
0,2021-3-116
0,2021-3-117
1,2021-3-118
2,2021-3-119
2,2021-3-120
1,2021-3-201
2,2021-3-202
1,2021-3-203
2,2021-3-204
1,2021-3-205
1,2021-3-206
1,2021-3-207
1,2021-3-208
2,2021-3-209
2,2021-3-210
2,2021-3-211
2,2021-3-212
2,2021-3-213
0,2021-3-214
0,2021-3-215
0,2021-3-216
1,2021-3-301
2,2021-3-302
1,2021-3-303
2,2021-3-304
2,2021-3-305
2,2021-3-306
1,2021-3-307
1,2021-3-308
1,2021-3-401
1,2021-3-402
1,2021-3-403
1,2021-3-404
1,2021-3-405
1,2021-3-406
1,2021-3-407
1,2021-3-408
1,2021-3-409
0,2021-3-410
2,2021-3-501
0,2021-3-502
0,2021-3-503
0,2021-3-504
2,2021-3-505
0,2021-3-506
0,2021-3-507
0,2021-3-508
0,2021-3-509
0,2021-3-510
2,2021-3-511
2,2021-3-601
2,2021-3-602
0,2021-3-603
2,2021-3-604
2,2021-3-605
2,2021-3-606
0,2021-3-607
2,2021-3-608
2,2021-3-609
2,2021-3-610
0,2021-3-611
0,2021-3-701
0,2021-3-702
0,2021-3-703
0,2021-3-704
0,2021-3-705
2,2021-3-706
1,2021-4-101
1,2021-4-102
1,2021-4-103
2,2021-4-104
2,2021-4-105
1,2021-4-106
2,2021-4-107
1,2021-4-108
1,2021-4-109
1,2021-4-110
1,2021-4-111
2,2021-4-112
1,2021-4-113
1,2021-4-114
1,2021-4-115
0,2021-4-116
0,2021-4-117
1,2021-4-118
2,2021-4-119
2,2021-4-120
1,2021-4-201
2,2021-4-202
1,2021-4-203
2,2021-4-204
1,2021-4-205
1,2021-4-206
1,2021-4-207
1,2021-4-208
2,2021-4-209
2,2021-4-210
2,2021-4-211
2,2021-4-212
2,2021-4-213
0,2021-4-214
0,2021-4-215
0,2021-4-216
1,2021-4-301
2,2021-4-302
1,2021-4-303
2,2021-4-304
2,2021-4-305
2,2021-4-306
1,2021-4-307
1,2021-4-308
1,2021-4-401
1,2021-4-402
1,2021-4-403
1,2021-4-404
1,2021-4-405
1,2021-4-406
1,2021-4-407
1,2021-4-408
1,2021-4-409
0,2021-4-410
2,2021-4-501
0,2021-4-502
0,2021-4-503
0,2021-4-504
2,2021-4-505
0,2021-4-506
0,2021-4-507
0,2021-4-508
0,2021-4-509
0,2021-4-510
2,2021-4-511
2,2021-4-601
2,2021-4-602
0,2021-4-603
2,2021-4-604
2,2021-4-605
2,2021-4-606
0,2021-4-607
2,2021-4-608
2,2021-4-609
2,2021-4-610
0,2021-4-611
0,2021-4-701
0,2021-4-702
0,2021-4-703
0,2021-4-704
0,2021-4-705
2,2021-4-706
1,2021-5-101
1,2021-5-102
1,2021-5-103
2,2021-5-104
2,2021-5-105
1,2021-5-106
2,2021-5-107
1,2021-5-108
1,2021-5-109
1,2021-5-110
1,2021-5-111
2,2021-5-112
1,2021-5-113
1,2021-5-114
1,2021-5-115
0,2021-5-116
0,2021-5-117
1,2021-5-118
2,2021-5-119
2,2021-5-120
1,2021-5-201
2,2021-5-202
1,2021-5-203
2,2021-5-204
1,2021-5-205
1,2021-5-206
1,2021-5-207
1,2021-5-208
2,2021-5-209
2,2021-5-210
2,2021-5-211
2,2021-5-212
2,2021-5-213
0,2021-5-214
0,2021-5-215
0,2021-5-216
1,2021-5-301
2,2021-5-302
1,2021-5-303
2,2021-5-304
2,2021-5-305
2,2021-5-306
1,2021-5-307
1,2021-5-308
1,2021-5-401
1,2021-5-402
1,2021-5-403
1,2021-5-404
1,2021-5-405
1,2021-5-406
1,2021-5-407
1,2021-5-408
1,2021-5-409
0,2021-5-410
2,2021-5-501
0,2021-5-502
0,2021-5-503
0,2021-5-504
2,2021-5-505
0,2021-5-506
0,2021-5-507
0,2021-5-508
0,2021-5-509
0,2021-5-510
2,2021-5-511
2,2021-5-601
2,2021-5-602
0,2021-5-603
2,2021-5-604
2,2021-5-605
2,2021-5-606
0,2021-5-607
2,2021-5-608
2,2021-5-609
2,2021-5-610
0,2021-5-611
0,2021-5-701
0,2021-5-702
0,2021-5-703
0,2021-5-704
0,2021-5-705
2,2021-5-706
1,2021-6-101
1,2021-6-102
1,2021-6-103
2,2021-6-104
2,2021-6-105
1,2021-6-106
2,2021-6-107
1,2021-6-108
1,2021-6-109
1,2021-6-110
1,2021-6-111
2,2021-6-112
1,2021-6-113
1,2021-6-114
1,2021-6-115
0,2021-6-116
0,2021-6-117
1,2021-6-118
2,2021-6-119
2,2021-6-120
1,2021-6-201
2,2021-6-202
1,2021-6-203
2,2021-6-204
1,2021-6-205
1,2021-6-206
1,2021-6-207
1,2021-6-208
2,2021-6-209
2,2021-6-210
2,2021-6-211
2,2021-6-212
2,2021-6-213
0,2021-6-214
0,2021-6-215
0,2021-6-216
1,2021-6-301
2,2021-6-302
1,2021-6-303
2,2021-6-304
2,2021-6-305
2,2021-6-306
1,2021-6-307
1,2021-6-308
1,2021-6-401
1,2021-6-402
1,2021-6-403
1,2021-6-404
1,2021-6-405
1,2021-6-406
1,2021-6-407
1,2021-6-408
1,2021-6-409
0,2021-6-410
2,2021-6-501
0,2021-6-502
0,2021-6-503
0,2021-6-504
2,2021-6-505
0,2021-6-506
0,2021-6-507
0,2021-6-508
0,2021-6-509
0,2021-6-510
2,2021-6-511
2,2021-6-601
2,2021-6-602
0,2021-6-603
2,2021-6-604
2,2021-6-605
2,2021-6-606
0,2021-6-607
2,2021-6-608
2,2021-6-609
2,2021-6-610
0,2021-6-611
0,2021-6-701
0,2021-6-702
0,2021-6-703
0,2021-6-704
0,2021-6-705
2,2021-6-706
1,2021-7-101
1,2021-7-102
1,2021-7-103
2,2021-7-104
2,2021-7-105
1,2021-7-106
2,2021-7-107
1,2021-7-108
1,2021-7-109
1,2021-7-110
1,2021-7-111
2,2021-7-112
1,2021-7-113
1,2021-7-114
1,2021-7-115
0,2021-7-116
0,2021-7-117
1,2021-7-118
2,2021-7-119
2,2021-7-120
1,2021-7-201
2,2021-7-202
1,2021-7-203
2,2021-7-204
1,2021-7-205
1,2021-7-206
1,2021-7-207
1,2021-7-208
2,2021-7-209
2,2021-7-210
2,2021-7-211
2,2021-7-212
2,2021-7-213
0,2021-7-214
0,2021-7-215
0,2021-7-216
1,2021-7-301
2,2021-7-302
1,2021-7-303
2,2021-7-304
2,2021-7-305
2,2021-7-306
1,2021-7-307
1,2021-7-308
1,2021-7-401
1,2021-7-402
1,2021-7-403
1,2021-7-404
1,2021-7-405
1,2021-7-406
1,2021-7-407
1,2021-7-408
1,2021-7-409
0,2021-7-410
2,2021-7-501
0,2021-7-502
0,2021-7-503
0,2021-7-504
2,2021-7-505
0,2021-7-506
0,2021-7-507
0,2021-7-508
0,2021-7-509
0,2021-7-510
2,2021-7-511
2,2021-7-601
2,2021-7-602
0,2021-7-603
2,2021-7-604
2,2021-7-605
2,2021-7-606
0,2021-7-607
2,2021-7-608
2,2021-7-609
2,2021-7-610
0,2021-7-611
0,2021-7-701
0,2021-7-702
0,2021-7-703
0,2021-7-704
0,2021-7-705
2,2021-7-706
1,2021-8-101
1,2021-8-102
1,2021-8-103
2,2021-8-104
2,2021-8-105
1,2021-8-106
2,2021-8-107
1,2021-8-108
1,2021-8-109
1,2021-8-110
1,2021-8-111
2,2021-8-112
1,2021-8-113
1,2021-8-114
1,2021-8-115
0,2021-8-116
0,2021-8-117
1,2021-8-118
2,2021-8-119
2,2021-8-120
1,2021-8-201
2,2021-8-202
1,2021-8-203
2,2021-8-204
1,2021-8-205
1,2021-8-206
1,2021-8-207
1,2021-8-208
2,2021-8-209
2,2021-8-210
2,2021-8-211
2,2021-8-212
2,2021-8-213
0,2021-8-214
0,2021-8-215
0,2021-8-216
1,2021-8-301
2,2021-8-302
1,2021-8-303
2,2021-8-304
2,2021-8-305
2,2021-8-306
1,2021-8-307
1,2021-8-308
1,2021-8-401
1,2021-8-402
1,2021-8-403
1,2021-8-404
1,2021-8-405
1,2021-8-406
1,2021-8-407
1,2021-8-408
1,2021-8-409
0,2021-8-410
2,2021-8-501
0,2021-8-502
0,2021-8-503
0,2021-8-504
2,2021-8-505
0,2021-8-506
0,2021-8-507
0,2021-8-508
0,2021-8-509
0,2021-8-510
2,2021-8-511
2,2021-8-601
2,2021-8-602
0,2021-8-603
2,2021-8-604
2,2021-8-605
2,2021-8-606
0,2021-8-607
2,2021-8-608
2,2021-8-609
2,2021-8-610
0,2021-8-611
0,2021-8-701
0,2021-8-702
0,2021-8-703
0,2021-8-704
0,2021-8-705
2,2021-8-706
1,2021-9-101
1,2021-9-102
1,2021-9-103
2,2021-9-104
2,2021-9-105
1,2021-9-106
2,2021-9-107
1,2021-9-108
1,2021-9-109
1,2021-9-110
1,2021-9-111
2,2021-9-112
1,2021-9-113
1,2021-9-114
1,2021-9-115
0,2021-9-116
0,2021-9-117
1,2021-9-118
2,2021-9-119
2,2021-9-120
1,2021-9-201
2,2021-9-202
1,2021-9-203
2,2021-9-204
1,2021-9-205
1,2021-9-206
1,2021-9-207
1,2021-9-208
2,2021-9-209
2,2021-9-210
2,2021-9-211
2,2021-9-212
2,2021-9-213
0,2021-9-214
0,2021-9-215
0,2021-9-216
1,2021-9-301
2,2021-9-302
1,2021-9-303
2,2021-9-304
2,2021-9-305
2,2021-9-306
1,2021-9-307
1,2021-9-308
1,2021-9-401
1,2021-9-402
1,2021-9-403
1,2021-9-404
1,2021-9-405
1,2021-9-406
1,2021-9-407
1,2021-9-408
1,2021-9-409
0,2021-9-410
2,2021-9-501
0,2021-9-502
0,2021-9-503
0,2021-9-504
2,2021-9-505
0,2021-9-506
0,2021-9-507
0,2021-9-508
0,2021-9-509
0,2021-9-510
2,2021-9-511
2,2021-9-601
2,2021-9-602
0,2021-9-603
2,2021-9-604
2,2021-9-605
2,2021-9-606
0,2021-9-607
2,2021-9-608
2,2021-9-609
2,2021-9-610
0,2021-9-611
0,2021-9-701
0,2021-9-702
0,2021-9-703
0,2021-9-704
0,2021-9-705
2,2021-9-706
1,2021-10-101
1,2021-10-102
1,2021-10-103
2,2021-10-104
2,2021-10-105
1,2021-10-106
2,2021-10-107
1,2021-10-108
1,2021-10-109
1,2021-10-110
1,2021-10-111
2,2021-10-112
1,2021-10-113
1,2021-10-114
1,2021-10-115
0,2021-10-116
0,2021-10-117
1,2021-10-118
2,2021-10-119
2,2021-10-120
1,2021-10-201
2,2021-10-202
1,2021-10-203
2,2021-10-204
1,2021-10-205
1,2021-10-206
1,2021-10-207
1,2021-10-208
2,2021-10-209
2,2021-10-210
2,2021-10-211
2,2021-10-212
2,2021-10-213
0,2021-10-214
0,2021-10-215
0,2021-10-216
1,2021-10-301
2,2021-10-302
1,2021-10-303
2,2021-10-304
2,2021-10-305
2,2021-10-306
1,2021-10-307
1,2021-10-308
1,2021-10-401
1,2021-10-402
1,2021-10-403
1,2021-10-404
1,2021-10-405
1,2021-10-406
1,2021-10-407
1,2021-10-408
1,2021-10-409
0,2021-10-410
2,2021-10-501
0,2021-10-502
0,2021-10-503
0,2021-10-504
2,2021-10-505
0,2021-10-506
0,2021-10-507
0,2021-10-508
0,2021-10-509
0,2021-10-510
2,2021-10-511
2,2021-10-601
2,2021-10-602
0,2021-10-603
2,2021-10-604
2,2021-10-605
2,2021-10-606
0,2021-10-607
2,2021-10-608
2,2021-10-609
2,2021-10-610
0,2021-10-611
0,2021-10-701
0,2021-10-702
0,2021-10-703
0,2021-10-704
0,2021-10-705
2,2021-10-706
1,2021-11-101
1,2021-11-102
1,2021-11-103
2,2021-11-104
2,2021-11-105
1,2021-11-106
2,2021-11-107
1,2021-11-108
1,2021-11-109
1,2021-11-110
1,2021-11-111
2,2021-11-112
1,2021-11-113
1,2021-11-114
1,2021-11-115
0,2021-11-116
0,2021-11-117
1,2021-11-118
2,2021-11-119
2,2021-11-120
1,2021-11-201
2,2021-11-202
1,2021-11-203
2,2021-11-204
1,2021-11-205
1,2021-11-206
1,2021-11-207
1,2021-11-208
2,2021-11-209
2,2021-11-210
2,2021-11-211
2,2021-11-212
2,2021-11-213
0,2021-11-214
0,2021-11-215
0,2021-11-216
1,2021-11-301
2,2021-11-302
1,2021-11-303
2,2021-11-304
2,2021-11-305
2,2021-11-306
1,2021-11-307
1,2021-11-308
1,2021-11-401
1,2021-11-402
1,2021-11-403
1,2021-11-404
1,2021-11-405
1,2021-11-406
1,2021-11-407
1,2021-11-408
1,2021-11-409
0,2021-11-410
2,2021-11-501
0,2021-11-502
0,2021-11-503
0,2021-11-504
2,2021-11-505
0,2021-11-506
0,2021-11-507
0,2021-11-508
0,2021-11-509
0,2021-11-510
2,2021-11-511
2,2021-11-601
2,2021-11-602
0,2021-11-603
2,2021-11-604
2,2021-11-605
2,2021-11-606
0,2021-11-607
2,2021-11-608
2,2021-11-609
2,2021-11-610
0,2021-11-611
0,2021-11-701
0,2021-11-702
0,2021-11-703
0,2021-11-704
0,2021-11-705
2,2021-11-706
1,2021-12-101
1,2021-12-102
1,2021-12-103
2,2021-12-104
2,2021-12-105
1,2021-12-106
2,2021-12-107
1,2021-12-108
1,2021-12-109
1,2021-12-110
1,2021-12-111
2,2021-12-112
1,2021-12-113
1,2021-12-114
1,2021-12-115
0,2021-12-116
0,2021-12-117
1,2021-12-118
2,2021-12-119
2,2021-12-120
1,2021-12-201
2,2021-12-202
1,2021-12-203
2,2021-12-204
1,2021-12-205
1,2021-12-206
1,2021-12-207
1,2021-12-208
2,2021-12-209
2,2021-12-210
2,2021-12-211
2,2021-12-212
2,2021-12-213
0,2021-12-214
0,2021-12-215
0,2021-12-216
1,2021-12-301
2,2021-12-302
1,2021-12-303
2,2021-12-304
2,2021-12-305
2,2021-12-306
1,2021-12-307
1,2021-12-308
1,2021-12-401
1,2021-12-402
1,2021-12-403
1,2021-12-404
1,2021-12-405
1,2021-12-406
1,2021-12-407
1,2021-12-408
1,2021-12-409
0,2021-12-410
2,2021-12-501
0,2021-12-502
0,2021-12-503
0,2021-12-504
2,2021-12-505
0,2021-12-506
0,2021-12-507
0,2021-12-508
0,2021-12-509
0,2021-12-510
2,2021-12-511
2,2021-12-601
2,2021-12-602
0,2021-12-603
2,2021-12-604
2,2021-12-605
2,2021-12-606
0,2021-12-607
2,2021-12-608
2,2021-12-609
2,2021-12-610
0,2021-12-611
0,2021-12-701
0,2021-12-702
0,2021-12-703
0,2021-12-704
0,2021-12-705
2,2021-12-706
1,2021-13-101
1,2021-13-102
1,2021-13-103
2,2021-13-104
2,2021-13-105
1,2021-13-106
2,2021-13-107
1,2021-13-108
1,2021-13-109
1,2021-13-110
1,2021-13-111
2,2021-13-112
1,2021-13-113
1,2021-13-114
1,2021-13-115
0,2021-13-116
0,2021-13-117
1,2021-13-118
2,2021-13-119
2,2021-13-120
1,2021-13-201
2,2021-13-202
1,2021-13-203
2,2021-13-204
1,2021-13-205
1,2021-13-206
1,2021-13-207
1,2021-13-208
2,2021-13-209
2,2021-13-210
2,2021-13-211
2,2021-13-212
2,2021-13-213
0,2021-13-214
0,2021-13-215
0,2021-13-216
1,2021-13-301
2,2021-13-302
1,2021-13-303
2,2021-13-304
2,2021-13-305
2,2021-13-306
1,2021-13-307
1,2021-13-308
1,2021-13-401
1,2021-13-402
1,2021-13-403
1,2021-13-404
1,2021-13-405
1,2021-13-406
1,2021-13-407
1,2021-13-408
1,2021-13-409
0,2021-13-410
2,2021-13-501
0,2021-13-502
0,2021-13-503
0,2021-13-504
2,2021-13-505
0,2021-13-506
0,2021-13-507
0,2021-13-508
0,2021-13-509
0,2021-13-510
2,2021-13-511
2,2021-13-601
2,2021-13-602
0,2021-13-603
2,2021-13-604
2,2021-13-605
2,2021-13-606
0,2021-13-607
2,2021-13-608
2,2021-13-609
2,2021-13-610
0,2021-13-611
0,2021-13-701
0,2021-13-702
0,2021-13-703
0,2021-13-704
0,2021-13-705
2,2021-13-706
1,2021-14-101
1,2021-14-102
1,2021-14-103
2,2021-14-104
2,2021-14-105
1,2021-14-106
2,2021-14-107
1,2021-14-108
1,2021-14-109
1,2021-14-110
1,2021-14-111
2,2021-14-112
1,2021-14-113
1,2021-14-114
1,2021-14-115
0,2021-14-116
0,2021-14-117
1,2021-14-118
2,2021-14-119
2,2021-14-120
1,2021-14-201
2,2021-14-202
1,2021-14-203
2,2021-14-204
1,2021-14-205
1,2021-14-206
1,2021-14-207
1,2021-14-208
2,2021-14-209
2,2021-14-210
2,2021-14-211
2,2021-14-212
2,2021-14-213
0,2021-14-214
0,2021-14-215
0,2021-14-216
1,2021-14-301
2,2021-14-302
1,2021-14-303
2,2021-14-304
2,2021-14-305
2,2021-14-306
1,2021-14-307
1,2021-14-308
1,2021-14-401
1,2021-14-402
1,2021-14-403
1,2021-14-404
1,2021-14-405
1,2021-14-406
1,2021-14-407
1,2021-14-408
1,2021-14-409
0,2021-14-410
2,2021-14-501
0,2021-14-502
0,2021-14-503
0,2021-14-504
2,2021-14-505
0,2021-14-506
0,2021-14-507
0,2021-14-508
0,2021-14-509
0,2021-14-510
2,2021-14-511
2,2021-14-601
2,2021-14-602
0,2021-14-603
2,2021-14-604
2,2021-14-605
2,2021-14-606
0,2021-14-607
2,2021-14-608
2,2021-14-609
2,2021-14-610
0,2021-14-611
0,2021-14-701
0,2021-14-702
0,2021-14-703
0,2021-14-704
0,2021-14-705
2,2021-14-706
1,2021-15-101
1,2021-15-102
1,2021-15-103
2,2021-15-104
2,2021-15-105
1,2021-15-106
2,2021-15-107
1,2021-15-108
1,2021-15-109
1,2021-15-110
1,2021-15-111
2,2021-15-112
1,2021-15-113
1,2021-15-114
1,2021-15-115
0,2021-15-116
0,2021-15-117
1,2021-15-118
2,2021-15-119
2,2021-15-120
1,2021-15-201
2,2021-15-202
1,2021-15-203
2,2021-15-204
1,2021-15-205
1,2021-15-206
1,2021-15-207
1,2021-15-208
2,2021-15-209
2,2021-15-210
2,2021-15-211
2,2021-15-212
2,2021-15-213
0,2021-15-214
0,2021-15-215
0,2021-15-216
1,2021-15-301
2,2021-15-302
1,2021-15-303
2,2021-15-304
2,2021-15-305
2,2021-15-306
1,2021-15-307
1,2021-15-308
1,2021-15-401
1,2021-15-402
1,2021-15-403
1,2021-15-404
1,2021-15-405
1,2021-15-406
1,2021-15-407
1,2021-15-408
1,2021-15-409
0,2021-15-410
2,2021-15-501
0,2021-15-502
0,2021-15-503
0,2021-15-504
2,2021-15-505
0,2021-15-506
0,2021-15-507
0,2021-15-508
0,2021-15-509
0,2021-15-510
2,2021-15-511
2,2021-15-601
2,2021-15-602
0,2021-15-603
2,2021-15-604
2,2021-15-605
2,2021-15-606
0,2021-15-607
2,2021-15-608
2,2021-15-609
2,2021-15-610
0,2021-15-611
0,2021-15-701
0,2021-15-702
0,2021-15-703
0,2021-15-704
0,2021-15-705
2,2021-15-706
1,2021-16-101
1,2021-16-102
1,2021-16-103
2,2021-16-104
2,2021-16-105
1,2021-16-106
2,2021-16-107
1,2021-16-108
1,2021-16-109
1,2021-16-110
1,2021-16-111
2,2021-16-112
1,2021-16-113
1,2021-16-114
1,2021-16-115
0,2021-16-116
0,2021-16-117
1,2021-16-118
2,2021-16-119
2,2021-16-120
1,2021-16-201
2,2021-16-202
1,2021-16-203
2,2021-16-204
1,2021-16-205
1,2021-16-206
1,2021-16-207
1,2021-16-208
2,2021-16-209
2,2021-16-210
2,2021-16-211
2,2021-16-212
2,2021-16-213
0,2021-16-214
0,2021-16-215
0,2021-16-216
1,2021-16-301
2,2021-16-302
1,2021-16-303
2,2021-16-304
2,2021-16-305
2,2021-16-306
1,2021-16-307
1,2021-16-308
1,2021-16-401
1,2021-16-402
1,2021-16-403
1,2021-16-404
1,2021-16-405
1,2021-16-406
1,2021-16-407
1,2021-16-408
1,2021-16-409
0,2021-16-410
2,2021-16-501
0,2021-16-502
0,2021-16-503
0,2021-16-504
2,2021-16-505
0,2021-16-506
0,2021-16-507
0,2021-16-508
0,2021-16-509
0,2021-16-510
2,2021-16-511
2,2021-16-601
2,2021-16-602
0,2021-16-603
2,2021-16-604
2,2021-16-605
2,2021-16-606
0,2021-16-607
2,2021-16-608
2,2021-16-609
2,2021-16-610
0,2021-16-611
0,2021-16-701
0,2021-16-702
0,2021-16-703
0,2021-16-704
0,2021-16-705
2,2021-16-706
1,2021-17-101
1,2021-17-102
1,2021-17-103
2,2021-17-104
2,2021-17-105
1,2021-17-106
2,2021-17-107
1,2021-17-108
1,2021-17-109
1,2021-17-110
1,2021-17-111
2,2021-17-112
1,2021-17-113
1,2021-17-114
1,2021-17-115
0,2021-17-116
0,2021-17-117
1,2021-17-118
2,2021-17-119
2,2021-17-120
1,2021-17-201
2,2021-17-202
1,2021-17-203
2,2021-17-204
1,2021-17-205
1,2021-17-206
1,2021-17-207
1,2021-17-208
2,2021-17-209
2,2021-17-210
2,2021-17-211
2,2021-17-212
2,2021-17-213
0,2021-17-214
0,2021-17-215
0,2021-17-216
1,2021-17-301
2,2021-17-302
1,2021-17-303
2,2021-17-304
2,2021-17-305
2,2021-17-306
1,2021-17-307
1,2021-17-308
1,2021-17-401
1,2021-17-402
1,2021-17-403
1,2021-17-404
1,2021-17-405
1,2021-17-406
1,2021-17-407
1,2021-17-408
1,2021-17-409
0,2021-17-410
2,2021-17-501
0,2021-17-502
0,2021-17-503
0,2021-17-504
2,2021-17-505
0,2021-17-506
0,2021-17-507
0,2021-17-508
0,2021-17-509
0,2021-17-510
2,2021-17-511
2,2021-17-601
2,2021-17-602
0,2021-17-603
2,2021-17-604
2,2021-17-605
2,2021-17-606
0,2021-17-607
2,2021-17-608
2,2021-17-609
2,2021-17-610
0,2021-17-611
0,2021-17-701
0,2021-17-702
0,2021-17-703
0,2021-17-704
0,2021-17-705
2,2021-17-706
1,2021-18-101
1,2021-18-102
1,2021-18-103
2,2021-18-104
2,2021-18-105
1,2021-18-106
2,2021-18-107
1,2021-18-108
1,2021-18-109
1,2021-18-110
1,2021-18-111
2,2021-18-112
1,2021-18-113
1,2021-18-114
1,2021-18-115
0,2021-18-116
0,2021-18-117
1,2021-18-118
2,2021-18-119
2,2021-18-120
1,2021-18-201
2,2021-18-202
1,2021-18-203
2,2021-18-204
1,2021-18-205
1,2021-18-206
1,2021-18-207
1,2021-18-208
2,2021-18-209
2,2021-18-210
2,2021-18-211
2,2021-18-212
2,2021-18-213
0,2021-18-214
0,2021-18-215
0,2021-18-216
1,2021-18-301
2,2021-18-302
1,2021-18-303
2,2021-18-304
2,2021-18-305
2,2021-18-306
1,2021-18-307
1,2021-18-308
1,2021-18-401
1,2021-18-402
1,2021-18-403
1,2021-18-404
1,2021-18-405
1,2021-18-406
1,2021-18-407
1,2021-18-408
1,2021-18-409
0,2021-18-410
2,2021-18-501
0,2021-18-502
0,2021-18-503
0,2021-18-504
2,2021-18-505
0,2021-18-506
0,2021-18-507
0,2021-18-508
0,2021-18-509
0,2021-18-510
2,2021-18-511
2,2021-18-601
2,2021-18-602
0,2021-18-603
2,2021-18-604
2,2021-18-605
2,2021-18-606
0,2021-18-607
2,2021-18-608
2,2021-18-609
2,2021-18-610
0,2021-18-611
0,2021-18-701
0,2021-18-702
0,2021-18-703
0,2021-18-704
0,2021-18-705
2,2021-18-706
1,2021-19-101
1,2021-19-102
1,2021-19-103
2,2021-19-104
2,2021-19-105
1,2021-19-106
2,2021-19-107
1,2021-19-108
1,2021-19-109
1,2021-19-110
1,2021-19-111
2,2021-19-112
1,2021-19-113
1,2021-19-114
1,2021-19-115
0,2021-19-116
0,2021-19-117
1,2021-19-118
2,2021-19-119
2,2021-19-120
1,2021-19-201
2,2021-19-202
1,2021-19-203
2,2021-19-204
1,2021-19-205
1,2021-19-206
1,2021-19-207
1,2021-19-208
2,2021-19-209
2,2021-19-210
2,2021-19-211
2,2021-19-212
2,2021-19-213
0,2021-19-214
0,2021-19-215
0,2021-19-216
1,2021-19-301
2,2021-19-302
1,2021-19-303
2,2021-19-304
2,2021-19-305
2,2021-19-306
1,2021-19-307
1,2021-19-308
1,2021-19-401
1,2021-19-402
1,2021-19-403
1,2021-19-404
1,2021-19-405
1,2021-19-406
1,2021-19-407
1,2021-19-408
1,2021-19-409
0,2021-19-410
2,2021-19-501
0,2021-19-502
0,2021-19-503
0,2021-19-504
2,2021-19-505
0,2021-19-506
0,2021-19-507
0,2021-19-508
0,2021-19-509
0,2021-19-510
2,2021-19-511
2,2021-19-601
2,2021-19-602
0,2021-19-603
2,2021-19-604
2,2021-19-605
2,2021-19-606
0,2021-19-607
2,2021-19-608
2,2021-19-609
2,2021-19-610
0,2021-19-611
0,2021-19-701
0,2021-19-702
0,2021-19-703
0,2021-19-704
0,2021-19-705
2,2021-19-706
1,2021-20-101
1,2021-20-102
1,2021-20-103
2,2021-20-104
2,2021-20-105
1,2021-20-106
2,2021-20-107
1,2021-20-108
1,2021-20-109
1,2021-20-110
1,2021-20-111
2,2021-20-112
1,2021-20-113
1,2021-20-114
1,2021-20-115
0,2021-20-116
0,2021-20-117
1,2021-20-118
2,2021-20-119
2,2021-20-120
1,2021-20-201
2,2021-20-202
1,2021-20-203
2,2021-20-204
1,2021-20-205
1,2021-20-206
1,2021-20-207
1,2021-20-208
2,2021-20-209
2,2021-20-210
2,2021-20-211
2,2021-20-212
2,2021-20-213
0,2021-20-214
0,2021-20-215
0,2021-20-216
1,2021-20-301
2,2021-20-302
1,2021-20-303
2,2021-20-304
2,2021-20-305
2,2021-20-306
1,2021-20-307
1,2021-20-308
1,2021-20-401
1,2021-20-402
1,2021-20-403
1,2021-20-404
1,2021-20-405
1,2021-20-406
1,2021-20-407
1,2021-20-408
1,2021-20-409
0,2021-20-410
2,2021-20-501
0,2021-20-502
0,2021-20-503
0,2021-20-504
2,2021-20-505
0,2021-20-506
0,2021-20-507
0,2021-20-508
0,2021-20-509
0,2021-20-510
2,2021-20-511
2,2021-20-601
2,2021-20-602
0,2021-20-603
2,2021-20-604
2,2021-20-605
2,2021-20-606
0,2021-20-607
2,2021-20-608
2,2021-20-609
2,2021-20-610
0,2021-20-611
0,2021-20-701
0,2021-20-702
0,2021-20-703
0,2021-20-704
0,2021-20-705
2,2021-20-706
1,2021-21-101
1,2021-21-102
1,2021-21-103
2,2021-21-104
2,2021-21-105
1,2021-21-106
2,2021-21-107
1,2021-21-108
1,2021-21-109
1,2021-21-110
1,2021-21-111
2,2021-21-112
1,2021-21-113
1,2021-21-114
1,2021-21-115
0,2021-21-116
0,2021-21-117
1,2021-21-118
2,2021-21-119
2,2021-21-120
1,2021-21-201
2,2021-21-202
1,2021-21-203
2,2021-21-204
1,2021-21-205
1,2021-21-206
1,2021-21-207
1,2021-21-208
2,2021-21-209
2,2021-21-210
2,2021-21-211
2,2021-21-212
2,2021-21-213
0,2021-21-214
0,2021-21-215
0,2021-21-216
1,2021-21-301
2,2021-21-302
1,2021-21-303
2,2021-21-304
2,2021-21-305
2,2021-21-306
1,2021-21-307
1,2021-21-308
1,2021-21-401
1,2021-21-402
1,2021-21-403
1,2021-21-404
1,2021-21-405
1,2021-21-406
1,2021-21-407
1,2021-21-408
1,2021-21-409
0,2021-21-410
2,2021-21-501
0,2021-21-502
0,2021-21-503
0,2021-21-504
2,2021-21-505
0,2021-21-506
0,2021-21-507
0,2021-21-508
0,2021-21-509
0,2021-21-510
2,2021-21-511
2,2021-21-601
2,2021-21-602
0,2021-21-603
2,2021-21-604
2,2021-21-605
2,2021-21-606
0,2021-21-607
2,2021-21-608
2,2021-21-609
2,2021-21-610
0,2021-21-611
0,2021-21-701
0,2021-21-702
0,2021-21-703
0,2021-21-704
0,2021-21-705
2,2021-21-706
1,2021-22-101
1,2021-22-102
1,2021-22-103
2,2021-22-104
2,2021-22-105
1,2021-22-106
2,2021-22-107
1,2021-22-108
1,2021-22-109
1,2021-22-110
1,2021-22-111
2,2021-22-112
1,2021-22-113
1,2021-22-114
1,2021-22-115
0,2021-22-116
0,2021-22-117
1,2021-22-118
2,2021-22-119
2,2021-22-120
1,2021-22-201
2,2021-22-202
1,2021-22-203
2,2021-22-204
1,2021-22-205
1,2021-22-206
1,2021-22-207
1,2021-22-208
2,2021-22-209
2,2021-22-210
2,2021-22-211
2,2021-22-212
2,2021-22-213
0,2021-22-214
0,2021-22-215
0,2021-22-216
1,2021-22-301
2,2021-22-302
1,2021-22-303
2,2021-22-304
2,2021-22-305
2,2021-22-306
1,2021-22-307
1,2021-22-308
1,2021-22-401
1,2021-22-402
1,2021-22-403
1,2021-22-404
1,2021-22-405
1,2021-22-406
1,2021-22-407
1,2021-22-408
1,2021-22-409
0,2021-22-410
2,2021-22-501
0,2021-22-502
0,2021-22-503
0,2021-22-504
2,2021-22-505
0,2021-22-506
0,2021-22-507
0,2021-22-508
0,2021-22-509
0,2021-22-510
2,2021-22-511
2,2021-22-601
2,2021-22-602
0,2021-22-603
2,2021-22-604
2,2021-22-605
2,2021-22-606
0,2021-22-607
2,2021-22-608
2,2021-22-609
2,2021-22-610
0,2021-22-611
0,2021-22-701
0,2021-22-702
0,2021-22-703
0,2021-22-704
0,2021-22-705
2,2021-22-706
1,2021-23-101
1,2021-23-102
1,2021-23-103
2,2021-23-104
2,2021-23-105
1,2021-23-106
2,2021-23-107
1,2021-23-108
1,2021-23-109
1,2021-23-110
1,2021-23-111
2,2021-23-112
1,2021-23-113
1,2021-23-114
1,2021-23-115
0,2021-23-116
0,2021-23-117
1,2021-23-118
2,2021-23-119
2,2021-23-120
1,2021-23-201
2,2021-23-202
1,2021-23-203
2,2021-23-204
1,2021-23-205
1,2021-23-206
1,2021-23-207
1,2021-23-208
2,2021-23-209
2,2021-23-210
2,2021-23-211
2,2021-23-212
2,2021-23-213
0,2021-23-214
0,2021-23-215
0,2021-23-216
1,2021-23-301
2,2021-23-302
1,2021-23-303
2,2021-23-304
2,2021-23-305
2,2021-23-306
1,2021-23-307
1,2021-23-308
1,2021-23-401
1,2021-23-402
1,2021-23-403
1,2021-23-404
1,2021-23-405
1,2021-23-406
1,2021-23-407
1,2021-23-408
1,2021-23-409
0,2021-23-410
2,2021-23-501
0,2021-23-502
0,2021-23-503
0,2021-23-504
2,2021-23-505
0,2021-23-506
0,2021-23-507
0,2021-23-508
0,2021-23-509
0,2021-23-510
2,2021-23-511
2,2021-23-601
2,2021-23-602
0,2021-23-603
2,2021-23-604
2,2021-23-605
2,2021-23-606
0,2021-23-607
2,2021-23-608
2,2021-23-609
2,2021-23-610
0,2021-23-611
0,2021-23-701
0,2021-23-702
0,2021-23-703
0,2021-23-704
0,2021-23-705
2,2021-23-706
1,2021-24-101
1,2021-24-102
1,2021-24-103
2,2021-24-104
2,2021-24-105
1,2021-24-106
2,2021-24-107
1,2021-24-108
1,2021-24-109
1,2021-24-110
1,2021-24-111
2,2021-24-112
1,2021-24-113
1,2021-24-114
1,2021-24-115
0,2021-24-116
0,2021-24-117
1,2021-24-118
2,2021-24-119
2,2021-24-120
1,2021-24-201
2,2021-24-202
1,2021-24-203
2,2021-24-204
1,2021-24-205
1,2021-24-206
1,2021-24-207
1,2021-24-208
2,2021-24-209
2,2021-24-210
2,2021-24-211
2,2021-24-212
2,2021-24-213
0,2021-24-214
0,2021-24-215
0,2021-24-216
1,2021-24-301
2,2021-24-302
1,2021-24-303
2,2021-24-304
2,2021-24-305
2,2021-24-306
1,2021-24-307
1,2021-24-308
1,2021-24-401
1,2021-24-402
1,2021-24-403
1,2021-24-404
1,2021-24-405
1,2021-24-406
1,2021-24-407
1,2021-24-408
1,2021-24-409
0,2021-24-410
2,2021-24-501
0,2021-24-502
0,2021-24-503
0,2021-24-504
2,2021-24-505
0,2021-24-506
0,2021-24-507
0,2021-24-508
0,2021-24-509
0,2021-24-510
2,2021-24-511
2,2021-24-601
2,2021-24-602
0,2021-24-603
2,2021-24-604
2,2021-24-605
2,2021-24-606
0,2021-24-607
2,2021-24-608
2,2021-24-609
2,2021-24-610
0,2021-24-611
0,2021-24-701
0,2021-24-702
0,2021-24-703
0,2021-24-704
0,2021-24-705
2,2021-24-706
1,2021-25-101
1,2021-25-102
1,2021-25-103
2,2021-25-104
2,2021-25-105
1,2021-25-106
2,2021-25-107
1,2021-25-108
1,2021-25-109
1,2021-25-110
1,2021-25-111
2,2021-25-112
1,2021-25-113
1,2021-25-114
1,2021-25-115
0,2021-25-116
0,2021-25-117
1,2021-25-118
2,2021-25-119
2,2021-25-120
1,2021-25-201
2,2021-25-202
1,2021-25-203
2,2021-25-204
1,2021-25-205
1,2021-25-206
1,2021-25-207
1,2021-25-208
2,2021-25-209
2,2021-25-210
2,2021-25-211
2,2021-25-212
2,2021-25-213
0,2021-25-214
0,2021-25-215
0,2021-25-216
1,2021-25-301
2,2021-25-302
1,2021-25-303
2,2021-25-304
2,2021-25-305
2,2021-25-306
1,2021-25-307
1,2021-25-308
1,2021-25-401
1,2021-25-402
1,2021-25-403
1,2021-25-404
1,2021-25-405
1,2021-25-406
1,2021-25-407
1,2021-25-408
1,2021-25-409
0,2021-25-410
2,2021-25-501
0,2021-25-502
0,2021-25-503
0,2021-25-504
2,2021-25-505
0,2021-25-506
0,2021-25-507
0,2021-25-508
0,2021-25-509
0,2021-25-510
2,2021-25-511
2,2021-25-601
2,2021-25-602
0,2021-25-603
2,2021-25-604
2,2021-25-605
2,2021-25-606
0,2021-25-607
2,2021-25-608
2,2021-25-609
2,2021-25-610
0,2021-25-611
0,2021-25-701
0,2021-25-702
0,2021-25-703
0,2021-25-704
0,2021-25-705
2,2021-25-706
1,2021-26-101
1,2021-26-102
1,2021-26-103
2,2021-26-104
2,2021-26-105
1,2021-26-106
2,2021-26-107
1,2021-26-108
1,2021-26-109
1,2021-26-110
1,2021-26-111
2,2021-26-112
1,2021-26-113
1,2021-26-114
1,2021-26-115
0,2021-26-116
0,2021-26-117
1,2021-26-118
2,2021-26-119
2,2021-26-120
1,2021-26-201
2,2021-26-202
1,2021-26-203
2,2021-26-204
1,2021-26-205
1,2021-26-206
1,2021-26-207
1,2021-26-208
2,2021-26-209
2,2021-26-210
2,2021-26-211
2,2021-26-212
2,2021-26-213
0,2021-26-214
0,2021-26-215
0,2021-26-216
1,2021-26-301
2,2021-26-302
1,2021-26-303
2,2021-26-304
2,2021-26-305
2,2021-26-306
1,2021-26-307
1,2021-26-308
1,2021-26-401
1,2021-26-402
1,2021-26-403
1,2021-26-404
1,2021-26-405
1,2021-26-406
1,2021-26-407
1,2021-26-408
1,2021-26-409
0,2021-26-410
2,2021-26-501
0,2021-26-502
0,2021-26-503
0,2021-26-504
2,2021-26-505
0,2021-26-506
0,2021-26-507
0,2021-26-508
0,2021-26-509
0,2021-26-510
2,2021-26-511
2,2021-26-601
2,2021-26-602
0,2021-26-603
2,2021-26-604
2,2021-26-605
2,2021-26-606
0,2021-26-607
2,2021-26-608
2,2021-26-609
2,2021-26-610
0,2021-26-611
0,2021-26-701
0,2021-26-702
0,2021-26-703
0,2021-26-704
0,2021-26-705
2,2021-26-706
1,2021-27-101
1,2021-27-102
1,2021-27-103
2,2021-27-104
2,2021-27-105
1,2021-27-106
2,2021-27-107
1,2021-27-108
1,2021-27-109
1,2021-27-110
1,2021-27-111
2,2021-27-112
1,2021-27-113
1,2021-27-114
1,2021-27-115
0,2021-27-116
0,2021-27-117
1,2021-27-118
2,2021-27-119
2,2021-27-120
1,2021-27-201
2,2021-27-202
1,2021-27-203
2,2021-27-204
1,2021-27-205
1,2021-27-206
1,2021-27-207
1,2021-27-208
2,2021-27-209
2,2021-27-210
2,2021-27-211
2,2021-27-212
2,2021-27-213
0,2021-27-214
0,2021-27-215
0,2021-27-216
1,2021-27-301
2,2021-27-302
1,2021-27-303
2,2021-27-304
2,2021-27-305
2,2021-27-306
1,2021-27-307
1,2021-27-308
1,2021-27-401
1,2021-27-402
1,2021-27-403
1,2021-27-404
1,2021-27-405
1,2021-27-406
1,2021-27-407
1,2021-27-408
1,2021-27-409
0,2021-27-410
2,2021-27-501
0,2021-27-502
0,2021-27-503
0,2021-27-504
2,2021-27-505
0,2021-27-506
0,2021-27-507
0,2021-27-508
0,2021-27-509
0,2021-27-510
2,2021-27-511
2,2021-27-601
2,2021-27-602
0,2021-27-603
2,2021-27-604
2,2021-27-605
2,2021-27-606
0,2021-27-607
2,2021-27-608
2,2021-27-609
2,2021-27-610
0,2021-27-611
0,2021-27-701
0,2021-27-702
0,2021-27-703
0,2021-27-704
0,2021-27-705
2,2021-27-706
1,2021-28-101
1,2021-28-102
1,2021-28-103
2,2021-28-104
2,2021-28-105
1,2021-28-106
2,2021-28-107
1,2021-28-108
1,2021-28-109
1,2021-28-110
1,2021-28-111
2,2021-28-112
1,2021-28-113
1,2021-28-114
1,2021-28-115
0,2021-28-116
0,2021-28-117
1,2021-28-118
2,2021-28-119
2,2021-28-120
1,2021-28-201
2,2021-28-202
1,2021-28-203
2,2021-28-204
1,2021-28-205
1,2021-28-206
1,2021-28-207
1,2021-28-208
2,2021-28-209
2,2021-28-210
2,2021-28-211
2,2021-28-212
2,2021-28-213
0,2021-28-214
0,2021-28-215
0,2021-28-216
1,2021-28-301
2,2021-28-302
1,2021-28-303
2,2021-28-304
2,2021-28-305
2,2021-28-306
1,2021-28-307
1,2021-28-308
1,2021-28-401
1,2021-28-402
1,2021-28-403
1,2021-28-404
1,2021-28-405
1,2021-28-406
1,2021-28-407
1,2021-28-408
1,2021-28-409
0,2021-28-410
2,2021-28-501
0,2021-28-502
0,2021-28-503
0,2021-28-504
2,2021-28-505
0,2021-28-506
0,2021-28-507
0,2021-28-508
0,2021-28-509
0,2021-28-510
2,2021-28-511
2,2021-28-601
2,2021-28-602
0,2021-28-603
2,2021-28-604
2,2021-28-605
2,2021-28-606
0,2021-28-607
2,2021-28-608
2,2021-28-609
2,2021-28-610
0,2021-28-611
0,2021-28-701
0,2021-28-702
0,2021-28-703
0,2021-28-704
0,2021-28-705
2,2021-28-706
1,2021-29-101
1,2021-29-102
1,2021-29-103
2,2021-29-104
2,2021-29-105
1,2021-29-106
2,2021-29-107
1,2021-29-108
1,2021-29-109
1,2021-29-110
1,2021-29-111
2,2021-29-112
1,2021-29-113
1,2021-29-114
1,2021-29-115
0,2021-29-116
0,2021-29-117
1,2021-29-118
2,2021-29-119
2,2021-29-120
1,2021-29-201
2,2021-29-202
1,2021-29-203
2,2021-29-204
1,2021-29-205
1,2021-29-206
1,2021-29-207
1,2021-29-208
2,2021-29-209
2,2021-29-210
2,2021-29-211
2,2021-29-212
2,2021-29-213
0,2021-29-214
0,2021-29-215
0,2021-29-216
1,2021-29-301
2,2021-29-302
1,2021-29-303
2,2021-29-304
2,2021-29-305
2,2021-29-306
1,2021-29-307
1,2021-29-308
1,2021-29-401
1,2021-29-402
1,2021-29-403
1,2021-29-404
1,2021-29-405
1,2021-29-406
1,2021-29-407
1,2021-29-408
1,2021-29-409
0,2021-29-410
2,2021-29-501
0,2021-29-502
0,2021-29-503
0,2021-29-504
2,2021-29-505
0,2021-29-506
0,2021-29-507
0,2021-29-508
0,2021-29-509
0,2021-29-510
2,2021-29-511
2,2021-29-601
2,2021-29-602
0,2021-29-603
2,2021-29-604
2,2021-29-605
2,2021-29-606
0,2021-29-607
2,2021-29-608
2,2021-29-609
2,2021-29-610
0,2021-29-611
0,2021-29-701
0,2021-29-702
0,2021-29-703
0,2021-29-704
0,2021-29-705
2,2021-29-706
1,2021-30-101
1,2021-30-102
1,2021-30-103
2,2021-30-104
2,2021-30-105
1,2021-30-106
2,2021-30-107
1,2021-30-108
1,2021-30-109
1,2021-30-110
1,2021-30-111
2,2021-30-112
1,2021-30-113
1,2021-30-114
1,2021-30-115
0,2021-30-116
0,2021-30-117
1,2021-30-118
2,2021-30-119
2,2021-30-120
1,2021-30-201
2,2021-30-202
1,2021-30-203
2,2021-30-204
1,2021-30-205
1,2021-30-206
1,2021-30-207
1,2021-30-208
2,2021-30-209
2,2021-30-210
2,2021-30-211
2,2021-30-212
2,2021-30-213
0,2021-30-214
0,2021-30-215
0,2021-30-216
1,2021-30-301
2,2021-30-302
1,2021-30-303
2,2021-30-304
2,2021-30-305
2,2021-30-306
1,2021-30-307
1,2021-30-308
1,2021-30-401
1,2021-30-402
1,2021-30-403
1,2021-30-404
1,2021-30-405
1,2021-30-406
1,2021-30-407
1,2021-30-408
1,2021-30-409
0,2021-30-410
2,2021-30-501
0,2021-30-502
0,2021-30-503
0,2021-30-504
2,2021-30-505
0,2021-30-506
0,2021-30-507
0,2021-30-508
0,2021-30-509
0,2021-30-510
2,2021-30-511
2,2021-30-601
2,2021-30-602
0,2021-30-603
2,2021-30-604
2,2021-30-605
2,2021-30-606
0,2021-30-607
2,2021-30-608
2,2021-30-609
2,2021-30-610
0,2021-30-611
0,2021-30-701
0,2021-30-702
0,2021-30-703
0,2021-30-704
0,2021-30-705
2,2021-30-706
1,2021-31-101
1,2021-31-102
1,2021-31-103
2,2021-31-104
2,2021-31-105
1,2021-31-106
2,2021-31-107
1,2021-31-108
1,2021-31-109
1,2021-31-110
1,2021-31-111
2,2021-31-112
1,2021-31-113
1,2021-31-114
1,2021-31-115
0,2021-31-116
0,2021-31-117
1,2021-31-118
2,2021-31-119
2,2021-31-120
1,2021-31-201
2,2021-31-202
1,2021-31-203
2,2021-31-204
1,2021-31-205
1,2021-31-206
1,2021-31-207
1,2021-31-208
2,2021-31-209
2,2021-31-210
2,2021-31-211
2,2021-31-212
2,2021-31-213
0,2021-31-214
0,2021-31-215
0,2021-31-216
1,2021-31-301
2,2021-31-302
1,2021-31-303
2,2021-31-304
2,2021-31-305
2,2021-31-306
1,2021-31-307
1,2021-31-308
1,2021-31-401
1,2021-31-402
1,2021-31-403
1,2021-31-404
1,2021-31-405
1,2021-31-406
1,2021-31-407
1,2021-31-408
1,2021-31-409
0,2021-31-410
2,2021-31-501
0,2021-31-502
0,2021-31-503
0,2021-31-504
2,2021-31-505
0,2021-31-506
0,2021-31-507
0,2021-31-508
0,2021-31-509
0,2021-31-510
2,2021-31-511
2,2021-31-601
2,2021-31-602
0,2021-31-603
2,2021-31-604
2,2021-31-605
2,2021-31-606
0,2021-31-607
2,2021-31-608
2,2021-31-609
2,2021-31-610
0,2021-31-611
0,2021-31-701
0,2021-31-702
0,2021-31-703
0,2021-31-704
0,2021-31-705
2,2021-31-706
1,2021-32-101
1,2021-32-102
1,2021-32-103
2,2021-32-104
2,2021-32-105
1,2021-32-106
2,2021-32-107
1,2021-32-108
1,2021-32-109
1,2021-32-110
1,2021-32-111
2,2021-32-112
1,2021-32-113
1,2021-32-114
1,2021-32-115
0,2021-32-116
0,2021-32-117
1,2021-32-118
2,2021-32-119
2,2021-32-120
1,2021-32-201
2,2021-32-202
1,2021-32-203
2,2021-32-204
1,2021-32-205
1,2021-32-206
1,2021-32-207
1,2021-32-208
2,2021-32-209
2,2021-32-210
2,2021-32-211
2,2021-32-212
2,2021-32-213
0,2021-32-214
0,2021-32-215
0,2021-32-216
1,2021-32-301
2,2021-32-302
1,2021-32-303
2,2021-32-304
2,2021-32-305
2,2021-32-306
1,2021-32-307
1,2021-32-308
1,2021-32-401
1,2021-32-402
1,2021-32-403
1,2021-32-404
1,2021-32-405
1,2021-32-406
1,2021-32-407
1,2021-32-408
1,2021-32-409
0,2021-32-410
2,2021-32-501
0,2021-32-502
0,2021-32-503
0,2021-32-504
2,2021-32-505
0,2021-32-506
0,2021-32-507
0,2021-32-508
0,2021-32-509
0,2021-32-510
2,2021-32-511
2,2021-32-601
2,2021-32-602
0,2021-32-603
2,2021-32-604
2,2021-32-605
2,2021-32-606
0,2021-32-607
2,2021-32-608
2,2021-32-609
2,2021-32-610
0,2021-32-611
0,2021-32-701
0,2021-32-702
0,2021-32-703
0,2021-32-704
0,2021-32-705
2,2021-32-706
1,2021-33-101
1,2021-33-102
1,2021-33-103
2,2021-33-104
2,2021-33-105
1,2021-33-106
2,2021-33-107
1,2021-33-108
1,2021-33-109
1,2021-33-110
1,2021-33-111
2,2021-33-112
1,2021-33-113
1,2021-33-114
1,2021-33-115
0,2021-33-116
0,2021-33-117
1,2021-33-118
2,2021-33-119
2,2021-33-120
1,2021-33-201
2,2021-33-202
1,2021-33-203
2,2021-33-204
1,2021-33-205
1,2021-33-206
1,2021-33-207
1,2021-33-208
2,2021-33-209
2,2021-33-210
2,2021-33-211
2,2021-33-212
2,2021-33-213
0,2021-33-214
0,2021-33-215
0,2021-33-216
1,2021-33-301
2,2021-33-302
1,2021-33-303
2,2021-33-304
2,2021-33-305
2,2021-33-306
1,2021-33-307
1,2021-33-308
1,2021-33-401
1,2021-33-402
1,2021-33-403
1,2021-33-404
1,2021-33-405
1,2021-33-406
1,2021-33-407
1,2021-33-408
1,2021-33-409
0,2021-33-410
2,2021-33-501
0,2021-33-502
0,2021-33-503
0,2021-33-504
2,2021-33-505
0,2021-33-506
0,2021-33-507
0,2021-33-508
0,2021-33-509
0,2021-33-510
2,2021-33-511
2,2021-33-601
2,2021-33-602
0,2021-33-603
2,2021-33-604
2,2021-33-605
2,2021-33-606
0,2021-33-607
2,2021-33-608
2,2021-33-609
2,2021-33-610
0,2021-33-611
0,2021-33-701
0,2021-33-702
0,2021-33-703
0,2021-33-704
0,2021-33-705
2,2021-33-706
1,2021-34-101
1,2021-34-102
1,2021-34-103
2,2021-34-104
2,2021-34-105
1,2021-34-106
2,2021-34-107
1,2021-34-108
1,2021-34-109
1,2021-34-110
1,2021-34-111
2,2021-34-112
1,2021-34-113
1,2021-34-114
1,2021-34-115
0,2021-34-116
0,2021-34-117
1,2021-34-118
2,2021-34-119
2,2021-34-120
1,2021-34-201
2,2021-34-202
1,2021-34-203
2,2021-34-204
1,2021-34-205
1,2021-34-206
1,2021-34-207
1,2021-34-208
2,2021-34-209
2,2021-34-210
2,2021-34-211
2,2021-34-212
2,2021-34-213
0,2021-34-214
0,2021-34-215
0,2021-34-216
1,2021-34-301
2,2021-34-302
1,2021-34-303
2,2021-34-304
2,2021-34-305
2,2021-34-306
1,2021-34-307
1,2021-34-308
1,2021-34-401
1,2021-34-402
1,2021-34-403
1,2021-34-404
1,2021-34-405
1,2021-34-406
1,2021-34-407
1,2021-34-408
1,2021-34-409
0,2021-34-410
2,2021-34-501
0,2021-34-502
0,2021-34-503
0,2021-34-504
2,2021-34-505
0,2021-34-506
0,2021-34-507
0,2021-34-508
0,2021-34-509
0,2021-34-510
2,2021-34-511
2,2021-34-601
2,2021-34-602
0,2021-34-603
2,2021-34-604
2,2021-34-605
2,2021-34-606
0,2021-34-607
2,2021-34-608
2,2021-34-609
2,2021-34-610
0,2021-34-611
0,2021-34-701
0,2021-34-702
0,2021-34-703
0,2021-34-704
0,2021-34-705
2,2021-34-706
1,2021-35-101
1,2021-35-102
1,2021-35-103
2,2021-35-104
2,2021-35-105
1,2021-35-106
2,2021-35-107
1,2021-35-108
1,2021-35-109
1,2021-35-110
1,2021-35-111
2,2021-35-112
1,2021-35-113
1,2021-35-114
1,2021-35-115
0,2021-35-116
0,2021-35-117
1,2021-35-118
2,2021-35-119
2,2021-35-120
1,2021-35-201
2,2021-35-202
1,2021-35-203
2,2021-35-204
1,2021-35-205
1,2021-35-206
1,2021-35-207
1,2021-35-208
2,2021-35-209
2,2021-35-210
2,2021-35-211
2,2021-35-212
2,2021-35-213
0,2021-35-214
0,2021-35-215
0,2021-35-216
1,2021-35-301
2,2021-35-302
1,2021-35-303
2,2021-35-304
2,2021-35-305
2,2021-35-306
1,2021-35-307
1,2021-35-308
1,2021-35-401
1,2021-35-402
1,2021-35-403
1,2021-35-404
1,2021-35-405
1,2021-35-406
1,2021-35-407
1,2021-35-408
1,2021-35-409
0,2021-35-410
2,2021-35-501
0,2021-35-502
0,2021-35-503
0,2021-35-504
2,2021-35-505
0,2021-35-506
0,2021-35-507
0,2021-35-508
0,2021-35-509
0,2021-35-510
2,2021-35-511
2,2021-35-601
2,2021-35-602
0,2021-35-603
2,2021-35-604
2,2021-35-605
2,2021-35-606
0,2021-35-607
2,2021-35-608
2,2021-35-609
2,2021-35-610
0,2021-35-611
0,2021-35-701
0,2021-35-702
0,2021-35-703
0,2021-35-704
0,2021-35-705
2,2021-35-706
1,2021-36-101
1,2021-36-102
1,2021-36-103
2,2021-36-104
2,2021-36-105
1,2021-36-106
2,2021-36-107
1,2021-36-108
1,2021-36-109
1,2021-36-110
1,2021-36-111
2,2021-36-112
1,2021-36-113
1,2021-36-114
1,2021-36-115
0,2021-36-116
0,2021-36-117
1,2021-36-118
2,2021-36-119
2,2021-36-120
1,2021-36-201
2,2021-36-202
1,2021-36-203
2,2021-36-204
1,2021-36-205
1,2021-36-206
1,2021-36-207
1,2021-36-208
2,2021-36-209
2,2021-36-210
2,2021-36-211
2,2021-36-212
2,2021-36-213
0,2021-36-214
0,2021-36-215
0,2021-36-216
1,2021-36-301
2,2021-36-302
1,2021-36-303
2,2021-36-304
2,2021-36-305
2,2021-36-306
1,2021-36-307
1,2021-36-308
1,2021-36-401
1,2021-36-402
1,2021-36-403
1,2021-36-404
1,2021-36-405
1,2021-36-406
1,2021-36-407
1,2021-36-408
1,2021-36-409
0,2021-36-410
2,2021-36-501
0,2021-36-502
0,2021-36-503
0,2021-36-504
2,2021-36-505
0,2021-36-506
0,2021-36-507
0,2021-36-508
0,2021-36-509
0,2021-36-510
2,2021-36-511
2,2021-36-601
2,2021-36-602
0,2021-36-603
2,2021-36-604
2,2021-36-605
2,2021-36-606
0,2021-36-607
2,2021-36-608
2,2021-36-609
2,2021-36-610
0,2021-36-611
0,2021-36-701
0,2021-36-702
0,2021-36-703
0,2021-36-704
0,2021-36-705
2,2021-36-706
1,2021-37-101
1,2021-37-102
1,2021-37-103
2,2021-37-104
2,2021-37-105
1,2021-37-106
2,2021-37-107
1,2021-37-108
1,2021-37-109
1,2021-37-110
1,2021-37-111
2,2021-37-112
1,2021-37-113
1,2021-37-114
1,2021-37-115
0,2021-37-116
0,2021-37-117
1,2021-37-118
2,2021-37-119
2,2021-37-120
1,2021-37-201
2,2021-37-202
1,2021-37-203
2,2021-37-204
1,2021-37-205
1,2021-37-206
1,2021-37-207
1,2021-37-208
2,2021-37-209
2,2021-37-210
2,2021-37-211
2,2021-37-212
2,2021-37-213
0,2021-37-214
0,2021-37-215
0,2021-37-216
1,2021-37-301
2,2021-37-302
1,2021-37-303
2,2021-37-304
2,2021-37-305
2,2021-37-306
1,2021-37-307
1,2021-37-308
1,2021-37-401
1,2021-37-402
1,2021-37-403
1,2021-37-404
1,2021-37-405
1,2021-37-406
1,2021-37-407
1,2021-37-408
1,2021-37-409
0,2021-37-410
2,2021-37-501
0,2021-37-502
0,2021-37-503
0,2021-37-504
2,2021-37-505
0,2021-37-506
0,2021-37-507
0,2021-37-508
0,2021-37-509
0,2021-37-510
2,2021-37-511
2,2021-37-601
2,2021-37-602
0,2021-37-603
2,2021-37-604
2,2021-37-605
2,2021-37-606
0,2021-37-607
2,2021-37-608
2,2021-37-609
2,2021-37-610
0,2021-37-611
0,2021-37-701
0,2021-37-702
0,2021-37-703
0,2021-37-704
0,2021-37-705
2,2021-37-706
1,2021-38-101
1,2021-38-102
1,2021-38-103
2,2021-38-104
2,2021-38-105
1,2021-38-106
2,2021-38-107
1,2021-38-108
1,2021-38-109
1,2021-38-110
1,2021-38-111
2,2021-38-112
1,2021-38-113
1,2021-38-114
1,2021-38-115
0,2021-38-116
0,2021-38-117
1,2021-38-118
2,2021-38-119
2,2021-38-120
1,2021-38-201
2,2021-38-202
1,2021-38-203
2,2021-38-204
1,2021-38-205
1,2021-38-206
1,2021-38-207
1,2021-38-208
2,2021-38-209
2,2021-38-210
2,2021-38-211
2,2021-38-212
2,2021-38-213
0,2021-38-214
0,2021-38-215
0,2021-38-216
1,2021-38-301
2,2021-38-302
1,2021-38-303
2,2021-38-304
2,2021-38-305
2,2021-38-306
1,2021-38-307
1,2021-38-308
1,2021-38-401
1,2021-38-402
1,2021-38-403
1,2021-38-404
1,2021-38-405
1,2021-38-406
1,2021-38-407
1,2021-38-408
1,2021-38-409
0,2021-38-410
2,2021-38-501
0,2021-38-502
0,2021-38-503
0,2021-38-504
2,2021-38-505
0,2021-38-506
0,2021-38-507
0,2021-38-508
0,2021-38-509
0,2021-38-510
2,2021-38-511
2,2021-38-601
2,2021-38-602
0,2021-38-603
2,2021-38-604
2,2021-38-605
2,2021-38-606
0,2021-38-607
2,2021-38-608
2,2021-38-609
2,2021-38-610
0,2021-38-611
0,2021-38-701
0,2021-38-702
0,2021-38-703
0,2021-38-704
0,2021-38-705
2,2021-38-706
1,2021-39-101
1,2021-39-102
1,2021-39-103
2,2021-39-104
2,2021-39-105
1,2021-39-106
2,2021-39-107
1,2021-39-108
1,2021-39-109
1,2021-39-110
1,2021-39-111
2,2021-39-112
1,2021-39-113
1,2021-39-114
1,2021-39-115
0,2021-39-116
0,2021-39-117
1,2021-39-118
2,2021-39-119
2,2021-39-120
1,2021-39-201
2,2021-39-202
1,2021-39-203
2,2021-39-204
1,2021-39-205
1,2021-39-206
1,2021-39-207
1,2021-39-208
2,2021-39-209
2,2021-39-210
2,2021-39-211
2,2021-39-212
2,2021-39-213
0,2021-39-214
0,2021-39-215
0,2021-39-216
1,2021-39-301
2,2021-39-302
1,2021-39-303
2,2021-39-304
2,2021-39-305
2,2021-39-306
1,2021-39-307
1,2021-39-308
1,2021-39-401
1,2021-39-402
1,2021-39-403
1,2021-39-404
1,2021-39-405
1,2021-39-406
1,2021-39-407
1,2021-39-408
1,2021-39-409
0,2021-39-410
2,2021-39-501
0,2021-39-502
0,2021-39-503
0,2021-39-504
2,2021-39-505
0,2021-39-506
0,2021-39-507
0,2021-39-508
0,2021-39-509
0,2021-39-510
2,2021-39-511
2,2021-39-601
2,2021-39-602
0,2021-39-603
2,2021-39-604
2,2021-39-605
2,2021-39-606
0,2021-39-607
2,2021-39-608
2,2021-39-609
2,2021-39-610
0,2021-39-611
0,2021-39-701
0,2021-39-702
0,2021-39-703
0,2021-39-704
0,2021-39-705
2,2021-39-706
1,2021-40-101
1,2021-40-102
1,2021-40-103
2,2021-40-104
2,2021-40-105
1,2021-40-106
2,2021-40-107
1,2021-40-108
1,2021-40-109
1,2021-40-110
1,2021-40-111
2,2021-40-112
1,2021-40-113
1,2021-40-114
1,2021-40-115
0,2021-40-116
0,2021-40-117
1,2021-40-118
2,2021-40-119
2,2021-40-120
1,2021-40-201
2,2021-40-202
1,2021-40-203
2,2021-40-204
1,2021-40-205
1,2021-40-206
1,2021-40-207
1,2021-40-208
2,2021-40-209
2,2021-40-210
2,2021-40-211
2,2021-40-212
2,2021-40-213
0,2021-40-214
0,2021-40-215
0,2021-40-216
1,2021-40-301
2,2021-40-302
1,2021-40-303
2,2021-40-304
2,2021-40-305
2,2021-40-306
1,2021-40-307
1,2021-40-308
1,2021-40-401
1,2021-40-402
1,2021-40-403
1,2021-40-404
1,2021-40-405
1,2021-40-406
1,2021-40-407
1,2021-40-408
1,2021-40-409
0,2021-40-410
2,2021-40-501
0,2021-40-502
0,2021-40-503
0,2021-40-504
2,2021-40-505
0,2021-40-506
0,2021-40-507
0,2021-40-508
0,2021-40-509
0,2021-40-510
2,2021-40-511
2,2021-40-601
2,2021-40-602
0,2021-40-603
2,2021-40-604
2,2021-40-605
2,2021-40-606
0,2021-40-607
2,2021-40-608
2,2021-40-609
2,2021-40-610
0,2021-40-611
0,2021-40-701
0,2021-40-702
0,2021-40-703
0,2021-40-704
0,2021-40-705
2,2021-40-706
1,2021-41-101
1,2021-41-102
1,2021-41-103
2,2021-41-104
2,2021-41-105
1,2021-41-106
2,2021-41-107
1,2021-41-108
1,2021-41-109
1,2021-41-110
1,2021-41-111
2,2021-41-112
1,2021-41-113
1,2021-41-114
1,2021-41-115
0,2021-41-116
0,2021-41-117
1,2021-41-118
2,2021-41-119
2,2021-41-120
1,2021-41-201
2,2021-41-202
1,2021-41-203
2,2021-41-204
1,2021-41-205
1,2021-41-206
1,2021-41-207
1,2021-41-208
2,2021-41-209
2,2021-41-210
2,2021-41-211
2,2021-41-212
2,2021-41-213
0,2021-41-214
0,2021-41-215
0,2021-41-216
1,2021-41-301
2,2021-41-302
1,2021-41-303
2,2021-41-304
2,2021-41-305
2,2021-41-306
1,2021-41-307
1,2021-41-308
1,2021-41-401
1,2021-41-402
1,2021-41-403
1,2021-41-404
1,2021-41-405
1,2021-41-406
1,2021-41-407
1,2021-41-408
1,2021-41-409
0,2021-41-410
2,2021-41-501
0,2021-41-502
0,2021-41-503
0,2021-41-504
2,2021-41-505
0,2021-41-506
0,2021-41-507
0,2021-41-508
0,2021-41-509
0,2021-41-510
2,2021-41-511
2,2021-41-601
2,2021-41-602
0,2021-41-603
2,2021-41-604
2,2021-41-605
2,2021-41-606
0,2021-41-607
2,2021-41-608
2,2021-41-609
2,2021-41-610
0,2021-41-611
0,2021-41-701
0,2021-41-702
0,2021-41-703
0,2021-41-704
0,2021-41-705
2,2021-41-706
1,2021-42-101
1,2021-42-102
1,2021-42-103
2,2021-42-104
2,2021-42-105
1,2021-42-106
2,2021-42-107
1,2021-42-108
1,2021-42-109
1,2021-42-110
1,2021-42-111
2,2021-42-112
1,2021-42-113
1,2021-42-114
1,2021-42-115
0,2021-42-116
0,2021-42-117
1,2021-42-118
2,2021-42-119
2,2021-42-120
1,2021-42-201
2,2021-42-202
1,2021-42-203
2,2021-42-204
1,2021-42-205
1,2021-42-206
1,2021-42-207
1,2021-42-208
2,2021-42-209
2,2021-42-210
2,2021-42-211
2,2021-42-212
2,2021-42-213
0,2021-42-214
0,2021-42-215
0,2021-42-216
1,2021-42-301
2,2021-42-302
1,2021-42-303
2,2021-42-304
2,2021-42-305
2,2021-42-306
1,2021-42-307
1,2021-42-308
1,2021-42-401
1,2021-42-402
1,2021-42-403
1,2021-42-404
1,2021-42-405
1,2021-42-406
1,2021-42-407
1,2021-42-408
1,2021-42-409
0,2021-42-410
2,2021-42-501
0,2021-42-502
0,2021-42-503
0,2021-42-504
2,2021-42-505
0,2021-42-506
0,2021-42-507
0,2021-42-508
0,2021-42-509
0,2021-42-510
2,2021-42-511
2,2021-42-601
2,2021-42-602
0,2021-42-603
2,2021-42-604
2,2021-42-605
2,2021-42-606
0,2021-42-607
2,2021-42-608
2,2021-42-609
2,2021-42-610
0,2021-42-611
0,2021-42-701
0,2021-42-702
0,2021-42-703
0,2021-42-704
0,2021-42-705
2,2021-42-706
1,2021-43-101
1,2021-43-102
1,2021-43-103
2,2021-43-104
2,2021-43-105
1,2021-43-106
2,2021-43-107
1,2021-43-108
1,2021-43-109
1,2021-43-110
1,2021-43-111
2,2021-43-112
1,2021-43-113
1,2021-43-114
1,2021-43-115
0,2021-43-116
0,2021-43-117
1,2021-43-118
2,2021-43-119
2,2021-43-120
1,2021-43-201
2,2021-43-202
1,2021-43-203
2,2021-43-204
1,2021-43-205
1,2021-43-206
1,2021-43-207
1,2021-43-208
2,2021-43-209
2,2021-43-210
2,2021-43-211
2,2021-43-212
2,2021-43-213
0,2021-43-214
0,2021-43-215
0,2021-43-216
1,2021-43-301
2,2021-43-302
1,2021-43-303
2,2021-43-304
2,2021-43-305
2,2021-43-306
1,2021-43-307
1,2021-43-308
1,2021-43-401
1,2021-43-402
1,2021-43-403
1,2021-43-404
1,2021-43-405
1,2021-43-406
1,2021-43-407
1,2021-43-408
1,2021-43-409
0,2021-43-410
2,2021-43-501
0,2021-43-502
0,2021-43-503
0,2021-43-504
2,2021-43-505
0,2021-43-506
0,2021-43-507
0,2021-43-508
0,2021-43-509
0,2021-43-510
2,2021-43-511
2,2021-43-601
2,2021-43-602
0,2021-43-603
2,2021-43-604
2,2021-43-605
2,2021-43-606
0,2021-43-607
2,2021-43-608
2,2021-43-609
2,2021-43-610
0,2021-43-611
0,2021-43-701
0,2021-43-702
0,2021-43-703
0,2021-43-704
0,2021-43-705
2,2021-43-706
1,2021-44-101
1,2021-44-102
1,2021-44-103
2,2021-44-104
2,2021-44-105
1,2021-44-106
2,2021-44-107
1,2021-44-108
1,2021-44-109
1,2021-44-110
1,2021-44-111
2,2021-44-112
1,2021-44-113
1,2021-44-114
1,2021-44-115
0,2021-44-116
0,2021-44-117
1,2021-44-118
2,2021-44-119
2,2021-44-120
1,2021-44-201
2,2021-44-202
1,2021-44-203
2,2021-44-204
1,2021-44-205
1,2021-44-206
1,2021-44-207
1,2021-44-208
2,2021-44-209
2,2021-44-210
2,2021-44-211
2,2021-44-212
2,2021-44-213
0,2021-44-214
0,2021-44-215
0,2021-44-216
1,2021-44-301
2,2021-44-302
1,2021-44-303
2,2021-44-304
2,2021-44-305
2,2021-44-306
1,2021-44-307
1,2021-44-308
1,2021-44-401
1,2021-44-402
1,2021-44-403
1,2021-44-404
1,2021-44-405
1,2021-44-406
1,2021-44-407
1,2021-44-408
1,2021-44-409
0,2021-44-410
2,2021-44-501
0,2021-44-502
0,2021-44-503
0,2021-44-504
2,2021-44-505
0,2021-44-506
0,2021-44-507
0,2021-44-508
0,2021-44-509
0,2021-44-510
2,2021-44-511
2,2021-44-601
2,2021-44-602
0,2021-44-603
2,2021-44-604
2,2021-44-605
2,2021-44-606
0,2021-44-607
2,2021-44-608
2,2021-44-609
2,2021-44-610
0,2021-44-611
0,2021-44-701
0,2021-44-702
0,2021-44-703
0,2021-44-704
0,2021-44-705
2,2021-44-706
1,2021-45-101
1,2021-45-102
1,2021-45-103
2,2021-45-104
2,2021-45-105
1,2021-45-106
2,2021-45-107
1,2021-45-108
1,2021-45-109
1,2021-45-110
1,2021-45-111
2,2021-45-112
1,2021-45-113
1,2021-45-114
1,2021-45-115
0,2021-45-116
0,2021-45-117
1,2021-45-118
2,2021-45-119
2,2021-45-120
1,2021-45-201
2,2021-45-202
1,2021-45-203
2,2021-45-204
1,2021-45-205
1,2021-45-206
1,2021-45-207
1,2021-45-208
2,2021-45-209
2,2021-45-210
2,2021-45-211
2,2021-45-212
2,2021-45-213
0,2021-45-214
0,2021-45-215
0,2021-45-216
1,2021-45-301
2,2021-45-302
1,2021-45-303
2,2021-45-304
2,2021-45-305
2,2021-45-306
1,2021-45-307
1,2021-45-308
1,2021-45-401
1,2021-45-402
1,2021-45-403
1,2021-45-404
1,2021-45-405
1,2021-45-406
1,2021-45-407
1,2021-45-408
1,2021-45-409
0,2021-45-410
2,2021-45-501
0,2021-45-502
0,2021-45-503
0,2021-45-504
2,2021-45-505
0,2021-45-506
0,2021-45-507
0,2021-45-508
0,2021-45-509
0,2021-45-510
2,2021-45-511
2,2021-45-601
2,2021-45-602
0,2021-45-603
2,2021-45-604
2,2021-45-605
2,2021-45-606
0,2021-45-607
2,2021-45-608
2,2021-45-609
2,2021-45-610
0,2021-45-611
0,2021-45-701
0,2021-45-702
0,2021-45-703
0,2021-45-704
0,2021-45-705
2,2021-45-706
1,2021-46-101
1,2021-46-102
1,2021-46-103
2,2021-46-104
2,2021-46-105
1,2021-46-106
2,2021-46-107
1,2021-46-108
1,2021-46-109
1,2021-46-110
1,2021-46-111
2,2021-46-112
1,2021-46-113
1,2021-46-114
1,2021-46-115
0,2021-46-116
0,2021-46-117
1,2021-46-118
2,2021-46-119
2,2021-46-120
1,2021-46-201
2,2021-46-202
1,2021-46-203
2,2021-46-204
1,2021-46-205
1,2021-46-206
1,2021-46-207
1,2021-46-208
2,2021-46-209
2,2021-46-210
2,2021-46-211
2,2021-46-212
2,2021-46-213
0,2021-46-214
0,2021-46-215
0,2021-46-216
1,2021-46-301
2,2021-46-302
1,2021-46-303
2,2021-46-304
2,2021-46-305
2,2021-46-306
1,2021-46-307
1,2021-46-308
1,2021-46-401
1,2021-46-402
1,2021-46-403
1,2021-46-404
1,2021-46-405
1,2021-46-406
1,2021-46-407
1,2021-46-408
1,2021-46-409
0,2021-46-410
2,2021-46-501
0,2021-46-502
0,2021-46-503
0,2021-46-504
2,2021-46-505
0,2021-46-506
0,2021-46-507
0,2021-46-508
0,2021-46-509
0,2021-46-510
2,2021-46-511
2,2021-46-601
2,2021-46-602
0,2021-46-603
2,2021-46-604
2,2021-46-605
2,2021-46-606
0,2021-46-607
2,2021-46-608
2,2021-46-609
2,2021-46-610
0,2021-46-611
0,2021-46-701
0,2021-46-702
0,2021-46-703
0,2021-46-704
0,2021-46-705
2,2021-46-706
1,2021-47-101
1,2021-47-102
1,2021-47-103
2,2021-47-104
2,2021-47-105
1,2021-47-106
2,2021-47-107
1,2021-47-108
1,2021-47-109
1,2021-47-110
1,2021-47-111
2,2021-47-112
1,2021-47-113
1,2021-47-114
1,2021-47-115
0,2021-47-116
0,2021-47-117
1,2021-47-118
2,2021-47-119
2,2021-47-120
1,2021-47-201
2,2021-47-202
1,2021-47-203
2,2021-47-204
1,2021-47-205
1,2021-47-206
1,2021-47-207
1,2021-47-208
2,2021-47-209
2,2021-47-210
2,2021-47-211
2,2021-47-212
2,2021-47-213
0,2021-47-214
0,2021-47-215
0,2021-47-216
1,2021-47-301
2,2021-47-302
1,2021-47-303
2,2021-47-304
2,2021-47-305
2,2021-47-306
1,2021-47-307
1,2021-47-308
1,2021-47-401
1,2021-47-402
1,2021-47-403
1,2021-47-404
1,2021-47-405
1,2021-47-406
1,2021-47-407
1,2021-47-408
1,2021-47-409
0,2021-47-410
2,2021-47-501
0,2021-47-502
0,2021-47-503
0,2021-47-504
2,2021-47-505
0,2021-47-506
0,2021-47-507
0,2021-47-508
0,2021-47-509
0,2021-47-510
2,2021-47-511
2,2021-47-601
2,2021-47-602
0,2021-47-603
2,2021-47-604
2,2021-47-605
2,2021-47-606
0,2021-47-607
2,2021-47-608
2,2021-47-609
2,2021-47-610
0,2021-47-611
0,2021-47-701
0,2021-47-702
0,2021-47-703
0,2021-47-704
0,2021-47-705
2,2021-47-706
1,2021-48-101
1,2021-48-102
1,2021-48-103
2,2021-48-104
2,2021-48-105
1,2021-48-106
2,2021-48-107
1,2021-48-108
1,2021-48-109
1,2021-48-110
1,2021-48-111
2,2021-48-112
1,2021-48-113
1,2021-48-114
1,2021-48-115
0,2021-48-116
0,2021-48-117
1,2021-48-118
2,2021-48-119
2,2021-48-120
1,2021-48-201
2,2021-48-202
1,2021-48-203
2,2021-48-204
1,2021-48-205
1,2021-48-206
1,2021-48-207
1,2021-48-208
2,2021-48-209
2,2021-48-210
2,2021-48-211
2,2021-48-212
2,2021-48-213
0,2021-48-214
0,2021-48-215
0,2021-48-216
1,2021-48-301
2,2021-48-302
1,2021-48-303
2,2021-48-304
2,2021-48-305
2,2021-48-306
1,2021-48-307
1,2021-48-308
1,2021-48-401
1,2021-48-402
1,2021-48-403
1,2021-48-404
1,2021-48-405
1,2021-48-406
1,2021-48-407
1,2021-48-408
1,2021-48-409
0,2021-48-410
2,2021-48-501
0,2021-48-502
0,2021-48-503
0,2021-48-504
2,2021-48-505
0,2021-48-506
0,2021-48-507
0,2021-48-508
0,2021-48-509
0,2021-48-510
2,2021-48-511
2,2021-48-601
2,2021-48-602
0,2021-48-603
2,2021-48-604
2,2021-48-605
2,2021-48-606
0,2021-48-607
2,2021-48-608
2,2021-48-609
2,2021-48-610
0,2021-48-611
0,2021-48-701
0,2021-48-702
0,2021-48-703
0,2021-48-704
0,2021-48-705
2,2021-48-706
1,2021-49-101
1,2021-49-102
1,2021-49-103
2,2021-49-104
2,2021-49-105
1,2021-49-106
2,2021-49-107
1,2021-49-108
1,2021-49-109
1,2021-49-110
1,2021-49-111
2,2021-49-112
1,2021-49-113
1,2021-49-114
1,2021-49-115
0,2021-49-116
0,2021-49-117
1,2021-49-118
2,2021-49-119
2,2021-49-120
1,2021-49-201
2,2021-49-202
1,2021-49-203
2,2021-49-204
1,2021-49-205
1,2021-49-206
1,2021-49-207
1,2021-49-208
2,2021-49-209
2,2021-49-210
2,2021-49-211
2,2021-49-212
2,2021-49-213
0,2021-49-214
0,2021-49-215
0,2021-49-216
1,2021-49-301
2,2021-49-302
1,2021-49-303
2,2021-49-304
2,2021-49-305
2,2021-49-306
1,2021-49-307
1,2021-49-308
1,2021-49-401
1,2021-49-402
1,2021-49-403
1,2021-49-404
1,2021-49-405
1,2021-49-406
1,2021-49-407
1,2021-49-408
1,2021-49-409
0,2021-49-410
2,2021-49-501
0,2021-49-502
0,2021-49-503
0,2021-49-504
2,2021-49-505
0,2021-49-506
0,2021-49-507
0,2021-49-508
0,2021-49-509
0,2021-49-510
2,2021-49-511
2,2021-49-601
2,2021-49-602
0,2021-49-603
2,2021-49-604
2,2021-49-605
2,2021-49-606
0,2021-49-607
2,2021-49-608
2,2021-49-609
2,2021-49-610
0,2021-49-611
0,2021-49-701
0,2021-49-702
0,2021-49-703
0,2021-49-704
0,2021-49-705
2,2021-49-706
1,2021-50-101
1,2021-50-102
1,2021-50-103
2,2021-50-104
2,2021-50-105
1,2021-50-106
2,2021-50-107
1,2021-50-108
1,2021-50-109
1,2021-50-110
1,2021-50-111
2,2021-50-112
1,2021-50-113
1,2021-50-114
1,2021-50-115
0,2021-50-116
0,2021-50-117
1,2021-50-118
2,2021-50-119
2,2021-50-120
1,2021-50-201
2,2021-50-202
1,2021-50-203
2,2021-50-204
1,2021-50-205
1,2021-50-206
1,2021-50-207
1,2021-50-208
2,2021-50-209
2,2021-50-210
2,2021-50-211
2,2021-50-212
2,2021-50-213
0,2021-50-214
0,2021-50-215
0,2021-50-216
1,2021-50-301
2,2021-50-302
1,2021-50-303
2,2021-50-304
2,2021-50-305
2,2021-50-306
1,2021-50-307
1,2021-50-308
1,2021-50-401
1,2021-50-402
1,2021-50-403
1,2021-50-404
1,2021-50-405
1,2021-50-406
1,2021-50-407
1,2021-50-408
1,2021-50-409
0,2021-50-410
2,2021-50-501
0,2021-50-502
0,2021-50-503
0,2021-50-504
2,2021-50-505
0,2021-50-506
0,2021-50-507
0,2021-50-508
0,2021-50-509
0,2021-50-510
2,2021-50-511
2,2021-50-601
2,2021-50-602
0,2021-50-603
2,2021-50-604
2,2021-50-605
2,2021-50-606
0,2021-50-607
2,2021-50-608
2,2021-50-609
2,2021-50-610
0,2021-50-611
0,2021-50-701
0,2021-50-702
0,2021-50-703
0,2021-50-704
0,2021-50-705
2,2021-50-706
1,2021-51-101
1,2021-51-102
1,2021-51-103
2,2021-51-104
2,2021-51-105
1,2021-51-106
2,2021-51-107
1,2021-51-108
1,2021-51-109
1,2021-51-110
1,2021-51-111
2,2021-51-112
1,2021-51-113
1,2021-51-114
1,2021-51-115
0,2021-51-116
0,2021-51-117
1,2021-51-118
2,2021-51-119
2,2021-51-120
1,2021-51-201
2,2021-51-202
1,2021-51-203
2,2021-51-204
1,2021-51-205
1,2021-51-206
1,2021-51-207
1,2021-51-208
2,2021-51-209
2,2021-51-210
2,2021-51-211
2,2021-51-212
2,2021-51-213
0,2021-51-214
0,2021-51-215
0,2021-51-216
1,2021-51-301
2,2021-51-302
1,2021-51-303
2,2021-51-304
2,2021-51-305
2,2021-51-306
1,2021-51-307
1,2021-51-308
1,2021-51-401
1,2021-51-402
1,2021-51-403
1,2021-51-404
1,2021-51-405
1,2021-51-406
1,2021-51-407
1,2021-51-408
1,2021-51-409
0,2021-51-410
2,2021-51-501
0,2021-51-502
0,2021-51-503
0,2021-51-504
2,2021-51-505
0,2021-51-506
0,2021-51-507
0,2021-51-508
0,2021-51-509
0,2021-51-510
2,2021-51-511
2,2021-51-601
2,2021-51-602
0,2021-51-603
2,2021-51-604
2,2021-51-605
2,2021-51-606
0,2021-51-607
2,2021-51-608
2,2021-51-609
2,2021-51-610
0,2021-51-611
0,2021-51-701
0,2021-51-702
0,2021-51-703
0,2021-51-704
0,2021-51-705
2,2021-51-706
1,2021-52-101
1,2021-52-102
1,2021-52-103
2,2021-52-104
2,2021-52-105
1,2021-52-106
2,2021-52-107
1,2021-52-108
1,2021-52-109
1,2021-52-110
1,2021-52-111
2,2021-52-112
1,2021-52-113
1,2021-52-114
1,2021-52-115
0,2021-52-116
0,2021-52-117
1,2021-52-118
2,2021-52-119
2,2021-52-120
1,2021-52-201
2,2021-52-202
1,2021-52-203
2,2021-52-204
1,2021-52-205
1,2021-52-206
1,2021-52-207
1,2021-52-208
2,2021-52-209
2,2021-52-210
2,2021-52-211
2,2021-52-212
2,2021-52-213
0,2021-52-214
0,2021-52-215
0,2021-52-216
1,2021-52-301
2,2021-52-302
1,2021-52-303
2,2021-52-304
2,2021-52-305
2,2021-52-306
1,2021-52-307
1,2021-52-308
1,2021-52-401
1,2021-52-402
1,2021-52-403
1,2021-52-404
1,2021-52-405
1,2021-52-406
1,2021-52-407
1,2021-52-408
1,2021-52-409
0,2021-52-410
2,2021-52-501
0,2021-52-502
0,2021-52-503
0,2021-52-504
2,2021-52-505
0,2021-52-506
0,2021-52-507
0,2021-52-508
0,2021-52-509
0,2021-52-510
2,2021-52-511
2,2021-52-601
2,2021-52-602
0,2021-52-603
2,2021-52-604
2,2021-52-605
2,2021-52-606
0,2021-52-607
2,2021-52-608
2,2021-52-609
2,2021-52-610
0,2021-52-611
0,2021-52-701
0,2021-52-702
0,2021-52-703
0,2021-52-704
0,2021-52-705
2,2021-52-706
1,2021-53-101
1,2021-53-102
1,2021-53-103
2,2021-53-104
2,2021-53-105
1,2021-53-106
2,2021-53-107
1,2021-53-108
1,2021-53-109
1,2021-53-110
1,2021-53-111
2,2021-53-112
1,2021-53-113
1,2021-53-114
1,2021-53-115
0,2021-53-116
0,2021-53-117
1,2021-53-118
2,2021-53-119
2,2021-53-120
1,2021-53-201
2,2021-53-202
1,2021-53-203
2,2021-53-204
1,2021-53-205
1,2021-53-206
1,2021-53-207
1,2021-53-208
2,2021-53-209
2,2021-53-210
2,2021-53-211
2,2021-53-212
2,2021-53-213
0,2021-53-214
0,2021-53-215
0,2021-53-216
1,2021-53-301
2,2021-53-302
1,2021-53-303
2,2021-53-304
2,2021-53-305
2,2021-53-306
1,2021-53-307
1,2021-53-308
1,2021-53-401
1,2021-53-402
1,2021-53-403
1,2021-53-404
1,2021-53-405
1,2021-53-406
1,2021-53-407
1,2021-53-408
1,2021-53-409
0,2021-53-410
2,2021-53-501
0,2021-53-502
0,2021-53-503
0,2021-53-504
2,2021-53-505
0,2021-53-506
0,2021-53-507
0,2021-53-508
0,2021-53-509
0,2021-53-510
2,2021-53-511
2,2021-53-601
2,2021-53-602
0,2021-53-603
2,2021-53-604
2,2021-53-605
2,2021-53-606
0,2021-53-607
2,2021-53-608
2,2021-53-609
2,2021-53-610
0,2021-53-611
0,2021-53-701
0,2021-53-702
0,2021-53-703
0,2021-53-704
0,2021-53-705
2,2021-53-706
1,2022-1-101
1,2022-1-102
1,2022-1-103
2,2022-1-104
2,2022-1-105
1,2022-1-106
2,2022-1-107
1,2022-1-108
1,2022-1-109
1,2022-1-110
1,2022-1-111
2,2022-1-112
1,2022-1-113
1,2022-1-114
1,2022-1-115
0,2022-1-116
0,2022-1-117
1,2022-1-118
2,2022-1-119
2,2022-1-120
1,2022-1-201
2,2022-1-202
1,2022-1-203
2,2022-1-204
1,2022-1-205
1,2022-1-206
1,2022-1-207
1,2022-1-208
2,2022-1-209
2,2022-1-210
2,2022-1-211
2,2022-1-212
2,2022-1-213
0,2022-1-214
0,2022-1-215
0,2022-1-216
1,2022-1-301
2,2022-1-302
1,2022-1-303
2,2022-1-304
2,2022-1-305
2,2022-1-306
1,2022-1-307
1,2022-1-308
1,2022-1-401
1,2022-1-402
1,2022-1-403
1,2022-1-404
1,2022-1-405
1,2022-1-406
1,2022-1-407
1,2022-1-408
1,2022-1-409
0,2022-1-410
2,2022-1-501
0,2022-1-502
0,2022-1-503
0,2022-1-504
2,2022-1-505
0,2022-1-506
0,2022-1-507
0,2022-1-508
0,2022-1-509
0,2022-1-510
2,2022-1-511
2,2022-1-601
2,2022-1-602
0,2022-1-603
2,2022-1-604
2,2022-1-605
2,2022-1-606
0,2022-1-607
2,2022-1-608
2,2022-1-609
2,2022-1-610
0,2022-1-611
0,2022-1-701
0,2022-1-702
0,2022-1-703
0,2022-1-704
0,2022-1-705
2,2022-1-706
1,2022-2-101
1,2022-2-102
1,2022-2-103
2,2022-2-104
2,2022-2-105
1,2022-2-106
2,2022-2-107
1,2022-2-108
1,2022-2-109
1,2022-2-110
1,2022-2-111
2,2022-2-112
1,2022-2-113
1,2022-2-114
1,2022-2-115
0,2022-2-116
0,2022-2-117
1,2022-2-118
2,2022-2-119
2,2022-2-120
1,2022-2-201
2,2022-2-202
1,2022-2-203
2,2022-2-204
1,2022-2-205
1,2022-2-206
1,2022-2-207
1,2022-2-208
2,2022-2-209
2,2022-2-210
2,2022-2-211
2,2022-2-212
2,2022-2-213
0,2022-2-214
0,2022-2-215
0,2022-2-216
1,2022-2-301
2,2022-2-302
1,2022-2-303
2,2022-2-304
2,2022-2-305
2,2022-2-306
1,2022-2-307
1,2022-2-308
1,2022-2-401
1,2022-2-402
1,2022-2-403
1,2022-2-404
1,2022-2-405
1,2022-2-406
1,2022-2-407
1,2022-2-408
1,2022-2-409
0,2022-2-410
2,2022-2-501
0,2022-2-502
0,2022-2-503
0,2022-2-504
2,2022-2-505
0,2022-2-506
0,2022-2-507
0,2022-2-508
0,2022-2-509
0,2022-2-510
2,2022-2-511
2,2022-2-601
2,2022-2-602
0,2022-2-603
2,2022-2-604
2,2022-2-605
2,2022-2-606
0,2022-2-607
2,2022-2-608
2,2022-2-609
2,2022-2-610
0,2022-2-611
0,2022-2-701
0,2022-2-702
0,2022-2-703
0,2022-2-704
0,2022-2-705
2,2022-2-706
1,2022-3-101
1,2022-3-102
1,2022-3-103
2,2022-3-104
2,2022-3-105
1,2022-3-106
2,2022-3-107
1,2022-3-108
1,2022-3-109
1,2022-3-110
1,2022-3-111
2,2022-3-112
1,2022-3-113
1,2022-3-114
1,2022-3-115
0,2022-3-116
0,2022-3-117
1,2022-3-118
2,2022-3-119
2,2022-3-120
1,2022-3-201
2,2022-3-202
1,2022-3-203
2,2022-3-204
1,2022-3-205
1,2022-3-206
1,2022-3-207
1,2022-3-208
2,2022-3-209
2,2022-3-210
2,2022-3-211
2,2022-3-212
2,2022-3-213
0,2022-3-214
0,2022-3-215
0,2022-3-216
1,2022-3-301
2,2022-3-302
1,2022-3-303
2,2022-3-304
2,2022-3-305
2,2022-3-306
1,2022-3-307
1,2022-3-308
1,2022-3-401
1,2022-3-402
1,2022-3-403
1,2022-3-404
1,2022-3-405
1,2022-3-406
1,2022-3-407
1,2022-3-408
1,2022-3-409
0,2022-3-410
2,2022-3-501
0,2022-3-502
0,2022-3-503
0,2022-3-504
2,2022-3-505
0,2022-3-506
0,2022-3-507
0,2022-3-508
0,2022-3-509
0,2022-3-510
2,2022-3-511
2,2022-3-601
2,2022-3-602
0,2022-3-603
2,2022-3-604
2,2022-3-605
2,2022-3-606
0,2022-3-607
2,2022-3-608
2,2022-3-609
2,2022-3-610
0,2022-3-611
0,2022-3-701
0,2022-3-702
0,2022-3-703
0,2022-3-704
0,2022-3-705
2,2022-3-706
1,2022-4-101
1,2022-4-102
1,2022-4-103
2,2022-4-104
2,2022-4-105
1,2022-4-106
2,2022-4-107
1,2022-4-108
1,2022-4-109
1,2022-4-110
1,2022-4-111
2,2022-4-112
1,2022-4-113
1,2022-4-114
1,2022-4-115
0,2022-4-116
0,2022-4-117
1,2022-4-118
2,2022-4-119
2,2022-4-120
1,2022-4-201
2,2022-4-202
1,2022-4-203
2,2022-4-204
1,2022-4-205
1,2022-4-206
1,2022-4-207
1,2022-4-208
2,2022-4-209
2,2022-4-210
2,2022-4-211
2,2022-4-212
2,2022-4-213
0,2022-4-214
0,2022-4-215
0,2022-4-216
1,2022-4-301
2,2022-4-302
1,2022-4-303
2,2022-4-304
2,2022-4-305
2,2022-4-306
1,2022-4-307
1,2022-4-308
1,2022-4-401
1,2022-4-402
1,2022-4-403
1,2022-4-404
1,2022-4-405
1,2022-4-406
1,2022-4-407
1,2022-4-408
1,2022-4-409
0,2022-4-410
2,2022-4-501
0,2022-4-502
0,2022-4-503
0,2022-4-504
2,2022-4-505
0,2022-4-506
0,2022-4-507
0,2022-4-508
0,2022-4-509
0,2022-4-510
2,2022-4-511
2,2022-4-601
2,2022-4-602
0,2022-4-603
2,2022-4-604
2,2022-4-605
2,2022-4-606
0,2022-4-607
2,2022-4-608
2,2022-4-609
2,2022-4-610
0,2022-4-611
0,2022-4-701
0,2022-4-702
0,2022-4-703
0,2022-4-704
0,2022-4-705
2,2022-4-706
1,2022-5-101
1,2022-5-102
1,2022-5-103
2,2022-5-104
2,2022-5-105
1,2022-5-106
2,2022-5-107
1,2022-5-108
1,2022-5-109
1,2022-5-110
1,2022-5-111
2,2022-5-112
1,2022-5-113
1,2022-5-114
1,2022-5-115
0,2022-5-116
0,2022-5-117
1,2022-5-118
2,2022-5-119
2,2022-5-120
1,2022-5-201
2,2022-5-202
1,2022-5-203
2,2022-5-204
1,2022-5-205
1,2022-5-206
1,2022-5-207
1,2022-5-208
2,2022-5-209
2,2022-5-210
2,2022-5-211
2,2022-5-212
2,2022-5-213
0,2022-5-214
0,2022-5-215
0,2022-5-216
1,2022-5-301
2,2022-5-302
1,2022-5-303
2,2022-5-304
2,2022-5-305
2,2022-5-306
1,2022-5-307
1,2022-5-308
1,2022-5-401
1,2022-5-402
1,2022-5-403
1,2022-5-404
1,2022-5-405
1,2022-5-406
1,2022-5-407
1,2022-5-408
1,2022-5-409
0,2022-5-410
2,2022-5-501
0,2022-5-502
0,2022-5-503
0,2022-5-504
2,2022-5-505
0,2022-5-506
0,2022-5-507
0,2022-5-508
0,2022-5-509
0,2022-5-510
2,2022-5-511
2,2022-5-601
2,2022-5-602
0,2022-5-603
2,2022-5-604
2,2022-5-605
2,2022-5-606
0,2022-5-607
2,2022-5-608
2,2022-5-609
2,2022-5-610
0,2022-5-611
0,2022-5-701
0,2022-5-702
0,2022-5-703
0,2022-5-704
0,2022-5-705
2,2022-5-706
1,2022-6-101
1,2022-6-102
1,2022-6-103
2,2022-6-104
2,2022-6-105
1,2022-6-106
2,2022-6-107
1,2022-6-108
1,2022-6-109
1,2022-6-110
1,2022-6-111
2,2022-6-112
1,2022-6-113
1,2022-6-114
1,2022-6-115
0,2022-6-116
0,2022-6-117
1,2022-6-118
2,2022-6-119
2,2022-6-120
1,2022-6-201
2,2022-6-202
1,2022-6-203
2,2022-6-204
1,2022-6-205
1,2022-6-206
1,2022-6-207
1,2022-6-208
2,2022-6-209
2,2022-6-210
2,2022-6-211
2,2022-6-212
2,2022-6-213
0,2022-6-214
0,2022-6-215
0,2022-6-216
1,2022-6-301
2,2022-6-302
1,2022-6-303
2,2022-6-304
2,2022-6-305
2,2022-6-306
1,2022-6-307
1,2022-6-308
1,2022-6-401
1,2022-6-402
1,2022-6-403
1,2022-6-404
1,2022-6-405
1,2022-6-406
1,2022-6-407
1,2022-6-408
1,2022-6-409
0,2022-6-410
2,2022-6-501
0,2022-6-502
0,2022-6-503
0,2022-6-504
2,2022-6-505
0,2022-6-506
0,2022-6-507
0,2022-6-508
0,2022-6-509
0,2022-6-510
2,2022-6-511
2,2022-6-601
2,2022-6-602
0,2022-6-603
2,2022-6-604
2,2022-6-605
2,2022-6-606
0,2022-6-607
2,2022-6-608
2,2022-6-609
2,2022-6-610
0,2022-6-611
0,2022-6-701
0,2022-6-702
0,2022-6-703
0,2022-6-704
0,2022-6-705
2,2022-6-706
1,2022-7-101
1,2022-7-102
1,2022-7-103
2,2022-7-104
2,2022-7-105
1,2022-7-106
2,2022-7-107
1,2022-7-108
1,2022-7-109
1,2022-7-110
1,2022-7-111
2,2022-7-112
1,2022-7-113
1,2022-7-114
1,2022-7-115
0,2022-7-116
0,2022-7-117
1,2022-7-118
2,2022-7-119
2,2022-7-120
1,2022-7-201
2,2022-7-202
1,2022-7-203
2,2022-7-204
1,2022-7-205
1,2022-7-206
1,2022-7-207
1,2022-7-208
2,2022-7-209
2,2022-7-210
2,2022-7-211
2,2022-7-212
2,2022-7-213
0,2022-7-214
0,2022-7-215
0,2022-7-216
1,2022-7-301
2,2022-7-302
1,2022-7-303
2,2022-7-304
2,2022-7-305
2,2022-7-306
1,2022-7-307
1,2022-7-308
1,2022-7-401
1,2022-7-402
1,2022-7-403
1,2022-7-404
1,2022-7-405
1,2022-7-406
1,2022-7-407
1,2022-7-408
1,2022-7-409
0,2022-7-410
2,2022-7-501
0,2022-7-502
0,2022-7-503
0,2022-7-504
2,2022-7-505
0,2022-7-506
0,2022-7-507
0,2022-7-508
0,2022-7-509
0,2022-7-510
2,2022-7-511
2,2022-7-601
2,2022-7-602
0,2022-7-603
2,2022-7-604
2,2022-7-605
2,2022-7-606
0,2022-7-607
2,2022-7-608
2,2022-7-609
2,2022-7-610
0,2022-7-611
0,2022-7-701
0,2022-7-702
0,2022-7-703
0,2022-7-704
0,2022-7-705
2,2022-7-706
1,2022-8-101
1,2022-8-102
1,2022-8-103
2,2022-8-104
2,2022-8-105
1,2022-8-106
2,2022-8-107
1,2022-8-108
1,2022-8-109
1,2022-8-110
1,2022-8-111
2,2022-8-112
1,2022-8-113
1,2022-8-114
1,2022-8-115
0,2022-8-116
0,2022-8-117
1,2022-8-118
2,2022-8-119
2,2022-8-120
1,2022-8-201
2,2022-8-202
1,2022-8-203
2,2022-8-204
1,2022-8-205
1,2022-8-206
1,2022-8-207
1,2022-8-208
2,2022-8-209
2,2022-8-210
2,2022-8-211
2,2022-8-212
2,2022-8-213
0,2022-8-214
0,2022-8-215
0,2022-8-216
1,2022-8-301
2,2022-8-302
1,2022-8-303
2,2022-8-304
2,2022-8-305
2,2022-8-306
1,2022-8-307
1,2022-8-308
1,2022-8-401
1,2022-8-402
1,2022-8-403
1,2022-8-404
1,2022-8-405
1,2022-8-406
1,2022-8-407
1,2022-8-408
1,2022-8-409
0,2022-8-410
2,2022-8-501
0,2022-8-502
0,2022-8-503
0,2022-8-504
2,2022-8-505
0,2022-8-506
0,2022-8-507
0,2022-8-508
0,2022-8-509
0,2022-8-510
2,2022-8-511
2,2022-8-601
2,2022-8-602
0,2022-8-603
2,2022-8-604
2,2022-8-605
2,2022-8-606
0,2022-8-607
2,2022-8-608
2,2022-8-609
2,2022-8-610
0,2022-8-611
0,2022-8-701
0,2022-8-702
0,2022-8-703
0,2022-8-704
0,2022-8-705
2,2022-8-706
1,2022-9-101
1,2022-9-102
1,2022-9-103
2,2022-9-104
2,2022-9-105
1,2022-9-106
2,2022-9-107
1,2022-9-108
1,2022-9-109
1,2022-9-110
1,2022-9-111
2,2022-9-112
1,2022-9-113
1,2022-9-114
1,2022-9-115
0,2022-9-116
0,2022-9-117
1,2022-9-118
2,2022-9-119
2,2022-9-120
1,2022-9-201
2,2022-9-202
1,2022-9-203
2,2022-9-204
1,2022-9-205
1,2022-9-206
1,2022-9-207
1,2022-9-208
2,2022-9-209
2,2022-9-210
2,2022-9-211
2,2022-9-212
2,2022-9-213
0,2022-9-214
0,2022-9-215
0,2022-9-216
1,2022-9-301
2,2022-9-302
1,2022-9-303
2,2022-9-304
2,2022-9-305
2,2022-9-306
1,2022-9-307
1,2022-9-308
1,2022-9-401
1,2022-9-402
1,2022-9-403
1,2022-9-404
1,2022-9-405
1,2022-9-406
1,2022-9-407
1,2022-9-408
1,2022-9-409
0,2022-9-410
2,2022-9-501
0,2022-9-502
0,2022-9-503
0,2022-9-504
2,2022-9-505
0,2022-9-506
0,2022-9-507
0,2022-9-508
0,2022-9-509
0,2022-9-510
2,2022-9-511
2,2022-9-601
2,2022-9-602
0,2022-9-603
2,2022-9-604
2,2022-9-605
2,2022-9-606
0,2022-9-607
2,2022-9-608
2,2022-9-609
2,2022-9-610
0,2022-9-611
0,2022-9-701
0,2022-9-702
0,2022-9-703
0,2022-9-704
0,2022-9-705
2,2022-9-706
1,2022-10-101
1,2022-10-102
1,2022-10-103
2,2022-10-104
2,2022-10-105
1,2022-10-106
2,2022-10-107
1,2022-10-108
1,2022-10-109
1,2022-10-110
1,2022-10-111
2,2022-10-112
1,2022-10-113
1,2022-10-114
1,2022-10-115
0,2022-10-116
0,2022-10-117
1,2022-10-118
2,2022-10-119
2,2022-10-120
1,2022-10-201
2,2022-10-202
1,2022-10-203
2,2022-10-204
1,2022-10-205
1,2022-10-206
1,2022-10-207
1,2022-10-208
2,2022-10-209
2,2022-10-210
2,2022-10-211
2,2022-10-212
2,2022-10-213
0,2022-10-214
0,2022-10-215
0,2022-10-216
1,2022-10-301
2,2022-10-302
1,2022-10-303
2,2022-10-304
2,2022-10-305
2,2022-10-306
1,2022-10-307
1,2022-10-308
1,2022-10-401
1,2022-10-402
1,2022-10-403
1,2022-10-404
1,2022-10-405
1,2022-10-406
1,2022-10-407
1,2022-10-408
1,2022-10-409
0,2022-10-410
2,2022-10-501
0,2022-10-502
0,2022-10-503
0,2022-10-504
2,2022-10-505
0,2022-10-506
0,2022-10-507
0,2022-10-508
0,2022-10-509
0,2022-10-510
2,2022-10-511
2,2022-10-601
2,2022-10-602
0,2022-10-603
2,2022-10-604
2,2022-10-605
2,2022-10-606
0,2022-10-607
2,2022-10-608
2,2022-10-609
2,2022-10-610
0,2022-10-611
0,2022-10-701
0,2022-10-702
0,2022-10-703
0,2022-10-704
0,2022-10-705
2,2022-10-706
1,2022-11-101
1,2022-11-102
1,2022-11-103
2,2022-11-104
2,2022-11-105
1,2022-11-106
2,2022-11-107
1,2022-11-108
1,2022-11-109
1,2022-11-110
1,2022-11-111
2,2022-11-112
1,2022-11-113
1,2022-11-114
1,2022-11-115
0,2022-11-116
0,2022-11-117
1,2022-11-118
2,2022-11-119
2,2022-11-120
1,2022-11-201
2,2022-11-202
1,2022-11-203
2,2022-11-204
1,2022-11-205
1,2022-11-206
1,2022-11-207
1,2022-11-208
2,2022-11-209
2,2022-11-210
2,2022-11-211
2,2022-11-212
2,2022-11-213
0,2022-11-214
0,2022-11-215
0,2022-11-216
1,2022-11-301
2,2022-11-302
1,2022-11-303
2,2022-11-304
2,2022-11-305
2,2022-11-306
1,2022-11-307
1,2022-11-308
1,2022-11-401
1,2022-11-402
1,2022-11-403
1,2022-11-404
1,2022-11-405
1,2022-11-406
1,2022-11-407
1,2022-11-408
1,2022-11-409
0,2022-11-410
2,2022-11-501
0,2022-11-502
0,2022-11-503
0,2022-11-504
2,2022-11-505
0,2022-11-506
0,2022-11-507
0,2022-11-508
0,2022-11-509
0,2022-11-510
2,2022-11-511
2,2022-11-601
2,2022-11-602
0,2022-11-603
2,2022-11-604
2,2022-11-605
2,2022-11-606
0,2022-11-607
2,2022-11-608
2,2022-11-609
2,2022-11-610
0,2022-11-611
0,2022-11-701
0,2022-11-702
0,2022-11-703
0,2022-11-704
0,2022-11-705
2,2022-11-706
1,2022-12-101
1,2022-12-102
1,2022-12-103
2,2022-12-104
2,2022-12-105
1,2022-12-106
2,2022-12-107
1,2022-12-108
1,2022-12-109
1,2022-12-110
1,2022-12-111
2,2022-12-112
1,2022-12-113
1,2022-12-114
1,2022-12-115
0,2022-12-116
0,2022-12-117
1,2022-12-118
2,2022-12-119
2,2022-12-120
1,2022-12-201
2,2022-12-202
1,2022-12-203
2,2022-12-204
1,2022-12-205
1,2022-12-206
1,2022-12-207
1,2022-12-208
2,2022-12-209
2,2022-12-210
2,2022-12-211
2,2022-12-212
2,2022-12-213
0,2022-12-214
0,2022-12-215
0,2022-12-216
1,2022-12-301
2,2022-12-302
1,2022-12-303
2,2022-12-304
2,2022-12-305
2,2022-12-306
1,2022-12-307
1,2022-12-308
1,2022-12-401
1,2022-12-402
1,2022-12-403
1,2022-12-404
1,2022-12-405
1,2022-12-406
1,2022-12-407
1,2022-12-408
1,2022-12-409
0,2022-12-410
2,2022-12-501
0,2022-12-502
0,2022-12-503
0,2022-12-504
2,2022-12-505
0,2022-12-506
0,2022-12-507
0,2022-12-508
0,2022-12-509
0,2022-12-510
2,2022-12-511
2,2022-12-601
2,2022-12-602
0,2022-12-603
2,2022-12-604
2,2022-12-605
2,2022-12-606
0,2022-12-607
2,2022-12-608
2,2022-12-609
2,2022-12-610
0,2022-12-611
0,2022-12-701
0,2022-12-702
0,2022-12-703
0,2022-12-704
0,2022-12-705
2,2022-12-706
1,2022-13-101
1,2022-13-102
1,2022-13-103
2,2022-13-104
2,2022-13-105
1,2022-13-106
2,2022-13-107
1,2022-13-108
1,2022-13-109
1,2022-13-110
1,2022-13-111
2,2022-13-112
1,2022-13-113
1,2022-13-114
1,2022-13-115
0,2022-13-116
0,2022-13-117
1,2022-13-118
2,2022-13-119
2,2022-13-120
1,2022-13-201
2,2022-13-202
1,2022-13-203
2,2022-13-204
1,2022-13-205
1,2022-13-206
1,2022-13-207
1,2022-13-208
2,2022-13-209
2,2022-13-210
2,2022-13-211
2,2022-13-212
2,2022-13-213
0,2022-13-214
0,2022-13-215
0,2022-13-216
1,2022-13-301
2,2022-13-302
1,2022-13-303
2,2022-13-304
2,2022-13-305
2,2022-13-306
1,2022-13-307
1,2022-13-308
1,2022-13-401
1,2022-13-402
1,2022-13-403
1,2022-13-404
1,2022-13-405
1,2022-13-406
1,2022-13-407
1,2022-13-408
1,2022-13-409
0,2022-13-410
2,2022-13-501
0,2022-13-502
0,2022-13-503
0,2022-13-504
2,2022-13-505
0,2022-13-506
0,2022-13-507
0,2022-13-508
0,2022-13-509
0,2022-13-510
2,2022-13-511
2,2022-13-601
2,2022-13-602
0,2022-13-603
2,2022-13-604
2,2022-13-605
2,2022-13-606
0,2022-13-607
2,2022-13-608
2,2022-13-609
2,2022-13-610
0,2022-13-611
0,2022-13-701
0,2022-13-702
0,2022-13-703
0,2022-13-704
0,2022-13-705
2,2022-13-706
1,2022-14-101
1,2022-14-102
1,2022-14-103
2,2022-14-104
2,2022-14-105
1,2022-14-106
2,2022-14-107
1,2022-14-108
1,2022-14-109
1,2022-14-110
1,2022-14-111
2,2022-14-112
1,2022-14-113
1,2022-14-114
1,2022-14-115
0,2022-14-116
0,2022-14-117
1,2022-14-118
2,2022-14-119
2,2022-14-120
1,2022-14-201
2,2022-14-202
1,2022-14-203
2,2022-14-204
1,2022-14-205
1,2022-14-206
1,2022-14-207
1,2022-14-208
2,2022-14-209
2,2022-14-210
2,2022-14-211
2,2022-14-212
2,2022-14-213
0,2022-14-214
0,2022-14-215
0,2022-14-216
1,2022-14-301
2,2022-14-302
1,2022-14-303
2,2022-14-304
2,2022-14-305
2,2022-14-306
1,2022-14-307
1,2022-14-308
1,2022-14-401
1,2022-14-402
1,2022-14-403
1,2022-14-404
1,2022-14-405
1,2022-14-406
1,2022-14-407
1,2022-14-408
1,2022-14-409
0,2022-14-410
2,2022-14-501
0,2022-14-502
0,2022-14-503
0,2022-14-504
2,2022-14-505
0,2022-14-506
0,2022-14-507
0,2022-14-508
0,2022-14-509
0,2022-14-510
2,2022-14-511
2,2022-14-601
2,2022-14-602
0,2022-14-603
2,2022-14-604
2,2022-14-605
2,2022-14-606
0,2022-14-607
2,2022-14-608
2,2022-14-609
2,2022-14-610
0,2022-14-611
0,2022-14-701
0,2022-14-702
0,2022-14-703
0,2022-14-704
0,2022-14-705
2,2022-14-706
1,2022-15-101
1,2022-15-102
1,2022-15-103
2,2022-15-104
2,2022-15-105
1,2022-15-106
2,2022-15-107
1,2022-15-108
1,2022-15-109
1,2022-15-110
1,2022-15-111
2,2022-15-112
1,2022-15-113
1,2022-15-114
1,2022-15-115
0,2022-15-116
0,2022-15-117
1,2022-15-118
2,2022-15-119
2,2022-15-120
1,2022-15-201
2,2022-15-202
1,2022-15-203
2,2022-15-204
1,2022-15-205
1,2022-15-206
1,2022-15-207
1,2022-15-208
2,2022-15-209
2,2022-15-210
2,2022-15-211
2,2022-15-212
2,2022-15-213
0,2022-15-214
0,2022-15-215
0,2022-15-216
1,2022-15-301
2,2022-15-302
1,2022-15-303
2,2022-15-304
2,2022-15-305
2,2022-15-306
1,2022-15-307
1,2022-15-308
1,2022-15-401
1,2022-15-402
1,2022-15-403
1,2022-15-404
1,2022-15-405
1,2022-15-406
1,2022-15-407
1,2022-15-408
1,2022-15-409
0,2022-15-410
2,2022-15-501
0,2022-15-502
0,2022-15-503
0,2022-15-504
2,2022-15-505
0,2022-15-506
0,2022-15-507
0,2022-15-508
0,2022-15-509
0,2022-15-510
2,2022-15-511
2,2022-15-601
2,2022-15-602
0,2022-15-603
2,2022-15-604
2,2022-15-605
2,2022-15-606
0,2022-15-607
2,2022-15-608
2,2022-15-609
2,2022-15-610
0,2022-15-611
0,2022-15-701
0,2022-15-702
0,2022-15-703
0,2022-15-704
0,2022-15-705
2,2022-15-706
1,2022-16-101
1,2022-16-102
1,2022-16-103
2,2022-16-104
2,2022-16-105
1,2022-16-106
2,2022-16-107
1,2022-16-108
1,2022-16-109
1,2022-16-110
1,2022-16-111
2,2022-16-112
1,2022-16-113
1,2022-16-114
1,2022-16-115
0,2022-16-116
0,2022-16-117
1,2022-16-118
2,2022-16-119
2,2022-16-120
1,2022-16-201
2,2022-16-202
1,2022-16-203
2,2022-16-204
1,2022-16-205
1,2022-16-206
1,2022-16-207
1,2022-16-208
2,2022-16-209
2,2022-16-210
2,2022-16-211
2,2022-16-212
2,2022-16-213
0,2022-16-214
0,2022-16-215
0,2022-16-216
1,2022-16-301
2,2022-16-302
1,2022-16-303
2,2022-16-304
2,2022-16-305
2,2022-16-306
1,2022-16-307
1,2022-16-308
1,2022-16-401
1,2022-16-402
1,2022-16-403
1,2022-16-404
1,2022-16-405
1,2022-16-406
1,2022-16-407
1,2022-16-408
1,2022-16-409
0,2022-16-410
2,2022-16-501
0,2022-16-502
0,2022-16-503
0,2022-16-504
2,2022-16-505
0,2022-16-506
0,2022-16-507
0,2022-16-508
0,2022-16-509
0,2022-16-510
2,2022-16-511
2,2022-16-601
2,2022-16-602
0,2022-16-603
2,2022-16-604
2,2022-16-605
2,2022-16-606
0,2022-16-607
2,2022-16-608
2,2022-16-609
2,2022-16-610
0,2022-16-611
0,2022-16-701
0,2022-16-702
0,2022-16-703
0,2022-16-704
0,2022-16-705
2,2022-16-706
1,2022-17-101
1,2022-17-102
1,2022-17-103
2,2022-17-104
2,2022-17-105
1,2022-17-106
2,2022-17-107
1,2022-17-108
1,2022-17-109
1,2022-17-110
1,2022-17-111
2,2022-17-112
1,2022-17-113
1,2022-17-114
1,2022-17-115
0,2022-17-116
0,2022-17-117
1,2022-17-118
2,2022-17-119
2,2022-17-120
1,2022-17-201
2,2022-17-202
1,2022-17-203
2,2022-17-204
1,2022-17-205
1,2022-17-206
1,2022-17-207
1,2022-17-208
2,2022-17-209
2,2022-17-210
2,2022-17-211
2,2022-17-212
2,2022-17-213
0,2022-17-214
0,2022-17-215
0,2022-17-216
1,2022-17-301
2,2022-17-302
1,2022-17-303
2,2022-17-304
2,2022-17-305
2,2022-17-306
1,2022-17-307
1,2022-17-308
1,2022-17-401
1,2022-17-402
1,2022-17-403
1,2022-17-404
1,2022-17-405
1,2022-17-406
1,2022-17-407
1,2022-17-408
1,2022-17-409
0,2022-17-410
2,2022-17-501
0,2022-17-502
0,2022-17-503
0,2022-17-504
2,2022-17-505
0,2022-17-506
0,2022-17-507
0,2022-17-508
0,2022-17-509
0,2022-17-510
2,2022-17-511
2,2022-17-601
2,2022-17-602
0,2022-17-603
2,2022-17-604
2,2022-17-605
2,2022-17-606
0,2022-17-607
2,2022-17-608
2,2022-17-609
2,2022-17-610
0,2022-17-611
0,2022-17-701
0,2022-17-702
0,2022-17-703
0,2022-17-704
0,2022-17-705
2,2022-17-706
1,2022-18-101
1,2022-18-102
1,2022-18-103
2,2022-18-104
2,2022-18-105
1,2022-18-106
2,2022-18-107
1,2022-18-108
1,2022-18-109
1,2022-18-110
1,2022-18-111
2,2022-18-112
1,2022-18-113
1,2022-18-114
1,2022-18-115
0,2022-18-116
0,2022-18-117
1,2022-18-118
2,2022-18-119
2,2022-18-120
1,2022-18-201
2,2022-18-202
1,2022-18-203
2,2022-18-204
1,2022-18-205
1,2022-18-206
1,2022-18-207
1,2022-18-208
2,2022-18-209
2,2022-18-210
2,2022-18-211
2,2022-18-212
2,2022-18-213
0,2022-18-214
0,2022-18-215
0,2022-18-216
1,2022-18-301
2,2022-18-302
1,2022-18-303
2,2022-18-304
2,2022-18-305
2,2022-18-306
1,2022-18-307
1,2022-18-308
1,2022-18-401
1,2022-18-402
1,2022-18-403
1,2022-18-404
1,2022-18-405
1,2022-18-406
1,2022-18-407
1,2022-18-408
1,2022-18-409
0,2022-18-410
2,2022-18-501
0,2022-18-502
0,2022-18-503
0,2022-18-504
2,2022-18-505
0,2022-18-506
0,2022-18-507
0,2022-18-508
0,2022-18-509
0,2022-18-510
2,2022-18-511
2,2022-18-601
2,2022-18-602
0,2022-18-603
2,2022-18-604
2,2022-18-605
2,2022-18-606
0,2022-18-607
2,2022-18-608
2,2022-18-609
2,2022-18-610
0,2022-18-611
0,2022-18-701
0,2022-18-702
0,2022-18-703
0,2022-18-704
0,2022-18-705
2,2022-18-706
1,2022-19-101
1,2022-19-102
1,2022-19-103
2,2022-19-104
2,2022-19-105
1,2022-19-106
2,2022-19-107
1,2022-19-108
1,2022-19-109
1,2022-19-110
1,2022-19-111
2,2022-19-112
1,2022-19-113
1,2022-19-114
1,2022-19-115
0,2022-19-116
0,2022-19-117
1,2022-19-118
2,2022-19-119
2,2022-19-120
1,2022-19-201
2,2022-19-202
1,2022-19-203
2,2022-19-204
1,2022-19-205
1,2022-19-206
1,2022-19-207
1,2022-19-208
2,2022-19-209
2,2022-19-210
2,2022-19-211
2,2022-19-212
2,2022-19-213
0,2022-19-214
0,2022-19-215
0,2022-19-216
1,2022-19-301
2,2022-19-302
1,2022-19-303
2,2022-19-304
2,2022-19-305
2,2022-19-306
1,2022-19-307
1,2022-19-308
1,2022-19-401
1,2022-19-402
1,2022-19-403
1,2022-19-404
1,2022-19-405
1,2022-19-406
1,2022-19-407
1,2022-19-408
1,2022-19-409
0,2022-19-410
2,2022-19-501
0,2022-19-502
0,2022-19-503
0,2022-19-504
2,2022-19-505
0,2022-19-506
0,2022-19-507
0,2022-19-508
0,2022-19-509
0,2022-19-510
2,2022-19-511
2,2022-19-601
2,2022-19-602
0,2022-19-603
2,2022-19-604
2,2022-19-605
2,2022-19-606
0,2022-19-607
2,2022-19-608
2,2022-19-609
2,2022-19-610
0,2022-19-611
0,2022-19-701
0,2022-19-702
0,2022-19-703
0,2022-19-704
0,2022-19-705
2,2022-19-706
1,2022-20-101
1,2022-20-102
1,2022-20-103
2,2022-20-104
2,2022-20-105
1,2022-20-106
2,2022-20-107
1,2022-20-108
1,2022-20-109
1,2022-20-110
1,2022-20-111
2,2022-20-112
1,2022-20-113
1,2022-20-114
1,2022-20-115
0,2022-20-116
0,2022-20-117
1,2022-20-118
2,2022-20-119
2,2022-20-120
1,2022-20-201
2,2022-20-202
1,2022-20-203
2,2022-20-204
1,2022-20-205
1,2022-20-206
1,2022-20-207
1,2022-20-208
2,2022-20-209
2,2022-20-210
2,2022-20-211
2,2022-20-212
2,2022-20-213
0,2022-20-214
0,2022-20-215
0,2022-20-216
1,2022-20-301
2,2022-20-302
1,2022-20-303
2,2022-20-304
2,2022-20-305
2,2022-20-306
1,2022-20-307
1,2022-20-308
1,2022-20-401
1,2022-20-402
1,2022-20-403
1,2022-20-404
1,2022-20-405
1,2022-20-406
1,2022-20-407
1,2022-20-408
1,2022-20-409
0,2022-20-410
2,2022-20-501
0,2022-20-502
0,2022-20-503
0,2022-20-504
2,2022-20-505
0,2022-20-506
0,2022-20-507
0,2022-20-508
0,2022-20-509
0,2022-20-510
2,2022-20-511
2,2022-20-601
2,2022-20-602
0,2022-20-603
2,2022-20-604
2,2022-20-605
2,2022-20-606
0,2022-20-607
2,2022-20-608
2,2022-20-609
2,2022-20-610
0,2022-20-611
0,2022-20-701
0,2022-20-702
0,2022-20-703
0,2022-20-704
0,2022-20-705
2,2022-20-706
1,2022-21-101
1,2022-21-102
1,2022-21-103
2,2022-21-104
2,2022-21-105
1,2022-21-106
2,2022-21-107
1,2022-21-108
1,2022-21-109
1,2022-21-110
1,2022-21-111
2,2022-21-112
1,2022-21-113
1,2022-21-114
1,2022-21-115
0,2022-21-116
0,2022-21-117
1,2022-21-118
2,2022-21-119
2,2022-21-120
1,2022-21-201
2,2022-21-202
1,2022-21-203
2,2022-21-204
1,2022-21-205
1,2022-21-206
1,2022-21-207
1,2022-21-208
2,2022-21-209
2,2022-21-210
2,2022-21-211
2,2022-21-212
2,2022-21-213
0,2022-21-214
0,2022-21-215
0,2022-21-216
1,2022-21-301
2,2022-21-302
1,2022-21-303
2,2022-21-304
2,2022-21-305
2,2022-21-306
1,2022-21-307
1,2022-21-308
1,2022-21-401
1,2022-21-402
1,2022-21-403
1,2022-21-404
1,2022-21-405
1,2022-21-406
1,2022-21-407
1,2022-21-408
1,2022-21-409
0,2022-21-410
2,2022-21-501
0,2022-21-502
0,2022-21-503
0,2022-21-504
2,2022-21-505
0,2022-21-506
0,2022-21-507
0,2022-21-508
0,2022-21-509
0,2022-21-510
2,2022-21-511
2,2022-21-601
2,2022-21-602
0,2022-21-603
2,2022-21-604
2,2022-21-605
2,2022-21-606
0,2022-21-607
2,2022-21-608
2,2022-21-609
2,2022-21-610
0,2022-21-611
0,2022-21-701
0,2022-21-702
0,2022-21-703
0,2022-21-704
0,2022-21-705
2,2022-21-706
1,2022-22-101
1,2022-22-102
1,2022-22-103
2,2022-22-104
2,2022-22-105
1,2022-22-106
2,2022-22-107
1,2022-22-108
1,2022-22-109
1,2022-22-110
1,2022-22-111
2,2022-22-112
1,2022-22-113
1,2022-22-114
1,2022-22-115
0,2022-22-116
0,2022-22-117
1,2022-22-118
2,2022-22-119
2,2022-22-120
1,2022-22-201
2,2022-22-202
1,2022-22-203
2,2022-22-204
1,2022-22-205
1,2022-22-206
1,2022-22-207
1,2022-22-208
2,2022-22-209
2,2022-22-210
2,2022-22-211
2,2022-22-212
2,2022-22-213
0,2022-22-214
0,2022-22-215
0,2022-22-216
1,2022-22-301
2,2022-22-302
1,2022-22-303
2,2022-22-304
2,2022-22-305
2,2022-22-306
1,2022-22-307
1,2022-22-308
1,2022-22-401
1,2022-22-402
1,2022-22-403
1,2022-22-404
1,2022-22-405
1,2022-22-406
1,2022-22-407
1,2022-22-408
1,2022-22-409
0,2022-22-410
2,2022-22-501
0,2022-22-502
0,2022-22-503
0,2022-22-504
2,2022-22-505
0,2022-22-506
0,2022-22-507
0,2022-22-508
0,2022-22-509
0,2022-22-510
2,2022-22-511
2,2022-22-601
2,2022-22-602
0,2022-22-603
2,2022-22-604
2,2022-22-605
2,2022-22-606
0,2022-22-607
2,2022-22-608
2,2022-22-609
2,2022-22-610
0,2022-22-611
0,2022-22-701
0,2022-22-702
0,2022-22-703
0,2022-22-704
0,2022-22-705
2,2022-22-706
1,2022-23-101
1,2022-23-102
1,2022-23-103
2,2022-23-104
2,2022-23-105
1,2022-23-106
2,2022-23-107
1,2022-23-108
1,2022-23-109
1,2022-23-110
1,2022-23-111
2,2022-23-112
1,2022-23-113
1,2022-23-114
1,2022-23-115
0,2022-23-116
0,2022-23-117
1,2022-23-118
2,2022-23-119
2,2022-23-120
1,2022-23-201
2,2022-23-202
1,2022-23-203
2,2022-23-204
1,2022-23-205
1,2022-23-206
1,2022-23-207
1,2022-23-208
2,2022-23-209
2,2022-23-210
2,2022-23-211
2,2022-23-212
2,2022-23-213
0,2022-23-214
0,2022-23-215
0,2022-23-216
1,2022-23-301
2,2022-23-302
1,2022-23-303
2,2022-23-304
2,2022-23-305
2,2022-23-306
1,2022-23-307
1,2022-23-308
1,2022-23-401
1,2022-23-402
1,2022-23-403
1,2022-23-404
1,2022-23-405
1,2022-23-406
1,2022-23-407
1,2022-23-408
1,2022-23-409
0,2022-23-410
2,2022-23-501
0,2022-23-502
0,2022-23-503
0,2022-23-504
2,2022-23-505
0,2022-23-506
0,2022-23-507
0,2022-23-508
0,2022-23-509
0,2022-23-510
2,2022-23-511
2,2022-23-601
2,2022-23-602
0,2022-23-603
2,2022-23-604
2,2022-23-605
2,2022-23-606
0,2022-23-607
2,2022-23-608
2,2022-23-609
2,2022-23-610
0,2022-23-611
0,2022-23-701
0,2022-23-702
0,2022-23-703
0,2022-23-704
0,2022-23-705
2,2022-23-706
1,2022-24-101
1,2022-24-102
1,2022-24-103
2,2022-24-104
2,2022-24-105
1,2022-24-106
2,2022-24-107
1,2022-24-108
1,2022-24-109
1,2022-24-110
1,2022-24-111
2,2022-24-112
1,2022-24-113
1,2022-24-114
1,2022-24-115
0,2022-24-116
0,2022-24-117
1,2022-24-118
2,2022-24-119
2,2022-24-120
1,2022-24-201
2,2022-24-202
1,2022-24-203
2,2022-24-204
1,2022-24-205
1,2022-24-206
1,2022-24-207
1,2022-24-208
2,2022-24-209
2,2022-24-210
2,2022-24-211
2,2022-24-212
2,2022-24-213
0,2022-24-214
0,2022-24-215
0,2022-24-216
1,2022-24-301
2,2022-24-302
1,2022-24-303
2,2022-24-304
2,2022-24-305
2,2022-24-306
1,2022-24-307
1,2022-24-308
1,2022-24-401
1,2022-24-402
1,2022-24-403
1,2022-24-404
1,2022-24-405
1,2022-24-406
1,2022-24-407
1,2022-24-408
1,2022-24-409
0,2022-24-410
2,2022-24-501
0,2022-24-502
0,2022-24-503
0,2022-24-504
2,2022-24-505
0,2022-24-506
0,2022-24-507
0,2022-24-508
0,2022-24-509
0,2022-24-510
2,2022-24-511
2,2022-24-601
2,2022-24-602
0,2022-24-603
2,2022-24-604
2,2022-24-605
2,2022-24-606
0,2022-24-607
2,2022-24-608
2,2022-24-609
2,2022-24-610
0,2022-24-611
0,2022-24-701
0,2022-24-702
0,2022-24-703
0,2022-24-704
0,2022-24-705
2,2022-24-706
1,2022-25-101
1,2022-25-102
1,2022-25-103
2,2022-25-104
2,2022-25-105
1,2022-25-106
2,2022-25-107
1,2022-25-108
1,2022-25-109
1,2022-25-110
1,2022-25-111
2,2022-25-112
1,2022-25-113
1,2022-25-114
1,2022-25-115
0,2022-25-116
0,2022-25-117
1,2022-25-118
2,2022-25-119
2,2022-25-120
1,2022-25-201
2,2022-25-202
1,2022-25-203
2,2022-25-204
1,2022-25-205
1,2022-25-206
1,2022-25-207
1,2022-25-208
2,2022-25-209
2,2022-25-210
2,2022-25-211
2,2022-25-212
2,2022-25-213
0,2022-25-214
0,2022-25-215
0,2022-25-216
1,2022-25-301
2,2022-25-302
1,2022-25-303
2,2022-25-304
2,2022-25-305
2,2022-25-306
1,2022-25-307
1,2022-25-308
1,2022-25-401
1,2022-25-402
1,2022-25-403
1,2022-25-404
1,2022-25-405
1,2022-25-406
1,2022-25-407
1,2022-25-408
1,2022-25-409
0,2022-25-410
2,2022-25-501
0,2022-25-502
0,2022-25-503
0,2022-25-504
2,2022-25-505
0,2022-25-506
0,2022-25-507
0,2022-25-508
0,2022-25-509
0,2022-25-510
2,2022-25-511
2,2022-25-601
2,2022-25-602
0,2022-25-603
2,2022-25-604
2,2022-25-605
2,2022-25-606
0,2022-25-607
2,2022-25-608
2,2022-25-609
2,2022-25-610
0,2022-25-611
0,2022-25-701
0,2022-25-702
0,2022-25-703
0,2022-25-704
0,2022-25-705
2,2022-25-706
1,2022-26-101
1,2022-26-102
1,2022-26-103
2,2022-26-104
2,2022-26-105
1,2022-26-106
2,2022-26-107
1,2022-26-108
1,2022-26-109
1,2022-26-110
1,2022-26-111
2,2022-26-112
1,2022-26-113
1,2022-26-114
1,2022-26-115
0,2022-26-116
0,2022-26-117
1,2022-26-118
2,2022-26-119
2,2022-26-120
1,2022-26-201
2,2022-26-202
1,2022-26-203
2,2022-26-204
1,2022-26-205
1,2022-26-206
1,2022-26-207
1,2022-26-208
2,2022-26-209
2,2022-26-210
2,2022-26-211
2,2022-26-212
2,2022-26-213
0,2022-26-214
0,2022-26-215
0,2022-26-216
1,2022-26-301
2,2022-26-302
1,2022-26-303
2,2022-26-304
2,2022-26-305
2,2022-26-306
1,2022-26-307
1,2022-26-308
1,2022-26-401
1,2022-26-402
1,2022-26-403
1,2022-26-404
1,2022-26-405
1,2022-26-406
1,2022-26-407
1,2022-26-408
1,2022-26-409
0,2022-26-410
2,2022-26-501
0,2022-26-502
0,2022-26-503
0,2022-26-504
2,2022-26-505
0,2022-26-506
0,2022-26-507
0,2022-26-508
0,2022-26-509
0,2022-26-510
2,2022-26-511
2,2022-26-601
2,2022-26-602
0,2022-26-603
2,2022-26-604
2,2022-26-605
2,2022-26-606
0,2022-26-607
2,2022-26-608
2,2022-26-609
2,2022-26-610
0,2022-26-611
0,2022-26-701
0,2022-26-702
0,2022-26-703
0,2022-26-704
0,2022-26-705
2,2022-26-706
1,2022-27-101
1,2022-27-102
1,2022-27-103
2,2022-27-104
2,2022-27-105
1,2022-27-106
2,2022-27-107
1,2022-27-108
1,2022-27-109
1,2022-27-110
1,2022-27-111
2,2022-27-112
1,2022-27-113
1,2022-27-114
1,2022-27-115
0,2022-27-116
0,2022-27-117
1,2022-27-118
2,2022-27-119
2,2022-27-120
1,2022-27-201
2,2022-27-202
1,2022-27-203
2,2022-27-204
1,2022-27-205
1,2022-27-206
1,2022-27-207
1,2022-27-208
2,2022-27-209
2,2022-27-210
2,2022-27-211
2,2022-27-212
2,2022-27-213
0,2022-27-214
0,2022-27-215
0,2022-27-216
1,2022-27-301
2,2022-27-302
1,2022-27-303
2,2022-27-304
2,2022-27-305
2,2022-27-306
1,2022-27-307
1,2022-27-308
1,2022-27-401
1,2022-27-402
1,2022-27-403
1,2022-27-404
1,2022-27-405
1,2022-27-406
1,2022-27-407
1,2022-27-408
1,2022-27-409
0,2022-27-410
2,2022-27-501
0,2022-27-502
0,2022-27-503
0,2022-27-504
2,2022-27-505
0,2022-27-506
0,2022-27-507
0,2022-27-508
0,2022-27-509
0,2022-27-510
2,2022-27-511
2,2022-27-601
2,2022-27-602
0,2022-27-603
2,2022-27-604
2,2022-27-605
2,2022-27-606
0,2022-27-607
2,2022-27-608
2,2022-27-609
2,2022-27-610
0,2022-27-611
0,2022-27-701
0,2022-27-702
0,2022-27-703
0,2022-27-704
0,2022-27-705
2,2022-27-706
1,2022-28-101
1,2022-28-102
1,2022-28-103
2,2022-28-104
2,2022-28-105
1,2022-28-106
2,2022-28-107
1,2022-28-108
1,2022-28-109
1,2022-28-110
1,2022-28-111
2,2022-28-112
1,2022-28-113
1,2022-28-114
1,2022-28-115
0,2022-28-116
0,2022-28-117
1,2022-28-118
2,2022-28-119
2,2022-28-120
1,2022-28-201
2,2022-28-202
1,2022-28-203
2,2022-28-204
1,2022-28-205
1,2022-28-206
1,2022-28-207
1,2022-28-208
2,2022-28-209
2,2022-28-210
2,2022-28-211
2,2022-28-212
2,2022-28-213
0,2022-28-214
0,2022-28-215
0,2022-28-216
1,2022-28-301
2,2022-28-302
1,2022-28-303
2,2022-28-304
2,2022-28-305
2,2022-28-306
1,2022-28-307
1,2022-28-308
1,2022-28-401
1,2022-28-402
1,2022-28-403
1,2022-28-404
1,2022-28-405
1,2022-28-406
1,2022-28-407
1,2022-28-408
1,2022-28-409
0,2022-28-410
2,2022-28-501
0,2022-28-502
0,2022-28-503
0,2022-28-504
2,2022-28-505
0,2022-28-506
0,2022-28-507
0,2022-28-508
0,2022-28-509
0,2022-28-510
2,2022-28-511
2,2022-28-601
2,2022-28-602
0,2022-28-603
2,2022-28-604
2,2022-28-605
2,2022-28-606
0,2022-28-607
2,2022-28-608
2,2022-28-609
2,2022-28-610
0,2022-28-611
0,2022-28-701
0,2022-28-702
0,2022-28-703
0,2022-28-704
0,2022-28-705
2,2022-28-706
1,2022-29-101
1,2022-29-102
1,2022-29-103
2,2022-29-104
2,2022-29-105
1,2022-29-106
2,2022-29-107
1,2022-29-108
1,2022-29-109
1,2022-29-110
1,2022-29-111
2,2022-29-112
1,2022-29-113
1,2022-29-114
1,2022-29-115
0,2022-29-116
0,2022-29-117
1,2022-29-118
2,2022-29-119
2,2022-29-120
1,2022-29-201
2,2022-29-202
1,2022-29-203
2,2022-29-204
1,2022-29-205
1,2022-29-206
1,2022-29-207
1,2022-29-208
2,2022-29-209
2,2022-29-210
2,2022-29-211
2,2022-29-212
2,2022-29-213
0,2022-29-214
0,2022-29-215
0,2022-29-216
1,2022-29-301
2,2022-29-302
1,2022-29-303
2,2022-29-304
2,2022-29-305
2,2022-29-306
1,2022-29-307
1,2022-29-308
1,2022-29-401
1,2022-29-402
1,2022-29-403
1,2022-29-404
1,2022-29-405
1,2022-29-406
1,2022-29-407
1,2022-29-408
1,2022-29-409
0,2022-29-410
2,2022-29-501
0,2022-29-502
0,2022-29-503
0,2022-29-504
2,2022-29-505
0,2022-29-506
0,2022-29-507
0,2022-29-508
0,2022-29-509
0,2022-29-510
2,2022-29-511
2,2022-29-601
2,2022-29-602
0,2022-29-603
2,2022-29-604
2,2022-29-605
2,2022-29-606
0,2022-29-607
2,2022-29-608
2,2022-29-609
2,2022-29-610
0,2022-29-611
0,2022-29-701
0,2022-29-702
0,2022-29-703
0,2022-29-704
0,2022-29-705
2,2022-29-706
1,2022-30-101
1,2022-30-102
1,2022-30-103
2,2022-30-104
2,2022-30-105
1,2022-30-106
2,2022-30-107
1,2022-30-108
1,2022-30-109
1,2022-30-110
1,2022-30-111
2,2022-30-112
1,2022-30-113
1,2022-30-114
1,2022-30-115
0,2022-30-116
0,2022-30-117
1,2022-30-118
2,2022-30-119
2,2022-30-120
1,2022-30-201
2,2022-30-202
1,2022-30-203
2,2022-30-204
1,2022-30-205
1,2022-30-206
1,2022-30-207
1,2022-30-208
2,2022-30-209
2,2022-30-210
2,2022-30-211
2,2022-30-212
2,2022-30-213
0,2022-30-214
0,2022-30-215
0,2022-30-216
1,2022-30-301
2,2022-30-302
1,2022-30-303
2,2022-30-304
2,2022-30-305
2,2022-30-306
1,2022-30-307
1,2022-30-308
1,2022-30-401
1,2022-30-402
1,2022-30-403
1,2022-30-404
1,2022-30-405
1,2022-30-406
1,2022-30-407
1,2022-30-408
1,2022-30-409
0,2022-30-410
2,2022-30-501
0,2022-30-502
0,2022-30-503
0,2022-30-504
2,2022-30-505
0,2022-30-506
0,2022-30-507
0,2022-30-508
0,2022-30-509
0,2022-30-510
2,2022-30-511
2,2022-30-601
2,2022-30-602
0,2022-30-603
2,2022-30-604
2,2022-30-605
2,2022-30-606
0,2022-30-607
2,2022-30-608
2,2022-30-609
2,2022-30-610
0,2022-30-611
0,2022-30-701
0,2022-30-702
0,2022-30-703
0,2022-30-704
0,2022-30-705
2,2022-30-706
1,2022-31-101
1,2022-31-102
1,2022-31-103
2,2022-31-104
2,2022-31-105
1,2022-31-106
2,2022-31-107
1,2022-31-108
1,2022-31-109
1,2022-31-110
1,2022-31-111
2,2022-31-112
1,2022-31-113
1,2022-31-114
1,2022-31-115
0,2022-31-116
0,2022-31-117
1,2022-31-118
2,2022-31-119
2,2022-31-120
1,2022-31-201
2,2022-31-202
1,2022-31-203
2,2022-31-204
1,2022-31-205
1,2022-31-206
1,2022-31-207
1,2022-31-208
2,2022-31-209
2,2022-31-210
2,2022-31-211
2,2022-31-212
2,2022-31-213
0,2022-31-214
0,2022-31-215
0,2022-31-216
1,2022-31-301
2,2022-31-302
1,2022-31-303
2,2022-31-304
2,2022-31-305
2,2022-31-306
1,2022-31-307
1,2022-31-308
1,2022-31-401
1,2022-31-402
1,2022-31-403
1,2022-31-404
1,2022-31-405
1,2022-31-406
1,2022-31-407
1,2022-31-408
1,2022-31-409
0,2022-31-410
2,2022-31-501
0,2022-31-502
0,2022-31-503
0,2022-31-504
2,2022-31-505
0,2022-31-506
0,2022-31-507
0,2022-31-508
0,2022-31-509
0,2022-31-510
2,2022-31-511
2,2022-31-601
2,2022-31-602
0,2022-31-603
2,2022-31-604
2,2022-31-605
2,2022-31-606
0,2022-31-607
2,2022-31-608
2,2022-31-609
2,2022-31-610
0,2022-31-611
0,2022-31-701
0,2022-31-702
0,2022-31-703
0,2022-31-704
0,2022-31-705
2,2022-31-706
1,2022-32-101
1,2022-32-102
1,2022-32-103
2,2022-32-104
2,2022-32-105
1,2022-32-106
2,2022-32-107
1,2022-32-108
1,2022-32-109
1,2022-32-110
1,2022-32-111
2,2022-32-112
1,2022-32-113
1,2022-32-114
1,2022-32-115
0,2022-32-116
0,2022-32-117
1,2022-32-118
2,2022-32-119
2,2022-32-120
1,2022-32-201
2,2022-32-202
1,2022-32-203
2,2022-32-204
1,2022-32-205
1,2022-32-206
1,2022-32-207
1,2022-32-208
2,2022-32-209
2,2022-32-210
2,2022-32-211
2,2022-32-212
2,2022-32-213
0,2022-32-214
0,2022-32-215
0,2022-32-216
1,2022-32-301
2,2022-32-302
1,2022-32-303
2,2022-32-304
2,2022-32-305
2,2022-32-306
1,2022-32-307
1,2022-32-308
1,2022-32-401
1,2022-32-402
1,2022-32-403
1,2022-32-404
1,2022-32-405
1,2022-32-406
1,2022-32-407
1,2022-32-408
1,2022-32-409
0,2022-32-410
2,2022-32-501
0,2022-32-502
0,2022-32-503
0,2022-32-504
2,2022-32-505
0,2022-32-506
0,2022-32-507
0,2022-32-508
0,2022-32-509
0,2022-32-510
2,2022-32-511
2,2022-32-601
2,2022-32-602
0,2022-32-603
2,2022-32-604
2,2022-32-605
2,2022-32-606
0,2022-32-607
2,2022-32-608
2,2022-32-609
2,2022-32-610
0,2022-32-611
0,2022-32-701
0,2022-32-702
0,2022-32-703
0,2022-32-704
0,2022-32-705
2,2022-32-706
1,2022-33-101
1,2022-33-102
1,2022-33-103
2,2022-33-104
2,2022-33-105
1,2022-33-106
2,2022-33-107
1,2022-33-108
1,2022-33-109
1,2022-33-110
1,2022-33-111
2,2022-33-112
1,2022-33-113
1,2022-33-114
1,2022-33-115
0,2022-33-116
0,2022-33-117
1,2022-33-118
2,2022-33-119
2,2022-33-120
1,2022-33-201
2,2022-33-202
1,2022-33-203
2,2022-33-204
1,2022-33-205
1,2022-33-206
1,2022-33-207
1,2022-33-208
2,2022-33-209
2,2022-33-210
2,2022-33-211
2,2022-33-212
2,2022-33-213
0,2022-33-214
0,2022-33-215
0,2022-33-216
1,2022-33-301
2,2022-33-302
1,2022-33-303
2,2022-33-304
2,2022-33-305
2,2022-33-306
1,2022-33-307
1,2022-33-308
1,2022-33-401
1,2022-33-402
1,2022-33-403
1,2022-33-404
1,2022-33-405
1,2022-33-406
1,2022-33-407
1,2022-33-408
1,2022-33-409
0,2022-33-410
2,2022-33-501
0,2022-33-502
0,2022-33-503
0,2022-33-504
2,2022-33-505
0,2022-33-506
0,2022-33-507
0,2022-33-508
0,2022-33-509
0,2022-33-510
2,2022-33-511
2,2022-33-601
2,2022-33-602
0,2022-33-603
2,2022-33-604
2,2022-33-605
2,2022-33-606
0,2022-33-607
2,2022-33-608
2,2022-33-609
2,2022-33-610
0,2022-33-611
0,2022-33-701
0,2022-33-702
0,2022-33-703
0,2022-33-704
0,2022-33-705
2,2022-33-706
1,2022-34-101
1,2022-34-102
1,2022-34-103
2,2022-34-104
2,2022-34-105
1,2022-34-106
2,2022-34-107
1,2022-34-108
1,2022-34-109
1,2022-34-110
1,2022-34-111
2,2022-34-112
1,2022-34-113
1,2022-34-114
1,2022-34-115
0,2022-34-116
0,2022-34-117
1,2022-34-118
2,2022-34-119
2,2022-34-120
1,2022-34-201
2,2022-34-202
1,2022-34-203
2,2022-34-204
1,2022-34-205
1,2022-34-206
1,2022-34-207
1,2022-34-208
2,2022-34-209
2,2022-34-210
2,2022-34-211
2,2022-34-212
2,2022-34-213
0,2022-34-214
0,2022-34-215
0,2022-34-216
1,2022-34-301
2,2022-34-302
1,2022-34-303
2,2022-34-304
2,2022-34-305
2,2022-34-306
1,2022-34-307
1,2022-34-308
1,2022-34-401
1,2022-34-402
1,2022-34-403
1,2022-34-404
1,2022-34-405
1,2022-34-406
1,2022-34-407
1,2022-34-408
1,2022-34-409
0,2022-34-410
2,2022-34-501
0,2022-34-502
0,2022-34-503
0,2022-34-504
2,2022-34-505
0,2022-34-506
0,2022-34-507
0,2022-34-508
0,2022-34-509
0,2022-34-510
2,2022-34-511
2,2022-34-601
2,2022-34-602
0,2022-34-603
2,2022-34-604
2,2022-34-605
2,2022-34-606
0,2022-34-607
2,2022-34-608
2,2022-34-609
2,2022-34-610
0,2022-34-611
0,2022-34-701
0,2022-34-702
0,2022-34-703
0,2022-34-704
0,2022-34-705
2,2022-34-706
1,2022-35-101
1,2022-35-102
1,2022-35-103
2,2022-35-104
2,2022-35-105
1,2022-35-106
2,2022-35-107
1,2022-35-108
1,2022-35-109
1,2022-35-110
1,2022-35-111
2,2022-35-112
1,2022-35-113
1,2022-35-114
1,2022-35-115
0,2022-35-116
0,2022-35-117
1,2022-35-118
2,2022-35-119
2,2022-35-120
1,2022-35-201
2,2022-35-202
1,2022-35-203
2,2022-35-204
1,2022-35-205
1,2022-35-206
1,2022-35-207
1,2022-35-208
2,2022-35-209
2,2022-35-210
2,2022-35-211
2,2022-35-212
2,2022-35-213
0,2022-35-214
0,2022-35-215
0,2022-35-216
1,2022-35-301
2,2022-35-302
1,2022-35-303
2,2022-35-304
2,2022-35-305
2,2022-35-306
1,2022-35-307
1,2022-35-308
1,2022-35-401
1,2022-35-402
1,2022-35-403
1,2022-35-404
1,2022-35-405
1,2022-35-406
1,2022-35-407
1,2022-35-408
1,2022-35-409
0,2022-35-410
2,2022-35-501
0,2022-35-502
0,2022-35-503
0,2022-35-504
2,2022-35-505
0,2022-35-506
0,2022-35-507
0,2022-35-508
0,2022-35-509
0,2022-35-510
2,2022-35-511
2,2022-35-601
2,2022-35-602
0,2022-35-603
2,2022-35-604
2,2022-35-605
2,2022-35-606
0,2022-35-607
2,2022-35-608
2,2022-35-609
2,2022-35-610
0,2022-35-611
0,2022-35-701
0,2022-35-702
0,2022-35-703
0,2022-35-704
0,2022-35-705
2,2022-35-706
1,2022-36-101
1,2022-36-102
1,2022-36-103
2,2022-36-104
2,2022-36-105
1,2022-36-106
2,2022-36-107
1,2022-36-108
1,2022-36-109
1,2022-36-110
1,2022-36-111
2,2022-36-112
1,2022-36-113
1,2022-36-114
1,2022-36-115
0,2022-36-116
0,2022-36-117
1,2022-36-118
2,2022-36-119
2,2022-36-120
1,2022-36-201
2,2022-36-202
1,2022-36-203
2,2022-36-204
1,2022-36-205
1,2022-36-206
1,2022-36-207
1,2022-36-208
2,2022-36-209
2,2022-36-210
2,2022-36-211
2,2022-36-212
2,2022-36-213
0,2022-36-214
0,2022-36-215
0,2022-36-216
1,2022-36-301
2,2022-36-302
1,2022-36-303
2,2022-36-304
2,2022-36-305
2,2022-36-306
1,2022-36-307
1,2022-36-308
1,2022-36-401
1,2022-36-402
1,2022-36-403
1,2022-36-404
1,2022-36-405
1,2022-36-406
1,2022-36-407
1,2022-36-408
1,2022-36-409
0,2022-36-410
2,2022-36-501
0,2022-36-502
0,2022-36-503
0,2022-36-504
2,2022-36-505
0,2022-36-506
0,2022-36-507
0,2022-36-508
0,2022-36-509
0,2022-36-510
2,2022-36-511
2,2022-36-601
2,2022-36-602
0,2022-36-603
2,2022-36-604
2,2022-36-605
2,2022-36-606
0,2022-36-607
2,2022-36-608
2,2022-36-609
2,2022-36-610
0,2022-36-611
0,2022-36-701
0,2022-36-702
0,2022-36-703
0,2022-36-704
0,2022-36-705
2,2022-36-706
1,2022-37-101
1,2022-37-102
1,2022-37-103
2,2022-37-104
2,2022-37-105
1,2022-37-106
2,2022-37-107
1,2022-37-108
1,2022-37-109
1,2022-37-110
1,2022-37-111
2,2022-37-112
1,2022-37-113
1,2022-37-114
1,2022-37-115
0,2022-37-116
0,2022-37-117
1,2022-37-118
2,2022-37-119
2,2022-37-120
1,2022-37-201
2,2022-37-202
1,2022-37-203
2,2022-37-204
1,2022-37-205
1,2022-37-206
1,2022-37-207
1,2022-37-208
2,2022-37-209
2,2022-37-210
2,2022-37-211
2,2022-37-212
2,2022-37-213
0,2022-37-214
0,2022-37-215
0,2022-37-216
1,2022-37-301
2,2022-37-302
1,2022-37-303
2,2022-37-304
2,2022-37-305
2,2022-37-306
1,2022-37-307
1,2022-37-308
1,2022-37-401
1,2022-37-402
1,2022-37-403
1,2022-37-404
1,2022-37-405
1,2022-37-406
1,2022-37-407
1,2022-37-408
1,2022-37-409
0,2022-37-410
2,2022-37-501
0,2022-37-502
0,2022-37-503
0,2022-37-504
2,2022-37-505
0,2022-37-506
0,2022-37-507
0,2022-37-508
0,2022-37-509
0,2022-37-510
2,2022-37-511
2,2022-37-601
2,2022-37-602
0,2022-37-603
2,2022-37-604
2,2022-37-605
2,2022-37-606
0,2022-37-607
2,2022-37-608
2,2022-37-609
2,2022-37-610
0,2022-37-611
0,2022-37-701
0,2022-37-702
0,2022-37-703
0,2022-37-704
0,2022-37-705
2,2022-37-706
1,2022-38-101
1,2022-38-102
1,2022-38-103
2,2022-38-104
2,2022-38-105
1,2022-38-106
2,2022-38-107
1,2022-38-108
1,2022-38-109
1,2022-38-110
1,2022-38-111
2,2022-38-112
1,2022-38-113
1,2022-38-114
1,2022-38-115
0,2022-38-116
0,2022-38-117
1,2022-38-118
2,2022-38-119
2,2022-38-120
1,2022-38-201
2,2022-38-202
1,2022-38-203
2,2022-38-204
1,2022-38-205
1,2022-38-206
1,2022-38-207
1,2022-38-208
2,2022-38-209
2,2022-38-210
2,2022-38-211
2,2022-38-212
2,2022-38-213
0,2022-38-214
0,2022-38-215
0,2022-38-216
1,2022-38-301
2,2022-38-302
1,2022-38-303
2,2022-38-304
2,2022-38-305
2,2022-38-306
1,2022-38-307
1,2022-38-308
1,2022-38-401
1,2022-38-402
1,2022-38-403
1,2022-38-404
1,2022-38-405
1,2022-38-406
1,2022-38-407
1,2022-38-408
1,2022-38-409
0,2022-38-410
2,2022-38-501
0,2022-38-502
0,2022-38-503
0,2022-38-504
2,2022-38-505
0,2022-38-506
0,2022-38-507
0,2022-38-508
0,2022-38-509
0,2022-38-510
2,2022-38-511
2,2022-38-601
2,2022-38-602
0,2022-38-603
2,2022-38-604
2,2022-38-605
2,2022-38-606
0,2022-38-607
2,2022-38-608
2,2022-38-609
2,2022-38-610
0,2022-38-611
0,2022-38-701
0,2022-38-702
0,2022-38-703
0,2022-38-704
0,2022-38-705
2,2022-38-706
1,2022-39-101
1,2022-39-102
1,2022-39-103
2,2022-39-104
2,2022-39-105
1,2022-39-106
2,2022-39-107
1,2022-39-108
1,2022-39-109
1,2022-39-110
1,2022-39-111
2,2022-39-112
1,2022-39-113
1,2022-39-114
1,2022-39-115
0,2022-39-116
0,2022-39-117
1,2022-39-118
2,2022-39-119
2,2022-39-120
1,2022-39-201
2,2022-39-202
1,2022-39-203
2,2022-39-204
1,2022-39-205
1,2022-39-206
1,2022-39-207
1,2022-39-208
2,2022-39-209
2,2022-39-210
2,2022-39-211
2,2022-39-212
2,2022-39-213
0,2022-39-214
0,2022-39-215
0,2022-39-216
1,2022-39-301
2,2022-39-302
1,2022-39-303
2,2022-39-304
2,2022-39-305
2,2022-39-306
1,2022-39-307
1,2022-39-308
1,2022-39-401
1,2022-39-402
1,2022-39-403
1,2022-39-404
1,2022-39-405
1,2022-39-406
1,2022-39-407
1,2022-39-408
1,2022-39-409
0,2022-39-410
2,2022-39-501
0,2022-39-502
0,2022-39-503
0,2022-39-504
2,2022-39-505
0,2022-39-506
0,2022-39-507
0,2022-39-508
0,2022-39-509
0,2022-39-510
2,2022-39-511
2,2022-39-601
2,2022-39-602
0,2022-39-603
2,2022-39-604
2,2022-39-605
2,2022-39-606
0,2022-39-607
2,2022-39-608
2,2022-39-609
2,2022-39-610
0,2022-39-611
0,2022-39-701
0,2022-39-702
0,2022-39-703
0,2022-39-704
0,2022-39-705
2,2022-39-706
1,2022-40-101
1,2022-40-102
1,2022-40-103
2,2022-40-104
2,2022-40-105
1,2022-40-106
2,2022-40-107
1,2022-40-108
1,2022-40-109
1,2022-40-110
1,2022-40-111
2,2022-40-112
1,2022-40-113
1,2022-40-114
1,2022-40-115
0,2022-40-116
0,2022-40-117
1,2022-40-118
2,2022-40-119
2,2022-40-120
1,2022-40-201
2,2022-40-202
1,2022-40-203
2,2022-40-204
1,2022-40-205
1,2022-40-206
1,2022-40-207
1,2022-40-208
2,2022-40-209
2,2022-40-210
2,2022-40-211
2,2022-40-212
2,2022-40-213
0,2022-40-214
0,2022-40-215
0,2022-40-216
1,2022-40-301
2,2022-40-302
1,2022-40-303
2,2022-40-304
2,2022-40-305
2,2022-40-306
1,2022-40-307
1,2022-40-308
1,2022-40-401
1,2022-40-402
1,2022-40-403
1,2022-40-404
1,2022-40-405
1,2022-40-406
1,2022-40-407
1,2022-40-408
1,2022-40-409
0,2022-40-410
2,2022-40-501
0,2022-40-502
0,2022-40-503
0,2022-40-504
2,2022-40-505
0,2022-40-506
0,2022-40-507
0,2022-40-508
0,2022-40-509
0,2022-40-510
2,2022-40-511
2,2022-40-601
2,2022-40-602
0,2022-40-603
2,2022-40-604
2,2022-40-605
2,2022-40-606
0,2022-40-607
2,2022-40-608
2,2022-40-609
2,2022-40-610
0,2022-40-611
0,2022-40-701
0,2022-40-702
0,2022-40-703
0,2022-40-704
0,2022-40-705
2,2022-40-706
1,2022-41-101
1,2022-41-102
1,2022-41-103
2,2022-41-104
2,2022-41-105
1,2022-41-106
2,2022-41-107
1,2022-41-108
1,2022-41-109
1,2022-41-110
1,2022-41-111
2,2022-41-112
1,2022-41-113
1,2022-41-114
1,2022-41-115
0,2022-41-116
0,2022-41-117
1,2022-41-118
2,2022-41-119
2,2022-41-120
1,2022-41-201
2,2022-41-202
1,2022-41-203
2,2022-41-204
1,2022-41-205
1,2022-41-206
1,2022-41-207
1,2022-41-208
2,2022-41-209
2,2022-41-210
2,2022-41-211
2,2022-41-212
2,2022-41-213
0,2022-41-214
0,2022-41-215
0,2022-41-216
1,2022-41-301
2,2022-41-302
1,2022-41-303
2,2022-41-304
2,2022-41-305
2,2022-41-306
1,2022-41-307
1,2022-41-308
1,2022-41-401
1,2022-41-402
1,2022-41-403
1,2022-41-404
1,2022-41-405
1,2022-41-406
1,2022-41-407
1,2022-41-408
1,2022-41-409
0,2022-41-410
2,2022-41-501
0,2022-41-502
0,2022-41-503
0,2022-41-504
2,2022-41-505
0,2022-41-506
0,2022-41-507
0,2022-41-508
0,2022-41-509
0,2022-41-510
2,2022-41-511
2,2022-41-601
2,2022-41-602
0,2022-41-603
2,2022-41-604
2,2022-41-605
2,2022-41-606
0,2022-41-607
2,2022-41-608
2,2022-41-609
2,2022-41-610
0,2022-41-611
0,2022-41-701
0,2022-41-702
0,2022-41-703
0,2022-41-704
0,2022-41-705
2,2022-41-706
1,2022-42-101
1,2022-42-102
1,2022-42-103
2,2022-42-104
2,2022-42-105
1,2022-42-106
2,2022-42-107
1,2022-42-108
1,2022-42-109
1,2022-42-110
1,2022-42-111
2,2022-42-112
1,2022-42-113
1,2022-42-114
1,2022-42-115
0,2022-42-116
0,2022-42-117
1,2022-42-118
2,2022-42-119
2,2022-42-120
1,2022-42-201
2,2022-42-202
1,2022-42-203
2,2022-42-204
1,2022-42-205
1,2022-42-206
1,2022-42-207
1,2022-42-208
2,2022-42-209
2,2022-42-210
2,2022-42-211
2,2022-42-212
2,2022-42-213
0,2022-42-214
0,2022-42-215
0,2022-42-216
1,2022-42-301
2,2022-42-302
1,2022-42-303
2,2022-42-304
2,2022-42-305
2,2022-42-306
1,2022-42-307
1,2022-42-308
1,2022-42-401
1,2022-42-402
1,2022-42-403
1,2022-42-404
1,2022-42-405
1,2022-42-406
1,2022-42-407
1,2022-42-408
1,2022-42-409
0,2022-42-410
2,2022-42-501
0,2022-42-502
0,2022-42-503
0,2022-42-504
2,2022-42-505
0,2022-42-506
0,2022-42-507
0,2022-42-508
0,2022-42-509
0,2022-42-510
2,2022-42-511
2,2022-42-601
2,2022-42-602
0,2022-42-603
2,2022-42-604
2,2022-42-605
2,2022-42-606
0,2022-42-607
2,2022-42-608
2,2022-42-609
2,2022-42-610
0,2022-42-611
0,2022-42-701
0,2022-42-702
0,2022-42-703
0,2022-42-704
0,2022-42-705
2,2022-42-706
1,2022-43-101
1,2022-43-102
1,2022-43-103
2,2022-43-104
2,2022-43-105
1,2022-43-106
2,2022-43-107
1,2022-43-108
1,2022-43-109
1,2022-43-110
1,2022-43-111
2,2022-43-112
1,2022-43-113
1,2022-43-114
1,2022-43-115
0,2022-43-116
0,2022-43-117
1,2022-43-118
2,2022-43-119
2,2022-43-120
1,2022-43-201
2,2022-43-202
1,2022-43-203
2,2022-43-204
1,2022-43-205
1,2022-43-206
1,2022-43-207
1,2022-43-208
2,2022-43-209
2,2022-43-210
2,2022-43-211
2,2022-43-212
2,2022-43-213
0,2022-43-214
0,2022-43-215
0,2022-43-216
1,2022-43-301
2,2022-43-302
1,2022-43-303
2,2022-43-304
2,2022-43-305
2,2022-43-306
1,2022-43-307
1,2022-43-308
1,2022-43-401
1,2022-43-402
1,2022-43-403
1,2022-43-404
1,2022-43-405
1,2022-43-406
1,2022-43-407
1,2022-43-408
1,2022-43-409
0,2022-43-410
2,2022-43-501
0,2022-43-502
0,2022-43-503
0,2022-43-504
2,2022-43-505
0,2022-43-506
0,2022-43-507
0,2022-43-508
0,2022-43-509
0,2022-43-510
2,2022-43-511
2,2022-43-601
2,2022-43-602
0,2022-43-603
2,2022-43-604
2,2022-43-605
2,2022-43-606
0,2022-43-607
2,2022-43-608
2,2022-43-609
2,2022-43-610
0,2022-43-611
0,2022-43-701
0,2022-43-702
0,2022-43-703
0,2022-43-704
0,2022-43-705
2,2022-43-706
1,2022-44-101
1,2022-44-102
1,2022-44-103
2,2022-44-104
2,2022-44-105
1,2022-44-106
2,2022-44-107
1,2022-44-108
1,2022-44-109
1,2022-44-110
1,2022-44-111
2,2022-44-112
1,2022-44-113
1,2022-44-114
1,2022-44-115
0,2022-44-116
0,2022-44-117
1,2022-44-118
2,2022-44-119
2,2022-44-120
1,2022-44-201
2,2022-44-202
1,2022-44-203
2,2022-44-204
1,2022-44-205
1,2022-44-206
1,2022-44-207
1,2022-44-208
2,2022-44-209
2,2022-44-210
2,2022-44-211
2,2022-44-212
2,2022-44-213
0,2022-44-214
0,2022-44-215
0,2022-44-216
1,2022-44-301
2,2022-44-302
1,2022-44-303
2,2022-44-304
2,2022-44-305
2,2022-44-306
1,2022-44-307
1,2022-44-308
1,2022-44-401
1,2022-44-402
1,2022-44-403
1,2022-44-404
1,2022-44-405
1,2022-44-406
1,2022-44-407
1,2022-44-408
1,2022-44-409
0,2022-44-410
2,2022-44-501
0,2022-44-502
0,2022-44-503
0,2022-44-504
2,2022-44-505
0,2022-44-506
0,2022-44-507
0,2022-44-508
0,2022-44-509
0,2022-44-510
2,2022-44-511
2,2022-44-601
2,2022-44-602
0,2022-44-603
2,2022-44-604
2,2022-44-605
2,2022-44-606
0,2022-44-607
2,2022-44-608
2,2022-44-609
2,2022-44-610
0,2022-44-611
0,2022-44-701
0,2022-44-702
0,2022-44-703
0,2022-44-704
0,2022-44-705
2,2022-44-706
1,2022-45-101
1,2022-45-102
1,2022-45-103
2,2022-45-104
2,2022-45-105
1,2022-45-106
2,2022-45-107
1,2022-45-108
1,2022-45-109
1,2022-45-110
1,2022-45-111
2,2022-45-112
1,2022-45-113
1,2022-45-114
1,2022-45-115
0,2022-45-116
0,2022-45-117
1,2022-45-118
2,2022-45-119
2,2022-45-120
1,2022-45-201
2,2022-45-202
1,2022-45-203
2,2022-45-204
1,2022-45-205
1,2022-45-206
1,2022-45-207
1,2022-45-208
2,2022-45-209
2,2022-45-210
2,2022-45-211
2,2022-45-212
2,2022-45-213
0,2022-45-214
0,2022-45-215
0,2022-45-216
1,2022-45-301
2,2022-45-302
1,2022-45-303
2,2022-45-304
2,2022-45-305
2,2022-45-306
1,2022-45-307
1,2022-45-308
1,2022-45-401
1,2022-45-402
1,2022-45-403
1,2022-45-404
1,2022-45-405
1,2022-45-406
1,2022-45-407
1,2022-45-408
1,2022-45-409
0,2022-45-410
2,2022-45-501
0,2022-45-502
0,2022-45-503
0,2022-45-504
2,2022-45-505
0,2022-45-506
0,2022-45-507
0,2022-45-508
0,2022-45-509
0,2022-45-510
2,2022-45-511
2,2022-45-601
2,2022-45-602
0,2022-45-603
2,2022-45-604
2,2022-45-605
2,2022-45-606
0,2022-45-607
2,2022-45-608
2,2022-45-609
2,2022-45-610
0,2022-45-611
0,2022-45-701
0,2022-45-702
0,2022-45-703
0,2022-45-704
0,2022-45-705
2,2022-45-706
1,2022-46-101
1,2022-46-102
1,2022-46-103
2,2022-46-104
2,2022-46-105
1,2022-46-106
2,2022-46-107
1,2022-46-108
1,2022-46-109
1,2022-46-110
1,2022-46-111
2,2022-46-112
1,2022-46-113
1,2022-46-114
1,2022-46-115
0,2022-46-116
0,2022-46-117
1,2022-46-118
2,2022-46-119
2,2022-46-120
1,2022-46-201
2,2022-46-202
1,2022-46-203
2,2022-46-204
1,2022-46-205
1,2022-46-206
1,2022-46-207
1,2022-46-208
2,2022-46-209
2,2022-46-210
2,2022-46-211
2,2022-46-212
2,2022-46-213
0,2022-46-214
0,2022-46-215
0,2022-46-216
1,2022-46-301
2,2022-46-302
1,2022-46-303
2,2022-46-304
2,2022-46-305
2,2022-46-306
1,2022-46-307
1,2022-46-308
1,2022-46-401
1,2022-46-402
1,2022-46-403
1,2022-46-404
1,2022-46-405
1,2022-46-406
1,2022-46-407
1,2022-46-408
1,2022-46-409
0,2022-46-410
2,2022-46-501
0,2022-46-502
0,2022-46-503
0,2022-46-504
2,2022-46-505
0,2022-46-506
0,2022-46-507
0,2022-46-508
0,2022-46-509
0,2022-46-510
2,2022-46-511
2,2022-46-601
2,2022-46-602
0,2022-46-603
2,2022-46-604
2,2022-46-605
2,2022-46-606
0,2022-46-607
2,2022-46-608
2,2022-46-609
2,2022-46-610
0,2022-46-611
0,2022-46-701
0,2022-46-702
0,2022-46-703
0,2022-46-704
0,2022-46-705
2,2022-46-706
1,2022-47-101
1,2022-47-102
1,2022-47-103
2,2022-47-104
2,2022-47-105
1,2022-47-106
2,2022-47-107
1,2022-47-108
1,2022-47-109
1,2022-47-110
1,2022-47-111
2,2022-47-112
1,2022-47-113
1,2022-47-114
1,2022-47-115
0,2022-47-116
0,2022-47-117
1,2022-47-118
2,2022-47-119
2,2022-47-120
1,2022-47-201
2,2022-47-202
1,2022-47-203
2,2022-47-204
1,2022-47-205
1,2022-47-206
1,2022-47-207
1,2022-47-208
2,2022-47-209
2,2022-47-210
2,2022-47-211
2,2022-47-212
2,2022-47-213
0,2022-47-214
0,2022-47-215
0,2022-47-216
1,2022-47-301
2,2022-47-302
1,2022-47-303
2,2022-47-304
2,2022-47-305
2,2022-47-306
1,2022-47-307
1,2022-47-308
1,2022-47-401
1,2022-47-402
1,2022-47-403
1,2022-47-404
1,2022-47-405
1,2022-47-406
1,2022-47-407
1,2022-47-408
1,2022-47-409
0,2022-47-410
2,2022-47-501
0,2022-47-502
0,2022-47-503
0,2022-47-504
2,2022-47-505
0,2022-47-506
0,2022-47-507
0,2022-47-508
0,2022-47-509
0,2022-47-510
2,2022-47-511
2,2022-47-601
2,2022-47-602
0,2022-47-603
2,2022-47-604
2,2022-47-605
2,2022-47-606
0,2022-47-607
2,2022-47-608
2,2022-47-609
2,2022-47-610
0,2022-47-611
0,2022-47-701
0,2022-47-702
0,2022-47-703
0,2022-47-704
0,2022-47-705
2,2022-47-706
1,2022-48-101
1,2022-48-102
1,2022-48-103
2,2022-48-104
2,2022-48-105
1,2022-48-106
2,2022-48-107
1,2022-48-108
1,2022-48-109
1,2022-48-110
1,2022-48-111
2,2022-48-112
1,2022-48-113
1,2022-48-114
1,2022-48-115
0,2022-48-116
0,2022-48-117
1,2022-48-118
2,2022-48-119
2,2022-48-120
1,2022-48-201
2,2022-48-202
1,2022-48-203
2,2022-48-204
1,2022-48-205
1,2022-48-206
1,2022-48-207
1,2022-48-208
2,2022-48-209
2,2022-48-210
2,2022-48-211
2,2022-48-212
2,2022-48-213
0,2022-48-214
0,2022-48-215
0,2022-48-216
1,2022-48-301
2,2022-48-302
1,2022-48-303
2,2022-48-304
2,2022-48-305
2,2022-48-306
1,2022-48-307
1,2022-48-308
1,2022-48-401
1,2022-48-402
1,2022-48-403
1,2022-48-404
1,2022-48-405
1,2022-48-406
1,2022-48-407
1,2022-48-408
1,2022-48-409
0,2022-48-410
2,2022-48-501
0,2022-48-502
0,2022-48-503
0,2022-48-504
2,2022-48-505
0,2022-48-506
0,2022-48-507
0,2022-48-508
0,2022-48-509
0,2022-48-510
2,2022-48-511
2,2022-48-601
2,2022-48-602
0,2022-48-603
2,2022-48-604
2,2022-48-605
2,2022-48-606
0,2022-48-607
2,2022-48-608
2,2022-48-609
2,2022-48-610
0,2022-48-611
0,2022-48-701
0,2022-48-702
0,2022-48-703
0,2022-48-704
0,2022-48-705
2,2022-48-706
1,2022-49-101
1,2022-49-102
1,2022-49-103
2,2022-49-104
2,2022-49-105
1,2022-49-106
2,2022-49-107
1,2022-49-108
1,2022-49-109
1,2022-49-110
1,2022-49-111
2,2022-49-112
1,2022-49-113
1,2022-49-114
1,2022-49-115
0,2022-49-116
0,2022-49-117
1,2022-49-118
2,2022-49-119
2,2022-49-120
1,2022-49-201
2,2022-49-202
1,2022-49-203
2,2022-49-204
1,2022-49-205
1,2022-49-206
1,2022-49-207
1,2022-49-208
2,2022-49-209
2,2022-49-210
2,2022-49-211
2,2022-49-212
2,2022-49-213
0,2022-49-214
0,2022-49-215
0,2022-49-216
1,2022-49-301
2,2022-49-302
1,2022-49-303
2,2022-49-304
2,2022-49-305
2,2022-49-306
1,2022-49-307
1,2022-49-308
1,2022-49-401
1,2022-49-402
1,2022-49-403
1,2022-49-404
1,2022-49-405
1,2022-49-406
1,2022-49-407
1,2022-49-408
1,2022-49-409
0,2022-49-410
2,2022-49-501
0,2022-49-502
0,2022-49-503
0,2022-49-504
2,2022-49-505
0,2022-49-506
0,2022-49-507
0,2022-49-508
0,2022-49-509
0,2022-49-510
2,2022-49-511
2,2022-49-601
2,2022-49-602
0,2022-49-603
2,2022-49-604
2,2022-49-605
2,2022-49-606
0,2022-49-607
2,2022-49-608
2,2022-49-609
2,2022-49-610
0,2022-49-611
0,2022-49-701
0,2022-49-702
0,2022-49-703
0,2022-49-704
0,2022-49-705
2,2022-49-706
1,2022-50-101
1,2022-50-102
1,2022-50-103
2,2022-50-104
2,2022-50-105
1,2022-50-106
2,2022-50-107
1,2022-50-108
1,2022-50-109
1,2022-50-110
1,2022-50-111
2,2022-50-112
1,2022-50-113
1,2022-50-114
1,2022-50-115
0,2022-50-116
0,2022-50-117
1,2022-50-118
2,2022-50-119
2,2022-50-120
1,2022-50-201
2,2022-50-202
1,2022-50-203
2,2022-50-204
1,2022-50-205
1,2022-50-206
1,2022-50-207
1,2022-50-208
2,2022-50-209
2,2022-50-210
2,2022-50-211
2,2022-50-212
2,2022-50-213
0,2022-50-214
0,2022-50-215
0,2022-50-216
1,2022-50-301
2,2022-50-302
1,2022-50-303
2,2022-50-304
2,2022-50-305
2,2022-50-306
1,2022-50-307
1,2022-50-308
1,2022-50-401
1,2022-50-402
1,2022-50-403
1,2022-50-404
1,2022-50-405
1,2022-50-406
1,2022-50-407
1,2022-50-408
1,2022-50-409
0,2022-50-410
2,2022-50-501
0,2022-50-502
0,2022-50-503
0,2022-50-504
2,2022-50-505
0,2022-50-506
0,2022-50-507
0,2022-50-508
0,2022-50-509
0,2022-50-510
2,2022-50-511
2,2022-50-601
2,2022-50-602
0,2022-50-603
2,2022-50-604
2,2022-50-605
2,2022-50-606
0,2022-50-607
2,2022-50-608
2,2022-50-609
2,2022-50-610
0,2022-50-611
0,2022-50-701
0,2022-50-702
0,2022-50-703
0,2022-50-704
0,2022-50-705
2,2022-50-706
1,2022-51-101
1,2022-51-102
1,2022-51-103
2,2022-51-104
2,2022-51-105
1,2022-51-106
2,2022-51-107
1,2022-51-108
1,2022-51-109
1,2022-51-110
1,2022-51-111
2,2022-51-112
1,2022-51-113
1,2022-51-114
1,2022-51-115
0,2022-51-116
0,2022-51-117
1,2022-51-118
2,2022-51-119
2,2022-51-120
1,2022-51-201
2,2022-51-202
1,2022-51-203
2,2022-51-204
1,2022-51-205
1,2022-51-206
1,2022-51-207
1,2022-51-208
2,2022-51-209
2,2022-51-210
2,2022-51-211
2,2022-51-212
2,2022-51-213
0,2022-51-214
0,2022-51-215
0,2022-51-216
1,2022-51-301
2,2022-51-302
1,2022-51-303
2,2022-51-304
2,2022-51-305
2,2022-51-306
1,2022-51-307
1,2022-51-308
1,2022-51-401
1,2022-51-402
1,2022-51-403
1,2022-51-404
1,2022-51-405
1,2022-51-406
1,2022-51-407
1,2022-51-408
1,2022-51-409
0,2022-51-410
2,2022-51-501
0,2022-51-502
0,2022-51-503
0,2022-51-504
2,2022-51-505
0,2022-51-506
0,2022-51-507
0,2022-51-508
0,2022-51-509
0,2022-51-510
2,2022-51-511
2,2022-51-601
2,2022-51-602
0,2022-51-603
2,2022-51-604
2,2022-51-605
2,2022-51-606
0,2022-51-607
2,2022-51-608
2,2022-51-609
2,2022-51-610
0,2022-51-611
0,2022-51-701
0,2022-51-702
0,2022-51-703
0,2022-51-704
0,2022-51-705
2,2022-51-706
1,2022-52-101
1,2022-52-102
1,2022-52-103
2,2022-52-104
2,2022-52-105
1,2022-52-106
2,2022-52-107
1,2022-52-108
1,2022-52-109
1,2022-52-110
1,2022-52-111
2,2022-52-112
1,2022-52-113
1,2022-52-114
1,2022-52-115
0,2022-52-116
0,2022-52-117
1,2022-52-118
2,2022-52-119
2,2022-52-120
1,2022-52-201
2,2022-52-202
1,2022-52-203
2,2022-52-204
1,2022-52-205
1,2022-52-206
1,2022-52-207
1,2022-52-208
2,2022-52-209
2,2022-52-210
2,2022-52-211
2,2022-52-212
2,2022-52-213
0,2022-52-214
0,2022-52-215
0,2022-52-216
1,2022-52-301
2,2022-52-302
1,2022-52-303
2,2022-52-304
2,2022-52-305
2,2022-52-306
1,2022-52-307
1,2022-52-308
1,2022-52-401
1,2022-52-402
1,2022-52-403
1,2022-52-404
1,2022-52-405
1,2022-52-406
1,2022-52-407
1,2022-52-408
1,2022-52-409
0,2022-52-410
2,2022-52-501
0,2022-52-502
0,2022-52-503
0,2022-52-504
2,2022-52-505
0,2022-52-506
0,2022-52-507
0,2022-52-508
0,2022-52-509
0,2022-52-510
2,2022-52-511
2,2022-52-601
2,2022-52-602
0,2022-52-603
2,2022-52-604
2,2022-52-605
2,2022-52-606
0,2022-52-607
2,2022-52-608
2,2022-52-609
2,2022-52-610
0,2022-52-611
0,2022-52-701
0,2022-52-702
0,2022-52-703
0,2022-52-704
0,2022-52-705
2,2022-52-706
1,2022-53-101
1,2022-53-102
1,2022-53-103
2,2022-53-104
2,2022-53-105
1,2022-53-106
2,2022-53-107
1,2022-53-108
1,2022-53-109
1,2022-53-110
1,2022-53-111
2,2022-53-112
1,2022-53-113
1,2022-53-114
1,2022-53-115
0,2022-53-116
0,2022-53-117
1,2022-53-118
2,2022-53-119
2,2022-53-120
1,2022-53-201
2,2022-53-202
1,2022-53-203
2,2022-53-204
1,2022-53-205
1,2022-53-206
1,2022-53-207
1,2022-53-208
2,2022-53-209
2,2022-53-210
2,2022-53-211
2,2022-53-212
2,2022-53-213
0,2022-53-214
0,2022-53-215
0,2022-53-216
1,2022-53-301
2,2022-53-302
1,2022-53-303
2,2022-53-304
2,2022-53-305
2,2022-53-306
1,2022-53-307
1,2022-53-308
1,2022-53-401
1,2022-53-402
1,2022-53-403
1,2022-53-404
1,2022-53-405
1,2022-53-406
1,2022-53-407
1,2022-53-408
1,2022-53-409
0,2022-53-410
2,2022-53-501
0,2022-53-502
0,2022-53-503
0,2022-53-504
2,2022-53-505
0,2022-53-506
0,2022-53-507
0,2022-53-508
0,2022-53-509
0,2022-53-510
2,2022-53-511
2,2022-53-601
2,2022-53-602
0,2022-53-603
2,2022-53-604
2,2022-53-605
2,2022-53-606
0,2022-53-607
2,2022-53-608
2,2022-53-609
2,2022-53-610
0,2022-53-611
0,2022-53-701
0,2022-53-702
0,2022-53-703
0,2022-53-704
0,2022-53-705
2,2022-53-706
1,2023-1-101
1,2023-1-102
1,2023-1-103
2,2023-1-104
2,2023-1-105
1,2023-1-106
2,2023-1-107
1,2023-1-108
1,2023-1-109
1,2023-1-110
1,2023-1-111
2,2023-1-112
1,2023-1-113
1,2023-1-114
1,2023-1-115
0,2023-1-116
0,2023-1-117
1,2023-1-118
2,2023-1-119
2,2023-1-120
1,2023-1-201
2,2023-1-202
1,2023-1-203
2,2023-1-204
1,2023-1-205
1,2023-1-206
1,2023-1-207
1,2023-1-208
2,2023-1-209
2,2023-1-210
2,2023-1-211
2,2023-1-212
2,2023-1-213
0,2023-1-214
0,2023-1-215
0,2023-1-216
1,2023-1-301
2,2023-1-302
1,2023-1-303
2,2023-1-304
2,2023-1-305
2,2023-1-306
1,2023-1-307
1,2023-1-308
1,2023-1-401
1,2023-1-402
1,2023-1-403
1,2023-1-404
1,2023-1-405
1,2023-1-406
1,2023-1-407
1,2023-1-408
1,2023-1-409
0,2023-1-410
2,2023-1-501
0,2023-1-502
0,2023-1-503
0,2023-1-504
2,2023-1-505
0,2023-1-506
0,2023-1-507
0,2023-1-508
0,2023-1-509
0,2023-1-510
2,2023-1-511
2,2023-1-601
2,2023-1-602
0,2023-1-603
2,2023-1-604
2,2023-1-605
2,2023-1-606
0,2023-1-607
2,2023-1-608
2,2023-1-609
2,2023-1-610
0,2023-1-611
0,2023-1-701
0,2023-1-702
0,2023-1-703
0,2023-1-704
0,2023-1-705
2,2023-1-706
1,2023-2-101
1,2023-2-102
1,2023-2-103
2,2023-2-104
2,2023-2-105
1,2023-2-106
2,2023-2-107
1,2023-2-108
1,2023-2-109
1,2023-2-110
1,2023-2-111
2,2023-2-112
1,2023-2-113
1,2023-2-114
1,2023-2-115
0,2023-2-116
0,2023-2-117
1,2023-2-118
2,2023-2-119
2,2023-2-120
1,2023-2-201
2,2023-2-202
1,2023-2-203
2,2023-2-204
1,2023-2-205
1,2023-2-206
1,2023-2-207
1,2023-2-208
2,2023-2-209
2,2023-2-210
2,2023-2-211
2,2023-2-212
2,2023-2-213
0,2023-2-214
0,2023-2-215
0,2023-2-216
1,2023-2-301
2,2023-2-302
1,2023-2-303
2,2023-2-304
2,2023-2-305
2,2023-2-306
1,2023-2-307
1,2023-2-308
1,2023-2-401
1,2023-2-402
1,2023-2-403
1,2023-2-404
1,2023-2-405
1,2023-2-406
1,2023-2-407
1,2023-2-408
1,2023-2-409
0,2023-2-410
2,2023-2-501
0,2023-2-502
0,2023-2-503
0,2023-2-504
2,2023-2-505
0,2023-2-506
0,2023-2-507
0,2023-2-508
0,2023-2-509
0,2023-2-510
2,2023-2-511
2,2023-2-601
2,2023-2-602
0,2023-2-603
2,2023-2-604
2,2023-2-605
2,2023-2-606
0,2023-2-607
2,2023-2-608
2,2023-2-609
2,2023-2-610
0,2023-2-611
0,2023-2-701
0,2023-2-702
0,2023-2-703
0,2023-2-704
0,2023-2-705
2,2023-2-706
1,2023-3-101
1,2023-3-102
1,2023-3-103
2,2023-3-104
2,2023-3-105
1,2023-3-106
2,2023-3-107
1,2023-3-108
1,2023-3-109
1,2023-3-110
1,2023-3-111
2,2023-3-112
1,2023-3-113
1,2023-3-114
1,2023-3-115
0,2023-3-116
0,2023-3-117
1,2023-3-118
2,2023-3-119
2,2023-3-120
1,2023-3-201
2,2023-3-202
1,2023-3-203
2,2023-3-204
1,2023-3-205
1,2023-3-206
1,2023-3-207
1,2023-3-208
2,2023-3-209
2,2023-3-210
2,2023-3-211
2,2023-3-212
2,2023-3-213
0,2023-3-214
0,2023-3-215
0,2023-3-216
1,2023-3-301
2,2023-3-302
1,2023-3-303
2,2023-3-304
2,2023-3-305
2,2023-3-306
1,2023-3-307
1,2023-3-308
1,2023-3-401
1,2023-3-402
1,2023-3-403
1,2023-3-404
1,2023-3-405
1,2023-3-406
1,2023-3-407
1,2023-3-408
1,2023-3-409
0,2023-3-410
2,2023-3-501
0,2023-3-502
0,2023-3-503
0,2023-3-504
2,2023-3-505
0,2023-3-506
0,2023-3-507
0,2023-3-508
0,2023-3-509
0,2023-3-510
2,2023-3-511
2,2023-3-601
2,2023-3-602
0,2023-3-603
2,2023-3-604
2,2023-3-605
2,2023-3-606
0,2023-3-607
2,2023-3-608
2,2023-3-609
2,2023-3-610
0,2023-3-611
0,2023-3-701
0,2023-3-702
0,2023-3-703
0,2023-3-704
0,2023-3-705
2,2023-3-706
1,2023-4-101
1,2023-4-102
1,2023-4-103
2,2023-4-104
2,2023-4-105
1,2023-4-106
2,2023-4-107
1,2023-4-108
1,2023-4-109
1,2023-4-110
1,2023-4-111
2,2023-4-112
1,2023-4-113
1,2023-4-114
1,2023-4-115
0,2023-4-116
0,2023-4-117
1,2023-4-118
2,2023-4-119
2,2023-4-120
1,2023-4-201
2,2023-4-202
1,2023-4-203
2,2023-4-204
1,2023-4-205
1,2023-4-206
1,2023-4-207
1,2023-4-208
2,2023-4-209
2,2023-4-210
2,2023-4-211
2,2023-4-212
2,2023-4-213
0,2023-4-214
0,2023-4-215
0,2023-4-216
1,2023-4-301
2,2023-4-302
1,2023-4-303
2,2023-4-304
2,2023-4-305
2,2023-4-306
1,2023-4-307
1,2023-4-308
1,2023-4-401
1,2023-4-402
1,2023-4-403
1,2023-4-404
1,2023-4-405
1,2023-4-406
1,2023-4-407
1,2023-4-408
1,2023-4-409
0,2023-4-410
2,2023-4-501
0,2023-4-502
0,2023-4-503
0,2023-4-504
2,2023-4-505
0,2023-4-506
0,2023-4-507
0,2023-4-508
0,2023-4-509
0,2023-4-510
2,2023-4-511
2,2023-4-601
2,2023-4-602
0,2023-4-603
2,2023-4-604
2,2023-4-605
2,2023-4-606
0,2023-4-607
2,2023-4-608
2,2023-4-609
2,2023-4-610
0,2023-4-611
0,2023-4-701
0,2023-4-702
0,2023-4-703
0,2023-4-704
0,2023-4-705
2,2023-4-706
1,2023-5-101
1,2023-5-102
1,2023-5-103
2,2023-5-104
2,2023-5-105
1,2023-5-106
2,2023-5-107
1,2023-5-108
1,2023-5-109
1,2023-5-110
1,2023-5-111
2,2023-5-112
1,2023-5-113
1,2023-5-114
1,2023-5-115
0,2023-5-116
0,2023-5-117
1,2023-5-118
2,2023-5-119
2,2023-5-120
1,2023-5-201
2,2023-5-202
1,2023-5-203
2,2023-5-204
1,2023-5-205
1,2023-5-206
1,2023-5-207
1,2023-5-208
2,2023-5-209
2,2023-5-210
2,2023-5-211
2,2023-5-212
2,2023-5-213
0,2023-5-214
0,2023-5-215
0,2023-5-216
1,2023-5-301
2,2023-5-302
1,2023-5-303
2,2023-5-304
2,2023-5-305
2,2023-5-306
1,2023-5-307
1,2023-5-308
1,2023-5-401
1,2023-5-402
1,2023-5-403
1,2023-5-404
1,2023-5-405
1,2023-5-406
1,2023-5-407
1,2023-5-408
1,2023-5-409
0,2023-5-410
2,2023-5-501
0,2023-5-502
0,2023-5-503
0,2023-5-504
2,2023-5-505
0,2023-5-506
0,2023-5-507
0,2023-5-508
0,2023-5-509
0,2023-5-510
2,2023-5-511
2,2023-5-601
2,2023-5-602
0,2023-5-603
2,2023-5-604
2,2023-5-605
2,2023-5-606
0,2023-5-607
2,2023-5-608
2,2023-5-609
2,2023-5-610
0,2023-5-611
0,2023-5-701
0,2023-5-702
0,2023-5-703
0,2023-5-704
0,2023-5-705
2,2023-5-706
1,2023-6-101
1,2023-6-102
1,2023-6-103
2,2023-6-104
2,2023-6-105
1,2023-6-106
2,2023-6-107
1,2023-6-108
1,2023-6-109
1,2023-6-110
1,2023-6-111
2,2023-6-112
1,2023-6-113
1,2023-6-114
1,2023-6-115
0,2023-6-116
0,2023-6-117
1,2023-6-118
2,2023-6-119
2,2023-6-120
1,2023-6-201
2,2023-6-202
1,2023-6-203
2,2023-6-204
1,2023-6-205
1,2023-6-206
1,2023-6-207
1,2023-6-208
2,2023-6-209
2,2023-6-210
2,2023-6-211
2,2023-6-212
2,2023-6-213
0,2023-6-214
0,2023-6-215
0,2023-6-216
1,2023-6-301
2,2023-6-302
1,2023-6-303
2,2023-6-304
2,2023-6-305
2,2023-6-306
1,2023-6-307
1,2023-6-308
1,2023-6-401
1,2023-6-402
1,2023-6-403
1,2023-6-404
1,2023-6-405
1,2023-6-406
1,2023-6-407
1,2023-6-408
1,2023-6-409
0,2023-6-410
2,2023-6-501
0,2023-6-502
0,2023-6-503
0,2023-6-504
2,2023-6-505
0,2023-6-506
0,2023-6-507
0,2023-6-508
0,2023-6-509
0,2023-6-510
2,2023-6-511
2,2023-6-601
2,2023-6-602
0,2023-6-603
2,2023-6-604
2,2023-6-605
2,2023-6-606
0,2023-6-607
2,2023-6-608
2,2023-6-609
2,2023-6-610
0,2023-6-611
0,2023-6-701
0,2023-6-702
0,2023-6-703
0,2023-6-704
0,2023-6-705
2,2023-6-706
1,2023-7-101
1,2023-7-102
1,2023-7-103
2,2023-7-104
2,2023-7-105
1,2023-7-106
2,2023-7-107
1,2023-7-108
1,2023-7-109
1,2023-7-110
1,2023-7-111
2,2023-7-112
1,2023-7-113
1,2023-7-114
1,2023-7-115
0,2023-7-116
0,2023-7-117
1,2023-7-118
2,2023-7-119
2,2023-7-120
1,2023-7-201
2,2023-7-202
1,2023-7-203
2,2023-7-204
1,2023-7-205
1,2023-7-206
1,2023-7-207
1,2023-7-208
2,2023-7-209
2,2023-7-210
2,2023-7-211
2,2023-7-212
2,2023-7-213
0,2023-7-214
0,2023-7-215
0,2023-7-216
1,2023-7-301
2,2023-7-302
1,2023-7-303
2,2023-7-304
2,2023-7-305
2,2023-7-306
1,2023-7-307
1,2023-7-308
1,2023-7-401
1,2023-7-402
1,2023-7-403
1,2023-7-404
1,2023-7-405
1,2023-7-406
1,2023-7-407
1,2023-7-408
1,2023-7-409
0,2023-7-410
2,2023-7-501
0,2023-7-502
0,2023-7-503
0,2023-7-504
2,2023-7-505
0,2023-7-506
0,2023-7-507
0,2023-7-508
0,2023-7-509
0,2023-7-510
2,2023-7-511
2,2023-7-601
2,2023-7-602
0,2023-7-603
2,2023-7-604
2,2023-7-605
2,2023-7-606
0,2023-7-607
2,2023-7-608
2,2023-7-609
2,2023-7-610
0,2023-7-611
0,2023-7-701
0,2023-7-702
0,2023-7-703
0,2023-7-704
0,2023-7-705
2,2023-7-706
1,2023-8-101
1,2023-8-102
1,2023-8-103
2,2023-8-104
2,2023-8-105
1,2023-8-106
2,2023-8-107
1,2023-8-108
1,2023-8-109
1,2023-8-110
1,2023-8-111
2,2023-8-112
1,2023-8-113
1,2023-8-114
1,2023-8-115
0,2023-8-116
0,2023-8-117
1,2023-8-118
2,2023-8-119
2,2023-8-120
1,2023-8-201
2,2023-8-202
1,2023-8-203
2,2023-8-204
1,2023-8-205
1,2023-8-206
1,2023-8-207
1,2023-8-208
2,2023-8-209
2,2023-8-210
2,2023-8-211
2,2023-8-212
2,2023-8-213
0,2023-8-214
0,2023-8-215
0,2023-8-216
1,2023-8-301
2,2023-8-302
1,2023-8-303
2,2023-8-304
2,2023-8-305
2,2023-8-306
1,2023-8-307
1,2023-8-308
1,2023-8-401
1,2023-8-402
1,2023-8-403
1,2023-8-404
1,2023-8-405
1,2023-8-406
1,2023-8-407
1,2023-8-408
1,2023-8-409
0,2023-8-410
2,2023-8-501
0,2023-8-502
0,2023-8-503
0,2023-8-504
2,2023-8-505
0,2023-8-506
0,2023-8-507
0,2023-8-508
0,2023-8-509
0,2023-8-510
2,2023-8-511
2,2023-8-601
2,2023-8-602
0,2023-8-603
2,2023-8-604
2,2023-8-605
2,2023-8-606
0,2023-8-607
2,2023-8-608
2,2023-8-609
2,2023-8-610
0,2023-8-611
0,2023-8-701
0,2023-8-702
0,2023-8-703
0,2023-8-704
0,2023-8-705
2,2023-8-706
1,2023-9-101
1,2023-9-102
1,2023-9-103
2,2023-9-104
2,2023-9-105
1,2023-9-106
2,2023-9-107
1,2023-9-108
1,2023-9-109
1,2023-9-110
1,2023-9-111
2,2023-9-112
1,2023-9-113
1,2023-9-114
1,2023-9-115
0,2023-9-116
0,2023-9-117
1,2023-9-118
2,2023-9-119
2,2023-9-120
1,2023-9-201
2,2023-9-202
1,2023-9-203
2,2023-9-204
1,2023-9-205
1,2023-9-206
1,2023-9-207
1,2023-9-208
2,2023-9-209
2,2023-9-210
2,2023-9-211
2,2023-9-212
2,2023-9-213
0,2023-9-214
0,2023-9-215
0,2023-9-216
1,2023-9-301
2,2023-9-302
1,2023-9-303
2,2023-9-304
2,2023-9-305
2,2023-9-306
1,2023-9-307
1,2023-9-308
1,2023-9-401
1,2023-9-402
1,2023-9-403
1,2023-9-404
1,2023-9-405
1,2023-9-406
1,2023-9-407
1,2023-9-408
1,2023-9-409
0,2023-9-410
2,2023-9-501
0,2023-9-502
0,2023-9-503
0,2023-9-504
2,2023-9-505
0,2023-9-506
0,2023-9-507
0,2023-9-508
0,2023-9-509
0,2023-9-510
2,2023-9-511
2,2023-9-601
2,2023-9-602
0,2023-9-603
2,2023-9-604
2,2023-9-605
2,2023-9-606
0,2023-9-607
2,2023-9-608
2,2023-9-609
2,2023-9-610
0,2023-9-611
0,2023-9-701
0,2023-9-702
0,2023-9-703
0,2023-9-704
0,2023-9-705
2,2023-9-706
1,2023-10-101
1,2023-10-102
1,2023-10-103
2,2023-10-104
2,2023-10-105
1,2023-10-106
2,2023-10-107
1,2023-10-108
1,2023-10-109
1,2023-10-110
1,2023-10-111
2,2023-10-112
1,2023-10-113
1,2023-10-114
1,2023-10-115
0,2023-10-116
0,2023-10-117
1,2023-10-118
2,2023-10-119
2,2023-10-120
1,2023-10-201
2,2023-10-202
1,2023-10-203
2,2023-10-204
1,2023-10-205
1,2023-10-206
1,2023-10-207
1,2023-10-208
2,2023-10-209
2,2023-10-210
2,2023-10-211
2,2023-10-212
2,2023-10-213
0,2023-10-214
0,2023-10-215
0,2023-10-216
1,2023-10-301
2,2023-10-302
1,2023-10-303
2,2023-10-304
2,2023-10-305
2,2023-10-306
1,2023-10-307
1,2023-10-308
1,2023-10-401
1,2023-10-402
1,2023-10-403
1,2023-10-404
1,2023-10-405
1,2023-10-406
1,2023-10-407
1,2023-10-408
1,2023-10-409
0,2023-10-410
2,2023-10-501
0,2023-10-502
0,2023-10-503
0,2023-10-504
2,2023-10-505
0,2023-10-506
0,2023-10-507
0,2023-10-508
0,2023-10-509
0,2023-10-510
2,2023-10-511
2,2023-10-601
2,2023-10-602
0,2023-10-603
2,2023-10-604
2,2023-10-605
2,2023-10-606
0,2023-10-607
2,2023-10-608
2,2023-10-609
2,2023-10-610
0,2023-10-611
0,2023-10-701
0,2023-10-702
0,2023-10-703
0,2023-10-704
0,2023-10-705
2,2023-10-706
1,2023-11-101
1,2023-11-102
1,2023-11-103
2,2023-11-104
2,2023-11-105
1,2023-11-106
2,2023-11-107
1,2023-11-108
1,2023-11-109
1,2023-11-110
1,2023-11-111
2,2023-11-112
1,2023-11-113
1,2023-11-114
1,2023-11-115
0,2023-11-116
0,2023-11-117
1,2023-11-118
2,2023-11-119
2,2023-11-120
1,2023-11-201
2,2023-11-202
1,2023-11-203
2,2023-11-204
1,2023-11-205
1,2023-11-206
1,2023-11-207
1,2023-11-208
2,2023-11-209
2,2023-11-210
2,2023-11-211
2,2023-11-212
2,2023-11-213
0,2023-11-214
0,2023-11-215
0,2023-11-216
1,2023-11-301
2,2023-11-302
1,2023-11-303
2,2023-11-304
2,2023-11-305
2,2023-11-306
1,2023-11-307
1,2023-11-308
1,2023-11-401
1,2023-11-402
1,2023-11-403
1,2023-11-404
1,2023-11-405
1,2023-11-406
1,2023-11-407
1,2023-11-408
1,2023-11-409
0,2023-11-410
2,2023-11-501
0,2023-11-502
0,2023-11-503
0,2023-11-504
2,2023-11-505
0,2023-11-506
0,2023-11-507
0,2023-11-508
0,2023-11-509
0,2023-11-510
2,2023-11-511
2,2023-11-601
2,2023-11-602
0,2023-11-603
2,2023-11-604
2,2023-11-605
2,2023-11-606
0,2023-11-607
2,2023-11-608
2,2023-11-609
2,2023-11-610
0,2023-11-611
0,2023-11-701
0,2023-11-702
0,2023-11-703
0,2023-11-704
0,2023-11-705
2,2023-11-706
1,2023-12-101
1,2023-12-102
1,2023-12-103
2,2023-12-104
2,2023-12-105
1,2023-12-106
2,2023-12-107
1,2023-12-108
1,2023-12-109
1,2023-12-110
1,2023-12-111
2,2023-12-112
1,2023-12-113
1,2023-12-114
1,2023-12-115
0,2023-12-116
0,2023-12-117
1,2023-12-118
2,2023-12-119
2,2023-12-120
1,2023-12-201
2,2023-12-202
1,2023-12-203
2,2023-12-204
1,2023-12-205
1,2023-12-206
1,2023-12-207
1,2023-12-208
2,2023-12-209
2,2023-12-210
2,2023-12-211
2,2023-12-212
2,2023-12-213
0,2023-12-214
0,2023-12-215
0,2023-12-216
1,2023-12-301
2,2023-12-302
1,2023-12-303
2,2023-12-304
2,2023-12-305
2,2023-12-306
1,2023-12-307
1,2023-12-308
1,2023-12-401
1,2023-12-402
1,2023-12-403
1,2023-12-404
1,2023-12-405
1,2023-12-406
1,2023-12-407
1,2023-12-408
1,2023-12-409
0,2023-12-410
2,2023-12-501
0,2023-12-502
0,2023-12-503
0,2023-12-504
2,2023-12-505
0,2023-12-506
0,2023-12-507
0,2023-12-508
0,2023-12-509
0,2023-12-510
2,2023-12-511
2,2023-12-601
2,2023-12-602
0,2023-12-603
2,2023-12-604
2,2023-12-605
2,2023-12-606
0,2023-12-607
2,2023-12-608
2,2023-12-609
2,2023-12-610
0,2023-12-611
0,2023-12-701
0,2023-12-702
0,2023-12-703
0,2023-12-704
0,2023-12-705
2,2023-12-706
1,2023-13-101
1,2023-13-102
1,2023-13-103
2,2023-13-104
2,2023-13-105
1,2023-13-106
2,2023-13-107
1,2023-13-108
1,2023-13-109
1,2023-13-110
1,2023-13-111
2,2023-13-112
1,2023-13-113
1,2023-13-114
1,2023-13-115
0,2023-13-116
0,2023-13-117
1,2023-13-118
2,2023-13-119
2,2023-13-120
1,2023-13-201
2,2023-13-202
1,2023-13-203
2,2023-13-204
1,2023-13-205
1,2023-13-206
1,2023-13-207
1,2023-13-208
2,2023-13-209
2,2023-13-210
2,2023-13-211
2,2023-13-212
2,2023-13-213
0,2023-13-214
0,2023-13-215
0,2023-13-216
1,2023-13-301
2,2023-13-302
1,2023-13-303
2,2023-13-304
2,2023-13-305
2,2023-13-306
1,2023-13-307
1,2023-13-308
1,2023-13-401
1,2023-13-402
1,2023-13-403
1,2023-13-404
1,2023-13-405
1,2023-13-406
1,2023-13-407
1,2023-13-408
1,2023-13-409
0,2023-13-410
2,2023-13-501
0,2023-13-502
0,2023-13-503
0,2023-13-504
2,2023-13-505
0,2023-13-506
0,2023-13-507
0,2023-13-508
0,2023-13-509
0,2023-13-510
2,2023-13-511
2,2023-13-601
2,2023-13-602
0,2023-13-603
2,2023-13-604
2,2023-13-605
2,2023-13-606
0,2023-13-607
2,2023-13-608
2,2023-13-609
2,2023-13-610
0,2023-13-611
0,2023-13-701
0,2023-13-702
0,2023-13-703
0,2023-13-704
0,2023-13-705
2,2023-13-706
1,2023-14-101
1,2023-14-102
1,2023-14-103
2,2023-14-104
2,2023-14-105
1,2023-14-106
2,2023-14-107
1,2023-14-108
1,2023-14-109
1,2023-14-110
1,2023-14-111
2,2023-14-112
1,2023-14-113
1,2023-14-114
1,2023-14-115
0,2023-14-116
0,2023-14-117
1,2023-14-118
2,2023-14-119
2,2023-14-120
1,2023-14-201
2,2023-14-202
1,2023-14-203
2,2023-14-204
1,2023-14-205
1,2023-14-206
1,2023-14-207
1,2023-14-208
2,2023-14-209
2,2023-14-210
2,2023-14-211
2,2023-14-212
2,2023-14-213
0,2023-14-214
0,2023-14-215
0,2023-14-216
1,2023-14-301
2,2023-14-302
1,2023-14-303
2,2023-14-304
2,2023-14-305
2,2023-14-306
1,2023-14-307
1,2023-14-308
1,2023-14-401
1,2023-14-402
1,2023-14-403
1,2023-14-404
1,2023-14-405
1,2023-14-406
1,2023-14-407
1,2023-14-408
1,2023-14-409
0,2023-14-410
2,2023-14-501
0,2023-14-502
0,2023-14-503
0,2023-14-504
2,2023-14-505
0,2023-14-506
0,2023-14-507
0,2023-14-508
0,2023-14-509
0,2023-14-510
2,2023-14-511
2,2023-14-601
2,2023-14-602
0,2023-14-603
2,2023-14-604
2,2023-14-605
2,2023-14-606
0,2023-14-607
2,2023-14-608
2,2023-14-609
2,2023-14-610
0,2023-14-611
0,2023-14-701
0,2023-14-702
0,2023-14-703
0,2023-14-704
0,2023-14-705
2,2023-14-706
1,2023-15-101
1,2023-15-102
1,2023-15-103
2,2023-15-104
2,2023-15-105
1,2023-15-106
2,2023-15-107
1,2023-15-108
1,2023-15-109
1,2023-15-110
1,2023-15-111
2,2023-15-112
1,2023-15-113
1,2023-15-114
1,2023-15-115
0,2023-15-116
0,2023-15-117
1,2023-15-118
2,2023-15-119
2,2023-15-120
1,2023-15-201
2,2023-15-202
1,2023-15-203
2,2023-15-204
1,2023-15-205
1,2023-15-206
1,2023-15-207
1,2023-15-208
2,2023-15-209
2,2023-15-210
2,2023-15-211
2,2023-15-212
2,2023-15-213
0,2023-15-214
0,2023-15-215
0,2023-15-216
1,2023-15-301
2,2023-15-302
1,2023-15-303
2,2023-15-304
2,2023-15-305
2,2023-15-306
1,2023-15-307
1,2023-15-308
1,2023-15-401
1,2023-15-402
1,2023-15-403
1,2023-15-404
1,2023-15-405
1,2023-15-406
1,2023-15-407
1,2023-15-408
1,2023-15-409
0,2023-15-410
2,2023-15-501
0,2023-15-502
0,2023-15-503
0,2023-15-504
2,2023-15-505
0,2023-15-506
0,2023-15-507
0,2023-15-508
0,2023-15-509
0,2023-15-510
2,2023-15-511
2,2023-15-601
2,2023-15-602
0,2023-15-603
2,2023-15-604
2,2023-15-605
2,2023-15-606
0,2023-15-607
2,2023-15-608
2,2023-15-609
2,2023-15-610
0,2023-15-611
0,2023-15-701
0,2023-15-702
0,2023-15-703
0,2023-15-704
0,2023-15-705
2,2023-15-706
1,2023-16-101
1,2023-16-102
1,2023-16-103
2,2023-16-104
2,2023-16-105
1,2023-16-106
2,2023-16-107
1,2023-16-108
1,2023-16-109
1,2023-16-110
1,2023-16-111
2,2023-16-112
1,2023-16-113
1,2023-16-114
1,2023-16-115
0,2023-16-116
0,2023-16-117
1,2023-16-118
2,2023-16-119
2,2023-16-120
1,2023-16-201
2,2023-16-202
1,2023-16-203
2,2023-16-204
1,2023-16-205
1,2023-16-206
1,2023-16-207
1,2023-16-208
2,2023-16-209
2,2023-16-210
2,2023-16-211
2,2023-16-212
2,2023-16-213
0,2023-16-214
0,2023-16-215
0,2023-16-216
1,2023-16-301
2,2023-16-302
1,2023-16-303
2,2023-16-304
2,2023-16-305
2,2023-16-306
1,2023-16-307
1,2023-16-308
1,2023-16-401
1,2023-16-402
1,2023-16-403
1,2023-16-404
1,2023-16-405
1,2023-16-406
1,2023-16-407
1,2023-16-408
1,2023-16-409
0,2023-16-410
2,2023-16-501
0,2023-16-502
0,2023-16-503
0,2023-16-504
2,2023-16-505
0,2023-16-506
0,2023-16-507
0,2023-16-508
0,2023-16-509
0,2023-16-510
2,2023-16-511
2,2023-16-601
2,2023-16-602
0,2023-16-603
2,2023-16-604
2,2023-16-605
2,2023-16-606
0,2023-16-607
2,2023-16-608
2,2023-16-609
2,2023-16-610
0,2023-16-611
0,2023-16-701
0,2023-16-702
0,2023-16-703
0,2023-16-704
0,2023-16-705
2,2023-16-706
1,2023-17-101
1,2023-17-102
1,2023-17-103
2,2023-17-104
2,2023-17-105
1,2023-17-106
2,2023-17-107
1,2023-17-108
1,2023-17-109
1,2023-17-110
1,2023-17-111
2,2023-17-112
1,2023-17-113
1,2023-17-114
1,2023-17-115
0,2023-17-116
0,2023-17-117
1,2023-17-118
2,2023-17-119
2,2023-17-120
1,2023-17-201
2,2023-17-202
1,2023-17-203
2,2023-17-204
1,2023-17-205
1,2023-17-206
1,2023-17-207
1,2023-17-208
2,2023-17-209
2,2023-17-210
2,2023-17-211
2,2023-17-212
2,2023-17-213
0,2023-17-214
0,2023-17-215
0,2023-17-216
1,2023-17-301
2,2023-17-302
1,2023-17-303
2,2023-17-304
2,2023-17-305
2,2023-17-306
1,2023-17-307
1,2023-17-308
1,2023-17-401
1,2023-17-402
1,2023-17-403
1,2023-17-404
1,2023-17-405
1,2023-17-406
1,2023-17-407
1,2023-17-408
1,2023-17-409
0,2023-17-410
2,2023-17-501
0,2023-17-502
0,2023-17-503
0,2023-17-504
2,2023-17-505
0,2023-17-506
0,2023-17-507
0,2023-17-508
0,2023-17-509
0,2023-17-510
2,2023-17-511
2,2023-17-601
2,2023-17-602
0,2023-17-603
2,2023-17-604
2,2023-17-605
2,2023-17-606
0,2023-17-607
2,2023-17-608
2,2023-17-609
2,2023-17-610
0,2023-17-611
0,2023-17-701
0,2023-17-702
0,2023-17-703
0,2023-17-704
0,2023-17-705
2,2023-17-706
1,2023-18-101
1,2023-18-102
1,2023-18-103
2,2023-18-104
2,2023-18-105
1,2023-18-106
2,2023-18-107
1,2023-18-108
1,2023-18-109
1,2023-18-110
1,2023-18-111
2,2023-18-112
1,2023-18-113
1,2023-18-114
1,2023-18-115
0,2023-18-116
0,2023-18-117
1,2023-18-118
2,2023-18-119
2,2023-18-120
1,2023-18-201
2,2023-18-202
1,2023-18-203
2,2023-18-204
1,2023-18-205
1,2023-18-206
1,2023-18-207
1,2023-18-208
2,2023-18-209
2,2023-18-210
2,2023-18-211
2,2023-18-212
2,2023-18-213
0,2023-18-214
0,2023-18-215
0,2023-18-216
1,2023-18-301
2,2023-18-302
1,2023-18-303
2,2023-18-304
2,2023-18-305
2,2023-18-306
1,2023-18-307
1,2023-18-308
1,2023-18-401
1,2023-18-402
1,2023-18-403
1,2023-18-404
1,2023-18-405
1,2023-18-406
1,2023-18-407
1,2023-18-408
1,2023-18-409
0,2023-18-410
2,2023-18-501
0,2023-18-502
0,2023-18-503
0,2023-18-504
2,2023-18-505
0,2023-18-506
0,2023-18-507
0,2023-18-508
0,2023-18-509
0,2023-18-510
2,2023-18-511
2,2023-18-601
2,2023-18-602
0,2023-18-603
2,2023-18-604
2,2023-18-605
2,2023-18-606
0,2023-18-607
2,2023-18-608
2,2023-18-609
2,2023-18-610
0,2023-18-611
0,2023-18-701
0,2023-18-702
0,2023-18-703
0,2023-18-704
0,2023-18-705
2,2023-18-706
1,2023-19-101
1,2023-19-102
1,2023-19-103
2,2023-19-104
2,2023-19-105
1,2023-19-106
2,2023-19-107
1,2023-19-108
1,2023-19-109
1,2023-19-110
1,2023-19-111
2,2023-19-112
1,2023-19-113
1,2023-19-114
1,2023-19-115
0,2023-19-116
0,2023-19-117
1,2023-19-118
2,2023-19-119
2,2023-19-120
1,2023-19-201
2,2023-19-202
1,2023-19-203
2,2023-19-204
1,2023-19-205
1,2023-19-206
1,2023-19-207
1,2023-19-208
2,2023-19-209
2,2023-19-210
2,2023-19-211
2,2023-19-212
2,2023-19-213
0,2023-19-214
0,2023-19-215
0,2023-19-216
1,2023-19-301
2,2023-19-302
1,2023-19-303
2,2023-19-304
2,2023-19-305
2,2023-19-306
1,2023-19-307
1,2023-19-308
1,2023-19-401
1,2023-19-402
1,2023-19-403
1,2023-19-404
1,2023-19-405
1,2023-19-406
1,2023-19-407
1,2023-19-408
1,2023-19-409
0,2023-19-410
2,2023-19-501
0,2023-19-502
0,2023-19-503
0,2023-19-504
2,2023-19-505
0,2023-19-506
0,2023-19-507
0,2023-19-508
0,2023-19-509
0,2023-19-510
2,2023-19-511
2,2023-19-601
2,2023-19-602
0,2023-19-603
2,2023-19-604
2,2023-19-605
2,2023-19-606
0,2023-19-607
2,2023-19-608
2,2023-19-609
2,2023-19-610
0,2023-19-611
0,2023-19-701
0,2023-19-702
0,2023-19-703
0,2023-19-704
0,2023-19-705
2,2023-19-706
1,2023-20-101
1,2023-20-102
1,2023-20-103
2,2023-20-104
2,2023-20-105
1,2023-20-106
2,2023-20-107
1,2023-20-108
1,2023-20-109
1,2023-20-110
1,2023-20-111
2,2023-20-112
1,2023-20-113
1,2023-20-114
1,2023-20-115
0,2023-20-116
0,2023-20-117
1,2023-20-118
2,2023-20-119
2,2023-20-120
1,2023-20-201
2,2023-20-202
1,2023-20-203
2,2023-20-204
1,2023-20-205
1,2023-20-206
1,2023-20-207
1,2023-20-208
2,2023-20-209
2,2023-20-210
2,2023-20-211
2,2023-20-212
2,2023-20-213
0,2023-20-214
0,2023-20-215
0,2023-20-216
1,2023-20-301
2,2023-20-302
1,2023-20-303
2,2023-20-304
2,2023-20-305
2,2023-20-306
1,2023-20-307
1,2023-20-308
1,2023-20-401
1,2023-20-402
1,2023-20-403
1,2023-20-404
1,2023-20-405
1,2023-20-406
1,2023-20-407
1,2023-20-408
1,2023-20-409
0,2023-20-410
2,2023-20-501
0,2023-20-502
0,2023-20-503
0,2023-20-504
2,2023-20-505
0,2023-20-506
0,2023-20-507
0,2023-20-508
0,2023-20-509
0,2023-20-510
2,2023-20-511
2,2023-20-601
2,2023-20-602
0,2023-20-603
2,2023-20-604
2,2023-20-605
2,2023-20-606
0,2023-20-607
2,2023-20-608
2,2023-20-609
2,2023-20-610
0,2023-20-611
0,2023-20-701
0,2023-20-702
0,2023-20-703
0,2023-20-704
0,2023-20-705
2,2023-20-706
1,2023-21-101
1,2023-21-102
1,2023-21-103
2,2023-21-104
2,2023-21-105
1,2023-21-106
2,2023-21-107
1,2023-21-108
1,2023-21-109
1,2023-21-110
1,2023-21-111
2,2023-21-112
1,2023-21-113
1,2023-21-114
1,2023-21-115
0,2023-21-116
0,2023-21-117
1,2023-21-118
2,2023-21-119
2,2023-21-120
1,2023-21-201
2,2023-21-202
1,2023-21-203
2,2023-21-204
1,2023-21-205
1,2023-21-206
1,2023-21-207
1,2023-21-208
2,2023-21-209
2,2023-21-210
2,2023-21-211
2,2023-21-212
2,2023-21-213
0,2023-21-214
0,2023-21-215
0,2023-21-216
1,2023-21-301
2,2023-21-302
1,2023-21-303
2,2023-21-304
2,2023-21-305
2,2023-21-306
1,2023-21-307
1,2023-21-308
1,2023-21-401
1,2023-21-402
1,2023-21-403
1,2023-21-404
1,2023-21-405
1,2023-21-406
1,2023-21-407
1,2023-21-408
1,2023-21-409
0,2023-21-410
2,2023-21-501
0,2023-21-502
0,2023-21-503
0,2023-21-504
2,2023-21-505
0,2023-21-506
0,2023-21-507
0,2023-21-508
0,2023-21-509
0,2023-21-510
2,2023-21-511
2,2023-21-601
2,2023-21-602
0,2023-21-603
2,2023-21-604
2,2023-21-605
2,2023-21-606
0,2023-21-607
2,2023-21-608
2,2023-21-609
2,2023-21-610
0,2023-21-611
0,2023-21-701
0,2023-21-702
0,2023-21-703
0,2023-21-704
0,2023-21-705
2,2023-21-706
1,2023-22-101
1,2023-22-102
1,2023-22-103
2,2023-22-104
2,2023-22-105
1,2023-22-106
2,2023-22-107
1,2023-22-108
1,2023-22-109
1,2023-22-110
1,2023-22-111
2,2023-22-112
1,2023-22-113
1,2023-22-114
1,2023-22-115
0,2023-22-116
0,2023-22-117
1,2023-22-118
2,2023-22-119
2,2023-22-120
1,2023-22-201
2,2023-22-202
1,2023-22-203
2,2023-22-204
1,2023-22-205
1,2023-22-206
1,2023-22-207
1,2023-22-208
2,2023-22-209
2,2023-22-210
2,2023-22-211
2,2023-22-212
2,2023-22-213
0,2023-22-214
0,2023-22-215
0,2023-22-216
1,2023-22-301
2,2023-22-302
1,2023-22-303
2,2023-22-304
2,2023-22-305
2,2023-22-306
1,2023-22-307
1,2023-22-308
1,2023-22-401
1,2023-22-402
1,2023-22-403
1,2023-22-404
1,2023-22-405
1,2023-22-406
1,2023-22-407
1,2023-22-408
1,2023-22-409
0,2023-22-410
2,2023-22-501
0,2023-22-502
0,2023-22-503
0,2023-22-504
2,2023-22-505
0,2023-22-506
0,2023-22-507
0,2023-22-508
0,2023-22-509
0,2023-22-510
2,2023-22-511
2,2023-22-601
2,2023-22-602
0,2023-22-603
2,2023-22-604
2,2023-22-605
2,2023-22-606
0,2023-22-607
2,2023-22-608
2,2023-22-609
2,2023-22-610
0,2023-22-611
0,2023-22-701
0,2023-22-702
0,2023-22-703
0,2023-22-704
0,2023-22-705
2,2023-22-706
1,2023-23-101
1,2023-23-102
1,2023-23-103
2,2023-23-104
2,2023-23-105
1,2023-23-106
2,2023-23-107
1,2023-23-108
1,2023-23-109
1,2023-23-110
1,2023-23-111
2,2023-23-112
1,2023-23-113
1,2023-23-114
1,2023-23-115
0,2023-23-116
0,2023-23-117
1,2023-23-118
2,2023-23-119
2,2023-23-120
1,2023-23-201
2,2023-23-202
1,2023-23-203
2,2023-23-204
1,2023-23-205
1,2023-23-206
1,2023-23-207
1,2023-23-208
2,2023-23-209
2,2023-23-210
2,2023-23-211
2,2023-23-212
2,2023-23-213
0,2023-23-214
0,2023-23-215
0,2023-23-216
1,2023-23-301
2,2023-23-302
1,2023-23-303
2,2023-23-304
2,2023-23-305
2,2023-23-306
1,2023-23-307
1,2023-23-308
1,2023-23-401
1,2023-23-402
1,2023-23-403
1,2023-23-404
1,2023-23-405
1,2023-23-406
1,2023-23-407
1,2023-23-408
1,2023-23-409
0,2023-23-410
2,2023-23-501
0,2023-23-502
0,2023-23-503
0,2023-23-504
2,2023-23-505
0,2023-23-506
0,2023-23-507
0,2023-23-508
0,2023-23-509
0,2023-23-510
2,2023-23-511
2,2023-23-601
2,2023-23-602
0,2023-23-603
2,2023-23-604
2,2023-23-605
2,2023-23-606
0,2023-23-607
2,2023-23-608
2,2023-23-609
2,2023-23-610
0,2023-23-611
0,2023-23-701
0,2023-23-702
0,2023-23-703
0,2023-23-704
0,2023-23-705
2,2023-23-706
1,2023-24-101
1,2023-24-102
1,2023-24-103
2,2023-24-104
2,2023-24-105
1,2023-24-106
2,2023-24-107
1,2023-24-108
1,2023-24-109
1,2023-24-110
1,2023-24-111
2,2023-24-112
1,2023-24-113
1,2023-24-114
1,2023-24-115
0,2023-24-116
0,2023-24-117
1,2023-24-118
2,2023-24-119
2,2023-24-120
1,2023-24-201
2,2023-24-202
1,2023-24-203
2,2023-24-204
1,2023-24-205
1,2023-24-206
1,2023-24-207
1,2023-24-208
2,2023-24-209
2,2023-24-210
2,2023-24-211
2,2023-24-212
2,2023-24-213
0,2023-24-214
0,2023-24-215
0,2023-24-216
1,2023-24-301
2,2023-24-302
1,2023-24-303
2,2023-24-304
2,2023-24-305
2,2023-24-306
1,2023-24-307
1,2023-24-308
1,2023-24-401
1,2023-24-402
1,2023-24-403
1,2023-24-404
1,2023-24-405
1,2023-24-406
1,2023-24-407
1,2023-24-408
1,2023-24-409
0,2023-24-410
2,2023-24-501
0,2023-24-502
0,2023-24-503
0,2023-24-504
2,2023-24-505
0,2023-24-506
0,2023-24-507
0,2023-24-508
0,2023-24-509
0,2023-24-510
2,2023-24-511
2,2023-24-601
2,2023-24-602
0,2023-24-603
2,2023-24-604
2,2023-24-605
2,2023-24-606
0,2023-24-607
2,2023-24-608
2,2023-24-609
2,2023-24-610
0,2023-24-611
0,2023-24-701
0,2023-24-702
0,2023-24-703
0,2023-24-704
0,2023-24-705
2,2023-24-706
1,2023-25-101
1,2023-25-102
1,2023-25-103
2,2023-25-104
2,2023-25-105
1,2023-25-106
2,2023-25-107
1,2023-25-108
1,2023-25-109
1,2023-25-110
1,2023-25-111
2,2023-25-112
1,2023-25-113
1,2023-25-114
1,2023-25-115
0,2023-25-116
0,2023-25-117
1,2023-25-118
2,2023-25-119
2,2023-25-120
1,2023-25-201
2,2023-25-202
1,2023-25-203
2,2023-25-204
1,2023-25-205
1,2023-25-206
1,2023-25-207
1,2023-25-208
2,2023-25-209
2,2023-25-210
2,2023-25-211
2,2023-25-212
2,2023-25-213
0,2023-25-214
0,2023-25-215
0,2023-25-216
1,2023-25-301
2,2023-25-302
1,2023-25-303
2,2023-25-304
2,2023-25-305
2,2023-25-306
1,2023-25-307
1,2023-25-308
1,2023-25-401
1,2023-25-402
1,2023-25-403
1,2023-25-404
1,2023-25-405
1,2023-25-406
1,2023-25-407
1,2023-25-408
1,2023-25-409
0,2023-25-410
2,2023-25-501
0,2023-25-502
0,2023-25-503
0,2023-25-504
2,2023-25-505
0,2023-25-506
0,2023-25-507
0,2023-25-508
0,2023-25-509
0,2023-25-510
2,2023-25-511
2,2023-25-601
2,2023-25-602
0,2023-25-603
2,2023-25-604
2,2023-25-605
2,2023-25-606
0,2023-25-607
2,2023-25-608
2,2023-25-609
2,2023-25-610
0,2023-25-611
0,2023-25-701
0,2023-25-702
0,2023-25-703
0,2023-25-704
0,2023-25-705
2,2023-25-706
1,2023-26-101
1,2023-26-102
1,2023-26-103
2,2023-26-104
2,2023-26-105
1,2023-26-106
2,2023-26-107
1,2023-26-108
1,2023-26-109
1,2023-26-110
1,2023-26-111
2,2023-26-112
1,2023-26-113
1,2023-26-114
1,2023-26-115
0,2023-26-116
0,2023-26-117
1,2023-26-118
2,2023-26-119
2,2023-26-120
1,2023-26-201
2,2023-26-202
1,2023-26-203
2,2023-26-204
1,2023-26-205
1,2023-26-206
1,2023-26-207
1,2023-26-208
2,2023-26-209
2,2023-26-210
2,2023-26-211
2,2023-26-212
2,2023-26-213
0,2023-26-214
0,2023-26-215
0,2023-26-216
1,2023-26-301
2,2023-26-302
1,2023-26-303
2,2023-26-304
2,2023-26-305
2,2023-26-306
1,2023-26-307
1,2023-26-308
1,2023-26-401
1,2023-26-402
1,2023-26-403
1,2023-26-404
1,2023-26-405
1,2023-26-406
1,2023-26-407
1,2023-26-408
1,2023-26-409
0,2023-26-410
2,2023-26-501
0,2023-26-502
0,2023-26-503
0,2023-26-504
2,2023-26-505
0,2023-26-506
0,2023-26-507
0,2023-26-508
0,2023-26-509
0,2023-26-510
2,2023-26-511
2,2023-26-601
2,2023-26-602
0,2023-26-603
2,2023-26-604
2,2023-26-605
2,2023-26-606
0,2023-26-607
2,2023-26-608
2,2023-26-609
2,2023-26-610
0,2023-26-611
0,2023-26-701
0,2023-26-702
0,2023-26-703
0,2023-26-704
0,2023-26-705
2,2023-26-706
1,2023-27-101
1,2023-27-102
1,2023-27-103
2,2023-27-104
2,2023-27-105
1,2023-27-106
2,2023-27-107
1,2023-27-108
1,2023-27-109
1,2023-27-110
1,2023-27-111
2,2023-27-112
1,2023-27-113
1,2023-27-114
1,2023-27-115
0,2023-27-116
0,2023-27-117
1,2023-27-118
2,2023-27-119
2,2023-27-120
1,2023-27-201
2,2023-27-202
1,2023-27-203
2,2023-27-204
1,2023-27-205
1,2023-27-206
1,2023-27-207
1,2023-27-208
2,2023-27-209
2,2023-27-210
2,2023-27-211
2,2023-27-212
2,2023-27-213
0,2023-27-214
0,2023-27-215
0,2023-27-216
1,2023-27-301
2,2023-27-302
1,2023-27-303
2,2023-27-304
2,2023-27-305
2,2023-27-306
1,2023-27-307
1,2023-27-308
1,2023-27-401
1,2023-27-402
1,2023-27-403
1,2023-27-404
1,2023-27-405
1,2023-27-406
1,2023-27-407
1,2023-27-408
1,2023-27-409
0,2023-27-410
2,2023-27-501
0,2023-27-502
0,2023-27-503
0,2023-27-504
2,2023-27-505
0,2023-27-506
0,2023-27-507
0,2023-27-508
0,2023-27-509
0,2023-27-510
2,2023-27-511
2,2023-27-601
2,2023-27-602
0,2023-27-603
2,2023-27-604
2,2023-27-605
2,2023-27-606
0,2023-27-607
2,2023-27-608
2,2023-27-609
2,2023-27-610
0,2023-27-611
0,2023-27-701
0,2023-27-702
0,2023-27-703
0,2023-27-704
0,2023-27-705
2,2023-27-706
1,2023-28-101
1,2023-28-102
1,2023-28-103
2,2023-28-104
2,2023-28-105
1,2023-28-106
2,2023-28-107
1,2023-28-108
1,2023-28-109
1,2023-28-110
1,2023-28-111
2,2023-28-112
1,2023-28-113
1,2023-28-114
1,2023-28-115
0,2023-28-116
0,2023-28-117
1,2023-28-118
2,2023-28-119
2,2023-28-120
1,2023-28-201
2,2023-28-202
1,2023-28-203
2,2023-28-204
1,2023-28-205
1,2023-28-206
1,2023-28-207
1,2023-28-208
2,2023-28-209
2,2023-28-210
2,2023-28-211
2,2023-28-212
2,2023-28-213
0,2023-28-214
0,2023-28-215
0,2023-28-216
1,2023-28-301
2,2023-28-302
1,2023-28-303
2,2023-28-304
2,2023-28-305
2,2023-28-306
1,2023-28-307
1,2023-28-308
1,2023-28-401
1,2023-28-402
1,2023-28-403
1,2023-28-404
1,2023-28-405
1,2023-28-406
1,2023-28-407
1,2023-28-408
1,2023-28-409
0,2023-28-410
2,2023-28-501
0,2023-28-502
0,2023-28-503
0,2023-28-504
2,2023-28-505
0,2023-28-506
0,2023-28-507
0,2023-28-508
0,2023-28-509
0,2023-28-510
2,2023-28-511
2,2023-28-601
2,2023-28-602
0,2023-28-603
2,2023-28-604
2,2023-28-605
2,2023-28-606
0,2023-28-607
2,2023-28-608
2,2023-28-609
2,2023-28-610
0,2023-28-611
0,2023-28-701
0,2023-28-702
0,2023-28-703
0,2023-28-704
0,2023-28-705
2,2023-28-706
1,2023-29-101
1,2023-29-102
1,2023-29-103
2,2023-29-104
2,2023-29-105
1,2023-29-106
2,2023-29-107
1,2023-29-108
1,2023-29-109
1,2023-29-110
1,2023-29-111
2,2023-29-112
1,2023-29-113
1,2023-29-114
1,2023-29-115
0,2023-29-116
0,2023-29-117
1,2023-29-118
2,2023-29-119
2,2023-29-120
1,2023-29-201
2,2023-29-202
1,2023-29-203
2,2023-29-204
1,2023-29-205
1,2023-29-206
1,2023-29-207
1,2023-29-208
2,2023-29-209
2,2023-29-210
2,2023-29-211
2,2023-29-212
2,2023-29-213
0,2023-29-214
0,2023-29-215
0,2023-29-216
1,2023-29-301
2,2023-29-302
1,2023-29-303
2,2023-29-304
2,2023-29-305
2,2023-29-306
1,2023-29-307
1,2023-29-308
1,2023-29-401
1,2023-29-402
1,2023-29-403
1,2023-29-404
1,2023-29-405
1,2023-29-406
1,2023-29-407
1,2023-29-408
1,2023-29-409
0,2023-29-410
2,2023-29-501
0,2023-29-502
0,2023-29-503
0,2023-29-504
2,2023-29-505
0,2023-29-506
0,2023-29-507
0,2023-29-508
0,2023-29-509
0,2023-29-510
2,2023-29-511
2,2023-29-601
2,2023-29-602
0,2023-29-603
2,2023-29-604
2,2023-29-605
2,2023-29-606
0,2023-29-607
2,2023-29-608
2,2023-29-609
2,2023-29-610
0,2023-29-611
0,2023-29-701
0,2023-29-702
0,2023-29-703
0,2023-29-704
0,2023-29-705
2,2023-29-706
1,2023-30-101
1,2023-30-102
1,2023-30-103
2,2023-30-104
2,2023-30-105
1,2023-30-106
2,2023-30-107
1,2023-30-108
1,2023-30-109
1,2023-30-110
1,2023-30-111
2,2023-30-112
1,2023-30-113
1,2023-30-114
1,2023-30-115
0,2023-30-116
0,2023-30-117
1,2023-30-118
2,2023-30-119
2,2023-30-120
1,2023-30-201
2,2023-30-202
1,2023-30-203
2,2023-30-204
1,2023-30-205
1,2023-30-206
1,2023-30-207
1,2023-30-208
2,2023-30-209
2,2023-30-210
2,2023-30-211
2,2023-30-212
2,2023-30-213
0,2023-30-214
0,2023-30-215
0,2023-30-216
1,2023-30-301
2,2023-30-302
1,2023-30-303
2,2023-30-304
2,2023-30-305
2,2023-30-306
1,2023-30-307
1,2023-30-308
1,2023-30-401
1,2023-30-402
1,2023-30-403
1,2023-30-404
1,2023-30-405
1,2023-30-406
1,2023-30-407
1,2023-30-408
1,2023-30-409
0,2023-30-410
2,2023-30-501
0,2023-30-502
0,2023-30-503
0,2023-30-504
2,2023-30-505
0,2023-30-506
0,2023-30-507
0,2023-30-508
0,2023-30-509
0,2023-30-510
2,2023-30-511
2,2023-30-601
2,2023-30-602
0,2023-30-603
2,2023-30-604
2,2023-30-605
2,2023-30-606
0,2023-30-607
2,2023-30-608
2,2023-30-609
2,2023-30-610
0,2023-30-611
0,2023-30-701
0,2023-30-702
0,2023-30-703
0,2023-30-704
0,2023-30-705
2,2023-30-706
1,2023-31-101
1,2023-31-102
1,2023-31-103
2,2023-31-104
2,2023-31-105
1,2023-31-106
2,2023-31-107
1,2023-31-108
1,2023-31-109
1,2023-31-110
1,2023-31-111
2,2023-31-112
1,2023-31-113
1,2023-31-114
1,2023-31-115
0,2023-31-116
0,2023-31-117
1,2023-31-118
2,2023-31-119
2,2023-31-120
1,2023-31-201
2,2023-31-202
1,2023-31-203
2,2023-31-204
1,2023-31-205
1,2023-31-206
1,2023-31-207
1,2023-31-208
2,2023-31-209
2,2023-31-210
2,2023-31-211
2,2023-31-212
2,2023-31-213
0,2023-31-214
0,2023-31-215
0,2023-31-216
1,2023-31-301
2,2023-31-302
1,2023-31-303
2,2023-31-304
2,2023-31-305
2,2023-31-306
1,2023-31-307
1,2023-31-308
1,2023-31-401
1,2023-31-402
1,2023-31-403
1,2023-31-404
1,2023-31-405
1,2023-31-406
1,2023-31-407
1,2023-31-408
1,2023-31-409
0,2023-31-410
2,2023-31-501
0,2023-31-502
0,2023-31-503
0,2023-31-504
2,2023-31-505
0,2023-31-506
0,2023-31-507
0,2023-31-508
0,2023-31-509
0,2023-31-510
2,2023-31-511
2,2023-31-601
2,2023-31-602
0,2023-31-603
2,2023-31-604
2,2023-31-605
2,2023-31-606
0,2023-31-607
2,2023-31-608
2,2023-31-609
2,2023-31-610
0,2023-31-611
0,2023-31-701
0,2023-31-702
0,2023-31-703
0,2023-31-704
0,2023-31-705
2,2023-31-706
1,2023-32-101
1,2023-32-102
1,2023-32-103
2,2023-32-104
2,2023-32-105
1,2023-32-106
2,2023-32-107
1,2023-32-108
1,2023-32-109
1,2023-32-110
1,2023-32-111
2,2023-32-112
1,2023-32-113
1,2023-32-114
1,2023-32-115
0,2023-32-116
0,2023-32-117
1,2023-32-118
2,2023-32-119
2,2023-32-120
1,2023-32-201
2,2023-32-202
1,2023-32-203
2,2023-32-204
1,2023-32-205
1,2023-32-206
1,2023-32-207
1,2023-32-208
2,2023-32-209
2,2023-32-210
2,2023-32-211
2,2023-32-212
2,2023-32-213
0,2023-32-214
0,2023-32-215
0,2023-32-216
1,2023-32-301
2,2023-32-302
1,2023-32-303
2,2023-32-304
2,2023-32-305
2,2023-32-306
1,2023-32-307
1,2023-32-308
1,2023-32-401
1,2023-32-402
1,2023-32-403
1,2023-32-404
1,2023-32-405
1,2023-32-406
1,2023-32-407
1,2023-32-408
1,2023-32-409
0,2023-32-410
2,2023-32-501
0,2023-32-502
0,2023-32-503
0,2023-32-504
2,2023-32-505
0,2023-32-506
0,2023-32-507
0,2023-32-508
0,2023-32-509
0,2023-32-510
2,2023-32-511
2,2023-32-601
2,2023-32-602
0,2023-32-603
2,2023-32-604
2,2023-32-605
2,2023-32-606
0,2023-32-607
2,2023-32-608
2,2023-32-609
2,2023-32-610
0,2023-32-611
0,2023-32-701
0,2023-32-702
0,2023-32-703
0,2023-32-704
0,2023-32-705
2,2023-32-706
1,2023-33-101
1,2023-33-102
1,2023-33-103
2,2023-33-104
2,2023-33-105
1,2023-33-106
2,2023-33-107
1,2023-33-108
1,2023-33-109
1,2023-33-110
1,2023-33-111
2,2023-33-112
1,2023-33-113
1,2023-33-114
1,2023-33-115
0,2023-33-116
0,2023-33-117
1,2023-33-118
2,2023-33-119
2,2023-33-120
1,2023-33-201
2,2023-33-202
1,2023-33-203
2,2023-33-204
1,2023-33-205
1,2023-33-206
1,2023-33-207
1,2023-33-208
2,2023-33-209
2,2023-33-210
2,2023-33-211
2,2023-33-212
2,2023-33-213
0,2023-33-214
0,2023-33-215
0,2023-33-216
1,2023-33-301
2,2023-33-302
1,2023-33-303
2,2023-33-304
2,2023-33-305
2,2023-33-306
1,2023-33-307
1,2023-33-308
1,2023-33-401
1,2023-33-402
1,2023-33-403
1,2023-33-404
1,2023-33-405
1,2023-33-406
1,2023-33-407
1,2023-33-408
1,2023-33-409
0,2023-33-410
2,2023-33-501
0,2023-33-502
0,2023-33-503
0,2023-33-504
2,2023-33-505
0,2023-33-506
0,2023-33-507
0,2023-33-508
0,2023-33-509
0,2023-33-510
2,2023-33-511
2,2023-33-601
2,2023-33-602
0,2023-33-603
2,2023-33-604
2,2023-33-605
2,2023-33-606
0,2023-33-607
2,2023-33-608
2,2023-33-609
2,2023-33-610
0,2023-33-611
0,2023-33-701
0,2023-33-702
0,2023-33-703
0,2023-33-704
0,2023-33-705
2,2023-33-706
1,2023-34-101
1,2023-34-102
1,2023-34-103
2,2023-34-104
2,2023-34-105
1,2023-34-106
2,2023-34-107
1,2023-34-108
1,2023-34-109
1,2023-34-110
1,2023-34-111
2,2023-34-112
1,2023-34-113
1,2023-34-114
1,2023-34-115
0,2023-34-116
0,2023-34-117
1,2023-34-118
2,2023-34-119
2,2023-34-120
1,2023-34-201
2,2023-34-202
1,2023-34-203
2,2023-34-204
1,2023-34-205
1,2023-34-206
1,2023-34-207
1,2023-34-208
2,2023-34-209
2,2023-34-210
2,2023-34-211
2,2023-34-212
2,2023-34-213
0,2023-34-214
0,2023-34-215
0,2023-34-216
1,2023-34-301
2,2023-34-302
1,2023-34-303
2,2023-34-304
2,2023-34-305
2,2023-34-306
1,2023-34-307
1,2023-34-308
1,2023-34-401
1,2023-34-402
1,2023-34-403
1,2023-34-404
1,2023-34-405
1,2023-34-406
1,2023-34-407
1,2023-34-408
1,2023-34-409
0,2023-34-410
2,2023-34-501
0,2023-34-502
0,2023-34-503
0,2023-34-504
2,2023-34-505
0,2023-34-506
0,2023-34-507
0,2023-34-508
0,2023-34-509
0,2023-34-510
2,2023-34-511
2,2023-34-601
2,2023-34-602
0,2023-34-603
2,2023-34-604
2,2023-34-605
2,2023-34-606
0,2023-34-607
2,2023-34-608
2,2023-34-609
2,2023-34-610
0,2023-34-611
0,2023-34-701
0,2023-34-702
0,2023-34-703
0,2023-34-704
0,2023-34-705
2,2023-34-706
1,2023-35-101
1,2023-35-102
1,2023-35-103
2,2023-35-104
2,2023-35-105
1,2023-35-106
2,2023-35-107
1,2023-35-108
1,2023-35-109
1,2023-35-110
1,2023-35-111
2,2023-35-112
1,2023-35-113
1,2023-35-114
1,2023-35-115
0,2023-35-116
0,2023-35-117
1,2023-35-118
2,2023-35-119
2,2023-35-120
1,2023-35-201
2,2023-35-202
1,2023-35-203
2,2023-35-204
1,2023-35-205
1,2023-35-206
1,2023-35-207
1,2023-35-208
2,2023-35-209
2,2023-35-210
2,2023-35-211
2,2023-35-212
2,2023-35-213
0,2023-35-214
0,2023-35-215
0,2023-35-216
1,2023-35-301
2,2023-35-302
1,2023-35-303
2,2023-35-304
2,2023-35-305
2,2023-35-306
1,2023-35-307
1,2023-35-308
1,2023-35-401
1,2023-35-402
1,2023-35-403
1,2023-35-404
1,2023-35-405
1,2023-35-406
1,2023-35-407
1,2023-35-408
1,2023-35-409
0,2023-35-410
2,2023-35-501
0,2023-35-502
0,2023-35-503
0,2023-35-504
2,2023-35-505
0,2023-35-506
0,2023-35-507
0,2023-35-508
0,2023-35-509
0,2023-35-510
2,2023-35-511
2,2023-35-601
2,2023-35-602
0,2023-35-603
2,2023-35-604
2,2023-35-605
2,2023-35-606
0,2023-35-607
2,2023-35-608
2,2023-35-609
2,2023-35-610
0,2023-35-611
0,2023-35-701
0,2023-35-702
0,2023-35-703
0,2023-35-704
0,2023-35-705
2,2023-35-706
1,2023-36-101
1,2023-36-102
1,2023-36-103
2,2023-36-104
2,2023-36-105
1,2023-36-106
2,2023-36-107
1,2023-36-108
1,2023-36-109
1,2023-36-110
1,2023-36-111
2,2023-36-112
1,2023-36-113
1,2023-36-114
1,2023-36-115
0,2023-36-116
0,2023-36-117
1,2023-36-118
2,2023-36-119
2,2023-36-120
1,2023-36-201
2,2023-36-202
1,2023-36-203
2,2023-36-204
1,2023-36-205
1,2023-36-206
1,2023-36-207
1,2023-36-208
2,2023-36-209
2,2023-36-210
2,2023-36-211
2,2023-36-212
2,2023-36-213
0,2023-36-214
0,2023-36-215
0,2023-36-216
1,2023-36-301
2,2023-36-302
1,2023-36-303
2,2023-36-304
2,2023-36-305
2,2023-36-306
1,2023-36-307
1,2023-36-308
1,2023-36-401
1,2023-36-402
1,2023-36-403
1,2023-36-404
1,2023-36-405
1,2023-36-406
1,2023-36-407
1,2023-36-408
1,2023-36-409
0,2023-36-410
2,2023-36-501
0,2023-36-502
0,2023-36-503
0,2023-36-504
2,2023-36-505
0,2023-36-506
0,2023-36-507
0,2023-36-508
0,2023-36-509
0,2023-36-510
2,2023-36-511
2,2023-36-601
2,2023-36-602
0,2023-36-603
2,2023-36-604
2,2023-36-605
2,2023-36-606
0,2023-36-607
2,2023-36-608
2,2023-36-609
2,2023-36-610
0,2023-36-611
0,2023-36-701
0,2023-36-702
0,2023-36-703
0,2023-36-704
0,2023-36-705
2,2023-36-706
1,2023-37-101
1,2023-37-102
1,2023-37-103
2,2023-37-104
2,2023-37-105
1,2023-37-106
2,2023-37-107
1,2023-37-108
1,2023-37-109
1,2023-37-110
1,2023-37-111
2,2023-37-112
1,2023-37-113
1,2023-37-114
1,2023-37-115
0,2023-37-116
0,2023-37-117
1,2023-37-118
2,2023-37-119
2,2023-37-120
1,2023-37-201
2,2023-37-202
1,2023-37-203
2,2023-37-204
1,2023-37-205
1,2023-37-206
1,2023-37-207
1,2023-37-208
2,2023-37-209
2,2023-37-210
2,2023-37-211
2,2023-37-212
2,2023-37-213
0,2023-37-214
0,2023-37-215
0,2023-37-216
1,2023-37-301
2,2023-37-302
1,2023-37-303
2,2023-37-304
2,2023-37-305
2,2023-37-306
1,2023-37-307
1,2023-37-308
1,2023-37-401
1,2023-37-402
1,2023-37-403
1,2023-37-404
1,2023-37-405
1,2023-37-406
1,2023-37-407
1,2023-37-408
1,2023-37-409
0,2023-37-410
2,2023-37-501
0,2023-37-502
0,2023-37-503
0,2023-37-504
2,2023-37-505
0,2023-37-506
0,2023-37-507
0,2023-37-508
0,2023-37-509
0,2023-37-510
2,2023-37-511
2,2023-37-601
2,2023-37-602
0,2023-37-603
2,2023-37-604
2,2023-37-605
2,2023-37-606
0,2023-37-607
2,2023-37-608
2,2023-37-609
2,2023-37-610
0,2023-37-611
0,2023-37-701
0,2023-37-702
0,2023-37-703
0,2023-37-704
0,2023-37-705
2,2023-37-706
1,2023-38-101
1,2023-38-102
1,2023-38-103
2,2023-38-104
2,2023-38-105
1,2023-38-106
2,2023-38-107
1,2023-38-108
1,2023-38-109
1,2023-38-110
1,2023-38-111
2,2023-38-112
1,2023-38-113
1,2023-38-114
1,2023-38-115
0,2023-38-116
0,2023-38-117
1,2023-38-118
2,2023-38-119
2,2023-38-120
1,2023-38-201
2,2023-38-202
1,2023-38-203
2,2023-38-204
1,2023-38-205
1,2023-38-206
1,2023-38-207
1,2023-38-208
2,2023-38-209
2,2023-38-210
2,2023-38-211
2,2023-38-212
2,2023-38-213
0,2023-38-214
0,2023-38-215
0,2023-38-216
1,2023-38-301
2,2023-38-302
1,2023-38-303
2,2023-38-304
2,2023-38-305
2,2023-38-306
1,2023-38-307
1,2023-38-308
1,2023-38-401
1,2023-38-402
1,2023-38-403
1,2023-38-404
1,2023-38-405
1,2023-38-406
1,2023-38-407
1,2023-38-408
1,2023-38-409
0,2023-38-410
2,2023-38-501
0,2023-38-502
0,2023-38-503
0,2023-38-504
2,2023-38-505
0,2023-38-506
0,2023-38-507
0,2023-38-508
0,2023-38-509
0,2023-38-510
2,2023-38-511
2,2023-38-601
2,2023-38-602
0,2023-38-603
2,2023-38-604
2,2023-38-605
2,2023-38-606
0,2023-38-607
2,2023-38-608
2,2023-38-609
2,2023-38-610
0,2023-38-611
0,2023-38-701
0,2023-38-702
0,2023-38-703
0,2023-38-704
0,2023-38-705
2,2023-38-706
1,2023-39-101
1,2023-39-102
1,2023-39-103
2,2023-39-104
2,2023-39-105
1,2023-39-106
2,2023-39-107
1,2023-39-108
1,2023-39-109
1,2023-39-110
1,2023-39-111
2,2023-39-112
1,2023-39-113
1,2023-39-114
1,2023-39-115
0,2023-39-116
0,2023-39-117
1,2023-39-118
2,2023-39-119
2,2023-39-120
1,2023-39-201
2,2023-39-202
1,2023-39-203
2,2023-39-204
1,2023-39-205
1,2023-39-206
1,2023-39-207
1,2023-39-208
2,2023-39-209
2,2023-39-210
2,2023-39-211
2,2023-39-212
2,2023-39-213
0,2023-39-214
0,2023-39-215
0,2023-39-216
1,2023-39-301
2,2023-39-302
1,2023-39-303
2,2023-39-304
2,2023-39-305
2,2023-39-306
1,2023-39-307
1,2023-39-308
1,2023-39-401
1,2023-39-402
1,2023-39-403
1,2023-39-404
1,2023-39-405
1,2023-39-406
1,2023-39-407
1,2023-39-408
1,2023-39-409
0,2023-39-410
2,2023-39-501
0,2023-39-502
0,2023-39-503
0,2023-39-504
2,2023-39-505
0,2023-39-506
0,2023-39-507
0,2023-39-508
0,2023-39-509
0,2023-39-510
2,2023-39-511
2,2023-39-601
2,2023-39-602
0,2023-39-603
2,2023-39-604
2,2023-39-605
2,2023-39-606
0,2023-39-607
2,2023-39-608
2,2023-39-609
2,2023-39-610
0,2023-39-611
0,2023-39-701
0,2023-39-702
0,2023-39-703
0,2023-39-704
0,2023-39-705
2,2023-39-706
1,2023-40-101
1,2023-40-102
1,2023-40-103
2,2023-40-104
2,2023-40-105
1,2023-40-106
2,2023-40-107
1,2023-40-108
1,2023-40-109
1,2023-40-110
1,2023-40-111
2,2023-40-112
1,2023-40-113
1,2023-40-114
1,2023-40-115
0,2023-40-116
0,2023-40-117
1,2023-40-118
2,2023-40-119
2,2023-40-120
1,2023-40-201
2,2023-40-202
1,2023-40-203
2,2023-40-204
1,2023-40-205
1,2023-40-206
1,2023-40-207
1,2023-40-208
2,2023-40-209
2,2023-40-210
2,2023-40-211
2,2023-40-212
2,2023-40-213
0,2023-40-214
0,2023-40-215
0,2023-40-216
1,2023-40-301
2,2023-40-302
1,2023-40-303
2,2023-40-304
2,2023-40-305
2,2023-40-306
1,2023-40-307
1,2023-40-308
1,2023-40-401
1,2023-40-402
1,2023-40-403
1,2023-40-404
1,2023-40-405
1,2023-40-406
1,2023-40-407
1,2023-40-408
1,2023-40-409
0,2023-40-410
2,2023-40-501
0,2023-40-502
0,2023-40-503
0,2023-40-504
2,2023-40-505
0,2023-40-506
0,2023-40-507
0,2023-40-508
0,2023-40-509
0,2023-40-510
2,2023-40-511
2,2023-40-601
2,2023-40-602
0,2023-40-603
2,2023-40-604
2,2023-40-605
2,2023-40-606
0,2023-40-607
2,2023-40-608
2,2023-40-609
2,2023-40-610
0,2023-40-611
0,2023-40-701
0,2023-40-702
0,2023-40-703
0,2023-40-704
0,2023-40-705
2,2023-40-706
1,2023-41-101
1,2023-41-102
1,2023-41-103
2,2023-41-104
2,2023-41-105
1,2023-41-106
2,2023-41-107
1,2023-41-108
1,2023-41-109
1,2023-41-110
1,2023-41-111
2,2023-41-112
1,2023-41-113
1,2023-41-114
1,2023-41-115
0,2023-41-116
0,2023-41-117
1,2023-41-118
2,2023-41-119
2,2023-41-120
1,2023-41-201
2,2023-41-202
1,2023-41-203
2,2023-41-204
1,2023-41-205
1,2023-41-206
1,2023-41-207
1,2023-41-208
2,2023-41-209
2,2023-41-210
2,2023-41-211
2,2023-41-212
2,2023-41-213
0,2023-41-214
0,2023-41-215
0,2023-41-216
1,2023-41-301
2,2023-41-302
1,2023-41-303
2,2023-41-304
2,2023-41-305
2,2023-41-306
1,2023-41-307
1,2023-41-308
1,2023-41-401
1,2023-41-402
1,2023-41-403
1,2023-41-404
1,2023-41-405
1,2023-41-406
1,2023-41-407
1,2023-41-408
1,2023-41-409
0,2023-41-410
2,2023-41-501
0,2023-41-502
0,2023-41-503
0,2023-41-504
2,2023-41-505
0,2023-41-506
0,2023-41-507
0,2023-41-508
0,2023-41-509
0,2023-41-510
2,2023-41-511
2,2023-41-601
2,2023-41-602
0,2023-41-603
2,2023-41-604
2,2023-41-605
2,2023-41-606
0,2023-41-607
2,2023-41-608
2,2023-41-609
2,2023-41-610
0,2023-41-611
0,2023-41-701
0,2023-41-702
0,2023-41-703
0,2023-41-704
0,2023-41-705
2,2023-41-706
1,2023-42-101
1,2023-42-102
1,2023-42-103
2,2023-42-104
2,2023-42-105
1,2023-42-106
2,2023-42-107
1,2023-42-108
1,2023-42-109
1,2023-42-110
1,2023-42-111
2,2023-42-112
1,2023-42-113
1,2023-42-114
1,2023-42-115
0,2023-42-116
0,2023-42-117
1,2023-42-118
2,2023-42-119
2,2023-42-120
1,2023-42-201
2,2023-42-202
1,2023-42-203
2,2023-42-204
1,2023-42-205
1,2023-42-206
1,2023-42-207
1,2023-42-208
2,2023-42-209
2,2023-42-210
2,2023-42-211
2,2023-42-212
2,2023-42-213
0,2023-42-214
0,2023-42-215
0,2023-42-216
1,2023-42-301
2,2023-42-302
1,2023-42-303
2,2023-42-304
2,2023-42-305
2,2023-42-306
1,2023-42-307
1,2023-42-308
1,2023-42-401
1,2023-42-402
1,2023-42-403
1,2023-42-404
1,2023-42-405
1,2023-42-406
1,2023-42-407
1,2023-42-408
1,2023-42-409
0,2023-42-410
2,2023-42-501
0,2023-42-502
0,2023-42-503
0,2023-42-504
2,2023-42-505
0,2023-42-506
0,2023-42-507
0,2023-42-508
0,2023-42-509
0,2023-42-510
2,2023-42-511
2,2023-42-601
2,2023-42-602
0,2023-42-603
2,2023-42-604
2,2023-42-605
2,2023-42-606
0,2023-42-607
2,2023-42-608
2,2023-42-609
2,2023-42-610
0,2023-42-611
0,2023-42-701
0,2023-42-702
0,2023-42-703
0,2023-42-704
0,2023-42-705
2,2023-42-706
1,2023-43-101
1,2023-43-102
1,2023-43-103
2,2023-43-104
2,2023-43-105
1,2023-43-106
2,2023-43-107
1,2023-43-108
1,2023-43-109
1,2023-43-110
1,2023-43-111
2,2023-43-112
1,2023-43-113
1,2023-43-114
1,2023-43-115
0,2023-43-116
0,2023-43-117
1,2023-43-118
2,2023-43-119
2,2023-43-120
1,2023-43-201
2,2023-43-202
1,2023-43-203
2,2023-43-204
1,2023-43-205
1,2023-43-206
1,2023-43-207
1,2023-43-208
2,2023-43-209
2,2023-43-210
2,2023-43-211
2,2023-43-212
2,2023-43-213
0,2023-43-214
0,2023-43-215
0,2023-43-216
1,2023-43-301
2,2023-43-302
1,2023-43-303
2,2023-43-304
2,2023-43-305
2,2023-43-306
1,2023-43-307
1,2023-43-308
1,2023-43-401
1,2023-43-402
1,2023-43-403
1,2023-43-404
1,2023-43-405
1,2023-43-406
1,2023-43-407
1,2023-43-408
1,2023-43-409
0,2023-43-410
2,2023-43-501
0,2023-43-502
0,2023-43-503
0,2023-43-504
2,2023-43-505
0,2023-43-506
0,2023-43-507
0,2023-43-508
0,2023-43-509
0,2023-43-510
2,2023-43-511
2,2023-43-601
2,2023-43-602
0,2023-43-603
2,2023-43-604
2,2023-43-605
2,2023-43-606
0,2023-43-607
2,2023-43-608
2,2023-43-609
2,2023-43-610
0,2023-43-611
0,2023-43-701
0,2023-43-702
0,2023-43-703
0,2023-43-704
0,2023-43-705
2,2023-43-706
1,2023-44-101
1,2023-44-102
1,2023-44-103
2,2023-44-104
2,2023-44-105
1,2023-44-106
2,2023-44-107
1,2023-44-108
1,2023-44-109
1,2023-44-110
1,2023-44-111
2,2023-44-112
1,2023-44-113
1,2023-44-114
1,2023-44-115
0,2023-44-116
0,2023-44-117
1,2023-44-118
2,2023-44-119
2,2023-44-120
1,2023-44-201
2,2023-44-202
1,2023-44-203
2,2023-44-204
1,2023-44-205
1,2023-44-206
1,2023-44-207
1,2023-44-208
2,2023-44-209
2,2023-44-210
2,2023-44-211
2,2023-44-212
2,2023-44-213
0,2023-44-214
0,2023-44-215
0,2023-44-216
1,2023-44-301
2,2023-44-302
1,2023-44-303
2,2023-44-304
2,2023-44-305
2,2023-44-306
1,2023-44-307
1,2023-44-308
1,2023-44-401
1,2023-44-402
1,2023-44-403
1,2023-44-404
1,2023-44-405
1,2023-44-406
1,2023-44-407
1,2023-44-408
1,2023-44-409
0,2023-44-410
2,2023-44-501
0,2023-44-502
0,2023-44-503
0,2023-44-504
2,2023-44-505
0,2023-44-506
0,2023-44-507
0,2023-44-508
0,2023-44-509
0,2023-44-510
2,2023-44-511
2,2023-44-601
2,2023-44-602
0,2023-44-603
2,2023-44-604
2,2023-44-605
2,2023-44-606
0,2023-44-607
2,2023-44-608
2,2023-44-609
2,2023-44-610
0,2023-44-611
0,2023-44-701
0,2023-44-702
0,2023-44-703
0,2023-44-704
0,2023-44-705
2,2023-44-706
1,2023-45-101
1,2023-45-102
1,2023-45-103
2,2023-45-104
2,2023-45-105
1,2023-45-106
2,2023-45-107
1,2023-45-108
1,2023-45-109
1,2023-45-110
1,2023-45-111
2,2023-45-112
1,2023-45-113
1,2023-45-114
1,2023-45-115
0,2023-45-116
0,2023-45-117
1,2023-45-118
2,2023-45-119
2,2023-45-120
1,2023-45-201
2,2023-45-202
1,2023-45-203
2,2023-45-204
1,2023-45-205
1,2023-45-206
1,2023-45-207
1,2023-45-208
2,2023-45-209
2,2023-45-210
2,2023-45-211
2,2023-45-212
2,2023-45-213
0,2023-45-214
0,2023-45-215
0,2023-45-216
1,2023-45-301
2,2023-45-302
1,2023-45-303
2,2023-45-304
2,2023-45-305
2,2023-45-306
1,2023-45-307
1,2023-45-308
1,2023-45-401
1,2023-45-402
1,2023-45-403
1,2023-45-404
1,2023-45-405
1,2023-45-406
1,2023-45-407
1,2023-45-408
1,2023-45-409
0,2023-45-410
2,2023-45-501
0,2023-45-502
0,2023-45-503
0,2023-45-504
2,2023-45-505
0,2023-45-506
0,2023-45-507
0,2023-45-508
0,2023-45-509
0,2023-45-510
2,2023-45-511
2,2023-45-601
2,2023-45-602
0,2023-45-603
2,2023-45-604
2,2023-45-605
2,2023-45-606
0,2023-45-607
2,2023-45-608
2,2023-45-609
2,2023-45-610
0,2023-45-611
0,2023-45-701
0,2023-45-702
0,2023-45-703
0,2023-45-704
0,2023-45-705
2,2023-45-706
1,2023-46-101
1,2023-46-102
1,2023-46-103
2,2023-46-104
2,2023-46-105
1,2023-46-106
2,2023-46-107
1,2023-46-108
1,2023-46-109
1,2023-46-110
1,2023-46-111
2,2023-46-112
1,2023-46-113
1,2023-46-114
1,2023-46-115
0,2023-46-116
0,2023-46-117
1,2023-46-118
2,2023-46-119
2,2023-46-120
1,2023-46-201
2,2023-46-202
1,2023-46-203
2,2023-46-204
1,2023-46-205
1,2023-46-206
1,2023-46-207
1,2023-46-208
2,2023-46-209
2,2023-46-210
2,2023-46-211
2,2023-46-212
2,2023-46-213
0,2023-46-214
0,2023-46-215
0,2023-46-216
1,2023-46-301
2,2023-46-302
1,2023-46-303
2,2023-46-304
2,2023-46-305
2,2023-46-306
1,2023-46-307
1,2023-46-308
1,2023-46-401
1,2023-46-402
1,2023-46-403
1,2023-46-404
1,2023-46-405
1,2023-46-406
1,2023-46-407
1,2023-46-408
1,2023-46-409
0,2023-46-410
2,2023-46-501
0,2023-46-502
0,2023-46-503
0,2023-46-504
2,2023-46-505
0,2023-46-506
0,2023-46-507
0,2023-46-508
0,2023-46-509
0,2023-46-510
2,2023-46-511
2,2023-46-601
2,2023-46-602
0,2023-46-603
2,2023-46-604
2,2023-46-605
2,2023-46-606
0,2023-46-607
2,2023-46-608
2,2023-46-609
2,2023-46-610
0,2023-46-611
0,2023-46-701
0,2023-46-702
0,2023-46-703
0,2023-46-704
0,2023-46-705
2,2023-46-706
1,2023-47-101
1,2023-47-102
1,2023-47-103
2,2023-47-104
2,2023-47-105
1,2023-47-106
2,2023-47-107
1,2023-47-108
1,2023-47-109
1,2023-47-110
1,2023-47-111
2,2023-47-112
1,2023-47-113
1,2023-47-114
1,2023-47-115
0,2023-47-116
0,2023-47-117
1,2023-47-118
2,2023-47-119
2,2023-47-120
1,2023-47-201
2,2023-47-202
1,2023-47-203
2,2023-47-204
1,2023-47-205
1,2023-47-206
1,2023-47-207
1,2023-47-208
2,2023-47-209
2,2023-47-210
2,2023-47-211
2,2023-47-212
2,2023-47-213
0,2023-47-214
0,2023-47-215
0,2023-47-216
1,2023-47-301
2,2023-47-302
1,2023-47-303
2,2023-47-304
2,2023-47-305
2,2023-47-306
1,2023-47-307
1,2023-47-308
1,2023-47-401
1,2023-47-402
1,2023-47-403
1,2023-47-404
1,2023-47-405
1,2023-47-406
1,2023-47-407
1,2023-47-408
1,2023-47-409
0,2023-47-410
2,2023-47-501
0,2023-47-502
0,2023-47-503
0,2023-47-504
2,2023-47-505
0,2023-47-506
0,2023-47-507
0,2023-47-508
0,2023-47-509
0,2023-47-510
2,2023-47-511
2,2023-47-601
2,2023-47-602
0,2023-47-603
2,2023-47-604
2,2023-47-605
2,2023-47-606
0,2023-47-607
2,2023-47-608
2,2023-47-609
2,2023-47-610
0,2023-47-611
0,2023-47-701
0,2023-47-702
0,2023-47-703
0,2023-47-704
0,2023-47-705
2,2023-47-706
1,2023-48-101
1,2023-48-102
1,2023-48-103
2,2023-48-104
2,2023-48-105
1,2023-48-106
2,2023-48-107
1,2023-48-108
1,2023-48-109
1,2023-48-110
1,2023-48-111
2,2023-48-112
1,2023-48-113
1,2023-48-114
1,2023-48-115
0,2023-48-116
0,2023-48-117
1,2023-48-118
2,2023-48-119
2,2023-48-120
1,2023-48-201
2,2023-48-202
1,2023-48-203
2,2023-48-204
1,2023-48-205
1,2023-48-206
1,2023-48-207
1,2023-48-208
2,2023-48-209
2,2023-48-210
2,2023-48-211
2,2023-48-212
2,2023-48-213
0,2023-48-214
0,2023-48-215
0,2023-48-216
1,2023-48-301
2,2023-48-302
1,2023-48-303
2,2023-48-304
2,2023-48-305
2,2023-48-306
1,2023-48-307
1,2023-48-308
1,2023-48-401
1,2023-48-402
1,2023-48-403
1,2023-48-404
1,2023-48-405
1,2023-48-406
1,2023-48-407
1,2023-48-408
1,2023-48-409
0,2023-48-410
2,2023-48-501
0,2023-48-502
0,2023-48-503
0,2023-48-504
2,2023-48-505
0,2023-48-506
0,2023-48-507
0,2023-48-508
0,2023-48-509
0,2023-48-510
2,2023-48-511
2,2023-48-601
2,2023-48-602
0,2023-48-603
2,2023-48-604
2,2023-48-605
2,2023-48-606
0,2023-48-607
2,2023-48-608
2,2023-48-609
2,2023-48-610
0,2023-48-611
0,2023-48-701
0,2023-48-702
0,2023-48-703
0,2023-48-704
0,2023-48-705
2,2023-48-706
1,2023-49-101
1,2023-49-102
1,2023-49-103
2,2023-49-104
2,2023-49-105
1,2023-49-106
2,2023-49-107
1,2023-49-108
1,2023-49-109
1,2023-49-110
1,2023-49-111
2,2023-49-112
1,2023-49-113
1,2023-49-114
1,2023-49-115
0,2023-49-116
0,2023-49-117
1,2023-49-118
2,2023-49-119
2,2023-49-120
1,2023-49-201
2,2023-49-202
1,2023-49-203
2,2023-49-204
1,2023-49-205
1,2023-49-206
1,2023-49-207
1,2023-49-208
2,2023-49-209
2,2023-49-210
2,2023-49-211
2,2023-49-212
2,2023-49-213
0,2023-49-214
0,2023-49-215
0,2023-49-216
1,2023-49-301
2,2023-49-302
1,2023-49-303
2,2023-49-304
2,2023-49-305
2,2023-49-306
1,2023-49-307
1,2023-49-308
1,2023-49-401
1,2023-49-402
1,2023-49-403
1,2023-49-404
1,2023-49-405
1,2023-49-406
1,2023-49-407
1,2023-49-408
1,2023-49-409
0,2023-49-410
2,2023-49-501
0,2023-49-502
0,2023-49-503
0,2023-49-504
2,2023-49-505
0,2023-49-506
0,2023-49-507
0,2023-49-508
0,2023-49-509
0,2023-49-510
2,2023-49-511
2,2023-49-601
2,2023-49-602
0,2023-49-603
2,2023-49-604
2,2023-49-605
2,2023-49-606
0,2023-49-607
2,2023-49-608
2,2023-49-609
2,2023-49-610
0,2023-49-611
0,2023-49-701
0,2023-49-702
0,2023-49-703
0,2023-49-704
0,2023-49-705
2,2023-49-706
1,2023-50-101
1,2023-50-102
1,2023-50-103
2,2023-50-104
2,2023-50-105
1,2023-50-106
2,2023-50-107
1,2023-50-108
1,2023-50-109
1,2023-50-110
1,2023-50-111
2,2023-50-112
1,2023-50-113
1,2023-50-114
1,2023-50-115
0,2023-50-116
0,2023-50-117
1,2023-50-118
2,2023-50-119
2,2023-50-120
1,2023-50-201
2,2023-50-202
1,2023-50-203
2,2023-50-204
1,2023-50-205
1,2023-50-206
1,2023-50-207
1,2023-50-208
2,2023-50-209
2,2023-50-210
2,2023-50-211
2,2023-50-212
2,2023-50-213
0,2023-50-214
0,2023-50-215
0,2023-50-216
1,2023-50-301
2,2023-50-302
1,2023-50-303
2,2023-50-304
2,2023-50-305
2,2023-50-306
1,2023-50-307
1,2023-50-308
1,2023-50-401
1,2023-50-402
1,2023-50-403
1,2023-50-404
1,2023-50-405
1,2023-50-406
1,2023-50-407
1,2023-50-408
1,2023-50-409
0,2023-50-410
2,2023-50-501
0,2023-50-502
0,2023-50-503
0,2023-50-504
2,2023-50-505
0,2023-50-506
0,2023-50-507
0,2023-50-508
0,2023-50-509
0,2023-50-510
2,2023-50-511
2,2023-50-601
2,2023-50-602
0,2023-50-603
2,2023-50-604
2,2023-50-605
2,2023-50-606
0,2023-50-607
2,2023-50-608
2,2023-50-609
2,2023-50-610
0,2023-50-611
0,2023-50-701
0,2023-50-702
0,2023-50-703
0,2023-50-704
0,2023-50-705
2,2023-50-706
1,2023-51-101
1,2023-51-102
1,2023-51-103
2,2023-51-104
2,2023-51-105
1,2023-51-106
2,2023-51-107
1,2023-51-108
1,2023-51-109
1,2023-51-110
1,2023-51-111
2,2023-51-112
1,2023-51-113
1,2023-51-114
1,2023-51-115
0,2023-51-116
0,2023-51-117
1,2023-51-118
2,2023-51-119
2,2023-51-120
1,2023-51-201
2,2023-51-202
1,2023-51-203
2,2023-51-204
1,2023-51-205
1,2023-51-206
1,2023-51-207
1,2023-51-208
2,2023-51-209
2,2023-51-210
2,2023-51-211
2,2023-51-212
2,2023-51-213
0,2023-51-214
0,2023-51-215
0,2023-51-216
1,2023-51-301
2,2023-51-302
1,2023-51-303
2,2023-51-304
2,2023-51-305
2,2023-51-306
1,2023-51-307
1,2023-51-308
1,2023-51-401
1,2023-51-402
1,2023-51-403
1,2023-51-404
1,2023-51-405
1,2023-51-406
1,2023-51-407
1,2023-51-408
1,2023-51-409
0,2023-51-410
2,2023-51-501
0,2023-51-502
0,2023-51-503
0,2023-51-504
2,2023-51-505
0,2023-51-506
0,2023-51-507
0,2023-51-508
0,2023-51-509
0,2023-51-510
2,2023-51-511
2,2023-51-601
2,2023-51-602
0,2023-51-603
2,2023-51-604
2,2023-51-605
2,2023-51-606
0,2023-51-607
2,2023-51-608
2,2023-51-609
2,2023-51-610
0,2023-51-611
0,2023-51-701
0,2023-51-702
0,2023-51-703
0,2023-51-704
0,2023-51-705
2,2023-51-706
1,2023-52-101
1,2023-52-102
1,2023-52-103
2,2023-52-104
2,2023-52-105
1,2023-52-106
2,2023-52-107
1,2023-52-108
1,2023-52-109
1,2023-52-110
1,2023-52-111
2,2023-52-112
1,2023-52-113
1,2023-52-114
1,2023-52-115
0,2023-52-116
0,2023-52-117
1,2023-52-118
2,2023-52-119
2,2023-52-120
1,2023-52-201
2,2023-52-202
1,2023-52-203
2,2023-52-204
1,2023-52-205
1,2023-52-206
1,2023-52-207
1,2023-52-208
2,2023-52-209
2,2023-52-210
2,2023-52-211
2,2023-52-212
2,2023-52-213
0,2023-52-214
0,2023-52-215
0,2023-52-216
1,2023-52-301
2,2023-52-302
1,2023-52-303
2,2023-52-304
2,2023-52-305
2,2023-52-306
1,2023-52-307
1,2023-52-308
1,2023-52-401
1,2023-52-402
1,2023-52-403
1,2023-52-404
1,2023-52-405
1,2023-52-406
1,2023-52-407
1,2023-52-408
1,2023-52-409
0,2023-52-410
2,2023-52-501
0,2023-52-502
0,2023-52-503
0,2023-52-504
2,2023-52-505
0,2023-52-506
0,2023-52-507
0,2023-52-508
0,2023-52-509
0,2023-52-510
2,2023-52-511
2,2023-52-601
2,2023-52-602
0,2023-52-603
2,2023-52-604
2,2023-52-605
2,2023-52-606
0,2023-52-607
2,2023-52-608
2,2023-52-609
2,2023-52-610
0,2023-52-611
0,2023-52-701
0,2023-52-702
0,2023-52-703
0,2023-52-704
0,2023-52-705
2,2023-52-706
1,2023-53-101
1,2023-53-102
1,2023-53-103
2,2023-53-104
2,2023-53-105
1,2023-53-106
2,2023-53-107
1,2023-53-108
1,2023-53-109
1,2023-53-110
1,2023-53-111
2,2023-53-112
1,2023-53-113
1,2023-53-114
1,2023-53-115
0,2023-53-116
0,2023-53-117
1,2023-53-118
2,2023-53-119
2,2023-53-120
1,2023-53-201
2,2023-53-202
1,2023-53-203
2,2023-53-204
1,2023-53-205
1,2023-53-206
1,2023-53-207
1,2023-53-208
2,2023-53-209
2,2023-53-210
2,2023-53-211
2,2023-53-212
2,2023-53-213
0,2023-53-214
0,2023-53-215
0,2023-53-216
1,2023-53-301
2,2023-53-302
1,2023-53-303
2,2023-53-304
2,2023-53-305
2,2023-53-306
1,2023-53-307
1,2023-53-308
1,2023-53-401
1,2023-53-402
1,2023-53-403
1,2023-53-404
1,2023-53-405
1,2023-53-406
1,2023-53-407
1,2023-53-408
1,2023-53-409
0,2023-53-410
2,2023-53-501
0,2023-53-502
0,2023-53-503
0,2023-53-504
2,2023-53-505
0,2023-53-506
0,2023-53-507
0,2023-53-508
0,2023-53-509
0,2023-53-510
2,2023-53-511
2,2023-53-601
2,2023-53-602
0,2023-53-603
2,2023-53-604
2,2023-53-605
2,2023-53-606
0,2023-53-607
2,2023-53-608
2,2023-53-609
2,2023-53-610
0,2023-53-611
0,2023-53-701
0,2023-53-702
0,2023-53-703
0,2023-53-704
0,2023-53-705
2,2023-53-706
1,2024-1-101
1,2024-1-102
1,2024-1-103
2,2024-1-104
2,2024-1-105
1,2024-1-106
2,2024-1-107
1,2024-1-108
1,2024-1-109
1,2024-1-110
1,2024-1-111
2,2024-1-112
1,2024-1-113
1,2024-1-114
1,2024-1-115
0,2024-1-116
0,2024-1-117
1,2024-1-118
2,2024-1-119
2,2024-1-120
1,2024-1-201
2,2024-1-202
1,2024-1-203
2,2024-1-204
1,2024-1-205
1,2024-1-206
1,2024-1-207
1,2024-1-208
2,2024-1-209
2,2024-1-210
2,2024-1-211
2,2024-1-212
2,2024-1-213
0,2024-1-214
0,2024-1-215
0,2024-1-216
1,2024-1-301
2,2024-1-302
1,2024-1-303
2,2024-1-304
2,2024-1-305
2,2024-1-306
1,2024-1-307
1,2024-1-308
1,2024-1-401
1,2024-1-402
1,2024-1-403
1,2024-1-404
1,2024-1-405
1,2024-1-406
1,2024-1-407
1,2024-1-408
1,2024-1-409
0,2024-1-410
2,2024-1-501
0,2024-1-502
0,2024-1-503
0,2024-1-504
2,2024-1-505
0,2024-1-506
0,2024-1-507
0,2024-1-508
0,2024-1-509
0,2024-1-510
2,2024-1-511
2,2024-1-601
2,2024-1-602
0,2024-1-603
2,2024-1-604
2,2024-1-605
2,2024-1-606
0,2024-1-607
2,2024-1-608
2,2024-1-609
2,2024-1-610
0,2024-1-611
0,2024-1-701
0,2024-1-702
0,2024-1-703
0,2024-1-704
0,2024-1-705
2,2024-1-706
1,2024-2-101
1,2024-2-102
1,2024-2-103
2,2024-2-104
2,2024-2-105
1,2024-2-106
2,2024-2-107
1,2024-2-108
1,2024-2-109
1,2024-2-110
1,2024-2-111
2,2024-2-112
1,2024-2-113
1,2024-2-114
1,2024-2-115
0,2024-2-116
0,2024-2-117
1,2024-2-118
2,2024-2-119
2,2024-2-120
1,2024-2-201
2,2024-2-202
1,2024-2-203
2,2024-2-204
1,2024-2-205
1,2024-2-206
1,2024-2-207
1,2024-2-208
2,2024-2-209
2,2024-2-210
2,2024-2-211
2,2024-2-212
2,2024-2-213
0,2024-2-214
0,2024-2-215
0,2024-2-216
1,2024-2-301
2,2024-2-302
1,2024-2-303
2,2024-2-304
2,2024-2-305
2,2024-2-306
1,2024-2-307
1,2024-2-308
1,2024-2-401
1,2024-2-402
1,2024-2-403
1,2024-2-404
1,2024-2-405
1,2024-2-406
1,2024-2-407
1,2024-2-408
1,2024-2-409
0,2024-2-410
2,2024-2-501
0,2024-2-502
0,2024-2-503
0,2024-2-504
2,2024-2-505
0,2024-2-506
0,2024-2-507
0,2024-2-508
0,2024-2-509
0,2024-2-510
2,2024-2-511
2,2024-2-601
2,2024-2-602
0,2024-2-603
2,2024-2-604
2,2024-2-605
2,2024-2-606
0,2024-2-607
2,2024-2-608
2,2024-2-609
2,2024-2-610
0,2024-2-611
0,2024-2-701
0,2024-2-702
0,2024-2-703
0,2024-2-704
0,2024-2-705
2,2024-2-706
1,2024-3-101
1,2024-3-102
1,2024-3-103
2,2024-3-104
2,2024-3-105
1,2024-3-106
2,2024-3-107
1,2024-3-108
1,2024-3-109
1,2024-3-110
1,2024-3-111
2,2024-3-112
1,2024-3-113
1,2024-3-114
1,2024-3-115
0,2024-3-116
0,2024-3-117
1,2024-3-118
2,2024-3-119
2,2024-3-120
1,2024-3-201
2,2024-3-202
1,2024-3-203
2,2024-3-204
1,2024-3-205
1,2024-3-206
1,2024-3-207
1,2024-3-208
2,2024-3-209
2,2024-3-210
2,2024-3-211
2,2024-3-212
2,2024-3-213
0,2024-3-214
0,2024-3-215
0,2024-3-216
1,2024-3-301
2,2024-3-302
1,2024-3-303
2,2024-3-304
2,2024-3-305
2,2024-3-306
1,2024-3-307
1,2024-3-308
1,2024-3-401
1,2024-3-402
1,2024-3-403
1,2024-3-404
1,2024-3-405
1,2024-3-406
1,2024-3-407
1,2024-3-408
1,2024-3-409
0,2024-3-410
2,2024-3-501
0,2024-3-502
0,2024-3-503
0,2024-3-504
2,2024-3-505
0,2024-3-506
0,2024-3-507
0,2024-3-508
0,2024-3-509
0,2024-3-510
2,2024-3-511
2,2024-3-601
2,2024-3-602
0,2024-3-603
2,2024-3-604
2,2024-3-605
2,2024-3-606
0,2024-3-607
2,2024-3-608
2,2024-3-609
2,2024-3-610
0,2024-3-611
0,2024-3-701
0,2024-3-702
0,2024-3-703
0,2024-3-704
0,2024-3-705
2,2024-3-706
1,2024-4-101
1,2024-4-102
1,2024-4-103
2,2024-4-104
2,2024-4-105
1,2024-4-106
2,2024-4-107
1,2024-4-108
1,2024-4-109
1,2024-4-110
1,2024-4-111
2,2024-4-112
1,2024-4-113
1,2024-4-114
1,2024-4-115
0,2024-4-116
0,2024-4-117
1,2024-4-118
2,2024-4-119
2,2024-4-120
1,2024-4-201
2,2024-4-202
1,2024-4-203
2,2024-4-204
1,2024-4-205
1,2024-4-206
1,2024-4-207
1,2024-4-208
2,2024-4-209
2,2024-4-210
2,2024-4-211
2,2024-4-212
2,2024-4-213
0,2024-4-214
0,2024-4-215
0,2024-4-216
1,2024-4-301
2,2024-4-302
1,2024-4-303
2,2024-4-304
2,2024-4-305
2,2024-4-306
1,2024-4-307
1,2024-4-308
1,2024-4-401
1,2024-4-402
1,2024-4-403
1,2024-4-404
1,2024-4-405
1,2024-4-406
1,2024-4-407
1,2024-4-408
1,2024-4-409
0,2024-4-410
2,2024-4-501
0,2024-4-502
0,2024-4-503
0,2024-4-504
2,2024-4-505
0,2024-4-506
0,2024-4-507
0,2024-4-508
0,2024-4-509
0,2024-4-510
2,2024-4-511
2,2024-4-601
2,2024-4-602
0,2024-4-603
2,2024-4-604
2,2024-4-605
2,2024-4-606
0,2024-4-607
2,2024-4-608
2,2024-4-609
2,2024-4-610
0,2024-4-611
0,2024-4-701
0,2024-4-702
0,2024-4-703
0,2024-4-704
0,2024-4-705
2,2024-4-706
1,2024-5-101
1,2024-5-102
1,2024-5-103
2,2024-5-104
2,2024-5-105
1,2024-5-106
2,2024-5-107
1,2024-5-108
1,2024-5-109
1,2024-5-110
1,2024-5-111
2,2024-5-112
1,2024-5-113
1,2024-5-114
1,2024-5-115
0,2024-5-116
0,2024-5-117
1,2024-5-118
2,2024-5-119
2,2024-5-120
1,2024-5-201
2,2024-5-202
1,2024-5-203
2,2024-5-204
1,2024-5-205
1,2024-5-206
1,2024-5-207
1,2024-5-208
2,2024-5-209
2,2024-5-210
2,2024-5-211
2,2024-5-212
2,2024-5-213
0,2024-5-214
0,2024-5-215
0,2024-5-216
1,2024-5-301
2,2024-5-302
1,2024-5-303
2,2024-5-304
2,2024-5-305
2,2024-5-306
1,2024-5-307
1,2024-5-308
1,2024-5-401
1,2024-5-402
1,2024-5-403
1,2024-5-404
1,2024-5-405
1,2024-5-406
1,2024-5-407
1,2024-5-408
1,2024-5-409
0,2024-5-410
2,2024-5-501
0,2024-5-502
0,2024-5-503
0,2024-5-504
2,2024-5-505
0,2024-5-506
0,2024-5-507
0,2024-5-508
0,2024-5-509
0,2024-5-510
2,2024-5-511
2,2024-5-601
2,2024-5-602
0,2024-5-603
2,2024-5-604
2,2024-5-605
2,2024-5-606
0,2024-5-607
2,2024-5-608
2,2024-5-609
2,2024-5-610
0,2024-5-611
0,2024-5-701
0,2024-5-702
0,2024-5-703
0,2024-5-704
0,2024-5-705
2,2024-5-706
1,2024-6-101
1,2024-6-102
1,2024-6-103
2,2024-6-104
2,2024-6-105
1,2024-6-106
2,2024-6-107
1,2024-6-108
1,2024-6-109
1,2024-6-110
1,2024-6-111
2,2024-6-112
1,2024-6-113
1,2024-6-114
1,2024-6-115
0,2024-6-116
0,2024-6-117
1,2024-6-118
2,2024-6-119
2,2024-6-120
1,2024-6-201
2,2024-6-202
1,2024-6-203
2,2024-6-204
1,2024-6-205
1,2024-6-206
1,2024-6-207
1,2024-6-208
2,2024-6-209
2,2024-6-210
2,2024-6-211
2,2024-6-212
2,2024-6-213
0,2024-6-214
0,2024-6-215
0,2024-6-216
1,2024-6-301
2,2024-6-302
1,2024-6-303
2,2024-6-304
2,2024-6-305
2,2024-6-306
1,2024-6-307
1,2024-6-308
1,2024-6-401
1,2024-6-402
1,2024-6-403
1,2024-6-404
1,2024-6-405
1,2024-6-406
1,2024-6-407
1,2024-6-408
1,2024-6-409
0,2024-6-410
2,2024-6-501
0,2024-6-502
0,2024-6-503
0,2024-6-504
2,2024-6-505
0,2024-6-506
0,2024-6-507
0,2024-6-508
0,2024-6-509
0,2024-6-510
2,2024-6-511
2,2024-6-601
2,2024-6-602
0,2024-6-603
2,2024-6-604
2,2024-6-605
2,2024-6-606
0,2024-6-607
2,2024-6-608
2,2024-6-609
2,2024-6-610
0,2024-6-611
0,2024-6-701
0,2024-6-702
0,2024-6-703
0,2024-6-704
0,2024-6-705
2,2024-6-706
1,2024-7-101
1,2024-7-102
1,2024-7-103
2,2024-7-104
2,2024-7-105
1,2024-7-106
2,2024-7-107
1,2024-7-108
1,2024-7-109
1,2024-7-110
1,2024-7-111
2,2024-7-112
1,2024-7-113
1,2024-7-114
1,2024-7-115
0,2024-7-116
0,2024-7-117
1,2024-7-118
2,2024-7-119
2,2024-7-120
1,2024-7-201
2,2024-7-202
1,2024-7-203
2,2024-7-204
1,2024-7-205
1,2024-7-206
1,2024-7-207
1,2024-7-208
2,2024-7-209
2,2024-7-210
2,2024-7-211
2,2024-7-212
2,2024-7-213
0,2024-7-214
0,2024-7-215
0,2024-7-216
1,2024-7-301
2,2024-7-302
1,2024-7-303
2,2024-7-304
2,2024-7-305
2,2024-7-306
1,2024-7-307
1,2024-7-308
1,2024-7-401
1,2024-7-402
1,2024-7-403
1,2024-7-404
1,2024-7-405
1,2024-7-406
1,2024-7-407
1,2024-7-408
1,2024-7-409
0,2024-7-410
2,2024-7-501
0,2024-7-502
0,2024-7-503
0,2024-7-504
2,2024-7-505
0,2024-7-506
0,2024-7-507
0,2024-7-508
0,2024-7-509
0,2024-7-510
2,2024-7-511
2,2024-7-601
2,2024-7-602
0,2024-7-603
2,2024-7-604
2,2024-7-605
2,2024-7-606
0,2024-7-607
2,2024-7-608
2,2024-7-609
2,2024-7-610
0,2024-7-611
0,2024-7-701
0,2024-7-702
0,2024-7-703
0,2024-7-704
0,2024-7-705
2,2024-7-706
1,2024-8-101
1,2024-8-102
1,2024-8-103
2,2024-8-104
2,2024-8-105
1,2024-8-106
2,2024-8-107
1,2024-8-108
1,2024-8-109
1,2024-8-110
1,2024-8-111
2,2024-8-112
1,2024-8-113
1,2024-8-114
1,2024-8-115
0,2024-8-116
0,2024-8-117
1,2024-8-118
2,2024-8-119
2,2024-8-120
1,2024-8-201
2,2024-8-202
1,2024-8-203
2,2024-8-204
1,2024-8-205
1,2024-8-206
1,2024-8-207
1,2024-8-208
2,2024-8-209
2,2024-8-210
2,2024-8-211
2,2024-8-212
2,2024-8-213
0,2024-8-214
0,2024-8-215
0,2024-8-216
1,2024-8-301
2,2024-8-302
1,2024-8-303
2,2024-8-304
2,2024-8-305
2,2024-8-306
1,2024-8-307
1,2024-8-308
1,2024-8-401
1,2024-8-402
1,2024-8-403
1,2024-8-404
1,2024-8-405
1,2024-8-406
1,2024-8-407
1,2024-8-408
1,2024-8-409
0,2024-8-410
2,2024-8-501
0,2024-8-502
0,2024-8-503
0,2024-8-504
2,2024-8-505
0,2024-8-506
0,2024-8-507
0,2024-8-508
0,2024-8-509
0,2024-8-510
2,2024-8-511
2,2024-8-601
2,2024-8-602
0,2024-8-603
2,2024-8-604
2,2024-8-605
2,2024-8-606
0,2024-8-607
2,2024-8-608
2,2024-8-609
2,2024-8-610
0,2024-8-611
0,2024-8-701
0,2024-8-702
0,2024-8-703
0,2024-8-704
0,2024-8-705
2,2024-8-706
1,2024-9-101
1,2024-9-102
1,2024-9-103
2,2024-9-104
2,2024-9-105
1,2024-9-106
2,2024-9-107
1,2024-9-108
1,2024-9-109
1,2024-9-110
1,2024-9-111
2,2024-9-112
1,2024-9-113
1,2024-9-114
1,2024-9-115
0,2024-9-116
0,2024-9-117
1,2024-9-118
2,2024-9-119
2,2024-9-120
1,2024-9-201
2,2024-9-202
1,2024-9-203
2,2024-9-204
1,2024-9-205
1,2024-9-206
1,2024-9-207
1,2024-9-208
2,2024-9-209
2,2024-9-210
2,2024-9-211
2,2024-9-212
2,2024-9-213
0,2024-9-214
0,2024-9-215
0,2024-9-216
1,2024-9-301
2,2024-9-302
1,2024-9-303
2,2024-9-304
2,2024-9-305
2,2024-9-306
1,2024-9-307
1,2024-9-308
1,2024-9-401
1,2024-9-402
1,2024-9-403
1,2024-9-404
1,2024-9-405
1,2024-9-406
1,2024-9-407
1,2024-9-408
1,2024-9-409
0,2024-9-410
2,2024-9-501
0,2024-9-502
0,2024-9-503
0,2024-9-504
2,2024-9-505
0,2024-9-506
0,2024-9-507
0,2024-9-508
0,2024-9-509
0,2024-9-510
2,2024-9-511
2,2024-9-601
2,2024-9-602
0,2024-9-603
2,2024-9-604
2,2024-9-605
2,2024-9-606
0,2024-9-607
2,2024-9-608
2,2024-9-609
2,2024-9-610
0,2024-9-611
0,2024-9-701
0,2024-9-702
0,2024-9-703
0,2024-9-704
0,2024-9-705
2,2024-9-706
1,2024-10-101
1,2024-10-102
1,2024-10-103
2,2024-10-104
2,2024-10-105
1,2024-10-106
2,2024-10-107
1,2024-10-108
1,2024-10-109
1,2024-10-110
1,2024-10-111
2,2024-10-112
1,2024-10-113
1,2024-10-114
1,2024-10-115
0,2024-10-116
0,2024-10-117
1,2024-10-118
2,2024-10-119
2,2024-10-120
1,2024-10-201
2,2024-10-202
1,2024-10-203
2,2024-10-204
1,2024-10-205
1,2024-10-206
1,2024-10-207
1,2024-10-208
2,2024-10-209
2,2024-10-210
2,2024-10-211
2,2024-10-212
2,2024-10-213
0,2024-10-214
0,2024-10-215
0,2024-10-216
1,2024-10-301
2,2024-10-302
1,2024-10-303
2,2024-10-304
2,2024-10-305
2,2024-10-306
1,2024-10-307
1,2024-10-308
1,2024-10-401
1,2024-10-402
1,2024-10-403
1,2024-10-404
1,2024-10-405
1,2024-10-406
1,2024-10-407
1,2024-10-408
1,2024-10-409
0,2024-10-410
2,2024-10-501
0,2024-10-502
0,2024-10-503
0,2024-10-504
2,2024-10-505
0,2024-10-506
0,2024-10-507
0,2024-10-508
0,2024-10-509
0,2024-10-510
2,2024-10-511
2,2024-10-601
2,2024-10-602
0,2024-10-603
2,2024-10-604
2,2024-10-605
2,2024-10-606
0,2024-10-607
2,2024-10-608
2,2024-10-609
2,2024-10-610
0,2024-10-611
0,2024-10-701
0,2024-10-702
0,2024-10-703
0,2024-10-704
0,2024-10-705
2,2024-10-706
1,2024-11-101
1,2024-11-102
1,2024-11-103
2,2024-11-104
2,2024-11-105
1,2024-11-106
2,2024-11-107
1,2024-11-108
1,2024-11-109
1,2024-11-110
1,2024-11-111
2,2024-11-112
1,2024-11-113
1,2024-11-114
1,2024-11-115
0,2024-11-116
0,2024-11-117
1,2024-11-118
2,2024-11-119
2,2024-11-120
1,2024-11-201
2,2024-11-202
1,2024-11-203
2,2024-11-204
1,2024-11-205
1,2024-11-206
1,2024-11-207
1,2024-11-208
2,2024-11-209
2,2024-11-210
2,2024-11-211
2,2024-11-212
2,2024-11-213
0,2024-11-214
0,2024-11-215
0,2024-11-216
1,2024-11-301
2,2024-11-302
1,2024-11-303
2,2024-11-304
2,2024-11-305
2,2024-11-306
1,2024-11-307
1,2024-11-308
1,2024-11-401
1,2024-11-402
1,2024-11-403
1,2024-11-404
1,2024-11-405
1,2024-11-406
1,2024-11-407
1,2024-11-408
1,2024-11-409
0,2024-11-410
2,2024-11-501
0,2024-11-502
0,2024-11-503
0,2024-11-504
2,2024-11-505
0,2024-11-506
0,2024-11-507
0,2024-11-508
0,2024-11-509
0,2024-11-510
2,2024-11-511
2,2024-11-601
2,2024-11-602
0,2024-11-603
2,2024-11-604
2,2024-11-605
2,2024-11-606
0,2024-11-607
2,2024-11-608
2,2024-11-609
2,2024-11-610
0,2024-11-611
0,2024-11-701
0,2024-11-702
0,2024-11-703
0,2024-11-704
0,2024-11-705
2,2024-11-706
1,2024-12-101
1,2024-12-102
1,2024-12-103
2,2024-12-104
2,2024-12-105
1,2024-12-106
2,2024-12-107
1,2024-12-108
1,2024-12-109
1,2024-12-110
1,2024-12-111
2,2024-12-112
1,2024-12-113
1,2024-12-114
1,2024-12-115
0,2024-12-116
0,2024-12-117
1,2024-12-118
2,2024-12-119
2,2024-12-120
1,2024-12-201
2,2024-12-202
1,2024-12-203
2,2024-12-204
1,2024-12-205
1,2024-12-206
1,2024-12-207
1,2024-12-208
2,2024-12-209
2,2024-12-210
2,2024-12-211
2,2024-12-212
2,2024-12-213
0,2024-12-214
0,2024-12-215
0,2024-12-216
1,2024-12-301
2,2024-12-302
1,2024-12-303
2,2024-12-304
2,2024-12-305
2,2024-12-306
1,2024-12-307
1,2024-12-308
1,2024-12-401
1,2024-12-402
1,2024-12-403
1,2024-12-404
1,2024-12-405
1,2024-12-406
1,2024-12-407
1,2024-12-408
1,2024-12-409
0,2024-12-410
2,2024-12-501
0,2024-12-502
0,2024-12-503
0,2024-12-504
2,2024-12-505
0,2024-12-506
0,2024-12-507
0,2024-12-508
0,2024-12-509
0,2024-12-510
2,2024-12-511
2,2024-12-601
2,2024-12-602
0,2024-12-603
2,2024-12-604
2,2024-12-605
2,2024-12-606
0,2024-12-607
2,2024-12-608
2,2024-12-609
2,2024-12-610
0,2024-12-611
0,2024-12-701
0,2024-12-702
0,2024-12-703
0,2024-12-704
0,2024-12-705
2,2024-12-706
1,2024-13-101
1,2024-13-102
1,2024-13-103
2,2024-13-104
2,2024-13-105
1,2024-13-106
2,2024-13-107
1,2024-13-108
1,2024-13-109
1,2024-13-110
1,2024-13-111
2,2024-13-112
1,2024-13-113
1,2024-13-114
1,2024-13-115
0,2024-13-116
0,2024-13-117
1,2024-13-118
2,2024-13-119
2,2024-13-120
1,2024-13-201
2,2024-13-202
1,2024-13-203
2,2024-13-204
1,2024-13-205
1,2024-13-206
1,2024-13-207
1,2024-13-208
2,2024-13-209
2,2024-13-210
2,2024-13-211
2,2024-13-212
2,2024-13-213
0,2024-13-214
0,2024-13-215
0,2024-13-216
1,2024-13-301
2,2024-13-302
1,2024-13-303
2,2024-13-304
2,2024-13-305
2,2024-13-306
1,2024-13-307
1,2024-13-308
1,2024-13-401
1,2024-13-402
1,2024-13-403
1,2024-13-404
1,2024-13-405
1,2024-13-406
1,2024-13-407
1,2024-13-408
1,2024-13-409
0,2024-13-410
2,2024-13-501
0,2024-13-502
0,2024-13-503
0,2024-13-504
2,2024-13-505
0,2024-13-506
0,2024-13-507
0,2024-13-508
0,2024-13-509
0,2024-13-510
2,2024-13-511
2,2024-13-601
2,2024-13-602
0,2024-13-603
2,2024-13-604
2,2024-13-605
2,2024-13-606
0,2024-13-607
2,2024-13-608
2,2024-13-609
2,2024-13-610
0,2024-13-611
0,2024-13-701
0,2024-13-702
0,2024-13-703
0,2024-13-704
0,2024-13-705
2,2024-13-706
1,2024-14-101
1,2024-14-102
1,2024-14-103
2,2024-14-104
2,2024-14-105
1,2024-14-106
2,2024-14-107
1,2024-14-108
1,2024-14-109
1,2024-14-110
1,2024-14-111
2,2024-14-112
1,2024-14-113
1,2024-14-114
1,2024-14-115
0,2024-14-116
0,2024-14-117
1,2024-14-118
2,2024-14-119
2,2024-14-120
1,2024-14-201
2,2024-14-202
1,2024-14-203
2,2024-14-204
1,2024-14-205
1,2024-14-206
1,2024-14-207
1,2024-14-208
2,2024-14-209
2,2024-14-210
2,2024-14-211
2,2024-14-212
2,2024-14-213
0,2024-14-214
0,2024-14-215
0,2024-14-216
1,2024-14-301
2,2024-14-302
1,2024-14-303
2,2024-14-304
2,2024-14-305
2,2024-14-306
1,2024-14-307
1,2024-14-308
1,2024-14-401
1,2024-14-402
1,2024-14-403
1,2024-14-404
1,2024-14-405
1,2024-14-406
1,2024-14-407
1,2024-14-408
1,2024-14-409
0,2024-14-410
2,2024-14-501
0,2024-14-502
0,2024-14-503
0,2024-14-504
2,2024-14-505
0,2024-14-506
0,2024-14-507
0,2024-14-508
0,2024-14-509
0,2024-14-510
2,2024-14-511
2,2024-14-601
2,2024-14-602
0,2024-14-603
2,2024-14-604
2,2024-14-605
2,2024-14-606
0,2024-14-607
2,2024-14-608
2,2024-14-609
2,2024-14-610
0,2024-14-611
0,2024-14-701
0,2024-14-702
0,2024-14-703
0,2024-14-704
0,2024-14-705
2,2024-14-706
1,2024-15-101
1,2024-15-102
1,2024-15-103
2,2024-15-104
2,2024-15-105
1,2024-15-106
2,2024-15-107
1,2024-15-108
1,2024-15-109
1,2024-15-110
1,2024-15-111
2,2024-15-112
1,2024-15-113
1,2024-15-114
1,2024-15-115
0,2024-15-116
0,2024-15-117
1,2024-15-118
2,2024-15-119
2,2024-15-120
1,2024-15-201
2,2024-15-202
1,2024-15-203
2,2024-15-204
1,2024-15-205
1,2024-15-206
1,2024-15-207
1,2024-15-208
2,2024-15-209
2,2024-15-210
2,2024-15-211
2,2024-15-212
2,2024-15-213
0,2024-15-214
0,2024-15-215
0,2024-15-216
1,2024-15-301
2,2024-15-302
1,2024-15-303
2,2024-15-304
2,2024-15-305
2,2024-15-306
1,2024-15-307
1,2024-15-308
1,2024-15-401
1,2024-15-402
1,2024-15-403
1,2024-15-404
1,2024-15-405
1,2024-15-406
1,2024-15-407
1,2024-15-408
1,2024-15-409
0,2024-15-410
2,2024-15-501
0,2024-15-502
0,2024-15-503
0,2024-15-504
2,2024-15-505
0,2024-15-506
0,2024-15-507
0,2024-15-508
0,2024-15-509
0,2024-15-510
2,2024-15-511
2,2024-15-601
2,2024-15-602
0,2024-15-603
2,2024-15-604
2,2024-15-605
2,2024-15-606
0,2024-15-607
2,2024-15-608
2,2024-15-609
2,2024-15-610
0,2024-15-611
0,2024-15-701
0,2024-15-702
0,2024-15-703
0,2024-15-704
0,2024-15-705
2,2024-15-706
1,2024-16-101
1,2024-16-102
1,2024-16-103
2,2024-16-104
2,2024-16-105
1,2024-16-106
2,2024-16-107
1,2024-16-108
1,2024-16-109
1,2024-16-110
1,2024-16-111
2,2024-16-112
1,2024-16-113
1,2024-16-114
1,2024-16-115
0,2024-16-116
0,2024-16-117
1,2024-16-118
2,2024-16-119
2,2024-16-120
1,2024-16-201
2,2024-16-202
1,2024-16-203
2,2024-16-204
1,2024-16-205
1,2024-16-206
1,2024-16-207
1,2024-16-208
2,2024-16-209
2,2024-16-210
2,2024-16-211
2,2024-16-212
2,2024-16-213
0,2024-16-214
0,2024-16-215
0,2024-16-216
1,2024-16-301
2,2024-16-302
1,2024-16-303
2,2024-16-304
2,2024-16-305
2,2024-16-306
1,2024-16-307
1,2024-16-308
1,2024-16-401
1,2024-16-402
1,2024-16-403
1,2024-16-404
1,2024-16-405
1,2024-16-406
1,2024-16-407
1,2024-16-408
1,2024-16-409
0,2024-16-410
2,2024-16-501
0,2024-16-502
0,2024-16-503
0,2024-16-504
2,2024-16-505
0,2024-16-506
0,2024-16-507
0,2024-16-508
0,2024-16-509
0,2024-16-510
2,2024-16-511
2,2024-16-601
2,2024-16-602
0,2024-16-603
2,2024-16-604
2,2024-16-605
2,2024-16-606
0,2024-16-607
2,2024-16-608
2,2024-16-609
2,2024-16-610
0,2024-16-611
0,2024-16-701
0,2024-16-702
0,2024-16-703
0,2024-16-704
0,2024-16-705
2,2024-16-706
1,2024-17-101
1,2024-17-102
1,2024-17-103
2,2024-17-104
2,2024-17-105
1,2024-17-106
2,2024-17-107
1,2024-17-108
1,2024-17-109
1,2024-17-110
1,2024-17-111
2,2024-17-112
1,2024-17-113
1,2024-17-114
1,2024-17-115
0,2024-17-116
0,2024-17-117
1,2024-17-118
2,2024-17-119
2,2024-17-120
1,2024-17-201
2,2024-17-202
1,2024-17-203
2,2024-17-204
1,2024-17-205
1,2024-17-206
1,2024-17-207
1,2024-17-208
2,2024-17-209
2,2024-17-210
2,2024-17-211
2,2024-17-212
2,2024-17-213
0,2024-17-214
0,2024-17-215
0,2024-17-216
1,2024-17-301
2,2024-17-302
1,2024-17-303
2,2024-17-304
2,2024-17-305
2,2024-17-306
1,2024-17-307
1,2024-17-308
1,2024-17-401
1,2024-17-402
1,2024-17-403
1,2024-17-404
1,2024-17-405
1,2024-17-406
1,2024-17-407
1,2024-17-408
1,2024-17-409
0,2024-17-410
2,2024-17-501
0,2024-17-502
0,2024-17-503
0,2024-17-504
2,2024-17-505
0,2024-17-506
0,2024-17-507
0,2024-17-508
0,2024-17-509
0,2024-17-510
2,2024-17-511
2,2024-17-601
2,2024-17-602
0,2024-17-603
2,2024-17-604
2,2024-17-605
2,2024-17-606
0,2024-17-607
2,2024-17-608
2,2024-17-609
2,2024-17-610
0,2024-17-611
0,2024-17-701
0,2024-17-702
0,2024-17-703
0,2024-17-704
0,2024-17-705
2,2024-17-706
1,2024-18-101
1,2024-18-102
1,2024-18-103
2,2024-18-104
2,2024-18-105
1,2024-18-106
2,2024-18-107
1,2024-18-108
1,2024-18-109
1,2024-18-110
1,2024-18-111
2,2024-18-112
1,2024-18-113
1,2024-18-114
1,2024-18-115
0,2024-18-116
0,2024-18-117
1,2024-18-118
2,2024-18-119
2,2024-18-120
1,2024-18-201
2,2024-18-202
1,2024-18-203
2,2024-18-204
1,2024-18-205
1,2024-18-206
1,2024-18-207
1,2024-18-208
2,2024-18-209
2,2024-18-210
2,2024-18-211
2,2024-18-212
2,2024-18-213
0,2024-18-214
0,2024-18-215
0,2024-18-216
1,2024-18-301
2,2024-18-302
1,2024-18-303
2,2024-18-304
2,2024-18-305
2,2024-18-306
1,2024-18-307
1,2024-18-308
1,2024-18-401
1,2024-18-402
1,2024-18-403
1,2024-18-404
1,2024-18-405
1,2024-18-406
1,2024-18-407
1,2024-18-408
1,2024-18-409
0,2024-18-410
2,2024-18-501
0,2024-18-502
0,2024-18-503
0,2024-18-504
2,2024-18-505
0,2024-18-506
0,2024-18-507
0,2024-18-508
0,2024-18-509
0,2024-18-510
2,2024-18-511
2,2024-18-601
2,2024-18-602
0,2024-18-603
2,2024-18-604
2,2024-18-605
2,2024-18-606
0,2024-18-607
2,2024-18-608
2,2024-18-609
2,2024-18-610
0,2024-18-611
0,2024-18-701
0,2024-18-702
0,2024-18-703
0,2024-18-704
0,2024-18-705
2,2024-18-706
1,2024-19-101
1,2024-19-102
1,2024-19-103
2,2024-19-104
2,2024-19-105
1,2024-19-106
2,2024-19-107
1,2024-19-108
1,2024-19-109
1,2024-19-110
1,2024-19-111
2,2024-19-112
1,2024-19-113
1,2024-19-114
1,2024-19-115
0,2024-19-116
0,2024-19-117
1,2024-19-118
2,2024-19-119
2,2024-19-120
1,2024-19-201
2,2024-19-202
1,2024-19-203
2,2024-19-204
1,2024-19-205
1,2024-19-206
1,2024-19-207
1,2024-19-208
2,2024-19-209
2,2024-19-210
2,2024-19-211
2,2024-19-212
2,2024-19-213
0,2024-19-214
0,2024-19-215
0,2024-19-216
1,2024-19-301
2,2024-19-302
1,2024-19-303
2,2024-19-304
2,2024-19-305
2,2024-19-306
1,2024-19-307
1,2024-19-308
1,2024-19-401
1,2024-19-402
1,2024-19-403
1,2024-19-404
1,2024-19-405
1,2024-19-406
1,2024-19-407
1,2024-19-408
1,2024-19-409
0,2024-19-410
2,2024-19-501
0,2024-19-502
0,2024-19-503
0,2024-19-504
2,2024-19-505
0,2024-19-506
0,2024-19-507
0,2024-19-508
0,2024-19-509
0,2024-19-510
2,2024-19-511
2,2024-19-601
2,2024-19-602
0,2024-19-603
2,2024-19-604
2,2024-19-605
2,2024-19-606
0,2024-19-607
2,2024-19-608
2,2024-19-609
2,2024-19-610
0,2024-19-611
0,2024-19-701
0,2024-19-702
0,2024-19-703
0,2024-19-704
0,2024-19-705
2,2024-19-706
1,2024-20-101
1,2024-20-102
1,2024-20-103
2,2024-20-104
2,2024-20-105
1,2024-20-106
2,2024-20-107
1,2024-20-108
1,2024-20-109
1,2024-20-110
1,2024-20-111
2,2024-20-112
1,2024-20-113
1,2024-20-114
1,2024-20-115
0,2024-20-116
0,2024-20-117
1,2024-20-118
2,2024-20-119
2,2024-20-120
1,2024-20-201
2,2024-20-202
1,2024-20-203
2,2024-20-204
1,2024-20-205
1,2024-20-206
1,2024-20-207
1,2024-20-208
2,2024-20-209
2,2024-20-210
2,2024-20-211
2,2024-20-212
2,2024-20-213
0,2024-20-214
0,2024-20-215
0,2024-20-216
1,2024-20-301
2,2024-20-302
1,2024-20-303
2,2024-20-304
2,2024-20-305
2,2024-20-306
1,2024-20-307
1,2024-20-308
1,2024-20-401
1,2024-20-402
1,2024-20-403
1,2024-20-404
1,2024-20-405
1,2024-20-406
1,2024-20-407
1,2024-20-408
1,2024-20-409
0,2024-20-410
2,2024-20-501
0,2024-20-502
0,2024-20-503
0,2024-20-504
2,2024-20-505
0,2024-20-506
0,2024-20-507
0,2024-20-508
0,2024-20-509
0,2024-20-510
2,2024-20-511
2,2024-20-601
2,2024-20-602
0,2024-20-603
2,2024-20-604
2,2024-20-605
2,2024-20-606
0,2024-20-607
2,2024-20-608
2,2024-20-609
2,2024-20-610
0,2024-20-611
0,2024-20-701
0,2024-20-702
0,2024-20-703
0,2024-20-704
0,2024-20-705
2,2024-20-706
1,2024-21-101
1,2024-21-102
1,2024-21-103
2,2024-21-104
2,2024-21-105
1,2024-21-106
2,2024-21-107
1,2024-21-108
1,2024-21-109
1,2024-21-110
1,2024-21-111
2,2024-21-112
1,2024-21-113
1,2024-21-114
1,2024-21-115
0,2024-21-116
0,2024-21-117
1,2024-21-118
2,2024-21-119
2,2024-21-120
1,2024-21-201
2,2024-21-202
1,2024-21-203
2,2024-21-204
1,2024-21-205
1,2024-21-206
1,2024-21-207
1,2024-21-208
2,2024-21-209
2,2024-21-210
2,2024-21-211
2,2024-21-212
2,2024-21-213
0,2024-21-214
0,2024-21-215
0,2024-21-216
1,2024-21-301
2,2024-21-302
1,2024-21-303
2,2024-21-304
2,2024-21-305
2,2024-21-306
1,2024-21-307
1,2024-21-308
1,2024-21-401
1,2024-21-402
1,2024-21-403
1,2024-21-404
1,2024-21-405
1,2024-21-406
1,2024-21-407
1,2024-21-408
1,2024-21-409
0,2024-21-410
2,2024-21-501
0,2024-21-502
0,2024-21-503
0,2024-21-504
2,2024-21-505
0,2024-21-506
0,2024-21-507
0,2024-21-508
0,2024-21-509
0,2024-21-510
2,2024-21-511
2,2024-21-601
2,2024-21-602
0,2024-21-603
2,2024-21-604
2,2024-21-605
2,2024-21-606
0,2024-21-607
2,2024-21-608
2,2024-21-609
2,2024-21-610
0,2024-21-611
0,2024-21-701
0,2024-21-702
0,2024-21-703
0,2024-21-704
0,2024-21-705
2,2024-21-706
1,2024-22-101
1,2024-22-102
1,2024-22-103
2,2024-22-104
2,2024-22-105
1,2024-22-106
2,2024-22-107
1,2024-22-108
1,2024-22-109
1,2024-22-110
1,2024-22-111
2,2024-22-112
1,2024-22-113
1,2024-22-114
1,2024-22-115
0,2024-22-116
0,2024-22-117
1,2024-22-118
2,2024-22-119
2,2024-22-120
1,2024-22-201
2,2024-22-202
1,2024-22-203
2,2024-22-204
1,2024-22-205
1,2024-22-206
1,2024-22-207
1,2024-22-208
2,2024-22-209
2,2024-22-210
2,2024-22-211
2,2024-22-212
2,2024-22-213
0,2024-22-214
0,2024-22-215
0,2024-22-216
1,2024-22-301
2,2024-22-302
1,2024-22-303
2,2024-22-304
2,2024-22-305
2,2024-22-306
1,2024-22-307
1,2024-22-308
1,2024-22-401
1,2024-22-402
1,2024-22-403
1,2024-22-404
1,2024-22-405
1,2024-22-406
1,2024-22-407
1,2024-22-408
1,2024-22-409
0,2024-22-410
2,2024-22-501
0,2024-22-502
0,2024-22-503
0,2024-22-504
2,2024-22-505
0,2024-22-506
0,2024-22-507
0,2024-22-508
0,2024-22-509
0,2024-22-510
2,2024-22-511
2,2024-22-601
2,2024-22-602
0,2024-22-603
2,2024-22-604
2,2024-22-605
2,2024-22-606
0,2024-22-607
2,2024-22-608
2,2024-22-609
2,2024-22-610
0,2024-22-611
0,2024-22-701
0,2024-22-702
0,2024-22-703
0,2024-22-704
0,2024-22-705
2,2024-22-706
1,2024-23-101
1,2024-23-102
1,2024-23-103
2,2024-23-104
2,2024-23-105
1,2024-23-106
2,2024-23-107
1,2024-23-108
1,2024-23-109
1,2024-23-110
1,2024-23-111
2,2024-23-112
1,2024-23-113
1,2024-23-114
1,2024-23-115
0,2024-23-116
0,2024-23-117
1,2024-23-118
2,2024-23-119
2,2024-23-120
1,2024-23-201
2,2024-23-202
1,2024-23-203
2,2024-23-204
1,2024-23-205
1,2024-23-206
1,2024-23-207
1,2024-23-208
2,2024-23-209
2,2024-23-210
2,2024-23-211
2,2024-23-212
2,2024-23-213
0,2024-23-214
0,2024-23-215
0,2024-23-216
1,2024-23-301
2,2024-23-302
1,2024-23-303
2,2024-23-304
2,2024-23-305
2,2024-23-306
1,2024-23-307
1,2024-23-308
1,2024-23-401
1,2024-23-402
1,2024-23-403
1,2024-23-404
1,2024-23-405
1,2024-23-406
1,2024-23-407
1,2024-23-408
1,2024-23-409
0,2024-23-410
2,2024-23-501
0,2024-23-502
0,2024-23-503
0,2024-23-504
2,2024-23-505
0,2024-23-506
0,2024-23-507
0,2024-23-508
0,2024-23-509
0,2024-23-510
2,2024-23-511
2,2024-23-601
2,2024-23-602
0,2024-23-603
2,2024-23-604
2,2024-23-605
2,2024-23-606
0,2024-23-607
2,2024-23-608
2,2024-23-609
2,2024-23-610
0,2024-23-611
0,2024-23-701
0,2024-23-702
0,2024-23-703
0,2024-23-704
0,2024-23-705
2,2024-23-706
1,2024-24-101
1,2024-24-102
1,2024-24-103
2,2024-24-104
2,2024-24-105
1,2024-24-106
2,2024-24-107
1,2024-24-108
1,2024-24-109
1,2024-24-110
1,2024-24-111
2,2024-24-112
1,2024-24-113
1,2024-24-114
1,2024-24-115
0,2024-24-116
0,2024-24-117
1,2024-24-118
2,2024-24-119
2,2024-24-120
1,2024-24-201
2,2024-24-202
1,2024-24-203
2,2024-24-204
1,2024-24-205
1,2024-24-206
1,2024-24-207
1,2024-24-208
2,2024-24-209
2,2024-24-210
2,2024-24-211
2,2024-24-212
2,2024-24-213
0,2024-24-214
0,2024-24-215
0,2024-24-216
1,2024-24-301
2,2024-24-302
1,2024-24-303
2,2024-24-304
2,2024-24-305
2,2024-24-306
1,2024-24-307
1,2024-24-308
1,2024-24-401
1,2024-24-402
1,2024-24-403
1,2024-24-404
1,2024-24-405
1,2024-24-406
1,2024-24-407
1,2024-24-408
1,2024-24-409
0,2024-24-410
2,2024-24-501
0,2024-24-502
0,2024-24-503
0,2024-24-504
2,2024-24-505
0,2024-24-506
0,2024-24-507
0,2024-24-508
0,2024-24-509
0,2024-24-510
2,2024-24-511
2,2024-24-601
2,2024-24-602
0,2024-24-603
2,2024-24-604
2,2024-24-605
2,2024-24-606
0,2024-24-607
2,2024-24-608
2,2024-24-609
2,2024-24-610
0,2024-24-611
0,2024-24-701
0,2024-24-702
0,2024-24-703
0,2024-24-704
0,2024-24-705
2,2024-24-706
1,2024-25-101
1,2024-25-102
1,2024-25-103
2,2024-25-104
2,2024-25-105
1,2024-25-106
2,2024-25-107
1,2024-25-108
1,2024-25-109
1,2024-25-110
1,2024-25-111
2,2024-25-112
1,2024-25-113
1,2024-25-114
1,2024-25-115
0,2024-25-116
0,2024-25-117
1,2024-25-118
2,2024-25-119
2,2024-25-120
1,2024-25-201
2,2024-25-202
1,2024-25-203
2,2024-25-204
1,2024-25-205
1,2024-25-206
1,2024-25-207
1,2024-25-208
2,2024-25-209
2,2024-25-210
2,2024-25-211
2,2024-25-212
2,2024-25-213
0,2024-25-214
0,2024-25-215
0,2024-25-216
1,2024-25-301
2,2024-25-302
1,2024-25-303
2,2024-25-304
2,2024-25-305
2,2024-25-306
1,2024-25-307
1,2024-25-308
1,2024-25-401
1,2024-25-402
1,2024-25-403
1,2024-25-404
1,2024-25-405
1,2024-25-406
1,2024-25-407
1,2024-25-408
1,2024-25-409
0,2024-25-410
2,2024-25-501
0,2024-25-502
0,2024-25-503
0,2024-25-504
2,2024-25-505
0,2024-25-506
0,2024-25-507
0,2024-25-508
0,2024-25-509
0,2024-25-510
2,2024-25-511
2,2024-25-601
2,2024-25-602
0,2024-25-603
2,2024-25-604
2,2024-25-605
2,2024-25-606
0,2024-25-607
2,2024-25-608
2,2024-25-609
2,2024-25-610
0,2024-25-611
0,2024-25-701
0,2024-25-702
0,2024-25-703
0,2024-25-704
0,2024-25-705
2,2024-25-706
1,2024-26-101
1,2024-26-102
1,2024-26-103
2,2024-26-104
2,2024-26-105
1,2024-26-106
2,2024-26-107
1,2024-26-108
1,2024-26-109
1,2024-26-110
1,2024-26-111
2,2024-26-112
1,2024-26-113
1,2024-26-114
1,2024-26-115
0,2024-26-116
0,2024-26-117
1,2024-26-118
2,2024-26-119
2,2024-26-120
1,2024-26-201
2,2024-26-202
1,2024-26-203
2,2024-26-204
1,2024-26-205
1,2024-26-206
1,2024-26-207
1,2024-26-208
2,2024-26-209
2,2024-26-210
2,2024-26-211
2,2024-26-212
2,2024-26-213
0,2024-26-214
0,2024-26-215
0,2024-26-216
1,2024-26-301
2,2024-26-302
1,2024-26-303
2,2024-26-304
2,2024-26-305
2,2024-26-306
1,2024-26-307
1,2024-26-308
1,2024-26-401
1,2024-26-402
1,2024-26-403
1,2024-26-404
1,2024-26-405
1,2024-26-406
1,2024-26-407
1,2024-26-408
1,2024-26-409
0,2024-26-410
2,2024-26-501
0,2024-26-502
0,2024-26-503
0,2024-26-504
2,2024-26-505
0,2024-26-506
0,2024-26-507
0,2024-26-508
0,2024-26-509
0,2024-26-510
2,2024-26-511
2,2024-26-601
2,2024-26-602
0,2024-26-603
2,2024-26-604
2,2024-26-605
2,2024-26-606
0,2024-26-607
2,2024-26-608
2,2024-26-609
2,2024-26-610
0,2024-26-611
0,2024-26-701
0,2024-26-702
0,2024-26-703
0,2024-26-704
0,2024-26-705
2,2024-26-706
1,2024-27-101
1,2024-27-102
1,2024-27-103
2,2024-27-104
2,2024-27-105
1,2024-27-106
2,2024-27-107
1,2024-27-108
1,2024-27-109
1,2024-27-110
1,2024-27-111
2,2024-27-112
1,2024-27-113
1,2024-27-114
1,2024-27-115
0,2024-27-116
0,2024-27-117
1,2024-27-118
2,2024-27-119
2,2024-27-120
1,2024-27-201
2,2024-27-202
1,2024-27-203
2,2024-27-204
1,2024-27-205
1,2024-27-206
1,2024-27-207
1,2024-27-208
2,2024-27-209
2,2024-27-210
2,2024-27-211
2,2024-27-212
2,2024-27-213
0,2024-27-214
0,2024-27-215
0,2024-27-216
1,2024-27-301
2,2024-27-302
1,2024-27-303
2,2024-27-304
2,2024-27-305
2,2024-27-306
1,2024-27-307
1,2024-27-308
1,2024-27-401
1,2024-27-402
1,2024-27-403
1,2024-27-404
1,2024-27-405
1,2024-27-406
1,2024-27-407
1,2024-27-408
1,2024-27-409
0,2024-27-410
2,2024-27-501
0,2024-27-502
0,2024-27-503
0,2024-27-504
2,2024-27-505
0,2024-27-506
0,2024-27-507
0,2024-27-508
0,2024-27-509
0,2024-27-510
2,2024-27-511
2,2024-27-601
2,2024-27-602
0,2024-27-603
2,2024-27-604
2,2024-27-605
2,2024-27-606
0,2024-27-607
2,2024-27-608
2,2024-27-609
2,2024-27-610
0,2024-27-611
0,2024-27-701
0,2024-27-702
0,2024-27-703
0,2024-27-704
0,2024-27-705
2,2024-27-706
1,2024-28-101
1,2024-28-102
1,2024-28-103
2,2024-28-104
2,2024-28-105
1,2024-28-106
2,2024-28-107
1,2024-28-108
1,2024-28-109
1,2024-28-110
1,2024-28-111
2,2024-28-112
1,2024-28-113
1,2024-28-114
1,2024-28-115
0,2024-28-116
0,2024-28-117
1,2024-28-118
2,2024-28-119
2,2024-28-120
1,2024-28-201
2,2024-28-202
1,2024-28-203
2,2024-28-204
1,2024-28-205
1,2024-28-206
1,2024-28-207
1,2024-28-208
2,2024-28-209
2,2024-28-210
2,2024-28-211
2,2024-28-212
2,2024-28-213
0,2024-28-214
0,2024-28-215
0,2024-28-216
1,2024-28-301
2,2024-28-302
1,2024-28-303
2,2024-28-304
2,2024-28-305
2,2024-28-306
1,2024-28-307
1,2024-28-308
1,2024-28-401
1,2024-28-402
1,2024-28-403
1,2024-28-404
1,2024-28-405
1,2024-28-406
1,2024-28-407
1,2024-28-408
1,2024-28-409
0,2024-28-410
2,2024-28-501
0,2024-28-502
0,2024-28-503
0,2024-28-504
2,2024-28-505
0,2024-28-506
0,2024-28-507
0,2024-28-508
0,2024-28-509
0,2024-28-510
2,2024-28-511
2,2024-28-601
2,2024-28-602
0,2024-28-603
2,2024-28-604
2,2024-28-605
2,2024-28-606
0,2024-28-607
2,2024-28-608
2,2024-28-609
2,2024-28-610
0,2024-28-611
0,2024-28-701
0,2024-28-702
0,2024-28-703
0,2024-28-704
0,2024-28-705
2,2024-28-706
1,2024-29-101
1,2024-29-102
1,2024-29-103
2,2024-29-104
2,2024-29-105
1,2024-29-106
2,2024-29-107
1,2024-29-108
1,2024-29-109
1,2024-29-110
1,2024-29-111
2,2024-29-112
1,2024-29-113
1,2024-29-114
1,2024-29-115
0,2024-29-116
0,2024-29-117
1,2024-29-118
2,2024-29-119
2,2024-29-120
1,2024-29-201
2,2024-29-202
1,2024-29-203
2,2024-29-204
1,2024-29-205
1,2024-29-206
1,2024-29-207
1,2024-29-208
2,2024-29-209
2,2024-29-210
2,2024-29-211
2,2024-29-212
2,2024-29-213
0,2024-29-214
0,2024-29-215
0,2024-29-216
1,2024-29-301
2,2024-29-302
1,2024-29-303
2,2024-29-304
2,2024-29-305
2,2024-29-306
1,2024-29-307
1,2024-29-308
1,2024-29-401
1,2024-29-402
1,2024-29-403
1,2024-29-404
1,2024-29-405
1,2024-29-406
1,2024-29-407
1,2024-29-408
1,2024-29-409
0,2024-29-410
2,2024-29-501
0,2024-29-502
0,2024-29-503
0,2024-29-504
2,2024-29-505
0,2024-29-506
0,2024-29-507
0,2024-29-508
0,2024-29-509
0,2024-29-510
2,2024-29-511
2,2024-29-601
2,2024-29-602
0,2024-29-603
2,2024-29-604
2,2024-29-605
2,2024-29-606
0,2024-29-607
2,2024-29-608
2,2024-29-609
2,2024-29-610
0,2024-29-611
0,2024-29-701
0,2024-29-702
0,2024-29-703
0,2024-29-704
0,2024-29-705
2,2024-29-706
1,2024-30-101
1,2024-30-102
1,2024-30-103
2,2024-30-104
2,2024-30-105
1,2024-30-106
2,2024-30-107
1,2024-30-108
1,2024-30-109
1,2024-30-110
1,2024-30-111
2,2024-30-112
1,2024-30-113
1,2024-30-114
1,2024-30-115
0,2024-30-116
0,2024-30-117
1,2024-30-118
2,2024-30-119
2,2024-30-120
1,2024-30-201
2,2024-30-202
1,2024-30-203
2,2024-30-204
1,2024-30-205
1,2024-30-206
1,2024-30-207
1,2024-30-208
2,2024-30-209
2,2024-30-210
2,2024-30-211
2,2024-30-212
2,2024-30-213
0,2024-30-214
0,2024-30-215
0,2024-30-216
1,2024-30-301
2,2024-30-302
1,2024-30-303
2,2024-30-304
2,2024-30-305
2,2024-30-306
1,2024-30-307
1,2024-30-308
1,2024-30-401
1,2024-30-402
1,2024-30-403
1,2024-30-404
1,2024-30-405
1,2024-30-406
1,2024-30-407
1,2024-30-408
1,2024-30-409
0,2024-30-410
2,2024-30-501
0,2024-30-502
0,2024-30-503
0,2024-30-504
2,2024-30-505
0,2024-30-506
0,2024-30-507
0,2024-30-508
0,2024-30-509
0,2024-30-510
2,2024-30-511
2,2024-30-601
2,2024-30-602
0,2024-30-603
2,2024-30-604
2,2024-30-605
2,2024-30-606
0,2024-30-607
2,2024-30-608
2,2024-30-609
2,2024-30-610
0,2024-30-611
0,2024-30-701
0,2024-30-702
0,2024-30-703
0,2024-30-704
0,2024-30-705
2,2024-30-706
1,2024-31-101
1,2024-31-102
1,2024-31-103
2,2024-31-104
2,2024-31-105
1,2024-31-106
2,2024-31-107
1,2024-31-108
1,2024-31-109
1,2024-31-110
1,2024-31-111
2,2024-31-112
1,2024-31-113
1,2024-31-114
1,2024-31-115
0,2024-31-116
0,2024-31-117
1,2024-31-118
2,2024-31-119
2,2024-31-120
1,2024-31-201
2,2024-31-202
1,2024-31-203
2,2024-31-204
1,2024-31-205
1,2024-31-206
1,2024-31-207
1,2024-31-208
2,2024-31-209
2,2024-31-210
2,2024-31-211
2,2024-31-212
2,2024-31-213
0,2024-31-214
0,2024-31-215
0,2024-31-216
1,2024-31-301
2,2024-31-302
1,2024-31-303
2,2024-31-304
2,2024-31-305
2,2024-31-306
1,2024-31-307
1,2024-31-308
1,2024-31-401
1,2024-31-402
1,2024-31-403
1,2024-31-404
1,2024-31-405
1,2024-31-406
1,2024-31-407
1,2024-31-408
1,2024-31-409
0,2024-31-410
2,2024-31-501
0,2024-31-502
0,2024-31-503
0,2024-31-504
2,2024-31-505
0,2024-31-506
0,2024-31-507
0,2024-31-508
0,2024-31-509
0,2024-31-510
2,2024-31-511
2,2024-31-601
2,2024-31-602
0,2024-31-603
2,2024-31-604
2,2024-31-605
2,2024-31-606
0,2024-31-607
2,2024-31-608
2,2024-31-609
2,2024-31-610
0,2024-31-611
0,2024-31-701
0,2024-31-702
0,2024-31-703
0,2024-31-704
0,2024-31-705
2,2024-31-706
1,2024-32-101
1,2024-32-102
1,2024-32-103
2,2024-32-104
2,2024-32-105
1,2024-32-106
2,2024-32-107
1,2024-32-108
1,2024-32-109
1,2024-32-110
1,2024-32-111
2,2024-32-112
1,2024-32-113
1,2024-32-114
1,2024-32-115
0,2024-32-116
0,2024-32-117
1,2024-32-118
2,2024-32-119
2,2024-32-120
1,2024-32-201
2,2024-32-202
1,2024-32-203
2,2024-32-204
1,2024-32-205
1,2024-32-206
1,2024-32-207
1,2024-32-208
2,2024-32-209
2,2024-32-210
2,2024-32-211
2,2024-32-212
2,2024-32-213
0,2024-32-214
0,2024-32-215
0,2024-32-216
1,2024-32-301
2,2024-32-302
1,2024-32-303
2,2024-32-304
2,2024-32-305
2,2024-32-306
1,2024-32-307
1,2024-32-308
1,2024-32-401
1,2024-32-402
1,2024-32-403
1,2024-32-404
1,2024-32-405
1,2024-32-406
1,2024-32-407
1,2024-32-408
1,2024-32-409
0,2024-32-410
2,2024-32-501
0,2024-32-502
0,2024-32-503
0,2024-32-504
2,2024-32-505
0,2024-32-506
0,2024-32-507
0,2024-32-508
0,2024-32-509
0,2024-32-510
2,2024-32-511
2,2024-32-601
2,2024-32-602
0,2024-32-603
2,2024-32-604
2,2024-32-605
2,2024-32-606
0,2024-32-607
2,2024-32-608
2,2024-32-609
2,2024-32-610
0,2024-32-611
0,2024-32-701
0,2024-32-702
0,2024-32-703
0,2024-32-704
0,2024-32-705
2,2024-32-706
1,2024-33-101
1,2024-33-102
1,2024-33-103
2,2024-33-104
2,2024-33-105
1,2024-33-106
2,2024-33-107
1,2024-33-108
1,2024-33-109
1,2024-33-110
1,2024-33-111
2,2024-33-112
1,2024-33-113
1,2024-33-114
1,2024-33-115
0,2024-33-116
0,2024-33-117
1,2024-33-118
2,2024-33-119
2,2024-33-120
1,2024-33-201
2,2024-33-202
1,2024-33-203
2,2024-33-204
1,2024-33-205
1,2024-33-206
1,2024-33-207
1,2024-33-208
2,2024-33-209
2,2024-33-210
2,2024-33-211
2,2024-33-212
2,2024-33-213
0,2024-33-214
0,2024-33-215
0,2024-33-216
1,2024-33-301
2,2024-33-302
1,2024-33-303
2,2024-33-304
2,2024-33-305
2,2024-33-306
1,2024-33-307
1,2024-33-308
1,2024-33-401
1,2024-33-402
1,2024-33-403
1,2024-33-404
1,2024-33-405
1,2024-33-406
1,2024-33-407
1,2024-33-408
1,2024-33-409
0,2024-33-410
2,2024-33-501
0,2024-33-502
0,2024-33-503
0,2024-33-504
2,2024-33-505
0,2024-33-506
0,2024-33-507
0,2024-33-508
0,2024-33-509
0,2024-33-510
2,2024-33-511
2,2024-33-601
2,2024-33-602
0,2024-33-603
2,2024-33-604
2,2024-33-605
2,2024-33-606
0,2024-33-607
2,2024-33-608
2,2024-33-609
2,2024-33-610
0,2024-33-611
0,2024-33-701
0,2024-33-702
0,2024-33-703
0,2024-33-704
0,2024-33-705
2,2024-33-706
1,2024-34-101
1,2024-34-102
1,2024-34-103
2,2024-34-104
2,2024-34-105
1,2024-34-106
2,2024-34-107
1,2024-34-108
1,2024-34-109
1,2024-34-110
1,2024-34-111
2,2024-34-112
1,2024-34-113
1,2024-34-114
1,2024-34-115
0,2024-34-116
0,2024-34-117
1,2024-34-118
2,2024-34-119
2,2024-34-120
1,2024-34-201
2,2024-34-202
1,2024-34-203
2,2024-34-204
1,2024-34-205
1,2024-34-206
1,2024-34-207
1,2024-34-208
2,2024-34-209
2,2024-34-210
2,2024-34-211
2,2024-34-212
2,2024-34-213
0,2024-34-214
0,2024-34-215
0,2024-34-216
1,2024-34-301
2,2024-34-302
1,2024-34-303
2,2024-34-304
2,2024-34-305
2,2024-34-306
1,2024-34-307
1,2024-34-308
1,2024-34-401
1,2024-34-402
1,2024-34-403
1,2024-34-404
1,2024-34-405
1,2024-34-406
1,2024-34-407
1,2024-34-408
1,2024-34-409
0,2024-34-410
2,2024-34-501
0,2024-34-502
0,2024-34-503
0,2024-34-504
2,2024-34-505
0,2024-34-506
0,2024-34-507
0,2024-34-508
0,2024-34-509
0,2024-34-510
2,2024-34-511
2,2024-34-601
2,2024-34-602
0,2024-34-603
2,2024-34-604
2,2024-34-605
2,2024-34-606
0,2024-34-607
2,2024-34-608
2,2024-34-609
2,2024-34-610
0,2024-34-611
0,2024-34-701
0,2024-34-702
0,2024-34-703
0,2024-34-704
0,2024-34-705
2,2024-34-706
1,2024-35-101
1,2024-35-102
1,2024-35-103
2,2024-35-104
2,2024-35-105
1,2024-35-106
2,2024-35-107
1,2024-35-108
1,2024-35-109
1,2024-35-110
1,2024-35-111
2,2024-35-112
1,2024-35-113
1,2024-35-114
1,2024-35-115
0,2024-35-116
0,2024-35-117
1,2024-35-118
2,2024-35-119
2,2024-35-120
1,2024-35-201
2,2024-35-202
1,2024-35-203
2,2024-35-204
1,2024-35-205
1,2024-35-206
1,2024-35-207
1,2024-35-208
2,2024-35-209
2,2024-35-210
2,2024-35-211
2,2024-35-212
2,2024-35-213
0,2024-35-214
0,2024-35-215
0,2024-35-216
1,2024-35-301
2,2024-35-302
1,2024-35-303
2,2024-35-304
2,2024-35-305
2,2024-35-306
1,2024-35-307
1,2024-35-308
1,2024-35-401
1,2024-35-402
1,2024-35-403
1,2024-35-404
1,2024-35-405
1,2024-35-406
1,2024-35-407
1,2024-35-408
1,2024-35-409
0,2024-35-410
2,2024-35-501
0,2024-35-502
0,2024-35-503
0,2024-35-504
2,2024-35-505
0,2024-35-506
0,2024-35-507
0,2024-35-508
0,2024-35-509
0,2024-35-510
2,2024-35-511
2,2024-35-601
2,2024-35-602
0,2024-35-603
2,2024-35-604
2,2024-35-605
2,2024-35-606
0,2024-35-607
2,2024-35-608
2,2024-35-609
2,2024-35-610
0,2024-35-611
0,2024-35-701
0,2024-35-702
0,2024-35-703
0,2024-35-704
0,2024-35-705
2,2024-35-706
1,2024-36-101
1,2024-36-102
1,2024-36-103
2,2024-36-104
2,2024-36-105
1,2024-36-106
2,2024-36-107
1,2024-36-108
1,2024-36-109
1,2024-36-110
1,2024-36-111
2,2024-36-112
1,2024-36-113
1,2024-36-114
1,2024-36-115
0,2024-36-116
0,2024-36-117
1,2024-36-118
2,2024-36-119
2,2024-36-120
1,2024-36-201
2,2024-36-202
1,2024-36-203
2,2024-36-204
1,2024-36-205
1,2024-36-206
1,2024-36-207
1,2024-36-208
2,2024-36-209
2,2024-36-210
2,2024-36-211
2,2024-36-212
2,2024-36-213
0,2024-36-214
0,2024-36-215
0,2024-36-216
1,2024-36-301
2,2024-36-302
1,2024-36-303
2,2024-36-304
2,2024-36-305
2,2024-36-306
1,2024-36-307
1,2024-36-308
1,2024-36-401
1,2024-36-402
1,2024-36-403
1,2024-36-404
1,2024-36-405
1,2024-36-406
1,2024-36-407
1,2024-36-408
1,2024-36-409
0,2024-36-410
2,2024-36-501
0,2024-36-502
0,2024-36-503
0,2024-36-504
2,2024-36-505
0,2024-36-506
0,2024-36-507
0,2024-36-508
0,2024-36-509
0,2024-36-510
2,2024-36-511
2,2024-36-601
2,2024-36-602
0,2024-36-603
2,2024-36-604
2,2024-36-605
2,2024-36-606
0,2024-36-607
2,2024-36-608
2,2024-36-609
2,2024-36-610
0,2024-36-611
0,2024-36-701
0,2024-36-702
0,2024-36-703
0,2024-36-704
0,2024-36-705
2,2024-36-706
1,2024-37-101
1,2024-37-102
1,2024-37-103
2,2024-37-104
2,2024-37-105
1,2024-37-106
2,2024-37-107
1,2024-37-108
1,2024-37-109
1,2024-37-110
1,2024-37-111
2,2024-37-112
1,2024-37-113
1,2024-37-114
1,2024-37-115
0,2024-37-116
0,2024-37-117
1,2024-37-118
2,2024-37-119
2,2024-37-120
1,2024-37-201
2,2024-37-202
1,2024-37-203
2,2024-37-204
1,2024-37-205
1,2024-37-206
1,2024-37-207
1,2024-37-208
2,2024-37-209
2,2024-37-210
2,2024-37-211
2,2024-37-212
2,2024-37-213
0,2024-37-214
0,2024-37-215
0,2024-37-216
1,2024-37-301
2,2024-37-302
1,2024-37-303
2,2024-37-304
2,2024-37-305
2,2024-37-306
1,2024-37-307
1,2024-37-308
1,2024-37-401
1,2024-37-402
1,2024-37-403
1,2024-37-404
1,2024-37-405
1,2024-37-406
1,2024-37-407
1,2024-37-408
1,2024-37-409
0,2024-37-410
2,2024-37-501
0,2024-37-502
0,2024-37-503
0,2024-37-504
2,2024-37-505
0,2024-37-506
0,2024-37-507
0,2024-37-508
0,2024-37-509
0,2024-37-510
2,2024-37-511
2,2024-37-601
2,2024-37-602
0,2024-37-603
2,2024-37-604
2,2024-37-605
2,2024-37-606
0,2024-37-607
2,2024-37-608
2,2024-37-609
2,2024-37-610
0,2024-37-611
0,2024-37-701
0,2024-37-702
0,2024-37-703
0,2024-37-704
0,2024-37-705
2,2024-37-706
1,2024-38-101
1,2024-38-102
1,2024-38-103
2,2024-38-104
2,2024-38-105
1,2024-38-106
2,2024-38-107
1,2024-38-108
1,2024-38-109
1,2024-38-110
1,2024-38-111
2,2024-38-112
1,2024-38-113
1,2024-38-114
1,2024-38-115
0,2024-38-116
0,2024-38-117
1,2024-38-118
2,2024-38-119
2,2024-38-120
1,2024-38-201
2,2024-38-202
1,2024-38-203
2,2024-38-204
1,2024-38-205
1,2024-38-206
1,2024-38-207
1,2024-38-208
2,2024-38-209
2,2024-38-210
2,2024-38-211
2,2024-38-212
2,2024-38-213
0,2024-38-214
0,2024-38-215
0,2024-38-216
1,2024-38-301
2,2024-38-302
1,2024-38-303
2,2024-38-304
2,2024-38-305
2,2024-38-306
1,2024-38-307
1,2024-38-308
1,2024-38-401
1,2024-38-402
1,2024-38-403
1,2024-38-404
1,2024-38-405
1,2024-38-406
1,2024-38-407
1,2024-38-408
1,2024-38-409
0,2024-38-410
2,2024-38-501
0,2024-38-502
0,2024-38-503
0,2024-38-504
2,2024-38-505
0,2024-38-506
0,2024-38-507
0,2024-38-508
0,2024-38-509
0,2024-38-510
2,2024-38-511
2,2024-38-601
2,2024-38-602
0,2024-38-603
2,2024-38-604
2,2024-38-605
2,2024-38-606
0,2024-38-607
2,2024-38-608
2,2024-38-609
2,2024-38-610
0,2024-38-611
0,2024-38-701
0,2024-38-702
0,2024-38-703
0,2024-38-704
0,2024-38-705
2,2024-38-706
1,2024-39-101
1,2024-39-102
1,2024-39-103
2,2024-39-104
2,2024-39-105
1,2024-39-106
2,2024-39-107
1,2024-39-108
1,2024-39-109
1,2024-39-110
1,2024-39-111
2,2024-39-112
1,2024-39-113
1,2024-39-114
1,2024-39-115
0,2024-39-116
0,2024-39-117
1,2024-39-118
2,2024-39-119
2,2024-39-120
1,2024-39-201
2,2024-39-202
1,2024-39-203
2,2024-39-204
1,2024-39-205
1,2024-39-206
1,2024-39-207
1,2024-39-208
2,2024-39-209
2,2024-39-210
2,2024-39-211
2,2024-39-212
2,2024-39-213
0,2024-39-214
0,2024-39-215
0,2024-39-216
1,2024-39-301
2,2024-39-302
1,2024-39-303
2,2024-39-304
2,2024-39-305
2,2024-39-306
1,2024-39-307
1,2024-39-308
1,2024-39-401
1,2024-39-402
1,2024-39-403
1,2024-39-404
1,2024-39-405
1,2024-39-406
1,2024-39-407
1,2024-39-408
1,2024-39-409
0,2024-39-410
2,2024-39-501
0,2024-39-502
0,2024-39-503
0,2024-39-504
2,2024-39-505
0,2024-39-506
0,2024-39-507
0,2024-39-508
0,2024-39-509
0,2024-39-510
2,2024-39-511
2,2024-39-601
2,2024-39-602
0,2024-39-603
2,2024-39-604
2,2024-39-605
2,2024-39-606
0,2024-39-607
2,2024-39-608
2,2024-39-609
2,2024-39-610
0,2024-39-611
0,2024-39-701
0,2024-39-702
0,2024-39-703
0,2024-39-704
0,2024-39-705
2,2024-39-706
1,2024-40-101
1,2024-40-102
1,2024-40-103
2,2024-40-104
2,2024-40-105
1,2024-40-106
2,2024-40-107
1,2024-40-108
1,2024-40-109
1,2024-40-110
1,2024-40-111
2,2024-40-112
1,2024-40-113
1,2024-40-114
1,2024-40-115
0,2024-40-116
0,2024-40-117
1,2024-40-118
2,2024-40-119
2,2024-40-120
1,2024-40-201
2,2024-40-202
1,2024-40-203
2,2024-40-204
1,2024-40-205
1,2024-40-206
1,2024-40-207
1,2024-40-208
2,2024-40-209
2,2024-40-210
2,2024-40-211
2,2024-40-212
2,2024-40-213
0,2024-40-214
0,2024-40-215
0,2024-40-216
1,2024-40-301
2,2024-40-302
1,2024-40-303
2,2024-40-304
2,2024-40-305
2,2024-40-306
1,2024-40-307
1,2024-40-308
1,2024-40-401
1,2024-40-402
1,2024-40-403
1,2024-40-404
1,2024-40-405
1,2024-40-406
1,2024-40-407
1,2024-40-408
1,2024-40-409
0,2024-40-410
2,2024-40-501
0,2024-40-502
0,2024-40-503
0,2024-40-504
2,2024-40-505
0,2024-40-506
0,2024-40-507
0,2024-40-508
0,2024-40-509
0,2024-40-510
2,2024-40-511
2,2024-40-601
2,2024-40-602
0,2024-40-603
2,2024-40-604
2,2024-40-605
2,2024-40-606
0,2024-40-607
2,2024-40-608
2,2024-40-609
2,2024-40-610
0,2024-40-611
0,2024-40-701
0,2024-40-702
0,2024-40-703
0,2024-40-704
0,2024-40-705
2,2024-40-706
1,2024-41-101
1,2024-41-102
1,2024-41-103
2,2024-41-104
2,2024-41-105
1,2024-41-106
2,2024-41-107
1,2024-41-108
1,2024-41-109
1,2024-41-110
1,2024-41-111
2,2024-41-112
1,2024-41-113
1,2024-41-114
1,2024-41-115
0,2024-41-116
0,2024-41-117
1,2024-41-118
2,2024-41-119
2,2024-41-120
1,2024-41-201
2,2024-41-202
1,2024-41-203
2,2024-41-204
1,2024-41-205
1,2024-41-206
1,2024-41-207
1,2024-41-208
2,2024-41-209
2,2024-41-210
2,2024-41-211
2,2024-41-212
2,2024-41-213
0,2024-41-214
0,2024-41-215
0,2024-41-216
1,2024-41-301
2,2024-41-302
1,2024-41-303
2,2024-41-304
2,2024-41-305
2,2024-41-306
1,2024-41-307
1,2024-41-308
1,2024-41-401
1,2024-41-402
1,2024-41-403
1,2024-41-404
1,2024-41-405
1,2024-41-406
1,2024-41-407
1,2024-41-408
1,2024-41-409
0,2024-41-410
2,2024-41-501
0,2024-41-502
0,2024-41-503
0,2024-41-504
2,2024-41-505
0,2024-41-506
0,2024-41-507
0,2024-41-508
0,2024-41-509
0,2024-41-510
2,2024-41-511
2,2024-41-601
2,2024-41-602
0,2024-41-603
2,2024-41-604
2,2024-41-605
2,2024-41-606
0,2024-41-607
2,2024-41-608
2,2024-41-609
2,2024-41-610
0,2024-41-611
0,2024-41-701
0,2024-41-702
0,2024-41-703
0,2024-41-704
0,2024-41-705
2,2024-41-706
1,2024-42-101
1,2024-42-102
1,2024-42-103
2,2024-42-104
2,2024-42-105
1,2024-42-106
2,2024-42-107
1,2024-42-108
1,2024-42-109
1,2024-42-110
1,2024-42-111
2,2024-42-112
1,2024-42-113
1,2024-42-114
1,2024-42-115
0,2024-42-116
0,2024-42-117
1,2024-42-118
2,2024-42-119
2,2024-42-120
1,2024-42-201
2,2024-42-202
1,2024-42-203
2,2024-42-204
1,2024-42-205
1,2024-42-206
1,2024-42-207
1,2024-42-208
2,2024-42-209
2,2024-42-210
2,2024-42-211
2,2024-42-212
2,2024-42-213
0,2024-42-214
0,2024-42-215
0,2024-42-216
1,2024-42-301
2,2024-42-302
1,2024-42-303
2,2024-42-304
2,2024-42-305
2,2024-42-306
1,2024-42-307
1,2024-42-308
1,2024-42-401
1,2024-42-402
1,2024-42-403
1,2024-42-404
1,2024-42-405
1,2024-42-406
1,2024-42-407
1,2024-42-408
1,2024-42-409
0,2024-42-410
2,2024-42-501
0,2024-42-502
0,2024-42-503
0,2024-42-504
2,2024-42-505
0,2024-42-506
0,2024-42-507
0,2024-42-508
0,2024-42-509
0,2024-42-510
2,2024-42-511
2,2024-42-601
2,2024-42-602
0,2024-42-603
2,2024-42-604
2,2024-42-605
2,2024-42-606
0,2024-42-607
2,2024-42-608
2,2024-42-609
2,2024-42-610
0,2024-42-611
0,2024-42-701
0,2024-42-702
0,2024-42-703
0,2024-42-704
0,2024-42-705
2,2024-42-706
1,2024-43-101
1,2024-43-102
1,2024-43-103
2,2024-43-104
2,2024-43-105
1,2024-43-106
2,2024-43-107
1,2024-43-108
1,2024-43-109
1,2024-43-110
1,2024-43-111
2,2024-43-112
1,2024-43-113
1,2024-43-114
1,2024-43-115
0,2024-43-116
0,2024-43-117
1,2024-43-118
2,2024-43-119
2,2024-43-120
1,2024-43-201
2,2024-43-202
1,2024-43-203
2,2024-43-204
1,2024-43-205
1,2024-43-206
1,2024-43-207
1,2024-43-208
2,2024-43-209
2,2024-43-210
2,2024-43-211
2,2024-43-212
2,2024-43-213
0,2024-43-214
0,2024-43-215
0,2024-43-216
1,2024-43-301
2,2024-43-302
1,2024-43-303
2,2024-43-304
2,2024-43-305
2,2024-43-306
1,2024-43-307
1,2024-43-308
1,2024-43-401
1,2024-43-402
1,2024-43-403
1,2024-43-404
1,2024-43-405
1,2024-43-406
1,2024-43-407
1,2024-43-408
1,2024-43-409
0,2024-43-410
2,2024-43-501
0,2024-43-502
0,2024-43-503
0,2024-43-504
2,2024-43-505
0,2024-43-506
0,2024-43-507
0,2024-43-508
0,2024-43-509
0,2024-43-510
2,2024-43-511
2,2024-43-601
2,2024-43-602
0,2024-43-603
2,2024-43-604
2,2024-43-605
2,2024-43-606
0,2024-43-607
2,2024-43-608
2,2024-43-609
2,2024-43-610
0,2024-43-611
0,2024-43-701
0,2024-43-702
0,2024-43-703
0,2024-43-704
0,2024-43-705
2,2024-43-706
1,2024-44-101
1,2024-44-102
1,2024-44-103
2,2024-44-104
2,2024-44-105
1,2024-44-106
2,2024-44-107
1,2024-44-108
1,2024-44-109
1,2024-44-110
1,2024-44-111
2,2024-44-112
1,2024-44-113
1,2024-44-114
1,2024-44-115
0,2024-44-116
0,2024-44-117
1,2024-44-118
2,2024-44-119
2,2024-44-120
1,2024-44-201
2,2024-44-202
1,2024-44-203
2,2024-44-204
1,2024-44-205
1,2024-44-206
1,2024-44-207
1,2024-44-208
2,2024-44-209
2,2024-44-210
2,2024-44-211
2,2024-44-212
2,2024-44-213
0,2024-44-214
0,2024-44-215
0,2024-44-216
1,2024-44-301
2,2024-44-302
1,2024-44-303
2,2024-44-304
2,2024-44-305
2,2024-44-306
1,2024-44-307
1,2024-44-308
1,2024-44-401
1,2024-44-402
1,2024-44-403
1,2024-44-404
1,2024-44-405
1,2024-44-406
1,2024-44-407
1,2024-44-408
1,2024-44-409
0,2024-44-410
2,2024-44-501
0,2024-44-502
0,2024-44-503
0,2024-44-504
2,2024-44-505
0,2024-44-506
0,2024-44-507
0,2024-44-508
0,2024-44-509
0,2024-44-510
2,2024-44-511
2,2024-44-601
2,2024-44-602
0,2024-44-603
2,2024-44-604
2,2024-44-605
2,2024-44-606
0,2024-44-607
2,2024-44-608
2,2024-44-609
2,2024-44-610
0,2024-44-611
0,2024-44-701
0,2024-44-702
0,2024-44-703
0,2024-44-704
0,2024-44-705
2,2024-44-706
1,2024-45-101
1,2024-45-102
1,2024-45-103
2,2024-45-104
2,2024-45-105
1,2024-45-106
2,2024-45-107
1,2024-45-108
1,2024-45-109
1,2024-45-110
1,2024-45-111
2,2024-45-112
1,2024-45-113
1,2024-45-114
1,2024-45-115
0,2024-45-116
0,2024-45-117
1,2024-45-118
2,2024-45-119
2,2024-45-120
1,2024-45-201
2,2024-45-202
1,2024-45-203
2,2024-45-204
1,2024-45-205
1,2024-45-206
1,2024-45-207
1,2024-45-208
2,2024-45-209
2,2024-45-210
2,2024-45-211
2,2024-45-212
2,2024-45-213
0,2024-45-214
0,2024-45-215
0,2024-45-216
1,2024-45-301
2,2024-45-302
1,2024-45-303
2,2024-45-304
2,2024-45-305
2,2024-45-306
1,2024-45-307
1,2024-45-308
1,2024-45-401
1,2024-45-402
1,2024-45-403
1,2024-45-404
1,2024-45-405
1,2024-45-406
1,2024-45-407
1,2024-45-408
1,2024-45-409
0,2024-45-410
2,2024-45-501
0,2024-45-502
0,2024-45-503
0,2024-45-504
2,2024-45-505
0,2024-45-506
0,2024-45-507
0,2024-45-508
0,2024-45-509
0,2024-45-510
2,2024-45-511
2,2024-45-601
2,2024-45-602
0,2024-45-603
2,2024-45-604
2,2024-45-605
2,2024-45-606
0,2024-45-607
2,2024-45-608
2,2024-45-609
2,2024-45-610
0,2024-45-611
0,2024-45-701
0,2024-45-702
0,2024-45-703
0,2024-45-704
0,2024-45-705
2,2024-45-706
1,2024-46-101
1,2024-46-102
1,2024-46-103
2,2024-46-104
2,2024-46-105
1,2024-46-106
2,2024-46-107
1,2024-46-108
1,2024-46-109
1,2024-46-110
1,2024-46-111
2,2024-46-112
1,2024-46-113
1,2024-46-114
1,2024-46-115
0,2024-46-116
0,2024-46-117
1,2024-46-118
2,2024-46-119
2,2024-46-120
1,2024-46-201
2,2024-46-202
1,2024-46-203
2,2024-46-204
1,2024-46-205
1,2024-46-206
1,2024-46-207
1,2024-46-208
2,2024-46-209
2,2024-46-210
2,2024-46-211
2,2024-46-212
2,2024-46-213
0,2024-46-214
0,2024-46-215
0,2024-46-216
1,2024-46-301
2,2024-46-302
1,2024-46-303
2,2024-46-304
2,2024-46-305
2,2024-46-306
1,2024-46-307
1,2024-46-308
1,2024-46-401
1,2024-46-402
1,2024-46-403
1,2024-46-404
1,2024-46-405
1,2024-46-406
1,2024-46-407
1,2024-46-408
1,2024-46-409
0,2024-46-410
2,2024-46-501
0,2024-46-502
0,2024-46-503
0,2024-46-504
2,2024-46-505
0,2024-46-506
0,2024-46-507
0,2024-46-508
0,2024-46-509
0,2024-46-510
2,2024-46-511
2,2024-46-601
2,2024-46-602
0,2024-46-603
2,2024-46-604
2,2024-46-605
2,2024-46-606
0,2024-46-607
2,2024-46-608
2,2024-46-609
2,2024-46-610
0,2024-46-611
0,2024-46-701
0,2024-46-702
0,2024-46-703
0,2024-46-704
0,2024-46-705
2,2024-46-706
1,2024-47-101
1,2024-47-102
1,2024-47-103
2,2024-47-104
2,2024-47-105
1,2024-47-106
2,2024-47-107
1,2024-47-108
1,2024-47-109
1,2024-47-110
1,2024-47-111
2,2024-47-112
1,2024-47-113
1,2024-47-114
1,2024-47-115
0,2024-47-116
0,2024-47-117
1,2024-47-118
2,2024-47-119
2,2024-47-120
1,2024-47-201
2,2024-47-202
1,2024-47-203
2,2024-47-204
1,2024-47-205
1,2024-47-206
1,2024-47-207
1,2024-47-208
2,2024-47-209
2,2024-47-210
2,2024-47-211
2,2024-47-212
2,2024-47-213
0,2024-47-214
0,2024-47-215
0,2024-47-216
1,2024-47-301
2,2024-47-302
1,2024-47-303
2,2024-47-304
2,2024-47-305
2,2024-47-306
1,2024-47-307
1,2024-47-308
1,2024-47-401
1,2024-47-402
1,2024-47-403
1,2024-47-404
1,2024-47-405
1,2024-47-406
1,2024-47-407
1,2024-47-408
1,2024-47-409
0,2024-47-410
2,2024-47-501
0,2024-47-502
0,2024-47-503
0,2024-47-504
2,2024-47-505
0,2024-47-506
0,2024-47-507
0,2024-47-508
0,2024-47-509
0,2024-47-510
2,2024-47-511
2,2024-47-601
2,2024-47-602
0,2024-47-603
2,2024-47-604
2,2024-47-605
2,2024-47-606
0,2024-47-607
2,2024-47-608
2,2024-47-609
2,2024-47-610
0,2024-47-611
0,2024-47-701
0,2024-47-702
0,2024-47-703
0,2024-47-704
0,2024-47-705
2,2024-47-706
1,2024-48-101
1,2024-48-102
1,2024-48-103
2,2024-48-104
2,2024-48-105
1,2024-48-106
2,2024-48-107
1,2024-48-108
1,2024-48-109
1,2024-48-110
1,2024-48-111
2,2024-48-112
1,2024-48-113
1,2024-48-114
1,2024-48-115
0,2024-48-116
0,2024-48-117
1,2024-48-118
2,2024-48-119
2,2024-48-120
1,2024-48-201
2,2024-48-202
1,2024-48-203
2,2024-48-204
1,2024-48-205
1,2024-48-206
1,2024-48-207
1,2024-48-208
2,2024-48-209
2,2024-48-210
2,2024-48-211
2,2024-48-212
2,2024-48-213
0,2024-48-214
0,2024-48-215
0,2024-48-216
1,2024-48-301
2,2024-48-302
1,2024-48-303
2,2024-48-304
2,2024-48-305
2,2024-48-306
1,2024-48-307
1,2024-48-308
1,2024-48-401
1,2024-48-402
1,2024-48-403
1,2024-48-404
1,2024-48-405
1,2024-48-406
1,2024-48-407
1,2024-48-408
1,2024-48-409
0,2024-48-410
2,2024-48-501
0,2024-48-502
0,2024-48-503
0,2024-48-504
2,2024-48-505
0,2024-48-506
0,2024-48-507
0,2024-48-508
0,2024-48-509
0,2024-48-510
2,2024-48-511
2,2024-48-601
2,2024-48-602
0,2024-48-603
2,2024-48-604
2,2024-48-605
2,2024-48-606
0,2024-48-607
2,2024-48-608
2,2024-48-609
2,2024-48-610
0,2024-48-611
0,2024-48-701
0,2024-48-702
0,2024-48-703
0,2024-48-704
0,2024-48-705
2,2024-48-706
1,2024-49-101
1,2024-49-102
1,2024-49-103
2,2024-49-104
2,2024-49-105
1,2024-49-106
2,2024-49-107
1,2024-49-108
1,2024-49-109
1,2024-49-110
1,2024-49-111
2,2024-49-112
1,2024-49-113
1,2024-49-114
1,2024-49-115
0,2024-49-116
0,2024-49-117
1,2024-49-118
2,2024-49-119
2,2024-49-120
1,2024-49-201
2,2024-49-202
1,2024-49-203
2,2024-49-204
1,2024-49-205
1,2024-49-206
1,2024-49-207
1,2024-49-208
2,2024-49-209
2,2024-49-210
2,2024-49-211
2,2024-49-212
2,2024-49-213
0,2024-49-214
0,2024-49-215
0,2024-49-216
1,2024-49-301
2,2024-49-302
1,2024-49-303
2,2024-49-304
2,2024-49-305
2,2024-49-306
1,2024-49-307
1,2024-49-308
1,2024-49-401
1,2024-49-402
1,2024-49-403
1,2024-49-404
1,2024-49-405
1,2024-49-406
1,2024-49-407
1,2024-49-408
1,2024-49-409
0,2024-49-410
2,2024-49-501
0,2024-49-502
0,2024-49-503
0,2024-49-504
2,2024-49-505
0,2024-49-506
0,2024-49-507
0,2024-49-508
0,2024-49-509
0,2024-49-510
2,2024-49-511
2,2024-49-601
2,2024-49-602
0,2024-49-603
2,2024-49-604
2,2024-49-605
2,2024-49-606
0,2024-49-607
2,2024-49-608
2,2024-49-609
2,2024-49-610
0,2024-49-611
0,2024-49-701
0,2024-49-702
0,2024-49-703
0,2024-49-704
0,2024-49-705
2,2024-49-706
1,2024-50-101
1,2024-50-102
1,2024-50-103
2,2024-50-104
2,2024-50-105
1,2024-50-106
2,2024-50-107
1,2024-50-108
1,2024-50-109
1,2024-50-110
1,2024-50-111
2,2024-50-112
1,2024-50-113
1,2024-50-114
1,2024-50-115
0,2024-50-116
0,2024-50-117
1,2024-50-118
2,2024-50-119
2,2024-50-120
1,2024-50-201
2,2024-50-202
1,2024-50-203
2,2024-50-204
1,2024-50-205
1,2024-50-206
1,2024-50-207
1,2024-50-208
2,2024-50-209
2,2024-50-210
2,2024-50-211
2,2024-50-212
2,2024-50-213
0,2024-50-214
0,2024-50-215
0,2024-50-216
1,2024-50-301
2,2024-50-302
1,2024-50-303
2,2024-50-304
2,2024-50-305
2,2024-50-306
1,2024-50-307
1,2024-50-308
1,2024-50-401
1,2024-50-402
1,2024-50-403
1,2024-50-404
1,2024-50-405
1,2024-50-406
1,2024-50-407
1,2024-50-408
1,2024-50-409
0,2024-50-410
2,2024-50-501
0,2024-50-502
0,2024-50-503
0,2024-50-504
2,2024-50-505
0,2024-50-506
0,2024-50-507
0,2024-50-508
0,2024-50-509
0,2024-50-510
2,2024-50-511
2,2024-50-601
2,2024-50-602
0,2024-50-603
2,2024-50-604
2,2024-50-605
2,2024-50-606
0,2024-50-607
2,2024-50-608
2,2024-50-609
2,2024-50-610
0,2024-50-611
0,2024-50-701
0,2024-50-702
0,2024-50-703
0,2024-50-704
0,2024-50-705
2,2024-50-706
1,2024-51-101
1,2024-51-102
1,2024-51-103
2,2024-51-104
2,2024-51-105
1,2024-51-106
2,2024-51-107
1,2024-51-108
1,2024-51-109
1,2024-51-110
1,2024-51-111
2,2024-51-112
1,2024-51-113
1,2024-51-114
1,2024-51-115
0,2024-51-116
0,2024-51-117
1,2024-51-118
2,2024-51-119
2,2024-51-120
1,2024-51-201
2,2024-51-202
1,2024-51-203
2,2024-51-204
1,2024-51-205
1,2024-51-206
1,2024-51-207
1,2024-51-208
2,2024-51-209
2,2024-51-210
2,2024-51-211
2,2024-51-212
2,2024-51-213
0,2024-51-214
0,2024-51-215
0,2024-51-216
1,2024-51-301
2,2024-51-302
1,2024-51-303
2,2024-51-304
2,2024-51-305
2,2024-51-306
1,2024-51-307
1,2024-51-308
1,2024-51-401
1,2024-51-402
1,2024-51-403
1,2024-51-404
1,2024-51-405
1,2024-51-406
1,2024-51-407
1,2024-51-408
1,2024-51-409
0,2024-51-410
2,2024-51-501
0,2024-51-502
0,2024-51-503
0,2024-51-504
2,2024-51-505
0,2024-51-506
0,2024-51-507
0,2024-51-508
0,2024-51-509
0,2024-51-510
2,2024-51-511
2,2024-51-601
2,2024-51-602
0,2024-51-603
2,2024-51-604
2,2024-51-605
2,2024-51-606
0,2024-51-607
2,2024-51-608
2,2024-51-609
2,2024-51-610
0,2024-51-611
0,2024-51-701
0,2024-51-702
0,2024-51-703
0,2024-51-704
0,2024-51-705
2,2024-51-706
1,2024-52-101
1,2024-52-102
1,2024-52-103
2,2024-52-104
2,2024-52-105
1,2024-52-106
2,2024-52-107
1,2024-52-108
1,2024-52-109
1,2024-52-110
1,2024-52-111
2,2024-52-112
1,2024-52-113
1,2024-52-114
1,2024-52-115
0,2024-52-116
0,2024-52-117
1,2024-52-118
2,2024-52-119
2,2024-52-120
1,2024-52-201
2,2024-52-202
1,2024-52-203
2,2024-52-204
1,2024-52-205
1,2024-52-206
1,2024-52-207
1,2024-52-208
2,2024-52-209
2,2024-52-210
2,2024-52-211
2,2024-52-212
2,2024-52-213
0,2024-52-214
0,2024-52-215
0,2024-52-216
1,2024-52-301
2,2024-52-302
1,2024-52-303
2,2024-52-304
2,2024-52-305
2,2024-52-306
1,2024-52-307
1,2024-52-308
1,2024-52-401
1,2024-52-402
1,2024-52-403
1,2024-52-404
1,2024-52-405
1,2024-52-406
1,2024-52-407
1,2024-52-408
1,2024-52-409
0,2024-52-410
2,2024-52-501
0,2024-52-502
0,2024-52-503
0,2024-52-504
2,2024-52-505
0,2024-52-506
0,2024-52-507
0,2024-52-508
0,2024-52-509
0,2024-52-510
2,2024-52-511
2,2024-52-601
2,2024-52-602
0,2024-52-603
2,2024-52-604
2,2024-52-605
2,2024-52-606
0,2024-52-607
2,2024-52-608
2,2024-52-609
2,2024-52-610
0,2024-52-611
0,2024-52-701
0,2024-52-702
0,2024-52-703
0,2024-52-704
0,2024-52-705
2,2024-52-706
1,2024-53-101
1,2024-53-102
1,2024-53-103
2,2024-53-104
2,2024-53-105
1,2024-53-106
2,2024-53-107
1,2024-53-108
1,2024-53-109
1,2024-53-110
1,2024-53-111
2,2024-53-112
1,2024-53-113
1,2024-53-114
1,2024-53-115
0,2024-53-116
0,2024-53-117
1,2024-53-118
2,2024-53-119
2,2024-53-120
1,2024-53-201
2,2024-53-202
1,2024-53-203
2,2024-53-204
1,2024-53-205
1,2024-53-206
1,2024-53-207
1,2024-53-208
2,2024-53-209
2,2024-53-210
2,2024-53-211
2,2024-53-212
2,2024-53-213
0,2024-53-214
0,2024-53-215
0,2024-53-216
1,2024-53-301
2,2024-53-302
1,2024-53-303
2,2024-53-304
2,2024-53-305
2,2024-53-306
1,2024-53-307
1,2024-53-308
1,2024-53-401
1,2024-53-402
1,2024-53-403
1,2024-53-404
1,2024-53-405
1,2024-53-406
1,2024-53-407
1,2024-53-408
1,2024-53-409
0,2024-53-410
2,2024-53-501
0,2024-53-502
0,2024-53-503
0,2024-53-504
2,2024-53-505
0,2024-53-506
0,2024-53-507
0,2024-53-508
0,2024-53-509
0,2024-53-510
2,2024-53-511
2,2024-53-601
2,2024-53-602
0,2024-53-603
2,2024-53-604
2,2024-53-605
2,2024-53-606
0,2024-53-607
2,2024-53-608
2,2024-53-609
2,2024-53-610
0,2024-53-611
0,2024-53-701
0,2024-53-702
0,2024-53-703
0,2024-53-704
0,2024-53-705
2,2024-53-706
1,2025-1-101
1,2025-1-102
1,2025-1-103
2,2025-1-104
2,2025-1-105
1,2025-1-106
2,2025-1-107
1,2025-1-108
1,2025-1-109
1,2025-1-110
1,2025-1-111
2,2025-1-112
1,2025-1-113
1,2025-1-114
1,2025-1-115
0,2025-1-116
0,2025-1-117
1,2025-1-118
2,2025-1-119
2,2025-1-120
1,2025-1-201
2,2025-1-202
1,2025-1-203
2,2025-1-204
1,2025-1-205
1,2025-1-206
1,2025-1-207
1,2025-1-208
2,2025-1-209
2,2025-1-210
2,2025-1-211
2,2025-1-212
2,2025-1-213
0,2025-1-214
0,2025-1-215
0,2025-1-216
1,2025-1-301
2,2025-1-302
1,2025-1-303
2,2025-1-304
2,2025-1-305
2,2025-1-306
1,2025-1-307
1,2025-1-308
1,2025-1-401
1,2025-1-402
1,2025-1-403
1,2025-1-404
1,2025-1-405
1,2025-1-406
1,2025-1-407
1,2025-1-408
1,2025-1-409
0,2025-1-410
2,2025-1-501
0,2025-1-502
0,2025-1-503
0,2025-1-504
2,2025-1-505
0,2025-1-506
0,2025-1-507
0,2025-1-508
0,2025-1-509
0,2025-1-510
2,2025-1-511
2,2025-1-601
2,2025-1-602
0,2025-1-603
2,2025-1-604
2,2025-1-605
2,2025-1-606
0,2025-1-607
2,2025-1-608
2,2025-1-609
2,2025-1-610
0,2025-1-611
0,2025-1-701
0,2025-1-702
0,2025-1-703
0,2025-1-704
0,2025-1-705
2,2025-1-706
1,2025-2-101
1,2025-2-102
1,2025-2-103
2,2025-2-104
2,2025-2-105
1,2025-2-106
2,2025-2-107
1,2025-2-108
1,2025-2-109
1,2025-2-110
1,2025-2-111
2,2025-2-112
1,2025-2-113
1,2025-2-114
1,2025-2-115
0,2025-2-116
0,2025-2-117
1,2025-2-118
2,2025-2-119
2,2025-2-120
1,2025-2-201
2,2025-2-202
1,2025-2-203
2,2025-2-204
1,2025-2-205
1,2025-2-206
1,2025-2-207
1,2025-2-208
2,2025-2-209
2,2025-2-210
2,2025-2-211
2,2025-2-212
2,2025-2-213
0,2025-2-214
0,2025-2-215
0,2025-2-216
1,2025-2-301
2,2025-2-302
1,2025-2-303
2,2025-2-304
2,2025-2-305
2,2025-2-306
1,2025-2-307
1,2025-2-308
1,2025-2-401
1,2025-2-402
1,2025-2-403
1,2025-2-404
1,2025-2-405
1,2025-2-406
1,2025-2-407
1,2025-2-408
1,2025-2-409
0,2025-2-410
2,2025-2-501
0,2025-2-502
0,2025-2-503
0,2025-2-504
2,2025-2-505
0,2025-2-506
0,2025-2-507
0,2025-2-508
0,2025-2-509
0,2025-2-510
2,2025-2-511
2,2025-2-601
2,2025-2-602
0,2025-2-603
2,2025-2-604
2,2025-2-605
2,2025-2-606
0,2025-2-607
2,2025-2-608
2,2025-2-609
2,2025-2-610
0,2025-2-611
0,2025-2-701
0,2025-2-702
0,2025-2-703
0,2025-2-704
0,2025-2-705
2,2025-2-706
1,2025-3-101
1,2025-3-102
1,2025-3-103
2,2025-3-104
2,2025-3-105
1,2025-3-106
2,2025-3-107
1,2025-3-108
1,2025-3-109
1,2025-3-110
1,2025-3-111
2,2025-3-112
1,2025-3-113
1,2025-3-114
1,2025-3-115
0,2025-3-116
0,2025-3-117
1,2025-3-118
2,2025-3-119
2,2025-3-120
1,2025-3-201
2,2025-3-202
1,2025-3-203
2,2025-3-204
1,2025-3-205
1,2025-3-206
1,2025-3-207
1,2025-3-208
2,2025-3-209
2,2025-3-210
2,2025-3-211
2,2025-3-212
2,2025-3-213
0,2025-3-214
0,2025-3-215
0,2025-3-216
1,2025-3-301
2,2025-3-302
1,2025-3-303
2,2025-3-304
2,2025-3-305
2,2025-3-306
1,2025-3-307
1,2025-3-308
1,2025-3-401
1,2025-3-402
1,2025-3-403
1,2025-3-404
1,2025-3-405
1,2025-3-406
1,2025-3-407
1,2025-3-408
1,2025-3-409
0,2025-3-410
2,2025-3-501
0,2025-3-502
0,2025-3-503
0,2025-3-504
2,2025-3-505
0,2025-3-506
0,2025-3-507
0,2025-3-508
0,2025-3-509
0,2025-3-510
2,2025-3-511
2,2025-3-601
2,2025-3-602
0,2025-3-603
2,2025-3-604
2,2025-3-605
2,2025-3-606
0,2025-3-607
2,2025-3-608
2,2025-3-609
2,2025-3-610
0,2025-3-611
0,2025-3-701
0,2025-3-702
0,2025-3-703
0,2025-3-704
0,2025-3-705
2,2025-3-706
1,2025-4-101
1,2025-4-102
1,2025-4-103
2,2025-4-104
2,2025-4-105
1,2025-4-106
2,2025-4-107
1,2025-4-108
1,2025-4-109
1,2025-4-110
1,2025-4-111
2,2025-4-112
1,2025-4-113
1,2025-4-114
1,2025-4-115
0,2025-4-116
0,2025-4-117
1,2025-4-118
2,2025-4-119
2,2025-4-120
1,2025-4-201
2,2025-4-202
1,2025-4-203
2,2025-4-204
1,2025-4-205
1,2025-4-206
1,2025-4-207
1,2025-4-208
2,2025-4-209
2,2025-4-210
2,2025-4-211
2,2025-4-212
2,2025-4-213
0,2025-4-214
0,2025-4-215
0,2025-4-216
1,2025-4-301
2,2025-4-302
1,2025-4-303
2,2025-4-304
2,2025-4-305
2,2025-4-306
1,2025-4-307
1,2025-4-308
1,2025-4-401
1,2025-4-402
1,2025-4-403
1,2025-4-404
1,2025-4-405
1,2025-4-406
1,2025-4-407
1,2025-4-408
1,2025-4-409
0,2025-4-410
2,2025-4-501
0,2025-4-502
0,2025-4-503
0,2025-4-504
2,2025-4-505
0,2025-4-506
0,2025-4-507
0,2025-4-508
0,2025-4-509
0,2025-4-510
2,2025-4-511
2,2025-4-601
2,2025-4-602
0,2025-4-603
2,2025-4-604
2,2025-4-605
2,2025-4-606
0,2025-4-607
2,2025-4-608
2,2025-4-609
2,2025-4-610
0,2025-4-611
0,2025-4-701
0,2025-4-702
0,2025-4-703
0,2025-4-704
0,2025-4-705
2,2025-4-706
1,2025-5-101
1,2025-5-102
1,2025-5-103
2,2025-5-104
2,2025-5-105
1,2025-5-106
2,2025-5-107
1,2025-5-108
1,2025-5-109
1,2025-5-110
1,2025-5-111
2,2025-5-112
1,2025-5-113
1,2025-5-114
1,2025-5-115
0,2025-5-116
0,2025-5-117
1,2025-5-118
2,2025-5-119
2,2025-5-120
1,2025-5-201
2,2025-5-202
1,2025-5-203
2,2025-5-204
1,2025-5-205
1,2025-5-206
1,2025-5-207
1,2025-5-208
2,2025-5-209
2,2025-5-210
2,2025-5-211
2,2025-5-212
2,2025-5-213
0,2025-5-214
0,2025-5-215
0,2025-5-216
1,2025-5-301
2,2025-5-302
1,2025-5-303
2,2025-5-304
2,2025-5-305
2,2025-5-306
1,2025-5-307
1,2025-5-308
1,2025-5-401
1,2025-5-402
1,2025-5-403
1,2025-5-404
1,2025-5-405
1,2025-5-406
1,2025-5-407
1,2025-5-408
1,2025-5-409
0,2025-5-410
2,2025-5-501
0,2025-5-502
0,2025-5-503
0,2025-5-504
2,2025-5-505
0,2025-5-506
0,2025-5-507
0,2025-5-508
0,2025-5-509
0,2025-5-510
2,2025-5-511
2,2025-5-601
2,2025-5-602
0,2025-5-603
2,2025-5-604
2,2025-5-605
2,2025-5-606
0,2025-5-607
2,2025-5-608
2,2025-5-609
2,2025-5-610
0,2025-5-611
0,2025-5-701
0,2025-5-702
0,2025-5-703
0,2025-5-704
0,2025-5-705
2,2025-5-706
1,2025-6-101
1,2025-6-102
1,2025-6-103
2,2025-6-104
2,2025-6-105
1,2025-6-106
2,2025-6-107
1,2025-6-108
1,2025-6-109
1,2025-6-110
1,2025-6-111
2,2025-6-112
1,2025-6-113
1,2025-6-114
1,2025-6-115
0,2025-6-116
0,2025-6-117
1,2025-6-118
2,2025-6-119
2,2025-6-120
1,2025-6-201
2,2025-6-202
1,2025-6-203
2,2025-6-204
1,2025-6-205
1,2025-6-206
1,2025-6-207
1,2025-6-208
2,2025-6-209
2,2025-6-210
2,2025-6-211
2,2025-6-212
2,2025-6-213
0,2025-6-214
0,2025-6-215
0,2025-6-216
1,2025-6-301
2,2025-6-302
1,2025-6-303
2,2025-6-304
2,2025-6-305
2,2025-6-306
1,2025-6-307
1,2025-6-308
1,2025-6-401
1,2025-6-402
1,2025-6-403
1,2025-6-404
1,2025-6-405
1,2025-6-406
1,2025-6-407
1,2025-6-408
1,2025-6-409
0,2025-6-410
2,2025-6-501
0,2025-6-502
0,2025-6-503
0,2025-6-504
2,2025-6-505
0,2025-6-506
0,2025-6-507
0,2025-6-508
0,2025-6-509
0,2025-6-510
2,2025-6-511
2,2025-6-601
2,2025-6-602
0,2025-6-603
2,2025-6-604
2,2025-6-605
2,2025-6-606
0,2025-6-607
2,2025-6-608
2,2025-6-609
2,2025-6-610
0,2025-6-611
0,2025-6-701
0,2025-6-702
0,2025-6-703
0,2025-6-704
0,2025-6-705
2,2025-6-706
1,2025-7-101
1,2025-7-102
1,2025-7-103
2,2025-7-104
2,2025-7-105
1,2025-7-106
2,2025-7-107
1,2025-7-108
1,2025-7-109
1,2025-7-110
1,2025-7-111
2,2025-7-112
1,2025-7-113
1,2025-7-114
1,2025-7-115
0,2025-7-116
0,2025-7-117
1,2025-7-118
2,2025-7-119
2,2025-7-120
1,2025-7-201
2,2025-7-202
1,2025-7-203
2,2025-7-204
1,2025-7-205
1,2025-7-206
1,2025-7-207
1,2025-7-208
2,2025-7-209
2,2025-7-210
2,2025-7-211
2,2025-7-212
2,2025-7-213
0,2025-7-214
0,2025-7-215
0,2025-7-216
1,2025-7-301
2,2025-7-302
1,2025-7-303
2,2025-7-304
2,2025-7-305
2,2025-7-306
1,2025-7-307
1,2025-7-308
1,2025-7-401
1,2025-7-402
1,2025-7-403
1,2025-7-404
1,2025-7-405
1,2025-7-406
1,2025-7-407
1,2025-7-408
1,2025-7-409
0,2025-7-410
2,2025-7-501
0,2025-7-502
0,2025-7-503
0,2025-7-504
2,2025-7-505
0,2025-7-506
0,2025-7-507
0,2025-7-508
0,2025-7-509
0,2025-7-510
2,2025-7-511
2,2025-7-601
2,2025-7-602
0,2025-7-603
2,2025-7-604
2,2025-7-605
2,2025-7-606
0,2025-7-607
2,2025-7-608
2,2025-7-609
2,2025-7-610
0,2025-7-611
0,2025-7-701
0,2025-7-702
0,2025-7-703
0,2025-7-704
0,2025-7-705
2,2025-7-706
1,2025-8-101
1,2025-8-102
1,2025-8-103
2,2025-8-104
2,2025-8-105
1,2025-8-106
2,2025-8-107
1,2025-8-108
1,2025-8-109
1,2025-8-110
1,2025-8-111
2,2025-8-112
1,2025-8-113
1,2025-8-114
1,2025-8-115
0,2025-8-116
0,2025-8-117
1,2025-8-118
2,2025-8-119
2,2025-8-120
1,2025-8-201
2,2025-8-202
1,2025-8-203
2,2025-8-204
1,2025-8-205
1,2025-8-206
1,2025-8-207
1,2025-8-208
2,2025-8-209
2,2025-8-210
2,2025-8-211
2,2025-8-212
2,2025-8-213
0,2025-8-214
0,2025-8-215
0,2025-8-216
1,2025-8-301
2,2025-8-302
1,2025-8-303
2,2025-8-304
2,2025-8-305
2,2025-8-306
1,2025-8-307
1,2025-8-308
1,2025-8-401
1,2025-8-402
1,2025-8-403
1,2025-8-404
1,2025-8-405
1,2025-8-406
1,2025-8-407
1,2025-8-408
1,2025-8-409
0,2025-8-410
2,2025-8-501
0,2025-8-502
0,2025-8-503
0,2025-8-504
2,2025-8-505
0,2025-8-506
0,2025-8-507
0,2025-8-508
0,2025-8-509
0,2025-8-510
2,2025-8-511
2,2025-8-601
2,2025-8-602
0,2025-8-603
2,2025-8-604
2,2025-8-605
2,2025-8-606
0,2025-8-607
2,2025-8-608
2,2025-8-609
2,2025-8-610
0,2025-8-611
0,2025-8-701
0,2025-8-702
0,2025-8-703
0,2025-8-704
0,2025-8-705
2,2025-8-706
1,2025-9-101
1,2025-9-102
1,2025-9-103
2,2025-9-104
2,2025-9-105
1,2025-9-106
2,2025-9-107
1,2025-9-108
1,2025-9-109
1,2025-9-110
1,2025-9-111
2,2025-9-112
1,2025-9-113
1,2025-9-114
1,2025-9-115
0,2025-9-116
0,2025-9-117
1,2025-9-118
2,2025-9-119
2,2025-9-120
1,2025-9-201
2,2025-9-202
1,2025-9-203
2,2025-9-204
1,2025-9-205
1,2025-9-206
1,2025-9-207
1,2025-9-208
2,2025-9-209
2,2025-9-210
2,2025-9-211
2,2025-9-212
2,2025-9-213
0,2025-9-214
0,2025-9-215
0,2025-9-216
1,2025-9-301
2,2025-9-302
1,2025-9-303
2,2025-9-304
2,2025-9-305
2,2025-9-306
1,2025-9-307
1,2025-9-308
1,2025-9-401
1,2025-9-402
1,2025-9-403
1,2025-9-404
1,2025-9-405
1,2025-9-406
1,2025-9-407
1,2025-9-408
1,2025-9-409
0,2025-9-410
2,2025-9-501
0,2025-9-502
0,2025-9-503
0,2025-9-504
2,2025-9-505
0,2025-9-506
0,2025-9-507
0,2025-9-508
0,2025-9-509
0,2025-9-510
2,2025-9-511
2,2025-9-601
2,2025-9-602
0,2025-9-603
2,2025-9-604
2,2025-9-605
2,2025-9-606
0,2025-9-607
2,2025-9-608
2,2025-9-609
2,2025-9-610
0,2025-9-611
0,2025-9-701
0,2025-9-702
0,2025-9-703
0,2025-9-704
0,2025-9-705
2,2025-9-706
1,2025-10-101
1,2025-10-102
1,2025-10-103
2,2025-10-104
2,2025-10-105
1,2025-10-106
2,2025-10-107
1,2025-10-108
1,2025-10-109
1,2025-10-110
1,2025-10-111
2,2025-10-112
1,2025-10-113
1,2025-10-114
1,2025-10-115
0,2025-10-116
0,2025-10-117
1,2025-10-118
2,2025-10-119
2,2025-10-120
1,2025-10-201
2,2025-10-202
1,2025-10-203
2,2025-10-204
1,2025-10-205
1,2025-10-206
1,2025-10-207
1,2025-10-208
2,2025-10-209
2,2025-10-210
2,2025-10-211
2,2025-10-212
2,2025-10-213
0,2025-10-214
0,2025-10-215
0,2025-10-216
1,2025-10-301
2,2025-10-302
1,2025-10-303
2,2025-10-304
2,2025-10-305
2,2025-10-306
1,2025-10-307
1,2025-10-308
1,2025-10-401
1,2025-10-402
1,2025-10-403
1,2025-10-404
1,2025-10-405
1,2025-10-406
1,2025-10-407
1,2025-10-408
1,2025-10-409
0,2025-10-410
2,2025-10-501
0,2025-10-502
0,2025-10-503
0,2025-10-504
2,2025-10-505
0,2025-10-506
0,2025-10-507
0,2025-10-508
0,2025-10-509
0,2025-10-510
2,2025-10-511
2,2025-10-601
2,2025-10-602
0,2025-10-603
2,2025-10-604
2,2025-10-605
2,2025-10-606
0,2025-10-607
2,2025-10-608
2,2025-10-609
2,2025-10-610
0,2025-10-611
0,2025-10-701
0,2025-10-702
0,2025-10-703
0,2025-10-704
0,2025-10-705
2,2025-10-706
1,2025-11-101
1,2025-11-102
1,2025-11-103
2,2025-11-104
2,2025-11-105
1,2025-11-106
2,2025-11-107
1,2025-11-108
1,2025-11-109
1,2025-11-110
1,2025-11-111
2,2025-11-112
1,2025-11-113
1,2025-11-114
1,2025-11-115
0,2025-11-116
0,2025-11-117
1,2025-11-118
2,2025-11-119
2,2025-11-120
1,2025-11-201
2,2025-11-202
1,2025-11-203
2,2025-11-204
1,2025-11-205
1,2025-11-206
1,2025-11-207
1,2025-11-208
2,2025-11-209
2,2025-11-210
2,2025-11-211
2,2025-11-212
2,2025-11-213
0,2025-11-214
0,2025-11-215
0,2025-11-216
1,2025-11-301
2,2025-11-302
1,2025-11-303
2,2025-11-304
2,2025-11-305
2,2025-11-306
1,2025-11-307
1,2025-11-308
1,2025-11-401
1,2025-11-402
1,2025-11-403
1,2025-11-404
1,2025-11-405
1,2025-11-406
1,2025-11-407
1,2025-11-408
1,2025-11-409
0,2025-11-410
2,2025-11-501
0,2025-11-502
0,2025-11-503
0,2025-11-504
2,2025-11-505
0,2025-11-506
0,2025-11-507
0,2025-11-508
0,2025-11-509
0,2025-11-510
2,2025-11-511
2,2025-11-601
2,2025-11-602
0,2025-11-603
2,2025-11-604
2,2025-11-605
2,2025-11-606
0,2025-11-607
2,2025-11-608
2,2025-11-609
2,2025-11-610
0,2025-11-611
0,2025-11-701
0,2025-11-702
0,2025-11-703
0,2025-11-704
0,2025-11-705
2,2025-11-706
1,2025-12-101
1,2025-12-102
1,2025-12-103
2,2025-12-104
2,2025-12-105
1,2025-12-106
2,2025-12-107
1,2025-12-108
1,2025-12-109
1,2025-12-110
1,2025-12-111
2,2025-12-112
1,2025-12-113
1,2025-12-114
1,2025-12-115
0,2025-12-116
0,2025-12-117
1,2025-12-118
2,2025-12-119
2,2025-12-120
1,2025-12-201
2,2025-12-202
1,2025-12-203
2,2025-12-204
1,2025-12-205
1,2025-12-206
1,2025-12-207
1,2025-12-208
2,2025-12-209
2,2025-12-210
2,2025-12-211
2,2025-12-212
2,2025-12-213
0,2025-12-214
0,2025-12-215
0,2025-12-216
1,2025-12-301
2,2025-12-302
1,2025-12-303
2,2025-12-304
2,2025-12-305
2,2025-12-306
1,2025-12-307
1,2025-12-308
1,2025-12-401
1,2025-12-402
1,2025-12-403
1,2025-12-404
1,2025-12-405
1,2025-12-406
1,2025-12-407
1,2025-12-408
1,2025-12-409
0,2025-12-410
2,2025-12-501
0,2025-12-502
0,2025-12-503
0,2025-12-504
2,2025-12-505
0,2025-12-506
0,2025-12-507
0,2025-12-508
0,2025-12-509
0,2025-12-510
2,2025-12-511
2,2025-12-601
2,2025-12-602
0,2025-12-603
2,2025-12-604
2,2025-12-605
2,2025-12-606
0,2025-12-607
2,2025-12-608
2,2025-12-609
2,2025-12-610
0,2025-12-611
0,2025-12-701
0,2025-12-702
0,2025-12-703
0,2025-12-704
0,2025-12-705
2,2025-12-706
1,2025-13-101
1,2025-13-102
1,2025-13-103
2,2025-13-104
2,2025-13-105
1,2025-13-106
2,2025-13-107
1,2025-13-108
1,2025-13-109
1,2025-13-110
1,2025-13-111
2,2025-13-112
1,2025-13-113
1,2025-13-114
1,2025-13-115
0,2025-13-116
0,2025-13-117
1,2025-13-118
2,2025-13-119
2,2025-13-120
1,2025-13-201
2,2025-13-202
1,2025-13-203
2,2025-13-204
1,2025-13-205
1,2025-13-206
1,2025-13-207
1,2025-13-208
2,2025-13-209
2,2025-13-210
2,2025-13-211
2,2025-13-212
2,2025-13-213
0,2025-13-214
0,2025-13-215
0,2025-13-216
1,2025-13-301
2,2025-13-302
1,2025-13-303
2,2025-13-304
2,2025-13-305
2,2025-13-306
1,2025-13-307
1,2025-13-308
1,2025-13-401
1,2025-13-402
1,2025-13-403
1,2025-13-404
1,2025-13-405
1,2025-13-406
1,2025-13-407
1,2025-13-408
1,2025-13-409
0,2025-13-410
2,2025-13-501
0,2025-13-502
0,2025-13-503
0,2025-13-504
2,2025-13-505
0,2025-13-506
0,2025-13-507
0,2025-13-508
0,2025-13-509
0,2025-13-510
2,2025-13-511
2,2025-13-601
2,2025-13-602
0,2025-13-603
2,2025-13-604
2,2025-13-605
2,2025-13-606
0,2025-13-607
2,2025-13-608
2,2025-13-609
2,2025-13-610
0,2025-13-611
0,2025-13-701
0,2025-13-702
0,2025-13-703
0,2025-13-704
0,2025-13-705
2,2025-13-706
1,2025-14-101
1,2025-14-102
1,2025-14-103
2,2025-14-104
2,2025-14-105
1,2025-14-106
2,2025-14-107
1,2025-14-108
1,2025-14-109
1,2025-14-110
1,2025-14-111
2,2025-14-112
1,2025-14-113
1,2025-14-114
1,2025-14-115
0,2025-14-116
0,2025-14-117
1,2025-14-118
2,2025-14-119
2,2025-14-120
1,2025-14-201
2,2025-14-202
1,2025-14-203
2,2025-14-204
1,2025-14-205
1,2025-14-206
1,2025-14-207
1,2025-14-208
2,2025-14-209
2,2025-14-210
2,2025-14-211
2,2025-14-212
2,2025-14-213
0,2025-14-214
0,2025-14-215
0,2025-14-216
1,2025-14-301
2,2025-14-302
1,2025-14-303
2,2025-14-304
2,2025-14-305
2,2025-14-306
1,2025-14-307
1,2025-14-308
1,2025-14-401
1,2025-14-402
1,2025-14-403
1,2025-14-404
1,2025-14-405
1,2025-14-406
1,2025-14-407
1,2025-14-408
1,2025-14-409
0,2025-14-410
2,2025-14-501
0,2025-14-502
0,2025-14-503
0,2025-14-504
2,2025-14-505
0,2025-14-506
0,2025-14-507
0,2025-14-508
0,2025-14-509
0,2025-14-510
2,2025-14-511
2,2025-14-601
2,2025-14-602
0,2025-14-603
2,2025-14-604
2,2025-14-605
2,2025-14-606
0,2025-14-607
2,2025-14-608
2,2025-14-609
2,2025-14-610
0,2025-14-611
0,2025-14-701
0,2025-14-702
0,2025-14-703
0,2025-14-704
0,2025-14-705
2,2025-14-706
1,2025-15-101
1,2025-15-102
1,2025-15-103
2,2025-15-104
2,2025-15-105
1,2025-15-106
2,2025-15-107
1,2025-15-108
1,2025-15-109
1,2025-15-110
1,2025-15-111
2,2025-15-112
1,2025-15-113
1,2025-15-114
1,2025-15-115
0,2025-15-116
0,2025-15-117
1,2025-15-118
2,2025-15-119
2,2025-15-120
1,2025-15-201
2,2025-15-202
1,2025-15-203
2,2025-15-204
1,2025-15-205
1,2025-15-206
1,2025-15-207
1,2025-15-208
2,2025-15-209
2,2025-15-210
2,2025-15-211
2,2025-15-212
2,2025-15-213
0,2025-15-214
0,2025-15-215
0,2025-15-216
1,2025-15-301
2,2025-15-302
1,2025-15-303
2,2025-15-304
2,2025-15-305
2,2025-15-306
1,2025-15-307
1,2025-15-308
1,2025-15-401
1,2025-15-402
1,2025-15-403
1,2025-15-404
1,2025-15-405
1,2025-15-406
1,2025-15-407
1,2025-15-408
1,2025-15-409
0,2025-15-410
2,2025-15-501
0,2025-15-502
0,2025-15-503
0,2025-15-504
2,2025-15-505
0,2025-15-506
0,2025-15-507
0,2025-15-508
0,2025-15-509
0,2025-15-510
2,2025-15-511
2,2025-15-601
2,2025-15-602
0,2025-15-603
2,2025-15-604
2,2025-15-605
2,2025-15-606
0,2025-15-607
2,2025-15-608
2,2025-15-609
2,2025-15-610
0,2025-15-611
0,2025-15-701
0,2025-15-702
0,2025-15-703
0,2025-15-704
0,2025-15-705
2,2025-15-706
1,2025-16-101
1,2025-16-102
1,2025-16-103
2,2025-16-104
2,2025-16-105
1,2025-16-106
2,2025-16-107
1,2025-16-108
1,2025-16-109
1,2025-16-110
1,2025-16-111
2,2025-16-112
1,2025-16-113
1,2025-16-114
1,2025-16-115
0,2025-16-116
0,2025-16-117
1,2025-16-118
2,2025-16-119
2,2025-16-120
1,2025-16-201
2,2025-16-202
1,2025-16-203
2,2025-16-204
1,2025-16-205
1,2025-16-206
1,2025-16-207
1,2025-16-208
2,2025-16-209
2,2025-16-210
2,2025-16-211
2,2025-16-212
2,2025-16-213
0,2025-16-214
0,2025-16-215
0,2025-16-216
1,2025-16-301
2,2025-16-302
1,2025-16-303
2,2025-16-304
2,2025-16-305
2,2025-16-306
1,2025-16-307
1,2025-16-308
1,2025-16-401
1,2025-16-402
1,2025-16-403
1,2025-16-404
1,2025-16-405
1,2025-16-406
1,2025-16-407
1,2025-16-408
1,2025-16-409
0,2025-16-410
2,2025-16-501
0,2025-16-502
0,2025-16-503
0,2025-16-504
2,2025-16-505
0,2025-16-506
0,2025-16-507
0,2025-16-508
0,2025-16-509
0,2025-16-510
2,2025-16-511
2,2025-16-601
2,2025-16-602
0,2025-16-603
2,2025-16-604
2,2025-16-605
2,2025-16-606
0,2025-16-607
2,2025-16-608
2,2025-16-609
2,2025-16-610
0,2025-16-611
0,2025-16-701
0,2025-16-702
0,2025-16-703
0,2025-16-704
0,2025-16-705
2,2025-16-706
1,2025-17-101
1,2025-17-102
1,2025-17-103
2,2025-17-104
2,2025-17-105
1,2025-17-106
2,2025-17-107
1,2025-17-108
1,2025-17-109
1,2025-17-110
1,2025-17-111
2,2025-17-112
1,2025-17-113
1,2025-17-114
1,2025-17-115
0,2025-17-116
0,2025-17-117
1,2025-17-118
2,2025-17-119
2,2025-17-120
1,2025-17-201
2,2025-17-202
1,2025-17-203
2,2025-17-204
1,2025-17-205
1,2025-17-206
1,2025-17-207
1,2025-17-208
2,2025-17-209
2,2025-17-210
2,2025-17-211
2,2025-17-212
2,2025-17-213
0,2025-17-214
0,2025-17-215
0,2025-17-216
1,2025-17-301
2,2025-17-302
1,2025-17-303
2,2025-17-304
2,2025-17-305
2,2025-17-306
1,2025-17-307
1,2025-17-308
1,2025-17-401
1,2025-17-402
1,2025-17-403
1,2025-17-404
1,2025-17-405
1,2025-17-406
1,2025-17-407
1,2025-17-408
1,2025-17-409
0,2025-17-410
2,2025-17-501
0,2025-17-502
0,2025-17-503
0,2025-17-504
2,2025-17-505
0,2025-17-506
0,2025-17-507
0,2025-17-508
0,2025-17-509
0,2025-17-510
2,2025-17-511
2,2025-17-601
2,2025-17-602
0,2025-17-603
2,2025-17-604
2,2025-17-605
2,2025-17-606
0,2025-17-607
2,2025-17-608
2,2025-17-609
2,2025-17-610
0,2025-17-611
0,2025-17-701
0,2025-17-702
0,2025-17-703
0,2025-17-704
0,2025-17-705
2,2025-17-706
1,2025-18-101
1,2025-18-102
1,2025-18-103
2,2025-18-104
2,2025-18-105
1,2025-18-106
2,2025-18-107
1,2025-18-108
1,2025-18-109
1,2025-18-110
1,2025-18-111
2,2025-18-112
1,2025-18-113
1,2025-18-114
1,2025-18-115
0,2025-18-116
0,2025-18-117
1,2025-18-118
2,2025-18-119
2,2025-18-120
1,2025-18-201
2,2025-18-202
1,2025-18-203
2,2025-18-204
1,2025-18-205
1,2025-18-206
1,2025-18-207
1,2025-18-208
2,2025-18-209
2,2025-18-210
2,2025-18-211
2,2025-18-212
2,2025-18-213
0,2025-18-214
0,2025-18-215
0,2025-18-216
1,2025-18-301
2,2025-18-302
1,2025-18-303
2,2025-18-304
2,2025-18-305
2,2025-18-306
1,2025-18-307
1,2025-18-308
1,2025-18-401
1,2025-18-402
1,2025-18-403
1,2025-18-404
1,2025-18-405
1,2025-18-406
1,2025-18-407
1,2025-18-408
1,2025-18-409
0,2025-18-410
2,2025-18-501
0,2025-18-502
0,2025-18-503
0,2025-18-504
2,2025-18-505
0,2025-18-506
0,2025-18-507
0,2025-18-508
0,2025-18-509
0,2025-18-510
2,2025-18-511
2,2025-18-601
2,2025-18-602
0,2025-18-603
2,2025-18-604
2,2025-18-605
2,2025-18-606
0,2025-18-607
2,2025-18-608
2,2025-18-609
2,2025-18-610
0,2025-18-611
0,2025-18-701
0,2025-18-702
0,2025-18-703
0,2025-18-704
0,2025-18-705
2,2025-18-706
1,2025-19-101
1,2025-19-102
1,2025-19-103
2,2025-19-104
2,2025-19-105
1,2025-19-106
2,2025-19-107
1,2025-19-108
1,2025-19-109
1,2025-19-110
1,2025-19-111
2,2025-19-112
1,2025-19-113
1,2025-19-114
1,2025-19-115
0,2025-19-116
0,2025-19-117
1,2025-19-118
2,2025-19-119
2,2025-19-120
1,2025-19-201
2,2025-19-202
1,2025-19-203
2,2025-19-204
1,2025-19-205
1,2025-19-206
1,2025-19-207
1,2025-19-208
2,2025-19-209
2,2025-19-210
2,2025-19-211
2,2025-19-212
2,2025-19-213
0,2025-19-214
0,2025-19-215
0,2025-19-216
1,2025-19-301
2,2025-19-302
1,2025-19-303
2,2025-19-304
2,2025-19-305
2,2025-19-306
1,2025-19-307
1,2025-19-308
1,2025-19-401
1,2025-19-402
1,2025-19-403
1,2025-19-404
1,2025-19-405
1,2025-19-406
1,2025-19-407
1,2025-19-408
1,2025-19-409
0,2025-19-410
2,2025-19-501
0,2025-19-502
0,2025-19-503
0,2025-19-504
2,2025-19-505
0,2025-19-506
0,2025-19-507
0,2025-19-508
0,2025-19-509
0,2025-19-510
2,2025-19-511
2,2025-19-601
2,2025-19-602
0,2025-19-603
2,2025-19-604
2,2025-19-605
2,2025-19-606
0,2025-19-607
2,2025-19-608
2,2025-19-609
2,2025-19-610
0,2025-19-611
0,2025-19-701
0,2025-19-702
0,2025-19-703
0,2025-19-704
0,2025-19-705
2,2025-19-706
1,2025-20-101
1,2025-20-102
1,2025-20-103
2,2025-20-104
2,2025-20-105
1,2025-20-106
2,2025-20-107
1,2025-20-108
1,2025-20-109
1,2025-20-110
1,2025-20-111
2,2025-20-112
1,2025-20-113
1,2025-20-114
1,2025-20-115
0,2025-20-116
0,2025-20-117
1,2025-20-118
2,2025-20-119
2,2025-20-120
1,2025-20-201
2,2025-20-202
1,2025-20-203
2,2025-20-204
1,2025-20-205
1,2025-20-206
1,2025-20-207
1,2025-20-208
2,2025-20-209
2,2025-20-210
2,2025-20-211
2,2025-20-212
2,2025-20-213
0,2025-20-214
0,2025-20-215
0,2025-20-216
1,2025-20-301
2,2025-20-302
1,2025-20-303
2,2025-20-304
2,2025-20-305
2,2025-20-306
1,2025-20-307
1,2025-20-308
1,2025-20-401
1,2025-20-402
1,2025-20-403
1,2025-20-404
1,2025-20-405
1,2025-20-406
1,2025-20-407
1,2025-20-408
1,2025-20-409
0,2025-20-410
2,2025-20-501
0,2025-20-502
0,2025-20-503
0,2025-20-504
2,2025-20-505
0,2025-20-506
0,2025-20-507
0,2025-20-508
0,2025-20-509
0,2025-20-510
2,2025-20-511
2,2025-20-601
2,2025-20-602
0,2025-20-603
2,2025-20-604
2,2025-20-605
2,2025-20-606
0,2025-20-607
2,2025-20-608
2,2025-20-609
2,2025-20-610
0,2025-20-611
0,2025-20-701
0,2025-20-702
0,2025-20-703
0,2025-20-704
0,2025-20-705
2,2025-20-706
1,2025-21-101
1,2025-21-102
1,2025-21-103
2,2025-21-104
2,2025-21-105
1,2025-21-106
2,2025-21-107
1,2025-21-108
1,2025-21-109
1,2025-21-110
1,2025-21-111
2,2025-21-112
1,2025-21-113
1,2025-21-114
1,2025-21-115
0,2025-21-116
0,2025-21-117
1,2025-21-118
2,2025-21-119
2,2025-21-120
1,2025-21-201
2,2025-21-202
1,2025-21-203
2,2025-21-204
1,2025-21-205
1,2025-21-206
1,2025-21-207
1,2025-21-208
2,2025-21-209
2,2025-21-210
2,2025-21-211
2,2025-21-212
2,2025-21-213
0,2025-21-214
0,2025-21-215
0,2025-21-216
1,2025-21-301
2,2025-21-302
1,2025-21-303
2,2025-21-304
2,2025-21-305
2,2025-21-306
1,2025-21-307
1,2025-21-308
1,2025-21-401
1,2025-21-402
1,2025-21-403
1,2025-21-404
1,2025-21-405
1,2025-21-406
1,2025-21-407
1,2025-21-408
1,2025-21-409
0,2025-21-410
2,2025-21-501
0,2025-21-502
0,2025-21-503
0,2025-21-504
2,2025-21-505
0,2025-21-506
0,2025-21-507
0,2025-21-508
0,2025-21-509
0,2025-21-510
2,2025-21-511
2,2025-21-601
2,2025-21-602
0,2025-21-603
2,2025-21-604
2,2025-21-605
2,2025-21-606
0,2025-21-607
2,2025-21-608
2,2025-21-609
2,2025-21-610
0,2025-21-611
0,2025-21-701
0,2025-21-702
0,2025-21-703
0,2025-21-704
0,2025-21-705
2,2025-21-706
1,2025-22-101
1,2025-22-102
1,2025-22-103
2,2025-22-104
2,2025-22-105
1,2025-22-106
2,2025-22-107
1,2025-22-108
1,2025-22-109
1,2025-22-110
1,2025-22-111
2,2025-22-112
1,2025-22-113
1,2025-22-114
1,2025-22-115
0,2025-22-116
0,2025-22-117
1,2025-22-118
2,2025-22-119
2,2025-22-120
1,2025-22-201
2,2025-22-202
1,2025-22-203
2,2025-22-204
1,2025-22-205
1,2025-22-206
1,2025-22-207
1,2025-22-208
2,2025-22-209
2,2025-22-210
2,2025-22-211
2,2025-22-212
2,2025-22-213
0,2025-22-214
0,2025-22-215
0,2025-22-216
1,2025-22-301
2,2025-22-302
1,2025-22-303
2,2025-22-304
2,2025-22-305
2,2025-22-306
1,2025-22-307
1,2025-22-308
1,2025-22-401
1,2025-22-402
1,2025-22-403
1,2025-22-404
1,2025-22-405
1,2025-22-406
1,2025-22-407
1,2025-22-408
1,2025-22-409
0,2025-22-410
2,2025-22-501
0,2025-22-502
0,2025-22-503
0,2025-22-504
2,2025-22-505
0,2025-22-506
0,2025-22-507
0,2025-22-508
0,2025-22-509
0,2025-22-510
2,2025-22-511
2,2025-22-601
2,2025-22-602
0,2025-22-603
2,2025-22-604
2,2025-22-605
2,2025-22-606
0,2025-22-607
2,2025-22-608
2,2025-22-609
2,2025-22-610
0,2025-22-611
0,2025-22-701
0,2025-22-702
0,2025-22-703
0,2025-22-704
0,2025-22-705
2,2025-22-706
1,2025-23-101
1,2025-23-102
1,2025-23-103
2,2025-23-104
2,2025-23-105
1,2025-23-106
2,2025-23-107
1,2025-23-108
1,2025-23-109
1,2025-23-110
1,2025-23-111
2,2025-23-112
1,2025-23-113
1,2025-23-114
1,2025-23-115
0,2025-23-116
0,2025-23-117
1,2025-23-118
2,2025-23-119
2,2025-23-120
1,2025-23-201
2,2025-23-202
1,2025-23-203
2,2025-23-204
1,2025-23-205
1,2025-23-206
1,2025-23-207
1,2025-23-208
2,2025-23-209
2,2025-23-210
2,2025-23-211
2,2025-23-212
2,2025-23-213
0,2025-23-214
0,2025-23-215
0,2025-23-216
1,2025-23-301
2,2025-23-302
1,2025-23-303
2,2025-23-304
2,2025-23-305
2,2025-23-306
1,2025-23-307
1,2025-23-308
1,2025-23-401
1,2025-23-402
1,2025-23-403
1,2025-23-404
1,2025-23-405
1,2025-23-406
1,2025-23-407
1,2025-23-408
1,2025-23-409
0,2025-23-410
2,2025-23-501
0,2025-23-502
0,2025-23-503
0,2025-23-504
2,2025-23-505
0,2025-23-506
0,2025-23-507
0,2025-23-508
0,2025-23-509
0,2025-23-510
2,2025-23-511
2,2025-23-601
2,2025-23-602
0,2025-23-603
2,2025-23-604
2,2025-23-605
2,2025-23-606
0,2025-23-607
2,2025-23-608
2,2025-23-609
2,2025-23-610
0,2025-23-611
0,2025-23-701
0,2025-23-702
0,2025-23-703
0,2025-23-704
0,2025-23-705
2,2025-23-706
1,2025-24-101
1,2025-24-102
1,2025-24-103
2,2025-24-104
2,2025-24-105
1,2025-24-106
2,2025-24-107
1,2025-24-108
1,2025-24-109
1,2025-24-110
1,2025-24-111
2,2025-24-112
1,2025-24-113
1,2025-24-114
1,2025-24-115
0,2025-24-116
0,2025-24-117
1,2025-24-118
2,2025-24-119
2,2025-24-120
1,2025-24-201
2,2025-24-202
1,2025-24-203
2,2025-24-204
1,2025-24-205
1,2025-24-206
1,2025-24-207
1,2025-24-208
2,2025-24-209
2,2025-24-210
2,2025-24-211
2,2025-24-212
2,2025-24-213
0,2025-24-214
0,2025-24-215
0,2025-24-216
1,2025-24-301
2,2025-24-302
1,2025-24-303
2,2025-24-304
2,2025-24-305
2,2025-24-306
1,2025-24-307
1,2025-24-308
1,2025-24-401
1,2025-24-402
1,2025-24-403
1,2025-24-404
1,2025-24-405
1,2025-24-406
1,2025-24-407
1,2025-24-408
1,2025-24-409
0,2025-24-410
2,2025-24-501
0,2025-24-502
0,2025-24-503
0,2025-24-504
2,2025-24-505
0,2025-24-506
0,2025-24-507
0,2025-24-508
0,2025-24-509
0,2025-24-510
2,2025-24-511
2,2025-24-601
2,2025-24-602
0,2025-24-603
2,2025-24-604
2,2025-24-605
2,2025-24-606
0,2025-24-607
2,2025-24-608
2,2025-24-609
2,2025-24-610
0,2025-24-611
0,2025-24-701
0,2025-24-702
0,2025-24-703
0,2025-24-704
0,2025-24-705
2,2025-24-706
1,2025-25-101
1,2025-25-102
1,2025-25-103
2,2025-25-104
2,2025-25-105
1,2025-25-106
2,2025-25-107
1,2025-25-108
1,2025-25-109
1,2025-25-110
1,2025-25-111
2,2025-25-112
1,2025-25-113
1,2025-25-114
1,2025-25-115
0,2025-25-116
0,2025-25-117
1,2025-25-118
2,2025-25-119
2,2025-25-120
1,2025-25-201
2,2025-25-202
1,2025-25-203
2,2025-25-204
1,2025-25-205
1,2025-25-206
1,2025-25-207
1,2025-25-208
2,2025-25-209
2,2025-25-210
2,2025-25-211
2,2025-25-212
2,2025-25-213
0,2025-25-214
0,2025-25-215
0,2025-25-216
1,2025-25-301
2,2025-25-302
1,2025-25-303
2,2025-25-304
2,2025-25-305
2,2025-25-306
1,2025-25-307
1,2025-25-308
1,2025-25-401
1,2025-25-402
1,2025-25-403
1,2025-25-404
1,2025-25-405
1,2025-25-406
1,2025-25-407
1,2025-25-408
1,2025-25-409
0,2025-25-410
2,2025-25-501
0,2025-25-502
0,2025-25-503
0,2025-25-504
2,2025-25-505
0,2025-25-506
0,2025-25-507
0,2025-25-508
0,2025-25-509
0,2025-25-510
2,2025-25-511
2,2025-25-601
2,2025-25-602
0,2025-25-603
2,2025-25-604
2,2025-25-605
2,2025-25-606
0,2025-25-607
2,2025-25-608
2,2025-25-609
2,2025-25-610
0,2025-25-611
0,2025-25-701
0,2025-25-702
0,2025-25-703
0,2025-25-704
0,2025-25-705
2,2025-25-706
1,2025-26-101
1,2025-26-102
1,2025-26-103
2,2025-26-104
2,2025-26-105
1,2025-26-106
2,2025-26-107
1,2025-26-108
1,2025-26-109
1,2025-26-110
1,2025-26-111
2,2025-26-112
1,2025-26-113
1,2025-26-114
1,2025-26-115
0,2025-26-116
0,2025-26-117
1,2025-26-118
2,2025-26-119
2,2025-26-120
1,2025-26-201
2,2025-26-202
1,2025-26-203
2,2025-26-204
1,2025-26-205
1,2025-26-206
1,2025-26-207
1,2025-26-208
2,2025-26-209
2,2025-26-210
2,2025-26-211
2,2025-26-212
2,2025-26-213
0,2025-26-214
0,2025-26-215
0,2025-26-216
1,2025-26-301
2,2025-26-302
1,2025-26-303
2,2025-26-304
2,2025-26-305
2,2025-26-306
1,2025-26-307
1,2025-26-308
1,2025-26-401
1,2025-26-402
1,2025-26-403
1,2025-26-404
1,2025-26-405
1,2025-26-406
1,2025-26-407
1,2025-26-408
1,2025-26-409
0,2025-26-410
2,2025-26-501
0,2025-26-502
0,2025-26-503
0,2025-26-504
2,2025-26-505
0,2025-26-506
0,2025-26-507
0,2025-26-508
0,2025-26-509
0,2025-26-510
2,2025-26-511
2,2025-26-601
2,2025-26-602
0,2025-26-603
2,2025-26-604
2,2025-26-605
2,2025-26-606
0,2025-26-607
2,2025-26-608
2,2025-26-609
2,2025-26-610
0,2025-26-611
0,2025-26-701
0,2025-26-702
0,2025-26-703
0,2025-26-704
0,2025-26-705
2,2025-26-706
1,2025-27-101
1,2025-27-102
1,2025-27-103
2,2025-27-104
2,2025-27-105
1,2025-27-106
2,2025-27-107
1,2025-27-108
1,2025-27-109
1,2025-27-110
1,2025-27-111
2,2025-27-112
1,2025-27-113
1,2025-27-114
1,2025-27-115
0,2025-27-116
0,2025-27-117
1,2025-27-118
2,2025-27-119
2,2025-27-120
1,2025-27-201
2,2025-27-202
1,2025-27-203
2,2025-27-204
1,2025-27-205
1,2025-27-206
1,2025-27-207
1,2025-27-208
2,2025-27-209
2,2025-27-210
2,2025-27-211
2,2025-27-212
2,2025-27-213
0,2025-27-214
0,2025-27-215
0,2025-27-216
1,2025-27-301
2,2025-27-302
1,2025-27-303
2,2025-27-304
2,2025-27-305
2,2025-27-306
1,2025-27-307
1,2025-27-308
1,2025-27-401
1,2025-27-402
1,2025-27-403
1,2025-27-404
1,2025-27-405
1,2025-27-406
1,2025-27-407
1,2025-27-408
1,2025-27-409
0,2025-27-410
2,2025-27-501
0,2025-27-502
0,2025-27-503
0,2025-27-504
2,2025-27-505
0,2025-27-506
0,2025-27-507
0,2025-27-508
0,2025-27-509
0,2025-27-510
2,2025-27-511
2,2025-27-601
2,2025-27-602
0,2025-27-603
2,2025-27-604
2,2025-27-605
2,2025-27-606
0,2025-27-607
2,2025-27-608
2,2025-27-609
2,2025-27-610
0,2025-27-611
0,2025-27-701
0,2025-27-702
0,2025-27-703
0,2025-27-704
0,2025-27-705
2,2025-27-706
1,2025-28-101
1,2025-28-102
1,2025-28-103
2,2025-28-104
2,2025-28-105
1,2025-28-106
2,2025-28-107
1,2025-28-108
1,2025-28-109
1,2025-28-110
1,2025-28-111
2,2025-28-112
1,2025-28-113
1,2025-28-114
1,2025-28-115
0,2025-28-116
0,2025-28-117
1,2025-28-118
2,2025-28-119
2,2025-28-120
1,2025-28-201
2,2025-28-202
1,2025-28-203
2,2025-28-204
1,2025-28-205
1,2025-28-206
1,2025-28-207
1,2025-28-208
2,2025-28-209
2,2025-28-210
2,2025-28-211
2,2025-28-212
2,2025-28-213
0,2025-28-214
0,2025-28-215
0,2025-28-216
1,2025-28-301
2,2025-28-302
1,2025-28-303
2,2025-28-304
2,2025-28-305
2,2025-28-306
1,2025-28-307
1,2025-28-308
1,2025-28-401
1,2025-28-402
1,2025-28-403
1,2025-28-404
1,2025-28-405
1,2025-28-406
1,2025-28-407
1,2025-28-408
1,2025-28-409
0,2025-28-410
2,2025-28-501
0,2025-28-502
0,2025-28-503
0,2025-28-504
2,2025-28-505
0,2025-28-506
0,2025-28-507
0,2025-28-508
0,2025-28-509
0,2025-28-510
2,2025-28-511
2,2025-28-601
2,2025-28-602
0,2025-28-603
2,2025-28-604
2,2025-28-605
2,2025-28-606
0,2025-28-607
2,2025-28-608
2,2025-28-609
2,2025-28-610
0,2025-28-611
0,2025-28-701
0,2025-28-702
0,2025-28-703
0,2025-28-704
0,2025-28-705
2,2025-28-706
1,2025-29-101
1,2025-29-102
1,2025-29-103
2,2025-29-104
2,2025-29-105
1,2025-29-106
2,2025-29-107
1,2025-29-108
1,2025-29-109
1,2025-29-110
1,2025-29-111
2,2025-29-112
1,2025-29-113
1,2025-29-114
1,2025-29-115
0,2025-29-116
0,2025-29-117
1,2025-29-118
2,2025-29-119
2,2025-29-120
1,2025-29-201
2,2025-29-202
1,2025-29-203
2,2025-29-204
1,2025-29-205
1,2025-29-206
1,2025-29-207
1,2025-29-208
2,2025-29-209
2,2025-29-210
2,2025-29-211
2,2025-29-212
2,2025-29-213
0,2025-29-214
0,2025-29-215
0,2025-29-216
1,2025-29-301
2,2025-29-302
1,2025-29-303
2,2025-29-304
2,2025-29-305
2,2025-29-306
1,2025-29-307
1,2025-29-308
1,2025-29-401
1,2025-29-402
1,2025-29-403
1,2025-29-404
1,2025-29-405
1,2025-29-406
1,2025-29-407
1,2025-29-408
1,2025-29-409
0,2025-29-410
2,2025-29-501
0,2025-29-502
0,2025-29-503
0,2025-29-504
2,2025-29-505
0,2025-29-506
0,2025-29-507
0,2025-29-508
0,2025-29-509
0,2025-29-510
2,2025-29-511
2,2025-29-601
2,2025-29-602
0,2025-29-603
2,2025-29-604
2,2025-29-605
2,2025-29-606
0,2025-29-607
2,2025-29-608
2,2025-29-609
2,2025-29-610
0,2025-29-611
0,2025-29-701
0,2025-29-702
0,2025-29-703
0,2025-29-704
0,2025-29-705
2,2025-29-706
1,2025-30-101
1,2025-30-102
1,2025-30-103
2,2025-30-104
2,2025-30-105
1,2025-30-106
2,2025-30-107
1,2025-30-108
1,2025-30-109
1,2025-30-110
1,2025-30-111
2,2025-30-112
1,2025-30-113
1,2025-30-114
1,2025-30-115
0,2025-30-116
0,2025-30-117
1,2025-30-118
2,2025-30-119
2,2025-30-120
1,2025-30-201
2,2025-30-202
1,2025-30-203
2,2025-30-204
1,2025-30-205
1,2025-30-206
1,2025-30-207
1,2025-30-208
2,2025-30-209
2,2025-30-210
2,2025-30-211
2,2025-30-212
2,2025-30-213
0,2025-30-214
0,2025-30-215
0,2025-30-216
1,2025-30-301
2,2025-30-302
1,2025-30-303
2,2025-30-304
2,2025-30-305
2,2025-30-306
1,2025-30-307
1,2025-30-308
1,2025-30-401
1,2025-30-402
1,2025-30-403
1,2025-30-404
1,2025-30-405
1,2025-30-406
1,2025-30-407
1,2025-30-408
1,2025-30-409
0,2025-30-410
2,2025-30-501
0,2025-30-502
0,2025-30-503
0,2025-30-504
2,2025-30-505
0,2025-30-506
0,2025-30-507
0,2025-30-508
0,2025-30-509
0,2025-30-510
2,2025-30-511
2,2025-30-601
2,2025-30-602
0,2025-30-603
2,2025-30-604
2,2025-30-605
2,2025-30-606
0,2025-30-607
2,2025-30-608
2,2025-30-609
2,2025-30-610
0,2025-30-611
0,2025-30-701
0,2025-30-702
0,2025-30-703
0,2025-30-704
0,2025-30-705
2,2025-30-706
1,2025-31-101
1,2025-31-102
1,2025-31-103
2,2025-31-104
2,2025-31-105
1,2025-31-106
2,2025-31-107
1,2025-31-108
1,2025-31-109
1,2025-31-110
1,2025-31-111
2,2025-31-112
1,2025-31-113
1,2025-31-114
1,2025-31-115
0,2025-31-116
0,2025-31-117
1,2025-31-118
2,2025-31-119
2,2025-31-120
1,2025-31-201
2,2025-31-202
1,2025-31-203
2,2025-31-204
1,2025-31-205
1,2025-31-206
1,2025-31-207
1,2025-31-208
2,2025-31-209
2,2025-31-210
2,2025-31-211
2,2025-31-212
2,2025-31-213
0,2025-31-214
0,2025-31-215
0,2025-31-216
1,2025-31-301
2,2025-31-302
1,2025-31-303
2,2025-31-304
2,2025-31-305
2,2025-31-306
1,2025-31-307
1,2025-31-308
1,2025-31-401
1,2025-31-402
1,2025-31-403
1,2025-31-404
1,2025-31-405
1,2025-31-406
1,2025-31-407
1,2025-31-408
1,2025-31-409
0,2025-31-410
2,2025-31-501
0,2025-31-502
0,2025-31-503
0,2025-31-504
2,2025-31-505
0,2025-31-506
0,2025-31-507
0,2025-31-508
0,2025-31-509
0,2025-31-510
2,2025-31-511
2,2025-31-601
2,2025-31-602
0,2025-31-603
2,2025-31-604
2,2025-31-605
2,2025-31-606
0,2025-31-607
2,2025-31-608
2,2025-31-609
2,2025-31-610
0,2025-31-611
0,2025-31-701
0,2025-31-702
0,2025-31-703
0,2025-31-704
0,2025-31-705
2,2025-31-706
1,2025-32-101
1,2025-32-102
1,2025-32-103
2,2025-32-104
2,2025-32-105
1,2025-32-106
2,2025-32-107
1,2025-32-108
1,2025-32-109
1,2025-32-110
1,2025-32-111
2,2025-32-112
1,2025-32-113
1,2025-32-114
1,2025-32-115
0,2025-32-116
0,2025-32-117
1,2025-32-118
2,2025-32-119
2,2025-32-120
1,2025-32-201
2,2025-32-202
1,2025-32-203
2,2025-32-204
1,2025-32-205
1,2025-32-206
1,2025-32-207
1,2025-32-208
2,2025-32-209
2,2025-32-210
2,2025-32-211
2,2025-32-212
2,2025-32-213
0,2025-32-214
0,2025-32-215
0,2025-32-216
1,2025-32-301
2,2025-32-302
1,2025-32-303
2,2025-32-304
2,2025-32-305
2,2025-32-306
1,2025-32-307
1,2025-32-308
1,2025-32-401
1,2025-32-402
1,2025-32-403
1,2025-32-404
1,2025-32-405
1,2025-32-406
1,2025-32-407
1,2025-32-408
1,2025-32-409
0,2025-32-410
2,2025-32-501
0,2025-32-502
0,2025-32-503
0,2025-32-504
2,2025-32-505
0,2025-32-506
0,2025-32-507
0,2025-32-508
0,2025-32-509
0,2025-32-510
2,2025-32-511
2,2025-32-601
2,2025-32-602
0,2025-32-603
2,2025-32-604
2,2025-32-605
2,2025-32-606
0,2025-32-607
2,2025-32-608
2,2025-32-609
2,2025-32-610
0,2025-32-611
0,2025-32-701
0,2025-32-702
0,2025-32-703
0,2025-32-704
0,2025-32-705
2,2025-32-706
1,2025-33-101
1,2025-33-102
1,2025-33-103
2,2025-33-104
2,2025-33-105
1,2025-33-106
2,2025-33-107
1,2025-33-108
1,2025-33-109
1,2025-33-110
1,2025-33-111
2,2025-33-112
1,2025-33-113
1,2025-33-114
1,2025-33-115
0,2025-33-116
0,2025-33-117
1,2025-33-118
2,2025-33-119
2,2025-33-120
1,2025-33-201
2,2025-33-202
1,2025-33-203
2,2025-33-204
1,2025-33-205
1,2025-33-206
1,2025-33-207
1,2025-33-208
2,2025-33-209
2,2025-33-210
2,2025-33-211
2,2025-33-212
2,2025-33-213
0,2025-33-214
0,2025-33-215
0,2025-33-216
1,2025-33-301
2,2025-33-302
1,2025-33-303
2,2025-33-304
2,2025-33-305
2,2025-33-306
1,2025-33-307
1,2025-33-308
1,2025-33-401
1,2025-33-402
1,2025-33-403
1,2025-33-404
1,2025-33-405
1,2025-33-406
1,2025-33-407
1,2025-33-408
1,2025-33-409
0,2025-33-410
2,2025-33-501
0,2025-33-502
0,2025-33-503
0,2025-33-504
2,2025-33-505
0,2025-33-506
0,2025-33-507
0,2025-33-508
0,2025-33-509
0,2025-33-510
2,2025-33-511
2,2025-33-601
2,2025-33-602
0,2025-33-603
2,2025-33-604
2,2025-33-605
2,2025-33-606
0,2025-33-607
2,2025-33-608
2,2025-33-609
2,2025-33-610
0,2025-33-611
0,2025-33-701
0,2025-33-702
0,2025-33-703
0,2025-33-704
0,2025-33-705
2,2025-33-706
1,2025-34-101
1,2025-34-102
1,2025-34-103
2,2025-34-104
2,2025-34-105
1,2025-34-106
2,2025-34-107
1,2025-34-108
1,2025-34-109
1,2025-34-110
1,2025-34-111
2,2025-34-112
1,2025-34-113
1,2025-34-114
1,2025-34-115
0,2025-34-116
0,2025-34-117
1,2025-34-118
2,2025-34-119
2,2025-34-120
1,2025-34-201
2,2025-34-202
1,2025-34-203
2,2025-34-204
1,2025-34-205
1,2025-34-206
1,2025-34-207
1,2025-34-208
2,2025-34-209
2,2025-34-210
2,2025-34-211
2,2025-34-212
2,2025-34-213
0,2025-34-214
0,2025-34-215
0,2025-34-216
1,2025-34-301
2,2025-34-302
1,2025-34-303
2,2025-34-304
2,2025-34-305
2,2025-34-306
1,2025-34-307
1,2025-34-308
1,2025-34-401
1,2025-34-402
1,2025-34-403
1,2025-34-404
1,2025-34-405
1,2025-34-406
1,2025-34-407
1,2025-34-408
1,2025-34-409
0,2025-34-410
2,2025-34-501
0,2025-34-502
0,2025-34-503
0,2025-34-504
2,2025-34-505
0,2025-34-506
0,2025-34-507
0,2025-34-508
0,2025-34-509
0,2025-34-510
2,2025-34-511
2,2025-34-601
2,2025-34-602
0,2025-34-603
2,2025-34-604
2,2025-34-605
2,2025-34-606
0,2025-34-607
2,2025-34-608
2,2025-34-609
2,2025-34-610
0,2025-34-611
0,2025-34-701
0,2025-34-702
0,2025-34-703
0,2025-34-704
0,2025-34-705
2,2025-34-706
1,2025-35-101
1,2025-35-102
1,2025-35-103
2,2025-35-104
2,2025-35-105
1,2025-35-106
2,2025-35-107
1,2025-35-108
1,2025-35-109
1,2025-35-110
1,2025-35-111
2,2025-35-112
1,2025-35-113
1,2025-35-114
1,2025-35-115
0,2025-35-116
0,2025-35-117
1,2025-35-118
2,2025-35-119
2,2025-35-120
1,2025-35-201
2,2025-35-202
1,2025-35-203
2,2025-35-204
1,2025-35-205
1,2025-35-206
1,2025-35-207
1,2025-35-208
2,2025-35-209
2,2025-35-210
2,2025-35-211
2,2025-35-212
2,2025-35-213
0,2025-35-214
0,2025-35-215
0,2025-35-216
1,2025-35-301
2,2025-35-302
1,2025-35-303
2,2025-35-304
2,2025-35-305
2,2025-35-306
1,2025-35-307
1,2025-35-308
1,2025-35-401
1,2025-35-402
1,2025-35-403
1,2025-35-404
1,2025-35-405
1,2025-35-406
1,2025-35-407
1,2025-35-408
1,2025-35-409
0,2025-35-410
2,2025-35-501
0,2025-35-502
0,2025-35-503
0,2025-35-504
2,2025-35-505
0,2025-35-506
0,2025-35-507
0,2025-35-508
0,2025-35-509
0,2025-35-510
2,2025-35-511
2,2025-35-601
2,2025-35-602
0,2025-35-603
2,2025-35-604
2,2025-35-605
2,2025-35-606
0,2025-35-607
2,2025-35-608
2,2025-35-609
2,2025-35-610
0,2025-35-611
0,2025-35-701
0,2025-35-702
0,2025-35-703
0,2025-35-704
0,2025-35-705
2,2025-35-706
1,2025-36-101
1,2025-36-102
1,2025-36-103
2,2025-36-104
2,2025-36-105
1,2025-36-106
2,2025-36-107
1,2025-36-108
1,2025-36-109
1,2025-36-110
1,2025-36-111
2,2025-36-112
1,2025-36-113
1,2025-36-114
1,2025-36-115
0,2025-36-116
0,2025-36-117
1,2025-36-118
2,2025-36-119
2,2025-36-120
1,2025-36-201
2,2025-36-202
1,2025-36-203
2,2025-36-204
1,2025-36-205
1,2025-36-206
1,2025-36-207
1,2025-36-208
2,2025-36-209
2,2025-36-210
2,2025-36-211
2,2025-36-212
2,2025-36-213
0,2025-36-214
0,2025-36-215
0,2025-36-216
1,2025-36-301
2,2025-36-302
1,2025-36-303
2,2025-36-304
2,2025-36-305
2,2025-36-306
1,2025-36-307
1,2025-36-308
1,2025-36-401
1,2025-36-402
1,2025-36-403
1,2025-36-404
1,2025-36-405
1,2025-36-406
1,2025-36-407
1,2025-36-408
1,2025-36-409
0,2025-36-410
2,2025-36-501
0,2025-36-502
0,2025-36-503
0,2025-36-504
2,2025-36-505
0,2025-36-506
0,2025-36-507
0,2025-36-508
0,2025-36-509
0,2025-36-510
2,2025-36-511
2,2025-36-601
2,2025-36-602
0,2025-36-603
2,2025-36-604
2,2025-36-605
2,2025-36-606
0,2025-36-607
2,2025-36-608
2,2025-36-609
2,2025-36-610
0,2025-36-611
0,2025-36-701
0,2025-36-702
0,2025-36-703
0,2025-36-704
0,2025-36-705
2,2025-36-706
1,2025-37-101
1,2025-37-102
1,2025-37-103
2,2025-37-104
2,2025-37-105
1,2025-37-106
2,2025-37-107
1,2025-37-108
1,2025-37-109
1,2025-37-110
1,2025-37-111
2,2025-37-112
1,2025-37-113
1,2025-37-114
1,2025-37-115
0,2025-37-116
0,2025-37-117
1,2025-37-118
2,2025-37-119
2,2025-37-120
1,2025-37-201
2,2025-37-202
1,2025-37-203
2,2025-37-204
1,2025-37-205
1,2025-37-206
1,2025-37-207
1,2025-37-208
2,2025-37-209
2,2025-37-210
2,2025-37-211
2,2025-37-212
2,2025-37-213
0,2025-37-214
0,2025-37-215
0,2025-37-216
1,2025-37-301
2,2025-37-302
1,2025-37-303
2,2025-37-304
2,2025-37-305
2,2025-37-306
1,2025-37-307
1,2025-37-308
1,2025-37-401
1,2025-37-402
1,2025-37-403
1,2025-37-404
1,2025-37-405
1,2025-37-406
1,2025-37-407
1,2025-37-408
1,2025-37-409
0,2025-37-410
2,2025-37-501
0,2025-37-502
0,2025-37-503
0,2025-37-504
2,2025-37-505
0,2025-37-506
0,2025-37-507
0,2025-37-508
0,2025-37-509
0,2025-37-510
2,2025-37-511
2,2025-37-601
2,2025-37-602
0,2025-37-603
2,2025-37-604
2,2025-37-605
2,2025-37-606
0,2025-37-607
2,2025-37-608
2,2025-37-609
2,2025-37-610
0,2025-37-611
0,2025-37-701
0,2025-37-702
0,2025-37-703
0,2025-37-704
0,2025-37-705
2,2025-37-706
1,2025-38-101
1,2025-38-102
1,2025-38-103
2,2025-38-104
2,2025-38-105
1,2025-38-106
2,2025-38-107
1,2025-38-108
1,2025-38-109
1,2025-38-110
1,2025-38-111
2,2025-38-112
1,2025-38-113
1,2025-38-114
1,2025-38-115
0,2025-38-116
0,2025-38-117
1,2025-38-118
2,2025-38-119
2,2025-38-120
1,2025-38-201
2,2025-38-202
1,2025-38-203
2,2025-38-204
1,2025-38-205
1,2025-38-206
1,2025-38-207
1,2025-38-208
2,2025-38-209
2,2025-38-210
2,2025-38-211
2,2025-38-212
2,2025-38-213
0,2025-38-214
0,2025-38-215
0,2025-38-216
1,2025-38-301
2,2025-38-302
1,2025-38-303
2,2025-38-304
2,2025-38-305
2,2025-38-306
1,2025-38-307
1,2025-38-308
1,2025-38-401
1,2025-38-402
1,2025-38-403
1,2025-38-404
1,2025-38-405
1,2025-38-406
1,2025-38-407
1,2025-38-408
1,2025-38-409
0,2025-38-410
2,2025-38-501
0,2025-38-502
0,2025-38-503
0,2025-38-504
2,2025-38-505
0,2025-38-506
0,2025-38-507
0,2025-38-508
0,2025-38-509
0,2025-38-510
2,2025-38-511
2,2025-38-601
2,2025-38-602
0,2025-38-603
2,2025-38-604
2,2025-38-605
2,2025-38-606
0,2025-38-607
2,2025-38-608
2,2025-38-609
2,2025-38-610
0,2025-38-611
0,2025-38-701
0,2025-38-702
0,2025-38-703
0,2025-38-704
0,2025-38-705
2,2025-38-706
1,2025-39-101
1,2025-39-102
1,2025-39-103
2,2025-39-104
2,2025-39-105
1,2025-39-106
2,2025-39-107
1,2025-39-108
1,2025-39-109
1,2025-39-110
1,2025-39-111
2,2025-39-112
1,2025-39-113
1,2025-39-114
1,2025-39-115
0,2025-39-116
0,2025-39-117
1,2025-39-118
2,2025-39-119
2,2025-39-120
1,2025-39-201
2,2025-39-202
1,2025-39-203
2,2025-39-204
1,2025-39-205
1,2025-39-206
1,2025-39-207
1,2025-39-208
2,2025-39-209
2,2025-39-210
2,2025-39-211
2,2025-39-212
2,2025-39-213
0,2025-39-214
0,2025-39-215
0,2025-39-216
1,2025-39-301
2,2025-39-302
1,2025-39-303
2,2025-39-304
2,2025-39-305
2,2025-39-306
1,2025-39-307
1,2025-39-308
1,2025-39-401
1,2025-39-402
1,2025-39-403
1,2025-39-404
1,2025-39-405
1,2025-39-406
1,2025-39-407
1,2025-39-408
1,2025-39-409
0,2025-39-410
2,2025-39-501
0,2025-39-502
0,2025-39-503
0,2025-39-504
2,2025-39-505
0,2025-39-506
0,2025-39-507
0,2025-39-508
0,2025-39-509
0,2025-39-510
2,2025-39-511
2,2025-39-601
2,2025-39-602
0,2025-39-603
2,2025-39-604
2,2025-39-605
2,2025-39-606
0,2025-39-607
2,2025-39-608
2,2025-39-609
2,2025-39-610
0,2025-39-611
0,2025-39-701
0,2025-39-702
0,2025-39-703
0,2025-39-704
0,2025-39-705
2,2025-39-706
1,2025-40-101
1,2025-40-102
1,2025-40-103
2,2025-40-104
2,2025-40-105
1,2025-40-106
2,2025-40-107
1,2025-40-108
1,2025-40-109
1,2025-40-110
1,2025-40-111
2,2025-40-112
1,2025-40-113
1,2025-40-114
1,2025-40-115
0,2025-40-116
0,2025-40-117
1,2025-40-118
2,2025-40-119
2,2025-40-120
1,2025-40-201
2,2025-40-202
1,2025-40-203
2,2025-40-204
1,2025-40-205
1,2025-40-206
1,2025-40-207
1,2025-40-208
2,2025-40-209
2,2025-40-210
2,2025-40-211
2,2025-40-212
2,2025-40-213
0,2025-40-214
0,2025-40-215
0,2025-40-216
1,2025-40-301
2,2025-40-302
1,2025-40-303
2,2025-40-304
2,2025-40-305
2,2025-40-306
1,2025-40-307
1,2025-40-308
1,2025-40-401
1,2025-40-402
1,2025-40-403
1,2025-40-404
1,2025-40-405
1,2025-40-406
1,2025-40-407
1,2025-40-408
1,2025-40-409
0,2025-40-410
2,2025-40-501
0,2025-40-502
0,2025-40-503
0,2025-40-504
2,2025-40-505
0,2025-40-506
0,2025-40-507
0,2025-40-508
0,2025-40-509
0,2025-40-510
2,2025-40-511
2,2025-40-601
2,2025-40-602
0,2025-40-603
2,2025-40-604
2,2025-40-605
2,2025-40-606
0,2025-40-607
2,2025-40-608
2,2025-40-609
2,2025-40-610
0,2025-40-611
0,2025-40-701
0,2025-40-702
0,2025-40-703
0,2025-40-704
0,2025-40-705
2,2025-40-706
1,2025-41-101
1,2025-41-102
1,2025-41-103
2,2025-41-104
2,2025-41-105
1,2025-41-106
2,2025-41-107
1,2025-41-108
1,2025-41-109
1,2025-41-110
1,2025-41-111
2,2025-41-112
1,2025-41-113
1,2025-41-114
1,2025-41-115
0,2025-41-116
0,2025-41-117
1,2025-41-118
2,2025-41-119
2,2025-41-120
1,2025-41-201
2,2025-41-202
1,2025-41-203
2,2025-41-204
1,2025-41-205
1,2025-41-206
1,2025-41-207
1,2025-41-208
2,2025-41-209
2,2025-41-210
2,2025-41-211
2,2025-41-212
2,2025-41-213
0,2025-41-214
0,2025-41-215
0,2025-41-216
1,2025-41-301
2,2025-41-302
1,2025-41-303
2,2025-41-304
2,2025-41-305
2,2025-41-306
1,2025-41-307
1,2025-41-308
1,2025-41-401
1,2025-41-402
1,2025-41-403
1,2025-41-404
1,2025-41-405
1,2025-41-406
1,2025-41-407
1,2025-41-408
1,2025-41-409
0,2025-41-410
2,2025-41-501
0,2025-41-502
0,2025-41-503
0,2025-41-504
2,2025-41-505
0,2025-41-506
0,2025-41-507
0,2025-41-508
0,2025-41-509
0,2025-41-510
2,2025-41-511
2,2025-41-601
2,2025-41-602
0,2025-41-603
2,2025-41-604
2,2025-41-605
2,2025-41-606
0,2025-41-607
2,2025-41-608
2,2025-41-609
2,2025-41-610
0,2025-41-611
0,2025-41-701
0,2025-41-702
0,2025-41-703
0,2025-41-704
0,2025-41-705
2,2025-41-706
1,2025-42-101
1,2025-42-102
1,2025-42-103
2,2025-42-104
2,2025-42-105
1,2025-42-106
2,2025-42-107
1,2025-42-108
1,2025-42-109
1,2025-42-110
1,2025-42-111
2,2025-42-112
1,2025-42-113
1,2025-42-114
1,2025-42-115
0,2025-42-116
0,2025-42-117
1,2025-42-118
2,2025-42-119
2,2025-42-120
1,2025-42-201
2,2025-42-202
1,2025-42-203
2,2025-42-204
1,2025-42-205
1,2025-42-206
1,2025-42-207
1,2025-42-208
2,2025-42-209
2,2025-42-210
2,2025-42-211
2,2025-42-212
2,2025-42-213
0,2025-42-214
0,2025-42-215
0,2025-42-216
1,2025-42-301
2,2025-42-302
1,2025-42-303
2,2025-42-304
2,2025-42-305
2,2025-42-306
1,2025-42-307
1,2025-42-308
1,2025-42-401
1,2025-42-402
1,2025-42-403
1,2025-42-404
1,2025-42-405
1,2025-42-406
1,2025-42-407
1,2025-42-408
1,2025-42-409
0,2025-42-410
2,2025-42-501
0,2025-42-502
0,2025-42-503
0,2025-42-504
2,2025-42-505
0,2025-42-506
0,2025-42-507
0,2025-42-508
0,2025-42-509
0,2025-42-510
2,2025-42-511
2,2025-42-601
2,2025-42-602
0,2025-42-603
2,2025-42-604
2,2025-42-605
2,2025-42-606
0,2025-42-607
2,2025-42-608
2,2025-42-609
2,2025-42-610
0,2025-42-611
0,2025-42-701
0,2025-42-702
0,2025-42-703
0,2025-42-704
0,2025-42-705
2,2025-42-706
1,2025-43-101
1,2025-43-102
1,2025-43-103
2,2025-43-104
2,2025-43-105
1,2025-43-106
2,2025-43-107
1,2025-43-108
1,2025-43-109
1,2025-43-110
1,2025-43-111
2,2025-43-112
1,2025-43-113
1,2025-43-114
1,2025-43-115
0,2025-43-116
0,2025-43-117
1,2025-43-118
2,2025-43-119
2,2025-43-120
1,2025-43-201
2,2025-43-202
1,2025-43-203
2,2025-43-204
1,2025-43-205
1,2025-43-206
1,2025-43-207
1,2025-43-208
2,2025-43-209
2,2025-43-210
2,2025-43-211
2,2025-43-212
2,2025-43-213
0,2025-43-214
0,2025-43-215
0,2025-43-216
1,2025-43-301
2,2025-43-302
1,2025-43-303
2,2025-43-304
2,2025-43-305
2,2025-43-306
1,2025-43-307
1,2025-43-308
1,2025-43-401
1,2025-43-402
1,2025-43-403
1,2025-43-404
1,2025-43-405
1,2025-43-406
1,2025-43-407
1,2025-43-408
1,2025-43-409
0,2025-43-410
2,2025-43-501
0,2025-43-502
0,2025-43-503
0,2025-43-504
2,2025-43-505
0,2025-43-506
0,2025-43-507
0,2025-43-508
0,2025-43-509
0,2025-43-510
2,2025-43-511
2,2025-43-601
2,2025-43-602
0,2025-43-603
2,2025-43-604
2,2025-43-605
2,2025-43-606
0,2025-43-607
2,2025-43-608
2,2025-43-609
2,2025-43-610
0,2025-43-611
0,2025-43-701
0,2025-43-702
0,2025-43-703
0,2025-43-704
0,2025-43-705
2,2025-43-706
1,2025-44-101
1,2025-44-102
1,2025-44-103
2,2025-44-104
2,2025-44-105
1,2025-44-106
2,2025-44-107
1,2025-44-108
1,2025-44-109
1,2025-44-110
1,2025-44-111
2,2025-44-112
1,2025-44-113
1,2025-44-114
1,2025-44-115
0,2025-44-116
0,2025-44-117
1,2025-44-118
2,2025-44-119
2,2025-44-120
1,2025-44-201
2,2025-44-202
1,2025-44-203
2,2025-44-204
1,2025-44-205
1,2025-44-206
1,2025-44-207
1,2025-44-208
2,2025-44-209
2,2025-44-210
2,2025-44-211
2,2025-44-212
2,2025-44-213
0,2025-44-214
0,2025-44-215
0,2025-44-216
1,2025-44-301
2,2025-44-302
1,2025-44-303
2,2025-44-304
2,2025-44-305
2,2025-44-306
1,2025-44-307
1,2025-44-308
1,2025-44-401
1,2025-44-402
1,2025-44-403
1,2025-44-404
1,2025-44-405
1,2025-44-406
1,2025-44-407
1,2025-44-408
1,2025-44-409
0,2025-44-410
2,2025-44-501
0,2025-44-502
0,2025-44-503
0,2025-44-504
2,2025-44-505
0,2025-44-506
0,2025-44-507
0,2025-44-508
0,2025-44-509
0,2025-44-510
2,2025-44-511
2,2025-44-601
2,2025-44-602
0,2025-44-603
2,2025-44-604
2,2025-44-605
2,2025-44-606
0,2025-44-607
2,2025-44-608
2,2025-44-609
2,2025-44-610
0,2025-44-611
0,2025-44-701
0,2025-44-702
0,2025-44-703
0,2025-44-704
0,2025-44-705
2,2025-44-706
1,2025-45-101
1,2025-45-102
1,2025-45-103
2,2025-45-104
2,2025-45-105
1,2025-45-106
2,2025-45-107
1,2025-45-108
1,2025-45-109
1,2025-45-110
1,2025-45-111
2,2025-45-112
1,2025-45-113
1,2025-45-114
1,2025-45-115
0,2025-45-116
0,2025-45-117
1,2025-45-118
2,2025-45-119
2,2025-45-120
1,2025-45-201
2,2025-45-202
1,2025-45-203
2,2025-45-204
1,2025-45-205
1,2025-45-206
1,2025-45-207
1,2025-45-208
2,2025-45-209
2,2025-45-210
2,2025-45-211
2,2025-45-212
2,2025-45-213
0,2025-45-214
0,2025-45-215
0,2025-45-216
1,2025-45-301
2,2025-45-302
1,2025-45-303
2,2025-45-304
2,2025-45-305
2,2025-45-306
1,2025-45-307
1,2025-45-308
1,2025-45-401
1,2025-45-402
1,2025-45-403
1,2025-45-404
1,2025-45-405
1,2025-45-406
1,2025-45-407
1,2025-45-408
1,2025-45-409
0,2025-45-410
2,2025-45-501
0,2025-45-502
0,2025-45-503
0,2025-45-504
2,2025-45-505
0,2025-45-506
0,2025-45-507
0,2025-45-508
0,2025-45-509
0,2025-45-510
2,2025-45-511
2,2025-45-601
2,2025-45-602
0,2025-45-603
2,2025-45-604
2,2025-45-605
2,2025-45-606
0,2025-45-607
2,2025-45-608
2,2025-45-609
2,2025-45-610
0,2025-45-611
0,2025-45-701
0,2025-45-702
0,2025-45-703
0,2025-45-704
0,2025-45-705
2,2025-45-706
1,2025-46-101
1,2025-46-102
1,2025-46-103
2,2025-46-104
2,2025-46-105
1,2025-46-106
2,2025-46-107
1,2025-46-108
1,2025-46-109
1,2025-46-110
1,2025-46-111
2,2025-46-112
1,2025-46-113
1,2025-46-114
1,2025-46-115
0,2025-46-116
0,2025-46-117
1,2025-46-118
2,2025-46-119
2,2025-46-120
1,2025-46-201
2,2025-46-202
1,2025-46-203
2,2025-46-204
1,2025-46-205
1,2025-46-206
1,2025-46-207
1,2025-46-208
2,2025-46-209
2,2025-46-210
2,2025-46-211
2,2025-46-212
2,2025-46-213
0,2025-46-214
0,2025-46-215
0,2025-46-216
1,2025-46-301
2,2025-46-302
1,2025-46-303
2,2025-46-304
2,2025-46-305
2,2025-46-306
1,2025-46-307
1,2025-46-308
1,2025-46-401
1,2025-46-402
1,2025-46-403
1,2025-46-404
1,2025-46-405
1,2025-46-406
1,2025-46-407
1,2025-46-408
1,2025-46-409
0,2025-46-410
2,2025-46-501
0,2025-46-502
0,2025-46-503
0,2025-46-504
2,2025-46-505
0,2025-46-506
0,2025-46-507
0,2025-46-508
0,2025-46-509
0,2025-46-510
2,2025-46-511
2,2025-46-601
2,2025-46-602
0,2025-46-603
2,2025-46-604
2,2025-46-605
2,2025-46-606
0,2025-46-607
2,2025-46-608
2,2025-46-609
2,2025-46-610
0,2025-46-611
0,2025-46-701
0,2025-46-702
0,2025-46-703
0,2025-46-704
0,2025-46-705
2,2025-46-706
1,2025-47-101
1,2025-47-102
1,2025-47-103
2,2025-47-104
2,2025-47-105
1,2025-47-106
2,2025-47-107
1,2025-47-108
1,2025-47-109
1,2025-47-110
1,2025-47-111
2,2025-47-112
1,2025-47-113
1,2025-47-114
1,2025-47-115
0,2025-47-116
0,2025-47-117
1,2025-47-118
2,2025-47-119
2,2025-47-120
1,2025-47-201
2,2025-47-202
1,2025-47-203
2,2025-47-204
1,2025-47-205
1,2025-47-206
1,2025-47-207
1,2025-47-208
2,2025-47-209
2,2025-47-210
2,2025-47-211
2,2025-47-212
2,2025-47-213
0,2025-47-214
0,2025-47-215
0,2025-47-216
1,2025-47-301
2,2025-47-302
1,2025-47-303
2,2025-47-304
2,2025-47-305
2,2025-47-306
1,2025-47-307
1,2025-47-308
1,2025-47-401
1,2025-47-402
1,2025-47-403
1,2025-47-404
1,2025-47-405
1,2025-47-406
1,2025-47-407
1,2025-47-408
1,2025-47-409
0,2025-47-410
2,2025-47-501
0,2025-47-502
0,2025-47-503
0,2025-47-504
2,2025-47-505
0,2025-47-506
0,2025-47-507
0,2025-47-508
0,2025-47-509
0,2025-47-510
2,2025-47-511
2,2025-47-601
2,2025-47-602
0,2025-47-603
2,2025-47-604
2,2025-47-605
2,2025-47-606
0,2025-47-607
2,2025-47-608
2,2025-47-609
2,2025-47-610
0,2025-47-611
0,2025-47-701
0,2025-47-702
0,2025-47-703
0,2025-47-704
0,2025-47-705
2,2025-47-706
1,2025-48-101
1,2025-48-102
1,2025-48-103
2,2025-48-104
2,2025-48-105
1,2025-48-106
2,2025-48-107
1,2025-48-108
1,2025-48-109
1,2025-48-110
1,2025-48-111
2,2025-48-112
1,2025-48-113
1,2025-48-114
1,2025-48-115
0,2025-48-116
0,2025-48-117
1,2025-48-118
2,2025-48-119
2,2025-48-120
1,2025-48-201
2,2025-48-202
1,2025-48-203
2,2025-48-204
1,2025-48-205
1,2025-48-206
1,2025-48-207
1,2025-48-208
2,2025-48-209
2,2025-48-210
2,2025-48-211
2,2025-48-212
2,2025-48-213
0,2025-48-214
0,2025-48-215
0,2025-48-216
1,2025-48-301
2,2025-48-302
1,2025-48-303
2,2025-48-304
2,2025-48-305
2,2025-48-306
1,2025-48-307
1,2025-48-308
1,2025-48-401
1,2025-48-402
1,2025-48-403
1,2025-48-404
1,2025-48-405
1,2025-48-406
1,2025-48-407
1,2025-48-408
1,2025-48-409
0,2025-48-410
2,2025-48-501
0,2025-48-502
0,2025-48-503
0,2025-48-504
2,2025-48-505
0,2025-48-506
0,2025-48-507
0,2025-48-508
0,2025-48-509
0,2025-48-510
2,2025-48-511
2,2025-48-601
2,2025-48-602
0,2025-48-603
2,2025-48-604
2,2025-48-605
2,2025-48-606
0,2025-48-607
2,2025-48-608
2,2025-48-609
2,2025-48-610
0,2025-48-611
0,2025-48-701
0,2025-48-702
0,2025-48-703
0,2025-48-704
0,2025-48-705
2,2025-48-706
1,2025-49-101
1,2025-49-102
1,2025-49-103
2,2025-49-104
2,2025-49-105
1,2025-49-106
2,2025-49-107
1,2025-49-108
1,2025-49-109
1,2025-49-110
1,2025-49-111
2,2025-49-112
1,2025-49-113
1,2025-49-114
1,2025-49-115
0,2025-49-116
0,2025-49-117
1,2025-49-118
2,2025-49-119
2,2025-49-120
1,2025-49-201
2,2025-49-202
1,2025-49-203
2,2025-49-204
1,2025-49-205
1,2025-49-206
1,2025-49-207
1,2025-49-208
2,2025-49-209
2,2025-49-210
2,2025-49-211
2,2025-49-212
2,2025-49-213
0,2025-49-214
0,2025-49-215
0,2025-49-216
1,2025-49-301
2,2025-49-302
1,2025-49-303
2,2025-49-304
2,2025-49-305
2,2025-49-306
1,2025-49-307
1,2025-49-308
1,2025-49-401
1,2025-49-402
1,2025-49-403
1,2025-49-404
1,2025-49-405
1,2025-49-406
1,2025-49-407
1,2025-49-408
1,2025-49-409
0,2025-49-410
2,2025-49-501
0,2025-49-502
0,2025-49-503
0,2025-49-504
2,2025-49-505
0,2025-49-506
0,2025-49-507
0,2025-49-508
0,2025-49-509
0,2025-49-510
2,2025-49-511
2,2025-49-601
2,2025-49-602
0,2025-49-603
2,2025-49-604
2,2025-49-605
2,2025-49-606
0,2025-49-607
2,2025-49-608
2,2025-49-609
2,2025-49-610
0,2025-49-611
0,2025-49-701
0,2025-49-702
0,2025-49-703
0,2025-49-704
0,2025-49-705
2,2025-49-706
1,2025-50-101
1,2025-50-102
1,2025-50-103
2,2025-50-104
2,2025-50-105
1,2025-50-106
2,2025-50-107
1,2025-50-108
1,2025-50-109
1,2025-50-110
1,2025-50-111
2,2025-50-112
1,2025-50-113
1,2025-50-114
1,2025-50-115
0,2025-50-116
0,2025-50-117
1,2025-50-118
2,2025-50-119
2,2025-50-120
1,2025-50-201
2,2025-50-202
1,2025-50-203
2,2025-50-204
1,2025-50-205
1,2025-50-206
1,2025-50-207
1,2025-50-208
2,2025-50-209
2,2025-50-210
2,2025-50-211
2,2025-50-212
2,2025-50-213
0,2025-50-214
0,2025-50-215
0,2025-50-216
1,2025-50-301
2,2025-50-302
1,2025-50-303
2,2025-50-304
2,2025-50-305
2,2025-50-306
1,2025-50-307
1,2025-50-308
1,2025-50-401
1,2025-50-402
1,2025-50-403
1,2025-50-404
1,2025-50-405
1,2025-50-406
1,2025-50-407
1,2025-50-408
1,2025-50-409
0,2025-50-410
2,2025-50-501
0,2025-50-502
0,2025-50-503
0,2025-50-504
2,2025-50-505
0,2025-50-506
0,2025-50-507
0,2025-50-508
0,2025-50-509
0,2025-50-510
2,2025-50-511
2,2025-50-601
2,2025-50-602
0,2025-50-603
2,2025-50-604
2,2025-50-605
2,2025-50-606
0,2025-50-607
2,2025-50-608
2,2025-50-609
2,2025-50-610
0,2025-50-611
0,2025-50-701
0,2025-50-702
0,2025-50-703
0,2025-50-704
0,2025-50-705
2,2025-50-706
1,2025-51-101
1,2025-51-102
1,2025-51-103
2,2025-51-104
2,2025-51-105
1,2025-51-106
2,2025-51-107
1,2025-51-108
1,2025-51-109
1,2025-51-110
1,2025-51-111
2,2025-51-112
1,2025-51-113
1,2025-51-114
1,2025-51-115
0,2025-51-116
0,2025-51-117
1,2025-51-118
2,2025-51-119
2,2025-51-120
1,2025-51-201
2,2025-51-202
1,2025-51-203
2,2025-51-204
1,2025-51-205
1,2025-51-206
1,2025-51-207
1,2025-51-208
2,2025-51-209
2,2025-51-210
2,2025-51-211
2,2025-51-212
2,2025-51-213
0,2025-51-214
0,2025-51-215
0,2025-51-216
1,2025-51-301
2,2025-51-302
1,2025-51-303
2,2025-51-304
2,2025-51-305
2,2025-51-306
1,2025-51-307
1,2025-51-308
1,2025-51-401
1,2025-51-402
1,2025-51-403
1,2025-51-404
1,2025-51-405
1,2025-51-406
1,2025-51-407
1,2025-51-408
1,2025-51-409
0,2025-51-410
2,2025-51-501
0,2025-51-502
0,2025-51-503
0,2025-51-504
2,2025-51-505
0,2025-51-506
0,2025-51-507
0,2025-51-508
0,2025-51-509
0,2025-51-510
2,2025-51-511
2,2025-51-601
2,2025-51-602
0,2025-51-603
2,2025-51-604
2,2025-51-605
2,2025-51-606
0,2025-51-607
2,2025-51-608
2,2025-51-609
2,2025-51-610
0,2025-51-611
0,2025-51-701
0,2025-51-702
0,2025-51-703
0,2025-51-704
0,2025-51-705
2,2025-51-706
1,2025-52-101
1,2025-52-102
1,2025-52-103
2,2025-52-104
2,2025-52-105
1,2025-52-106
2,2025-52-107
1,2025-52-108
1,2025-52-109
1,2025-52-110
1,2025-52-111
2,2025-52-112
1,2025-52-113
1,2025-52-114
1,2025-52-115
0,2025-52-116
0,2025-52-117
1,2025-52-118
2,2025-52-119
2,2025-52-120
1,2025-52-201
2,2025-52-202
1,2025-52-203
2,2025-52-204
1,2025-52-205
1,2025-52-206
1,2025-52-207
1,2025-52-208
2,2025-52-209
2,2025-52-210
2,2025-52-211
2,2025-52-212
2,2025-52-213
0,2025-52-214
0,2025-52-215
0,2025-52-216
1,2025-52-301
2,2025-52-302
1,2025-52-303
2,2025-52-304
2,2025-52-305
2,2025-52-306
1,2025-52-307
1,2025-52-308
1,2025-52-401
1,2025-52-402
1,2025-52-403
1,2025-52-404
1,2025-52-405
1,2025-52-406
1,2025-52-407
1,2025-52-408
1,2025-52-409
0,2025-52-410
2,2025-52-501
0,2025-52-502
0,2025-52-503
0,2025-52-504
2,2025-52-505
0,2025-52-506
0,2025-52-507
0,2025-52-508
0,2025-52-509
0,2025-52-510
2,2025-52-511
2,2025-52-601
2,2025-52-602
0,2025-52-603
2,2025-52-604
2,2025-52-605
2,2025-52-606
0,2025-52-607
2,2025-52-608
2,2025-52-609
2,2025-52-610
0,2025-52-611
0,2025-52-701
0,2025-52-702
0,2025-52-703
0,2025-52-704
0,2025-52-705
2,2025-52-706
1,2025-53-101
1,2025-53-102
1,2025-53-103
2,2025-53-104
2,2025-53-105
1,2025-53-106
2,2025-53-107
1,2025-53-108
1,2025-53-109
1,2025-53-110
1,2025-53-111
2,2025-53-112
1,2025-53-113
1,2025-53-114
1,2025-53-115
0,2025-53-116
0,2025-53-117
1,2025-53-118
2,2025-53-119
2,2025-53-120
1,2025-53-201
2,2025-53-202
1,2025-53-203
2,2025-53-204
1,2025-53-205
1,2025-53-206
1,2025-53-207
1,2025-53-208
2,2025-53-209
2,2025-53-210
2,2025-53-211
2,2025-53-212
2,2025-53-213
0,2025-53-214
0,2025-53-215
0,2025-53-216
1,2025-53-301
2,2025-53-302
1,2025-53-303
2,2025-53-304
2,2025-53-305
2,2025-53-306
1,2025-53-307
1,2025-53-308
1,2025-53-401
1,2025-53-402
1,2025-53-403
1,2025-53-404
1,2025-53-405
1,2025-53-406
1,2025-53-407
1,2025-53-408
1,2025-53-409
0,2025-53-410
2,2025-53-501
0,2025-53-502
0,2025-53-503
0,2025-53-504
2,2025-53-505
0,2025-53-506
0,2025-53-507
0,2025-53-508
0,2025-53-509
0,2025-53-510
2,2025-53-511
2,2025-53-601
2,2025-53-602
0,2025-53-603
2,2025-53-604
2,2025-53-605
2,2025-53-606
0,2025-53-607
2,2025-53-608
2,2025-53-609
2,2025-53-610
0,2025-53-611
0,2025-53-701
0,2025-53-702
0,2025-53-703
0,2025-53-704
0,2025-53-705
2,2025-53-706
