"","week_canton","lst"
"1","2020-1-201",27.31
"2","2020-1-205",29.77
"3","2020-1-203",29.81
"4","2020-1-215",-273.15
"5","2020-1-214",-273.15
"6","2020-1-206",27.6900000000001
"7","2020-1-209",34.61
"8","2020-1-207",27.5700000000001
"9","2020-1-208",27.0700000000001
"10","2020-1-216",28.23
"11","2020-1-210",26.1300000000001
"12","2020-1-204",28.91
"13","2020-1-202",21.05
"14","2020-1-212",17.27
"15","2020-1-213",-273.15
"16","2020-1-211",20.53
"17","2020-1-306",18.1900000000001
"18","2020-1-301",20.99
"19","2020-1-308",18.01
"20","2020-1-304",25.6300000000001
"21","2020-1-303",30.23
"22","2020-1-307",15.59
"23","2020-1-302",18.37
"24","2020-1-305",25.01
"25","2020-1-507",32.67
"26","2020-1-504",29.31
"27","2020-1-506",31.03
"28","2020-1-505",30.51
"29","2020-1-511",29.37
"30","2020-1-510",25.11
"31","2020-1-501",30.53
"32","2020-1-509",28.03
"33","2020-1-502",28.61
"34","2020-1-503",30.85
"35","2020-1-508",23.65
"36","2020-1-402",23.47
"37","2020-1-407",32.1300000000001
"38","2020-1-408",32.23
"39","2020-1-401",15.45
"40","2020-1-406",25.23
"41","2020-1-409",31.73
"42","2020-1-405",24.79
"43","2020-1-404",25.99
"44","2020-1-403",28.51
"45","2020-1-410",27.87
"46","2020-1-706",29.17
"47","2020-1-701",22.91
"48","2020-1-705",29.45
"49","2020-1-702",27.73
"50","2020-1-703",29.27
"51","2020-1-704",23.49
"52","2020-1-603",27.83
"53","2020-1-610",28.1300000000001
"54","2020-1-608",26.55
"55","2020-1-602",32.59
"56","2020-1-611",27.53
"57","2020-1-607",-273.15
"58","2020-1-604",27.49
"59","2020-1-605",26.43
"60","2020-1-609",28.2500000000001
"61","2020-1-601",28.7500000000001
"62","2020-1-606",26.43
"63","2020-1-112",24.99
"64","2020-1-110",25.45
"65","2020-1-106",23.65
"66","2020-1-118",32.6900000000001
"67","2020-1-103",23.6900000000001
"68","2020-1-117",18.91
"69","2020-1-102",27.41
"70","2020-1-108",25.03
"71","2020-1-120",22.45
"72","2020-1-115",28.81
"73","2020-1-107",27.37
"74","2020-1-114",24.41
"75","2020-1-119",30.6900000000001
"76","2020-1-104",25.65
"77","2020-1-101",29.99
"78","2020-1-109",27.27
"79","2020-1-105",22.6300000000001
"80","2020-1-113",31.61
"81","2020-1-116",26.43
"82","2020-1-111",20.29
"83","2020-2-201",27.24
"84","2020-2-205",30.015
"85","2020-2-203",31.2975
"86","2020-2-215",-9.70499999999998
"87","2020-2-214",-10.37
"88","2020-2-206",28.6525
"89","2020-2-209",36.2725
"90","2020-2-207",28.83
"91","2020-2-208",27.91
"92","2020-2-216",28.16
"93","2020-2-210",27.285
"94","2020-2-204",31.2725
"95","2020-2-202",-236.375
"96","2020-2-212",19.0725
"97","2020-2-213",-273.15
"98","2020-2-211",19.8825
"99","2020-2-306",14.025
"100","2020-2-301",19.87
"101","2020-2-308",17.905
"102","2020-2-304",25.665
"103","2020-2-303",28.0075000000001
"104","2020-2-307",14.3825
"105","2020-2-302",19.805
"106","2020-2-305",25.71
"107","2020-2-507",35.0325
"108","2020-2-504",33.895
"109","2020-2-506",31.695
"110","2020-2-505",32.6975
"111","2020-2-511",30.7175
"112","2020-2-510",27.385
"113","2020-2-501",35.8150000000001
"114","2020-2-509",30.27
"115","2020-2-502",32.04
"116","2020-2-503",33.4225
"117","2020-2-508",23.895
"118","2020-2-402",22.9275
"119","2020-2-407",33.1625
"120","2020-2-408",31.5475
"121","2020-2-401",16.0975000000001
"122","2020-2-406",23.9525
"123","2020-2-409",30.925
"124","2020-2-405",23.0225
"125","2020-2-404",25.4475
"126","2020-2-403",27.04
"127","2020-2-410",28.5525
"128","2020-2-706",29.9225
"129","2020-2-701",22.3325000000001
"130","2020-2-705",28.5225
"131","2020-2-702",27.03
"132","2020-2-703",28.7975
"133","2020-2-704",23.4375
"134","2020-2-603",28.4425
"135","2020-2-610",29.18
"136","2020-2-608",27.145
"137","2020-2-602",33.5875
"138","2020-2-611",28.9300000000001
"139","2020-2-607",-273.15
"140","2020-2-604",28.4875000000001
"141","2020-2-605",28.1275
"142","2020-2-609",30.7175000000001
"143","2020-2-601",30.3950000000001
"144","2020-2-606",28.3025000000001
"145","2020-2-112",26.39
"146","2020-2-110",23.7875
"147","2020-2-106",23.8425
"148","2020-2-118",31.885
"149","2020-2-103",22.99
"150","2020-2-117",20.2225
"151","2020-2-102",27.9175
"152","2020-2-108",24.2425000000001
"153","2020-2-120",21.3125
"154","2020-2-115",25.5375000000001
"155","2020-2-107",27.5975000000001
"156","2020-2-114",22.275
"157","2020-2-119",32.3875000000001
"158","2020-2-104",27.505
"159","2020-2-101",30.4275
"160","2020-2-109",28.18
"161","2020-2-105",24.1175
"162","2020-2-113",30.4375
"163","2020-2-116",27.7075
"164","2020-2-111",-236.47
"165","2020-3-201",27.89
"166","2020-3-205",29.27
"167","2020-3-203",31.03
"168","2020-3-215",-197.88
"169","2020-3-214",-198.07
"170","2020-3-206",27.845
"171","2020-3-209",37.605
"172","2020-3-207",26.5650000000001
"173","2020-3-208",28.45
"174","2020-3-216",-197.825
"175","2020-3-210",-198
"176","2020-3-204",31.16
"177","2020-3-202",-273.15
"178","2020-3-212",-200.03
"179","2020-3-213",-273.15
"180","2020-3-211",-199.915
"181","2020-3-306",15.89
"182","2020-3-301",19.89
"183","2020-3-308",18.925
"184","2020-3-304",-198.445
"185","2020-3-303",29.055
"186","2020-3-307",17.18
"187","2020-3-302",20.535
"188","2020-3-305",-198.41
"189","2020-3-507",34.35
"190","2020-3-504",35.615
"191","2020-3-506",32.24
"192","2020-3-505",32.425
"193","2020-3-511",29.71
"194","2020-3-510",27.2300000000001
"195","2020-3-501",36.975
"196","2020-3-509",29.5400000000001
"197","2020-3-502",32.575
"198","2020-3-503",34.495
"199","2020-3-508",-198.88
"200","2020-3-402",23.36
"201","2020-3-407",31.9
"202","2020-3-408",30.745
"203","2020-3-401",-200.815
"204","2020-3-406",23.395
"205","2020-3-409",32.82
"206","2020-3-405",24.855
"207","2020-3-404",27.1550000000001
"208","2020-3-403",28.9750000000001
"209","2020-3-410",-197.7
"210","2020-3-706",-197.355
"211","2020-3-701",23.315
"212","2020-3-705",-197.765
"213","2020-3-702",-198.13
"214","2020-3-703",-197.68
"215","2020-3-704",23.94
"216","2020-3-603",28.89
"217","2020-3-610",27.6350000000001
"218","2020-3-608",26.705
"219","2020-3-602",33.6100000000001
"220","2020-3-611",26.94
"221","2020-3-607",-273.15
"222","2020-3-604",28.57
"223","2020-3-605",27.3950000000001
"224","2020-3-609",29.675
"225","2020-3-601",29.37
"226","2020-3-606",29.7400000000001
"227","2020-3-112",27.19
"228","2020-3-110",25.425
"229","2020-3-106",24.17
"230","2020-3-118",32.4600000000001
"231","2020-3-103",24.975
"232","2020-3-117",20.965
"233","2020-3-102",28.2
"234","2020-3-108",24.235
"235","2020-3-120",22.86
"236","2020-3-115",-198.595
"237","2020-3-107",28.59
"238","2020-3-114",21.2950000000001
"239","2020-3-119",30.395
"240","2020-3-104",28.235
"241","2020-3-101",30.505
"242","2020-3-109",29.12
"243","2020-3-105",24.945
"244","2020-3-113",31.95
"245","2020-3-116",27.5
"246","2020-3-111",-273.15
"247","2020-4-201",27.635
"248","2020-4-205",29.7475000000001
"249","2020-4-203",30.6325
"250","2020-4-215",-273.15
"251","2020-4-214",-86.3749999999999
"252","2020-4-206",28.005
"253","2020-4-209",37.8325000000001
"254","2020-4-207",27.2375000000001
"255","2020-4-208",28.7025
"256","2020-4-216",-85.0874999999999
"257","2020-4-210",-85.9375
"258","2020-4-204",30.9725
"259","2020-4-202",-273.15
"260","2020-4-212",-88.625
"261","2020-4-213",-273.15
"262","2020-4-211",-88.3625
"263","2020-4-306",17.6975
"264","2020-4-301",21.6375
"265","2020-4-308",20.1200000000001
"266","2020-4-304",-87.0875
"267","2020-4-303",31.06
"268","2020-4-307",16.4575
"269","2020-4-302",20.285
"270","2020-4-305",-86.6625
"271","2020-4-507",34.56
"272","2020-4-504",35.7825
"273","2020-4-506",33.54
"274","2020-4-505",33.2675
"275","2020-4-511",30.1725000000001
"276","2020-4-510",28.2825
"277","2020-4-501",36.9975
"278","2020-4-509",28.7025
"279","2020-4-502",33.4025
"280","2020-4-503",33.7925
"281","2020-4-508",-87.4
"282","2020-4-402",24.5675000000001
"283","2020-4-407",33.73
"284","2020-4-408",33.2475
"285","2020-4-401",-93.2499999999999
"286","2020-4-406",24.7575
"287","2020-4-409",34.1775
"288","2020-4-405",25.6875
"289","2020-4-404",28.0250000000001
"290","2020-4-403",30.2025
"291","2020-4-410",-86.0125
"292","2020-4-706",-85.2875
"293","2020-4-701",22.6825
"294","2020-4-705",-83.7375
"295","2020-4-702",-273.15
"296","2020-4-703",-85.9125
"297","2020-4-704",24.21
"298","2020-4-603",29.2475
"299","2020-4-610",28.57
"300","2020-4-608",25.28
"301","2020-4-602",33.4575
"302","2020-4-611",27.81
"303","2020-4-607",-273.15
"304","2020-4-604",29.525
"305","2020-4-605",27.02
"306","2020-4-609",30.9225
"307","2020-4-601",29.3750000000001
"308","2020-4-606",29.38
"309","2020-4-112",27.5400000000001
"310","2020-4-110",27.0125
"311","2020-4-106",24.62
"312","2020-4-118",32.3775000000001
"313","2020-4-103",25.42
"314","2020-4-117",18.9125000000001
"315","2020-4-102",28.445
"316","2020-4-108",24.895
"317","2020-4-120",23.6425
"318","2020-4-115",-85.2625
"319","2020-4-107",28.8725
"320","2020-4-114",24.695
"321","2020-4-119",32.3
"322","2020-4-104",28.0525
"323","2020-4-101",34.0600000000001
"324","2020-4-109",29.2650000000001
"325","2020-4-105",25.2875
"326","2020-4-113",33.16
"327","2020-4-116",27.645
"328","2020-4-111",-273.15
"329","2020-5-201",28.0200000000001
"330","2020-5-205",30.7800000000001
"331","2020-5-203",31.32
"332","2020-5-215",-121.4
"333","2020-5-214",26.76
"334","2020-5-206",29.88
"335","2020-5-209",38.06
"336","2020-5-207",29.18
"337","2020-5-208",29.25
"338","2020-5-216",28.8000000000001
"339","2020-5-210",26.83
"340","2020-5-204",31.77
"341","2020-5-202",-124.68
"342","2020-5-212",21.11
"343","2020-5-213",-123.01
"344","2020-5-211",22.78
"345","2020-5-306",20.11
"346","2020-5-301",22.45
"347","2020-5-308",19.73
"348","2020-5-304",27.16
"349","2020-5-303",32.27
"350","2020-5-307",15.92
"351","2020-5-302",21.17
"352","2020-5-305",25.54
"353","2020-5-507",35.96
"354","2020-5-504",36.01
"355","2020-5-506",34.4900000000001
"356","2020-5-505",34.43
"357","2020-5-511",30.9600000000001
"358","2020-5-510",29.08
"359","2020-5-501",37.36
"360","2020-5-509",29.2
"361","2020-5-502",33.97
"362","2020-5-503",34.41
"363","2020-5-508",24.54
"364","2020-5-402",24.9900000000001
"365","2020-5-407",34.53
"366","2020-5-408",34.24
"367","2020-5-401",15.3300000000001
"368","2020-5-406",26.16
"369","2020-5-409",33.82
"370","2020-5-405",25.22
"371","2020-5-404",28.2200000000001
"372","2020-5-403",30.29
"373","2020-5-410",26.04
"374","2020-5-706",26.83
"375","2020-5-701",24.18
"376","2020-5-705",29.95
"377","2020-5-702",-122.64
"378","2020-5-703",27.48
"379","2020-5-704",24
"380","2020-5-603",29.4800000000001
"381","2020-5-610",29.42
"382","2020-5-608",26.15
"383","2020-5-602",34.68
"384","2020-5-611",29.57
"385","2020-5-607",-273.15
"386","2020-5-604",30.05
"387","2020-5-605",27.5300000000001
"388","2020-5-609",31.52
"389","2020-5-601",29.9100000000001
"390","2020-5-606",29.3100000000001
"391","2020-5-112",27.59
"392","2020-5-110",27.26
"393","2020-5-106",24.98
"394","2020-5-118",33.01
"395","2020-5-103",25.34
"396","2020-5-117",17.29
"397","2020-5-102",28.99
"398","2020-5-108",26.4
"399","2020-5-120",23.76
"400","2020-5-115",28.53
"401","2020-5-107",28.5200000000001
"402","2020-5-114",26.77
"403","2020-5-119",34.26
"404","2020-5-104",27.53
"405","2020-5-101",34.81
"406","2020-5-109",28.8900000000001
"407","2020-5-105",26.49
"408","2020-5-113",33.34
"409","2020-5-116",28.26
"410","2020-5-111",-124.83
"411","2020-6-201",28.7200000000001
"412","2020-6-205",31.475
"413","2020-6-203",32.6
"414","2020-6-215",-83.4625
"415","2020-6-214",27.7775
"416","2020-6-206",31.545
"417","2020-6-209",38.2875
"418","2020-6-207",29.9375
"419","2020-6-208",29.775
"420","2020-6-216",30.1125
"421","2020-6-210",27.165
"422","2020-6-204",32.68
"423","2020-6-202",-87.5625
"424","2020-6-212",20.5725000000001
"425","2020-6-213",27.6550000000001
"426","2020-6-211",23.14
"427","2020-6-306",23.0775
"428","2020-6-301",22.1750000000001
"429","2020-6-308",18.65
"430","2020-6-304",28.3375
"431","2020-6-303",32.2275
"432","2020-6-307",15.5025
"433","2020-6-302",20.8025
"434","2020-6-305",25.22
"435","2020-6-507",37.69
"436","2020-6-504",36.6575
"437","2020-6-506",34.5100000000001
"438","2020-6-505",35.45
"439","2020-6-511",32.07
"440","2020-6-510",29.21
"441","2020-6-501",38.4575
"442","2020-6-509",30.695
"443","2020-6-502",34.56
"444","2020-6-503",36.0325
"445","2020-6-508",24.7975
"446","2020-6-402",25.36
"447","2020-6-407",34.115
"448","2020-6-408",33.8975
"449","2020-6-401",13.78
"450","2020-6-406",25.62
"451","2020-6-409",33.32
"452","2020-6-405",24.82
"453","2020-6-404",28.7900000000001
"454","2020-6-403",29.7775000000001
"455","2020-6-410",24.46
"456","2020-6-706",27.79
"457","2020-6-701",-86.0125
"458","2020-6-705",29.9525
"459","2020-6-702",27.2775
"460","2020-6-703",28.2225
"461","2020-6-704",23.325
"462","2020-6-603",29.9450000000001
"463","2020-6-610",29.46
"464","2020-6-608",28.25
"465","2020-6-602",35.985
"466","2020-6-611",30.5125
"467","2020-6-607",-273.15
"468","2020-6-604",30.095
"469","2020-6-605",27.9200000000001
"470","2020-6-609",31.3075
"471","2020-6-601",30.8500000000001
"472","2020-6-606",29.9900000000001
"473","2020-6-112",27.985
"474","2020-6-110",27.1475
"475","2020-6-106",25.1600000000001
"476","2020-6-118",34.385
"477","2020-6-103",25.4025
"478","2020-6-117",18.915
"479","2020-6-102",29.385
"480","2020-6-108",26.4875
"481","2020-6-120",24.3350000000001
"482","2020-6-115",29.695
"483","2020-6-107",28.9175000000001
"484","2020-6-114",25.65
"485","2020-6-119",35.0875000000001
"486","2020-6-104",28.1775
"487","2020-6-101",32.2375
"488","2020-6-109",28.89
"489","2020-6-105",27.115
"490","2020-6-113",32.5450000000001
"491","2020-6-116",28.9275
"492","2020-6-111",22.2975
"493","2020-7-201",28.595
"494","2020-7-205",31.785
"495","2020-7-203",34.075
"496","2020-7-215",-197.215
"497","2020-7-214",28.9900000000001
"498","2020-7-206",31.515
"499","2020-7-209",38.84
"500","2020-7-207",29.475
"501","2020-7-208",30.1
"502","2020-7-216",31.035
"503","2020-7-210",27.725
"504","2020-7-204",33.09
"505","2020-7-202",-198.5
"506","2020-7-212",21.35
"507","2020-7-213",27.895
"508","2020-7-211",23.465
"509","2020-7-306",24.285
"510","2020-7-301",22.445
"511","2020-7-308",18.885
"512","2020-7-304",26.345
"513","2020-7-303",32.4200000000001
"514","2020-7-307",15.025
"515","2020-7-302",19.065
"516","2020-7-305",25.075
"517","2020-7-507",39.24
"518","2020-7-504",37.495
"519","2020-7-506",34.565
"520","2020-7-505",36.5400000000001
"521","2020-7-511",33.415
"522","2020-7-510",29.18
"523","2020-7-501",39.8650000000001
"524","2020-7-509",31.87
"525","2020-7-502",35.405
"526","2020-7-503",36.94
"527","2020-7-508",24.435
"528","2020-7-402",25.72
"529","2020-7-407",34.68
"530","2020-7-408",34.785
"531","2020-7-401",11.6750000000001
"532","2020-7-406",24.6
"533","2020-7-409",33.87
"534","2020-7-405",25.1900000000001
"535","2020-7-404",29.6150000000001
"536","2020-7-403",30.305
"537","2020-7-410",23.375
"538","2020-7-706",30.295
"539","2020-7-701",-198.62
"540","2020-7-705",29.815
"541","2020-7-702",26.725
"542","2020-7-703",28.135
"543","2020-7-704",23.165
"544","2020-7-603",31.0350000000001
"545","2020-7-610",29.55
"546","2020-7-608",29.27
"547","2020-7-602",36.385
"548","2020-7-611",30.8900000000001
"549","2020-7-607",-273.15
"550","2020-7-604",30.615
"551","2020-7-605",28.145
"552","2020-7-609",32.19
"553","2020-7-601",32.035
"554","2020-7-606",30.43
"555","2020-7-112",28.93
"556","2020-7-110",27.88
"557","2020-7-106",25.385
"558","2020-7-118",35.635
"559","2020-7-103",25.57
"560","2020-7-117",21.86
"561","2020-7-102",29.715
"562","2020-7-108",25.5750000000001
"563","2020-7-120",25.215
"564","2020-7-115",30.86
"565","2020-7-107",30.5200000000001
"566","2020-7-114",24.795
"567","2020-7-119",35.61
"568","2020-7-104",30.21
"569","2020-7-101",31.6450000000001
"570","2020-7-109",29.645
"571","2020-7-105",26.285
"572","2020-7-113",32.0300000000001
"573","2020-7-116",29.415
"574","2020-7-111",20.95
"575","2020-8-201",28.6100000000001
"576","2020-8-205",32.5100000000001
"577","2020-8-203",36.3375000000001
"578","2020-8-215",30.6475
"579","2020-8-214",32.5525
"580","2020-8-206",31.3875
"581","2020-8-209",41.1925
"582","2020-8-207",29.875
"583","2020-8-208",31.15
"584","2020-8-216",32.235
"585","2020-8-210",29.8875
"586","2020-8-204",33.9625
"587","2020-8-202",25.4775
"588","2020-8-212",21.38
"589","2020-8-213",26.5375
"590","2020-8-211",23.99
"591","2020-8-306",22.555
"592","2020-8-301",23.7600000000001
"593","2020-8-308",20.835
"594","2020-8-304",27.7025
"595","2020-8-303",34.9
"596","2020-8-307",18.2425000000001
"597","2020-8-302",21.37
"598","2020-8-305",27.78
"599","2020-8-507",40.5525
"600","2020-8-504",38.5975
"601","2020-8-506",36.155
"602","2020-8-505",37.425
"603","2020-8-511",33.3525000000001
"604","2020-8-510",29
"605","2020-8-501",40.7600000000001
"606","2020-8-509",32.0475
"607","2020-8-502",35.5475
"608","2020-8-503",37.5875
"609","2020-8-508",24.715
"610","2020-8-402",24.69
"611","2020-8-407",35.965
"612","2020-8-408",36.35
"613","2020-8-401",16.5625
"614","2020-8-406",27.0625
"615","2020-8-409",34.785
"616","2020-8-405",25.9725
"617","2020-8-404",29.865
"618","2020-8-403",33.6475
"619","2020-8-410",27.3375
"620","2020-8-706",30.0925
"621","2020-8-701",24.825
"622","2020-8-705",29.7625
"623","2020-8-702",28.445
"624","2020-8-703",29.54
"625","2020-8-704",24.71
"626","2020-8-603",32.4825
"627","2020-8-610",29.535
"628","2020-8-608",29.915
"629","2020-8-602",37.6325
"630","2020-8-611",31.3225
"631","2020-8-607",-273.15
"632","2020-8-604",31.6725
"633","2020-8-605",29.6100000000001
"634","2020-8-609",33.7625000000001
"635","2020-8-601",32.37
"636","2020-8-606",30.4175000000001
"637","2020-8-112",29.65
"638","2020-8-110",29.2475
"639","2020-8-106",26.305
"640","2020-8-118",36.7475
"641","2020-8-103",26.5775
"642","2020-8-117",21.18
"643","2020-8-102",31.3975
"644","2020-8-108",28.37
"645","2020-8-120",25.27
"646","2020-8-115",33.9375
"647","2020-8-107",31.8350000000001
"648","2020-8-114",27.57
"649","2020-8-119",34.9975
"650","2020-8-104",31.385
"651","2020-8-101",36.27
"652","2020-8-109",30.85
"653","2020-8-105",26.245
"654","2020-8-113",33.835
"655","2020-8-116",29.83
"656","2020-8-111",22.97
"657","2020-9-201",32.39
"658","2020-9-205",34.7500000000001
"659","2020-9-203",36.95
"660","2020-9-215",31.05
"661","2020-9-214",30.1900000000001
"662","2020-9-206",33.7500000000001
"663","2020-9-209",43.17
"664","2020-9-207",32.15
"665","2020-9-208",33.2500000000001
"666","2020-9-216",30.45
"667","2020-9-210",29.59
"668","2020-9-204",34.61
"669","2020-9-202",25.67
"670","2020-9-212",20.7500000000001
"671","2020-9-213",30.37
"672","2020-9-211",23.99
"673","2020-9-306",25.2500000000001
"674","2020-9-301",24.67
"675","2020-9-308",23.2500000000001
"676","2020-9-304",28.91
"677","2020-9-303",36.93
"678","2020-9-307",19.03
"679","2020-9-302",21.23
"680","2020-9-305",27.71
"681","2020-9-507",40.29
"682","2020-9-504",39.49
"683","2020-9-506",37.73
"684","2020-9-505",37.53
"685","2020-9-511",34.0700000000001
"686","2020-9-510",30.47
"687","2020-9-501",40.83
"688","2020-9-509",33.29
"689","2020-9-502",36.65
"690","2020-9-503",38.55
"691","2020-9-508",26.15
"692","2020-9-402",29.87
"693","2020-9-407",38.87
"694","2020-9-408",39.43
"695","2020-9-401",18.33
"696","2020-9-406",28.97
"697","2020-9-409",39.09
"698","2020-9-405",28.93
"699","2020-9-404",33.1900000000001
"700","2020-9-403",35.73
"701","2020-9-410",30.61
"702","2020-9-706",30.67
"703","2020-9-701",23.81
"704","2020-9-705",30.97
"705","2020-9-702",31.35
"706","2020-9-703",30.45
"707","2020-9-704",24.71
"708","2020-9-603",32.85
"709","2020-9-610",30.6900000000001
"710","2020-9-608",29.81
"711","2020-9-602",38.49
"712","2020-9-611",31.41
"713","2020-9-607",-273.15
"714","2020-9-604",31.83
"715","2020-9-605",29.89
"716","2020-9-609",33.85
"717","2020-9-601",32.93
"718","2020-9-606",31.59
"719","2020-9-112",30.0700000000001
"720","2020-9-110",31.05
"721","2020-9-106",29.0700000000001
"722","2020-9-118",37.71
"723","2020-9-103",29.85
"724","2020-9-117",21.2500000000001
"725","2020-9-102",34.67
"726","2020-9-108",30.61
"727","2020-9-120",27.65
"728","2020-9-115",34.6900000000001
"729","2020-9-107",32.85
"730","2020-9-114",29.2500000000001
"731","2020-9-119",35.7500000000001
"732","2020-9-104",30.79
"733","2020-9-101",39.35
"734","2020-9-109",33.93
"735","2020-9-105",26.0700000000001
"736","2020-9-113",36.81
"737","2020-9-116",30.11
"738","2020-9-111",23.67
"739","2020-10-201",32.3025
"740","2020-10-205",34.925
"741","2020-10-203",37.335
"742","2020-10-215",30.07
"743","2020-10-214",29.3325
"744","2020-10-206",33.995
"745","2020-10-209",42.12
"746","2020-10-207",32.5700000000001
"747","2020-10-208",33.6175
"748","2020-10-216",30.205
"749","2020-10-210",29.2225
"750","2020-10-204",34.5225
"751","2020-10-202",24.2525
"752","2020-10-212",21.87
"753","2020-10-213",-235.21
"754","2020-10-211",25.8100000000001
"755","2020-10-306",23.8675
"756","2020-10-301",24.5475
"757","2020-10-308",22.3575
"758","2020-10-304",30.0825000000001
"759","2020-10-303",36.2125
"760","2020-10-307",17.84
"761","2020-10-302",21.055
"762","2020-10-305",29.8625
"763","2020-10-507",41.7775
"764","2020-10-504",39.105
"765","2020-10-506",36.085
"766","2020-10-505",38.0375
"767","2020-10-511",34.875
"768","2020-10-510",29.14
"769","2020-10-501",41.1625
"770","2020-10-509",34.375
"771","2020-10-502",37.0525
"772","2020-10-503",39.565
"773","2020-10-508",25.2575000000001
"774","2020-10-402",28.4175
"775","2020-10-407",37.3125
"776","2020-10-408",37.19
"777","2020-10-401",17.315
"778","2020-10-406",27.15
"779","2020-10-409",36.5875
"780","2020-10-405",27.285
"781","2020-10-404",33.8375
"782","2020-10-403",33.6825
"783","2020-10-410",26.6900000000001
"784","2020-10-706",27.1875000000001
"785","2020-10-701",23.7575000000001
"786","2020-10-705",31.9325000000001
"787","2020-10-702",27.4475
"788","2020-10-703",32.2875
"789","2020-10-704",25.4625000000001
"790","2020-10-603",33.935
"791","2020-10-610",32.265
"792","2020-10-608",31.77
"793","2020-10-602",38.5600000000001
"794","2020-10-611",32.1450000000001
"795","2020-10-607",-273.15
"796","2020-10-604",32.5300000000001
"797","2020-10-605",30.38
"798","2020-10-609",33.6050000000001
"799","2020-10-601",34.3650000000001
"800","2020-10-606",32.5525000000001
"801","2020-10-112",32.1
"802","2020-10-110",30.84
"803","2020-10-106",29.7
"804","2020-10-118",34.665
"805","2020-10-103",28.9225
"806","2020-10-117",23.0525
"807","2020-10-102",32.675
"808","2020-10-108",29.4375
"809","2020-10-120",28.2625
"810","2020-10-115",32.1875
"811","2020-10-107",33.1825
"812","2020-10-114",29.1275
"813","2020-10-119",38.41
"814","2020-10-104",32.75
"815","2020-10-101",36.655
"816","2020-10-109",32.2675
"817","2020-10-105",28.7825
"818","2020-10-113",35.62
"819","2020-10-116",31.37
"820","2020-10-111",-236.0475
"821","2020-11-201",33.265
"822","2020-11-205",35.16
"823","2020-11-203",36.715
"824","2020-11-215",28.61
"825","2020-11-214",28.535
"826","2020-11-206",34.015
"827","2020-11-209",43.755
"828","2020-11-207",32.7200000000001
"829","2020-11-208",34.15
"830","2020-11-216",31.1
"831","2020-11-210",27.82
"832","2020-11-204",35.29
"833","2020-11-202",-198.85
"834","2020-11-212",20.71
"835","2020-11-213",-47.34
"836","2020-11-211",23.85
"837","2020-11-306",22.725
"838","2020-11-301",24.395
"839","2020-11-308",20.085
"840","2020-11-304",28.84
"841","2020-11-303",36.095
"842","2020-11-307",15.57
"843","2020-11-302",-199.605
"844","2020-11-305",30.32
"845","2020-11-507",42.815
"846","2020-11-504",39.9050000000001
"847","2020-11-506",37.68
"848","2020-11-505",39.055
"849","2020-11-511",35.785
"850","2020-11-510",31.11
"851","2020-11-501",42.44
"852","2020-11-509",34.77
"853","2020-11-502",38.835
"854","2020-11-503",39.755
"855","2020-11-508",25.67
"856","2020-11-402",28.825
"857","2020-11-407",37.93
"858","2020-11-408",37.65
"859","2020-11-401",15.58
"860","2020-11-406",28.435
"861","2020-11-409",36.365
"862","2020-11-405",28.43
"863","2020-11-404",33.345
"864","2020-11-403",33.6
"865","2020-11-410",26.4600000000001
"866","2020-11-706",29.585
"867","2020-11-701",24.575
"868","2020-11-705",32.8200000000001
"869","2020-11-702",28.555
"870","2020-11-703",31.83
"871","2020-11-704",25.15
"872","2020-11-603",33.055
"873","2020-11-610",32.46
"874","2020-11-608",31.165
"875","2020-11-602",38.96
"876","2020-11-611",31.98
"877","2020-11-607",-273.15
"878","2020-11-604",32.3450000000001
"879","2020-11-605",31.0500000000001
"880","2020-11-609",34.92
"881","2020-11-601",34.495
"882","2020-11-606",32.435
"883","2020-11-112",31.505
"884","2020-11-110",30.645
"885","2020-11-106",29.46
"886","2020-11-118",36.435
"887","2020-11-103",29.225
"888","2020-11-117",21.975
"889","2020-11-102",32.87
"890","2020-11-108",28.595
"891","2020-11-120",27.825
"892","2020-11-115",32.7
"893","2020-11-107",33.14
"894","2020-11-114",28.885
"895","2020-11-119",37.68
"896","2020-11-104",32.22
"897","2020-11-101",36.285
"898","2020-11-109",32.99
"899","2020-11-105",28.165
"900","2020-11-113",35.69
"901","2020-11-116",30.4850000000001
"902","2020-11-111",-273.15
"903","2020-12-201",34.0275
"904","2020-12-205",35.7425
"905","2020-12-203",37.69
"906","2020-12-215",29.145
"907","2020-12-214",30.3725
"908","2020-12-206",33.885
"909","2020-12-209",42.9
"910","2020-12-207",33.1875
"911","2020-12-208",34.4225
"912","2020-12-216",31.035
"913","2020-12-210",29.1075
"914","2020-12-204",35.7875
"915","2020-12-202",-273.15
"916","2020-12-212",21.2825
"917","2020-12-213",30.0425
"918","2020-12-211",25.11
"919","2020-12-306",25.6225
"920","2020-12-301",25.3625
"921","2020-12-308",21.3700000000001
"922","2020-12-304",29.8825
"923","2020-12-303",37.0775
"924","2020-12-307",16.2575
"925","2020-12-302",-88.9499999999999
"926","2020-12-305",29.2450000000001
"927","2020-12-507",42.79
"928","2020-12-504",40.94
"929","2020-12-506",38.415
"930","2020-12-505",40.17
"931","2020-12-511",36.675
"932","2020-12-510",32.505
"933","2020-12-501",43.125
"934","2020-12-509",35.1625
"935","2020-12-502",39.2475
"936","2020-12-503",39.9825
"937","2020-12-508",26.8125
"938","2020-12-402",29.8675
"939","2020-12-407",38.8975
"940","2020-12-408",38.6725000000001
"941","2020-12-401",15.9
"942","2020-12-406",29.8875
"943","2020-12-409",37.335
"944","2020-12-405",30.1275
"945","2020-12-404",33.3625
"946","2020-12-403",34.9575
"947","2020-12-410",28.895
"948","2020-12-706",30.975
"949","2020-12-701",24.65
"950","2020-12-705",33.67
"951","2020-12-702",28.7225
"952","2020-12-703",33.2275
"953","2020-12-704",25.135
"954","2020-12-603",32.785
"955","2020-12-610",33.55
"956","2020-12-608",31.845
"957","2020-12-602",39.4525
"958","2020-12-611",32.14
"959","2020-12-607",-273.15
"960","2020-12-604",32.65
"961","2020-12-605",31.4375
"962","2020-12-609",35.8450000000001
"963","2020-12-601",34.6575
"964","2020-12-606",33.075
"965","2020-12-112",31.6475
"966","2020-12-110",31.7275
"967","2020-12-106",30.7125
"968","2020-12-118",38.0325
"969","2020-12-103",30.2575
"970","2020-12-117",21.33
"971","2020-12-102",33.355
"972","2020-12-108",29.2075
"973","2020-12-120",26.9375
"974","2020-12-115",33.2775
"975","2020-12-107",33.1475
"976","2020-12-114",29.56
"977","2020-12-119",38.8475
"978","2020-12-104",32.5125
"979","2020-12-101",37.6525
"980","2020-12-109",33.76
"981","2020-12-105",28.9425
"982","2020-12-113",36.845
"983","2020-12-116",30.28
"984","2020-12-111",-273.15
"985","2020-13-201",34.62
"986","2020-13-205",36.27
"987","2020-13-203",37.86
"988","2020-13-215",-121.71
"989","2020-13-214",30.97
"990","2020-13-206",35.2
"991","2020-13-209",42.86
"992","2020-13-207",34.16
"993","2020-13-208",35.41
"994","2020-13-216",32.21
"995","2020-13-210",30.36
"996","2020-13-204",36.51
"997","2020-13-202",-124.99
"998","2020-13-212",22.99
"999","2020-13-213",31.31
"1000","2020-13-211",26.34
"1001","2020-13-306",27.98
"1002","2020-13-301",26.36
"1003","2020-13-308",23.6200000000001
"1004","2020-13-304",30.86
"1005","2020-13-303",38.22
"1006","2020-13-307",17.9200000000001
"1007","2020-13-302",21.9200000000001
"1008","2020-13-305",30.2
"1009","2020-13-507",42.32
"1010","2020-13-504",41.92
"1011","2020-13-506",39.44
"1012","2020-13-505",42.16
"1013","2020-13-511",36.54
"1014","2020-13-510",33.55
"1015","2020-13-501",45.5200000000001
"1016","2020-13-509",35.67
"1017","2020-13-502",39.52
"1018","2020-13-503",41.14
"1019","2020-13-508",27.69
"1020","2020-13-402",29.94
"1021","2020-13-407",40.46
"1022","2020-13-408",40.2700000000001
"1023","2020-13-401",18.23
"1024","2020-13-406",30.71
"1025","2020-13-409",40.0700000000001
"1026","2020-13-405",30.15
"1027","2020-13-404",33.5300000000001
"1028","2020-13-403",36.34
"1029","2020-13-410",28.57
"1030","2020-13-706",32.64
"1031","2020-13-701",25.78
"1032","2020-13-705",33.69
"1033","2020-13-702",-122.33
"1034","2020-13-703",33.24
"1035","2020-13-704",25.02
"1036","2020-13-603",32.76
"1037","2020-13-610",34.04
"1038","2020-13-608",31.89
"1039","2020-13-602",40.4
"1040","2020-13-611",31.7400000000001
"1041","2020-13-607",-273.15
"1042","2020-13-604",33.74
"1043","2020-13-605",31.44
"1044","2020-13-609",36.5500000000001
"1045","2020-13-601",35.5
"1046","2020-13-606",33.09
"1047","2020-13-112",30.18
"1048","2020-13-110",33.84
"1049","2020-13-106",30.68
"1050","2020-13-118",39.86
"1051","2020-13-103",30.63
"1052","2020-13-117",20.43
"1053","2020-13-102",35.31
"1054","2020-13-108",30.29
"1055","2020-13-120",26.11
"1056","2020-13-115",35.02
"1057","2020-13-107",32.37
"1058","2020-13-114",30.3800000000001
"1059","2020-13-119",39.39
"1060","2020-13-104",32.39
"1061","2020-13-101",40.51
"1062","2020-13-109",34.1
"1063","2020-13-105",28.4
"1064","2020-13-113",38.69
"1065","2020-13-116",30.15
"1066","2020-13-111",-125.11
"1067","2020-14-201",35.595
"1068","2020-14-205",36.6925
"1069","2020-14-203",38.975
"1070","2020-14-215",-158.55
"1071","2020-14-214",31.95
"1072","2020-14-206",36.215
"1073","2020-14-209",43.2850000000001
"1074","2020-14-207",34.4425
"1075","2020-14-208",36.555
"1076","2020-14-216",32.005
"1077","2020-14-210",-83.3249999999999
"1078","2020-14-204",36.3025
"1079","2020-14-202",-87.95
"1080","2020-14-212",23.6175
"1081","2020-14-213",31.7975
"1082","2020-14-211",25.485
"1083","2020-14-306",28.1925
"1084","2020-14-301",26.0450000000001
"1085","2020-14-308",25.2325
"1086","2020-14-304",30.9
"1087","2020-14-303",37.855
"1088","2020-14-307",19.3350000000001
"1089","2020-14-302",21.655
"1090","2020-14-305",31.8525
"1091","2020-14-507",43.17
"1092","2020-14-504",41.625
"1093","2020-14-506",40.555
"1094","2020-14-505",44.48
"1095","2020-14-511",35.7525
"1096","2020-14-510",33.5525000000001
"1097","2020-14-501",46.8500000000001
"1098","2020-14-509",36.215
"1099","2020-14-502",38.96
"1100","2020-14-503",40.7975
"1101","2020-14-508",27.5925
"1102","2020-14-402",29.6075
"1103","2020-14-407",40.7025
"1104","2020-14-408",40.825
"1105","2020-14-401",18.6025
"1106","2020-14-406",31.6525
"1107","2020-14-409",40.6525000000001
"1108","2020-14-405",29.6325
"1109","2020-14-404",33.6900000000001
"1110","2020-14-403",36.0425
"1111","2020-14-410",-85.65
"1112","2020-14-706",32.655
"1113","2020-14-701",26.655
"1114","2020-14-705",32.165
"1115","2020-14-702",-273.15
"1116","2020-14-703",31.4975
"1117","2020-14-704",25.265
"1118","2020-14-603",32.9150000000001
"1119","2020-14-610",33.84
"1120","2020-14-608",31.2
"1121","2020-14-602",41.3625000000001
"1122","2020-14-611",31.4375000000001
"1123","2020-14-607",-273.15
"1124","2020-14-604",33.8775
"1125","2020-14-605",31.33
"1126","2020-14-609",36.37
"1127","2020-14-601",34.865
"1128","2020-14-606",34.08
"1129","2020-14-112",29.5675
"1130","2020-14-110",34.2125
"1131","2020-14-106",30.7375
"1132","2020-14-118",39.52
"1133","2020-14-103",30.305
"1134","2020-14-117",20.9625
"1135","2020-14-102",36.4475000000001
"1136","2020-14-108",30.24
"1137","2020-14-120",26.505
"1138","2020-14-115",35.195
"1139","2020-14-107",31.5850000000001
"1140","2020-14-114",29.5350000000001
"1141","2020-14-119",39.04
"1142","2020-14-104",31.705
"1143","2020-14-101",40.7875
"1144","2020-14-109",34.14
"1145","2020-14-105",28.0450000000001
"1146","2020-14-113",38.5775
"1147","2020-14-116",29.0525
"1148","2020-14-111",-88.1
"1149","2020-15-201",35.11
"1150","2020-15-205",36.24
"1151","2020-15-203",40.0450000000001
"1152","2020-15-215",32.14
"1153","2020-15-214",34.41
"1154","2020-15-206",34.265
"1155","2020-15-209",42.095
"1156","2020-15-207",33.395
"1157","2020-15-208",35.595
"1158","2020-15-216",29.97
"1159","2020-15-210",-196.96
"1160","2020-15-204",34.745
"1161","2020-15-202",-198.505
"1162","2020-15-212",-51.165
"1163","2020-15-213",32.445
"1164","2020-15-211",24.425
"1165","2020-15-306",26.035
"1166","2020-15-301",24.885
"1167","2020-15-308",25.625
"1168","2020-15-304",30.56
"1169","2020-15-303",37.14
"1170","2020-15-307",17.57
"1171","2020-15-302",-52.8149999999999
"1172","2020-15-305",30.98
"1173","2020-15-507",44.2300000000001
"1174","2020-15-504",40.9800000000001
"1175","2020-15-506",40.565
"1176","2020-15-505",44.745
"1177","2020-15-511",34.91
"1178","2020-15-510",32.855
"1179","2020-15-501",45.385
"1180","2020-15-509",36.525
"1181","2020-15-502",37.35
"1182","2020-15-503",39.055
"1183","2020-15-508",27
"1184","2020-15-402",29.18
"1185","2020-15-407",38.7500000000001
"1186","2020-15-408",39.115
"1187","2020-15-401",17.1850000000001
"1188","2020-15-406",32.165
"1189","2020-15-409",38.55
"1190","2020-15-405",29.985
"1191","2020-15-404",32.945
"1192","2020-15-403",35.415
"1193","2020-15-410",-197.46
"1194","2020-15-706",30.34
"1195","2020-15-701",-48.765
"1196","2020-15-705",-45.6449999999999
"1197","2020-15-702",-197.39
"1198","2020-15-703",30.745
"1199","2020-15-704",25.935
"1200","2020-15-603",32.735
"1201","2020-15-610",33.34
"1202","2020-15-608",30.705
"1203","2020-15-602",40.7750000000001
"1204","2020-15-611",31.07
"1205","2020-15-607",-273.15
"1206","2020-15-604",32.3650000000001
"1207","2020-15-605",31.415
"1208","2020-15-609",34.22
"1209","2020-15-601",32.67
"1210","2020-15-606",35.155
"1211","2020-15-112",30.67
"1212","2020-15-110",32.41
"1213","2020-15-106",31.0700000000001
"1214","2020-15-118",37.205
"1215","2020-15-103",30.065
"1216","2020-15-117",22.275
"1217","2020-15-102",35.32
"1218","2020-15-108",29.2400000000001
"1219","2020-15-120",26.49
"1220","2020-15-115",33.295
"1221","2020-15-107",31.325
"1222","2020-15-114",28.155
"1223","2020-15-119",38.61
"1224","2020-15-104",31.715
"1225","2020-15-101",38.45
"1226","2020-15-109",34.3
"1227","2020-15-105",29.28
"1228","2020-15-113",37.16
"1229","2020-15-116",27.445
"1230","2020-15-111",-198.91
"1231","2020-16-201",30.015
"1232","2020-16-205",33.6725
"1233","2020-16-203",34.71
"1234","2020-16-215",-6.83499999999999
"1235","2020-16-214",-4.66499999999991
"1236","2020-16-206",30.5975
"1237","2020-16-209",40.805
"1238","2020-16-207",32.4
"1239","2020-16-208",31.5175
"1240","2020-16-216",-6.23999999999999
"1241","2020-16-210",-6.485
"1242","2020-16-204",33.8475
"1243","2020-16-202",-11.8925
"1244","2020-16-212",-273.15
"1245","2020-16-213",31.79
"1246","2020-16-211",25.6225
"1247","2020-16-306",21.4025
"1248","2020-16-301",24.93
"1249","2020-16-308",23.7325
"1250","2020-16-304",30.1900000000001
"1251","2020-16-303",39.4950000000001
"1252","2020-16-307",10.095
"1253","2020-16-302",-273.15
"1254","2020-16-305",-9.42499999999991
"1255","2020-16-507",41.2675
"1256","2020-16-504",42.9025
"1257","2020-16-506",39.505
"1258","2020-16-505",41.5475
"1259","2020-16-511",33.4475
"1260","2020-16-510",33.8725
"1261","2020-16-501",45.615
"1262","2020-16-509",35.63
"1263","2020-16-502",37.0025
"1264","2020-16-503",40.9700000000001
"1265","2020-16-508",27.1025
"1266","2020-16-402",27.575
"1267","2020-16-407",36.9
"1268","2020-16-408",36.6975
"1269","2020-16-401",19.6775
"1270","2020-16-406",30.29
"1271","2020-16-409",39.5225
"1272","2020-16-405",29.8625
"1273","2020-16-404",30.24
"1274","2020-16-403",37.5600000000001
"1275","2020-16-410",29.49
"1276","2020-16-706",-7.57
"1277","2020-16-701",-273.15
"1278","2020-16-705",-236.0275
"1279","2020-16-702",-7.98999999999999
"1280","2020-16-703",31.6
"1281","2020-16-704",-11.595
"1282","2020-16-603",30.6825000000001
"1283","2020-16-610",31.7625
"1284","2020-16-608",29.7425
"1285","2020-16-602",38.0225
"1286","2020-16-611",28.7475
"1287","2020-16-607",-273.15
"1288","2020-16-604",31.205
"1289","2020-16-605",31.57
"1290","2020-16-609",30.82
"1291","2020-16-601",32.445
"1292","2020-16-606",30.8925
"1293","2020-16-112",28.46
"1294","2020-16-110",32.3675
"1295","2020-16-106",27.71
"1296","2020-16-118",38.7725
"1297","2020-16-103",29.845
"1298","2020-16-117",19.5875
"1299","2020-16-102",34.6475
"1300","2020-16-108",29.665
"1301","2020-16-120",22.3
"1302","2020-16-115",34.9850000000001
"1303","2020-16-107",30.26
"1304","2020-16-114",30.07
"1305","2020-16-119",37.145
"1306","2020-16-104",32.3375
"1307","2020-16-101",39.9775000000001
"1308","2020-16-109",34.47
"1309","2020-16-105",-9.02249999999999
"1310","2020-16-113",39.215
"1311","2020-16-116",27.2625
"1312","2020-16-111",-13.31
"1313","2020-17-201",27.11
"1314","2020-17-205",32.29
"1315","2020-17-203",33.17
"1316","2020-17-215",-273.15
"1317","2020-17-214",-273.15
"1318","2020-17-206",32.7500000000001
"1319","2020-17-209",42.59
"1320","2020-17-207",32.47
"1321","2020-17-208",31.01
"1322","2020-17-216",-273.15
"1323","2020-17-210",-273.15
"1324","2020-17-204",32.71
"1325","2020-17-202",-273.15
"1326","2020-17-212",-273.15
"1327","2020-17-213",30.67
"1328","2020-17-211",25.29
"1329","2020-17-306",26.67
"1330","2020-17-301",24.93
"1331","2020-17-308",21.93
"1332","2020-17-304",33.6900000000001
"1333","2020-17-303",38.97
"1334","2020-17-307",15.31
"1335","2020-17-302",-273.15
"1336","2020-17-305",-273.15
"1337","2020-17-507",38.17
"1338","2020-17-504",41.03
"1339","2020-17-506",37.65
"1340","2020-17-505",41.95
"1341","2020-17-511",31.1900000000001
"1342","2020-17-510",33.33
"1343","2020-17-501",46.49
"1344","2020-17-509",30.73
"1345","2020-17-502",35.83
"1346","2020-17-503",42.93
"1347","2020-17-508",26.35
"1348","2020-17-402",28.73
"1349","2020-17-407",33.1900000000001
"1350","2020-17-408",35.21
"1351","2020-17-401",16.23
"1352","2020-17-406",30.29
"1353","2020-17-409",34.5700000000001
"1354","2020-17-405",28.6900000000001
"1355","2020-17-404",31.15
"1356","2020-17-403",33.99
"1357","2020-17-410",28.65
"1358","2020-17-706",-273.15
"1359","2020-17-701",-273.15
"1360","2020-17-705",23.83
"1361","2020-17-702",-273.15
"1362","2020-17-703",26.35
"1363","2020-17-704",-273.15
"1364","2020-17-603",27.97
"1365","2020-17-610",30.17
"1366","2020-17-608",28.15
"1367","2020-17-602",39.23
"1368","2020-17-611",28.87
"1369","2020-17-607",-273.15
"1370","2020-17-604",29.91
"1371","2020-17-605",30.87
"1372","2020-17-609",31.17
"1373","2020-17-601",29.1900000000001
"1374","2020-17-606",27.83
"1375","2020-17-112",28.95
"1376","2020-17-110",32.91
"1377","2020-17-106",28.97
"1378","2020-17-118",40.61
"1379","2020-17-103",27.5700000000001
"1380","2020-17-117",19.15
"1381","2020-17-102",31.83
"1382","2020-17-108",31.59
"1383","2020-17-120",21.11
"1384","2020-17-115",37.89
"1385","2020-17-107",28.79
"1386","2020-17-114",29.93
"1387","2020-17-119",36.97
"1388","2020-17-104",28.61
"1389","2020-17-101",38.0700000000001
"1390","2020-17-109",31.2500000000001
"1391","2020-17-105",-273.15
"1392","2020-17-113",37.43
"1393","2020-17-116",29.03
"1394","2020-17-111",-273.15
"1395","2020-18-201",28.9475
"1396","2020-18-205",34.3725
"1397","2020-18-203",38.8925
"1398","2020-18-215",-273.15
"1399","2020-18-214",-273.15
"1400","2020-18-206",-234.9125
"1401","2020-18-209",42.975
"1402","2020-18-207",34.9025000000001
"1403","2020-18-208",30.6425
"1404","2020-18-216",-273.15
"1405","2020-18-210",-273.15
"1406","2020-18-204",34.8275000000001
"1407","2020-18-202",-273.15
"1408","2020-18-212",-273.15
"1409","2020-18-213",-235.1725
"1410","2020-18-211",19.8825
"1411","2020-18-306",-235.6725
"1412","2020-18-301",22.3575
"1413","2020-18-308",-236.265
"1414","2020-18-304",-234.795
"1415","2020-18-303",-234.135
"1416","2020-18-307",-237.0925
"1417","2020-18-302",-273.15
"1418","2020-18-305",-273.15
"1419","2020-18-507",43.2975
"1420","2020-18-504",37.775
"1421","2020-18-506",36.1625
"1422","2020-18-505",42.1425
"1423","2020-18-511",34.0425
"1424","2020-18-510",31.3525000000001
"1425","2020-18-501",43.5675
"1426","2020-18-509",34.3525
"1427","2020-18-502",35.0425
"1428","2020-18-503",41.11
"1429","2020-18-508",26.385
"1430","2020-18-402",27.89
"1431","2020-18-407",34.7475
"1432","2020-18-408",35.2450000000001
"1433","2020-18-401",-236.9775
"1434","2020-18-406",30.2375
"1435","2020-18-409",37.8775
"1436","2020-18-405",29.8625
"1437","2020-18-404",30.45
"1438","2020-18-403",33.535
"1439","2020-18-410",-235.425
"1440","2020-18-706",-273.15
"1441","2020-18-701",-273.15
"1442","2020-18-705",-236.0275
"1443","2020-18-702",-273.15
"1444","2020-18-703",-235.7125
"1445","2020-18-704",-273.15
"1446","2020-18-603",28.1625000000001
"1447","2020-18-610",31.0100000000001
"1448","2020-18-608",26.8375
"1449","2020-18-602",39.23
"1450","2020-18-611",27.0325
"1451","2020-18-607",-273.15
"1452","2020-18-604",32.92
"1453","2020-18-605",-235.1475
"1454","2020-18-609",31.8525
"1455","2020-18-601",34.3350000000001
"1456","2020-18-606",30.735
"1457","2020-18-112",29.475
"1458","2020-18-110",-234.8925
"1459","2020-18-106",26.4325000000001
"1460","2020-18-118",-233.93
"1461","2020-18-103",28.6725
"1462","2020-18-117",14.6
"1463","2020-18-102",-235.0275
"1464","2020-18-108",-235.0575
"1465","2020-18-120",23.7175
"1466","2020-18-115",-234.27
"1467","2020-18-107",29.7
"1468","2020-18-114",-235.265
"1469","2020-18-119",-234.385
"1470","2020-18-104",29.0475
"1471","2020-18-101",-234.2475
"1472","2020-18-109",29.1675
"1473","2020-18-105",-273.15
"1474","2020-18-113",-234.3275
"1475","2020-18-116",28.4
"1476","2020-18-111",-273.15
"1477","2020-19-201",28.61
"1478","2020-19-205",31.205
"1479","2020-19-203",33.6950000000001
"1480","2020-19-215",-273.15
"1481","2020-19-214",-273.15
"1482","2020-19-206",-45.345
"1483","2020-19-209",-194.105
"1484","2020-19-207",32.34
"1485","2020-19-208",29.885
"1486","2020-19-216",-273.15
"1487","2020-19-210",-273.15
"1488","2020-19-204",31.125
"1489","2020-19-202",-273.15
"1490","2020-19-212",-273.15
"1491","2020-19-213",-273.15
"1492","2020-19-211",-200.085
"1493","2020-19-306",-51.885
"1494","2020-19-301",26.565
"1495","2020-19-308",-51.66
"1496","2020-19-304",-46.905
"1497","2020-19-303",-42.585
"1498","2020-19-307",-273.15
"1499","2020-19-302",-273.15
"1500","2020-19-305",-45.75
"1501","2020-19-507",-193.855
"1502","2020-19-504",-195.535
"1503","2020-19-506",-195.875
"1504","2020-19-505",-194.32
"1505","2020-19-511",-196.25
"1506","2020-19-510",-197.095
"1507","2020-19-501",45.925
"1508","2020-19-509",-196.145
"1509","2020-19-502",-196.13
"1510","2020-19-503",-194.65
"1511","2020-19-508",28.04
"1512","2020-19-402",26.435
"1513","2020-19-407",34.79
"1514","2020-19-408",35.04
"1515","2020-19-401",-54.33
"1516","2020-19-406",31.505
"1517","2020-19-409",34.99
"1518","2020-19-405",27.465
"1519","2020-19-404",28.58
"1520","2020-19-403",34.505
"1521","2020-19-410",-46.245
"1522","2020-19-706",-46.305
"1523","2020-19-701",-48.435
"1524","2020-19-705",-44.4
"1525","2020-19-702",-273.15
"1526","2020-19-703",-45.135
"1527","2020-19-704",-48.105
"1528","2020-19-603",28.295
"1529","2020-19-610",30.0950000000001
"1530","2020-19-608",26.125
"1531","2020-19-602",-195.055
"1532","2020-19-611",-198.17
"1533","2020-19-607",-273.15
"1534","2020-19-604",-196.525
"1535","2020-19-605",-273.15
"1536","2020-19-609",-196.875
"1537","2020-19-601",-196.095
"1538","2020-19-606",-197.075
"1539","2020-19-112",-197.475
"1540","2020-19-110",-44.88
"1541","2020-19-106",26.28
"1542","2020-19-118",-41.4
"1543","2020-19-103",28.935
"1544","2020-19-117",15.045
"1545","2020-19-102",-43.515
"1546","2020-19-108",-45.375
"1547","2020-19-120",22.185
"1548","2020-19-115",-42.33
"1549","2020-19-107",28.2700000000001
"1550","2020-19-114",-45.585
"1551","2020-19-119",-42.9749999999999
"1552","2020-19-104",-197.585
"1553","2020-19-101",-41.355
"1554","2020-19-109",31.3
"1555","2020-19-105",-48.555
"1556","2020-19-113",-41.49
"1557","2020-19-116",-197.785
"1558","2020-19-111",-273.15
"1559","2020-20-201",27.51
"1560","2020-20-205",27.7
"1561","2020-20-203",-158.835
"1562","2020-20-215",-82.025
"1563","2020-20-214",-81.475
"1564","2020-20-206",30.1775
"1565","2020-20-209",-77.45
"1566","2020-20-207",31.3825
"1567","2020-20-208",-159.6
"1568","2020-20-216",-83.175
"1569","2020-20-210",-273.15
"1570","2020-20-204",32.29
"1571","2020-20-202",-273.15
"1572","2020-20-212",-273.15
"1573","2020-20-213",-82.3499999999999
"1574","2020-20-211",-273.15
"1575","2020-20-306",-162.5175
"1576","2020-20-301",-160.185
"1577","2020-20-308",-162.405
"1578","2020-20-304",-160.0275
"1579","2020-20-303",-157.8675
"1580","2020-20-307",-273.15
"1581","2020-20-302",-273.15
"1582","2020-20-305",-159.45
"1583","2020-20-507",-273.15
"1584","2020-20-504",-80.275
"1585","2020-20-506",-273.15
"1586","2020-20-505",-273.15
"1587","2020-20-511",-273.15
"1588","2020-20-510",-273.15
"1589","2020-20-501",-153.15
"1590","2020-20-509",-273.15
"1591","2020-20-502",-273.15
"1592","2020-20-503",-273.15
"1593","2020-20-508",29.015
"1594","2020-20-402",-160.9725
"1595","2020-20-407",-157.695
"1596","2020-20-408",-157.605
"1597","2020-20-401",-163.74
"1598","2020-20-406",28.5675
"1599","2020-20-409",-158.0175
"1600","2020-20-405",-160.74
"1601","2020-20-404",28.015
"1602","2020-20-403",-157.65
"1603","2020-20-410",29.44
"1604","2020-20-706",-159.7275
"1605","2020-20-701",26.12
"1606","2020-20-705",31.8
"1607","2020-20-702",-273.15
"1608","2020-20-703",-159.1425
"1609","2020-20-704",27.9975
"1610","2020-20-603",28.1425
"1611","2020-20-610",31.25
"1612","2020-20-608",26.4625
"1613","2020-20-602",-273.15
"1614","2020-20-611",-82.8125
"1615","2020-20-607",-273.15
"1616","2020-20-604",-83.9625
"1617","2020-20-605",-88.4625
"1618","2020-20-609",-82.8875
"1619","2020-20-601",-273.15
"1620","2020-20-606",-83.7125
"1621","2020-20-112",-273.15
"1622","2020-20-110",-159.015
"1623","2020-20-106",-160.8375
"1624","2020-20-118",-157.275
"1625","2020-20-103",28.2075000000001
"1626","2020-20-117",10.2475
"1627","2020-20-102",28.9175
"1628","2020-20-108",-159.2625
"1629","2020-20-120",-162.6375
"1630","2020-20-115",34.0475
"1631","2020-20-107",28.5
"1632","2020-20-114",29.795
"1633","2020-20-119",34.775
"1634","2020-20-104",-273.15
"1635","2020-20-101",-157.2525
"1636","2020-20-109",31.7725000000001
"1637","2020-20-105",-160.8525
"1638","2020-20-113",-157.32
"1639","2020-20-116",-84.1125
"1640","2020-20-111",-273.15
"1641","2020-21-201",-123.09
"1642","2020-21-205",-123.43
"1643","2020-21-203",-273.15
"1644","2020-21-215",-120.25
"1645","2020-21-214",-119.81
"1646","2020-21-206",-121.61
"1647","2020-21-209",-116.59
"1648","2020-21-207",-120.88
"1649","2020-21-208",-273.15
"1650","2020-21-216",-121.17
"1651","2020-21-210",-273.15
"1652","2020-21-204",-119.68
"1653","2020-21-202",-273.15
"1654","2020-21-212",-273.15
"1655","2020-21-213",-120.51
"1656","2020-21-211",-273.15
"1657","2020-21-306",-273.15
"1658","2020-21-301",-273.15
"1659","2020-21-308",-273.15
"1660","2020-21-304",-273.15
"1661","2020-21-303",-273.15
"1662","2020-21-307",-273.15
"1663","2020-21-302",-273.15
"1664","2020-21-305",-273.15
"1665","2020-21-507",-273.15
"1666","2020-21-504",-118.85
"1667","2020-21-506",-273.15
"1668","2020-21-505",-273.15
"1669","2020-21-511",-273.15
"1670","2020-21-510",-273.15
"1671","2020-21-501",-273.15
"1672","2020-21-509",-273.15
"1673","2020-21-502",-273.15
"1674","2020-21-503",-273.15
"1675","2020-21-508",26.04
"1676","2020-21-402",-273.15
"1677","2020-21-407",-273.15
"1678","2020-21-408",-273.15
"1679","2020-21-401",-273.15
"1680","2020-21-406",-123.3
"1681","2020-21-409",-273.15
"1682","2020-21-405",-273.15
"1683","2020-21-404",-122.56
"1684","2020-21-403",-273.15
"1685","2020-21-410",-121.84
"1686","2020-21-706",-273.15
"1687","2020-21-701",-123.62
"1688","2020-21-705",-120.69
"1689","2020-21-702",-119.95
"1690","2020-21-703",-273.15
"1691","2020-21-704",-122.25
"1692","2020-21-603",27.1400000000001
"1693","2020-21-610",-120.5
"1694","2020-21-608",-123.19
"1695","2020-21-602",-273.15
"1696","2020-21-611",26.97
"1697","2020-21-607",-273.15
"1698","2020-21-604",-121.8
"1699","2020-21-605",-125.4
"1700","2020-21-609",-120.94
"1701","2020-21-601",-273.15
"1702","2020-21-606",-121.6
"1703","2020-21-112",-273.15
"1704","2020-21-110",-273.15
"1705","2020-21-106",-273.15
"1706","2020-21-118",-273.15
"1707","2020-21-103",-122.7
"1708","2020-21-117",-133
"1709","2020-21-102",-123.35
"1710","2020-21-108",-273.15
"1711","2020-21-120",-273.15
"1712","2020-21-115",-119.72
"1713","2020-21-107",-122.1
"1714","2020-21-114",-121.82
"1715","2020-21-119",-118.88
"1716","2020-21-104",-273.15
"1717","2020-21-101",-273.15
"1718","2020-21-109",-120.79
"1719","2020-21-105",-273.15
"1720","2020-21-113",-273.15
"1721","2020-21-116",-121.92
"1722","2020-21-111",-273.15
"1723","2020-22-201",-160.5
"1724","2020-22-205",-273.15
"1725","2020-22-203",-273.15
"1726","2020-22-215",-273.15
"1727","2020-22-214",-273.15
"1728","2020-22-206",-273.15
"1729","2020-22-209",-273.15
"1730","2020-22-207",-273.15
"1731","2020-22-208",-160.71
"1732","2020-22-216",-158.9625
"1733","2020-22-210",-160.5075
"1734","2020-22-204",-273.15
"1735","2020-22-202",-163.6725
"1736","2020-22-212",-161.925
"1737","2020-22-213",-273.15
"1738","2020-22-211",-273.15
"1739","2020-22-306",-273.15
"1740","2020-22-301",-273.15
"1741","2020-22-308",-273.15
"1742","2020-22-304",-161.46
"1743","2020-22-303",-273.15
"1744","2020-22-307",-273.15
"1745","2020-22-302",-164.49
"1746","2020-22-305",-160.6425
"1747","2020-22-507",-273.15
"1748","2020-22-504",-273.15
"1749","2020-22-506",-273.15
"1750","2020-22-505",-159.885
"1751","2020-22-511",-273.15
"1752","2020-22-510",-273.15
"1753","2020-22-501",-273.15
"1754","2020-22-509",-273.15
"1755","2020-22-502",-273.15
"1756","2020-22-503",-273.15
"1757","2020-22-508",-88.175
"1758","2020-22-402",-161.6175
"1759","2020-22-407",-273.15
"1760","2020-22-408",-273.15
"1761","2020-22-401",-273.15
"1762","2020-22-406",-273.15
"1763","2020-22-409",-273.15
"1764","2020-22-405",-273.15
"1765","2020-22-404",-160.785
"1766","2020-22-403",-273.15
"1767","2020-22-410",-160.365
"1768","2020-22-706",-273.15
"1769","2020-22-701",-161.1
"1770","2020-22-705",-162.3825
"1771","2020-22-702",32.3500000000001
"1772","2020-22-703",-158.8725
"1773","2020-22-704",-273.15
"1774","2020-22-603",-86.0249999999999
"1775","2020-22-610",-159.2925
"1776","2020-22-608",-162.2925
"1777","2020-22-602",-273.15
"1778","2020-22-611",24.005
"1779","2020-22-607",-273.15
"1780","2020-22-604",-273.15
"1781","2020-22-605",-160.5825
"1782","2020-22-609",-273.15
"1783","2020-22-601",-159.72
"1784","2020-22-606",-273.15
"1785","2020-22-112",-273.15
"1786","2020-22-110",-273.15
"1787","2020-22-106",-273.15
"1788","2020-22-118",-273.15
"1789","2020-22-103",-273.15
"1790","2020-22-117",-273.15
"1791","2020-22-102",-273.15
"1792","2020-22-108",-273.15
"1793","2020-22-120",-273.15
"1794","2020-22-115",-273.15
"1795","2020-22-107",-273.15
"1796","2020-22-114",-161.1075
"1797","2020-22-119",-273.15
"1798","2020-22-104",-273.15
"1799","2020-22-101",-273.15
"1800","2020-22-109",-273.15
"1801","2020-22-105",-273.15
"1802","2020-22-113",-273.15
"1803","2020-22-116",-273.15
"1804","2020-22-111",-273.15
"1805","2020-23-201",27.0050000000001
"1806","2020-23-205",-198.04
"1807","2020-23-203",-197.155
"1808","2020-23-215",-273.15
"1809","2020-23-214",-273.15
"1810","2020-23-206",-198.435
"1811","2020-23-209",-196.405
"1812","2020-23-207",-197.46
"1813","2020-23-208",26.7650000000001
"1814","2020-23-216",-44.775
"1815","2020-23-210",-47.865
"1816","2020-23-204",-197.075
"1817","2020-23-202",-54.195
"1818","2020-23-212",-50.7
"1819","2020-23-213",-273.15
"1820","2020-23-211",-273.15
"1821","2020-23-306",-273.15
"1822","2020-23-301",-198.655
"1823","2020-23-308",-273.15
"1824","2020-23-304",25.4400000000001
"1825","2020-23-303",-196.715
"1826","2020-23-307",-273.15
"1827","2020-23-302",17.74
"1828","2020-23-305",27.125
"1829","2020-23-507",-196.99
"1830","2020-23-504",-273.15
"1831","2020-23-506",-196.77
"1832","2020-23-505",-46.62
"1833","2020-23-511",-198.655
"1834","2020-23-510",-273.15
"1835","2020-23-501",-273.15
"1836","2020-23-509",-198.475
"1837","2020-23-502",-197.38
"1838","2020-23-503",-273.15
"1839","2020-23-508",-273.15
"1840","2020-23-402",-50.085
"1841","2020-23-407",-196.2
"1842","2020-23-408",-196.265
"1843","2020-23-401",-273.15
"1844","2020-23-406",-197.535
"1845","2020-23-409",-195.875
"1846","2020-23-405",-198.915
"1847","2020-23-404",-48.42
"1848","2020-23-403",-196.72
"1849","2020-23-410",-47.58
"1850","2020-23-706",-273.15
"1851","2020-23-701",25.52
"1852","2020-23-705",24.39
"1853","2020-23-702",-45.15
"1854","2020-23-703",-44.595
"1855","2020-23-704",-197.855
"1856","2020-23-603",-197.895
"1857","2020-23-610",30.35
"1858","2020-23-608",23.385
"1859","2020-23-602",-196.835
"1860","2020-23-611",27.81
"1861","2020-23-607",-273.15
"1862","2020-23-604",-273.15
"1863","2020-23-605",27.005
"1864","2020-23-609",-197.92
"1865","2020-23-601",28.755
"1866","2020-23-606",-273.15
"1867","2020-23-112",-273.15
"1868","2020-23-110",-196.6
"1869","2020-23-106",-273.15
"1870","2020-23-118",-273.15
"1871","2020-23-103",-199.105
"1872","2020-23-117",-273.15
"1873","2020-23-102",-197.49
"1874","2020-23-108",-273.15
"1875","2020-23-120",-273.15
"1876","2020-23-115",-196.67
"1877","2020-23-107",-198.37
"1878","2020-23-114",26.2100000000001
"1879","2020-23-119",-273.15
"1880","2020-23-104",-273.15
"1881","2020-23-101",-195.63
"1882","2020-23-109",-197.64
"1883","2020-23-105",-273.15
"1884","2020-23-113",-195.325
"1885","2020-23-116",-199.05
"1886","2020-23-111",-273.15
"1887","2020-24-201",-11.1575
"1888","2020-24-205",27.25
"1889","2020-24-203",-7.1675
"1890","2020-24-215",-273.15
"1891","2020-24-214",-273.15
"1892","2020-24-206",-11.6475
"1893","2020-24-209",-4.5425
"1894","2020-24-207",-8.235
"1895","2020-24-208",-10.5275
"1896","2020-24-216",-273.15
"1897","2020-24-210",-273.15
"1898","2020-24-204",-6.8875
"1899","2020-24-202",-273.15
"1900","2020-24-212",-273.15
"1901","2020-24-213",-273.15
"1902","2020-24-211",-273.15
"1903","2020-24-306",-273.15
"1904","2020-24-301",-12.4175
"1905","2020-24-308",-273.15
"1906","2020-24-304",-9.91499999999991
"1907","2020-24-303",32.5625
"1908","2020-24-307",-273.15
"1909","2020-24-302",-15.6549999999999
"1910","2020-24-305",-9.73999999999999
"1911","2020-24-507",-6.59
"1912","2020-24-504",-273.15
"1913","2020-24-506",-5.82
"1914","2020-24-505",-273.15
"1915","2020-24-511",-12.4175
"1916","2020-24-510",-273.15
"1917","2020-24-501",-235.14
"1918","2020-24-509",25.36
"1919","2020-24-502",29.6325
"1920","2020-24-503",-235.4225
"1921","2020-24-508",-273.15
"1922","2020-24-402",-236.2275
"1923","2020-24-407",-3.825
"1924","2020-24-408",-4.05249999999999
"1925","2020-24-401",-273.15
"1926","2020-24-406",-8.4975
"1927","2020-24-409",35.4375
"1928","2020-24-405",-13.3275
"1929","2020-24-404",-273.15
"1930","2020-24-403",32.2350000000001
"1931","2020-24-410",-273.15
"1932","2020-24-706",-235.1675
"1933","2020-24-701",-12.1549999999999
"1934","2020-24-705",-7.1325
"1935","2020-24-702",-273.15
"1936","2020-24-703",-273.15
"1937","2020-24-704",-9.61749999999999
"1938","2020-24-603",27.295
"1939","2020-24-610",29.7225
"1940","2020-24-608",-11.2799999999999
"1941","2020-24-602",31.4825
"1942","2020-24-611",-6.1875
"1943","2020-24-607",-273.15
"1944","2020-24-604",-273.15
"1945","2020-24-605",-10.58
"1946","2020-24-609",-9.845
"1947","2020-24-601",26.9775
"1948","2020-24-606",-235.1775
"1949","2020-24-112",-273.15
"1950","2020-24-110",-5.225
"1951","2020-24-106",-235.935
"1952","2020-24-118",-235.2325
"1953","2020-24-103",-13.9925
"1954","2020-24-117",-273.15
"1955","2020-24-102",29.25
"1956","2020-24-108",-273.15
"1957","2020-24-120",-236.415
"1958","2020-24-115",-5.46999999999999
"1959","2020-24-107",-11.42
"1960","2020-24-114",-9.6875
"1961","2020-24-119",-273.15
"1962","2020-24-104",-273.15
"1963","2020-24-101",-1.83
"1964","2020-24-109",-8.86499999999999
"1965","2020-24-105",-236.1675
"1966","2020-24-113",37.3675
"1967","2020-24-116",-13.7999999999999
"1968","2020-24-111",-273.15
"1969","2020-25-201",-273.15
"1970","2020-25-205",26.97
"1971","2020-25-203",-273.15
"1972","2020-25-215",-273.15
"1973","2020-25-214",-273.15
"1974","2020-25-206",-273.15
"1975","2020-25-209",-273.15
"1976","2020-25-207",-273.15
"1977","2020-25-208",-273.15
"1978","2020-25-216",-273.15
"1979","2020-25-210",-273.15
"1980","2020-25-204",-273.15
"1981","2020-25-202",-273.15
"1982","2020-25-212",-273.15
"1983","2020-25-213",-273.15
"1984","2020-25-211",-273.15
"1985","2020-25-306",-273.15
"1986","2020-25-301",-273.15
"1987","2020-25-308",-273.15
"1988","2020-25-304",-273.15
"1989","2020-25-303",32.37
"1990","2020-25-307",-273.15
"1991","2020-25-302",-273.15
"1992","2020-25-305",-273.15
"1993","2020-25-507",-273.15
"1994","2020-25-504",-273.15
"1995","2020-25-506",-273.15
"1996","2020-25-505",-273.15
"1997","2020-25-511",-273.15
"1998","2020-25-510",-273.15
"1999","2020-25-501",30.93
"2000","2020-25-509",24.03
"2001","2020-25-502",27.55
"2002","2020-25-503",28.67
"2003","2020-25-508",-273.15
"2004","2020-25-402",22.23
"2005","2020-25-407",-273.15
"2006","2020-25-408",-273.15
"2007","2020-25-401",-273.15
"2008","2020-25-406",-273.15
"2009","2020-25-409",31.85
"2010","2020-25-405",-273.15
"2011","2020-25-404",-273.15
"2012","2020-25-403",29.89
"2013","2020-25-410",-273.15
"2014","2020-25-706",30.71
"2015","2020-25-701",-273.15
"2016","2020-25-705",-273.15
"2017","2020-25-702",-273.15
"2018","2020-25-703",-273.15
"2019","2020-25-704",-273.15
"2020","2020-25-603",23.27
"2021","2020-25-610",27.85
"2022","2020-25-608",-273.15
"2023","2020-25-602",27.09
"2024","2020-25-611",-273.15
"2025","2020-25-607",-273.15
"2026","2020-25-604",-273.15
"2027","2020-25-605",-273.15
"2028","2020-25-609",-273.15
"2029","2020-25-601",26.61
"2030","2020-25-606",30.6300000000001
"2031","2020-25-112",-273.15
"2032","2020-25-110",-273.15
"2033","2020-25-106",24.5700000000001
"2034","2020-25-118",30.1900000000001
"2035","2020-25-103",-273.15
"2036","2020-25-117",-273.15
"2037","2020-25-102",27.5700000000001
"2038","2020-25-108",-273.15
"2039","2020-25-120",20.73
"2040","2020-25-115",-273.15
"2041","2020-25-107",-273.15
"2042","2020-25-114",-273.15
"2043","2020-25-119",-273.15
"2044","2020-25-104",-273.15
"2045","2020-25-101",-273.15
"2046","2020-25-109",-273.15
"2047","2020-25-105",22.71
"2048","2020-25-113",31.89
"2049","2020-25-116",-273.15
"2050","2020-25-111",-273.15
"2051","2020-26-201",-11.2274999999999
"2052","2020-26-205",26.7075
"2053","2020-26-203",-9.1275
"2054","2020-26-215",-10.93
"2055","2020-26-214",-273.15
"2056","2020-26-206",-273.15
"2057","2020-26-209",-8.16499999999991
"2058","2020-26-207",-9.66999999999996
"2059","2020-26-208",-10.7899999999999
"2060","2020-26-216",-273.15
"2061","2020-26-210",-11.6124999999999
"2062","2020-26-204",-273.15
"2063","2020-26-202",-273.15
"2064","2020-26-212",-18.2274999999999
"2065","2020-26-213",-273.15
"2066","2020-26-211",-273.15
"2067","2020-26-306",-20.66
"2068","2020-26-301",-273.15
"2069","2020-26-308",-273.15
"2070","2020-26-304",-273.15
"2071","2020-26-303",-234.96
"2072","2020-26-307",-273.15
"2073","2020-26-302",-273.15
"2074","2020-26-305",-273.15
"2075","2020-26-507",-14.2725
"2076","2020-26-504",-6.09999999999997
"2077","2020-26-506",-273.15
"2078","2020-26-505",-8.375
"2079","2020-26-511",-9.18000000000001
"2080","2020-26-510",-273.15
"2081","2020-26-501",31.6125
"2082","2020-26-509",28.58
"2083","2020-26-502",31.2425
"2084","2020-26-503",30.6475
"2085","2020-26-508",-273.15
"2086","2020-26-402",22.825
"2087","2020-26-407",-8.58500000000004
"2088","2020-26-408",-6.7999999999999
"2089","2020-26-401",-273.15
"2090","2020-26-406",-13.5199999999999
"2091","2020-26-409",-235.025
"2092","2020-26-405",-16.5824999999999
"2093","2020-26-404",-11.1575
"2094","2020-26-403",-235.27
"2095","2020-26-410",-273.15
"2096","2020-26-706",29.3800000000001
"2097","2020-26-701",-273.15
"2098","2020-26-705",-273.15
"2099","2020-26-702",-273.15
"2100","2020-26-703",-9.74000000000001
"2101","2020-26-704",-273.15
"2102","2020-26-603",-236.0975
"2103","2020-26-610",-235.525
"2104","2020-26-608",-273.15
"2105","2020-26-602",-235.62
"2106","2020-26-611",-10.9125
"2107","2020-26-607",-273.15
"2108","2020-26-604",-12.0325
"2109","2020-26-605",-15.7074999999999
"2110","2020-26-609",-273.15
"2111","2020-26-601",29.725
"2112","2020-26-606",23.6475
"2113","2020-26-112",-11.5425
"2114","2020-26-110",-273.15
"2115","2020-26-106",-235.935
"2116","2020-26-118",-235.2325
"2117","2020-26-103",-273.15
"2118","2020-26-117",-20.8875
"2119","2020-26-102",24.3675
"2120","2020-26-108",-273.15
"2121","2020-26-120",-236.415
"2122","2020-26-115",-273.15
"2123","2020-26-107",-11.98
"2124","2020-26-114",-273.15
"2125","2020-26-119",-273.15
"2126","2020-26-104",-9.4425
"2127","2020-26-101",-273.15
"2128","2020-26-109",-9.82749999999999
"2129","2020-26-105",-236.1675
"2130","2020-26-113",-235.02
"2131","2020-26-116",-11.1749999999999
"2132","2020-26-111",-273.15
"2133","2020-27-201",26.745
"2134","2020-27-205",29.04
"2135","2020-27-203",31.515
"2136","2020-27-215",28.75
"2137","2020-27-214",-273.15
"2138","2020-27-206",-46.035
"2139","2020-27-209",30.65
"2140","2020-27-207",28.225
"2141","2020-27-208",27.305
"2142","2020-27-216",-47.085
"2143","2020-27-210",27.085
"2144","2020-27-204",-46.3499999999999
"2145","2020-27-202",-273.15
"2146","2020-27-212",-200.315
"2147","2020-27-213",-273.15
"2148","2020-27-211",-273.15
"2149","2020-27-306",-201.01
"2150","2020-27-301",-51.18
"2151","2020-27-308",-273.15
"2152","2020-27-304",-273.15
"2153","2020-27-303",-48.48
"2154","2020-27-307",-273.15
"2155","2020-27-302",-273.15
"2156","2020-27-305",-273.15
"2157","2020-27-507",28.56
"2158","2020-27-504",31.4500000000001
"2159","2020-27-506",-47.79
"2160","2020-27-505",28.685
"2161","2020-27-511",26.715
"2162","2020-27-510",-47.31
"2163","2020-27-501",-196.935
"2164","2020-27-509",25.48
"2165","2020-27-502",29.625
"2166","2020-27-503",28.86
"2167","2020-27-508",-50.2349999999999
"2168","2020-27-402",23.9
"2169","2020-27-407",32.645
"2170","2020-27-408",34.13
"2171","2020-27-401",-56.31
"2172","2020-27-406",27.4100000000001
"2173","2020-27-409",-42.465
"2174","2020-27-405",23.46
"2175","2020-27-404",27.0050000000001
"2176","2020-27-403",-44.295
"2177","2020-27-410",-45.165
"2178","2020-27-706",28.245
"2179","2020-27-701",-273.15
"2180","2020-27-705",-45.555
"2181","2020-27-702",-273.15
"2182","2020-27-703",29.045
"2183","2020-27-704",-273.15
"2184","2020-27-603",-273.15
"2185","2020-27-610",-48.915
"2186","2020-27-608",-273.15
"2187","2020-27-602",-46.4399999999999
"2188","2020-27-611",27.9
"2189","2020-27-607",-273.15
"2190","2020-27-604",25.9600000000001
"2191","2020-27-605",-199.595
"2192","2020-27-609",-273.15
"2193","2020-27-601",27.92
"2194","2020-27-606",26.145
"2195","2020-27-112",25.365
"2196","2020-27-110",-273.15
"2197","2020-27-106",-51.09
"2198","2020-27-118",-45.81
"2199","2020-27-103",-273.15
"2200","2020-27-117",-201.075
"2201","2020-27-102",26.115
"2202","2020-27-108",-273.15
"2203","2020-27-120",-273.15
"2204","2020-27-115",-46.89
"2205","2020-27-107",25.45
"2206","2020-27-114",-47.325
"2207","2020-27-119",-273.15
"2208","2020-27-104",25.635
"2209","2020-27-101",-273.15
"2210","2020-27-109",27.1
"2211","2020-27-105",-273.15
"2212","2020-27-113",-40.605
"2213","2020-27-116",27.525
"2214","2020-27-111",-273.15
"2215","2020-28-201",28.1175
"2216","2020-28-205",29.055
"2217","2020-28-203",31.6775000000001
"2218","2020-28-215",24.9650000000001
"2219","2020-28-214",-85.85
"2220","2020-28-206",29.595
"2221","2020-28-209",29.8575000000001
"2222","2020-28-207",28.6225
"2223","2020-28-208",28.11
"2224","2020-28-216",-160.1175
"2225","2020-28-210",-160.395
"2226","2020-28-204",29.4125
"2227","2020-28-202",-273.15
"2228","2020-28-212",-90.3999999999999
"2229","2020-28-213",-84.5749999999999
"2230","2020-28-211",-87.9625
"2231","2020-28-306",-91.6375
"2232","2020-28-301",23.885
"2233","2020-28-308",-90.0375
"2234","2020-28-304",-85.5
"2235","2020-28-303",29.46
"2236","2020-28-307",-91.6
"2237","2020-28-302",-90.9875
"2238","2020-28-305",-86.8375
"2239","2020-28-507",30.7725
"2240","2020-28-504",29.4375
"2241","2020-28-506",27.8300000000001
"2242","2020-28-505",28.9175
"2243","2020-28-511",27.1725
"2244","2020-28-510",27.5075
"2245","2020-28-501",-82.1
"2246","2020-28-509",26.38
"2247","2020-28-502",28.3725
"2248","2020-28-503",28.5325000000001
"2249","2020-28-508",23.645
"2250","2020-28-402",23.98
"2251","2020-28-407",33.2525
"2252","2020-28-408",33.365
"2253","2020-28-401",15.82
"2254","2020-28-406",26.34
"2255","2020-28-409",33.83
"2256","2020-28-405",25.0025000000001
"2257","2020-28-404",26.7625
"2258","2020-28-403",30.215
"2259","2020-28-410",28.4175
"2260","2020-28-706",30.3175000000001
"2261","2020-28-701",-86.475
"2262","2020-28-705",31.535
"2263","2020-28-702",-273.15
"2264","2020-28-703",30.055
"2265","2020-28-704",-89.45
"2266","2020-28-603",-85.2875
"2267","2020-28-610",27.0425
"2268","2020-28-608",-86.6625
"2269","2020-28-602",27.7175
"2270","2020-28-611",27.3875
"2271","2020-28-607",-273.15
"2272","2020-28-604",27.1525
"2273","2020-28-605",-85.2125
"2274","2020-28-609",-85.225
"2275","2020-28-601",26.1075
"2276","2020-28-606",27.5850000000001
"2277","2020-28-112",25.36
"2278","2020-28-110",-85.0874999999999
"2279","2020-28-106",24.555
"2280","2020-28-118",30.445
"2281","2020-28-103",-87.475
"2282","2020-28-117",-90.5875
"2283","2020-28-102",28.225
"2284","2020-28-108",-85.65
"2285","2020-28-120",-87.675
"2286","2020-28-115",30.0925
"2287","2020-28-107",27.19
"2288","2020-28-114",26.5750000000001
"2289","2020-28-119",-82.2749999999999
"2290","2020-28-104",26.6825
"2291","2020-28-101",-81.4
"2292","2020-28-109",27.7325000000001
"2293","2020-28-105",-273.15
"2294","2020-28-113",34.0725
"2295","2020-28-116",27.2875
"2296","2020-28-111",-273.15
"2297","2020-29-201",-122.16
"2298","2020-29-205",-122.28
"2299","2020-29-203",-120.98
"2300","2020-29-215",-125.45
"2301","2020-29-214",-123.31
"2302","2020-29-206",-121.8
"2303","2020-29-209",-121.98
"2304","2020-29-207",-122.17
"2305","2020-29-208",-122.34
"2306","2020-29-216",-122.89
"2307","2020-29-210",-273.15
"2308","2020-29-204",28.18
"2309","2020-29-202",-273.15
"2310","2020-29-212",-126.95
"2311","2020-29-213",-122.29
"2312","2020-29-211",-125
"2313","2020-29-306",-127.94
"2314","2020-29-301",-124.31
"2315","2020-29-308",-126.66
"2316","2020-29-304",-123.03
"2317","2020-29-303",-120.93
"2318","2020-29-307",-127.91
"2319","2020-29-302",-127.42
"2320","2020-29-305",-124.1
"2321","2020-29-507",-121.11
"2322","2020-29-504",-122.4
"2323","2020-29-506",31.4500000000001
"2324","2020-29-505",26.84
"2325","2020-29-511",-122.67
"2326","2020-29-510",-122.96
"2327","2020-29-501",-120.31
"2328","2020-29-509",-122.74
"2329","2020-29-502",-122.55
"2330","2020-29-503",26.9400000000001
"2331","2020-29-508",-124.88
"2332","2020-29-402",-124.66
"2333","2020-29-407",-120.11
"2334","2020-29-408",-120.41
"2335","2020-29-401",-128.71
"2336","2020-29-406",-124.11
"2337","2020-29-409",-119.84
"2338","2020-29-405",-123.95
"2339","2020-29-404",-123.34
"2340","2020-29-403",-122
"2341","2020-29-410",-123.09
"2342","2020-29-706",-120.7
"2343","2020-29-701",-123.81
"2344","2020-29-705",-120.44
"2345","2020-29-702",-273.15
"2346","2020-29-703",-121.36
"2347","2020-29-704",-126.19
"2348","2020-29-603",-122.86
"2349","2020-29-610",-122.69
"2350","2020-29-608",-123.96
"2351","2020-29-602",-123.14
"2352","2020-29-611",-123.17
"2353","2020-29-607",-273.15
"2354","2020-29-604",-122.71
"2355","2020-29-605",26.76
"2356","2020-29-609",-122.81
"2357","2020-29-601",26.64
"2358","2020-29-606",-122.7
"2359","2020-29-112",-123.85
"2360","2020-29-110",-122.7
"2361","2020-29-106",-123.81
"2362","2020-29-118",-121.21
"2363","2020-29-103",22.45
"2364","2020-29-117",-127.1
"2365","2020-29-102",-122.05
"2366","2020-29-108",-123.15
"2367","2020-29-120",-124.77
"2368","2020-29-115",-121.06
"2369","2020-29-107",-122.47
"2370","2020-29-114",-123.7
"2371","2020-29-119",-120.45
"2372","2020-29-104",-122.66
"2373","2020-29-101",-119.75
"2374","2020-29-109",-122.45
"2375","2020-29-105",-273.15
"2376","2020-29-113",-120.39
"2377","2020-29-116",-123.13
"2378","2020-29-111",-273.15
"2379","2020-30-201",-159.195
"2380","2020-30-205",-159.7575
"2381","2020-30-203",-158.2725
"2382","2020-30-215",-273.15
"2383","2020-30-214",-273.15
"2384","2020-30-206",-158.7525
"2385","2020-30-209",-158.04
"2386","2020-30-207",-158.97
"2387","2020-30-208",-159.6225
"2388","2020-30-216",28.8925
"2389","2020-30-210",-159.465
"2390","2020-30-204",28.4025
"2391","2020-30-202",-273.15
"2392","2020-30-212",-161.7525
"2393","2020-30-213",-273.15
"2394","2020-30-211",-161.01
"2395","2020-30-306",-162.855
"2396","2020-30-301",-162.735
"2397","2020-30-308",-164.8725
"2398","2020-30-304",-161.865
"2399","2020-30-303",-158.5725
"2400","2020-30-307",-165.9225
"2401","2020-30-302",-166.215
"2402","2020-30-305",-160.7925
"2403","2020-30-507",-158.85
"2404","2020-30-504",-273.15
"2405","2020-30-506",34.5075
"2406","2020-30-505",25.64
"2407","2020-30-511",-160.7775
"2408","2020-30-510",-160.065
"2409","2020-30-501",-159.675
"2410","2020-30-509",-160.9725
"2411","2020-30-502",-160.575
"2412","2020-30-503",26.5925000000001
"2413","2020-30-508",-161.6325
"2414","2020-30-402",-161.7
"2415","2020-30-407",-157.3575
"2416","2020-30-408",-157.56
"2417","2020-30-401",-166.95
"2418","2020-30-406",-160.2825
"2419","2020-30-409",-158.565
"2420","2020-30-405",-162.57
"2421","2020-30-404",-160.125
"2422","2020-30-403",-159.84
"2423","2020-30-410",-161.0625
"2424","2020-30-706",-159.3675
"2425","2020-30-701",-159.8025
"2426","2020-30-705",-273.15
"2427","2020-30-702",-158.5725
"2428","2020-30-703",-158.1675
"2429","2020-30-704",-161.3475
"2430","2020-30-603",-160.62
"2431","2020-30-610",-273.15
"2432","2020-30-608",-273.15
"2433","2020-30-602",-158.5275
"2434","2020-30-611",-161.5125
"2435","2020-30-607",-273.15
"2436","2020-30-604",-273.15
"2437","2020-30-605",25.0325
"2438","2020-30-609",-161.4525
"2439","2020-30-601",-85.05
"2440","2020-30-606",-273.15
"2441","2020-30-112",-273.15
"2442","2020-30-110",-161.2875
"2443","2020-30-106",-160.515
"2444","2020-30-118",-159.3975
"2445","2020-30-103",22.2075
"2446","2020-30-117",-273.15
"2447","2020-30-102",-159.1575
"2448","2020-30-108",-273.15
"2449","2020-30-120",-163.2075
"2450","2020-30-115",-159.0375
"2451","2020-30-107",-160.935
"2452","2020-30-114",-160.08
"2453","2020-30-119",-273.15
"2454","2020-30-104",-273.15
"2455","2020-30-101",-158.1375
"2456","2020-30-109",-160.38
"2457","2020-30-105",-273.15
"2458","2020-30-113",-158.3475
"2459","2020-30-116",-273.15
"2460","2020-30-111",-162.15
"2461","2020-31-201",29.68
"2462","2020-31-205",28.66
"2463","2020-31-203",31.8600000000001
"2464","2020-31-215",-273.15
"2465","2020-31-214",-273.15
"2466","2020-31-206",-44.355
"2467","2020-31-209",32.61
"2468","2020-31-207",-44.79
"2469","2020-31-208",29.075
"2470","2020-31-216",-44.715
"2471","2020-31-210",-45.78
"2472","2020-31-204",29.79
"2473","2020-31-202",-273.15
"2474","2020-31-212",-50.355
"2475","2020-31-213",-197.925
"2476","2020-31-211",-48.87
"2477","2020-31-306",-52.56
"2478","2020-31-301",21.965
"2479","2020-31-308",-56.595
"2480","2020-31-304",-50.58
"2481","2020-31-303",-43.995
"2482","2020-31-307",-58.695
"2483","2020-31-302",-59.28
"2484","2020-31-305",-48.435
"2485","2020-31-507",-44.55
"2486","2020-31-504",-273.15
"2487","2020-31-506",34.0350000000001
"2488","2020-31-505",28.325
"2489","2020-31-511",26.43
"2490","2020-31-510",28.85
"2491","2020-31-501",-46.2
"2492","2020-31-509",26.255
"2493","2020-31-502",27.475
"2494","2020-31-503",29.065
"2495","2020-31-508",-50.115
"2496","2020-31-402",-50.25
"2497","2020-31-407",-41.5649999999999
"2498","2020-31-408",-41.97
"2499","2020-31-401",-60.75
"2500","2020-31-406",-47.415
"2501","2020-31-409",-43.98
"2502","2020-31-405",-51.99
"2503","2020-31-404",-47.0999999999999
"2504","2020-31-403",-46.53
"2505","2020-31-410",-48.9749999999999
"2506","2020-31-706",-45.585
"2507","2020-31-701",-46.455
"2508","2020-31-705",-273.15
"2509","2020-31-702",-43.995
"2510","2020-31-703",-43.185
"2511","2020-31-704",25.28
"2512","2020-31-603",26.24
"2513","2020-31-610",-197.27
"2514","2020-31-608",-273.15
"2515","2020-31-602",-43.905
"2516","2020-31-611",25.14
"2517","2020-31-607",-273.15
"2518","2020-31-604",-273.15
"2519","2020-31-605",24.055
"2520","2020-31-609",-49.755
"2521","2020-31-601",-273.15
"2522","2020-31-606",-198.04
"2523","2020-31-112",-273.15
"2524","2020-31-110",-49.425
"2525","2020-31-106",25.645
"2526","2020-31-118",-45.6449999999999
"2527","2020-31-103",24.95
"2528","2020-31-117",-202.485
"2529","2020-31-102",-45.165
"2530","2020-31-108",-273.15
"2531","2020-31-120",-53.265
"2532","2020-31-115",-44.925
"2533","2020-31-107",26.245
"2534","2020-31-114",-47.01
"2535","2020-31-119",-196.145
"2536","2020-31-104",-273.15
"2537","2020-31-101",-43.125
"2538","2020-31-109",28.1000000000001
"2539","2020-31-105",-273.15
"2540","2020-31-113",-43.545
"2541","2020-31-116",-273.15
"2542","2020-31-111",-51.15
"2543","2020-32-201",26.5375
"2544","2020-32-205",26.9225
"2545","2020-32-203",28.285
"2546","2020-32-215",-273.15
"2547","2020-32-214",-273.15
"2548","2020-32-206",-235.3975
"2549","2020-32-209",29.1425
"2550","2020-32-207",-235.2975
"2551","2020-32-208",27.4525
"2552","2020-32-216",-235.2
"2553","2020-32-210",-273.15
"2554","2020-32-204",26.3700000000001
"2555","2020-32-202",-273.15
"2556","2020-32-212",-273.15
"2557","2020-32-213",-9.86249999999991
"2558","2020-32-211",-273.15
"2559","2020-32-306",-236.2075
"2560","2020-32-301",23.535
"2561","2020-32-308",-236.7175
"2562","2020-32-304",-235.1325
"2563","2020-32-303",-235.5175
"2564","2020-32-307",-273.15
"2565","2020-32-302",-236.12
"2566","2020-32-305",-234.7175
"2567","2020-32-507",-235.4275
"2568","2020-32-504",-235.4075
"2569","2020-32-506",33.3675
"2570","2020-32-505",-7.42999999999999
"2571","2020-32-511",26.5475000000001
"2572","2020-32-510",-7.745
"2573","2020-32-501",-273.15
"2574","2020-32-509",27.2775
"2575","2020-32-502",28.7775000000001
"2576","2020-32-503",29.12
"2577","2020-32-508",-235.7625
"2578","2020-32-402",-236.0025
"2579","2020-32-407",-234.79
"2580","2020-32-408",-234.8925
"2581","2020-32-401",-273.15
"2582","2020-32-406",-235.5975
"2583","2020-32-409",-234.94
"2584","2020-32-405",-235.9475
"2585","2020-32-404",-235.815
"2586","2020-32-403",-235.1725
"2587","2020-32-410",-236.7425
"2588","2020-32-706",-273.15
"2589","2020-32-701",-235.8175
"2590","2020-32-705",-234.89
"2591","2020-32-702",-273.15
"2592","2020-32-703",-234.785
"2593","2020-32-704",-11.2625
"2594","2020-32-603",24.285
"2595","2020-32-610",30.39
"2596","2020-32-608",-273.15
"2597","2020-32-602",-235.2
"2598","2020-32-611",-10.5975
"2599","2020-32-607",-273.15
"2600","2020-32-604",-235.6925
"2601","2020-32-605",25.77
"2602","2020-32-609",-235.255
"2603","2020-32-601",-235.4325
"2604","2020-32-606",27.3125
"2605","2020-32-112",-273.15
"2606","2020-32-110",-235.465
"2607","2020-32-106",21.3525
"2608","2020-32-118",-273.15
"2609","2020-32-103",26.71
"2610","2020-32-117",10.225
"2611","2020-32-102",-235.5125
"2612","2020-32-108",-273.15
"2613","2020-32-120",-235.775
"2614","2020-32-115",-273.15
"2615","2020-32-107",26.8125
"2616","2020-32-114",-235.675
"2617","2020-32-119",-3.6325
"2618","2020-32-104",-273.15
"2619","2020-32-101",-234.5325
"2620","2020-32-109",29.7025000000001
"2621","2020-32-105",-235.845
"2622","2020-32-113",-234.805
"2623","2020-32-116",-273.15
"2624","2020-32-111",-273.15
"2625","2020-33-201",26.59
"2626","2020-33-205",26.73
"2627","2020-33-203",31.1900000000001
"2628","2020-33-215",-273.15
"2629","2020-33-214",-273.15
"2630","2020-33-206",28.87
"2631","2020-33-209",30.0700000000001
"2632","2020-33-207",29.67
"2633","2020-33-208",26.91
"2634","2020-33-216",30.45
"2635","2020-33-210",-273.15
"2636","2020-33-204",27.6300000000001
"2637","2020-33-202",-273.15
"2638","2020-33-212",-273.15
"2639","2020-33-213",-273.15
"2640","2020-33-211",-273.15
"2641","2020-33-306",22.39
"2642","2020-33-301",20.35
"2643","2020-33-308",18.31
"2644","2020-33-304",30.99
"2645","2020-33-303",27.91
"2646","2020-33-307",-273.15
"2647","2020-33-302",23.09
"2648","2020-33-305",34.31
"2649","2020-33-507",28.6300000000001
"2650","2020-33-504",28.79
"2651","2020-33-506",29.43
"2652","2020-33-505",-273.15
"2653","2020-33-511",29.05
"2654","2020-33-510",-273.15
"2655","2020-33-501",-273.15
"2656","2020-33-509",28.87
"2657","2020-33-502",28.97
"2658","2020-33-503",28.77
"2659","2020-33-508",25.95
"2660","2020-33-402",24.03
"2661","2020-33-407",33.73
"2662","2020-33-408",32.91
"2663","2020-33-401",-273.15
"2664","2020-33-406",27.27
"2665","2020-33-409",32.53
"2666","2020-33-405",24.47
"2667","2020-33-404",25.53
"2668","2020-33-403",30.67
"2669","2020-33-410",18.11
"2670","2020-33-706",-273.15
"2671","2020-33-701",25.51
"2672","2020-33-705",32.93
"2673","2020-33-702",-273.15
"2674","2020-33-703",33.77
"2675","2020-33-704",-273.15
"2676","2020-33-603",25.09
"2677","2020-33-610",30.53
"2678","2020-33-608",-273.15
"2679","2020-33-602",30.45
"2680","2020-33-611",-273.15
"2681","2020-33-607",-273.15
"2682","2020-33-604",26.51
"2683","2020-33-605",25.49
"2684","2020-33-609",30.01
"2685","2020-33-601",28.59
"2686","2020-33-606",27.47
"2687","2020-33-112",-273.15
"2688","2020-33-110",28.33
"2689","2020-33-106",24.17
"2690","2020-33-118",-273.15
"2691","2020-33-103",24.7500000000001
"2692","2020-33-117",15.23
"2693","2020-33-102",27.95
"2694","2020-33-108",-273.15
"2695","2020-33-120",25.85
"2696","2020-33-115",-273.15
"2697","2020-33-107",27.53
"2698","2020-33-114",26.65
"2699","2020-33-119",-273.15
"2700","2020-33-104",-273.15
"2701","2020-33-101",35.79
"2702","2020-33-109",29.79
"2703","2020-33-105",25.29
"2704","2020-33-113",33.61
"2705","2020-33-116",-273.15
"2706","2020-33-111",-273.15
"2707","2020-34-201",-235.6825
"2708","2020-34-205",27.325
"2709","2020-34-203",23.2975
"2710","2020-34-215",-7.00999999999999
"2711","2020-34-214",-273.15
"2712","2020-34-206",-235.3975
"2713","2020-34-209",-235.2475
"2714","2020-34-207",-235.2975
"2715","2020-34-208",-235.6425
"2716","2020-34-216",-235.2
"2717","2020-34-210",-8.1825
"2718","2020-34-204",24.83
"2719","2020-34-202",-12.1725
"2720","2020-34-212",-273.15
"2721","2020-34-213",-273.15
"2722","2020-34-211",-273.15
"2723","2020-34-306",-236.2075
"2724","2020-34-301",21.75
"2725","2020-34-308",18.835
"2726","2020-34-304",-235.1325
"2727","2020-34-303",-235.5175
"2728","2020-34-307",-273.15
"2729","2020-34-302",-236.12
"2730","2020-34-305",-234.7175
"2731","2020-34-507",-235.4275
"2732","2020-34-504",-235.4075
"2733","2020-34-506",-235.3275
"2734","2020-34-505",-273.15
"2735","2020-34-511",-235.375
"2736","2020-34-510",-273.15
"2737","2020-34-501",-273.15
"2738","2020-34-509",-235.3975
"2739","2020-34-502",-235.385
"2740","2020-34-503",-235.41
"2741","2020-34-508",-235.7625
"2742","2020-34-402",-236.0025
"2743","2020-34-407",31.7175
"2744","2020-34-408",-234.8925
"2745","2020-34-401",-273.15
"2746","2020-34-406",25.66
"2747","2020-34-409",-234.94
"2748","2020-34-405",22.265
"2749","2020-34-404",-235.815
"2750","2020-34-403",32.175
"2751","2020-34-410",29.4500000000001
"2752","2020-34-706",-8.32249999999999
"2753","2020-34-701",23.62
"2754","2020-34-705",30.655
"2755","2020-34-702",-7.95499999999998
"2756","2020-34-703",30.9175
"2757","2020-34-704",-13.835
"2758","2020-34-603",29.0275
"2759","2020-34-610",30.635
"2760","2020-34-608",-12.4175
"2761","2020-34-602",-235.2
"2762","2020-34-611",-273.15
"2763","2020-34-607",-273.15
"2764","2020-34-604",-235.6925
"2765","2020-34-605",25.98
"2766","2020-34-609",-235.255
"2767","2020-34-601",-235.4325
"2768","2020-34-606",26.665
"2769","2020-34-112",-13.1175
"2770","2020-34-110",-235.465
"2771","2020-34-106",21.7025
"2772","2020-34-118",-273.15
"2773","2020-34-103",24.435
"2774","2020-34-117",-237.1025
"2775","2020-34-102",-235.5125
"2776","2020-34-108",-273.15
"2777","2020-34-120",-235.775
"2778","2020-34-115",-273.15
"2779","2020-34-107",26.83
"2780","2020-34-114",28.19
"2781","2020-34-119",-273.15
"2782","2020-34-104",-273.15
"2783","2020-34-101",33.0250000000001
"2784","2020-34-109",-235.2825
"2785","2020-34-105",-235.845
"2786","2020-34-113",34.52
"2787","2020-34-116",-273.15
"2788","2020-34-111",-273.15
"2789","2020-35-201",-47.835
"2790","2020-35-205",28.235
"2791","2020-35-203",27.255
"2792","2020-35-215",31.79
"2793","2020-35-214",-44.415
"2794","2020-35-206",-47.535
"2795","2020-35-209",-45.96
"2796","2020-35-207",-46.62
"2797","2020-35-208",-47.01
"2798","2020-35-216",-44.04
"2799","2020-35-210",28.425
"2800","2020-35-204",28.195
"2801","2020-35-202",25.2150000000001
"2802","2020-35-212",-273.15
"2803","2020-35-213",-47.34
"2804","2020-35-211",-50.295
"2805","2020-35-306",-56.64
"2806","2020-35-301",24.02
"2807","2020-35-308",19.24
"2808","2020-35-304",-47.67
"2809","2020-35-303",-42.945
"2810","2020-35-307",-54.9
"2811","2020-35-302",-52.83
"2812","2020-35-305",-49.1099999999999
"2813","2020-35-507",-44.4749999999999
"2814","2020-35-504",-45.405
"2815","2020-35-506",-44.325
"2816","2020-35-505",-45.495
"2817","2020-35-511",-48.015
"2818","2020-35-510",-47.22
"2819","2020-35-501",-46.125
"2820","2020-35-509",-47.76
"2821","2020-35-502",-46.035
"2822","2020-35-503",-45.195
"2823","2020-35-508",-48.42
"2824","2020-35-402",-50.37
"2825","2020-35-407",32.855
"2826","2020-35-408",-42.915
"2827","2020-35-401",-55.455
"2828","2020-35-406",28.07
"2829","2020-35-409",-41.76
"2830","2020-35-405",25.385
"2831","2020-35-404",-48.03
"2832","2020-35-403",32.015
"2833","2020-35-410",31.1150000000001
"2834","2020-35-706",31.28
"2835","2020-35-701",25.36
"2836","2020-35-705",32.565
"2837","2020-35-702",32.135
"2838","2020-35-703",32.0550000000001
"2839","2020-35-704",25.655
"2840","2020-35-603",28.18
"2841","2020-35-610",30.11
"2842","2020-35-608",25.955
"2843","2020-35-602",-45.21
"2844","2020-35-611",-48.165
"2845","2020-35-607",-273.15
"2846","2020-35-604",-48.6899999999999
"2847","2020-35-605",-198.35
"2848","2020-35-609",-46.8149999999999
"2849","2020-35-601",-46.74
"2850","2020-35-606",27.495
"2851","2020-35-112",24.555
"2852","2020-35-110",-47.505
"2853","2020-35-106",22.61
"2854","2020-35-118",-42.525
"2855","2020-35-103",23.34
"2856","2020-35-117",-56.07
"2857","2020-35-102",-46.995
"2858","2020-35-108",-46.845
"2859","2020-35-120",-52.2
"2860","2020-35-115",-44.2349999999999
"2861","2020-35-107",26.115
"2862","2020-35-114",27.99
"2863","2020-35-119",-43.59
"2864","2020-35-104",-273.15
"2865","2020-35-101",34.355
"2866","2020-35-109",-46.935
"2867","2020-35-105",-48.5999999999999
"2868","2020-35-113",34.56
"2869","2020-35-116",-48.705
"2870","2020-35-111",-50.91
"2871","2020-36-201",27.8450000000001
"2872","2020-36-205",-160.0275
"2873","2020-36-203",29.675
"2874","2020-36-215",32.4125000000001
"2875","2020-36-214",-158.7825
"2876","2020-36-206",27.82
"2877","2020-36-209",-159.555
"2878","2020-36-207",-159.885
"2879","2020-36-208",27.4825
"2880","2020-36-216",-158.595
"2881","2020-36-210",-160.215
"2882","2020-36-204",-159.675
"2883","2020-36-202",-161.25
"2884","2020-36-212",-273.15
"2885","2020-36-213",29.155
"2886","2020-36-211",-161.7225
"2887","2020-36-306",21.0425
"2888","2020-36-301",24.7975
"2889","2020-36-308",19.9125000000001
"2890","2020-36-304",29.265
"2891","2020-36-303",31.8150000000001
"2892","2020-36-307",16.1125000000001
"2893","2020-36-302",19.6850000000001
"2894","2020-36-305",27.8700000000001
"2895","2020-36-507",29.6625
"2896","2020-36-504",30.26
"2897","2020-36-506",-158.7375
"2898","2020-36-505",28.59
"2899","2020-36-511",-160.5825
"2900","2020-36-510",-160.185
"2901","2020-36-501",29.2875000000001
"2902","2020-36-509",25.32
"2903","2020-36-502",29.5325
"2904","2020-36-503",28.065
"2905","2020-36-508",26.14
"2906","2020-36-402",24.5775
"2907","2020-36-407",33.6175
"2908","2020-36-408",34.63
"2909","2020-36-401",16.8225
"2910","2020-36-406",26.6625
"2911","2020-36-409",35.4325
"2912","2020-36-405",26.3425
"2913","2020-36-404",26.4725
"2914","2020-36-403",30.965
"2915","2020-36-410",26.655
"2916","2020-36-706",31.2325
"2917","2020-36-701",26.205
"2918","2020-36-705",32.9600000000001
"2919","2020-36-702",-158.3925
"2920","2020-36-703",33.095
"2921","2020-36-704",23.545
"2922","2020-36-603",26.7975000000001
"2923","2020-36-610",-159.495
"2924","2020-36-608",25.1425
"2925","2020-36-602",-159.18
"2926","2020-36-611",-160.6575
"2927","2020-36-607",-273.15
"2928","2020-36-604",-160.92
"2929","2020-36-605",-86.525
"2930","2020-36-609",-159.9825
"2931","2020-36-601",-159.945
"2932","2020-36-606",27.8225
"2933","2020-36-112",-161.445
"2934","2020-36-110",27.085
"2935","2020-36-106",22.3175
"2936","2020-36-118",31.5
"2937","2020-36-103",22.9775
"2938","2020-36-117",-164.61
"2939","2020-36-102",28.59
"2940","2020-36-108",29.1775
"2941","2020-36-120",-162.675
"2942","2020-36-115",31.4325
"2943","2020-36-107",25.7975
"2944","2020-36-114",26.725
"2945","2020-36-119",33.8675
"2946","2020-36-104",-273.15
"2947","2020-36-101",34.5050000000001
"2948","2020-36-109",28.4075
"2949","2020-36-105",-160.875
"2950","2020-36-113",34.03
"2951","2020-36-116",25.2975
"2952","2020-36-111",22.0575
"2953","2020-37-201",28.0500000000001
"2954","2020-37-205",-123.33
"2955","2020-37-203",30.46
"2956","2020-37-215",30.1500000000001
"2957","2020-37-214",-273.15
"2958","2020-37-206",28.47
"2959","2020-37-209",-120.65
"2960","2020-37-207",-121.66
"2961","2020-37-208",-123.1
"2962","2020-37-216",-273.15
"2963","2020-37-210",-122.04
"2964","2020-37-204",-122.58
"2965","2020-37-202",-273.15
"2966","2020-37-212",-273.15
"2967","2020-37-213",29.94
"2968","2020-37-211",-273.15
"2969","2020-37-306",-124.4
"2970","2020-37-301",24.97
"2971","2020-37-308",-126.45
"2972","2020-37-304",29.52
"2973","2020-37-303",-121.26
"2974","2020-37-307",-129.04
"2975","2020-37-302",-127.01
"2976","2020-37-305",28.0300000000001
"2977","2020-37-507",28.64
"2978","2020-37-504",29.69
"2979","2020-37-506",-121.61
"2980","2020-37-505",28.1000000000001
"2981","2020-37-511",-273.15
"2982","2020-37-510",-122.74
"2983","2020-37-501",28.0700000000001
"2984","2020-37-509",-124.53
"2985","2020-37-502",28.26
"2986","2020-37-503",-123.36
"2987","2020-37-508",25.4
"2988","2020-37-402",-124.08
"2989","2020-37-407",34.88
"2990","2020-37-408",35.52
"2991","2020-37-401",-128.25
"2992","2020-37-406",27.39
"2993","2020-37-409",37.48
"2994","2020-37-405",24.41
"2995","2020-37-404",26.45
"2996","2020-37-403",32.13
"2997","2020-37-410",22.71
"2998","2020-37-706",28.98
"2999","2020-37-701",-123.42
"3000","2020-37-705",34.5000000000001
"3001","2020-37-702",-273.15
"3002","2020-37-703",33.67
"3003","2020-37-704",23.39
"3004","2020-37-603",26.65
"3005","2020-37-610",-121.61
"3006","2020-37-608",25.6
"3007","2020-37-602",-119.56
"3008","2020-37-611",-123.42
"3009","2020-37-607",-273.15
"3010","2020-37-604",-121.54
"3011","2020-37-605",26.89
"3012","2020-37-609",-273.15
"3013","2020-37-601",-121.62
"3014","2020-37-606",27.79
"3015","2020-37-112",-273.15
"3016","2020-37-110",28.62
"3017","2020-37-106",24.37
"3018","2020-37-118",-121.68
"3019","2020-37-103",-125.09
"3020","2020-37-117",-273.15
"3021","2020-37-102",29.1700000000001
"3022","2020-37-108",29.86
"3023","2020-37-120",-125.61
"3024","2020-37-115",-121.05
"3025","2020-37-107",-123.71
"3026","2020-37-114",27.89
"3027","2020-37-119",34.5
"3028","2020-37-104",-273.15
"3029","2020-37-101",35.3200000000001
"3030","2020-37-109",27.98
"3031","2020-37-105",-273.15
"3032","2020-37-113",33.94
"3033","2020-37-116",-124.17
"3034","2020-37-111",-125.88
"3035","2020-38-201",-84.9875
"3036","2020-38-205",27.195
"3037","2020-38-203",-83.175
"3038","2020-38-215",-85.1375
"3039","2020-38-214",-273.15
"3040","2020-38-206",-84.2875
"3041","2020-38-209",31.9025
"3042","2020-38-207",29.0125
"3043","2020-38-208",-273.15
"3044","2020-38-216",-158.9625
"3045","2020-38-210",-84.2624999999999
"3046","2020-38-204",29.2425
"3047","2020-38-202",-273.15
"3048","2020-38-212",-273.15
"3049","2020-38-213",-83.6875
"3050","2020-38-211",-273.15
"3051","2020-38-306",-163.7775
"3052","2020-38-301",23.8
"3053","2020-38-308",-273.15
"3054","2020-38-304",-84.4875
"3055","2020-38-303",-273.15
"3056","2020-38-307",-273.15
"3057","2020-38-302",-273.15
"3058","2020-38-305",26.33
"3059","2020-38-507",29.38
"3060","2020-38-504",29.915
"3061","2020-38-506",29.6975
"3062","2020-38-505",28.9825000000001
"3063","2020-38-511",-160.6575
"3064","2020-38-510",26.83
"3065","2020-38-501",28.54
"3066","2020-38-509",-160.6125
"3067","2020-38-502",27.4600000000001
"3068","2020-38-503",-159.6
"3069","2020-38-508",25.1925
"3070","2020-38-402",-161.91
"3071","2020-38-407",35.025
"3072","2020-38-408",35.06
"3073","2020-38-401",-273.15
"3074","2020-38-406",-84
"3075","2020-38-409",36.04
"3076","2020-38-405",-88.3125
"3077","2020-38-404",-85.7124999999999
"3078","2020-38-403",-81.275
"3079","2020-38-410",23.595
"3080","2020-38-706",28.9775
"3081","2020-38-701",-273.15
"3082","2020-38-705",-79.7749999999999
"3083","2020-38-702",-158.9025
"3084","2020-38-703",33.345
"3085","2020-38-704",26.01
"3086","2020-38-603",27.32
"3087","2020-38-610",-83.725
"3088","2020-38-608",26.7925
"3089","2020-38-602",31.705
"3090","2020-38-611",25.7175
"3091","2020-38-607",-273.15
"3092","2020-38-604",29.2075000000001
"3093","2020-38-605",28.1725
"3094","2020-38-609",-273.15
"3095","2020-38-601",29.19
"3096","2020-38-606",28.2300000000001
"3097","2020-38-112",-162.345
"3098","2020-38-110",27.5975
"3099","2020-38-106",-85.65
"3100","2020-38-118",-273.15
"3101","2020-38-103",-273.15
"3102","2020-38-117",-273.15
"3103","2020-38-102",27.9725000000001
"3104","2020-38-108",-83.5624999999999
"3105","2020-38-120",-88.725
"3106","2020-38-115",-273.15
"3107","2020-38-107",-160.8675
"3108","2020-38-114",-83.85
"3109","2020-38-119",-80.8249999999999
"3110","2020-38-104",-273.15
"3111","2020-38-101",35.565
"3112","2020-38-109",27.5075
"3113","2020-38-105",-167.1675
"3114","2020-38-113",33.76
"3115","2020-38-116",-273.15
"3116","2020-38-111",-273.15
"3117","2020-39-201",-273.15
"3118","2020-39-205",-47.01
"3119","2020-39-203",-273.15
"3120","2020-39-215",-196.855
"3121","2020-39-214",-273.15
"3122","2020-39-206",-197.855
"3123","2020-39-209",31.505
"3124","2020-39-207",-47.55
"3125","2020-39-208",-273.15
"3126","2020-39-216",31.63
"3127","2020-39-210",-273.15
"3128","2020-39-204",-44.79
"3129","2020-39-202",-273.15
"3130","2020-39-212",-273.15
"3131","2020-39-213",-273.15
"3132","2020-39-211",-198.23
"3133","2020-39-306",-54.405
"3134","2020-39-301",22.21
"3135","2020-39-308",-273.15
"3136","2020-39-304",-198.095
"3137","2020-39-303",-273.15
"3138","2020-39-307",-273.15
"3139","2020-39-302",-273.15
"3140","2020-39-305",26.77
"3141","2020-39-507",29.885
"3142","2020-39-504",-45.045
"3143","2020-39-506",29.875
"3144","2020-39-505",29.925
"3145","2020-39-511",26.935
"3146","2020-39-510",-49.215
"3147","2020-39-501",31.095
"3148","2020-39-509",-48.075
"3149","2020-39-502",28.33
"3150","2020-39-503",29.71
"3151","2020-39-508",25.56
"3152","2020-39-402",23.285
"3153","2020-39-407",-43.2
"3154","2020-39-408",-43.08
"3155","2020-39-401",-273.15
"3156","2020-39-406",-273.15
"3157","2020-39-409",-45.57
"3158","2020-39-405",-273.15
"3159","2020-39-404",-273.15
"3160","2020-39-403",-273.15
"3161","2020-39-410",26.99
"3162","2020-39-706",32.005
"3163","2020-39-701",-273.15
"3164","2020-39-705",-196.995
"3165","2020-39-702",30.91
"3166","2020-39-703",32.295
"3167","2020-39-704",27.57
"3168","2020-39-603",-47.46
"3169","2020-39-610",-197.41
"3170","2020-39-608",27
"3171","2020-39-602",27.725
"3172","2020-39-611",-49.74
"3173","2020-39-607",-273.15
"3174","2020-39-604",27.3
"3175","2020-39-605",-47.355
"3176","2020-39-609",-273.15
"3177","2020-39-601",28.13
"3178","2020-39-606",-46.515
"3179","2020-39-112",-51.54
"3180","2020-39-110",-51.255
"3181","2020-39-106",-273.15
"3182","2020-39-118",-273.15
"3183","2020-39-103",-198.555
"3184","2020-39-117",-273.15
"3185","2020-39-102",-49.38
"3186","2020-39-108",-273.15
"3187","2020-39-120",-273.15
"3188","2020-39-115",-273.15
"3189","2020-39-107",-48.585
"3190","2020-39-114",-273.15
"3191","2020-39-119",-273.15
"3192","2020-39-104",-273.15
"3193","2020-39-101",-42.6449999999999
"3194","2020-39-109",-47.76
"3195","2020-39-105",-61.185
"3196","2020-39-113",-43.455
"3197","2020-39-116",-273.15
"3198","2020-39-111",-273.15
"3199","2020-40-201",-235.325
"3200","2020-40-205",-235.4675
"3201","2020-40-203",-234.9675
"3202","2020-40-215",31.555
"3203","2020-40-214",-234.97
"3204","2020-40-206",28.0675
"3205","2020-40-209",-7.85
"3206","2020-40-207",-235.18
"3207","2020-40-208",-235.2375
"3208","2020-40-216",-5.7325
"3209","2020-40-210",-235.35
"3210","2020-40-204",-235.1275
"3211","2020-40-202",-235.7325
"3212","2020-40-212",-236.11
"3213","2020-40-213",-235.1975
"3214","2020-40-211",-10.93
"3215","2020-40-306",-236.2225
"3216","2020-40-301",24.8575
"3217","2020-40-308",-236.7625
"3218","2020-40-304",27.7675000000001
"3219","2020-40-303",-234.61
"3220","2020-40-307",-273.15
"3221","2020-40-302",-273.15
"3222","2020-40-305",28.675
"3223","2020-40-507",28.92
"3224","2020-40-504",-235.1275
"3225","2020-40-506",31.2275000000001
"3226","2020-40-505",31.055
"3227","2020-40-511",27.1700000000001
"3228","2020-40-510",-235.585
"3229","2020-40-501",30.8525
"3230","2020-40-509",-235.4125
"3231","2020-40-502",28.71
"3232","2020-40-503",29.7475
"3233","2020-40-508",24.8275
"3234","2020-40-402",22.885
"3235","2020-40-407",-234.825
"3236","2020-40-408",-234.6675
"3237","2020-40-401",-273.15
"3238","2020-40-406",-235.2325
"3239","2020-40-409",-234.165
"3240","2020-40-405",-235.5
"3241","2020-40-404",-235.365
"3242","2020-40-403",-234.8225
"3243","2020-40-410",-11
"3244","2020-40-706",31.5500000000001
"3245","2020-40-701",-236.015
"3246","2020-40-705",30.8875
"3247","2020-40-702",-8.6725
"3248","2020-40-703",-6.08249999999991
"3249","2020-40-704",26.4675
"3250","2020-40-603",-273.15
"3251","2020-40-610",-8.06
"3252","2020-40-608",-10.0725
"3253","2020-40-602",-10.16
"3254","2020-40-611",-235.8725
"3255","2020-40-607",-273.15
"3256","2020-40-604",26.11
"3257","2020-40-605",-235.4975
"3258","2020-40-609",-235.35
"3259","2020-40-601",28.3
"3260","2020-40-606",-235.3375
"3261","2020-40-112",-235.735
"3262","2020-40-110",-235.4125
"3263","2020-40-106",-235.8275
"3264","2020-40-118",-234.16
"3265","2020-40-103",24.965
"3266","2020-40-117",-237.0175
"3267","2020-40-102",-235.275
"3268","2020-40-108",-235.3575
"3269","2020-40-120",-236.02
"3270","2020-40-115",-234.525
"3271","2020-40-107",-235.5725
"3272","2020-40-114",-235.22
"3273","2020-40-119",-273.15
"3274","2020-40-104",-273.15
"3275","2020-40-101",-234.3775
"3276","2020-40-109",-235.3225
"3277","2020-40-105",-235.7925
"3278","2020-40-113",-234.235
"3279","2020-40-116",-235.56
"3280","2020-40-111",-235.9375
"3281","2020-41-201",29.45
"3282","2020-41-205",28.31
"3283","2020-41-203",32.31
"3284","2020-41-215",28.23
"3285","2020-41-214",32.29
"3286","2020-41-206",28.33
"3287","2020-41-209",-273.15
"3288","2020-41-207",30.61
"3289","2020-41-208",30.15
"3290","2020-41-216",-273.15
"3291","2020-41-210",29.2500000000001
"3292","2020-41-204",31.03
"3293","2020-41-202",26.1900000000001
"3294","2020-41-212",23.17
"3295","2020-41-213",30.47
"3296","2020-41-211",-273.15
"3297","2020-41-306",22.27
"3298","2020-41-301",31.6300000000001
"3299","2020-41-308",17.95
"3300","2020-41-304",32.65
"3301","2020-41-303",35.17
"3302","2020-41-307",-273.15
"3303","2020-41-302",-273.15
"3304","2020-41-305",15.97
"3305","2020-41-507",29.41
"3306","2020-41-504",31.03
"3307","2020-41-506",28.83
"3308","2020-41-505",29.41
"3309","2020-41-511",26.61
"3310","2020-41-510",27.37
"3311","2020-41-501",29.05
"3312","2020-41-509",28.7500000000001
"3313","2020-41-502",26.7500000000001
"3314","2020-41-503",28.7500000000001
"3315","2020-41-508",23.27
"3316","2020-41-402",24.39
"3317","2020-41-407",33.45
"3318","2020-41-408",34.71
"3319","2020-41-401",-273.15
"3320","2020-41-406",30.1900000000001
"3321","2020-41-409",38.73
"3322","2020-41-405",28.05
"3323","2020-41-404",29.1300000000001
"3324","2020-41-403",33.47
"3325","2020-41-410",-273.15
"3326","2020-41-706",30.15
"3327","2020-41-701",23.93
"3328","2020-41-705",26.81
"3329","2020-41-702",-273.15
"3330","2020-41-703",-273.15
"3331","2020-41-704",21.6900000000001
"3332","2020-41-603",-273.15
"3333","2020-41-610",-273.15
"3334","2020-41-608",-273.15
"3335","2020-41-602",-273.15
"3336","2020-41-611",25.0700000000001
"3337","2020-41-607",-273.15
"3338","2020-41-604",27.65
"3339","2020-41-605",28.0700000000001
"3340","2020-41-609",29.2500000000001
"3341","2020-41-601",26.55
"3342","2020-41-606",29.35
"3343","2020-41-112",26.17
"3344","2020-41-110",28.7500000000001
"3345","2020-41-106",25.43
"3346","2020-41-118",38.77
"3347","2020-41-103",23.11
"3348","2020-41-117",15.91
"3349","2020-41-102",29.85
"3350","2020-41-108",29.1900000000001
"3351","2020-41-120",23.89
"3352","2020-41-115",35.85
"3353","2020-41-107",27.47
"3354","2020-41-114",30.29
"3355","2020-41-119",-273.15
"3356","2020-41-104",-273.15
"3357","2020-41-101",37.03
"3358","2020-41-109",29.47
"3359","2020-41-105",25.71
"3360","2020-41-113",38.17
"3361","2020-41-116",27.5700000000001
"3362","2020-41-111",24.55
"3363","2020-42-201",-235.325
"3364","2020-42-205",28.8525
"3365","2020-42-203",23.4725
"3366","2020-42-215",31.555
"3367","2020-42-214",-234.97
"3368","2020-42-206",24.9525
"3369","2020-42-209",-6.29250000000002
"3370","2020-42-207",29.735
"3371","2020-42-208",-235.2375
"3372","2020-42-216",-6.73000000000002
"3373","2020-42-210",27.745
"3374","2020-42-204",30.4875
"3375","2020-42-202",-235.7325
"3376","2020-42-212",-236.11
"3377","2020-42-213",24.94
"3378","2020-42-211",-273.15
"3379","2020-42-306",22.8125
"3380","2020-42-301",25.5925
"3381","2020-42-308",20.4000000000001
"3382","2020-42-304",28.275
"3383","2020-42-303",35.8175
"3384","2020-42-307",-22.4975
"3385","2020-42-302",-15.8125
"3386","2020-42-305",26.2075
"3387","2020-42-507",29.025
"3388","2020-42-504",32.3075
"3389","2020-42-506",28.1125
"3390","2020-42-505",29.48
"3391","2020-42-511",-235.68
"3392","2020-42-510",27.1600000000001
"3393","2020-42-501",29.645
"3394","2020-42-509",-235.4125
"3395","2020-42-502",-235.6625
"3396","2020-42-503",29.94
"3397","2020-42-508",-236.0975
"3398","2020-42-402",24.4425
"3399","2020-42-407",36.0225
"3400","2020-42-408",33.4675
"3401","2020-42-401",-19.0499999999999
"3402","2020-42-406",27.355
"3403","2020-42-409",31.2575000000001
"3404","2020-42-405",27.2625
"3405","2020-42-404",28.7275
"3406","2020-42-403",30.1625000000001
"3407","2020-42-410",-9.51250000000005
"3408","2020-42-706",30.3775
"3409","2020-42-701",25.0675
"3410","2020-42-705",30.3625
"3411","2020-42-702",-5.5575
"3412","2020-42-703",-6.51999999999992
"3413","2020-42-704",25.54
"3414","2020-42-603",-9.25
"3415","2020-42-610",-8.14750000000004
"3416","2020-42-608",-12.0499999999999
"3417","2020-42-602",-10.37
"3418","2020-42-611",26.085
"3419","2020-42-607",-273.15
"3420","2020-42-604",-235.55
"3421","2020-42-605",30.94
"3422","2020-42-609",29.6175
"3423","2020-42-601",25.8325
"3424","2020-42-606",29.42
"3425","2020-42-112",26.2575
"3426","2020-42-110",28.4
"3427","2020-42-106",22.4725
"3428","2020-42-118",36.3025
"3429","2020-42-103",25.0525
"3430","2020-42-117",15.0875
"3431","2020-42-102",29.675
"3432","2020-42-108",-235.3575
"3433","2020-42-120",-236.02
"3434","2020-42-115",-234.525
"3435","2020-42-107",26.91
"3436","2020-42-114",27.5425
"3437","2020-42-119",-7.39499999999992
"3438","2020-42-104",-273.15
"3439","2020-42-101",34.2125
"3440","2020-42-109",29.2775000000001
"3441","2020-42-105",25.85
"3442","2020-42-113",34.2675
"3443","2020-42-116",28.3925
"3444","2020-42-111",-235.9375
"3445","2020-43-201",-273.15
"3446","2020-43-205",-197.63
"3447","2020-43-203",-199.31
"3448","2020-43-215",31.01
"3449","2020-43-214",-273.15
"3450","2020-43-206",-198.745
"3451","2020-43-209",30.09
"3452","2020-43-207",-197.46
"3453","2020-43-208",-273.15
"3454","2020-43-216",-197.03
"3455","2020-43-210",27.71
"3456","2020-43-204",28.265
"3457","2020-43-202",-273.15
"3458","2020-43-212",-273.15
"3459","2020-43-213",28.335
"3460","2020-43-211",-273.15
"3461","2020-43-306",22.395
"3462","2020-43-301",-198.68
"3463","2020-43-308",-199.675
"3464","2020-43-304",-197.95
"3465","2020-43-303",35.055
"3466","2020-43-307",-201.535
"3467","2020-43-302",-199.625
"3468","2020-43-305",-197.945
"3469","2020-43-507",-197.62
"3470","2020-43-504",30.51
"3471","2020-43-506",28.235
"3472","2020-43-505",-197.49
"3473","2020-43-511",-273.15
"3474","2020-43-510",26.905
"3475","2020-43-501",-197.43
"3476","2020-43-509",-273.15
"3477","2020-43-502",-273.15
"3478","2020-43-503",27.845
"3479","2020-43-508",-49.05
"3480","2020-43-402",-198.75
"3481","2020-43-407",34.515
"3482","2020-43-408",32.48
"3483","2020-43-401",-200.55
"3484","2020-43-406",25.9600000000001
"3485","2020-43-409",34.72
"3486","2020-43-405",22.185
"3487","2020-43-404",-197.695
"3488","2020-43-403",31.2350000000001
"3489","2020-43-410",-197.825
"3490","2020-43-706",29.75
"3491","2020-43-701",22.9500000000001
"3492","2020-43-705",30.54
"3493","2020-43-702",-196.695
"3494","2020-43-703",31.495
"3495","2020-43-704",24.92
"3496","2020-43-603",26.995
"3497","2020-43-610",27.985
"3498","2020-43-608",27.0350000000001
"3499","2020-43-602",-198.07
"3500","2020-43-611",24.535
"3501","2020-43-607",-273.15
"3502","2020-43-604",-49.425
"3503","2020-43-605",24.8100000000001
"3504","2020-43-609",-197.445
"3505","2020-43-601",-198.43
"3506","2020-43-606",28.395
"3507","2020-43-112",-198.295
"3508","2020-43-110",-197.775
"3509","2020-43-106",-199.35
"3510","2020-43-118",36.7
"3511","2020-43-103",25.03
"3512","2020-43-117",-201.12
"3513","2020-43-102",-197.45
"3514","2020-43-108",-273.15
"3515","2020-43-120",-273.15
"3516","2020-43-115",-43.65
"3517","2020-43-107",-198.155
"3518","2020-43-114",25.185
"3519","2020-43-119",-197.22
"3520","2020-43-104",-273.15
"3521","2020-43-101",31.83
"3522","2020-43-109",-197.55
"3523","2020-43-105",-198.395
"3524","2020-43-113",33.815
"3525","2020-43-116",-197.735
"3526","2020-43-111",-53.46
"3527","2020-44-201",-273.15
"3528","2020-44-205",-273.15
"3529","2020-44-203",-273.15
"3530","2020-44-215",29.27
"3531","2020-44-214",-83.6125
"3532","2020-44-206",-273.15
"3533","2020-44-209",-159.6525
"3534","2020-44-207",-273.15
"3535","2020-44-208",-273.15
"3536","2020-44-216",-83.6875
"3537","2020-44-210",26.8825
"3538","2020-44-204",-160.3875
"3539","2020-44-202",-88.3125
"3540","2020-44-212",-273.15
"3541","2020-44-213",-159.57
"3542","2020-44-211",-87.6
"3543","2020-44-306",23.4675
"3544","2020-44-301",-90.0874999999999
"3545","2020-44-308",-91.075
"3546","2020-44-304",-86.2125
"3547","2020-44-303",-157.68
"3548","2020-44-307",-89.6625
"3549","2020-44-302",-88.425
"3550","2020-44-305",-273.15
"3551","2020-44-507",-273.15
"3552","2020-44-504",-159.525
"3553","2020-44-506",-160.1025
"3554","2020-44-505",-273.15
"3555","2020-44-511",-273.15
"3556","2020-44-510",-160.6575
"3557","2020-44-501",-273.15
"3558","2020-44-509",-273.15
"3559","2020-44-502",-273.15
"3560","2020-44-503",-160.56
"3561","2020-44-508",-161.1
"3562","2020-44-402",-273.15
"3563","2020-44-407",30.4525
"3564","2020-44-408",31.2600000000001
"3565","2020-44-401",-92.1375
"3566","2020-44-406",25.0925
"3567","2020-44-409",32.8675
"3568","2020-44-405",22.58
"3569","2020-44-404",-273.15
"3570","2020-44-403",28.95
"3571","2020-44-410",-83.7125
"3572","2020-44-706",29.805
"3573","2020-44-701",-162.3975
"3574","2020-44-705",-159.3075
"3575","2020-44-702",-83.3875
"3576","2020-44-703",-158.9175
"3577","2020-44-704",24.8425
"3578","2020-44-603",-160.7775
"3579","2020-44-610",-160.44
"3580","2020-44-608",-160.3575
"3581","2020-44-602",-83.225
"3582","2020-44-611",-161.73
"3583","2020-44-607",-273.15
"3584","2020-44-604",-161.2875
"3585","2020-44-605",-162.2325
"3586","2020-44-609",-273.15
"3587","2020-44-601",-273.15
"3588","2020-44-606",-160.2
"3589","2020-44-112",-273.15
"3590","2020-44-110",-273.15
"3591","2020-44-106",-273.15
"3592","2020-44-118",-156.8625
"3593","2020-44-103",23.2550000000001
"3594","2020-44-117",-91.225
"3595","2020-44-102",-273.15
"3596","2020-44-108",-273.15
"3597","2020-44-120",-273.15
"3598","2020-44-115",-158.4
"3599","2020-44-107",-273.15
"3600","2020-44-114",25.355
"3601","2020-44-119",-273.15
"3602","2020-44-104",-273.15
"3603","2020-44-101",-159.03
"3604","2020-44-109",-273.15
"3605","2020-44-105",-273.15
"3606","2020-44-113",32.0625
"3607","2020-44-116",-273.15
"3608","2020-44-111",21.6325000000001
"3609","2020-45-201",-125.29
"3610","2020-45-205",-123.15
"3611","2020-45-203",-123.06
"3612","2020-45-215",28.38
"3613","2020-45-214",30.49
"3614","2020-45-206",-273.15
"3615","2020-45-209",-273.15
"3616","2020-45-207",-123.57
"3617","2020-45-208",-273.15
"3618","2020-45-216",30
"3619","2020-45-210",28.43
"3620","2020-45-204",-273.15
"3621","2020-45-202",23.34
"3622","2020-45-212",-273.15
"3623","2020-45-213",-122.34
"3624","2020-45-211",23
"3625","2020-45-306",17.87
"3626","2020-45-301",21.02
"3627","2020-45-308",18.45
"3628","2020-45-304",26.68
"3629","2020-45-303",-120.98
"3630","2020-45-307",18.3
"3631","2020-45-302",21.13
"3632","2020-45-305",-123.34
"3633","2020-45-507",-273.15
"3634","2020-45-504",-123.36
"3635","2020-45-506",-122.16
"3636","2020-45-505",-273.15
"3637","2020-45-511",-123.82
"3638","2020-45-510",-123.25
"3639","2020-45-501",-122.65
"3640","2020-45-509",-123.42
"3641","2020-45-502",-123.61
"3642","2020-45-503",-123.18
"3643","2020-45-508",-126.84
"3644","2020-45-402",-124.14
"3645","2020-45-407",30.17
"3646","2020-45-408",30.2400000000001
"3647","2020-45-401",16.29
"3648","2020-45-406",26.07
"3649","2020-45-409",31.2
"3650","2020-45-405",25.39
"3651","2020-45-404",-123.1
"3652","2020-45-403",27.27
"3653","2020-45-410",29.3
"3654","2020-45-706",29.54
"3655","2020-45-701",-124.15
"3656","2020-45-705",-121.1
"3657","2020-45-702",30.06
"3658","2020-45-703",-121.22
"3659","2020-45-704",23.42
"3660","2020-45-603",-123.52
"3661","2020-45-610",-122.89
"3662","2020-45-608",-273.15
"3663","2020-45-602",-121.21
"3664","2020-45-611",-123.24
"3665","2020-45-607",-273.15
"3666","2020-45-604",-124.41
"3667","2020-45-605",-273.15
"3668","2020-45-609",-273.15
"3669","2020-45-601",-123.69
"3670","2020-45-606",-123.2
"3671","2020-45-112",-273.15
"3672","2020-45-110",-124.29
"3673","2020-45-106",-125.39
"3674","2020-45-118",-122.07
"3675","2020-45-103",23.7300000000001
"3676","2020-45-117",16.87
"3677","2020-45-102",-123.73
"3678","2020-45-108",-124.97
"3679","2020-45-120",-125.23
"3680","2020-45-115",-123.41
"3681","2020-45-107",-124.83
"3682","2020-45-114",26.2100000000001
"3683","2020-45-119",-273.15
"3684","2020-45-104",-273.15
"3685","2020-45-101",-121.93
"3686","2020-45-109",-123.2
"3687","2020-45-105",-273.15
"3688","2020-45-113",31.9
"3689","2020-45-116",-123.94
"3690","2020-45-111",23.2500000000001
"3691","2020-46-201",-88.3249999999999
"3692","2020-46-205",-85.65
"3693","2020-46-203",-85.5375
"3694","2020-46-215",-84.725
"3695","2020-46-214",-83.1375
"3696","2020-46-206",-273.15
"3697","2020-46-209",-273.15
"3698","2020-46-207",-86.175
"3699","2020-46-208",-273.15
"3700","2020-46-216",-83.675
"3701","2020-46-210",-83.3625
"3702","2020-46-204",-273.15
"3703","2020-46-202",-87.375
"3704","2020-46-212",-273.15
"3705","2020-46-213",-84.6375
"3706","2020-46-211",-88.5125
"3707","2020-46-306",-95.225
"3708","2020-46-301",22.47
"3709","2020-46-308",-90.725
"3710","2020-46-304",-85.3
"3711","2020-46-303",-82.9374999999999
"3712","2020-46-307",-92.325
"3713","2020-46-302",-90.025
"3714","2020-46-305",25.645
"3715","2020-46-507",-160.4325
"3716","2020-46-504",-85.9125
"3717","2020-46-506",-84.4125
"3718","2020-46-505",-160.3875
"3719","2020-46-511",25.4875
"3720","2020-46-510",-85.775
"3721","2020-46-501",-85.025
"3722","2020-46-509",-85.9875
"3723","2020-46-502",26.11
"3724","2020-46-503",27.1875
"3725","2020-46-508",-90.2625
"3726","2020-46-402",-86.8875
"3727","2020-46-407",-82.4625
"3728","2020-46-408",-83.8125
"3729","2020-46-401",-92.3625
"3730","2020-46-406",27.0625
"3731","2020-46-409",-82.7125
"3732","2020-46-405",-85.575
"3733","2020-46-404",-85.5875
"3734","2020-46-403",28.0875
"3735","2020-46-410",-84.525
"3736","2020-46-706",-84.2375
"3737","2020-46-701",25.045
"3738","2020-46-705",28.8125
"3739","2020-46-702",29.635
"3740","2020-46-703",30.9425
"3741","2020-46-704",22.29
"3742","2020-46-603",-86.1125
"3743","2020-46-610",-85.325
"3744","2020-46-608",-273.15
"3745","2020-46-602",-273.15
"3746","2020-46-611",-85.7625
"3747","2020-46-607",-273.15
"3748","2020-46-604",-87.225
"3749","2020-46-605",-161.5275
"3750","2020-46-609",-273.15
"3751","2020-46-601",25.68
"3752","2020-46-606",-85.7124999999999
"3753","2020-46-112",-273.15
"3754","2020-46-110",-87.0749999999999
"3755","2020-46-106",-88.45
"3756","2020-46-118",-84.3
"3757","2020-46-103",-86.675
"3758","2020-46-117",-92.55
"3759","2020-46-102",-86.3749999999999
"3760","2020-46-108",-87.925
"3761","2020-46-120",-88.2499999999999
"3762","2020-46-115",-85.975
"3763","2020-46-107",23.9925
"3764","2020-46-114",26.5325000000001
"3765","2020-46-119",-159.8025
"3766","2020-46-104",-273.15
"3767","2020-46-101",31.2625
"3768","2020-46-109",26.4575000000001
"3769","2020-46-105",-273.15
"3770","2020-46-113",-81.925
"3771","2020-46-116",-86.6375
"3772","2020-46-111",-87.5874999999999
"3773","2020-47-201",-198.07
"3774","2020-47-205",-197.645
"3775","2020-47-203",-197.325
"3776","2020-47-215",-273.15
"3777","2020-47-214",-198.26
"3778","2020-47-206",-197.86
"3779","2020-47-209",-197.485
"3780","2020-47-207",-197.915
"3781","2020-47-208",-197.96
"3782","2020-47-216",-197.89
"3783","2020-47-210",-273.15
"3784","2020-47-204",-197.565
"3785","2020-47-202",-273.15
"3786","2020-47-212",-273.15
"3787","2020-47-213",-273.15
"3788","2020-47-211",-199.57
"3789","2020-47-306",-200.155
"3790","2020-47-301",22.605
"3791","2020-47-308",-200.235
"3792","2020-47-304",-197.91
"3793","2020-47-303",-196.89
"3794","2020-47-307",-201.88
"3795","2020-47-302",-199.995
"3796","2020-47-305",24.89
"3797","2020-47-507",27.75
"3798","2020-47-504",-197.135
"3799","2020-47-506",-197.45
"3800","2020-47-505",27.88
"3801","2020-47-511",25.565
"3802","2020-47-510",-198.195
"3803","2020-47-501",-197.2
"3804","2020-47-509",-198.06
"3805","2020-47-502",26.525
"3806","2020-47-503",27.6
"3807","2020-47-508",-273.15
"3808","2020-47-402",-198.525
"3809","2020-47-407",-196.44
"3810","2020-47-408",-196.405
"3811","2020-47-401",-201.11
"3812","2020-47-406",26.495
"3813","2020-47-409",-196.365
"3814","2020-47-405",-198.905
"3815","2020-47-404",-197.68
"3816","2020-47-403",29.585
"3817","2020-47-410",-197.695
"3818","2020-47-706",-197.45
"3819","2020-47-701",25.165
"3820","2020-47-705",-49.3499999999999
"3821","2020-47-702",29.455
"3822","2020-47-703",30.975
"3823","2020-47-704",23.37
"3824","2020-47-603",-198.36
"3825","2020-47-610",-197.57
"3826","2020-47-608",-197.98
"3827","2020-47-602",-197.59
"3828","2020-47-611",-273.15
"3829","2020-47-607",-273.15
"3830","2020-47-604",-198.515
"3831","2020-47-605",25.3
"3832","2020-47-609",-197.54
"3833","2020-47-601",-49.14
"3834","2020-47-606",-198.045
"3835","2020-47-112",-198.795
"3836","2020-47-110",-198.51
"3837","2020-47-106",-198.72
"3838","2020-47-118",-273.15
"3839","2020-47-103",-199.18
"3840","2020-47-117",-200.385
"3841","2020-47-102",-198.07
"3842","2020-47-108",-273.15
"3843","2020-47-120",-199.485
"3844","2020-47-115",-273.15
"3845","2020-47-107",25.495
"3846","2020-47-114",25.935
"3847","2020-47-119",29.96
"3848","2020-47-104",-273.15
"3849","2020-47-101",34.495
"3850","2020-47-109",26.75
"3851","2020-47-105",-198.775
"3852","2020-47-113",-196.315
"3853","2020-47-116",-198.15
"3854","2020-47-111",-273.15
"3855","2020-48-201",26.8975
"3856","2020-48-205",28.675
"3857","2020-48-203",30.085
"3858","2020-48-215",-235.7925
"3859","2020-48-214",26.42
"3860","2020-48-206",27.9575
"3861","2020-48-209",29.72
"3862","2020-48-207",27.54
"3863","2020-48-208",27.32
"3864","2020-48-216",28.1575
"3865","2020-48-210",-235.3275
"3866","2020-48-204",29.1450000000001
"3867","2020-48-202",-273.15
"3868","2020-48-212",-236.385
"3869","2020-48-213",-235.8425
"3870","2020-48-211",21.08
"3871","2020-48-306",19.34
"3872","2020-48-301",21.5075
"3873","2020-48-308",18.5625
"3874","2020-48-304",27.2775
"3875","2020-48-303",31.8075
"3876","2020-48-307",12.4875
"3877","2020-48-302",18.88
"3878","2020-48-305",26.8925000000001
"3879","2020-48-507",28.8
"3880","2020-48-504",30.8375
"3881","2020-48-506",29.5325
"3882","2020-48-505",28.97
"3883","2020-48-511",25.92
"3884","2020-48-510",26.65
"3885","2020-48-501",30.6675
"3886","2020-48-509",27.0675
"3887","2020-48-502",26.865
"3888","2020-48-503",27.025
"3889","2020-48-508",-236.395
"3890","2020-48-402",24.97
"3891","2020-48-407",33.3775000000001
"3892","2020-48-408",33.41
"3893","2020-48-401",14.96
"3894","2020-48-406",25.9875
"3895","2020-48-409",33.9325
"3896","2020-48-405",23.8125
"3897","2020-48-404",28.1225
"3898","2020-48-403",29.9625
"3899","2020-48-410",28.2775
"3900","2020-48-706",29.44
"3901","2020-48-701",24.2425
"3902","2020-48-705",-235.4125
"3903","2020-48-702",29.3075
"3904","2020-48-703",30.0125
"3905","2020-48-704",23.91
"3906","2020-48-603",26.1975
"3907","2020-48-610",29.1825
"3908","2020-48-608",27.3025
"3909","2020-48-602",29.2675
"3910","2020-48-611",-235.6625
"3911","2020-48-607",-273.15
"3912","2020-48-604",25.6225
"3913","2020-48-605",27.0875
"3914","2020-48-609",29.115
"3915","2020-48-601",-235.555
"3916","2020-48-606",-10.2825
"3917","2020-48-112",24.1625
"3918","2020-48-110",25.4625
"3919","2020-48-106",23.8300000000001
"3920","2020-48-118",-273.15
"3921","2020-48-103",22.865
"3922","2020-48-117",17.8325
"3923","2020-48-102",27.26
"3924","2020-48-108",-235.99
"3925","2020-48-120",21.225
"3926","2020-48-115",-235.855
"3927","2020-48-107",27.3475
"3928","2020-48-114",24.4625
"3929","2020-48-119",32.31
"3930","2020-48-104",-235.7675
"3931","2020-48-101",33.775
"3932","2020-48-109",28.985
"3933","2020-48-105",23.6125
"3934","2020-48-113",34.0450000000001
"3935","2020-48-116",26.8375
"3936","2020-48-111",-236.7025
"3937","2020-49-201",24.99
"3938","2020-49-205",27.31
"3939","2020-49-203",29.6300000000001
"3940","2020-49-215",25.71
"3941","2020-49-214",26.49
"3942","2020-49-206",27.59
"3943","2020-49-209",31.1900000000001
"3944","2020-49-207",25.79
"3945","2020-49-208",25.29
"3946","2020-49-216",30.03
"3947","2020-49-210",29.43
"3948","2020-49-204",28.83
"3949","2020-49-202",-273.15
"3950","2020-49-212",20.97
"3951","2020-49-213",25.31
"3952","2020-49-211",20.45
"3953","2020-49-306",22.91
"3954","2020-49-301",17.29
"3955","2020-49-308",18.93
"3956","2020-49-304",23.55
"3957","2020-49-303",31.23
"3958","2020-49-307",16.39
"3959","2020-49-302",14.7500000000001
"3960","2020-49-305",27.89
"3961","2020-49-507",29.43
"3962","2020-49-504",30.33
"3963","2020-49-506",28.71
"3964","2020-49-505",29.67
"3965","2020-49-511",25.99
"3966","2020-49-510",26.51
"3967","2020-49-501",30.79
"3968","2020-49-509",26.0700000000001
"3969","2020-49-502",26.83
"3970","2020-49-503",28.2500000000001
"3971","2020-49-508",20.89
"3972","2020-49-402",22.31
"3973","2020-49-407",31.1900000000001
"3974","2020-49-408",30.47
"3975","2020-49-401",14.61
"3976","2020-49-406",23.59
"3977","2020-49-409",33.53
"3978","2020-49-405",23.6900000000001
"3979","2020-49-404",23.87
"3980","2020-49-403",29.77
"3981","2020-49-410",25.53
"3982","2020-49-706",27.97
"3983","2020-49-701",22.09
"3984","2020-49-705",28.7500000000001
"3985","2020-49-702",31.53
"3986","2020-49-703",30.73
"3987","2020-49-704",21.81
"3988","2020-49-603",27.51
"3989","2020-49-610",29.27
"3990","2020-49-608",25.71
"3991","2020-49-602",30.51
"3992","2020-49-611",26.7500000000001
"3993","2020-49-607",-273.15
"3994","2020-49-604",27.2500000000001
"3995","2020-49-605",23.01
"3996","2020-49-609",27.89
"3997","2020-49-601",27.61
"3998","2020-49-606",-273.15
"3999","2020-49-112",23.41
"4000","2020-49-110",25.83
"4001","2020-49-106",18.65
"4002","2020-49-118",-273.15
"4003","2020-49-103",23.81
"4004","2020-49-117",17.29
"4005","2020-49-102",27.89
"4006","2020-49-108",24.1300000000001
"4007","2020-49-120",19.23
"4008","2020-49-115",25.21
"4009","2020-49-107",26.35
"4010","2020-49-114",25.39
"4011","2020-49-119",30.91
"4012","2020-49-104",25.91
"4013","2020-49-101",29.89
"4014","2020-49-109",28.2500000000001
"4015","2020-49-105",18.45
"4016","2020-49-113",33.03
"4017","2020-49-116",26.7500000000001
"4018","2020-49-111",18.43
"4019","2020-50-201",27.0725
"4020","2020-50-205",28.4825
"4021","2020-50-203",28.8600000000001
"4022","2020-50-215",28.0725
"4023","2020-50-214",28.6425
"4024","2020-50-206",27.3625
"4025","2020-50-209",31.715
"4026","2020-50-207",26.7875
"4027","2020-50-208",26.9875
"4028","2020-50-216",28.665
"4029","2020-50-210",28.3625
"4030","2020-50-204",29.425
"4031","2020-50-202",-273.15
"4032","2020-50-212",18.765
"4033","2020-50-213",-235.8425
"4034","2020-50-211",21.3425
"4035","2020-50-306",22.315
"4036","2020-50-301",21.5250000000001
"4037","2020-50-308",18.9125
"4038","2020-50-304",25.0375000000001
"4039","2020-50-303",31.265
"4040","2020-50-307",14.5
"4041","2020-50-302",18.4775
"4042","2020-50-305",27.05
"4043","2020-50-507",29.92
"4044","2020-50-504",30.12
"4045","2020-50-506",30.3900000000001
"4046","2020-50-505",29.355
"4047","2020-50-511",27.4075
"4048","2020-50-510",25.0225
"4049","2020-50-501",30.58
"4050","2020-50-509",26.9625
"4051","2020-50-502",28.265
"4052","2020-50-503",28.74
"4053","2020-50-508",22.43
"4054","2020-50-402",24.585
"4055","2020-50-407",32.1875
"4056","2020-50-408",30.96
"4057","2020-50-401",13.4375
"4058","2020-50-406",25.5325
"4059","2020-50-409",32.515
"4060","2020-50-405",24.9325
"4061","2020-50-404",27.0025
"4062","2020-50-403",28.6325
"4063","2020-50-410",26.965
"4064","2020-50-706",28.4950000000001
"4065","2020-50-701",23.9800000000001
"4066","2020-50-705",30.535
"4067","2020-50-702",30.4100000000001
"4068","2020-50-703",29.4
"4069","2020-50-704",23.595
"4070","2020-50-603",26.3025000000001
"4071","2020-50-610",27.9925
"4072","2020-50-608",26.235
"4073","2020-50-602",30.9475
"4074","2020-50-611",26.4525
"4075","2020-50-607",-273.15
"4076","2020-50-604",26.3750000000001
"4077","2020-50-605",26.6325
"4078","2020-50-609",29.1325
"4079","2020-50-601",27.4875
"4080","2020-50-606",-9.77499999999998
"4081","2020-50-112",24.7575
"4082","2020-50-110",24.7800000000001
"4083","2020-50-106",23.585
"4084","2020-50-118",-5.9249999999999
"4085","2020-50-103",23.985
"4086","2020-50-117",18.0250000000001
"4087","2020-50-102",27.5925
"4088","2020-50-108",25.32
"4089","2020-50-120",21.47
"4090","2020-50-115",28.7450000000001
"4091","2020-50-107",27.5750000000001
"4092","2020-50-114",24.095
"4093","2020-50-119",33.185
"4094","2020-50-104",25.8225
"4095","2020-50-101",32.1475
"4096","2020-50-109",28.215
"4097","2020-50-105",23.315
"4098","2020-50-113",31.9975
"4099","2020-50-116",26.54
"4100","2020-50-111",-236.7025
"4101","2020-51-201",27.01
"4102","2020-51-205",27.87
"4103","2020-51-203",29.2
"4104","2020-51-215",29.235
"4105","2020-51-214",29.055
"4106","2020-51-206",27.705
"4107","2020-51-209",31.85
"4108","2020-51-207",26.99
"4109","2020-51-208",27.605
"4110","2020-51-216",29.0550000000001
"4111","2020-51-210",28.225
"4112","2020-51-204",29.06
"4113","2020-51-202",-273.15
"4114","2020-51-212",-200.25
"4115","2020-51-213",-48.075
"4116","2020-51-211",20.15
"4117","2020-51-306",19.02
"4118","2020-51-301",21.7550000000001
"4119","2020-51-308",17.65
"4120","2020-51-304",25.79
"4121","2020-51-303",29.14
"4122","2020-51-307",13.975
"4123","2020-51-302",18.4400000000001
"4124","2020-51-305",26.54
"4125","2020-51-507",31.04
"4126","2020-51-504",30.195
"4127","2020-51-506",30.6750000000001
"4128","2020-51-505",29.4
"4129","2020-51-511",27.775
"4130","2020-51-510",26.49
"4131","2020-51-501",30.85
"4132","2020-51-509",27.195
"4133","2020-51-502",27.945
"4134","2020-51-503",28.7200000000001
"4135","2020-51-508",23.07
"4136","2020-51-402",23.785
"4137","2020-51-407",31.655
"4138","2020-51-408",31.345
"4139","2020-51-401",14.65
"4140","2020-51-406",24.76
"4141","2020-51-409",31.1550000000001
"4142","2020-51-405",22.86
"4143","2020-51-404",26.775
"4144","2020-51-403",27.4200000000001
"4145","2020-51-410",26.84
"4146","2020-51-706",27.97
"4147","2020-51-701",23.89
"4148","2020-51-705",29.155
"4149","2020-51-702",28.96
"4150","2020-51-703",28.145
"4151","2020-51-704",23.94
"4152","2020-51-603",26.9700000000001
"4153","2020-51-610",29.04
"4154","2020-51-608",26.145
"4155","2020-51-602",30.185
"4156","2020-51-611",26.845
"4157","2020-51-607",-273.15
"4158","2020-51-604",26.385
"4159","2020-51-605",26.91
"4160","2020-51-609",29.325
"4161","2020-51-601",27.065
"4162","2020-51-606",28.1500000000001
"4163","2020-51-112",25.8350000000001
"4164","2020-51-110",24.84
"4165","2020-51-106",23.315
"4166","2020-51-118",30.87
"4167","2020-51-103",23.335
"4168","2020-51-117",17.725
"4169","2020-51-102",26.83
"4170","2020-51-108",24.605
"4171","2020-51-120",20.56
"4172","2020-51-115",26.715
"4173","2020-51-107",27.54
"4174","2020-51-114",24.15
"4175","2020-51-119",31.95
"4176","2020-51-104",26.29
"4177","2020-51-101",31.33
"4178","2020-51-109",27.715
"4179","2020-51-105",24.295
"4180","2020-51-113",30.71
"4181","2020-51-116",26.045
"4182","2020-51-111",-273.15
"4183","2020-52-201",26.9275
"4184","2020-52-205",24.4725
"4185","2020-52-203",27.6500000000001
"4186","2020-52-215",27.01
"4187","2020-52-214",-159.81
"4188","2020-52-206",-160.2825
"4189","2020-52-209",32.7075
"4190","2020-52-207",26.6725
"4191","2020-52-208",27.605
"4192","2020-52-216",27.7875
"4193","2020-52-210",25.68
"4194","2020-52-204",28.6225
"4195","2020-52-202",-273.15
"4196","2020-52-212",-273.15
"4197","2020-52-213",27.2375
"4198","2020-52-211",-163.3275
"4199","2020-52-306",17.85
"4200","2020-52-301",20.98
"4201","2020-52-308",16.105
"4202","2020-52-304",24.0325
"4203","2020-52-303",29.605
"4204","2020-52-307",11.9775
"4205","2020-52-302",17.75
"4206","2020-52-305",23.61
"4207","2020-52-507",31.0525
"4208","2020-52-504",30.3675
"4209","2020-52-506",26.915
"4210","2020-52-505",29.8675000000001
"4211","2020-52-511",27.655
"4212","2020-52-510",24.2375
"4213","2020-52-501",30.3375
"4214","2020-52-509",27.355
"4215","2020-52-502",28.5325
"4216","2020-52-503",28.6775
"4217","2020-52-508",-162.015
"4218","2020-52-402",23.7225
"4219","2020-52-407",30.53
"4220","2020-52-408",30.1
"4221","2020-52-401",-165.0525
"4222","2020-52-406",24.26
"4223","2020-52-409",31.0875
"4224","2020-52-405",-162.4275
"4225","2020-52-404",26.2500000000001
"4226","2020-52-403",29.1075
"4227","2020-52-410",26.155
"4228","2020-52-706",27.595
"4229","2020-52-701",22.4325000000001
"4230","2020-52-705",28.11
"4231","2020-52-702",27.7925
"4232","2020-52-703",26.9025
"4233","2020-52-704",22.2700000000001
"4234","2020-52-603",26.25
"4235","2020-52-610",27.125
"4236","2020-52-608",24.265
"4237","2020-52-602",30.3475
"4238","2020-52-611",24.3400000000001
"4239","2020-52-607",-273.15
"4240","2020-52-604",24.9425
"4241","2020-52-605",25.98
"4242","2020-52-609",27.4925
"4243","2020-52-601",26.58
"4244","2020-52-606",24.2625
"4245","2020-52-112",24.9925
"4246","2020-52-110",25.7975
"4247","2020-52-106",-162.0975
"4248","2020-52-118",31.3975
"4249","2020-52-103",22.21
"4250","2020-52-117",-164.1225
"4251","2020-52-102",26.8525
"4252","2020-52-108",-161.6025
"4253","2020-52-120",16.9
"4254","2020-52-115",24.945
"4255","2020-52-107",26.77
"4256","2020-52-114",23.805
"4257","2020-52-119",-158.9325
"4258","2020-52-104",-160.8
"4259","2020-52-101",32.3
"4260","2020-52-109",27.0500000000001
"4261","2020-52-105",-161.5725
"4262","2020-52-113",31.4925000000001
"4263","2020-52-116",22.265
"4264","2020-52-111",-273.15
"4265","2020-53-201",25.3633333333334
"4266","2020-53-205",25.4966666666667
"4267","2020-53-203",26.4166666666667
"4268","2020-53-215",25.99
"4269","2020-53-214",-73.5366666666667
"4270","2020-53-206",-71.9766666666667
"4271","2020-53-209",32.6633333333333
"4272","2020-53-207",25.2566666666667
"4273","2020-53-208",26.1566666666667
"4274","2020-53-216",23.6033333333333
"4275","2020-53-210",25.3633333333333
"4276","2020-53-204",28.3566666666667
"4277","2020-53-202",-76.9233333333333
"4278","2020-53-212",-78.2833333333334
"4279","2020-53-213",25.3433333333333
"4280","2020-53-211",-76.83
"4281","2020-53-306",16.5633333333333
"4282","2020-53-301",19.0033333333333
"4283","2020-53-308",15.4033333333333
"4284","2020-53-304",17.3366666666667
"4285","2020-53-303",28.03
"4286","2020-53-307",12.0033333333333
"4287","2020-53-302",17.13
"4288","2020-53-305",-174.79
"4289","2020-53-507",31.05
"4290","2020-53-504",31.5966666666667
"4291","2020-53-506",28.57
"4292","2020-53-505",29.1433333333334
"4293","2020-53-511",27.1233333333333
"4294","2020-53-510",24.0033333333333
"4295","2020-53-501",30.93
"4296","2020-53-509",27.47
"4297","2020-53-502",28.43
"4298","2020-53-503",28.9633333333333
"4299","2020-53-508",-74.4566666666667
"4300","2020-53-402",22.95
"4301","2020-53-407",30.8966666666667
"4302","2020-53-408",30.2233333333334
"4303","2020-53-401",-81.8966666666666
"4304","2020-53-406",22.6766666666667
"4305","2020-53-409",31.29
"4306","2020-53-405",-75.8833333333333
"4307","2020-53-404",25.79
"4308","2020-53-403",27.7566666666667
"4309","2020-53-410",24.7566666666667
"4310","2020-53-706",27.85
"4311","2020-53-701",19.3366666666668
"4312","2020-53-705",28.3033333333333
"4313","2020-53-702",-172.983333333333
"4314","2020-53-703",27.49
"4315","2020-53-704",23.2366666666667
"4316","2020-53-603",26.25
"4317","2020-53-610",26.6766666666667
"4318","2020-53-608",23.2766666666667
"4319","2020-53-602",30.8766666666667
"4320","2020-53-611",24.8033333333334
"4321","2020-53-607",-273.15
"4322","2020-53-604",25.4366666666667
"4323","2020-53-605",23.8033333333333
"4324","2020-53-609",27.9233333333334
"4325","2020-53-601",26.0233333333333
"4326","2020-53-606",25.3233333333333
"4327","2020-53-112",24.5766666666667
"4328","2020-53-110",23.8233333333334
"4329","2020-53-106",-75.99
"4330","2020-53-118",-171.436666666667
"4331","2020-53-103",20.9233333333333
"4332","2020-53-117",-79.6033333333333
"4333","2020-53-102",25.5833333333333
"4334","2020-53-108",-76.1233333333333
"4335","2020-53-120",18.6433333333333
"4336","2020-53-115",23.35
"4337","2020-53-107",26.2833333333334
"4338","2020-53-114",18.11
"4339","2020-53-119",-70.7233333333333
"4340","2020-53-104",-73.91
"4341","2020-53-101",31.4833333333333
"4342","2020-53-109",26.03
"4343","2020-53-105",-75.11
"4344","2020-53-113",29.7366666666667
"4345","2020-53-116",23.4500000000001
"4346","2020-53-111",-86.4033333333333
"4347","2021-1-201",24.97
"4348","2021-1-205",27.6375
"4349","2021-1-203",26.11
"4350","2021-1-215",26.6425
"4351","2021-1-214",-160.8675
"4352","2021-1-206",28.6725
"4353","2021-1-209",32.8150000000001
"4354","2021-1-207",24.0875000000001
"4355","2021-1-208",26.045
"4356","2021-1-216",23.3125000000001
"4357","2021-1-210",25.5075
"4358","2021-1-204",29.685
"4359","2021-1-202",-162.7725
"4360","2021-1-212",-163.5375
"4361","2021-1-213",-161.6025
"4362","2021-1-211",21.18
"4363","2021-1-306",15.55
"4364","2021-1-301",20.5975
"4365","2021-1-308",15.4525
"4366","2021-1-304",-165.255
"4367","2021-1-303",27.615
"4368","2021-1-307",12.1775
"4369","2021-1-302",-164.355
"4370","2021-1-305",-88.025
"4371","2021-1-507",31.475
"4372","2021-1-504",31.2825000000001
"4373","2021-1-506",30.2425000000001
"4374","2021-1-505",30.7625
"4375","2021-1-511",27.5975
"4376","2021-1-510",25.105
"4377","2021-1-501",32.9725
"4378","2021-1-509",27.315
"4379","2021-1-502",29.0125
"4380","2021-1-503",29.91
"4381","2021-1-508",-161.385
"4382","2021-1-402",23.0075
"4383","2021-1-407",31.8000000000001
"4384","2021-1-408",31.44
"4385","2021-1-401",13.6425
"4386","2021-1-406",23.23
"4387","2021-1-409",30.6025000000001
"4388","2021-1-405",21.6625
"4389","2021-1-404",26.2375
"4390","2021-1-403",26.995
"4391","2021-1-410",25.705
"4392","2021-1-706",26.9425
"4393","2021-1-701",-163.8975
"4394","2021-1-705",28.1625
"4395","2021-1-702",-273.15
"4396","2021-1-703",27.3
"4397","2021-1-704",23.1925000000001
"4398","2021-1-603",25.675
"4399","2021-1-610",23.675
"4400","2021-1-608",23.5925000000001
"4401","2021-1-602",31.585
"4402","2021-1-611",26.0675
"4403","2021-1-607",-273.15
"4404","2021-1-604",24.2425
"4405","2021-1-605",26.42
"4406","2021-1-609",28.2275
"4407","2021-1-601",26.9875
"4408","2021-1-606",-160.575
"4409","2021-1-112",24.2475
"4410","2021-1-110",24.57
"4411","2021-1-106",22.3275
"4412","2021-1-118",-273.15
"4413","2021-1-103",20.5125
"4414","2021-1-117",14.6450000000001
"4415","2021-1-102",26.495
"4416","2021-1-108",22.2025
"4417","2021-1-120",21.3525
"4418","2021-1-115",24.8175
"4419","2021-1-107",26.5625000000001
"4420","2021-1-114",20.0775
"4421","2021-1-119",30.1025
"4422","2021-1-104",25.51
"4423","2021-1-101",30.845
"4424","2021-1-109",26.645
"4425","2021-1-105",-161.7525
"4426","2021-1-113",29.96
"4427","2021-1-116",25.3425
"4428","2021-1-111",-168.105
"4429","2021-2-201",26.82
"4430","2021-2-205",29.28
"4431","2021-2-203",28.18
"4432","2021-2-215",-123.13
"4433","2021-2-214",-123.48
"4434","2021-2-206",29.06
"4435","2021-2-209",33.2100000000001
"4436","2021-2-207",26.27
"4437","2021-2-208",27.53
"4438","2021-2-216",25.98
"4439","2021-2-210",26.47
"4440","2021-2-204",30.69
"4441","2021-2-202",-273.15
"4442","2021-2-212",-126.41
"4443","2021-2-213",-125.74
"4444","2021-2-211",21.57
"4445","2021-2-306",18.07
"4446","2021-2-301",22.28
"4447","2021-2-308",17.16
"4448","2021-2-304",-123.19
"4449","2021-2-303",29.42
"4450","2021-2-307",14.17
"4451","2021-2-302",-127.35
"4452","2021-2-305",24.19
"4453","2021-2-507",32.86
"4454","2021-2-504",31.7300000000001
"4455","2021-2-506",31.1300000000001
"4456","2021-2-505",32.28
"4457","2021-2-511",28.69
"4458","2021-2-510",26.12
"4459","2021-2-501",34.01
"4460","2021-2-509",27.8
"4461","2021-2-502",29.93
"4462","2021-2-503",31.59
"4463","2021-2-508",-124.83
"4464","2021-2-402",23.23
"4465","2021-2-407",33.1900000000001
"4466","2021-2-408",32.53
"4467","2021-2-401",14.66
"4468","2021-2-406",24.72
"4469","2021-2-409",31.61
"4470","2021-2-405",23.0700000000001
"4471","2021-2-404",27.37
"4472","2021-2-403",28.15
"4473","2021-2-410",26.7
"4474","2021-2-706",27.4
"4475","2021-2-701",-125.02
"4476","2021-2-705",28.75
"4477","2021-2-702",-122.45
"4478","2021-2-703",27.7400000000001
"4479","2021-2-704",23.0700000000001
"4480","2021-2-603",26.82
"4481","2021-2-610",25
"4482","2021-2-608",25.27
"4483","2021-2-602",31.76
"4484","2021-2-611",26.99
"4485","2021-2-607",-273.15
"4486","2021-2-604",25.7
"4487","2021-2-605",27.89
"4488","2021-2-609",28.38
"4489","2021-2-601",28.3
"4490","2021-2-606",-123.07
"4491","2021-2-112",25.26
"4492","2021-2-110",26.26
"4493","2021-2-106",23.63
"4494","2021-2-118",-120.74
"4495","2021-2-103",22.36
"4496","2021-2-117",15.9900000000001
"4497","2021-2-102",27.68
"4498","2021-2-108",23.96
"4499","2021-2-120",22.33
"4500","2021-2-115",27.3200000000001
"4501","2021-2-107",27.8200000000001
"4502","2021-2-114",24.29
"4503","2021-2-119",31.14
"4504","2021-2-104",26.66
"4505","2021-2-101",31.75
"4506","2021-2-109",28.37
"4507","2021-2-105",-124.13
"4508","2021-2-113",31.41
"4509","2021-2-116",26.18
"4510","2021-2-111",-126.56
"4511","2021-3-201",28.025
"4512","2021-3-205",30.21
"4513","2021-3-203",30.49
"4514","2021-3-215",-273.15
"4515","2021-3-214",27.6225000000001
"4516","2021-3-206",29.1625
"4517","2021-3-209",33.545
"4518","2021-3-207",28.1825
"4519","2021-3-208",28.1975
"4520","2021-3-216",27.245
"4521","2021-3-210",27.08
"4522","2021-3-204",30.9
"4523","2021-3-202",-163.8375
"4524","2021-3-212",20.0075
"4525","2021-3-213",-88.8875
"4526","2021-3-211",21.8175
"4527","2021-3-306",20.2
"4528","2021-3-301",22.0425
"4529","2021-3-308",19.115
"4530","2021-3-304",26.4475
"4531","2021-3-303",30.115
"4532","2021-3-307",15.33
"4533","2021-3-302",18.33
"4534","2021-3-305",25.6225
"4535","2021-3-507",34.095
"4536","2021-3-504",33.055
"4537","2021-3-506",32.2950000000001
"4538","2021-3-505",32.8225
"4539","2021-3-511",29.865
"4540","2021-3-510",27.2175
"4541","2021-3-501",34.7925
"4542","2021-3-509",29.1175
"4543","2021-3-502",31.0575
"4544","2021-3-503",32.9925
"4545","2021-3-508",23.25
"4546","2021-3-402",23.4675000000001
"4547","2021-3-407",33.9275
"4548","2021-3-408",32.5475
"4549","2021-3-401",-92.6
"4550","2021-3-406",25.295
"4551","2021-3-409",32.1825
"4552","2021-3-405",24.8075000000001
"4553","2021-3-404",27.5575
"4554","2021-3-403",28.5775
"4555","2021-3-410",25.6175
"4556","2021-3-706",28.2475
"4557","2021-3-701",23.1775
"4558","2021-3-705",28.4300000000001
"4559","2021-3-702",25.6250000000001
"4560","2021-3-703",-84.5374999999999
"4561","2021-3-704",23.6000000000001
"4562","2021-3-603",28.6025
"4563","2021-3-610",28.6725
"4564","2021-3-608",27.09
"4565","2021-3-602",31.95
"4566","2021-3-611",27.86
"4567","2021-3-607",-273.15
"4568","2021-3-604",28.2975
"4569","2021-3-605",27.455
"4570","2021-3-609",29.68
"4571","2021-3-601",29.185
"4572","2021-3-606",27.445
"4573","2021-3-112",26.625
"4574","2021-3-110",26.6150000000001
"4575","2021-3-106",24.595
"4576","2021-3-118",31.685
"4577","2021-3-103",24.335
"4578","2021-3-117",19.1725
"4579","2021-3-102",27.9875
"4580","2021-3-108",25.83
"4581","2021-3-120",22.7
"4582","2021-3-115",28.9075000000001
"4583","2021-3-107",28.6125
"4584","2021-3-114",24.6625000000001
"4585","2021-3-119",32.5525
"4586","2021-3-104",27.915
"4587","2021-3-101",32.595
"4588","2021-3-109",29.315
"4589","2021-3-105",24.8
"4590","2021-3-113",31.9075
"4591","2021-3-116",26.8825
"4592","2021-3-111",-89.9125
"4593","2021-4-201",27.725
"4594","2021-4-205",30.2
"4595","2021-4-203",31.1800000000001
"4596","2021-4-215",-198.21
"4597","2021-4-214",-45.78
"4598","2021-4-206",29.2550000000001
"4599","2021-4-209",33.925
"4600","2021-4-207",27.615
"4601","2021-4-208",28.065
"4602","2021-4-216",26.725
"4603","2021-4-210",25.615
"4604","2021-4-204",31.015
"4605","2021-4-202",-54.525
"4606","2021-4-212",19.065
"4607","2021-4-213",-273.15
"4608","2021-4-211",21.445
"4609","2021-4-306",20.16
"4610","2021-4-301",21.265
"4611","2021-4-308",20.065
"4612","2021-4-304",26.35
"4613","2021-4-303",30.585
"4614","2021-4-307",13.675
"4615","2021-4-302",18.2750000000001
"4616","2021-4-305",26.6
"4617","2021-4-507",34.27
"4618","2021-4-504",34.1150000000001
"4619","2021-4-506",32.59
"4620","2021-4-505",33.565
"4621","2021-4-511",30.5550000000001
"4622","2021-4-510",27.55
"4623","2021-4-501",36.05
"4624","2021-4-509",30.305
"4625","2021-4-502",32.14
"4626","2021-4-503",33.505
"4627","2021-4-508",23.18
"4628","2021-4-402",24.455
"4629","2021-4-407",33.525
"4630","2021-4-408",31.93
"4631","2021-4-401",-201.085
"4632","2021-4-406",24.8900000000001
"4633","2021-4-409",31.19
"4634","2021-4-405",24.45
"4635","2021-4-404",27.1750000000001
"4636","2021-4-403",28.27
"4637","2021-4-410",-50.5649999999999
"4638","2021-4-706",27.575
"4639","2021-4-701",23.54
"4640","2021-4-705",-48.39
"4641","2021-4-702",-52.3499999999999
"4642","2021-4-703",-197.53
"4643","2021-4-704",23.67
"4644","2021-4-603",29.03
"4645","2021-4-610",29.2
"4646","2021-4-608",27.72
"4647","2021-4-602",32.81
"4648","2021-4-611",28.255
"4649","2021-4-607",-273.15
"4650","2021-4-604",28.43
"4651","2021-4-605",28.085
"4652","2021-4-609",30.8650000000001
"4653","2021-4-601",29.675
"4654","2021-4-606",28.385
"4655","2021-4-112",27.0300000000001
"4656","2021-4-110",26.265
"4657","2021-4-106",24.14
"4658","2021-4-118",32.36
"4659","2021-4-103",24.83
"4660","2021-4-117",19.75
"4661","2021-4-102",28.33
"4662","2021-4-108",25.9
"4663","2021-4-120",22.605
"4664","2021-4-115",29.87
"4665","2021-4-107",28.36
"4666","2021-4-114",23.1
"4667","2021-4-119",33.52
"4668","2021-4-104",28.2
"4669","2021-4-101",32.44
"4670","2021-4-109",29.27
"4671","2021-4-105",25.105
"4672","2021-4-113",31.995
"4673","2021-4-116",27.24
"4674","2021-4-111",-273.15
"4675","2021-5-201",29.0225
"4676","2021-5-205",31.615
"4677","2021-5-203",32.68
"4678","2021-5-215",27.165
"4679","2021-5-214",-235.1125
"4680","2021-5-206",30.765
"4681","2021-5-209",34.6
"4682","2021-5-207",29.175
"4683","2021-5-208",30.185
"4684","2021-5-216",28.4275
"4685","2021-5-210",24.885
"4686","2021-5-204",31.4
"4687","2021-5-202",-236.075
"4688","2021-5-212",18.25
"4689","2021-5-213",-235.5825
"4690","2021-5-211",21.665
"4691","2021-5-306",22.8425000000001
"4692","2021-5-301",21.4725
"4693","2021-5-308",21.3975
"4694","2021-5-304",27.75
"4695","2021-5-303",35.125
"4696","2021-5-307",14.59
"4697","2021-5-302",18.9975
"4698","2021-5-305",28.0625000000001
"4699","2021-5-507",34.8700000000001
"4700","2021-5-504",35.8725000000001
"4701","2021-5-506",33.3425
"4702","2021-5-505",34.4625
"4703","2021-5-511",30.3425
"4704","2021-5-510",27.335
"4705","2021-5-501",36.4675
"4706","2021-5-509",30.32
"4707","2021-5-502",31.9425000000001
"4708","2021-5-503",34.1675
"4709","2021-5-508",24.4225
"4710","2021-5-402",25.7425
"4711","2021-5-407",34.4325
"4712","2021-5-408",33.5625000000001
"4713","2021-5-401",15.385
"4714","2021-5-406",24.74
"4715","2021-5-409",32.7725
"4716","2021-5-405",25.27
"4717","2021-5-404",29.1375
"4718","2021-5-403",29.7875
"4719","2021-5-410",-235.2925
"4720","2021-5-706",27.31
"4721","2021-5-701",24.11
"4722","2021-5-705",-235.1475
"4723","2021-5-702",-273.15
"4724","2021-5-703",29.4625
"4725","2021-5-704",23.4425
"4726","2021-5-603",29.6175000000001
"4727","2021-5-610",29.4675
"4728","2021-5-608",27.9325
"4729","2021-5-602",33.8225
"4730","2021-5-611",28.99
"4731","2021-5-607",-273.15
"4732","2021-5-604",28.905
"4733","2021-5-605",28.9725
"4734","2021-5-609",30.2025000000001
"4735","2021-5-601",29.7325
"4736","2021-5-606",29.02
"4737","2021-5-112",27.6625
"4738","2021-5-110",26.2075
"4739","2021-5-106",25.2950000000001
"4740","2021-5-118",34.3875
"4741","2021-5-103",25.8225
"4742","2021-5-117",19.7125
"4743","2021-5-102",29.005
"4744","2021-5-108",26.36
"4745","2021-5-120",22.665
"4746","2021-5-115",31.3725
"4747","2021-5-107",28.825
"4748","2021-5-114",23.9475
"4749","2021-5-119",35.55
"4750","2021-5-104",29.0775000000001
"4751","2021-5-101",32.1900000000001
"4752","2021-5-109",30.135
"4753","2021-5-105",26.375
"4754","2021-5-113",32.9425
"4755","2021-5-116",28.2325
"4756","2021-5-111",-236.2625
"4757","2021-6-201",30.23
"4758","2021-6-205",31.23
"4759","2021-6-203",32.89
"4760","2021-6-215",31.05
"4761","2021-6-214",31.15
"4762","2021-6-206",30.73
"4763","2021-6-209",38.17
"4764","2021-6-207",30.7500000000001
"4765","2021-6-208",31.27
"4766","2021-6-216",30.79
"4767","2021-6-210",28.49
"4768","2021-6-204",32.73
"4769","2021-6-202",23.45
"4770","2021-6-212",21.05
"4771","2021-6-213",27.39
"4772","2021-6-211",22.89
"4773","2021-6-306",20.41
"4774","2021-6-301",22.1900000000001
"4775","2021-6-308",20.7500000000001
"4776","2021-6-304",28.31
"4777","2021-6-303",33.41
"4778","2021-6-307",17.95
"4779","2021-6-302",21.01
"4780","2021-6-305",28.01
"4781","2021-6-507",36.97
"4782","2021-6-504",37.99
"4783","2021-6-506",36.09
"4784","2021-6-505",35.39
"4785","2021-6-511",31.6900000000001
"4786","2021-6-510",29.61
"4787","2021-6-501",36.87
"4788","2021-6-509",30.95
"4789","2021-6-502",33.29
"4790","2021-6-503",35.1300000000001
"4791","2021-6-508",26.1900000000001
"4792","2021-6-402",25.83
"4793","2021-6-407",35.85
"4794","2021-6-408",36.17
"4795","2021-6-401",17.31
"4796","2021-6-406",27.47
"4797","2021-6-409",35.03
"4798","2021-6-405",27.23
"4799","2021-6-404",30.17
"4800","2021-6-403",32.43
"4801","2021-6-410",29.71
"4802","2021-6-706",30.39
"4803","2021-6-701",22.85
"4804","2021-6-705",30.87
"4805","2021-6-702",-273.15
"4806","2021-6-703",30.39
"4807","2021-6-704",21.43
"4808","2021-6-603",28.6900000000001
"4809","2021-6-610",29.45
"4810","2021-6-608",26.6900000000001
"4811","2021-6-602",35.45
"4812","2021-6-611",28.99
"4813","2021-6-607",-273.15
"4814","2021-6-604",29.71
"4815","2021-6-605",27.73
"4816","2021-6-609",31.1300000000001
"4817","2021-6-601",28.77
"4818","2021-6-606",28.95
"4819","2021-6-112",26.21
"4820","2021-6-110",28.43
"4821","2021-6-106",25.61
"4822","2021-6-118",34.93
"4823","2021-6-103",26.05
"4824","2021-6-117",18.61
"4825","2021-6-102",29.95
"4826","2021-6-108",28.11
"4827","2021-6-120",21.93
"4828","2021-6-115",31.39
"4829","2021-6-107",27.67
"4830","2021-6-114",26.73
"4831","2021-6-119",34.43
"4832","2021-6-104",28.71
"4833","2021-6-101",35.27
"4834","2021-6-109",30.31
"4835","2021-6-105",25.71
"4836","2021-6-113",34.85
"4837","2021-6-116",27.41
"4838","2021-6-111",21.95
"4839","2021-7-201",31.105
"4840","2021-7-205",33.26
"4841","2021-7-203",34.325
"4842","2021-7-215",28.4075
"4843","2021-7-214",28.9975000000001
"4844","2021-7-206",33.2150000000001
"4845","2021-7-209",39.2375
"4846","2021-7-207",31.205
"4847","2021-7-208",32.04
"4848","2021-7-216",30.8425
"4849","2021-7-210",28.2275000000001
"4850","2021-7-204",33.325
"4851","2021-7-202",23.9225
"4852","2021-7-212",20.805
"4853","2021-7-213",-235.5825
"4854","2021-7-211",23.8875
"4855","2021-7-306",23.2625
"4856","2021-7-301",22.7325
"4857","2021-7-308",20.8025
"4858","2021-7-304",28.2225
"4859","2021-7-303",34.4425
"4860","2021-7-307",16.9525
"4861","2021-7-302",18.9800000000001
"4862","2021-7-305",27.7475
"4863","2021-7-507",38.4925
"4864","2021-7-504",37.045
"4865","2021-7-506",35.18
"4866","2021-7-505",35.775
"4867","2021-7-511",32.88
"4868","2021-7-510",28.6475
"4869","2021-7-501",38.6025
"4870","2021-7-509",32.735
"4871","2021-7-502",35.565
"4872","2021-7-503",35.795
"4873","2021-7-508",25.9275
"4874","2021-7-402",27.1425
"4875","2021-7-407",37.18
"4876","2021-7-408",36.2575
"4877","2021-7-401",15.665
"4878","2021-7-406",28.345
"4879","2021-7-409",35.59
"4880","2021-7-405",27.23
"4881","2021-7-404",31.36
"4882","2021-7-403",32.6050000000001
"4883","2021-7-410",30.305
"4884","2021-7-706",28.92
"4885","2021-7-701",22.8675
"4886","2021-7-705",29.68
"4887","2021-7-702",-8.23500000000001
"4888","2021-7-703",29.165
"4889","2021-7-704",24.2300000000001
"4890","2021-7-603",30.0375
"4891","2021-7-610",28.505
"4892","2021-7-608",27.9500000000001
"4893","2021-7-602",36.395
"4894","2021-7-611",31.16
"4895","2021-7-607",-273.15
"4896","2021-7-604",30.4275
"4897","2021-7-605",28.9025000000001
"4898","2021-7-609",31.8475
"4899","2021-7-601",31.185
"4900","2021-7-606",29.58
"4901","2021-7-112",29.045
"4902","2021-7-110",28.2375
"4903","2021-7-106",25.8375
"4904","2021-7-118",33.7575
"4905","2021-7-103",26.0325
"4906","2021-7-117",20.4125
"4907","2021-7-102",31.0175
"4908","2021-7-108",27.7775
"4909","2021-7-120",25.36
"4910","2021-7-115",30.0775
"4911","2021-7-107",28.86
"4912","2021-7-114",26.94
"4913","2021-7-119",35.5850000000001
"4914","2021-7-104",29.725
"4915","2021-7-101",35.445
"4916","2021-7-109",31.2025
"4917","2021-7-105",25.85
"4918","2021-7-113",34.36
"4919","2021-7-116",29.09
"4920","2021-7-111",21.1625
"4921","2021-8-201",29.88
"4922","2021-8-205",32.635
"4923","2021-8-203",32.91
"4924","2021-8-215",28.405
"4925","2021-8-214",26.4850000000001
"4926","2021-8-206",30.735
"4927","2021-8-209",39.33
"4928","2021-8-207",29.575
"4929","2021-8-208",30.6800000000001
"4930","2021-8-216",28.735
"4931","2021-8-210",26.6900000000001
"4932","2021-8-204",33.605
"4933","2021-8-202",-198.865
"4934","2021-8-212",20.95
"4935","2021-8-213",-47.775
"4936","2021-8-211",21.87
"4937","2021-8-306",22.53
"4938","2021-8-301",21.355
"4939","2021-8-308",17.975
"4940","2021-8-304",22.21
"4941","2021-8-303",34.3350000000001
"4942","2021-8-307",11.485
"4943","2021-8-302",18.915
"4944","2021-8-305",22.43
"4945","2021-8-507",38.5
"4946","2021-8-504",37.21
"4947","2021-8-506",34.195
"4948","2021-8-505",35.98
"4949","2021-8-511",32.6
"4950","2021-8-510",29.335
"4951","2021-8-501",40.08
"4952","2021-8-509",32.315
"4953","2021-8-502",33.835
"4954","2021-8-503",35.83
"4955","2021-8-508",24.9900000000001
"4956","2021-8-402",26.34
"4957","2021-8-407",35.885
"4958","2021-8-408",35.535
"4959","2021-8-401",16.63
"4960","2021-8-406",26.985
"4961","2021-8-409",33.57
"4962","2021-8-405",25.7000000000001
"4963","2021-8-404",31.095
"4964","2021-8-403",31.025
"4965","2021-8-410",28.125
"4966","2021-8-706",26.925
"4967","2021-8-701",21.025
"4968","2021-8-705",28.67
"4969","2021-8-702",28.9650000000001
"4970","2021-8-703",29.065
"4971","2021-8-704",21.66
"4972","2021-8-603",29.6
"4973","2021-8-610",29.3150000000001
"4974","2021-8-608",27.8450000000001
"4975","2021-8-602",36.035
"4976","2021-8-611",30.69
"4977","2021-8-607",-273.15
"4978","2021-8-604",29.75
"4979","2021-8-605",29.4450000000001
"4980","2021-8-609",32.145
"4981","2021-8-601",31.125
"4982","2021-8-606",29.625
"4983","2021-8-112",28.85
"4984","2021-8-110",26.62
"4985","2021-8-106",25.9
"4986","2021-8-118",32.75
"4987","2021-8-103",25.3100000000001
"4988","2021-8-117",18.7200000000001
"4989","2021-8-102",29.6400000000001
"4990","2021-8-108",24.925
"4991","2021-8-120",23.825
"4992","2021-8-115",27.265
"4993","2021-8-107",30.035
"4994","2021-8-114",26.04
"4995","2021-8-119",35.495
"4996","2021-8-104",29.93
"4997","2021-8-101",32.905
"4998","2021-8-109",29.59
"4999","2021-8-105",29.62
"5000","2021-8-113",33.12
"5001","2021-8-116",28.79
"5002","2021-8-111",-199.6
"5003","2021-9-201",30.03
"5004","2021-9-205",32.0675
"5005","2021-9-203",33.4575
"5006","2021-9-215",30.8925
"5007","2021-9-214",28.6
"5008","2021-9-206",31.6275
"5009","2021-9-209",39.26
"5010","2021-9-207",29.5975
"5011","2021-9-208",31.0525000000001
"5012","2021-9-216",28.6175
"5013","2021-9-210",28.0525
"5014","2021-9-204",33.6450000000001
"5015","2021-9-202",-273.15
"5016","2021-9-212",17.485
"5017","2021-9-213",29.2
"5018","2021-9-211",22.2125
"5019","2021-9-306",23.325
"5020","2021-9-301",22.1075
"5021","2021-9-308",19.705
"5022","2021-9-304",24.7975
"5023","2021-9-303",33.9375000000001
"5024","2021-9-307",14.7725
"5025","2021-9-302",19.3025
"5026","2021-9-305",25.3575
"5027","2021-9-507",38.78
"5028","2021-9-504",38.31
"5029","2021-9-506",34.3600000000001
"5030","2021-9-505",36.205
"5031","2021-9-511",33.4125
"5032","2021-9-510",29.0725000000001
"5033","2021-9-501",40.015
"5034","2021-9-509",33.3275000000001
"5035","2021-9-502",34.7875
"5036","2021-9-503",36.5725
"5037","2021-9-508",23.34
"5038","2021-9-402",26.4725000000001
"5039","2021-9-407",34.89
"5040","2021-9-408",35.5400000000001
"5041","2021-9-401",16.63
"5042","2021-9-406",28.0525
"5043","2021-9-409",34.0575
"5044","2021-9-405",26.89
"5045","2021-9-404",31.075
"5046","2021-9-403",31.3025
"5047","2021-9-410",26.8075
"5048","2021-9-706",28.4175
"5049","2021-9-701",23.6475
"5050","2021-9-705",29.1775
"5051","2021-9-702",29.95
"5052","2021-9-703",29.8775
"5053","2021-9-704",23.57
"5054","2021-9-603",30.04
"5055","2021-9-610",30.7175
"5056","2021-9-608",28.75
"5057","2021-9-602",36.6325
"5058","2021-9-611",31.08
"5059","2021-9-607",-273.15
"5060","2021-9-604",29.765
"5061","2021-9-605",29.47
"5062","2021-9-609",33.21
"5063","2021-9-601",31.715
"5064","2021-9-606",30.1475
"5065","2021-9-112",29.6500000000001
"5066","2021-9-110",28.14
"5067","2021-9-106",26.96
"5068","2021-9-118",33.97
"5069","2021-9-103",25.9575
"5070","2021-9-117",20.5700000000001
"5071","2021-9-102",30.2925
"5072","2021-9-108",26.115
"5073","2021-9-120",24.5625
"5074","2021-9-115",28.8025000000001
"5075","2021-9-107",30.4950000000001
"5076","2021-9-114",27.2925
"5077","2021-9-119",36.3725
"5078","2021-9-104",30.6
"5079","2021-9-101",33.775
"5080","2021-9-109",30.935
"5081","2021-9-105",29.0075
"5082","2021-9-113",32.655
"5083","2021-9-116",28.7725
"5084","2021-9-111",-273.15
"5085","2021-10-201",31.25
"5086","2021-10-205",33.6
"5087","2021-10-203",35.91
"5088","2021-10-215",-120.42
"5089","2021-10-214",-121.42
"5090","2021-10-206",33.07
"5091","2021-10-209",39.9
"5092","2021-10-207",31.22
"5093","2021-10-208",32.84
"5094","2021-10-216",28.62
"5095","2021-10-210",27.97
"5096","2021-10-204",34.3800000000001
"5097","2021-10-202",-273.15
"5098","2021-10-212",20.22
"5099","2021-10-213",28.41
"5100","2021-10-211",24.12
"5101","2021-10-306",-124.56
"5102","2021-10-301",23.15
"5103","2021-10-308",20.19
"5104","2021-10-304",27.57
"5105","2021-10-303",35.3000000000001
"5106","2021-10-307",15.88
"5107","2021-10-302",19.95
"5108","2021-10-305",29.88
"5109","2021-10-507",39.73
"5110","2021-10-504",38.4900000000001
"5111","2021-10-506",35.5200000000001
"5112","2021-10-505",37.37
"5113","2021-10-511",33.79
"5114","2021-10-510",29.37
"5115","2021-10-501",40.32
"5116","2021-10-509",33.5
"5117","2021-10-502",35.76
"5118","2021-10-503",37.0800000000001
"5119","2021-10-508",23.73
"5120","2021-10-402",26.2500000000001
"5121","2021-10-407",35.98
"5122","2021-10-408",37.45
"5123","2021-10-401",15.93
"5124","2021-10-406",28.42
"5125","2021-10-409",36.76
"5126","2021-10-405",28.27
"5127","2021-10-404",31.22
"5128","2021-10-403",32.59
"5129","2021-10-410",24.85
"5130","2021-10-706",29.17
"5131","2021-10-701",25.41
"5132","2021-10-705",30.8
"5133","2021-10-702",-121.24
"5134","2021-10-703",31.25
"5135","2021-10-704",24.21
"5136","2021-10-603",30.68
"5137","2021-10-610",30.1
"5138","2021-10-608",27.23
"5139","2021-10-602",37.72
"5140","2021-10-611",30.71
"5141","2021-10-607",-273.15
"5142","2021-10-604",31.1
"5143","2021-10-605",29.16
"5144","2021-10-609",34.12
"5145","2021-10-601",31.9200000000001
"5146","2021-10-606",30.74
"5147","2021-10-112",30.4200000000001
"5148","2021-10-110",30.77
"5149","2021-10-106",27.26
"5150","2021-10-118",35.62
"5151","2021-10-103",26.65
"5152","2021-10-117",20.8800000000001
"5153","2021-10-102",32.3
"5154","2021-10-108",27.54
"5155","2021-10-120",25.11
"5156","2021-10-115",32.93
"5157","2021-10-107",31.1200000000001
"5158","2021-10-114",27.7100000000001
"5159","2021-10-119",36.73
"5160","2021-10-104",29.84
"5161","2021-10-101",35.18
"5162","2021-10-109",32.78
"5163","2021-10-105",27.31
"5164","2021-10-113",34.56
"5165","2021-10-116",28.15
"5166","2021-10-111",-125.12
"5167","2021-11-201",31.9225
"5168","2021-11-205",34.63
"5169","2021-11-203",37.8525
"5170","2021-11-215",-159.57
"5171","2021-11-214",-157.875
"5172","2021-11-206",33.1475
"5173","2021-11-209",40.4575000000001
"5174","2021-11-207",32.2725
"5175","2021-11-208",33.315
"5176","2021-11-216",27.8575
"5177","2021-11-210",27.28
"5178","2021-11-204",34.6575000000001
"5179","2021-11-202",-273.15
"5180","2021-11-212",-86.7624999999999
"5181","2021-11-213",27.6575
"5182","2021-11-211",24.73
"5183","2021-11-306",-164.1675
"5184","2021-11-301",23.3375
"5185","2021-11-308",18.2600000000001
"5186","2021-11-304",26.975
"5187","2021-11-303",34.255
"5188","2021-11-307",14.355
"5189","2021-11-302",-89.675
"5190","2021-11-305",-82.6875
"5191","2021-11-507",40.3575
"5192","2021-11-504",38.4375000000001
"5193","2021-11-506",36.3425
"5194","2021-11-505",38.9625
"5195","2021-11-511",33.575
"5196","2021-11-510",30.6425
"5197","2021-11-501",41.795
"5198","2021-11-509",33.56
"5199","2021-11-502",36.2075000000001
"5200","2021-11-503",37.3625000000001
"5201","2021-11-508",25.935
"5202","2021-11-402",25.8550000000001
"5203","2021-11-407",37.0925
"5204","2021-11-408",37.905
"5205","2021-11-401",15.7325
"5206","2021-11-406",27.3625
"5207","2021-11-409",37.5500000000001
"5208","2021-11-405",27.1825000000001
"5209","2021-11-404",30.5325
"5210","2021-11-403",32.73
"5211","2021-11-410",25.36
"5212","2021-11-706",29.4275
"5213","2021-11-701",23.9475
"5214","2021-11-705",31.275
"5215","2021-11-702",-159.6075
"5216","2021-11-703",31.52
"5217","2021-11-704",-87.9875
"5218","2021-11-603",30.5475
"5219","2021-11-610",29.475
"5220","2021-11-608",26.5875
"5221","2021-11-602",37.465
"5222","2021-11-611",30.46
"5223","2021-11-607",-273.15
"5224","2021-11-604",31.8425
"5225","2021-11-605",28.37
"5226","2021-11-609",33.71
"5227","2021-11-601",32.8150000000001
"5228","2021-11-606",30.3275
"5229","2021-11-112",30.095
"5230","2021-11-110",30.1975
"5231","2021-11-106",26.81
"5232","2021-11-118",36.0925
"5233","2021-11-103",26.8325
"5234","2021-11-117",19.8100000000001
"5235","2021-11-102",32.4325
"5236","2021-11-108",28.1100000000001
"5237","2021-11-120",24.8625
"5238","2021-11-115",34.56
"5239","2021-11-107",30.98
"5240","2021-11-114",26.9725000000001
"5241","2021-11-119",36.255
"5242","2021-11-104",29.3725000000001
"5243","2021-11-101",35.8275
"5244","2021-11-109",32.0825
"5245","2021-11-105",26.6775
"5246","2021-11-113",35.3625
"5247","2021-11-116",28.0375
"5248","2021-11-111",-88.1125
"5249","2021-12-201",32.03
"5250","2021-12-205",33.45
"5251","2021-12-203",38.265
"5252","2021-12-215",-45.99
"5253","2021-12-214",-42.5999999999999
"5254","2021-12-206",33.115
"5255","2021-12-209",39.765
"5256","2021-12-207",31.695
"5257","2021-12-208",32.565
"5258","2021-12-216",27.54
"5259","2021-12-210",27.6150000000001
"5260","2021-12-204",32.94
"5261","2021-12-202",-199.135
"5262","2021-12-212",-199.545
"5263","2021-12-213",28.6800000000001
"5264","2021-12-211",23.7950000000001
"5265","2021-12-306",19.105
"5266","2021-12-301",22.78
"5267","2021-12-308",-55.605
"5268","2021-12-304",-48.825
"5269","2021-12-303",31.73
"5270","2021-12-307",14.17
"5271","2021-12-302",-273.15
"5272","2021-12-305",-273.15
"5273","2021-12-507",40.665
"5274","2021-12-504",39.09
"5275","2021-12-506",36.485
"5276","2021-12-505",39.525
"5277","2021-12-511",34.01
"5278","2021-12-510",30.955
"5279","2021-12-501",43
"5280","2021-12-509",34.485
"5281","2021-12-502",36.98
"5282","2021-12-503",37.9350000000001
"5283","2021-12-508",27.015
"5284","2021-12-402",25.555
"5285","2021-12-407",36.9650000000001
"5286","2021-12-408",35.37
"5287","2021-12-401",15.695
"5288","2021-12-406",26.47
"5289","2021-12-409",35.55
"5290","2021-12-405",25.15
"5291","2021-12-404",30.135
"5292","2021-12-403",30.9800000000001
"5293","2021-12-410",28.71
"5294","2021-12-706",29.9100000000001
"5295","2021-12-701",21.93
"5296","2021-12-705",-45.675
"5297","2021-12-702",-46.0649999999999
"5298","2021-12-703",30.995
"5299","2021-12-704",-198.405
"5300","2021-12-603",29.81
"5301","2021-12-610",30.25
"5302","2021-12-608",28.105
"5303","2021-12-602",36.32
"5304","2021-12-611",30.825
"5305","2021-12-607",-273.15
"5306","2021-12-604",30.8450000000001
"5307","2021-12-605",27.6
"5308","2021-12-609",32.68
"5309","2021-12-601",34.4550000000001
"5310","2021-12-606",28.5550000000001
"5311","2021-12-112",30.145
"5312","2021-12-110",26.855
"5313","2021-12-106",26.535
"5314","2021-12-118",34.9700000000001
"5315","2021-12-103",26.125
"5316","2021-12-117",18.085
"5317","2021-12-102",29.52
"5318","2021-12-108",27.945
"5319","2021-12-120",25.815
"5320","2021-12-115",31.05
"5321","2021-12-107",29.53
"5322","2021-12-114",26.045
"5323","2021-12-119",-41.415
"5324","2021-12-104",30.19
"5325","2021-12-101",36.74
"5326","2021-12-109",30.49
"5327","2021-12-105",26.91
"5328","2021-12-113",33.505
"5329","2021-12-116",28.83
"5330","2021-12-111",-273.15
"5331","2021-13-201",32.9075
"5332","2021-13-205",33.09
"5333","2021-13-203",38.8825
"5334","2021-13-215",-273.15
"5335","2021-13-214",-273.15
"5336","2021-13-206",34.3475
"5337","2021-13-209",38.4375000000001
"5338","2021-13-207",31.52
"5339","2021-13-208",34.21
"5340","2021-13-216",29.2775
"5341","2021-13-210",-11.3324999999999
"5342","2021-13-204",30.74
"5343","2021-13-202",-14.0975
"5344","2021-13-212",21.575
"5345","2021-13-213",-11.385
"5346","2021-13-211",23.9575
"5347","2021-13-306",24.49
"5348","2021-13-301",22.2025
"5349","2021-13-308",-235.965
"5350","2021-13-304",-235.095
"5351","2021-13-303",37.0575000000001
"5352","2021-13-307",12.155
"5353","2021-13-302",-236.25
"5354","2021-13-305",-235.125
"5355","2021-13-507",42.06
"5356","2021-13-504",38.82
"5357","2021-13-506",37.0725000000001
"5358","2021-13-505",38.48
"5359","2021-13-511",-3.17749999999999
"5360","2021-13-510",29.2275000000001
"5361","2021-13-501",42.1875000000001
"5362","2021-13-509",-4.2975
"5363","2021-13-502",36.8025
"5364","2021-13-503",38.435
"5365","2021-13-508",-12.0675
"5366","2021-13-402",24.6875000000001
"5367","2021-13-407",37.675
"5368","2021-13-408",34.405
"5369","2021-13-401",15.2325
"5370","2021-13-406",26.87
"5371","2021-13-409",35.9925
"5372","2021-13-405",26.8575
"5373","2021-13-404",32.705
"5374","2021-13-403",29.5875
"5375","2021-13-410",28.545
"5376","2021-13-706",27.9750000000001
"5377","2021-13-701",-14.64
"5378","2021-13-705",-273.15
"5379","2021-13-702",-273.15
"5380","2021-13-703",32.5950000000001
"5381","2021-13-704",25.5625
"5382","2021-13-603",29.62
"5383","2021-13-610",29.62
"5384","2021-13-608",25.715
"5385","2021-13-602",-1.4975
"5386","2021-13-611",29.4825
"5387","2021-13-607",-273.15
"5388","2021-13-604",30.435
"5389","2021-13-605",28.4575
"5390","2021-13-609",33.2250000000001
"5391","2021-13-601",-4.61249999999991
"5392","2021-13-606",27.1275
"5393","2021-13-112",32.4125
"5394","2021-13-110",26.9100000000001
"5395","2021-13-106",26.76
"5396","2021-13-118",33.14
"5397","2021-13-103",24.5075
"5398","2021-13-117",13.34
"5399","2021-13-102",27.6375
"5400","2021-13-108",25.5125
"5401","2021-13-120",28.54
"5402","2021-13-115",26.9725
"5403","2021-13-107",29.0175000000001
"5404","2021-13-114",24.7825
"5405","2021-13-119",-234.2525
"5406","2021-13-104",29.3325
"5407","2021-13-101",37.89
"5408","2021-13-109",32.625
"5409","2021-13-105",27.735
"5410","2021-13-113",34.4075
"5411","2021-13-116",28.45
"5412","2021-13-111",-273.15
"5413","2021-14-201",30.23
"5414","2021-14-205",32.2500000000001
"5415","2021-14-203",39.53
"5416","2021-14-215",-273.15
"5417","2021-14-214",-273.15
"5418","2021-14-206",34.47
"5419","2021-14-209",39.7500000000001
"5420","2021-14-207",34.81
"5421","2021-14-208",33.65
"5422","2021-14-216",33.67
"5423","2021-14-210",-273.15
"5424","2021-14-204",34.87
"5425","2021-14-202",-273.15
"5426","2021-14-212",23.71
"5427","2021-14-213",-273.15
"5428","2021-14-211",21.6300000000001
"5429","2021-14-306",27.85
"5430","2021-14-301",25.93
"5431","2021-14-308",24.33
"5432","2021-14-304",31.29
"5433","2021-14-303",36.55
"5434","2021-14-307",16.11
"5435","2021-14-302",22.05
"5436","2021-14-305",31.05
"5437","2021-14-507",41.43
"5438","2021-14-504",36.09
"5439","2021-14-506",35.83
"5440","2021-14-505",37.99
"5441","2021-14-511",-273.15
"5442","2021-14-510",33.41
"5443","2021-14-501",42.17
"5444","2021-14-509",-273.15
"5445","2021-14-502",35.35
"5446","2021-14-503",38.05
"5447","2021-14-508",-273.15
"5448","2021-14-402",28.59
"5449","2021-14-407",35.61
"5450","2021-14-408",35.21
"5451","2021-14-401",21.97
"5452","2021-14-406",31.35
"5453","2021-14-409",39.09
"5454","2021-14-405",30.83
"5455","2021-14-404",32.53
"5456","2021-14-403",33.49
"5457","2021-14-410",31.59
"5458","2021-14-706",30.81
"5459","2021-14-701",-273.15
"5460","2021-14-705",-273.15
"5461","2021-14-702",-273.15
"5462","2021-14-703",32.77
"5463","2021-14-704",23.6900000000001
"5464","2021-14-603",30.39
"5465","2021-14-610",31.51
"5466","2021-14-608",28.83
"5467","2021-14-602",-273.15
"5468","2021-14-611",30.27
"5469","2021-14-607",-273.15
"5470","2021-14-604",33.55
"5471","2021-14-605",31.73
"5472","2021-14-609",33.47
"5473","2021-14-601",-273.15
"5474","2021-14-606",30.47
"5475","2021-14-112",29.91
"5476","2021-14-110",28.45
"5477","2021-14-106",29.91
"5478","2021-14-118",34.1900000000001
"5479","2021-14-103",28.83
"5480","2021-14-117",20.55
"5481","2021-14-102",34.41
"5482","2021-14-108",26.65
"5483","2021-14-120",29.45
"5484","2021-14-115",35.39
"5485","2021-14-107",31.73
"5486","2021-14-114",27.81
"5487","2021-14-119",38.03
"5488","2021-14-104",30.05
"5489","2021-14-101",36.49
"5490","2021-14-109",32.45
"5491","2021-14-105",26.79
"5492","2021-14-113",39.5700000000001
"5493","2021-14-116",30.41
"5494","2021-14-111",-273.15
"5495","2021-15-201",27.2375
"5496","2021-15-205",29.5025
"5497","2021-15-203",33.2475
"5498","2021-15-215",-273.15
"5499","2021-15-214",-273.15
"5500","2021-15-206",28.8700000000001
"5501","2021-15-209",35.0775
"5502","2021-15-207",29.0875
"5503","2021-15-208",28.5225
"5504","2021-15-216",-234.7975
"5505","2021-15-210",-11.0175
"5506","2021-15-204",30.915
"5507","2021-15-202",-273.15
"5508","2021-15-212",-236.0425
"5509","2021-15-213",-9.0575
"5510","2021-15-211",-236.3025
"5511","2021-15-306",-235.525
"5512","2021-15-301",24.67
"5513","2021-15-308",-235.965
"5514","2021-15-304",28.9975
"5515","2021-15-303",33.6275
"5516","2021-15-307",-236.9925
"5517","2021-15-302",-236.25
"5518","2021-15-305",26.6225
"5519","2021-15-507",35.2525
"5520","2021-15-504",38.2600000000001
"5521","2021-15-506",32.9425
"5522","2021-15-505",37.745
"5523","2021-15-511",-10.16
"5524","2021-15-510",30.9250000000001
"5525","2021-15-501",31.88
"5526","2021-15-509",-10.8075
"5527","2021-15-502",33.0925
"5528","2021-15-503",31.7675
"5529","2021-15-508",-11.7525
"5530","2021-15-402",20.47
"5531","2021-15-407",33.3175
"5532","2021-15-408",32.9525000000001
"5533","2021-15-401",17.4375
"5534","2021-15-406",28.6725
"5535","2021-15-409",34.6625
"5536","2021-15-405",25.755
"5537","2021-15-404",27.3150000000001
"5538","2021-15-403",30.5500000000001
"5539","2021-15-410",-235.0575
"5540","2021-15-706",29.76
"5541","2021-15-701",-273.15
"5542","2021-15-705",-273.15
"5543","2021-15-702",-273.15
"5544","2021-15-703",30.285
"5545","2021-15-704",-236.045
"5546","2021-15-603",27.555
"5547","2021-15-610",28.255
"5548","2021-15-608",27.045
"5549","2021-15-602",-7.39499999999992
"5550","2021-15-611",28.1175
"5551","2021-15-607",-273.15
"5552","2021-15-604",28.4225000000001
"5553","2021-15-605",29.8225
"5554","2021-15-609",29.48
"5555","2021-15-601",-11.245
"5556","2021-15-606",29.49
"5557","2021-15-112",27.11
"5558","2021-15-110",29.2375
"5559","2021-15-106",25.9375
"5560","2021-15-118",37.48
"5561","2021-15-103",24.35
"5562","2021-15-117",17.925
"5563","2021-15-102",31.5575
"5564","2021-15-108",-235.675
"5565","2021-15-120",22.8
"5566","2021-15-115",-234.5825
"5567","2021-15-107",27.9675
"5568","2021-15-114",28.02
"5569","2021-15-119",34.7575
"5570","2021-15-104",28.4575
"5571","2021-15-101",37.6275
"5572","2021-15-109",28.5475
"5573","2021-15-105",26.8775
"5574","2021-15-113",37.2075
"5575","2021-15-116",27.295
"5576","2021-15-111",-273.15
"5577","2021-16-201",27.635
"5578","2021-16-205",29.8750000000001
"5579","2021-16-203",32.2300000000001
"5580","2021-16-215",-45.15
"5581","2021-16-214",-273.15
"5582","2021-16-206",30.005
"5583","2021-16-209",35.145
"5584","2021-16-207",29.53
"5585","2021-16-208",29.86
"5586","2021-16-216",-46.215
"5587","2021-16-210",26.2500000000001
"5588","2021-16-204",30.245
"5589","2021-16-202",-273.15
"5590","2021-16-212",-52.59
"5591","2021-16-213",-197.695
"5592","2021-16-211",-52.5
"5593","2021-16-306",-55.605
"5594","2021-16-301",23.83
"5595","2021-16-308",-273.15
"5596","2021-16-304",28.235
"5597","2021-16-303",32.55
"5598","2021-16-307",-273.15
"5599","2021-16-302",-273.15
"5600","2021-16-305",25.495
"5601","2021-16-507",34.7
"5602","2021-16-504",40.04
"5603","2021-16-506",33.7300000000001
"5604","2021-16-505",36.12
"5605","2021-16-511",28.925
"5606","2021-16-510",30.6150000000001
"5607","2021-16-501",34.955
"5608","2021-16-509",27.54
"5609","2021-16-502",31.5400000000001
"5610","2021-16-503",33.39
"5611","2021-16-508",24.63
"5612","2021-16-402",20.84
"5613","2021-16-407",34.88
"5614","2021-16-408",34.9250000000001
"5615","2021-16-401",15.815
"5616","2021-16-406",28.5450000000001
"5617","2021-16-409",35.335
"5618","2021-16-405",27.3550000000001
"5619","2021-16-404",27.185
"5620","2021-16-403",31.33
"5621","2021-16-410",-48.585
"5622","2021-16-706",27.885
"5623","2021-16-701",-51.39
"5624","2021-16-705",-46.425
"5625","2021-16-702",-46.335
"5626","2021-16-703",29.645
"5627","2021-16-704",-48.93
"5628","2021-16-603",28.5900000000001
"5629","2021-16-610",29.245
"5630","2021-16-608",26.7
"5631","2021-16-602",33.105
"5632","2021-16-611",27.315
"5633","2021-16-607",-273.15
"5634","2021-16-604",28.23
"5635","2021-16-605",29.46
"5636","2021-16-609",29.705
"5637","2021-16-601",29.32
"5638","2021-16-606",28.5250000000001
"5639","2021-16-112",26.155
"5640","2021-16-110",27.55
"5641","2021-16-106",24.455
"5642","2021-16-118",35.28
"5643","2021-16-103",25.42
"5644","2021-16-117",-200.475
"5645","2021-16-102",30.655
"5646","2021-16-108",-46.635
"5647","2021-16-120",20.485
"5648","2021-16-115",-44.505
"5649","2021-16-107",27.85
"5650","2021-16-114",27.3600000000001
"5651","2021-16-119",35.355
"5652","2021-16-104",-197.805
"5653","2021-16-101",36.23
"5654","2021-16-109",30.225
"5655","2021-16-105",-198.14
"5656","2021-16-113",34.74
"5657","2021-16-116",27.21
"5658","2021-16-111",-273.15
"5659","2021-17-201",26.735
"5660","2021-17-205",29.4175
"5661","2021-17-203",33.14
"5662","2021-17-215",33
"5663","2021-17-214",-80.675
"5664","2021-17-206",29.0625
"5665","2021-17-209",33.5775
"5666","2021-17-207",28.0625
"5667","2021-17-208",30.2875000000001
"5668","2021-17-216",31.5925
"5669","2021-17-210",28.365
"5670","2021-17-204",30.1475
"5671","2021-17-202",-87.0125
"5672","2021-17-212",21.5175
"5673","2021-17-213",-81.55
"5674","2021-17-211",-162.825
"5675","2021-17-306",-164.3775
"5676","2021-17-301",22.3475
"5677","2021-17-308",-273.15
"5678","2021-17-304",28.3775
"5679","2021-17-303",31.6175000000001
"5680","2021-17-307",-273.15
"5681","2021-17-302",-273.15
"5682","2021-17-305",27.6925
"5683","2021-17-507",32.5975
"5684","2021-17-504",39.7425
"5685","2021-17-506",36.8425
"5686","2021-17-505",33.7525
"5687","2021-17-511",-159.6825
"5688","2021-17-510",28.5425
"5689","2021-17-501",39.12
"5690","2021-17-509",26.33
"5691","2021-17-502",27.8925
"5692","2021-17-503",31.48
"5693","2021-17-508",-161.6025
"5694","2021-17-402",21.8000000000001
"5695","2021-17-407",34.5225
"5696","2021-17-408",35.5025
"5697","2021-17-401",-164.91
"5698","2021-17-406",26.7550000000001
"5699","2021-17-409",35.3825
"5700","2021-17-405",26.6425000000001
"5701","2021-17-404",27.2025
"5702","2021-17-403",31.4675
"5703","2021-17-410",28.9075
"5704","2021-17-706",29.335
"5705","2021-17-701",-162.27
"5706","2021-17-705",-159.7875
"5707","2021-17-702",-159.7425
"5708","2021-17-703",30.275
"5709","2021-17-704",-161.04
"5710","2021-17-603",28.2325
"5711","2021-17-610",-159.57
"5712","2021-17-608",-160.7175
"5713","2021-17-602",33.6375
"5714","2021-17-611",25.8125
"5715","2021-17-607",-273.15
"5716","2021-17-604",26.5475
"5717","2021-17-605",29.655
"5718","2021-17-609",28.8950000000001
"5719","2021-17-601",27.27
"5720","2021-17-606",29.0875
"5721","2021-17-112",-160.98
"5722","2021-17-110",29.675
"5723","2021-17-106",23.0375
"5724","2021-17-118",34.1275
"5725","2021-17-103",-160.9725
"5726","2021-17-117",-273.15
"5727","2021-17-102",31.04
"5728","2021-17-108",-159.8925
"5729","2021-17-120",19.0675
"5730","2021-17-115",27.21
"5731","2021-17-107",27.1775000000001
"5732","2021-17-114",26.88
"5733","2021-17-119",34.6975
"5734","2021-17-104",-87.225
"5735","2021-17-101",35.3725
"5736","2021-17-109",-159.105
"5737","2021-17-105",-273.15
"5738","2021-17-113",34.4800000000001
"5739","2021-17-116",26.2925
"5740","2021-17-111",-89.0625
"5741","2021-18-201",26.86
"5742","2021-18-205",29.31
"5743","2021-18-203",32.1700000000001
"5744","2021-18-215",-119.43
"5745","2021-18-214",-119.17
"5746","2021-18-206",27.96
"5747","2021-18-209",32.82
"5748","2021-18-207",27.3100000000001
"5749","2021-18-208",28.97
"5750","2021-18-216",29.85
"5751","2021-18-210",27.28
"5752","2021-18-204",30.62
"5753","2021-18-202",-124.24
"5754","2021-18-212",-125.64
"5755","2021-18-213",-119.87
"5756","2021-18-211",-125.82
"5757","2021-18-306",-129.06
"5758","2021-18-301",-125.78
"5759","2021-18-308",-126.48
"5760","2021-18-304",-122.3
"5761","2021-18-303",-120.98
"5762","2021-18-307",-273.15
"5763","2021-18-302",-273.15
"5764","2021-18-305",-122.02
"5765","2021-18-507",31.71
"5766","2021-18-504",37.51
"5767","2021-18-506",-117.34
"5768","2021-18-505",31.09
"5769","2021-18-511",-122.4
"5770","2021-18-510",27.56
"5771","2021-18-501",39.07
"5772","2021-18-509",27.12
"5773","2021-18-502",27.31
"5774","2021-18-503",30.87
"5775","2021-18-508",-273.15
"5776","2021-18-402",22.8200000000001
"5777","2021-18-407",33.4
"5778","2021-18-408",34.14
"5779","2021-18-401",-273.15
"5780","2021-18-406",-123.76
"5781","2021-18-409",32.66
"5782","2021-18-405",25.3800000000001
"5783","2021-18-404",27.28
"5784","2021-18-403",-120.92
"5785","2021-18-410",25.49
"5786","2021-18-706",-121.3
"5787","2021-18-701",-273.15
"5788","2021-18-705",-273.15
"5789","2021-18-702",-273.15
"5790","2021-18-703",-121.22
"5791","2021-18-704",-273.15
"5792","2021-18-603",28.3
"5793","2021-18-610",-121.48
"5794","2021-18-608",-123.82
"5795","2021-18-602",33.22
"5796","2021-18-611",-124.07
"5797","2021-18-607",-273.15
"5798","2021-18-604",25.85
"5799","2021-18-605",30.4
"5800","2021-18-609",28.26
"5801","2021-18-601",28.31
"5802","2021-18-606",28.41
"5803","2021-18-112",-123.78
"5804","2021-18-110",28.84
"5805","2021-18-106",23.2800000000001
"5806","2021-18-118",-119.59
"5807","2021-18-103",-123.28
"5808","2021-18-117",-126.53
"5809","2021-18-102",29.12
"5810","2021-18-108",-273.15
"5811","2021-18-120",19.8
"5812","2021-18-115",-124.32
"5813","2021-18-107",26.54
"5814","2021-18-114",-123.21
"5815","2021-18-119",34.21
"5816","2021-18-104",26.22
"5817","2021-18-101",31.91
"5818","2021-18-109",-121.19
"5819","2021-18-105",-124.91
"5820","2021-18-113",-119.2
"5821","2021-18-116",26.15
"5822","2021-18-111",-125.88
"5823","2021-19-201",27.3975000000001
"5824","2021-19-205",28.4825000000001
"5825","2021-19-203",30.6300000000001
"5826","2021-19-215",-158.1825
"5827","2021-19-214",-158.925
"5828","2021-19-206",29.16
"5829","2021-19-209",-81.7125
"5830","2021-19-207",29.1600000000001
"5831","2021-19-208",28.2075
"5832","2021-19-216",29.0375
"5833","2021-19-210",27.095
"5834","2021-19-204",30.0950000000001
"5835","2021-19-202",-273.15
"5836","2021-19-212",-273.15
"5837","2021-19-213",-158.64
"5838","2021-19-211",-88.9875
"5839","2021-19-306",11.2575
"5840","2021-19-301",-162.285
"5841","2021-19-308",18.3375000000001
"5842","2021-19-304",-161.3175
"5843","2021-19-303",-158.9325
"5844","2021-19-307",-165.8025
"5845","2021-19-302",-273.15
"5846","2021-19-305",-160.605
"5847","2021-19-507",31.5575
"5848","2021-19-504",36.6050000000001
"5849","2021-19-506",-157.5675
"5850","2021-19-505",32.0275
"5851","2021-19-511",27.705
"5852","2021-19-510",27.86
"5853","2021-19-501",36.335
"5854","2021-19-509",-84.425
"5855","2021-19-502",29.9225
"5856","2021-19-503",34.04
"5857","2021-19-508",-161.3925
"5858","2021-19-402",23.8400000000001
"5859","2021-19-407",34.0475
"5860","2021-19-408",33.8575
"5861","2021-19-401",-164.175
"5862","2021-19-406",-160.3275
"5863","2021-19-409",30.6275
"5864","2021-19-405",23.765
"5865","2021-19-404",26.45
"5866","2021-19-403",-162.2475
"5867","2021-19-410",23.565
"5868","2021-19-706",-159.3525
"5869","2021-19-701",-273.15
"5870","2021-19-705",-273.15
"5871","2021-19-702",-159.3075
"5872","2021-19-703",-159.18
"5873","2021-19-704",-161.85
"5874","2021-19-603",29.1475
"5875","2021-19-610",29.5675000000001
"5876","2021-19-608",26.335
"5877","2021-19-602",32.27
"5878","2021-19-611",-273.15
"5879","2021-19-607",-273.15
"5880","2021-19-604",26.4125
"5881","2021-19-605",27.695
"5882","2021-19-609",27.385
"5883","2021-19-601",30.4375
"5884","2021-19-606",-85.4125
"5885","2021-19-112",-86.4375
"5886","2021-19-110",-85.95
"5887","2021-19-106",-87.3124999999999
"5888","2021-19-118",-273.15
"5889","2021-19-103",-85.8125
"5890","2021-19-117",15.86
"5891","2021-19-102",27.245
"5892","2021-19-108",-159.3225
"5893","2021-19-120",-89.2375
"5894","2021-19-115",-159.9225
"5895","2021-19-107",27.38
"5896","2021-19-114",-159.615
"5897","2021-19-119",-80.975
"5898","2021-19-104",-84.8625
"5899","2021-19-101",28.41
"5900","2021-19-109",30.5225
"5901","2021-19-105",-87.85
"5902","2021-19-113",-160.305
"5903","2021-19-116",-85.7874999999999
"5904","2021-19-111",-273.15
"5905","2021-20-201",26.985
"5906","2021-20-205",27.7650000000001
"5907","2021-20-203",30.8100000000001
"5908","2021-20-215",-43.215
"5909","2021-20-214",31.595
"5910","2021-20-206",30.99
"5911","2021-20-209",-196.415
"5912","2021-20-207",31.185
"5913","2021-20-208",28.09
"5914","2021-20-216",32.0350000000001
"5915","2021-20-210",30.415
"5916","2021-20-204",28.855
"5917","2021-20-202",-273.15
"5918","2021-20-212",-273.15
"5919","2021-20-213",31.28
"5920","2021-20-211",-199.635
"5921","2021-20-306",-64.56
"5922","2021-20-301",-51.42
"5923","2021-20-308",-56.8499999999999
"5924","2021-20-304",-49.4849999999999
"5925","2021-20-303",-44.715
"5926","2021-20-307",-58.455
"5927","2021-20-302",-200.185
"5928","2021-20-305",-48.06
"5929","2021-20-507",30.9450000000001
"5930","2021-20-504",38.9
"5931","2021-20-506",34.8900000000001
"5932","2021-20-505",34.9500000000001
"5933","2021-20-511",27.3100000000001
"5934","2021-20-510",28.155
"5935","2021-20-501",36.08
"5936","2021-20-509",-197.93
"5937","2021-20-502",31.86
"5938","2021-20-503",36.45
"5939","2021-20-508",23.79
"5940","2021-20-402",23.42
"5941","2021-20-407",35.98
"5942","2021-20-408",35.425
"5943","2021-20-401",-55.2
"5944","2021-20-406",28.19
"5945","2021-20-409",32.94
"5946","2021-20-405",23.1850000000001
"5947","2021-20-404",-49.7249999999999
"5948","2021-20-403",25.3
"5949","2021-20-410",-46.7699999999999
"5950","2021-20-706",-45.555
"5951","2021-20-701",-273.15
"5952","2021-20-705",-273.15
"5953","2021-20-702",-45.465
"5954","2021-20-703",-45.21
"5955","2021-20-704",-50.55
"5956","2021-20-603",29.21
"5957","2021-20-610",28.865
"5958","2021-20-608",-47.505
"5959","2021-20-602",31.4050000000001
"5960","2021-20-611",-197.3
"5961","2021-20-607",-273.15
"5962","2021-20-604",26.805
"5963","2021-20-605",23.695
"5964","2021-20-609",-48.855
"5965","2021-20-601",29.26
"5966","2021-20-606",-197.88
"5967","2021-20-112",-198.255
"5968","2021-20-110",-273.15
"5969","2021-20-106",-198.88
"5970","2021-20-118",-273.15
"5971","2021-20-103",-198.285
"5972","2021-20-117",-61.68
"5973","2021-20-102",28.67
"5974","2021-20-108",-45.495
"5975","2021-20-120",-273.15
"5976","2021-20-115",-46.695
"5977","2021-20-107",28.32
"5978","2021-20-114",29.545
"5979","2021-20-119",-196.37
"5980","2021-20-104",-273.15
"5981","2021-20-101",29.1
"5982","2021-20-109",-45.705
"5983","2021-20-105",-198.205
"5984","2021-20-113",30.335
"5985","2021-20-116",-197.55
"5986","2021-20-111",-273.15
"5987","2021-21-201",26.8025
"5988","2021-21-205",30.8925
"5989","2021-21-203",31.135
"5990","2021-21-215",-273.15
"5991","2021-21-214",31.8625
"5992","2021-21-206",29.6825
"5993","2021-21-209",33.745
"5994","2021-21-207",29.835
"5995","2021-21-208",25.8525000000001
"5996","2021-21-216",-7.98999999999999
"5997","2021-21-210",29.3775
"5998","2021-21-204",30.385
"5999","2021-21-202",-273.15
"6000","2021-21-212",-273.15
"6001","2021-21-213",-9.215
"6002","2021-21-211",-15.8475
"6003","2021-21-306",-237.1625
"6004","2021-21-301",-236.135
"6005","2021-21-308",-236.78
"6006","2021-21-304",-235.255
"6007","2021-21-303",-235.1075
"6008","2021-21-307",-238.885
"6009","2021-21-302",18.4
"6010","2021-21-305",-236.4125
"6011","2021-21-507",32.0250000000001
"6012","2021-21-504",41.325
"6013","2021-21-506",34.26
"6014","2021-21-505",31.715
"6015","2021-21-511",29.3275
"6016","2021-21-510",28.9525
"6017","2021-21-501",40.9175
"6018","2021-21-509",27.785
"6019","2021-21-502",31.2125
"6020","2021-21-503",33.2275
"6021","2021-21-508",21.185
"6022","2021-21-402",21.1975
"6023","2021-21-407",35.67
"6024","2021-21-408",35.0075
"6025","2021-21-401",-237.3675
"6026","2021-21-406",29.1900000000001
"6027","2021-21-409",37.15
"6028","2021-21-405",27.36
"6029","2021-21-404",-235.59
"6030","2021-21-403",33.275
"6031","2021-21-410",-273.15
"6032","2021-21-706",-235.64
"6033","2021-21-701",-273.15
"6034","2021-21-705",-273.15
"6035","2021-21-702",-273.15
"6036","2021-21-703",-235.085
"6037","2021-21-704",-236.2975
"6038","2021-21-603",27.9725
"6039","2021-21-610",29.7675
"6040","2021-21-608",-273.15
"6041","2021-21-602",32.37
"6042","2021-21-611",29.7125000000001
"6043","2021-21-607",-273.15
"6044","2021-21-604",27.235
"6045","2021-21-605",28.1475
"6046","2021-21-609",-235.1625
"6047","2021-21-601",29.265
"6048","2021-21-606",28.01
"6049","2021-21-112",26.06
"6050","2021-21-110",-235.615
"6051","2021-21-106",24.13
"6052","2021-21-118",-234.505
"6053","2021-21-103",25.585
"6054","2021-21-117",-236.4425
"6055","2021-21-102",30.9500000000001
"6056","2021-21-108",-235.595
"6057","2021-21-120",-236.35
"6058","2021-21-115",-234.9625
"6059","2021-21-107",26.1200000000001
"6060","2021-21-114",29.08
"6061","2021-21-119",34.08
"6062","2021-21-104",-273.15
"6063","2021-21-101",32.4525
"6064","2021-21-109",-235.5025
"6065","2021-21-105",26.0275000000001
"6066","2021-21-113",37.6475
"6067","2021-21-116",28.7175000000001
"6068","2021-21-111",-273.15
"6069","2021-22-201",23.95
"6070","2021-22-205",27.6900000000001
"6071","2021-22-203",29.6300000000001
"6072","2021-22-215",-273.15
"6073","2021-22-214",30.6900000000001
"6074","2021-22-206",29.35
"6075","2021-22-209",33.43
"6076","2021-22-207",29.31
"6077","2021-22-208",26.5700000000001
"6078","2021-22-216",-273.15
"6079","2021-22-210",29.5700000000001
"6080","2021-22-204",30.91
"6081","2021-22-202",-273.15
"6082","2021-22-212",-273.15
"6083","2021-22-213",-273.15
"6084","2021-22-211",-273.15
"6085","2021-22-306",14.7500000000001
"6086","2021-22-301",22.97
"6087","2021-22-308",17.81
"6088","2021-22-304",30.01
"6089","2021-22-303",31.1900000000001
"6090","2021-22-307",0.970000000000027
"6091","2021-22-302",16.23
"6092","2021-22-305",20.7500000000001
"6093","2021-22-507",31.71
"6094","2021-22-504",40.03
"6095","2021-22-506",33.6300000000001
"6096","2021-22-505",35.11
"6097","2021-22-511",29.17
"6098","2021-22-510",29.39
"6099","2021-22-501",41.81
"6100","2021-22-509",28.17
"6101","2021-22-502",29.83
"6102","2021-22-503",34.61
"6103","2021-22-508",25.6300000000001
"6104","2021-22-402",23.91
"6105","2021-22-407",34.1300000000001
"6106","2021-22-408",33.03
"6107","2021-22-401",13.11
"6108","2021-22-406",26.11
"6109","2021-22-409",34.0700000000001
"6110","2021-22-405",25.1900000000001
"6111","2021-22-404",27.33
"6112","2021-22-403",32.1900000000001
"6113","2021-22-410",-273.15
"6114","2021-22-706",26.93
"6115","2021-22-701",-273.15
"6116","2021-22-705",-273.15
"6117","2021-22-702",-273.15
"6118","2021-22-703",31.37
"6119","2021-22-704",21.67
"6120","2021-22-603",27.71
"6121","2021-22-610",29.05
"6122","2021-22-608",-273.15
"6123","2021-22-602",32.09
"6124","2021-22-611",25.95
"6125","2021-22-607",-273.15
"6126","2021-22-604",26.99
"6127","2021-22-605",27.29
"6128","2021-22-609",30.7500000000001
"6129","2021-22-601",26.99
"6130","2021-22-606",28.5700000000001
"6131","2021-22-112",23.47
"6132","2021-22-110",27.1300000000001
"6133","2021-22-106",25.53
"6134","2021-22-118",36.01
"6135","2021-22-103",20.51
"6136","2021-22-117",20.51
"6137","2021-22-102",30.11
"6138","2021-22-108",27.29
"6139","2021-22-120",21.2500000000001
"6140","2021-22-115",32.35
"6141","2021-22-107",25.6300000000001
"6142","2021-22-114",27.1900000000001
"6143","2021-22-119",34.85
"6144","2021-22-104",-273.15
"6145","2021-22-101",33.03
"6146","2021-22-109",28.03
"6147","2021-22-105",21.81
"6148","2021-22-113",34.97
"6149","2021-22-116",24.99
"6150","2021-22-111",-273.15
"6151","2021-23-201",-236.0125
"6152","2021-23-205",-235.545
"6153","2021-23-203",31.065
"6154","2021-23-215",-6.78250000000003
"6155","2021-23-214",-235.17
"6156","2021-23-206",28.4925
"6157","2021-23-209",31.4875
"6158","2021-23-207",-235.3425
"6159","2021-23-208",26.2725
"6160","2021-23-216",-273.15
"6161","2021-23-210",27.68
"6162","2021-23-204",28.7925
"6163","2021-23-202",-273.15
"6164","2021-23-212",-273.15
"6165","2021-23-213",-9.47749999999991
"6166","2021-23-211",-273.15
"6167","2021-23-306",21.435
"6168","2021-23-301",-236.135
"6169","2021-23-308",-236.78
"6170","2021-23-304",27.7525
"6171","2021-23-303",34.865
"6172","2021-23-307",18.1200000000001
"6173","2021-23-302",-236.9775
"6174","2021-23-305",26.7700000000001
"6175","2021-23-507",29.6625
"6176","2021-23-504",35.62
"6177","2021-23-506",31.635
"6178","2021-23-505",30.7875
"6179","2021-23-511",27.315
"6180","2021-23-510",29.3025
"6181","2021-23-501",34.18
"6182","2021-23-509",-235.485
"6183","2021-23-502",-235.2775
"6184","2021-23-503",30.9525
"6185","2021-23-508",-235.8025
"6186","2021-23-402",-236.0175
"6187","2021-23-407",34.4275
"6188","2021-23-408",35.6725
"6189","2021-23-401",-237.3675
"6190","2021-23-406",-235.7425
"6191","2021-23-409",37.4125
"6192","2021-23-405",-235.8575
"6193","2021-23-404",25.93
"6194","2021-23-403",33.66
"6195","2021-23-410",-12.4525
"6196","2021-23-706",29.3975000000001
"6197","2021-23-701",-13.24
"6198","2021-23-705",-8.06
"6199","2021-23-702",-6.76499999999999
"6200","2021-23-703",30.53
"6201","2021-23-704",25.1175
"6202","2021-23-603",26.3625
"6203","2021-23-610",29.2775
"6204","2021-23-608",-11.035
"6205","2021-23-602",31.8625
"6206","2021-23-611",25.635
"6207","2021-23-607",-273.15
"6208","2021-23-604",-235.6325
"6209","2021-23-605",27.3775
"6210","2021-23-609",29.1575
"6211","2021-23-601",25.2225
"6212","2021-23-606",27.52
"6213","2021-23-112",-236.0725
"6214","2021-23-110",-235.615
"6215","2021-23-106",-235.815
"6216","2021-23-118",37.2525
"6217","2021-23-103",-236.4425
"6218","2021-23-117",17.92
"6219","2021-23-102",-235.2425
"6220","2021-23-108",26.52
"6221","2021-23-120",-236.35
"6222","2021-23-115",31.7375
"6223","2021-23-107",-235.8025
"6224","2021-23-114",-235.6075
"6225","2021-23-119",33.765
"6226","2021-23-104",-273.15
"6227","2021-23-101",36.7925
"6228","2021-23-109",-235.5025
"6229","2021-23-105",-236.28
"6230","2021-23-113",35.6000000000001
"6231","2021-23-116",26.0400000000001
"6232","2021-23-111",-13.275
"6233","2021-24-201",-49.65
"6234","2021-24-205",-47.025
"6235","2021-24-203",30.535
"6236","2021-24-215",27.715
"6237","2021-24-214",-273.15
"6238","2021-24-206",29.015
"6239","2021-24-209",29.035
"6240","2021-24-207",-46.8599999999999
"6241","2021-24-208",27.535
"6242","2021-24-216",-44.805
"6243","2021-24-210",-198.01
"6244","2021-24-204",27.455
"6245","2021-24-202",-273.15
"6246","2021-24-212",-273.15
"6247","2021-24-213",-197.815
"6248","2021-24-211",-51.93
"6249","2021-24-306",23.77
"6250","2021-24-301",-49.71
"6251","2021-24-308",-51.33
"6252","2021-24-304",27.985
"6253","2021-24-303",33.26
"6254","2021-24-307",18.44
"6255","2021-24-302",-273.15
"6256","2021-24-305",27.33
"6257","2021-24-507",30.06
"6258","2021-24-504",-196.115
"6259","2021-24-506",29.865
"6260","2021-24-505",29.795
"6261","2021-24-511",23.195
"6262","2021-24-510",25.255
"6263","2021-24-501",29.535
"6264","2021-24-509",-51.78
"6265","2021-24-502",-47.9399999999999
"6266","2021-24-503",-197.255
"6267","2021-24-508",-50.1449999999999
"6268","2021-24-402",-49.8
"6269","2021-24-407",34.29
"6270","2021-24-408",34.91
"6271","2021-24-401",-54.6899999999999
"6272","2021-24-406",-47.34
"6273","2021-24-409",35.88
"6274","2021-24-405",-49.035
"6275","2021-24-404",24.785
"6276","2021-24-403",31.62
"6277","2021-24-410",26.5900000000001
"6278","2021-24-706",28.64
"6279","2021-24-701",25.135
"6280","2021-24-705",-197.41
"6281","2021-24-702",-197.04
"6282","2021-24-703",28.715
"6283","2021-24-704",26.7050000000001
"6284","2021-24-603",25.96
"6285","2021-24-610",29.4
"6286","2021-24-608",26.6650000000001
"6287","2021-24-602",31.44
"6288","2021-24-611",26.3250000000001
"6289","2021-24-607",-273.15
"6290","2021-24-604",-48.885
"6291","2021-24-605",28.3200000000001
"6292","2021-24-609",-197.63
"6293","2021-24-601",24.46
"6294","2021-24-606",28.48
"6295","2021-24-112",-49.2
"6296","2021-24-110",-47.28
"6297","2021-24-106",-50.58
"6298","2021-24-118",36.575
"6299","2021-24-103",-53.955
"6300","2021-24-117",18.99
"6301","2021-24-102",-45.9749999999999
"6302","2021-24-108",29.44
"6303","2021-24-120",-53.595
"6304","2021-24-115",34.5
"6305","2021-24-107",-49.89
"6306","2021-24-114",-48.39
"6307","2021-24-119",-196.46
"6308","2021-24-104",-273.15
"6309","2021-24-101",36.31
"6310","2021-24-109",-46.29
"6311","2021-24-105",-49.545
"6312","2021-24-113",34.115
"6313","2021-24-116",25.995
"6314","2021-24-111",-198.9
"6315","2021-25-201",-161.4
"6316","2021-25-205",29.0375
"6317","2021-25-203",29.815
"6318","2021-25-215",28.8675
"6319","2021-25-214",-85.55
"6320","2021-25-206",-159.7575
"6321","2021-25-209",-160.1025
"6322","2021-25-207",29.9075
"6323","2021-25-208",26.2325000000001
"6324","2021-25-216",29.335
"6325","2021-25-210",-83.8625
"6326","2021-25-204",28.1225
"6327","2021-25-202",-273.15
"6328","2021-25-212",-273.15
"6329","2021-25-213",-85.325
"6330","2021-25-211",-162.54
"6331","2021-25-306",-161.6325
"6332","2021-25-301",23.4825
"6333","2021-25-308",-162.24
"6334","2021-25-304",27.3075
"6335","2021-25-303",30.7
"6336","2021-25-307",16.4425
"6337","2021-25-302",-90.375
"6338","2021-25-305",26.6425
"6339","2021-25-507",29.5525
"6340","2021-25-504",-85.3625
"6341","2021-25-506",29.27
"6342","2021-25-505",29.32
"6343","2021-25-511",-162.5025
"6344","2021-25-510",26.9725
"6345","2021-25-501",28.8875
"6346","2021-25-509",-162.465
"6347","2021-25-502",27.88
"6348","2021-25-503",-84.1499999999999
"6349","2021-25-508",24.04
"6350","2021-25-402",21.6625
"6351","2021-25-407",33.43
"6352","2021-25-408",32.9425
"6353","2021-25-401",15.8675
"6354","2021-25-406",28.2925
"6355","2021-25-409",35.11
"6356","2021-25-405",25.9200000000001
"6357","2021-25-404",25.5450000000001
"6358","2021-25-403",31.12
"6359","2021-25-410",26.79
"6360","2021-25-706",28.1825000000001
"6361","2021-25-701",24.1875
"6362","2021-25-705",-83.075
"6363","2021-25-702",-84.65
"6364","2021-25-703",29.85
"6365","2021-25-704",25.2700000000001
"6366","2021-25-603",26.54
"6367","2021-25-610",29.6675
"6368","2021-25-608",25.3375
"6369","2021-25-602",30.9475
"6370","2021-25-611",26.5075
"6371","2021-25-607",-273.15
"6372","2021-25-604",-161.0175
"6373","2021-25-605",26.93
"6374","2021-25-609",-273.15
"6375","2021-25-601",-161.61
"6376","2021-25-606",27.325
"6377","2021-25-112",-161.175
"6378","2021-25-110",29.2725
"6379","2021-25-106",-161.865
"6380","2021-25-118",35.5775
"6381","2021-25-103",22.485
"6382","2021-25-117",-163.4175
"6383","2021-25-102",29.175
"6384","2021-25-108",29.1125
"6385","2021-25-120",-163.3725
"6386","2021-25-115",32.7
"6387","2021-25-107",-161.52
"6388","2021-25-114",27.405
"6389","2021-25-119",-273.15
"6390","2021-25-104",-88.4125
"6391","2021-25-101",35.295
"6392","2021-25-109",28.9300000000001
"6393","2021-25-105",-161.3475
"6394","2021-25-113",33.0775
"6395","2021-25-116",25.655
"6396","2021-25-111",-87.8999999999999
"6397","2021-26-201",-273.15
"6398","2021-26-205",27.84
"6399","2021-26-203",-121.81
"6400","2021-26-215",30.93
"6401","2021-26-214",-123.07
"6402","2021-26-206",-273.15
"6403","2021-26-209",-121.18
"6404","2021-26-207",-121.22
"6405","2021-26-208",-123.98
"6406","2021-26-216",28.6400000000001
"6407","2021-26-210",29.74
"6408","2021-26-204",28.73
"6409","2021-26-202",-124.75
"6410","2021-26-212",-273.15
"6411","2021-26-213",-122.89
"6412","2021-26-211",-273.15
"6413","2021-26-306",-125.08
"6414","2021-26-301",21.7000000000001
"6415","2021-26-308",-273.15
"6416","2021-26-304",27.19
"6417","2021-26-303",30.86
"6418","2021-26-307",12.94
"6419","2021-26-302",-126.93
"6420","2021-26-305",26.01
"6421","2021-26-507",29.02
"6422","2021-26-504",28.58
"6423","2021-26-506",29.99
"6424","2021-26-505",30.77
"6425","2021-26-511",-123.65
"6426","2021-26-510",28.91
"6427","2021-26-501",29.07
"6428","2021-26-509",-122.95
"6429","2021-26-502",28.57
"6430","2021-26-503",29.3500000000001
"6431","2021-26-508",25.23
"6432","2021-26-402",22.74
"6433","2021-26-407",32.46
"6434","2021-26-408",32.05
"6435","2021-26-401",13.24
"6436","2021-26-406",26.6300000000001
"6437","2021-26-409",34.84
"6438","2021-26-405",25.51
"6439","2021-26-404",26.1700000000001
"6440","2021-26-403",30.85
"6441","2021-26-410",27.88
"6442","2021-26-706",29.6000000000001
"6443","2021-26-701",23.05
"6444","2021-26-705",28.68
"6445","2021-26-702",28.98
"6446","2021-26-703",30.1
"6447","2021-26-704",24.84
"6448","2021-26-603",26.04
"6449","2021-26-610",-121.67
"6450","2021-26-608",25.98
"6451","2021-26-602",30.54
"6452","2021-26-611",28.11
"6453","2021-26-607",-273.15
"6454","2021-26-604",-123.52
"6455","2021-26-605",25.5
"6456","2021-26-609",-121.9
"6457","2021-26-601",-273.15
"6458","2021-26-606",26.54
"6459","2021-26-112",-124.24
"6460","2021-26-110",27.84
"6461","2021-26-106",-273.15
"6462","2021-26-118",34.59
"6463","2021-26-103",21.95
"6464","2021-26-117",-129.43
"6465","2021-26-102",27.97
"6466","2021-26-108",-122.42
"6467","2021-26-120",-127.87
"6468","2021-26-115",30.01
"6469","2021-26-107",-123.65
"6470","2021-26-114",26.4
"6471","2021-26-119",-120.41
"6472","2021-26-104",-125.36
"6473","2021-26-101",34.51
"6474","2021-26-109",-122.23
"6475","2021-26-105",-125.64
"6476","2021-26-113",33.41
"6477","2021-26-116",26.15
"6478","2021-26-111",-124.95
"6479","2021-27-201",-159.855
"6480","2021-27-205",28.0075
"6481","2021-27-203",-158.4
"6482","2021-27-215",-82.6875
"6483","2021-27-214",-273.15
"6484","2021-27-206",-159.3375
"6485","2021-27-209",31.3975
"6486","2021-27-207",-159.15
"6487","2021-27-208",-159.6375
"6488","2021-27-216",28.8000000000001
"6489","2021-27-210",-83.825
"6490","2021-27-204",28.73
"6491","2021-27-202",-87.65
"6492","2021-27-212",-163.365
"6493","2021-27-213",-273.15
"6494","2021-27-211",-161.6475
"6495","2021-27-306",22.84
"6496","2021-27-301",-89.4999999999999
"6497","2021-27-308",-162.39
"6498","2021-27-304",28.0625
"6499","2021-27-303",31.5450000000001
"6500","2021-27-307",13.525
"6501","2021-27-302",-273.15
"6502","2021-27-305",26.3
"6503","2021-27-507",29.965
"6504","2021-27-504",-83.775
"6505","2021-27-506",29.7125
"6506","2021-27-505",31.6125
"6507","2021-27-511",26.54
"6508","2021-27-510",27.075
"6509","2021-27-501",30.745
"6510","2021-27-509",27.3250000000001
"6511","2021-27-502",29.32
"6512","2021-27-503",29.21
"6513","2021-27-508",26.195
"6514","2021-27-402",25.52
"6515","2021-27-407",32.8475
"6516","2021-27-408",32.8
"6517","2021-27-401",-94.95
"6518","2021-27-406",25.4625000000001
"6519","2021-27-409",34.3825000000001
"6520","2021-27-405",25.2125
"6521","2021-27-404",27.1625
"6522","2021-27-403",30.25
"6523","2021-27-410",28.265
"6524","2021-27-706",29.4125000000001
"6525","2021-27-701",-88.225
"6526","2021-27-705",-85.9375
"6527","2021-27-702",27.8225
"6528","2021-27-703",29.4425
"6529","2021-27-704",25.2575
"6530","2021-27-603",25.9825
"6531","2021-27-610",-159.9825
"6532","2021-27-608",26.3075
"6533","2021-27-602",30.3275
"6534","2021-27-611",-83.8374999999999
"6535","2021-27-607",-273.15
"6536","2021-27-604",26.5075
"6537","2021-27-605",25.99
"6538","2021-27-609",28.9225
"6539","2021-27-601",-160.14
"6540","2021-27-606",27.72
"6541","2021-27-112",-87.0125
"6542","2021-27-110",25.515
"6543","2021-27-106",-161.295
"6544","2021-27-118",33.9775
"6545","2021-27-103",20.5225
"6546","2021-27-117",15.655
"6547","2021-27-102",27.71
"6548","2021-27-108",-160.71
"6549","2021-27-120",19.2475
"6550","2021-27-115",29.645
"6551","2021-27-107",27.1475
"6552","2021-27-114",25.4175
"6553","2021-27-119",32.495
"6554","2021-27-104",-159.645
"6555","2021-27-101",34.0025000000001
"6556","2021-27-109",-159.915
"6557","2021-27-105",-88.7625
"6558","2021-27-113",33.915
"6559","2021-27-116",28.0925
"6560","2021-27-111",-273.15
"6561","2021-28-201",28.97
"6562","2021-28-205",30.06
"6563","2021-28-203",32.655
"6564","2021-28-215",-273.15
"6565","2021-28-214",-273.15
"6566","2021-28-206",29.09
"6567","2021-28-209",32.24
"6568","2021-28-207",30.075
"6569","2021-28-208",29.19
"6570","2021-28-216",28.1200000000001
"6571","2021-28-210",-198.335
"6572","2021-28-204",28.965
"6573","2021-28-202",-273.15
"6574","2021-28-212",-53.58
"6575","2021-28-213",-273.15
"6576","2021-28-211",-50.1449999999999
"6577","2021-28-306",20.68
"6578","2021-28-301",-199.64
"6579","2021-28-308",20.87
"6580","2021-28-304",-46.65
"6581","2021-28-303",31.3600000000001
"6582","2021-28-307",18.16
"6583","2021-28-302",-273.15
"6584","2021-28-305",26.7850000000001
"6585","2021-28-507",31.5650000000001
"6586","2021-28-504",-197.245
"6587","2021-28-506",-47.325
"6588","2021-28-505",29.6400000000001
"6589","2021-28-511",27.7150000000001
"6590","2021-28-510",24.065
"6591","2021-28-501",-42.96
"6592","2021-28-509",27.435
"6593","2021-28-502",29.855
"6594","2021-28-503",-46.68
"6595","2021-28-508",24.365
"6596","2021-28-402",24.88
"6597","2021-28-407",33.855
"6598","2021-28-408",33.8
"6599","2021-28-401",-201.71
"6600","2021-28-406",26.535
"6601","2021-28-409",34.135
"6602","2021-28-405",25.805
"6603","2021-28-404",-46.65
"6604","2021-28-403",30.29
"6605","2021-28-410",-48.2699999999999
"6606","2021-28-706",27.39
"6607","2021-28-701",-273.15
"6608","2021-28-705",-273.15
"6609","2021-28-702",-49.53
"6610","2021-28-703",29.5050000000001
"6611","2021-28-704",24.605
"6612","2021-28-603",27.865
"6613","2021-28-610",28.0300000000001
"6614","2021-28-608",25.12
"6615","2021-28-602",29.24
"6616","2021-28-611",-197.955
"6617","2021-28-607",-273.15
"6618","2021-28-604",26.635
"6619","2021-28-605",27.295
"6620","2021-28-609",28.31
"6621","2021-28-601",28.15
"6622","2021-28-606",29.34
"6623","2021-28-112",-197.91
"6624","2021-28-110",-49.32
"6625","2021-28-106",25.2700000000001
"6626","2021-28-118",34.05
"6627","2021-28-103",22.345
"6628","2021-28-117",17.79
"6629","2021-28-102",29.17
"6630","2021-28-108",26.6000000000001
"6631","2021-28-120",22.45
"6632","2021-28-115",31.03
"6633","2021-28-107",28.63
"6634","2021-28-114",26.17
"6635","2021-28-119",-43.71
"6636","2021-28-104",28.135
"6637","2021-28-101",34.055
"6638","2021-28-109",29.335
"6639","2021-28-105",-273.15
"6640","2021-28-113",33.9900000000001
"6641","2021-28-116",28.755
"6642","2021-28-111",-273.15
"6643","2021-29-201",28.3975
"6644","2021-29-205",-10.23
"6645","2021-29-203",-6.08249999999991
"6646","2021-29-215",-273.15
"6647","2021-29-214",-273.15
"6648","2021-29-206",24.355
"6649","2021-29-209",31.4425
"6650","2021-29-207",-9.86249999999991
"6651","2021-29-208",27.5725
"6652","2021-29-216",27.6625
"6653","2021-29-210",26.6125
"6654","2021-29-204",-8.1825
"6655","2021-29-202",-273.15
"6656","2021-29-212",-236.745
"6657","2021-29-213",-273.15
"6658","2021-29-211",-273.15
"6659","2021-29-306",-21.0625
"6660","2021-29-301",20.6075
"6661","2021-29-308",-19.4
"6662","2021-29-304",-273.15
"6663","2021-29-303",32.845
"6664","2021-29-307",-20.59
"6665","2021-29-302",-273.15
"6666","2021-29-305",25.1975
"6667","2021-29-507",-6.85249999999991
"6668","2021-29-504",30.605
"6669","2021-29-506",-273.15
"6670","2021-29-505",28.3
"6671","2021-29-511",-9.8275
"6672","2021-29-510",24.925
"6673","2021-29-501",-235.0625
"6674","2021-29-509",27.1425
"6675","2021-29-502",28.7475
"6676","2021-29-503",-235.45
"6677","2021-29-508",-16.25
"6678","2021-29-402",23.435
"6679","2021-29-407",-5.715
"6680","2021-29-408",33.2925
"6681","2021-29-401",-23.11
"6682","2021-29-406",-11.2274999999999
"6683","2021-29-409",34.3100000000001
"6684","2021-29-405",-11.1575
"6685","2021-29-404",-235.88
"6686","2021-29-403",-6.7475
"6687","2021-29-410",-235.505
"6688","2021-29-706",29.5925
"6689","2021-29-701",-235.9375
"6690","2021-29-705",-235.405
"6691","2021-29-702",-273.15
"6692","2021-29-703",29.1475000000001
"6693","2021-29-704",23.945
"6694","2021-29-603",29.3025
"6695","2021-29-610",25.685
"6696","2021-29-608",-10.195
"6697","2021-29-602",-11.315
"6698","2021-29-611",-9.96749999999991
"6699","2021-29-607",-273.15
"6700","2021-29-604",25.215
"6701","2021-29-605",26.455
"6702","2021-29-609",-9.11
"6703","2021-29-601",27.6825
"6704","2021-29-606",-8.8125
"6705","2021-29-112",-9.81
"6706","2021-29-110",-235.965
"6707","2021-29-106",25.7150000000001
"6708","2021-29-118",-3.92999999999999
"6709","2021-29-103",22.225
"6710","2021-29-117",16.9375
"6711","2021-29-102",30.08
"6712","2021-29-108",-11.105
"6713","2021-29-120",22.7675
"6714","2021-29-115",-6.31
"6715","2021-29-107",26.125
"6716","2021-29-114",-11.6649999999999
"6717","2021-29-119",-235.035
"6718","2021-29-104",-13.1875
"6719","2021-29-101",34.5225
"6720","2021-29-109",30.2525
"6721","2021-29-105",-273.15
"6722","2021-29-113",34.4275
"6723","2021-29-116",-12.855
"6724","2021-29-111",-273.15
"6725","2021-30-201",24.39
"6726","2021-30-205",-273.15
"6727","2021-30-203",-273.15
"6728","2021-30-215",-273.15
"6729","2021-30-214",-273.15
"6730","2021-30-206",17.67
"6731","2021-30-209",29.43
"6732","2021-30-207",-273.15
"6733","2021-30-208",23.81
"6734","2021-30-216",27.1900000000001
"6735","2021-30-210",30.1300000000001
"6736","2021-30-204",-273.15
"6737","2021-30-202",-273.15
"6738","2021-30-212",18.09
"6739","2021-30-213",-273.15
"6740","2021-30-211",-273.15
"6741","2021-30-306",-273.15
"6742","2021-30-301",18.6300000000001
"6743","2021-30-308",-273.15
"6744","2021-30-304",-273.15
"6745","2021-30-303",26.65
"6746","2021-30-307",-273.15
"6747","2021-30-302",-273.15
"6748","2021-30-305",23.85
"6749","2021-30-507",-273.15
"6750","2021-30-504",31.55
"6751","2021-30-506",-273.15
"6752","2021-30-505",31.73
"6753","2021-30-511",-273.15
"6754","2021-30-510",26.43
"6755","2021-30-501",31.55
"6756","2021-30-509",25.41
"6757","2021-30-502",27.61
"6758","2021-30-503",28.45
"6759","2021-30-508",-273.15
"6760","2021-30-402",23.61
"6761","2021-30-407",-273.15
"6762","2021-30-408",32.89
"6763","2021-30-401",-273.15
"6764","2021-30-406",-273.15
"6765","2021-30-409",32.0700000000001
"6766","2021-30-405",-273.15
"6767","2021-30-404",25.01
"6768","2021-30-403",-273.15
"6769","2021-30-410",28.01
"6770","2021-30-706",29.47
"6771","2021-30-701",24.55
"6772","2021-30-705",28.81
"6773","2021-30-702",-273.15
"6774","2021-30-703",29.27
"6775","2021-30-704",24.89
"6776","2021-30-603",28.97
"6777","2021-30-610",21.87
"6778","2021-30-608",-273.15
"6779","2021-30-602",-273.15
"6780","2021-30-611",-273.15
"6781","2021-30-607",-273.15
"6782","2021-30-604",26.51
"6783","2021-30-605",24.67
"6784","2021-30-609",-273.15
"6785","2021-30-601",25.67
"6786","2021-30-606",-273.15
"6787","2021-30-112",-273.15
"6788","2021-30-110",24.33
"6789","2021-30-106",25.89
"6790","2021-30-118",-273.15
"6791","2021-30-103",22.7500000000001
"6792","2021-30-117",13.91
"6793","2021-30-102",26.79
"6794","2021-30-108",-273.15
"6795","2021-30-120",22.05
"6796","2021-30-115",-273.15
"6797","2021-30-107",22.87
"6798","2021-30-114",-273.15
"6799","2021-30-119",31.77
"6800","2021-30-104",-273.15
"6801","2021-30-101",32.23
"6802","2021-30-109",25.65
"6803","2021-30-105",-273.15
"6804","2021-30-113",31.1900000000001
"6805","2021-30-116",-273.15
"6806","2021-30-111",-273.15
"6807","2021-31-201",23.2525
"6808","2021-31-205",-10.965
"6809","2021-31-203",-6.71249999999998
"6810","2021-31-215",-273.15
"6811","2021-31-214",-8.62
"6812","2021-31-206",-236.7975
"6813","2021-31-209",31.1625
"6814","2021-31-207",-6.13499999999999
"6815","2021-31-208",24.1425000000001
"6816","2021-31-216",28.7475
"6817","2021-31-210",29.4125
"6818","2021-31-204",-9.59999999999997
"6819","2021-31-202",-273.15
"6820","2021-31-212",-236.745
"6821","2021-31-213",-12.1725
"6822","2021-31-211",-273.15
"6823","2021-31-306",-17.0025
"6824","2021-31-301",-236.6775
"6825","2021-31-308",-273.15
"6826","2021-31-304",-11.7
"6827","2021-31-303",30.3425
"6828","2021-31-307",-273.15
"6829","2021-31-302",-273.15
"6830","2021-31-305",-236.025
"6831","2021-31-507",-8.39249999999998
"6832","2021-31-504",30.465
"6833","2021-31-506",-6.8175
"6834","2021-31-505",30.6275
"6835","2021-31-511",-11.7699999999999
"6836","2021-31-510",26.2725000000001
"6837","2021-31-501",30.78
"6838","2021-31-509",27.265
"6839","2021-31-502",27.785
"6840","2021-31-503",28.6600000000001
"6841","2021-31-508",-14.36
"6842","2021-31-402",20.39
"6843","2021-31-407",-3.755
"6844","2021-31-408",35.8300000000001
"6845","2021-31-401",-22.41
"6846","2021-31-406",-10.5275
"6847","2021-31-409",35.36
"6848","2021-31-405",-10.86
"6849","2021-31-404",21.5975
"6850","2021-31-403",-6.09999999999997
"6851","2021-31-410",28.57
"6852","2021-31-706",32.4625
"6853","2021-31-701",-235.9375
"6854","2021-31-705",-235.405
"6855","2021-31-702",-8.97000000000003
"6856","2021-31-703",28.7975
"6857","2021-31-704",-235.895
"6858","2021-31-603",-235.385
"6859","2021-31-610",25.825
"6860","2021-31-608",-273.15
"6861","2021-31-602",-273.15
"6862","2021-31-611",-10.86
"6863","2021-31-607",-273.15
"6864","2021-31-604",26.37
"6865","2021-31-605",24.7225
"6866","2021-31-609",-9.28499999999997
"6867","2021-31-601",26.475
"6868","2021-31-606",-273.15
"6869","2021-31-112",-273.15
"6870","2021-31-110",25.0825000000001
"6871","2021-31-106",-235.77
"6872","2021-31-118",-4.83999999999997
"6873","2021-31-103",23.3975
"6874","2021-31-117",-237.2675
"6875","2021-31-102",27.945
"6876","2021-31-108",-273.15
"6877","2021-31-120",-236.25
"6878","2021-31-115",-11.315
"6879","2021-31-107",24.5675
"6880","2021-31-114",-11.4025
"6881","2021-31-119",-235.035
"6882","2021-31-104",-273.15
"6883","2021-31-101",35.7475000000001
"6884","2021-31-109",-235.8
"6885","2021-31-105",-273.15
"6886","2021-31-113",35.4425
"6887","2021-31-116",-11.8925
"6888","2021-31-111",-273.15
"6889","2021-32-201",-199.09
"6890","2021-32-205",27.165
"6891","2021-32-203",31.6500000000001
"6892","2021-32-215",-273.15
"6893","2021-32-214",30.16
"6894","2021-32-206",-44.625
"6895","2021-32-209",-197.01
"6896","2021-32-207",-196.86
"6897","2021-32-208",28.6450000000001
"6898","2021-32-216",-197.62
"6899","2021-32-210",28.725
"6900","2021-32-204",-197.85
"6901","2021-32-202",-48.81
"6902","2021-32-212",-51.72
"6903","2021-32-213",-198.585
"6904","2021-32-211",-273.15
"6905","2021-32-306",23.0400000000001
"6906","2021-32-301",-48.9
"6907","2021-32-308",-273.15
"6908","2021-32-304",30
"6909","2021-32-303",34.695
"6910","2021-32-307",-53.28
"6911","2021-32-302",-273.15
"6912","2021-32-305",-45.825
"6913","2021-32-507",28.68
"6914","2021-32-504",-197.285
"6915","2021-32-506",29.955
"6916","2021-32-505",29.15
"6917","2021-32-511",25.2850000000001
"6918","2021-32-510",27.54
"6919","2021-32-501",32.35
"6920","2021-32-509",-197.98
"6921","2021-32-502",-197.91
"6922","2021-32-503",28.015
"6923","2021-32-508",26.4200000000001
"6924","2021-32-402",21.685
"6925","2021-32-407",35.24
"6926","2021-32-408",36.145
"6927","2021-32-401",18.3
"6928","2021-32-406",29.09
"6929","2021-32-409",38.41
"6930","2021-32-405",28.65
"6931","2021-32-404",26.585
"6932","2021-32-403",33.475
"6933","2021-32-410",31.335
"6934","2021-32-706",32.62
"6935","2021-32-701",-48.03
"6936","2021-32-705",-42.66
"6937","2021-32-702",31.6650000000001
"6938","2021-32-703",32.9
"6939","2021-32-704",-273.15
"6940","2021-32-603",-273.15
"6941","2021-32-610",-198.265
"6942","2021-32-608",-273.15
"6943","2021-32-602",-45.24
"6944","2021-32-611",32.055
"6945","2021-32-607",-273.15
"6946","2021-32-604",-198.275
"6947","2021-32-605",-198.68
"6948","2021-32-609",-197.76
"6949","2021-32-601",-198.215
"6950","2021-32-606",-46.305
"6951","2021-32-112",-273.15
"6952","2021-32-110",28.8500000000001
"6953","2021-32-106",-273.15
"6954","2021-32-118",36.13
"6955","2021-32-103",22.8000000000001
"6956","2021-32-117",-273.15
"6957","2021-32-102",30.345
"6958","2021-32-108",-49.905
"6959","2021-32-120",-273.15
"6960","2021-32-115",34.3700000000001
"6961","2021-32-107",26.43
"6962","2021-32-114",28.99
"6963","2021-32-119",-273.15
"6964","2021-32-104",-48.9749999999999
"6965","2021-32-101",37.825
"6966","2021-32-109",-45.345
"6967","2021-32-105",-50.1899999999999
"6968","2021-32-113",39.1100000000001
"6969","2021-32-116",-198.505
"6970","2021-32-111",-48.9
"6971","2021-33-201",-89.8874999999999
"6972","2021-33-205",26.6025000000001
"6973","2021-33-203",28.5500000000001
"6974","2021-33-215",-273.15
"6975","2021-33-214",-159.285
"6976","2021-33-206",-158.8875
"6977","2021-33-209",-273.15
"6978","2021-33-207",-273.15
"6979","2021-33-208",-159.42
"6980","2021-33-216",-84.025
"6981","2021-33-210",-160.02
"6982","2021-33-204",-273.15
"6983","2021-33-202",-160.98
"6984","2021-33-212",-162.435
"6985","2021-33-213",-273.15
"6986","2021-33-211",-273.15
"6987","2021-33-306",19.9275
"6988","2021-33-301",24.2875
"6989","2021-33-308",-273.15
"6990","2021-33-304",-158.925
"6991","2021-33-303",33.9325
"6992","2021-33-307",15.66
"6993","2021-33-302",-273.15
"6994","2021-33-305",-159.4875
"6995","2021-33-507",-160.0575
"6996","2021-33-504",-273.15
"6997","2021-33-506",28.255
"6998","2021-33-505",-159.9525
"6999","2021-33-511",-161.2725
"7000","2021-33-510",27.9075
"7001","2021-33-501",30.5475000000001
"7002","2021-33-509",-273.15
"7003","2021-33-502",-273.15
"7004","2021-33-503",-160.2975
"7005","2021-33-508",-160.335
"7006","2021-33-402",21.7575
"7007","2021-33-407",33.6975
"7008","2021-33-408",34.785
"7009","2021-33-401",-163.245
"7010","2021-33-406",28.39
"7011","2021-33-409",36.3700000000001
"7012","2021-33-405",25.9175
"7013","2021-33-404",26.31
"7014","2021-33-403",32.7625
"7015","2021-33-410",28.7925
"7016","2021-33-706",-158.52
"7017","2021-33-701",23.46
"7018","2021-33-705",32.5325
"7019","2021-33-702",-158.4825
"7020","2021-33-703",33.1025
"7021","2021-33-704",-87.2375
"7022","2021-33-603",-85.2875
"7023","2021-33-610",-84.525
"7024","2021-33-608",-273.15
"7025","2021-33-602",-159.195
"7026","2021-33-611",27.6575
"7027","2021-33-607",-273.15
"7028","2021-33-604",-273.15
"7029","2021-33-605",-84.8375
"7030","2021-33-609",-273.15
"7031","2021-33-601",-273.15
"7032","2021-33-606",29.935
"7033","2021-33-112",-86.4625
"7034","2021-33-110",27.045
"7035","2021-33-106",-86.6874999999999
"7036","2021-33-118",-156.84
"7037","2021-33-103",21.5325
"7038","2021-33-117",-273.15
"7039","2021-33-102",28.165
"7040","2021-33-108",26.31
"7041","2021-33-120",-88.3125
"7042","2021-33-115",-156.795
"7043","2021-33-107",26.745
"7044","2021-33-114",28.49
"7045","2021-33-119",-273.15
"7046","2021-33-104",-161.0625
"7047","2021-33-101",37.9875
"7048","2021-33-109",28.365
"7049","2021-33-105",24.98
"7050","2021-33-113",-155.67
"7051","2021-33-116",-85.775
"7052","2021-33-111",-161.025
"7053","2021-34-201",22.75
"7054","2021-34-205",26.5
"7055","2021-34-203",29.31
"7056","2021-34-215",-120.57
"7057","2021-34-214",-120.32
"7058","2021-34-206",-120.91
"7059","2021-34-209",-273.15
"7060","2021-34-207",-120.26
"7061","2021-34-208",-122.16
"7062","2021-34-216",29.88
"7063","2021-34-210",-122.03
"7064","2021-34-204",-123.32
"7065","2021-34-202",-273.15
"7066","2021-34-212",-125.91
"7067","2021-34-213",-121.86
"7068","2021-34-211",-273.15
"7069","2021-34-306",19.38
"7070","2021-34-301",-124.9
"7071","2021-34-308",-126.46
"7072","2021-34-304",-122.38
"7073","2021-34-303",33.31
"7074","2021-34-307",13.32
"7075","2021-34-302",-127.39
"7076","2021-34-305",-273.15
"7077","2021-34-507",-122
"7078","2021-34-504",-273.15
"7079","2021-34-506",27.99
"7080","2021-34-505",-121.87
"7081","2021-34-511",-273.15
"7082","2021-34-510",29.76
"7083","2021-34-501",-122.01
"7084","2021-34-509",-273.15
"7085","2021-34-502",-273.15
"7086","2021-34-503",-122.54
"7087","2021-34-508",-273.15
"7088","2021-34-402",22.24
"7089","2021-34-407",33.16
"7090","2021-34-408",34.29
"7091","2021-34-401",-128.87
"7092","2021-34-406",28.1200000000001
"7093","2021-34-409",36.23
"7094","2021-34-405",26
"7095","2021-34-404",26.42
"7096","2021-34-403",32.04
"7097","2021-34-410",28.05
"7098","2021-34-706",-122.73
"7099","2021-34-701",-125.91
"7100","2021-34-705",-120.8
"7101","2021-34-702",-121.67
"7102","2021-34-703",-120.38
"7103","2021-34-704",25.21
"7104","2021-34-603",26.58
"7105","2021-34-610",28.9200000000001
"7106","2021-34-608",-123.96
"7107","2021-34-602",-273.15
"7108","2021-34-611",-124.61
"7109","2021-34-607",-273.15
"7110","2021-34-604",-273.15
"7111","2021-34-605",26.26
"7112","2021-34-609",-273.15
"7113","2021-34-601",-273.15
"7114","2021-34-606",29.25
"7115","2021-34-112",-123.8
"7116","2021-34-110",26.69
"7117","2021-34-106",25.79
"7118","2021-34-118",-117.87
"7119","2021-34-103",23.02
"7120","2021-34-117",-127.41
"7121","2021-34-102",28.4
"7122","2021-34-108",28.37
"7123","2021-34-120",23.88
"7124","2021-34-115",-118.76
"7125","2021-34-107",26.42
"7126","2021-34-114",27.99
"7127","2021-34-119",-120.56
"7128","2021-34-104",-273.15
"7129","2021-34-101",37.65
"7130","2021-34-109",29.34
"7131","2021-34-105",25.72
"7132","2021-34-113",-117.97
"7133","2021-34-116",-123.25
"7134","2021-34-111",-125.39
"7135","2021-35-201",-86.5375
"7136","2021-35-205",26.795
"7137","2021-35-203",31.96
"7138","2021-35-215",-82.425
"7139","2021-35-214",-82.1125
"7140","2021-35-206",-82.85
"7141","2021-35-209",-273.15
"7142","2021-35-207",29.7650000000001
"7143","2021-35-208",-84.4125
"7144","2021-35-216",-83.4875
"7145","2021-35-210",-84.25
"7146","2021-35-204",-85.8625
"7147","2021-35-202",-273.15
"7148","2021-35-212",-89.1
"7149","2021-35-213",-84.0375
"7150","2021-35-211",-273.15
"7151","2021-35-306",-89.0625
"7152","2021-35-301",-161.595
"7153","2021-35-308",19.72
"7154","2021-35-304",28.255
"7155","2021-35-303",-81.2375
"7156","2021-35-307",-93.9375
"7157","2021-35-302",17.575
"7158","2021-35-305",-160.89
"7159","2021-35-507",28.5425
"7160","2021-35-504",-273.15
"7161","2021-35-506",28.2725
"7162","2021-35-505",28.93
"7163","2021-35-511",-160.74
"7164","2021-35-510",30
"7165","2021-35-501",-273.15
"7166","2021-35-509",-160.995
"7167","2021-35-502",-160.32
"7168","2021-35-503",28.1300000000001
"7169","2021-35-508",-273.15
"7170","2021-35-402",-88.0375
"7171","2021-35-407",-81.4
"7172","2021-35-408",35.9325
"7173","2021-35-401",-92.8
"7174","2021-35-406",27.9100000000001
"7175","2021-35-409",37.23
"7176","2021-35-405",26.2775000000001
"7177","2021-35-404",28.09
"7178","2021-35-403",31.955
"7179","2021-35-410",29.3025
"7180","2021-35-706",28.0800000000001
"7181","2021-35-701",-273.15
"7182","2021-35-705",-273.15
"7183","2021-35-702",-83.8
"7184","2021-35-703",-158.685
"7185","2021-35-704",26.2075
"7186","2021-35-603",24.5825
"7187","2021-35-610",-84.1874999999999
"7188","2021-35-608",-86.6625
"7189","2021-35-602",-159.45
"7190","2021-35-611",-273.15
"7191","2021-35-607",-273.15
"7192","2021-35-604",-273.15
"7193","2021-35-605",24.4375
"7194","2021-35-609",-159.3075
"7195","2021-35-601",-159.7875
"7196","2021-35-606",-84.8124999999999
"7197","2021-35-112",-161.4225
"7198","2021-35-110",-84.8375
"7199","2021-35-106",-85.9375
"7200","2021-35-118",-79.05
"7201","2021-35-103",24.5675000000001
"7202","2021-35-117",-90.975
"7203","2021-35-102",-83.4375
"7204","2021-35-108",-84.0875
"7205","2021-35-120",-86.7
"7206","2021-35-115",35.0675000000001
"7207","2021-35-107",26.0575
"7208","2021-35-114",27.955
"7209","2021-35-119",-82.4125
"7210","2021-35-104",-273.15
"7211","2021-35-101",36.4875
"7212","2021-35-109",29.58
"7213","2021-35-105",23.925
"7214","2021-35-113",37.4425
"7215","2021-35-116",-161.4075
"7216","2021-35-111",21.56
"7217","2021-36-201",-197.77
"7218","2021-36-205",26.63
"7219","2021-36-203",31.61
"7220","2021-36-215",-197.1
"7221","2021-36-214",-273.15
"7222","2021-36-206",-197.775
"7223","2021-36-209",-197.33
"7224","2021-36-207",-49.545
"7225","2021-36-208",-197.83
"7226","2021-36-216",-197.375
"7227","2021-36-210",-197.79
"7228","2021-36-204",-198.175
"7229","2021-36-202",-273.15
"7230","2021-36-212",-273.15
"7231","2021-36-213",-273.15
"7232","2021-36-211",-273.15
"7233","2021-36-306",-199.725
"7234","2021-36-301",23.865
"7235","2021-36-308",18.325
"7236","2021-36-304",28.43
"7237","2021-36-303",-196.16
"7238","2021-36-307",-199.875
"7239","2021-36-302",-56.0999999999999
"7240","2021-36-305",27.51
"7241","2021-36-507",28.02
"7242","2021-36-504",-197.575
"7243","2021-36-506",28.77
"7244","2021-36-505",28.2650000000001
"7245","2021-36-511",26.76
"7246","2021-36-510",27.1700000000001
"7247","2021-36-501",-197.78
"7248","2021-36-509",25.725
"7249","2021-36-502",27.14
"7250","2021-36-503",27.985
"7251","2021-36-508",-198.825
"7252","2021-36-402",-198.83
"7253","2021-36-407",-195.86
"7254","2021-36-408",37.365
"7255","2021-36-401",-200.185
"7256","2021-36-406",25.515
"7257","2021-36-409",35.6
"7258","2021-36-405",22.7700000000001
"7259","2021-36-404",28.355
"7260","2021-36-403",31.45
"7261","2021-36-410",29.3550000000001
"7262","2021-36-706",-46.74
"7263","2021-36-701",-199.905
"7264","2021-36-705",-273.15
"7265","2021-36-702",-197.115
"7266","2021-36-703",31.035
"7267","2021-36-704",26.15
"7268","2021-36-603",24.16
"7269","2021-36-610",-197.75
"7270","2021-36-608",-198.04
"7271","2021-36-602",29.765
"7272","2021-36-611",-198.19
"7273","2021-36-607",-273.15
"7274","2021-36-604",-273.15
"7275","2021-36-605",25.615
"7276","2021-36-609",30.485
"7277","2021-36-601",-46.425
"7278","2021-36-606",-197.435
"7279","2021-36-112",-49.695
"7280","2021-36-110",-198.435
"7281","2021-36-106",-198.915
"7282","2021-36-118",-196.665
"7283","2021-36-103",24.0150000000001
"7284","2021-36-117",-199.435
"7285","2021-36-102",-273.15
"7286","2021-36-108",-273.15
"7287","2021-36-120",-199.385
"7288","2021-36-115",32.5700000000001
"7289","2021-36-107",25.67
"7290","2021-36-114",27.31
"7291","2021-36-119",-196.455
"7292","2021-36-104",-273.15
"7293","2021-36-101",35.0150000000001
"7294","2021-36-109",27.7150000000001
"7295","2021-36-105",21.59
"7296","2021-36-113",37.235
"7297","2021-36-116",-49.665
"7298","2021-36-111",-53.13
"7299","2021-37-201",28.5075
"7300","2021-37-205",27.1975
"7301","2021-37-203",30.94
"7302","2021-37-215",30.95
"7303","2021-37-214",-273.15
"7304","2021-37-206",28.5425
"7305","2021-37-209",30.6525000000001
"7306","2021-37-207",-235.11
"7307","2021-37-208",28.4525000000001
"7308","2021-37-216",29.9925
"7309","2021-37-210",28.4
"7310","2021-37-204",27.4300000000001
"7311","2021-37-202",-273.15
"7312","2021-37-212",-273.15
"7313","2021-37-213",-273.15
"7314","2021-37-211",-273.15
"7315","2021-37-306",20.2
"7316","2021-37-301",22.465
"7317","2021-37-308",-19.5399999999999
"7318","2021-37-304",29.3975000000001
"7319","2021-37-303",-3.685
"7320","2021-37-307",-16.6875
"7321","2021-37-302",-273.15
"7322","2021-37-305",-6.66
"7323","2021-37-507",29.4625
"7324","2021-37-504",29.3725
"7325","2021-37-506",31.385
"7326","2021-37-505",28.605
"7327","2021-37-511",27.315
"7328","2021-37-510",27.3
"7329","2021-37-501",28.5325
"7330","2021-37-509",-12.1725
"7331","2021-37-502",25.6775
"7332","2021-37-503",27.4275000000001
"7333","2021-37-508",24.275
"7334","2021-37-402",23.6700000000001
"7335","2021-37-407",35.7925
"7336","2021-37-408",34.7725
"7337","2021-37-401",-17.7725
"7338","2021-37-406",22.6475
"7339","2021-37-409",33.7675
"7340","2021-37-405",22.17
"7341","2021-37-404",28.0025
"7342","2021-37-403",30.4
"7343","2021-37-410",29.5925
"7344","2021-37-706",-235.025
"7345","2021-37-701",20.3075
"7346","2021-37-705",-234.8
"7347","2021-37-702",-7.0275
"7348","2021-37-703",-9.7575
"7349","2021-37-704",25.84
"7350","2021-37-603",28.6525000000001
"7351","2021-37-610",-9.25
"7352","2021-37-608",-10.265
"7353","2021-37-602",29.6075
"7354","2021-37-611",-10.7899999999999
"7355","2021-37-607",-273.15
"7356","2021-37-604",-273.15
"7357","2021-37-605",28.3375
"7358","2021-37-609",-7.325
"7359","2021-37-601",-273.15
"7360","2021-37-606",29.1375
"7361","2021-37-112",-273.15
"7362","2021-37-110",26.0425
"7363","2021-37-106",-13.3275
"7364","2021-37-118",-5.4525
"7365","2021-37-103",25.325
"7366","2021-37-117",21.3475
"7367","2021-37-102",-235.62
"7368","2021-37-108",-235.9675
"7369","2021-37-120",-14.9725
"7370","2021-37-115",28.4875
"7371","2021-37-107",25.4
"7372","2021-37-114",-10.0375
"7373","2021-37-119",33.9725000000001
"7374","2021-37-104",-273.15
"7375","2021-37-101",35.7225
"7376","2021-37-109",32.15
"7377","2021-37-105",-12.5225
"7378","2021-37-113",35.3175
"7379","2021-37-116",-273.15
"7380","2021-37-111",-273.15
"7381","2021-38-201",29.47
"7382","2021-38-205",32.01
"7383","2021-38-203",32.55
"7384","2021-38-215",30.2500000000001
"7385","2021-38-214",-273.15
"7386","2021-38-206",29.89
"7387","2021-38-209",34.31
"7388","2021-38-207",31.17
"7389","2021-38-208",30.71
"7390","2021-38-216",30.29
"7391","2021-38-210",29.17
"7392","2021-38-204",32.1900000000001
"7393","2021-38-202",-273.15
"7394","2021-38-212",-273.15
"7395","2021-38-213",-273.15
"7396","2021-38-211",-273.15
"7397","2021-38-306",17.7500000000001
"7398","2021-38-301",22.43
"7399","2021-38-308",-273.15
"7400","2021-38-304",27.77
"7401","2021-38-303",-273.15
"7402","2021-38-307",-273.15
"7403","2021-38-302",-273.15
"7404","2021-38-305",-273.15
"7405","2021-38-507",29.27
"7406","2021-38-504",30.93
"7407","2021-38-506",31.6300000000001
"7408","2021-38-505",28.15
"7409","2021-38-511",28.05
"7410","2021-38-510",29.89
"7411","2021-38-501",29.95
"7412","2021-38-509",-273.15
"7413","2021-38-502",27.83
"7414","2021-38-503",28.67
"7415","2021-38-508",25.15
"7416","2021-38-402",20.45
"7417","2021-38-407",34.27
"7418","2021-38-408",33.53
"7419","2021-38-401",-273.15
"7420","2021-38-406",25.5700000000001
"7421","2021-38-409",34.17
"7422","2021-38-405",26.79
"7423","2021-38-404",30.47
"7424","2021-38-403",31.03
"7425","2021-38-410",27.79
"7426","2021-38-706",31.85
"7427","2021-38-701",23.65
"7428","2021-38-705",33.65
"7429","2021-38-702",-273.15
"7430","2021-38-703",-273.15
"7431","2021-38-704",28.29
"7432","2021-38-603",28.81
"7433","2021-38-610",-273.15
"7434","2021-38-608",-273.15
"7435","2021-38-602",34.49
"7436","2021-38-611",-273.15
"7437","2021-38-607",-273.15
"7438","2021-38-604",-273.15
"7439","2021-38-605",25.03
"7440","2021-38-609",-273.15
"7441","2021-38-601",-273.15
"7442","2021-38-606",25.1300000000001
"7443","2021-38-112",-273.15
"7444","2021-38-110",28.37
"7445","2021-38-106",-273.15
"7446","2021-38-118",-273.15
"7447","2021-38-103",26.41
"7448","2021-38-117",18.81
"7449","2021-38-102",27.09
"7450","2021-38-108",24.31
"7451","2021-38-120",-273.15
"7452","2021-38-115",32.67
"7453","2021-38-107",25.61
"7454","2021-38-114",-273.15
"7455","2021-38-119",36.37
"7456","2021-38-104",-273.15
"7457","2021-38-101",35.11
"7458","2021-38-109",29.91
"7459","2021-38-105",-273.15
"7460","2021-38-113",34.39
"7461","2021-38-116",-273.15
"7462","2021-38-111",-273.15
"7463","2021-39-201",27.2125
"7464","2021-39-205",29.07
"7465","2021-39-203",30.2225
"7466","2021-39-215",-235.225
"7467","2021-39-214",-273.15
"7468","2021-39-206",28.5425
"7469","2021-39-209",29.865
"7470","2021-39-207",27.46
"7471","2021-39-208",27.2975
"7472","2021-39-216",29.065
"7473","2021-39-210",-235.36
"7474","2021-39-204",28.3925
"7475","2021-39-202",-273.15
"7476","2021-39-212",-273.15
"7477","2021-39-213",-273.15
"7478","2021-39-211",-15.9
"7479","2021-39-306",17.6275
"7480","2021-39-301",23.0425000000001
"7481","2021-39-308",-17.825
"7482","2021-39-304",26.965
"7483","2021-39-303",-6.25749999999999
"7484","2021-39-307",-22.0075
"7485","2021-39-302",-273.15
"7486","2021-39-305",-273.15
"7487","2021-39-507",29.0950000000001
"7488","2021-39-504",28.8650000000001
"7489","2021-39-506",27.9725
"7490","2021-39-505",28.8675
"7491","2021-39-511",28.2775
"7492","2021-39-510",27.8775
"7493","2021-39-501",30.44
"7494","2021-39-509",-11.7174999999999
"7495","2021-39-502",26.7625
"7496","2021-39-503",29.965
"7497","2021-39-508",-235.8625
"7498","2021-39-402",23.95
"7499","2021-39-407",33.115
"7500","2021-39-408",33.6175000000001
"7501","2021-39-401",-20.3624999999999
"7502","2021-39-406",-235.81
"7503","2021-39-409",32.8225000000001
"7504","2021-39-405",24.0775000000001
"7505","2021-39-404",26.06
"7506","2021-39-403",29.98
"7507","2021-39-410",28.0175
"7508","2021-39-706",30.625
"7509","2021-39-701",24.5600000000001
"7510","2021-39-705",-234.8
"7511","2021-39-702",-273.15
"7512","2021-39-703",-273.15
"7513","2021-39-704",23.845
"7514","2021-39-603",27.55
"7515","2021-39-610",-8.70749999999992
"7516","2021-39-608",-9.38999999999999
"7517","2021-39-602",29.1
"7518","2021-39-611",-12.785
"7519","2021-39-607",-273.15
"7520","2021-39-604",-273.15
"7521","2021-39-605",27.5675
"7522","2021-39-609",-9.66999999999996
"7523","2021-39-601",-11.315
"7524","2021-39-606",27.195
"7525","2021-39-112",-11.63
"7526","2021-39-110",-235.46
"7527","2021-39-106",-13.59
"7528","2021-39-118",-5.73249999999996
"7529","2021-39-103",23.96
"7530","2021-39-117",18.4075
"7531","2021-39-102",29.96
"7532","2021-39-108",25.8500000000001
"7533","2021-39-120",-12.8725
"7534","2021-39-115",29.905
"7535","2021-39-107",25.925
"7536","2021-39-114",-273.15
"7537","2021-39-119",34.4975
"7538","2021-39-104",-273.15
"7539","2021-39-101",34.8125
"7540","2021-39-109",29.3675
"7541","2021-39-105",-10.3875
"7542","2021-39-113",31.9575
"7543","2021-39-116",-273.15
"7544","2021-39-111",-273.15
"7545","2021-40-201",26.515
"7546","2021-40-205",26.82
"7547","2021-40-203",29.17
"7548","2021-40-215",-44.265
"7549","2021-40-214",-273.15
"7550","2021-40-206",28.92
"7551","2021-40-209",31.135
"7552","2021-40-207",26.51
"7553","2021-40-208",26.9
"7554","2021-40-216",29.19
"7555","2021-40-210",-47.025
"7556","2021-40-204",28.345
"7557","2021-40-202",-48.525
"7558","2021-40-212",-53.265
"7559","2021-40-213",-47.16
"7560","2021-40-211",19.125
"7561","2021-40-306",18.105
"7562","2021-40-301",23.31
"7563","2021-40-308",19.745
"7564","2021-40-304",29.19
"7565","2021-40-303",31.54
"7566","2021-40-307",14.14
"7567","2021-40-302",-54.03
"7568","2021-40-305",-49.89
"7569","2021-40-507",29.0700000000001
"7570","2021-40-504",29.155
"7571","2021-40-506",29.955
"7572","2021-40-505",28.79
"7573","2021-40-511",-197.785
"7574","2021-40-510",27.2450000000001
"7575","2021-40-501",28.62
"7576","2021-40-509",25.9600000000001
"7577","2021-40-502",25.89
"7578","2021-40-503",29.25
"7579","2021-40-508",-49.65
"7580","2021-40-402",21.615
"7581","2021-40-407",34.945
"7582","2021-40-408",33.69
"7583","2021-40-401",-200.925
"7584","2021-40-406",-49.53
"7585","2021-40-409",34.235
"7586","2021-40-405",26.06
"7587","2021-40-404",25.385
"7588","2021-40-403",30.16
"7589","2021-40-410",29.6550000000001
"7590","2021-40-706",30.1650000000001
"7591","2021-40-701",-198.69
"7592","2021-40-705",-273.15
"7593","2021-40-702",-44.325
"7594","2021-40-703",-44.55
"7595","2021-40-704",23.93
"7596","2021-40-603",27.58
"7597","2021-40-610",29.28
"7598","2021-40-608",-197.79
"7599","2021-40-602",32.05
"7600","2021-40-611",25.85
"7601","2021-40-607",-273.15
"7602","2021-40-604",-273.15
"7603","2021-40-605",26.925
"7604","2021-40-609",-197.87
"7605","2021-40-601",26.63
"7606","2021-40-606",27.58
"7607","2021-40-112",24.425
"7608","2021-40-110",-46.89
"7609","2021-40-106",22.8450000000001
"7610","2021-40-118",35.77
"7611","2021-40-103",25.635
"7612","2021-40-117",-200.275
"7613","2021-40-102",29.995
"7614","2021-40-108",-198.345
"7615","2021-40-120",18.82
"7616","2021-40-115",-197.485
"7617","2021-40-107",27.1700000000001
"7618","2021-40-114",-47.595
"7619","2021-40-119",33.765
"7620","2021-40-104",-273.15
"7621","2021-40-101",34.83
"7622","2021-40-109",28.7950000000001
"7623","2021-40-105",-198.075
"7624","2021-40-113",35.855
"7625","2021-40-116",-48.72
"7626","2021-40-111",-273.15
"7627","2021-41-201",-160.8225
"7628","2021-41-205",25.3475
"7629","2021-41-203",-159.87
"7630","2021-41-215",31.4925
"7631","2021-41-214",-273.15
"7632","2021-41-206",-159.8025
"7633","2021-41-209",30.0825000000001
"7634","2021-41-207",-160.83
"7635","2021-41-208",-160.62
"7636","2021-41-216",28.615
"7637","2021-41-210",-160.0875
"7638","2021-41-204",-160.0275
"7639","2021-41-202",-160.8375
"7640","2021-41-212",-163.2075
"7641","2021-41-213",26.52
"7642","2021-41-211",-163.7625
"7643","2021-41-306",-163.8675
"7644","2021-41-301",23.4325
"7645","2021-41-308",19.31
"7646","2021-41-304",27.145
"7647","2021-41-303",-158.9325
"7648","2021-41-307",-165.3825
"7649","2021-41-302",-163.59
"7650","2021-41-305",-161.52
"7651","2021-41-507",-159.8175
"7652","2021-41-504",30.575
"7653","2021-41-506",30.5025
"7654","2021-41-505",28.8425
"7655","2021-41-511",-273.15
"7656","2021-41-510",26.7675
"7657","2021-41-501",28.79
"7658","2021-41-509",-160.9425
"7659","2021-41-502",-161.1
"7660","2021-41-503",28.1625000000001
"7661","2021-41-508",-161.4
"7662","2021-41-402",-162.9675
"7663","2021-41-407",35.61
"7664","2021-41-408",35.2475
"7665","2021-41-401",-273.15
"7666","2021-41-406",-161.34
"7667","2021-41-409",37.1575
"7668","2021-41-405",-160.65
"7669","2021-41-404",-161.205
"7670","2021-41-403",-159.3675
"7671","2021-41-410",29.44
"7672","2021-41-706",27.745
"7673","2021-41-701",-87.8875
"7674","2021-41-705",-273.15
"7675","2021-41-702",-158.7375
"7676","2021-41-703",30.0625
"7677","2021-41-704",23.1575
"7678","2021-41-603",28.325
"7679","2021-41-610",-159.7125
"7680","2021-41-608",-86.6625
"7681","2021-41-602",-158.235
"7682","2021-41-611",25.6925
"7683","2021-41-607",-273.15
"7684","2021-41-604",-273.15
"7685","2021-41-605",28.9775
"7686","2021-41-609",-273.15
"7687","2021-41-601",26.2475
"7688","2021-41-606",-160.365
"7689","2021-41-112",-161.7225
"7690","2021-41-110",26.0425
"7691","2021-41-106",-162.2325
"7692","2021-41-118",-156.8925
"7693","2021-41-103",24.4975
"7694","2021-41-117",-273.15
"7695","2021-41-102",26.8700000000001
"7696","2021-41-108",-273.15
"7697","2021-41-120",-164.3475
"7698","2021-41-115",-273.15
"7699","2021-41-107",25.4575000000001
"7700","2021-41-114",-160.3725
"7701","2021-41-119",-158.115
"7702","2021-41-104",-273.15
"7703","2021-41-101",36.075
"7704","2021-41-109",26.3175
"7705","2021-41-105",-273.15
"7706","2021-41-113",-156.7425
"7707","2021-41-116",23.9025
"7708","2021-41-111",-273.15
"7709","2021-42-201",-124.19
"7710","2021-42-205",25.47
"7711","2021-42-203",-121.88
"7712","2021-42-215",32.51
"7713","2021-42-214",-120.85
"7714","2021-42-206",-273.15
"7715","2021-42-209",29.7400000000001
"7716","2021-42-207",-273.15
"7717","2021-42-208",-122.7
"7718","2021-42-216",27.26
"7719","2021-42-210",-122.46
"7720","2021-42-204",-123.54
"7721","2021-42-202",-273.15
"7722","2021-42-212",-273.15
"7723","2021-42-213",28.81
"7724","2021-42-211",-273.15
"7725","2021-42-306",-273.15
"7726","2021-42-301",-124.84
"7727","2021-42-308",-127.16
"7728","2021-42-304",-123.85
"7729","2021-42-303",-273.15
"7730","2021-42-307",-273.15
"7731","2021-42-302",-273.15
"7732","2021-42-305",-273.15
"7733","2021-42-507",-273.15
"7734","2021-42-504",31.21
"7735","2021-42-506",29.47
"7736","2021-42-505",29.12
"7737","2021-42-511",-125.58
"7738","2021-42-510",-123.3
"7739","2021-42-501",27.85
"7740","2021-42-509",-273.15
"7741","2021-42-502",-125.38
"7742","2021-42-503",28.2800000000001
"7743","2021-42-508",-273.15
"7744","2021-42-402",-125.26
"7745","2021-42-407",-118.77
"7746","2021-42-408",33.83
"7747","2021-42-401",-130.36
"7748","2021-42-406",-124.51
"7749","2021-42-409",34.12
"7750","2021-42-405",-124
"7751","2021-42-404",-123.13
"7752","2021-42-403",-273.15
"7753","2021-42-410",29.12
"7754","2021-42-706",28.94
"7755","2021-42-701",22.53
"7756","2021-42-705",-273.15
"7757","2021-42-702",-121
"7758","2021-42-703",30.12
"7759","2021-42-704",-125.3
"7760","2021-42-603",26.05
"7761","2021-42-610",-122.73
"7762","2021-42-608",-123.96
"7763","2021-42-602",-273.15
"7764","2021-42-611",-123.92
"7765","2021-42-607",-273.15
"7766","2021-42-604",-273.15
"7767","2021-42-605",27.06
"7768","2021-42-609",-273.15
"7769","2021-42-601",-123.62
"7770","2021-42-606",-122.71
"7771","2021-42-112",-273.15
"7772","2021-42-110",25.18
"7773","2021-42-106",-273.15
"7774","2021-42-118",-119.38
"7775","2021-42-103",-124.87
"7776","2021-42-117",-273.15
"7777","2021-42-102",27.4900000000001
"7778","2021-42-108",-273.15
"7779","2021-42-120",-273.15
"7780","2021-42-115",-273.15
"7781","2021-42-107",23.4900000000001
"7782","2021-42-114",-124.13
"7783","2021-42-119",-124.15
"7784","2021-42-104",-124.97
"7785","2021-42-101",34.88
"7786","2021-42-109",24.62
"7787","2021-42-105",-273.15
"7788","2021-42-113",-273.15
"7789","2021-42-116",-125.28
"7790","2021-42-111",-273.15
"7791","2021-43-201",25.9925
"7792","2021-43-205",27.3175
"7793","2021-43-203",29.6675
"7794","2021-43-215",31.93
"7795","2021-43-214",30.91
"7796","2021-43-206",-159.8325
"7797","2021-43-209",30.5675
"7798","2021-43-207",-161.3025
"7799","2021-43-208",27.8325000000001
"7800","2021-43-216",27.18
"7801","2021-43-210",27.1425
"7802","2021-43-204",28.1250000000001
"7803","2021-43-202",-161.4525
"7804","2021-43-212",-162.4575
"7805","2021-43-213",-82.375
"7806","2021-43-211",-161.3925
"7807","2021-43-306",-162.12
"7808","2021-43-301",-162.165
"7809","2021-43-308",-162.735
"7810","2021-43-304",-160.605
"7811","2021-43-303",-159.5175
"7812","2021-43-307",-164.88
"7813","2021-43-302",-163.2825
"7814","2021-43-305",-160.5
"7815","2021-43-507",-273.15
"7816","2021-43-504",30.1725
"7817","2021-43-506",-84.55
"7818","2021-43-505",28.9025
"7819","2021-43-511",22.605
"7820","2021-43-510",-162.69
"7821","2021-43-501",27.4875
"7822","2021-43-509",-160.9875
"7823","2021-43-502",-88.4375
"7824","2021-43-503",28.0075
"7825","2021-43-508",-167.0775
"7826","2021-43-402",23.1700000000001
"7827","2021-43-407",-158.3625
"7828","2021-43-408",32.165
"7829","2021-43-401",14.5375
"7830","2021-43-406",24.8575000000001
"7831","2021-43-409",31.48
"7832","2021-43-405",25.375
"7833","2021-43-404",26.755
"7834","2021-43-403",-159.2325
"7835","2021-43-410",28.7625000000001
"7836","2021-43-706",30.63
"7837","2021-43-701",23.005
"7838","2021-43-705",-158.655
"7839","2021-43-702",31.5775
"7840","2021-43-703",31.2050000000001
"7841","2021-43-704",-161.955
"7842","2021-43-603",24.4275
"7843","2021-43-610",27.6225000000001
"7844","2021-43-608",-160.9425
"7845","2021-43-602",-273.15
"7846","2021-43-611",-160.71
"7847","2021-43-607",-273.15
"7848","2021-43-604",-273.15
"7849","2021-43-605",24.1075
"7850","2021-43-609",-273.15
"7851","2021-43-601",-161.7075
"7852","2021-43-606",26.7775
"7853","2021-43-112",-273.15
"7854","2021-43-110",25.7875
"7855","2021-43-106",-161.0925
"7856","2021-43-118",33.7075
"7857","2021-43-103",-161.25
"7858","2021-43-117",-163.14
"7859","2021-43-102",28.9875
"7860","2021-43-108",-160.665
"7861","2021-43-120",-162.21
"7862","2021-43-115",-159.015
"7863","2021-43-107",23.9675
"7864","2021-43-114",25.31
"7865","2021-43-119",-86.9
"7866","2021-43-104",-87.925
"7867","2021-43-101",32.98
"7868","2021-43-109",25.57
"7869","2021-43-105",-273.15
"7870","2021-43-113",-158.685
"7871","2021-43-116",-273.15
"7872","2021-43-111",-273.15
"7873","2021-44-201",27.415
"7874","2021-44-205",28.92
"7875","2021-44-203",29.6150000000001
"7876","2021-44-215",-46.74
"7877","2021-44-214",28.325
"7878","2021-44-206",28.125
"7879","2021-44-209",30.65
"7880","2021-44-207",25.56
"7881","2021-44-208",27.365
"7882","2021-44-216",28.4100000000001
"7883","2021-44-210",25.64
"7884","2021-44-204",30.61
"7885","2021-44-202",-49.755
"7886","2021-44-212",-51.765
"7887","2021-44-213",-273.15
"7888","2021-44-211",24.825
"7889","2021-44-306",21.005
"7890","2021-44-301",22.425
"7891","2021-44-308",20.61
"7892","2021-44-304",26.54
"7893","2021-44-303",30.305
"7894","2021-44-307",14.8800000000001
"7895","2021-44-302",-53.415
"7896","2021-44-305",-47.8499999999999
"7897","2021-44-507",-197.45
"7898","2021-44-504",28.95
"7899","2021-44-506",-197.37
"7900","2021-44-505",28.4700000000001
"7901","2021-44-511",24.4450000000001
"7902","2021-44-510",22.585
"7903","2021-44-501",29.2400000000001
"7904","2021-44-509",25.995
"7905","2021-44-502",-197.835
"7906","2021-44-503",26.9700000000001
"7907","2021-44-508",13.0650000000001
"7908","2021-44-402",23.8500000000001
"7909","2021-44-407",33.06
"7910","2021-44-408",33.415
"7911","2021-44-401",17.11
"7912","2021-44-406",26.0200000000001
"7913","2021-44-409",34.42
"7914","2021-44-405",25.4300000000001
"7915","2021-44-404",26.54
"7916","2021-44-403",29.9600000000001
"7917","2021-44-410",27.595
"7918","2021-44-706",28.4550000000001
"7919","2021-44-701",24.865
"7920","2021-44-705",31.805
"7921","2021-44-702",31.09
"7922","2021-44-703",30.7
"7923","2021-44-704",23.375
"7924","2021-44-603",26.1300000000001
"7925","2021-44-610",27.395
"7926","2021-44-608",25.5200000000001
"7927","2021-44-602",-197.49
"7928","2021-44-611",26.9700000000001
"7929","2021-44-607",-273.15
"7930","2021-44-604",-198.26
"7931","2021-44-605",25.015
"7932","2021-44-609",-197.56
"7933","2021-44-601",24.825
"7934","2021-44-606",25.9450000000001
"7935","2021-44-112",-198.49
"7936","2021-44-110",25.8150000000001
"7937","2021-44-106",25.285
"7938","2021-44-118",32.4000000000001
"7939","2021-44-103",24.9400000000001
"7940","2021-44-117",19.405
"7941","2021-44-102",27.78
"7942","2021-44-108",26.01
"7943","2021-44-120",22.6900000000001
"7944","2021-44-115",30.5
"7945","2021-44-107",26.01
"7946","2021-44-114",25.86
"7947","2021-44-119",-196.475
"7948","2021-44-104",-273.15
"7949","2021-44-101",33.42
"7950","2021-44-109",27.955
"7951","2021-44-105",-199.025
"7952","2021-44-113",32.28
"7953","2021-44-116",-198.78
"7954","2021-44-111",-273.15
"7955","2021-45-201",25.7050000000001
"7956","2021-45-205",27.7375000000001
"7957","2021-45-203",28.2225000000001
"7958","2021-45-215",-273.15
"7959","2021-45-214",23.7925
"7960","2021-45-206",25.6775
"7961","2021-45-209",30.0625
"7962","2021-45-207",26.9075
"7963","2021-45-208",25.7575
"7964","2021-45-216",27.8350000000001
"7965","2021-45-210",25.7475000000001
"7966","2021-45-204",27.855
"7967","2021-45-202",-273.15
"7968","2021-45-212",-273.15
"7969","2021-45-213",-273.15
"7970","2021-45-211",-12.5399999999999
"7971","2021-45-306",15.82
"7972","2021-45-301",21.3575
"7973","2021-45-308",18.7625000000001
"7974","2021-45-304",25.2425000000001
"7975","2021-45-303",31.62
"7976","2021-45-307",13.18
"7977","2021-45-302",-236.5925
"7978","2021-45-305",-235.7275
"7979","2021-45-507",29.4675
"7980","2021-45-504",30.205
"7981","2021-45-506",29.695
"7982","2021-45-505",29.3775
"7983","2021-45-511",26.7825
"7984","2021-45-510",25.99
"7985","2021-45-501",29.27
"7986","2021-45-509",25.8200000000001
"7987","2021-45-502",27.775
"7988","2021-45-503",27.6625
"7989","2021-45-508",-13.9049999999999
"7990","2021-45-402",23.2150000000001
"7991","2021-45-407",33.32
"7992","2021-45-408",33.67
"7993","2021-45-401",13.93
"7994","2021-45-406",25.8475
"7995","2021-45-409",34.06
"7996","2021-45-405",24.56
"7997","2021-45-404",26.1575000000001
"7998","2021-45-403",28.25
"7999","2021-45-410",26.3725
"8000","2021-45-706",26.53
"8001","2021-45-701",24.1725
"8002","2021-45-705",30.6325
"8003","2021-45-702",27.67
"8004","2021-45-703",28.845
"8005","2021-45-704",23.4625
"8006","2021-45-603",26.07
"8007","2021-45-610",27.0825
"8008","2021-45-608",24.06
"8009","2021-45-602",29.4625
"8010","2021-45-611",27.6075
"8011","2021-45-607",-273.15
"8012","2021-45-604",26.22
"8013","2021-45-605",25.8300000000001
"8014","2021-45-609",29.0125
"8015","2021-45-601",27.205
"8016","2021-45-606",28.055
"8017","2021-45-112",25.4375
"8018","2021-45-110",25.99
"8019","2021-45-106",23.9375000000001
"8020","2021-45-118",32.1125
"8021","2021-45-103",24.135
"8022","2021-45-117",16.6475
"8023","2021-45-102",28.5425
"8024","2021-45-108",23.7525
"8025","2021-45-120",22.4125000000001
"8026","2021-45-115",28.675
"8027","2021-45-107",26.0125000000001
"8028","2021-45-114",25.15
"8029","2021-45-119",33.2325
"8030","2021-45-104",-273.15
"8031","2021-45-101",34.285
"8032","2021-45-109",28.545
"8033","2021-45-105",-13.7125
"8034","2021-45-113",32.81
"8035","2021-45-116",24.43
"8036","2021-45-111",-273.15
"8037","2021-46-201",26.65
"8038","2021-46-205",28.0700000000001
"8039","2021-46-203",29.29
"8040","2021-46-215",-273.15
"8041","2021-46-214",27.45
"8042","2021-46-206",27.55
"8043","2021-46-209",29.73
"8044","2021-46-207",26.89
"8045","2021-46-208",27.21
"8046","2021-46-216",28.43
"8047","2021-46-210",19.99
"8048","2021-46-204",28.31
"8049","2021-46-202",-273.15
"8050","2021-46-212",-273.15
"8051","2021-46-213",-273.15
"8052","2021-46-211",-273.15
"8053","2021-46-306",19.95
"8054","2021-46-301",21.97
"8055","2021-46-308",20.11
"8056","2021-46-304",25.1900000000001
"8057","2021-46-303",31.6900000000001
"8058","2021-46-307",15.77
"8059","2021-46-302",19.31
"8060","2021-46-305",26.23
"8061","2021-46-507",28.1900000000001
"8062","2021-46-504",31.85
"8063","2021-46-506",27.77
"8064","2021-46-505",29.85
"8065","2021-46-511",26.03
"8066","2021-46-510",25.15
"8067","2021-46-501",29.6900000000001
"8068","2021-46-509",23.65
"8069","2021-46-502",25.43
"8070","2021-46-503",24.11
"8071","2021-46-508",-273.15
"8072","2021-46-402",23.39
"8073","2021-46-407",32.83
"8074","2021-46-408",32.83
"8075","2021-46-401",11.41
"8076","2021-46-406",25.6900000000001
"8077","2021-46-409",33.85
"8078","2021-46-405",25.1900000000001
"8079","2021-46-404",23.27
"8080","2021-46-403",30.35
"8081","2021-46-410",25.27
"8082","2021-46-706",27.23
"8083","2021-46-701",22.79
"8084","2021-46-705",30.09
"8085","2021-46-702",28.93
"8086","2021-46-703",29.09
"8087","2021-46-704",23.97
"8088","2021-46-603",26.91
"8089","2021-46-610",27.31
"8090","2021-46-608",25.39
"8091","2021-46-602",29.27
"8092","2021-46-611",26.1900000000001
"8093","2021-46-607",-273.15
"8094","2021-46-604",24.89
"8095","2021-46-605",26.39
"8096","2021-46-609",27.6300000000001
"8097","2021-46-601",27.17
"8098","2021-46-606",26.97
"8099","2021-46-112",25.0700000000001
"8100","2021-46-110",25.85
"8101","2021-46-106",22.59
"8102","2021-46-118",33.67
"8103","2021-46-103",25.01
"8104","2021-46-117",14.2500000000001
"8105","2021-46-102",26.95
"8106","2021-46-108",24.7500000000001
"8107","2021-46-120",20.47
"8108","2021-46-115",30.81
"8109","2021-46-107",24.35
"8110","2021-46-114",23.33
"8111","2021-46-119",31.01
"8112","2021-46-104",-273.15
"8113","2021-46-101",32.15
"8114","2021-46-109",26.6900000000001
"8115","2021-46-105",-273.15
"8116","2021-46-113",32.53
"8117","2021-46-116",25.1300000000001
"8118","2021-46-111",-273.15
"8119","2021-47-201",26.6675
"8120","2021-47-205",27.895
"8121","2021-47-203",29.8325
"8122","2021-47-215",-273.15
"8123","2021-47-214",-235.575
"8124","2021-47-206",29.825
"8125","2021-47-209",31.0425
"8126","2021-47-207",27.1175
"8127","2021-47-208",26.5625
"8128","2021-47-216",-235.4525
"8129","2021-47-210",23.4375
"8130","2021-47-204",28.135
"8131","2021-47-202",-273.15
"8132","2021-47-212",-15.1475
"8133","2021-47-213",-273.15
"8134","2021-47-211",-14.9725
"8135","2021-47-306",23.6775
"8136","2021-47-301",22.1275
"8137","2021-47-308",19.2525000000001
"8138","2021-47-304",25.5925
"8139","2021-47-303",31.97
"8140","2021-47-307",15.385
"8141","2021-47-302",18.1025
"8142","2021-47-305",25.0225
"8143","2021-47-507",27.77
"8144","2021-47-504",30.1875
"8145","2021-47-506",28.505
"8146","2021-47-505",29.85
"8147","2021-47-511",-235.7525
"8148","2021-47-510",25.5
"8149","2021-47-501",31.2475
"8150","2021-47-509",25.1025
"8151","2021-47-502",24.8
"8152","2021-47-503",27.925
"8153","2021-47-508",-273.15
"8154","2021-47-402",24.37
"8155","2021-47-407",33.4075
"8156","2021-47-408",34.16
"8157","2021-47-401",16.9225
"8158","2021-47-406",25.4975
"8159","2021-47-409",32.03
"8160","2021-47-405",25.3825
"8161","2021-47-404",27.2075
"8162","2021-47-403",28.9500000000001
"8163","2021-47-410",-235.8475
"8164","2021-47-706",29.785
"8165","2021-47-701",25.52
"8166","2021-47-705",28.34
"8167","2021-47-702",-235.39
"8168","2021-47-703",27.13
"8169","2021-47-704",21.8175
"8170","2021-47-603",25.4925
"8171","2021-47-610",25.595
"8172","2021-47-608",24.41
"8173","2021-47-602",29.1475000000001
"8174","2021-47-611",25.455
"8175","2021-47-607",-273.15
"8176","2021-47-604",24.015
"8177","2021-47-605",24.92
"8178","2021-47-609",25.0050000000001
"8179","2021-47-601",-235.61
"8180","2021-47-606",-235.635
"8181","2021-47-112",24.475
"8182","2021-47-110",25.9375
"8183","2021-47-106",19.9475000000001
"8184","2021-47-118",33.04
"8185","2021-47-103",24.555
"8186","2021-47-117",15.7375
"8187","2021-47-102",27.265
"8188","2021-47-108",25.6425
"8189","2021-47-120",22.4125000000001
"8190","2021-47-115",25
"8191","2021-47-107",26.7475
"8192","2021-47-114",25.465
"8193","2021-47-119",-235.13
"8194","2021-47-104",-11.91
"8195","2021-47-101",31.5375
"8196","2021-47-109",25.15
"8197","2021-47-105",-273.15
"8198","2021-47-113",31.9875
"8199","2021-47-116",25.69
"8200","2021-47-111",-273.15
"8201","2021-48-201",27.495
"8202","2021-48-205",29.25
"8203","2021-48-203",29.58
"8204","2021-48-215",-273.15
"8205","2021-48-214",-46.8
"8206","2021-48-206",29.115
"8207","2021-48-209",32.355
"8208","2021-48-207",27.765
"8209","2021-48-208",27.64
"8210","2021-48-216",-46.62
"8211","2021-48-210",25.37
"8212","2021-48-204",29.535
"8213","2021-48-202",-273.15
"8214","2021-48-212",19.325
"8215","2021-48-213",-273.15
"8216","2021-48-211",21.775
"8217","2021-48-306",15.81
"8218","2021-48-301",20.185
"8219","2021-48-308",17.9600000000001
"8220","2021-48-304",26.085
"8221","2021-48-303",29.13
"8222","2021-48-307",15.66
"8223","2021-48-302",19.85
"8224","2021-48-305",25.705
"8225","2021-48-507",30.89
"8226","2021-48-504",29.98
"8227","2021-48-506",30.395
"8228","2021-48-505",31.005
"8229","2021-48-511",-46.41
"8230","2021-48-510",25.97
"8231","2021-48-501",31.2600000000001
"8232","2021-48-509",26.855
"8233","2021-48-502",28.76
"8234","2021-48-503",30.165
"8235","2021-48-508",-51.795
"8236","2021-48-402",24.03
"8237","2021-48-407",32.665
"8238","2021-48-408",33.255
"8239","2021-48-401",13.135
"8240","2021-48-406",25.62
"8241","2021-48-409",31.9950000000001
"8242","2021-48-405",24.33
"8243","2021-48-404",27.6650000000001
"8244","2021-48-403",28.42
"8245","2021-48-410",-47.79
"8246","2021-48-706",29.13
"8247","2021-48-701",26.72
"8248","2021-48-705",27.64
"8249","2021-48-702",-46.365
"8250","2021-48-703",27.45
"8251","2021-48-704",-199.485
"8252","2021-48-603",26.82
"8253","2021-48-610",28.125
"8254","2021-48-608",26.19
"8255","2021-48-602",30.855
"8256","2021-48-611",26.13
"8257","2021-48-607",-273.15
"8258","2021-48-604",26.26
"8259","2021-48-605",26.015
"8260","2021-48-609",27.405
"8261","2021-48-601",-47.67
"8262","2021-48-606",-48.915
"8263","2021-48-112",24.84
"8264","2021-48-110",26.055
"8265","2021-48-106",22.105
"8266","2021-48-118",34.195
"8267","2021-48-103",22.96
"8268","2021-48-117",16.52
"8269","2021-48-102",25.9
"8270","2021-48-108",26.28
"8271","2021-48-120",22.9
"8272","2021-48-115",26.285
"8273","2021-48-107",27.9150000000001
"8274","2021-48-114",24.24
"8275","2021-48-119",-44.385
"8276","2021-48-104",26.505
"8277","2021-48-101",30.01
"8278","2021-48-109",25.575
"8279","2021-48-105",-50.46
"8280","2021-48-113",30.9050000000001
"8281","2021-48-116",26.655
"8282","2021-48-111",-273.15
"8283","2021-49-201",26.22
"8284","2021-49-205",29.61
"8285","2021-49-203",29.12
"8286","2021-49-215",-85.675
"8287","2021-49-214",27.1375
"8288","2021-49-206",28.545
"8289","2021-49-209",31.33
"8290","2021-49-207",28.745
"8291","2021-49-208",28.08
"8292","2021-49-216",28.915
"8293","2021-49-210",25.7375
"8294","2021-49-204",29.585
"8295","2021-49-202",-273.15
"8296","2021-49-212",19.48
"8297","2021-49-213",-273.15
"8298","2021-49-211",21.38
"8299","2021-49-306",16.035
"8300","2021-49-301",20.83
"8301","2021-49-308",17.52
"8302","2021-49-304",25.455
"8303","2021-49-303",30.145
"8304","2021-49-307",16.2700000000001
"8305","2021-49-302",18.7275
"8306","2021-49-305",25.9275
"8307","2021-49-507",31.4625
"8308","2021-49-504",31.24
"8309","2021-49-506",30.89
"8310","2021-49-505",31.7275
"8311","2021-49-511",28.7075
"8312","2021-49-510",26.7225
"8313","2021-49-501",32.3275
"8314","2021-49-509",28.0575
"8315","2021-49-502",29.2475
"8316","2021-49-503",29.855
"8317","2021-49-508",23.9275
"8318","2021-49-402",23.4450000000001
"8319","2021-49-407",32.59
"8320","2021-49-408",32.34
"8321","2021-49-401",12.735
"8322","2021-49-406",25.32
"8323","2021-49-409",33.8075
"8324","2021-49-405",24.5075
"8325","2021-49-404",26.23
"8326","2021-49-403",29.185
"8327","2021-49-410",27.2800000000001
"8328","2021-49-706",29.5275
"8329","2021-49-701",25.6525
"8330","2021-49-705",28.69
"8331","2021-49-702",29.5550000000001
"8332","2021-49-703",29.0625
"8333","2021-49-704",-87.5874999999999
"8334","2021-49-603",26.2300000000001
"8335","2021-49-610",27.4625
"8336","2021-49-608",24.13
"8337","2021-49-602",31.18
"8338","2021-49-611",-160.8225
"8339","2021-49-607",-273.15
"8340","2021-49-604",26.325
"8341","2021-49-605",25.1
"8342","2021-49-609",28.4925
"8343","2021-49-601",26.115
"8344","2021-49-606",27.4425
"8345","2021-49-112",24.09
"8346","2021-49-110",26.215
"8347","2021-49-106",24.1625
"8348","2021-49-118",33.66
"8349","2021-49-103",23.95
"8350","2021-49-117",17.535
"8351","2021-49-102",27.355
"8352","2021-49-108",26.5250000000001
"8353","2021-49-120",20.4825
"8354","2021-49-115",28.44
"8355","2021-49-107",27.6775
"8356","2021-49-114",24.0175000000001
"8357","2021-49-119",30.87
"8358","2021-49-104",25.345
"8359","2021-49-101",32.1675000000001
"8360","2021-49-109",27.69
"8361","2021-49-105",-161.805
"8362","2021-49-113",32.895
"8363","2021-49-116",26.8
"8364","2021-49-111",-273.15
"8365","2021-50-201",26.2100000000001
"8366","2021-50-205",29.83
"8367","2021-50-203",29.59
"8368","2021-50-215",-123.17
"8369","2021-50-214",27.13
"8370","2021-50-206",28.54
"8371","2021-50-209",31.79
"8372","2021-50-207",27.9
"8373","2021-50-208",28.5
"8374","2021-50-216",28.5
"8375","2021-50-210",25.99
"8376","2021-50-204",29.05
"8377","2021-50-202",-273.15
"8378","2021-50-212",-126.55
"8379","2021-50-213",-273.15
"8380","2021-50-211",20.92
"8381","2021-50-306",16.22
"8382","2021-50-301",22.18
"8383","2021-50-308",17.06
"8384","2021-50-304",25.76
"8385","2021-50-303",30.23
"8386","2021-50-307",15.4100000000001
"8387","2021-50-302",18.91
"8388","2021-50-305",26.47
"8389","2021-50-507",31.14
"8390","2021-50-504",31.69
"8391","2021-50-506",30.76
"8392","2021-50-505",31.54
"8393","2021-50-511",28.07
"8394","2021-50-510",26.55
"8395","2021-50-501",32.5
"8396","2021-50-509",28.62
"8397","2021-50-502",28.95
"8398","2021-50-503",29.75
"8399","2021-50-508",24.29
"8400","2021-50-402",23.34
"8401","2021-50-407",33.03
"8402","2021-50-408",32.3500000000001
"8403","2021-50-401",13.79
"8404","2021-50-406",25.23
"8405","2021-50-409",34.17
"8406","2021-50-405",25.17
"8407","2021-50-404",26.2
"8408","2021-50-403",29.25
"8409","2021-50-410",26.2200000000001
"8410","2021-50-706",29.98
"8411","2021-50-701",24.78
"8412","2021-50-705",29.41
"8413","2021-50-702",29.79
"8414","2021-50-703",28.84
"8415","2021-50-704",21.4100000000001
"8416","2021-50-603",25.8700000000001
"8417","2021-50-610",25.55
"8418","2021-50-608",22.78
"8419","2021-50-602",31.75
"8420","2021-50-611",-122.78
"8421","2021-50-607",-273.15
"8422","2021-50-604",26.47
"8423","2021-50-605",25.8
"8424","2021-50-609",28.1400000000001
"8425","2021-50-601",26.4900000000001
"8426","2021-50-606",26.68
"8427","2021-50-112",23.5
"8428","2021-50-110",27.1
"8429","2021-50-106",25.03
"8430","2021-50-118",32.48
"8431","2021-50-103",24.09
"8432","2021-50-117",17.63
"8433","2021-50-102",29
"8434","2021-50-108",24.68
"8435","2021-50-120",19.67
"8436","2021-50-115",27.82
"8437","2021-50-107",27.32
"8438","2021-50-114",24.2200000000001
"8439","2021-50-119",30.47
"8440","2021-50-104",26.43
"8441","2021-50-101",33.5000000000001
"8442","2021-50-109",28.28
"8443","2021-50-105",-124.67
"8444","2021-50-113",32.4600000000001
"8445","2021-50-116",26.72
"8446","2021-50-111",-273.15
"8447","2021-51-201",27.5050000000001
"8448","2021-51-205",30.005
"8449","2021-51-203",30.5475
"8450","2021-51-215",-159.615
"8451","2021-51-214",28.09
"8452","2021-51-206",28.865
"8453","2021-51-209",33.6225
"8454","2021-51-207",27.1675
"8455","2021-51-208",28.935
"8456","2021-51-216",28.3775000000001
"8457","2021-51-210",26.88
"8458","2021-51-204",29.2875
"8459","2021-51-202",-273.15
"8460","2021-51-212",-163.095
"8461","2021-51-213",-160.68
"8462","2021-51-211",20.865
"8463","2021-51-306",18.0625
"8464","2021-51-301",22.5325000000001
"8465","2021-51-308",17.7850000000001
"8466","2021-51-304",26.2975
"8467","2021-51-303",29.7225000000001
"8468","2021-51-307",15.1350000000001
"8469","2021-51-302",20.09
"8470","2021-51-305",26.1725
"8471","2021-51-507",31.4925
"8472","2021-51-504",32.0425
"8473","2021-51-506",31.5975000000001
"8474","2021-51-505",31.8175
"8475","2021-51-511",27.9725
"8476","2021-51-510",26.5875
"8477","2021-51-501",32.83
"8478","2021-51-509",28.7025
"8479","2021-51-502",29.9125
"8480","2021-51-503",30.95
"8481","2021-51-508",23.805
"8482","2021-51-402",23.8425
"8483","2021-51-407",33.7025
"8484","2021-51-408",33.0050000000001
"8485","2021-51-401",14.5225
"8486","2021-51-406",25.4325
"8487","2021-51-409",33.3625
"8488","2021-51-405",25.645
"8489","2021-51-404",27.6025
"8490","2021-51-403",29.03
"8491","2021-51-410",26.1650000000001
"8492","2021-51-706",29.4275
"8493","2021-51-701",23.8475
"8494","2021-51-705",29.2225
"8495","2021-51-702",29.7925
"8496","2021-51-703",28.115
"8497","2021-51-704",20.7725000000001
"8498","2021-51-603",26.335
"8499","2021-51-610",25.8275
"8500","2021-51-608",23.7325
"8501","2021-51-602",32.455
"8502","2021-51-611",27.515
"8503","2021-51-607",-273.15
"8504","2021-51-604",27.4925
"8505","2021-51-605",26.9275
"8506","2021-51-609",28.3350000000001
"8507","2021-51-601",27.8400000000001
"8508","2021-51-606",26.0525
"8509","2021-51-112",24.455
"8510","2021-51-110",27.0925
"8511","2021-51-106",24.915
"8512","2021-51-118",32.17
"8513","2021-51-103",23.69
"8514","2021-51-117",17.95
"8515","2021-51-102",29.0325
"8516","2021-51-108",23.6
"8517","2021-51-120",21.73
"8518","2021-51-115",27.245
"8519","2021-51-107",27.6225
"8520","2021-51-114",24.8800000000001
"8521","2021-51-119",31.075
"8522","2021-51-104",27.7175
"8523","2021-51-101",33.1225000000001
"8524","2021-51-109",27.9925
"8525","2021-51-105",23.8925
"8526","2021-51-113",31.0950000000001
"8527","2021-51-116",26.97
"8528","2021-51-111",-273.15
"8529","2021-52-201",27.6900000000001
"8530","2021-52-205",29.246
"8531","2021-52-203",30.29
"8532","2021-52-215",-91.494
"8533","2021-52-214",27.6300000000001
"8534","2021-52-206",28.6460000000001
"8535","2021-52-209",34.31
"8536","2021-52-207",27.5620000000001
"8537","2021-52-208",28.554
"8538","2021-52-216",28.378
"8539","2021-52-210",26.95
"8540","2021-52-204",30.046
"8541","2021-52-202",-273.15
"8542","2021-52-212",20.386
"8543","2021-52-213",25.706
"8544","2021-52-211",20.8940000000001
"8545","2021-52-306",21.666
"8546","2021-52-301",21.978
"8547","2021-52-308",19.438
"8548","2021-52-304",25.75
"8549","2021-52-303",30.326
"8550","2021-52-307",15.818
"8551","2021-52-302",19.47
"8552","2021-52-305",24.878
"8553","2021-52-507",32.3780000000001
"8554","2021-52-504",32.8740000000001
"8555","2021-52-506",32.454
"8556","2021-52-505",32.786
"8557","2021-52-511",28.882
"8558","2021-52-510",27.422
"8559","2021-52-501",34.23
"8560","2021-52-509",27.766
"8561","2021-52-502",30.534
"8562","2021-52-503",32.1300000000001
"8563","2021-52-508",24.474
"8564","2021-52-402",24.318
"8565","2021-52-407",33.554
"8566","2021-52-408",32.834
"8567","2021-52-401",15.374
"8568","2021-52-406",25.4420000000001
"8569","2021-52-409",32.334
"8570","2021-52-405",25.598
"8571","2021-52-404",28.15
"8572","2021-52-403",28.774
"8573","2021-52-410",26.918
"8574","2021-52-706",27.49
"8575","2021-52-701",22.338
"8576","2021-52-705",28.598
"8577","2021-52-702",28.082
"8578","2021-52-703",28.2740000000001
"8579","2021-52-704",23.138
"8580","2021-52-603",26.522
"8581","2021-52-610",26.754
"8582","2021-52-608",25.382
"8583","2021-52-602",32.518
"8584","2021-52-611",26.318
"8585","2021-52-607",-273.15
"8586","2021-52-604",27.878
"8587","2021-52-605",26.466
"8588","2021-52-609",28.738
"8589","2021-52-601",28.234
"8590","2021-52-606",27.162
"8591","2021-52-112",25.3780000000001
"8592","2021-52-110",25.498
"8593","2021-52-106",24.282
"8594","2021-52-118",32.494
"8595","2021-52-103",24.418
"8596","2021-52-117",19.134
"8597","2021-52-102",28.022
"8598","2021-52-108",24.814
"8599","2021-52-120",23.622
"8600","2021-52-115",28.906
"8601","2021-52-107",27.898
"8602","2021-52-114",25.29
"8603","2021-52-119",31.2220000000001
"8604","2021-52-104",25.754
"8605","2021-52-101",32.438
"8606","2021-52-109",28.326
"8607","2021-52-105",-94.842
"8608","2021-52-113",31.246
"8609","2021-52-116",26.098
"8610","2021-52-111",-155.75
"8611","2022-1-201",27.51
"8612","2022-1-205",29.19
"8613","2022-1-203",30.16
"8614","2022-1-215",-273.15
"8615","2022-1-214",26.17
"8616","2022-1-206",28.41
"8617","2022-1-209",35.09
"8618","2022-1-207",27.41
"8619","2022-1-208",28.48
"8620","2022-1-216",28.48
"8621","2022-1-210",24.3900000000001
"8622","2022-1-204",30.39
"8623","2022-1-202",-273.15
"8624","2022-1-212",19.84
"8625","2022-1-213",24.57
"8626","2022-1-211",21.09
"8627","2022-1-306",18.87
"8628","2022-1-301",21.51
"8629","2022-1-308",19.02
"8630","2022-1-304",26.05
"8631","2022-1-303",30.1300000000001
"8632","2022-1-307",14.4600000000001
"8633","2022-1-302",17.7800000000001
"8634","2022-1-305",25.52
"8635","2022-1-507",32.98
"8636","2022-1-504",32.93
"8637","2022-1-506",31.79
"8638","2022-1-505",32.7700000000001
"8639","2022-1-511",29.66
"8640","2022-1-510",27.04
"8641","2022-1-501",34.39
"8642","2022-1-509",27.75
"8643","2022-1-502",30.66
"8644","2022-1-503",32.11
"8645","2022-1-508",23.5200000000001
"8646","2022-1-402",24.38
"8647","2022-1-407",33.3200000000001
"8648","2022-1-408",32.66
"8649","2022-1-401",15.09
"8650","2022-1-406",25.5700000000001
"8651","2022-1-409",31.86
"8652","2022-1-405",25.2700000000001
"8653","2022-1-404",27.99
"8654","2022-1-403",28.26
"8655","2022-1-410",26.24
"8656","2022-1-706",27.01
"8657","2022-1-701",22.95
"8658","2022-1-705",27.7800000000001
"8659","2022-1-702",26.58
"8660","2022-1-703",27.51
"8661","2022-1-704",22.59
"8662","2022-1-603",27
"8663","2022-1-610",26.32
"8664","2022-1-608",25.6
"8665","2022-1-602",32.87
"8666","2022-1-611",25.63
"8667","2022-1-607",-273.15
"8668","2022-1-604",27.5500000000001
"8669","2022-1-605",27.01
"8670","2022-1-609",28.42
"8671","2022-1-601",28.9
"8672","2022-1-606",26.7400000000001
"8673","2022-1-112",24.6300000000001
"8674","2022-1-110",25.72
"8675","2022-1-106",24.27
"8676","2022-1-118",31.47
"8677","2022-1-103",24.47
"8678","2022-1-117",18.37
"8679","2022-1-102",28.07
"8680","2022-1-108",24.91
"8681","2022-1-120",22.48
"8682","2022-1-115",28.48
"8683","2022-1-107",27.76
"8684","2022-1-114",24.83
"8685","2022-1-119",31.17
"8686","2022-1-104",25.38
"8687","2022-1-101",32.48
"8688","2022-1-109",28.6
"8689","2022-1-105",-124.14
"8690","2022-1-113",30.93
"8691","2022-1-116",25.2300000000001
"8692","2022-1-111",-126.4
"8693","2022-2-201",28.3125
"8694","2022-2-205",30.1825
"8695","2022-2-203",31.0275
"8696","2022-2-215",-161.5575
"8697","2022-2-214",25.1975
"8698","2022-2-206",28.8025
"8699","2022-2-209",35.9225
"8700","2022-2-207",27.765
"8701","2022-2-208",29.2775
"8702","2022-2-216",29.0275
"8703","2022-2-210",24.0575
"8704","2022-2-204",30.8075
"8705","2022-2-202",-273.15
"8706","2022-2-212",18.655
"8707","2022-2-213",24.6625
"8708","2022-2-211",21.415
"8709","2022-2-306",19.5075
"8710","2022-2-301",21.3375
"8711","2022-2-308",18.53
"8712","2022-2-304",26.4625
"8713","2022-2-303",30.375
"8714","2022-2-307",14.14
"8715","2022-2-302",17.6275
"8716","2022-2-305",25.4825
"8717","2022-2-507",33.9975
"8718","2022-2-504",33.805
"8719","2022-2-506",32.4175
"8720","2022-2-505",33.1575
"8721","2022-2-511",30.1275
"8722","2022-2-510",26.61
"8723","2022-2-501",34.5875
"8724","2022-2-509",29.1575
"8725","2022-2-502",31.755
"8726","2022-2-503",32.6825
"8727","2022-2-508",22.65
"8728","2022-2-402",24.835
"8729","2022-2-407",33.7475000000001
"8730","2022-2-408",33.275
"8731","2022-2-401",14.0275
"8732","2022-2-406",24.99
"8733","2022-2-409",32.235
"8734","2022-2-405",25.0575
"8735","2022-2-404",28.67
"8736","2022-2-403",28.55
"8737","2022-2-410",25.37
"8738","2022-2-706",28.135
"8739","2022-2-701",23.1525
"8740","2022-2-705",27.6625
"8741","2022-2-702",28.0675
"8742","2022-2-703",27.505
"8743","2022-2-704",22.8925000000001
"8744","2022-2-603",27.865
"8745","2022-2-610",27.755
"8746","2022-2-608",25.2975
"8747","2022-2-602",33.33
"8748","2022-2-611",27.165
"8749","2022-2-607",-273.15
"8750","2022-2-604",28.1625000000001
"8751","2022-2-605",27.305
"8752","2022-2-609",28.7425
"8753","2022-2-601",29.3425
"8754","2022-2-606",26.825
"8755","2022-2-112",25.565
"8756","2022-2-110",26.2825
"8757","2022-2-106",24.5175000000001
"8758","2022-2-118",30.695
"8759","2022-2-103",24.21
"8760","2022-2-117",18.0725000000001
"8761","2022-2-102",28.025
"8762","2022-2-108",24.9775
"8763","2022-2-120",22.3625
"8764","2022-2-115",27.865
"8765","2022-2-107",28.3825
"8766","2022-2-114",25.3675
"8767","2022-2-119",31.6475
"8768","2022-2-104",26.53
"8769","2022-2-101",32.2175
"8770","2022-2-109",28.58
"8771","2022-2-105",24.4875
"8772","2022-2-113",31.325
"8773","2022-2-116",26.81
"8774","2022-2-111",-273.15
"8775","2022-3-201",28.905
"8776","2022-3-205",30.855
"8777","2022-3-203",31.24
"8778","2022-3-215",25.59
"8779","2022-3-214",25.025
"8780","2022-3-206",29.05
"8781","2022-3-209",36.11
"8782","2022-3-207",27.7350000000001
"8783","2022-3-208",29.865
"8784","2022-3-216",28.94
"8785","2022-3-210",26.0250000000001
"8786","2022-3-204",31.24
"8787","2022-3-202",-198.765
"8788","2022-3-212",18.23
"8789","2022-3-213",24.465
"8790","2022-3-211",21.375
"8791","2022-3-306",21.1
"8792","2022-3-301",21.52
"8793","2022-3-308",17.865
"8794","2022-3-304",26.4150000000001
"8795","2022-3-303",30.955
"8796","2022-3-307",14.36
"8797","2022-3-302",18.735
"8798","2022-3-305",25.185
"8799","2022-3-507",35.48
"8800","2022-3-504",34.99
"8801","2022-3-506",33.39
"8802","2022-3-505",33.87
"8803","2022-3-511",30.88
"8804","2022-3-510",26.64
"8805","2022-3-501",35.16
"8806","2022-3-509",29.685
"8807","2022-3-502",32.315
"8808","2022-3-503",33.68
"8809","2022-3-508",23.625
"8810","2022-3-402",25.43
"8811","2022-3-407",33.5
"8812","2022-3-408",33.255
"8813","2022-3-401",14.21
"8814","2022-3-406",24.38
"8815","2022-3-409",32.145
"8816","2022-3-405",24.9200000000001
"8817","2022-3-404",29.15
"8818","2022-3-403",28.9300000000001
"8819","2022-3-410",24.29
"8820","2022-3-706",28.75
"8821","2022-3-701",22.545
"8822","2022-3-705",28.365
"8823","2022-3-702",29.125
"8824","2022-3-703",28.375
"8825","2022-3-704",22.9300000000001
"8826","2022-3-603",28.36
"8827","2022-3-610",28.105
"8828","2022-3-608",25.905
"8829","2022-3-602",34.025
"8830","2022-3-611",27.9500000000001
"8831","2022-3-607",-273.15
"8832","2022-3-604",29.06
"8833","2022-3-605",27.095
"8834","2022-3-609",28.2700000000001
"8835","2022-3-601",29.53
"8836","2022-3-606",25.945
"8837","2022-3-112",26.34
"8838","2022-3-110",26.73
"8839","2022-3-106",24.59
"8840","2022-3-118",31.705
"8841","2022-3-103",24.295
"8842","2022-3-117",18.285
"8843","2022-3-102",27.9350000000001
"8844","2022-3-108",25.245
"8845","2022-3-120",22.82
"8846","2022-3-115",28.835
"8847","2022-3-107",28.91
"8848","2022-3-114",25.735
"8849","2022-3-119",31.535
"8850","2022-3-104",26.6700000000001
"8851","2022-3-101",31.395
"8852","2022-3-109",28.38
"8853","2022-3-105",23.96
"8854","2022-3-113",31.615
"8855","2022-3-116",27.425
"8856","2022-3-111",-199.84
"8857","2022-4-201",29.0200000000001
"8858","2022-4-205",31.9675
"8859","2022-4-203",32.1825
"8860","2022-4-215",28.9950000000001
"8861","2022-4-214",26.55
"8862","2022-4-206",30.6175
"8863","2022-4-209",37.83
"8864","2022-4-207",29.4525
"8865","2022-4-208",30.5900000000001
"8866","2022-4-216",30.07
"8867","2022-4-210",27.335
"8868","2022-4-204",32.905
"8869","2022-4-202",24.03
"8870","2022-4-212",19.74
"8871","2022-4-213",25.6725
"8872","2022-4-211",22.6625
"8873","2022-4-306",24.76
"8874","2022-4-301",21.8425
"8875","2022-4-308",18.055
"8876","2022-4-304",26.69
"8877","2022-4-303",33.2475
"8878","2022-4-307",15.955
"8879","2022-4-302",18.5425
"8880","2022-4-305",26.535
"8881","2022-4-507",35.9525
"8882","2022-4-504",36.475
"8883","2022-4-506",34.69
"8884","2022-4-505",35.1150000000001
"8885","2022-4-511",31.06
"8886","2022-4-510",27.93
"8887","2022-4-501",36.6825000000001
"8888","2022-4-509",30.405
"8889","2022-4-502",33.6575
"8890","2022-4-503",34.59
"8891","2022-4-508",24.9275
"8892","2022-4-402",25.98
"8893","2022-4-407",34.93
"8894","2022-4-408",34.4275
"8895","2022-4-401",16.4875
"8896","2022-4-406",27.0125
"8897","2022-4-409",33.7375000000001
"8898","2022-4-405",26.0575
"8899","2022-4-404",29.5750000000001
"8900","2022-4-403",30.945
"8901","2022-4-410",28.3875
"8902","2022-4-706",29.9450000000001
"8903","2022-4-701",23.495
"8904","2022-4-705",29.3775
"8905","2022-4-702",29.675
"8906","2022-4-703",30.3
"8907","2022-4-704",22.7225
"8908","2022-4-603",28.6550000000001
"8909","2022-4-610",28.5125
"8910","2022-4-608",26.5475
"8911","2022-4-602",34.9275
"8912","2022-4-611",27.3275
"8913","2022-4-607",-273.15
"8914","2022-4-604",29.6725000000001
"8915","2022-4-605",26.555
"8916","2022-4-609",28.7925000000001
"8917","2022-4-601",30.0900000000001
"8918","2022-4-606",26.5925
"8919","2022-4-112",26.1025
"8920","2022-4-110",28.11
"8921","2022-4-106",25.1875000000001
"8922","2022-4-118",34.6
"8923","2022-4-103",25.1675
"8924","2022-4-117",16.9725
"8925","2022-4-102",29.98
"8926","2022-4-108",27.145
"8927","2022-4-120",22.4600000000001
"8928","2022-4-115",31.435
"8929","2022-4-107",29.06
"8930","2022-4-114",26.66
"8931","2022-4-119",32.7625
"8932","2022-4-104",25.365
"8933","2022-4-101",33.805
"8934","2022-4-109",30.015
"8935","2022-4-105",24.52
"8936","2022-4-113",33.3325
"8937","2022-4-116",26.5250000000001
"8938","2022-4-111",-16.565
"8939","2022-5-201",28.67
"8940","2022-5-205",31.67
"8941","2022-5-203",31.43
"8942","2022-5-215",28.47
"8943","2022-5-214",28.51
"8944","2022-5-206",29.83
"8945","2022-5-209",37.27
"8946","2022-5-207",30.03
"8947","2022-5-208",29.89
"8948","2022-5-216",28.53
"8949","2022-5-210",26.95
"8950","2022-5-204",32.59
"8951","2022-5-202",21.51
"8952","2022-5-212",19.81
"8953","2022-5-213",25.41
"8954","2022-5-211",21.49
"8955","2022-5-306",22.45
"8956","2022-5-301",20.53
"8957","2022-5-308",16.55
"8958","2022-5-304",25.15
"8959","2022-5-303",32.39
"8960","2022-5-307",17.2500000000001
"8961","2022-5-302",20.45
"8962","2022-5-305",27.27
"8963","2022-5-507",35.6900000000001
"8964","2022-5-504",37.21
"8965","2022-5-506",34.1300000000001
"8966","2022-5-505",35.43
"8967","2022-5-511",30.43
"8968","2022-5-510",27.93
"8969","2022-5-501",36.6300000000001
"8970","2022-5-509",30.93
"8971","2022-5-502",32.87
"8972","2022-5-503",34.45
"8973","2022-5-508",24.0700000000001
"8974","2022-5-402",25.21
"8975","2022-5-407",34.65
"8976","2022-5-408",34.1300000000001
"8977","2022-5-401",15.21
"8978","2022-5-406",26.7500000000001
"8979","2022-5-409",33.65
"8980","2022-5-405",26.67
"8981","2022-5-404",28.77
"8982","2022-5-403",30.77
"8983","2022-5-410",27.2500000000001
"8984","2022-5-706",29.0700000000001
"8985","2022-5-701",24.79
"8986","2022-5-705",29.85
"8987","2022-5-702",29.43
"8988","2022-5-703",30.23
"8989","2022-5-704",25.47
"8990","2022-5-603",29.2500000000001
"8991","2022-5-610",29.79
"8992","2022-5-608",26.95
"8993","2022-5-602",35.05
"8994","2022-5-611",28.01
"8995","2022-5-607",-273.15
"8996","2022-5-604",29.55
"8997","2022-5-605",27.71
"8998","2022-5-609",29.51
"8999","2022-5-601",29.81
"9000","2022-5-606",29.1300000000001
"9001","2022-5-112",27.59
"9002","2022-5-110",28.11
"9003","2022-5-106",26.01
"9004","2022-5-118",33.1300000000001
"9005","2022-5-103",25.29
"9006","2022-5-117",18.81
"9007","2022-5-102",29.91
"9008","2022-5-108",26.6900000000001
"9009","2022-5-120",24.77
"9010","2022-5-115",29.79
"9011","2022-5-107",29.27
"9012","2022-5-114",26.73
"9013","2022-5-119",34.53
"9014","2022-5-104",25.89
"9015","2022-5-101",32.51
"9016","2022-5-109",29.91
"9017","2022-5-105",26.1300000000001
"9018","2022-5-113",31.39
"9019","2022-5-116",26.21
"9020","2022-5-111",-273.15
"9021","2022-6-201",28.4075
"9022","2022-6-205",32.685
"9023","2022-6-203",31.9900000000001
"9024","2022-6-215",28.2250000000001
"9025","2022-6-214",-235.4425
"9026","2022-6-206",31.335
"9027","2022-6-209",38.0750000000001
"9028","2022-6-207",29.9775
"9029","2022-6-208",30.5375000000001
"9030","2022-6-216",29.825
"9031","2022-6-210",30.87
"9032","2022-6-204",30.6825
"9033","2022-6-202",-236.3175
"9034","2022-6-212",20.895
"9035","2022-6-213",29.2775
"9036","2022-6-211",23.45
"9037","2022-6-306",23.3425
"9038","2022-6-301",20.1800000000001
"9039","2022-6-308",18.965
"9040","2022-6-304",26.27
"9041","2022-6-303",32.2325
"9042","2022-6-307",13.4875
"9043","2022-6-302",18.3325
"9044","2022-6-305",26.5
"9045","2022-6-507",37.3350000000001
"9046","2022-6-504",38.3825
"9047","2022-6-506",33.85
"9048","2022-6-505",35.78
"9049","2022-6-511",31.8475
"9050","2022-6-510",26.3375
"9051","2022-6-501",37.19
"9052","2022-6-509",31.035
"9053","2022-6-502",34.4100000000001
"9054","2022-6-503",35.675
"9055","2022-6-508",22.705
"9056","2022-6-402",26.9775
"9057","2022-6-407",34.475
"9058","2022-6-408",34.095
"9059","2022-6-401",16.82
"9060","2022-6-406",24.7025
"9061","2022-6-409",32.9675
"9062","2022-6-405",26.67
"9063","2022-6-404",28.5775
"9064","2022-6-403",29.9475
"9065","2022-6-410",29.9975
"9066","2022-6-706",30.4875000000001
"9067","2022-6-701",25.1225
"9068","2022-6-705",30.7075
"9069","2022-6-702",31.005
"9070","2022-6-703",31
"9071","2022-6-704",22.355
"9072","2022-6-603",29.7575
"9073","2022-6-610",29.1075
"9074","2022-6-608",26.8975
"9075","2022-6-602",34.6125
"9076","2022-6-611",28.2725
"9077","2022-6-607",-273.15
"9078","2022-6-604",27.3625
"9079","2022-6-605",27.395
"9080","2022-6-609",29.7025
"9081","2022-6-601",31.14
"9082","2022-6-606",29.27
"9083","2022-6-112",27.5375
"9084","2022-6-110",26.99
"9085","2022-6-106",24.5575
"9086","2022-6-118",33.6725000000001
"9087","2022-6-103",25.7275
"9088","2022-6-117",20.5425
"9089","2022-6-102",29.56
"9090","2022-6-108",27.4075
"9091","2022-6-120",25.155
"9092","2022-6-115",30.7175
"9093","2022-6-107",29.1825
"9094","2022-6-114",25.3475
"9095","2022-6-119",35.3525
"9096","2022-6-104",28.2
"9097","2022-6-101",33.0525000000001
"9098","2022-6-109",28.4925
"9099","2022-6-105",25.22
"9100","2022-6-113",31.0225
"9101","2022-6-116",26.7175
"9102","2022-6-111",-15.375
"9103","2022-7-201",29.3150000000001
"9104","2022-7-205",33.1000000000001
"9105","2022-7-203",32.175
"9106","2022-7-215",28.64
"9107","2022-7-214",-46.68
"9108","2022-7-206",31.46
"9109","2022-7-209",39
"9110","2022-7-207",30.21
"9111","2022-7-208",30.75
"9112","2022-7-216",29.575
"9113","2022-7-210",29.93
"9114","2022-7-204",34.67
"9115","2022-7-202",-51.9749999999999
"9116","2022-7-212",20.165
"9117","2022-7-213",26.29
"9118","2022-7-211",24.315
"9119","2022-7-306",20.605
"9120","2022-7-301",22.125
"9121","2022-7-308",19.745
"9122","2022-7-304",27.48
"9123","2022-7-303",32.015
"9124","2022-7-307",14.66
"9125","2022-7-302",18.255
"9126","2022-7-305",24.59
"9127","2022-7-507",39.46
"9128","2022-7-504",37.41
"9129","2022-7-506",34.56
"9130","2022-7-505",36.73
"9131","2022-7-511",33.925
"9132","2022-7-510",27.2500000000001
"9133","2022-7-501",37.375
"9134","2022-7-509",32.22
"9135","2022-7-502",35.665
"9136","2022-7-503",36.27
"9137","2022-7-508",24.0550000000001
"9138","2022-7-402",25.85
"9139","2022-7-407",34.99
"9140","2022-7-408",34.765
"9141","2022-7-401",13.285
"9142","2022-7-406",26.33
"9143","2022-7-409",33.89
"9144","2022-7-405",25.545
"9145","2022-7-404",29.8250000000001
"9146","2022-7-403",31.03
"9147","2022-7-410",29.475
"9148","2022-7-706",30.555
"9149","2022-7-701",24.63
"9150","2022-7-705",31.1450000000001
"9151","2022-7-702",30.57
"9152","2022-7-703",31.005
"9153","2022-7-704",24.2800000000001
"9154","2022-7-603",30.91
"9155","2022-7-610",29.985
"9156","2022-7-608",28.33
"9157","2022-7-602",36.62
"9158","2022-7-611",29.225
"9159","2022-7-607",-273.15
"9160","2022-7-604",29.495
"9161","2022-7-605",28.43
"9162","2022-7-609",31.605
"9163","2022-7-601",32.215
"9164","2022-7-606",29.47
"9165","2022-7-112",28.64
"9166","2022-7-110",27.61
"9167","2022-7-106",25.865
"9168","2022-7-118",33.915
"9169","2022-7-103",25.7600000000001
"9170","2022-7-117",20.835
"9171","2022-7-102",30.14
"9172","2022-7-108",27.285
"9173","2022-7-120",25.225
"9174","2022-7-115",30.67
"9175","2022-7-107",30.58
"9176","2022-7-114",25.87
"9177","2022-7-119",34.5550000000001
"9178","2022-7-104",29.505
"9179","2022-7-101",33.85
"9180","2022-7-109",29.985
"9181","2022-7-105",26.44
"9182","2022-7-113",32.125
"9183","2022-7-116",27.96
"9184","2022-7-111",19.65
"9185","2022-8-201",29.9175
"9186","2022-8-205",33.6275
"9187","2022-8-203",32.935
"9188","2022-8-215",28.7525
"9189","2022-8-214",29.16
"9190","2022-8-206",32.1800000000001
"9191","2022-8-209",39.92
"9192","2022-8-207",30.665
"9193","2022-8-208",31.015
"9194","2022-8-216",31.38
"9195","2022-8-210",29.1425
"9196","2022-8-204",35.09
"9197","2022-8-202",21.9500000000001
"9198","2022-8-212",-163.2675
"9199","2022-8-213",-161.3025
"9200","2022-8-211",25.085
"9201","2022-8-306",17.6375
"9202","2022-8-301",23.0525
"9203","2022-8-308",19.54
"9204","2022-8-304",25.8425
"9205","2022-8-303",32.05
"9206","2022-8-307",12.6300000000001
"9207","2022-8-302",17.68
"9208","2022-8-305",24.6025
"9209","2022-8-507",39.7775
"9210","2022-8-504",38.43
"9211","2022-8-506",35.9850000000001
"9212","2022-8-505",38.7175
"9213","2022-8-511",33.6250000000001
"9214","2022-8-510",29.2175
"9215","2022-8-501",41.0475
"9216","2022-8-509",32.8975000000001
"9217","2022-8-502",36.5225
"9218","2022-8-503",37.06
"9219","2022-8-508",24.47
"9220","2022-8-402",26.0775
"9221","2022-8-407",35.1450000000001
"9222","2022-8-408",34.9275
"9223","2022-8-401",13.08
"9224","2022-8-406",25.32
"9225","2022-8-409",34.38
"9226","2022-8-405",25.7075
"9227","2022-8-404",30.975
"9228","2022-8-403",31.3925
"9229","2022-8-410",29.87
"9230","2022-8-706",31.01
"9231","2022-8-701",-161.55
"9232","2022-8-705",31.825
"9233","2022-8-702",30.6875
"9234","2022-8-703",31.6825
"9235","2022-8-704",22.695
"9236","2022-8-603",31.67
"9237","2022-8-610",30.4725000000001
"9238","2022-8-608",29.7725
"9239","2022-8-602",37.985
"9240","2022-8-611",30.9925
"9241","2022-8-607",-273.15
"9242","2022-8-604",30.2475
"9243","2022-8-605",29.3025
"9244","2022-8-609",33.4550000000001
"9245","2022-8-601",31.3475
"9246","2022-8-606",30.2550000000001
"9247","2022-8-112",28.585
"9248","2022-8-110",27.47
"9249","2022-8-106",26.7325
"9250","2022-8-118",31.8325
"9251","2022-8-103",26
"9252","2022-8-117",19.9875
"9253","2022-8-102",29.2875
"9254","2022-8-108",24.885
"9255","2022-8-120",24.7925
"9256","2022-8-115",29.585
"9257","2022-8-107",30.1875
"9258","2022-8-114",26.41
"9259","2022-8-119",35.7125
"9260","2022-8-104",29.9800000000001
"9261","2022-8-101",33.39
"9262","2022-8-109",30.8
"9263","2022-8-105",25.9525
"9264","2022-8-113",33.06
"9265","2022-8-116",27.9125
"9266","2022-8-111",-163.575
"9267","2022-9-201",31.09
"9268","2022-9-205",34.26
"9269","2022-9-203",34.71
"9270","2022-9-215",30.15
"9271","2022-9-214",29.36
"9272","2022-9-206",33.0800000000001
"9273","2022-9-209",41.17
"9274","2022-9-207",30.84
"9275","2022-9-208",32.57
"9276","2022-9-216",31.54
"9277","2022-9-210",28.05
"9278","2022-9-204",34.52
"9279","2022-9-202",23.25
"9280","2022-9-212",-125.83
"9281","2022-9-213",-121.21
"9282","2022-9-211",24.99
"9283","2022-9-306",20.47
"9284","2022-9-301",23.96
"9285","2022-9-308",20.6
"9286","2022-9-304",26.47
"9287","2022-9-303",33.99
"9288","2022-9-307",14.2200000000001
"9289","2022-9-302",19.2100000000001
"9290","2022-9-305",26.72
"9291","2022-9-507",39.71
"9292","2022-9-504",38.9
"9293","2022-9-506",36.7700000000001
"9294","2022-9-505",39.93
"9295","2022-9-511",33.26
"9296","2022-9-510",30.95
"9297","2022-9-501",43.31
"9298","2022-9-509",32.5
"9299","2022-9-502",36.33
"9300","2022-9-503",38.11
"9301","2022-9-508",25.63
"9302","2022-9-402",27.16
"9303","2022-9-407",36.7800000000001
"9304","2022-9-408",36.31
"9305","2022-9-401",15.42
"9306","2022-9-406",26.59
"9307","2022-9-409",35.99
"9308","2022-9-405",27.11
"9309","2022-9-404",31.63
"9310","2022-9-403",33.14
"9311","2022-9-410",29.31
"9312","2022-9-706",31.72
"9313","2022-9-701",-123.59
"9314","2022-9-705",31.58
"9315","2022-9-702",29.1
"9316","2022-9-703",31.06
"9317","2022-9-704",23.41
"9318","2022-9-603",31.48
"9319","2022-9-610",30.7400000000001
"9320","2022-9-608",30.0500000000001
"9321","2022-9-602",38.05
"9322","2022-9-611",30.7
"9323","2022-9-607",-273.15
"9324","2022-9-604",30.58
"9325","2022-9-605",29.41
"9326","2022-9-609",33.73
"9327","2022-9-601",31.33
"9328","2022-9-606",31.3100000000001
"9329","2022-9-112",29.03
"9330","2022-9-110",29.13
"9331","2022-9-106",28.11
"9332","2022-9-118",33.78
"9333","2022-9-103",27.96
"9334","2022-9-117",19.3
"9335","2022-9-102",31
"9336","2022-9-108",26.77
"9337","2022-9-120",24.91
"9338","2022-9-115",31.32
"9339","2022-9-107",30.2100000000001
"9340","2022-9-114",27.33
"9341","2022-9-119",35.77
"9342","2022-9-104",29.5600000000001
"9343","2022-9-101",35.38
"9344","2022-9-109",32.33
"9345","2022-9-105",27.11
"9346","2022-9-113",35.26
"9347","2022-9-116",28.29
"9348","2022-9-111",-273.15
"9349","2022-10-201",32.1125
"9350","2022-10-205",34.8850000000001
"9351","2022-10-203",36.35
"9352","2022-10-215",30.6475000000001
"9353","2022-10-214",27.535
"9354","2022-10-206",33.365
"9355","2022-10-209",41.94
"9356","2022-10-207",31.6225
"9357","2022-10-208",34.185
"9358","2022-10-216",30.23
"9359","2022-10-210",27.6475000000001
"9360","2022-10-204",34.5425
"9361","2022-10-202",22.9225
"9362","2022-10-212",21.19
"9363","2022-10-213",28.3
"9364","2022-10-211",23.635
"9365","2022-10-306",23.445
"9366","2022-10-301",24.68
"9367","2022-10-308",21.8775
"9368","2022-10-304",28.2825
"9369","2022-10-303",36.0425
"9370","2022-10-307",15.9975
"9371","2022-10-302",20.4775000000001
"9372","2022-10-305",27.6075
"9373","2022-10-507",40.865
"9374","2022-10-504",38.2975
"9375","2022-10-506",36.835
"9376","2022-10-505",39.7400000000001
"9377","2022-10-511",34.0125
"9378","2022-10-510",30.4475
"9379","2022-10-501",43.045
"9380","2022-10-509",32.8375
"9381","2022-10-502",36.79
"9382","2022-10-503",38.695
"9383","2022-10-508",26.7525
"9384","2022-10-402",27.365
"9385","2022-10-407",37.905
"9386","2022-10-408",37.31
"9387","2022-10-401",16.8750000000001
"9388","2022-10-406",28.1225
"9389","2022-10-409",37.09
"9390","2022-10-405",28.1825000000001
"9391","2022-10-404",32.165
"9392","2022-10-403",34.46
"9393","2022-10-410",27.3325
"9394","2022-10-706",31.1400000000001
"9395","2022-10-701",24.515
"9396","2022-10-705",31.29
"9397","2022-10-702",26.695
"9398","2022-10-703",29.995
"9399","2022-10-704",24.455
"9400","2022-10-603",30.8625
"9401","2022-10-610",31.1125
"9402","2022-10-608",29.3675000000001
"9403","2022-10-602",38.0475
"9404","2022-10-611",29.7175
"9405","2022-10-607",-273.15
"9406","2022-10-604",31.64
"9407","2022-10-605",29.3975
"9408","2022-10-609",33.87
"9409","2022-10-601",32.8875
"9410","2022-10-606",31.78
"9411","2022-10-112",29.91
"9412","2022-10-110",31.0975
"9413","2022-10-106",29.3
"9414","2022-10-118",36.23
"9415","2022-10-103",29.5675
"9416","2022-10-117",19.4075000000001
"9417","2022-10-102",33.4625
"9418","2022-10-108",29.24
"9419","2022-10-120",25.785
"9420","2022-10-115",33.0325
"9421","2022-10-107",31.0125000000001
"9422","2022-10-114",27.8675000000001
"9423","2022-10-119",34.83
"9424","2022-10-104",30.58
"9425","2022-10-101",37.3475
"9426","2022-10-109",33.6275
"9427","2022-10-105",28.2825
"9428","2022-10-113",36.6800000000001
"9429","2022-10-116",28.72
"9430","2022-10-111",-163.815
"9431","2022-11-201",31.9
"9432","2022-11-205",34.415
"9433","2022-11-203",36.585
"9434","2022-11-215",29.71
"9435","2022-11-214",26.515
"9436","2022-11-206",32.54
"9437","2022-11-209",41.53
"9438","2022-11-207",31.87
"9439","2022-11-208",34.8
"9440","2022-11-216",29.69
"9441","2022-11-210",29.445
"9442","2022-11-204",34.31
"9443","2022-11-202",-52.98
"9444","2022-11-212",-52.7699999999999
"9445","2022-11-213",25.6100000000001
"9446","2022-11-211",21.955
"9447","2022-11-306",21.46
"9448","2022-11-301",23.8000000000001
"9449","2022-11-308",21.625
"9450","2022-11-304",27.195
"9451","2022-11-303",36.52
"9452","2022-11-307",-58.005
"9453","2022-11-302",-53.745
"9454","2022-11-305",26.295
"9455","2022-11-507",41.975
"9456","2022-11-504",38.33
"9457","2022-11-506",37.06
"9458","2022-11-505",39.37
"9459","2022-11-511",34.485
"9460","2022-11-510",28.79
"9461","2022-11-501",43.26
"9462","2022-11-509",33.91
"9463","2022-11-502",38.03
"9464","2022-11-503",38.7050000000001
"9465","2022-11-508",26.52
"9466","2022-11-402",26.335
"9467","2022-11-407",37.215
"9468","2022-11-408",36.695
"9469","2022-11-401",15.735
"9470","2022-11-406",27.86
"9471","2022-11-409",36.245
"9472","2022-11-405",28.21
"9473","2022-11-404",32.0250000000001
"9474","2022-11-403",34.265
"9475","2022-11-410",25.985
"9476","2022-11-706",29.825
"9477","2022-11-701",22.28
"9478","2022-11-705",30.93
"9479","2022-11-702",-49.035
"9480","2022-11-703",29.905
"9481","2022-11-704",22.9050000000001
"9482","2022-11-603",30.79
"9483","2022-11-610",31.39
"9484","2022-11-608",29.005
"9485","2022-11-602",38.625
"9486","2022-11-611",29.82
"9487","2022-11-607",-273.15
"9488","2022-11-604",32.665
"9489","2022-11-605",29.385
"9490","2022-11-609",34.93
"9491","2022-11-601",33.9
"9492","2022-11-606",31.205
"9493","2022-11-112",29.69
"9494","2022-11-110",31.575
"9495","2022-11-106",29.275
"9496","2022-11-118",35.605
"9497","2022-11-103",29.18
"9498","2022-11-117",19.295
"9499","2022-11-102",33.41
"9500","2022-11-108",28.02
"9501","2022-11-120",26.13
"9502","2022-11-115",32.49
"9503","2022-11-107",30.65
"9504","2022-11-114",27.46
"9505","2022-11-119",35.2200000000001
"9506","2022-11-104",31.8950000000001
"9507","2022-11-101",36.945
"9508","2022-11-109",33.235
"9509","2022-11-105",27.4
"9510","2022-11-113",35.54
"9511","2022-11-116",28.32
"9512","2022-11-111",18.875
"9513","2022-12-201",31.1525
"9514","2022-12-205",31.7075
"9515","2022-12-203",35.9425
"9516","2022-12-215",31.49
"9517","2022-12-214",32.45
"9518","2022-12-206",31.1675
"9519","2022-12-209",40.3675000000001
"9520","2022-12-207",29.085
"9521","2022-12-208",35.1425
"9522","2022-12-216",29.8950000000001
"9523","2022-12-210",32.4600000000001
"9524","2022-12-204",33.69
"9525","2022-12-202",-273.15
"9526","2022-12-212",-273.15
"9527","2022-12-213",-8.16499999999991
"9528","2022-12-211",21.975
"9529","2022-12-306",20.935
"9530","2022-12-301",21.8775
"9531","2022-12-308",21.1
"9532","2022-12-304",24.71
"9533","2022-12-303",36.9575
"9534","2022-12-307",-273.15
"9535","2022-12-302",-236.525
"9536","2022-12-305",-10.8075
"9537","2022-12-507",40.1275000000001
"9538","2022-12-504",39.775
"9539","2022-12-506",38.12
"9540","2022-12-505",40.28
"9541","2022-12-511",33.3175
"9542","2022-12-510",30.475
"9543","2022-12-501",45.7575000000001
"9544","2022-12-509",33.085
"9545","2022-12-502",36.8325
"9546","2022-12-503",39.0275
"9547","2022-12-508",26.3125
"9548","2022-12-402",25.5800000000001
"9549","2022-12-407",37.6
"9550","2022-12-408",36.9275
"9551","2022-12-401",14.415
"9552","2022-12-406",30.63
"9553","2022-12-409",35.96
"9554","2022-12-405",28.415
"9555","2022-12-404",30.195
"9556","2022-12-403",35.77
"9557","2022-12-410",27.185
"9558","2022-12-706",30.8225
"9559","2022-12-701",22.905
"9560","2022-12-705",-9.3375
"9561","2022-12-702",-273.15
"9562","2022-12-703",-8.14749999999999
"9563","2022-12-704",24.025
"9564","2022-12-603",31.1
"9565","2022-12-610",30.9575
"9566","2022-12-608",29.5125
"9567","2022-12-602",38.7875
"9568","2022-12-611",29.1875000000001
"9569","2022-12-607",-273.15
"9570","2022-12-604",32.4375
"9571","2022-12-605",28.15
"9572","2022-12-609",-3.4225
"9573","2022-12-601",32.8275
"9574","2022-12-606",30.585
"9575","2022-12-112",28.0250000000001
"9576","2022-12-110",32.515
"9577","2022-12-106",28.9725
"9578","2022-12-118",37.8500000000001
"9579","2022-12-103",29.27
"9580","2022-12-117",17.6125000000001
"9581","2022-12-102",32.4750000000001
"9582","2022-12-108",28.75
"9583","2022-12-120",24.2275000000001
"9584","2022-12-115",34.1025
"9585","2022-12-107",28.0325000000001
"9586","2022-12-114",27.5075000000001
"9587","2022-12-119",37.035
"9588","2022-12-104",28.4250000000001
"9589","2022-12-101",37.745
"9590","2022-12-109",32.3475
"9591","2022-12-105",27.1625
"9592","2022-12-113",34.4975
"9593","2022-12-116",28.075
"9594","2022-12-111",-16.4075
"9595","2022-13-201",31.17
"9596","2022-13-205",31.55
"9597","2022-13-203",37.01
"9598","2022-13-215",31.35
"9599","2022-13-214",31.89
"9600","2022-13-206",33.11
"9601","2022-13-209",37.6900000000001
"9602","2022-13-207",33.53
"9603","2022-13-208",31.45
"9604","2022-13-216",32.17
"9605","2022-13-210",33.93
"9606","2022-13-204",33.97
"9607","2022-13-202",-273.15
"9608","2022-13-212",-273.15
"9609","2022-13-213",-273.15
"9610","2022-13-211",25.37
"9611","2022-13-306",21.67
"9612","2022-13-301",25.85
"9613","2022-13-308",22.99
"9614","2022-13-304",29.89
"9615","2022-13-303",36.03
"9616","2022-13-307",-273.15
"9617","2022-13-302",19.85
"9618","2022-13-305",-273.15
"9619","2022-13-507",40.11
"9620","2022-13-504",41.0700000000001
"9621","2022-13-506",40.29
"9622","2022-13-505",40.77
"9623","2022-13-511",34.91
"9624","2022-13-510",32.1900000000001
"9625","2022-13-501",46.65
"9626","2022-13-509",36.55
"9627","2022-13-502",36.01
"9628","2022-13-503",38.45
"9629","2022-13-508",26.33
"9630","2022-13-402",25.65
"9631","2022-13-407",36.41
"9632","2022-13-408",36.77
"9633","2022-13-401",20.1900000000001
"9634","2022-13-406",30.0700000000001
"9635","2022-13-409",37.01
"9636","2022-13-405",29.01
"9637","2022-13-404",31.35
"9638","2022-13-403",34.65
"9639","2022-13-410",28.97
"9640","2022-13-706",30.77
"9641","2022-13-701",23.29
"9642","2022-13-705",-273.15
"9643","2022-13-702",-273.15
"9644","2022-13-703",-273.15
"9645","2022-13-704",26.09
"9646","2022-13-603",28.23
"9647","2022-13-610",29.1900000000001
"9648","2022-13-608",27.29
"9649","2022-13-602",39.61
"9650","2022-13-611",29.17
"9651","2022-13-607",-273.15
"9652","2022-13-604",33.47
"9653","2022-13-605",26.33
"9654","2022-13-609",-273.15
"9655","2022-13-601",34.77
"9656","2022-13-606",33.0700000000001
"9657","2022-13-112",27.29
"9658","2022-13-110",31.43
"9659","2022-13-106",28.43
"9660","2022-13-118",39.39
"9661","2022-13-103",30.95
"9662","2022-13-117",17.91
"9663","2022-13-102",30.97
"9664","2022-13-108",31.1300000000001
"9665","2022-13-120",20.99
"9666","2022-13-115",34.47
"9667","2022-13-107",26.51
"9668","2022-13-114",29.31
"9669","2022-13-119",37.35
"9670","2022-13-104",30.0700000000001
"9671","2022-13-101",36.31
"9672","2022-13-109",31.49
"9673","2022-13-105",24.87
"9674","2022-13-113",35.39
"9675","2022-13-116",27.41
"9676","2022-13-111",-273.15
"9677","2022-14-201",29.0525000000001
"9678","2022-14-205",32.2675
"9679","2022-14-203",34.14
"9680","2022-14-215",28.3225
"9681","2022-14-214",-235.02
"9682","2022-14-206",32.095
"9683","2022-14-209",39.265
"9684","2022-14-207",32.8825
"9685","2022-14-208",31.5725
"9686","2022-14-216",25.73
"9687","2022-14-210",25.53
"9688","2022-14-204",33.4975
"9689","2022-14-202",-273.15
"9690","2022-14-212",-16.9149999999999
"9691","2022-14-213",-9.96749999999992
"9692","2022-14-211",20.225
"9693","2022-14-306",16.035
"9694","2022-14-301",22.245
"9695","2022-14-308",17.5825
"9696","2022-14-304",26.4075
"9697","2022-14-303",33.5975000000001
"9698","2022-14-307",-24.4925
"9699","2022-14-302",17.6975
"9700","2022-14-305",-10.9475
"9701","2022-14-507",39.0775
"9702","2022-14-504",40.51
"9703","2022-14-506",37.175
"9704","2022-14-505",38.215
"9705","2022-14-511",32.0925000000001
"9706","2022-14-510",31.875
"9707","2022-14-501",49.2575000000001
"9708","2022-14-509",33.9425000000001
"9709","2022-14-502",34.0675
"9710","2022-14-503",35.475
"9711","2022-14-508",27.7825
"9712","2022-14-402",25.79
"9713","2022-14-407",35.22
"9714","2022-14-408",33.7425
"9715","2022-14-401",14.8875000000001
"9716","2022-14-406",27.1825
"9717","2022-14-409",33.65
"9718","2022-14-405",27.4700000000001
"9719","2022-14-404",28.8475
"9720","2022-14-403",31.885
"9721","2022-14-410",-235.385
"9722","2022-14-706",-235.16
"9723","2022-14-701",22.03
"9724","2022-14-705",-273.15
"9725","2022-14-702",-273.15
"9726","2022-14-703",-10.6675
"9727","2022-14-704",22.4325
"9728","2022-14-603",28.72
"9729","2022-14-610",29.26
"9730","2022-14-608",27.5875000000001
"9731","2022-14-602",38.56
"9732","2022-14-611",29.8875
"9733","2022-14-607",-273.15
"9734","2022-14-604",32.5775
"9735","2022-14-605",30.495
"9736","2022-14-609",-3.47499999999997
"9737","2022-14-601",32.705
"9738","2022-14-606",29.9375
"9739","2022-14-112",27.7975
"9740","2022-14-110",29.015
"9741","2022-14-106",28.9900000000001
"9742","2022-14-118",-234.0825
"9743","2022-14-103",30.2325000000001
"9744","2022-14-117",-236.7675
"9745","2022-14-102",29.9725
"9746","2022-14-108",-235.115
"9747","2022-14-120",-236.3825
"9748","2022-14-115",-234.6975
"9749","2022-14-107",29.38
"9750","2022-14-114",28.1725
"9751","2022-14-119",36.195
"9752","2022-14-104",-235.2475
"9753","2022-14-101",33.7025
"9754","2022-14-109",32.4875000000001
"9755","2022-14-105",-235.8975
"9756","2022-14-113",36.1075
"9757","2022-14-116",27.6375
"9758","2022-14-111",-273.15
"9759","2022-15-201",28.6
"9760","2022-15-205",32.76
"9761","2022-15-203",34.7800000000001
"9762","2022-15-215",-197.89
"9763","2022-15-214",-273.15
"9764","2022-15-206",33.39
"9765","2022-15-209",35.59
"9766","2022-15-207",31.71
"9767","2022-15-208",31.605
"9768","2022-15-216",30.75
"9769","2022-15-210",-198.78
"9770","2022-15-204",31.735
"9771","2022-15-202",-273.15
"9772","2022-15-212",21.28
"9773","2022-15-213",-197.955
"9774","2022-15-211",19.94
"9775","2022-15-306",-201.055
"9776","2022-15-301",24.19
"9777","2022-15-308",20.77
"9778","2022-15-304",28.25
"9779","2022-15-303",35.275
"9780","2022-15-307",14.33
"9781","2022-15-302",20.315
"9782","2022-15-305",28.34
"9783","2022-15-507",36.965
"9784","2022-15-504",39.71
"9785","2022-15-506",37.8700000000001
"9786","2022-15-505",38.705
"9787","2022-15-511",28.765
"9788","2022-15-510",30.2700000000001
"9789","2022-15-501",46.75
"9790","2022-15-509",29.7
"9791","2022-15-502",31.615
"9792","2022-15-503",36.925
"9793","2022-15-508",27.51
"9794","2022-15-402",26.26
"9795","2022-15-407",35.4400000000001
"9796","2022-15-408",34.075
"9797","2022-15-401",17.52
"9798","2022-15-406",28.375
"9799","2022-15-409",34.07
"9800","2022-15-405",27.235
"9801","2022-15-404",29.825
"9802","2022-15-403",32.21
"9803","2022-15-410",-46.515
"9804","2022-15-706",-45.915
"9805","2022-15-701",23.5600000000001
"9806","2022-15-705",-44.835
"9807","2022-15-702",-43.8149999999999
"9808","2022-15-703",29.695
"9809","2022-15-704",24.145
"9810","2022-15-603",28.2950000000001
"9811","2022-15-610",27.7100000000001
"9812","2022-15-608",27.12
"9813","2022-15-602",35.92
"9814","2022-15-611",28.745
"9815","2022-15-607",-273.15
"9816","2022-15-604",28.9250000000001
"9817","2022-15-605",29.125
"9818","2022-15-609",27.685
"9819","2022-15-601",29.08
"9820","2022-15-606",28.02
"9821","2022-15-112",25.17
"9822","2022-15-110",30.92
"9823","2022-15-106",25.935
"9824","2022-15-118",-40.38
"9825","2022-15-103",28.87
"9826","2022-15-117",-273.15
"9827","2022-15-102",31.585
"9828","2022-15-108",-45.51
"9829","2022-15-120",-51.285
"9830","2022-15-115",-44.8949999999999
"9831","2022-15-107",27.1350000000001
"9832","2022-15-114",28.97
"9833","2022-15-119",35.22
"9834","2022-15-104",-273.15
"9835","2022-15-101",34.485
"9836","2022-15-109",31.115
"9837","2022-15-105",-273.15
"9838","2022-15-113",35.205
"9839","2022-15-116",-197.945
"9840","2022-15-111",-52.53
"9841","2022-16-201",27.8375
"9842","2022-16-205",29.5775
"9843","2022-16-203",33.68
"9844","2022-16-215",-273.15
"9845","2022-16-214",-273.15
"9846","2022-16-206",31.0325
"9847","2022-16-209",33.6525
"9848","2022-16-207",-158.9625
"9849","2022-16-208",30.71
"9850","2022-16-216",-158.445
"9851","2022-16-210",-273.15
"9852","2022-16-204",30.3075
"9853","2022-16-202",-273.15
"9854","2022-16-212",22.1475
"9855","2022-16-213",-273.15
"9856","2022-16-211",-163.185
"9857","2022-16-306",-273.15
"9858","2022-16-301",-161.34
"9859","2022-16-308",19.0275000000001
"9860","2022-16-304",31.7675
"9861","2022-16-303",35.6125
"9862","2022-16-307",-164.9325
"9863","2022-16-302",20.8525
"9864","2022-16-305",31.5
"9865","2022-16-507",-157.1025
"9866","2022-16-504",37.645
"9867","2022-16-506",36.8125
"9868","2022-16-505",36.0525
"9869","2022-16-511",26.7025
"9870","2022-16-510",30.5375
"9871","2022-16-501",44.14
"9872","2022-16-509",23.635
"9873","2022-16-502",28.9275000000001
"9874","2022-16-503",35.9375
"9875","2022-16-508",-160.4625
"9876","2022-16-402",25.11
"9877","2022-16-407",33.82
"9878","2022-16-408",35.03
"9879","2022-16-401",-163.725
"9880","2022-16-406",29.96
"9881","2022-16-409",34.47
"9882","2022-16-405",27.9925
"9883","2022-16-404",29.02
"9884","2022-16-403",33.325
"9885","2022-16-410",-159.8325
"9886","2022-16-706",-159.5325
"9887","2022-16-701",25.8675
"9888","2022-16-705",33.3575
"9889","2022-16-702",32.105
"9890","2022-16-703",31.8500000000001
"9891","2022-16-704",26.54
"9892","2022-16-603",28.5425
"9893","2022-16-610",29.515
"9894","2022-16-608",28.175
"9895","2022-16-602",-157.56
"9896","2022-16-611",28.3925
"9897","2022-16-607",-273.15
"9898","2022-16-604",-160.3125
"9899","2022-16-605",26.8325
"9900","2022-16-609",28.73
"9901","2022-16-601",26.37
"9902","2022-16-606",25.38
"9903","2022-16-112",25.2325
"9904","2022-16-110",30.2575
"9905","2022-16-106",-161.385
"9906","2022-16-118",40.085
"9907","2022-16-103",25.2875
"9908","2022-16-117",-90.8875
"9909","2022-16-102",29.7075
"9910","2022-16-108",31.4700000000001
"9911","2022-16-120",-162.2175
"9912","2022-16-115",35.2525000000001
"9913","2022-16-107",26.5125
"9914","2022-16-114",30.69
"9915","2022-16-119",34.4375000000001
"9916","2022-16-104",-86.05
"9917","2022-16-101",34.8575
"9918","2022-16-109",29.735
"9919","2022-16-105",-87.3
"9920","2022-16-113",33.8200000000001
"9921","2022-16-116",-85.1875
"9922","2022-16-111",22.9975000000001
"9923","2022-17-201",27.78
"9924","2022-17-205",29.75
"9925","2022-17-203",32.61
"9926","2022-17-215",-273.15
"9927","2022-17-214",-119.72
"9928","2022-17-206",30.41
"9929","2022-17-209",34.43
"9930","2022-17-207",-120.74
"9931","2022-17-208",29.78
"9932","2022-17-216",-120.58
"9933","2022-17-210",-273.15
"9934","2022-17-204",29.45
"9935","2022-17-202",-273.15
"9936","2022-17-212",-125.4
"9937","2022-17-213",-120.3
"9938","2022-17-211",-273.15
"9939","2022-17-306",-125.47
"9940","2022-17-301",-122.92
"9941","2022-17-308",21.4600000000001
"9942","2022-17-304",32.56
"9943","2022-17-303",35.17
"9944","2022-17-307",-127.22
"9945","2022-17-302",21.91
"9946","2022-17-305",31.91
"9947","2022-17-507",-120.28
"9948","2022-17-504",-118.3
"9949","2022-17-506",-118.6
"9950","2022-17-505",33.12
"9951","2022-17-511",-123.55
"9952","2022-17-510",32.41
"9953","2022-17-501",-115
"9954","2022-17-509",-126.19
"9955","2022-17-502",28.65
"9956","2022-17-503",-119.09
"9957","2022-17-508",-124.62
"9958","2022-17-402",25.22
"9959","2022-17-407",35.02
"9960","2022-17-408",35.66
"9961","2022-17-401",-126.04
"9962","2022-17-406",29.1400000000001
"9963","2022-17-409",36.41
"9964","2022-17-405",28.63
"9965","2022-17-404",28.77
"9966","2022-17-403",31.8000000000001
"9967","2022-17-410",-123.08
"9968","2022-17-706",-120.22
"9969","2022-17-701",26.7400000000001
"9970","2022-17-705",33.53
"9971","2022-17-702",-120.68
"9972","2022-17-703",32.48
"9973","2022-17-704",26.6400000000001
"9974","2022-17-603",28.11
"9975","2022-17-610",30.2400000000001
"9976","2022-17-608",26.59
"9977","2022-17-602",-119.78
"9978","2022-17-611",26.6
"9979","2022-17-607",-273.15
"9980","2022-17-604",-273.15
"9981","2022-17-605",27.03
"9982","2022-17-609",-121.16
"9983","2022-17-601",26.48
"9984","2022-17-606",-124.53
"9985","2022-17-112",-123.67
"9986","2022-17-110",31.05
"9987","2022-17-106",-273.15
"9988","2022-17-118",39.37
"9989","2022-17-103",26.8
"9990","2022-17-117",-127.34
"9991","2022-17-102",31.22
"9992","2022-17-108",31.47
"9993","2022-17-120",-273.15
"9994","2022-17-115",37.12
"9995","2022-17-107",26.05
"9996","2022-17-114",31.5500000000001
"9997","2022-17-119",34.9900000000001
"9998","2022-17-104",26
"9999","2022-17-101",36.51
"10000","2022-17-109",30.71
"10001","2022-17-105",24.99
"10002","2022-17-113",36.1900000000001
"10003","2022-17-116",26.3900000000001
"10004","2022-17-111",23.1700000000001
"10005","2022-18-201",28.1725
"10006","2022-18-205",30.89
"10007","2022-18-203",32.65
"10008","2022-18-215",-273.15
"10009","2022-18-214",33.47
"10010","2022-18-206",31.07
"10011","2022-18-209",-80.1875
"10012","2022-18-207",31.55
"10013","2022-18-208",29.5025
"10014","2022-18-216",32.755
"10015","2022-18-210",-159.315
"10016","2022-18-204",28.7875
"10017","2022-18-202",-161.46
"10018","2022-18-212",-162.36
"10019","2022-18-213",-82.0875
"10020","2022-18-211",-161.955
"10021","2022-18-306",-88.55
"10022","2022-18-301",24.895
"10023","2022-18-308",24.2375
"10024","2022-18-304",29.7825
"10025","2022-18-303",-80.6
"10026","2022-18-307",-90.7375
"10027","2022-18-302",23.005
"10028","2022-18-305",30.0775
"10029","2022-18-507",32.6725
"10030","2022-18-504",-156.9525
"10031","2022-18-506",-157.815
"10032","2022-18-505",31.4025
"10033","2022-18-511",-160.0725
"10034","2022-18-510",33.3825
"10035","2022-18-501",-157.305
"10036","2022-18-509",-160.5825
"10037","2022-18-502",30.585
"10038","2022-18-503",-158.9775
"10039","2022-18-508",25.3275
"10040","2022-18-402",25.9075
"10041","2022-18-407",36.1825
"10042","2022-18-408",35.5925
"10043","2022-18-401",-89.2624999999999
"10044","2022-18-406",27.0900000000001
"10045","2022-18-409",37.5025
"10046","2022-18-405",28.675
"10047","2022-18-404",28.6175
"10048","2022-18-403",30.6050000000001
"10049","2022-18-410",28.28
"10050","2022-18-706",32.8
"10051","2022-18-701",25.9625000000001
"10052","2022-18-705",31.4075
"10053","2022-18-702",-158.2275
"10054","2022-18-703",31.16
"10055","2022-18-704",25.3975000000001
"10056","2022-18-603",27.7975
"10057","2022-18-610",29.8700000000001
"10058","2022-18-608",-87.2625
"10059","2022-18-602",34.3925
"10060","2022-18-611",24.635
"10061","2022-18-607",-273.15
"10062","2022-18-604",-160.575
"10063","2022-18-605",-84.8
"10064","2022-18-609",-160.5825
"10065","2022-18-601",27.4675
"10066","2022-18-606",-273.15
"10067","2022-18-112",-273.15
"10068","2022-18-110",31.5200000000001
"10069","2022-18-106",-160.5825
"10070","2022-18-118",35.8725
"10071","2022-18-103",28.815
"10072","2022-18-117",-273.15
"10073","2022-18-102",32.0425
"10074","2022-18-108",-83.175
"10075","2022-18-120",-273.15
"10076","2022-18-115",34.09
"10077","2022-18-107",25.67
"10078","2022-18-114",28.7800000000001
"10079","2022-18-119",-80.025
"10080","2022-18-104",-86.3125
"10081","2022-18-101",37.345
"10082","2022-18-109",31.2575
"10083","2022-18-105",-86.325
"10084","2022-18-113",37.7800000000001
"10085","2022-18-116",-86.6874999999999
"10086","2022-18-111",21.9925
"10087","2022-19-201",28.15
"10088","2022-19-205",29.3250000000001
"10089","2022-19-203",32.95
"10090","2022-19-215",-273.15
"10091","2022-19-214",-43.4849999999999
"10092","2022-19-206",30.63
"10093","2022-19-209",-273.15
"10094","2022-19-207",-44.775
"10095","2022-19-208",29.5000000000001
"10096","2022-19-216",-42.765
"10097","2022-19-210",-45.48
"10098","2022-19-204",-47.0999999999999
"10099","2022-19-202",-49.7699999999999
"10100","2022-19-212",-51.57
"10101","2022-19-213",-273.15
"10102","2022-19-211",-50.76
"10103","2022-19-306",-273.15
"10104","2022-19-301",21.715
"10105","2022-19-308",21.1900000000001
"10106","2022-19-304",26.7700000000001
"10107","2022-19-303",-196.675
"10108","2022-19-307",-201.515
"10109","2022-19-302",22.1500000000001
"10110","2022-19-305",-46.62
"10111","2022-19-507",32.37
"10112","2022-19-504",-40.755
"10113","2022-19-506",33.17
"10114","2022-19-505",30.45
"10115","2022-19-511",-46.995
"10116","2022-19-510",32.395
"10117","2022-19-501",34.8
"10118","2022-19-509",27.27
"10119","2022-19-502",31.165
"10120","2022-19-503",-44.805
"10121","2022-19-508",-47.5199999999999
"10122","2022-19-402",24.3450000000001
"10123","2022-19-407",34.525
"10124","2022-19-408",35.3300000000001
"10125","2022-19-401",-273.15
"10126","2022-19-406",26.705
"10127","2022-19-409",36.5650000000001
"10128","2022-19-405",28.33
"10129","2022-19-404",27.685
"10130","2022-19-403",31.6
"10131","2022-19-410",30.36
"10132","2022-19-706",32.33
"10133","2022-19-701",-49.575
"10134","2022-19-705",29.845
"10135","2022-19-702",-43.305
"10136","2022-19-703",29.21
"10137","2022-19-704",-49.68
"10138","2022-19-603",28.55
"10139","2022-19-610",29.95
"10140","2022-19-608",-198.03
"10141","2022-19-602",-41.49
"10142","2022-19-611",24.695
"10143","2022-19-607",-273.15
"10144","2022-19-604",-48
"10145","2022-19-605",-197.92
"10146","2022-19-609",27.395
"10147","2022-19-601",26.98
"10148","2022-19-606",-198.165
"10149","2022-19-112",-273.15
"10150","2022-19-110",29.8300000000001
"10151","2022-19-106",25.76
"10152","2022-19-118",35.03
"10153","2022-19-103",25.385
"10154","2022-19-117",-273.15
"10155","2022-19-102",29.415
"10156","2022-19-108",-197.395
"10157","2022-19-120",-200.785
"10158","2022-19-115",31.435
"10159","2022-19-107",26.3100000000001
"10160","2022-19-114",25.3900000000001
"10161","2022-19-119",-273.15
"10162","2022-19-104",-273.15
"10163","2022-19-101",36.22
"10164","2022-19-109",30.19
"10165","2022-19-105",-273.15
"10166","2022-19-113",36.38
"10167","2022-19-116",-198.22
"10168","2022-19-111",-51.99
"10169","2022-20-201",27.9275
"10170","2022-20-205",29.3575
"10171","2022-20-203",32.545
"10172","2022-20-215",-234.975
"10173","2022-20-214",-273.15
"10174","2022-20-206",30.9025
"10175","2022-20-209",-234.9725
"10176","2022-20-207",-235.135
"10177","2022-20-208",28.9225
"10178","2022-20-216",-273.15
"10179","2022-20-210",-273.15
"10180","2022-20-204",-235.325
"10181","2022-20-202",-273.15
"10182","2022-20-212",-273.15
"10183","2022-20-213",-273.15
"10184","2022-20-211",-236.54
"10185","2022-20-306",-273.15
"10186","2022-20-301",24.1900000000001
"10187","2022-20-308",-17.0725
"10188","2022-20-304",27.605
"10189","2022-20-303",32.6650000000001
"10190","2022-20-307",-22.4275
"10191","2022-20-302",-16.0225
"10192","2022-20-305",-235.45
"10193","2022-20-507",30.915
"10194","2022-20-504",-273.15
"10195","2022-20-506",29.27
"10196","2022-20-505",30.06
"10197","2022-20-511",-235.7025
"10198","2022-20-510",31.3075000000001
"10199","2022-20-501",32.1625
"10200","2022-20-509",27.995
"10201","2022-20-502",27.855
"10202","2022-20-503",-235.25
"10203","2022-20-508",-235.765
"10204","2022-20-402",20.67
"10205","2022-20-407",34.9225
"10206","2022-20-408",35.7725
"10207","2022-20-401",-273.15
"10208","2022-20-406",-9.1625
"10209","2022-20-409",37.0575000000001
"10210","2022-20-405",27.6875
"10211","2022-20-404",27.8
"10212","2022-20-403",30.3175
"10213","2022-20-410",29.9725
"10214","2022-20-706",30.3975
"10215","2022-20-701",-273.15
"10216","2022-20-705",30.5625
"10217","2022-20-702",-273.15
"10218","2022-20-703",29.685
"10219","2022-20-704",-273.15
"10220","2022-20-603",28.7825
"10221","2022-20-610",28.8575000000001
"10222","2022-20-608",27.09
"10223","2022-20-602",-235.185
"10224","2022-20-611",25.6525
"10225","2022-20-607",-273.15
"10226","2022-20-604",-235.9875
"10227","2022-20-605",27.8075
"10228","2022-20-609",28.7175
"10229","2022-20-601",26.0775
"10230","2022-20-606",27.0675
"10231","2022-20-112",-235.7425
"10232","2022-20-110",30.385
"10233","2022-20-106",22.2475
"10234","2022-20-118",36.6925
"10235","2022-20-103",22.3250000000001
"10236","2022-20-117",-273.15
"10237","2022-20-102",32.245
"10238","2022-20-108",29.57
"10239","2022-20-120",15.9925
"10240","2022-20-115",35.3875
"10241","2022-20-107",27.0075
"10242","2022-20-114",28.9525
"10243","2022-20-119",-235.035
"10244","2022-20-104",-235.8175
"10245","2022-20-101",36.6725
"10246","2022-20-109",31.5575000000001
"10247","2022-20-105",-273.15
"10248","2022-20-113",38.7525
"10249","2022-20-116",26.7350000000001
"10250","2022-20-111",-273.15
"10251","2022-21-201",27.6300000000001
"10252","2022-21-205",26.7500000000001
"10253","2022-21-203",31.81
"10254","2022-21-215",32.2500000000001
"10255","2022-21-214",-273.15
"10256","2022-21-206",27.35
"10257","2022-21-209",32.27
"10258","2022-21-207",30.97
"10259","2022-21-208",28.87
"10260","2022-21-216",-273.15
"10261","2022-21-210",-273.15
"10262","2022-21-204",29.45
"10263","2022-21-202",-273.15
"10264","2022-21-212",-273.15
"10265","2022-21-213",-273.15
"10266","2022-21-211",19.73
"10267","2022-21-306",-273.15
"10268","2022-21-301",23.77
"10269","2022-21-308",-273.15
"10270","2022-21-304",29.2500000000001
"10271","2022-21-303",32.0700000000001
"10272","2022-21-307",-273.15
"10273","2022-21-302",-273.15
"10274","2022-21-305",28.45
"10275","2022-21-507",29.97
"10276","2022-21-504",-273.15
"10277","2022-21-506",28.01
"10278","2022-21-505",28.17
"10279","2022-21-511",26.43
"10280","2022-21-510",29.47
"10281","2022-21-501",34.0700000000001
"10282","2022-21-509",28.03
"10283","2022-21-502",28.73
"10284","2022-21-503",30.05
"10285","2022-21-508",25.93
"10286","2022-21-402",20.67
"10287","2022-21-407",34.45
"10288","2022-21-408",34.67
"10289","2022-21-401",-273.15
"10290","2022-21-406",-273.15
"10291","2022-21-409",32.6300000000001
"10292","2022-21-405",25.71
"10293","2022-21-404",25.35
"10294","2022-21-403",30.37
"10295","2022-21-410",28.73
"10296","2022-21-706",29.89
"10297","2022-21-701",-273.15
"10298","2022-21-705",31.91
"10299","2022-21-702",-273.15
"10300","2022-21-703",30.91
"10301","2022-21-704",-273.15
"10302","2022-21-603",27.47
"10303","2022-21-610",30.03
"10304","2022-21-608",25.41
"10305","2022-21-602",30.5700000000001
"10306","2022-21-611",26.37
"10307","2022-21-607",-273.15
"10308","2022-21-604",24.15
"10309","2022-21-605",28.0700000000001
"10310","2022-21-609",30.31
"10311","2022-21-601",27.11
"10312","2022-21-606",29.01
"10313","2022-21-112",26.11
"10314","2022-21-110",28.81
"10315","2022-21-106",24.33
"10316","2022-21-118",29.01
"10317","2022-21-103",24.11
"10318","2022-21-117",-273.15
"10319","2022-21-102",31.37
"10320","2022-21-108",27.47
"10321","2022-21-120",13.77
"10322","2022-21-115",32.71
"10323","2022-21-107",26.85
"10324","2022-21-114",27.43
"10325","2022-21-119",31.77
"10326","2022-21-104",25.51
"10327","2022-21-101",34.59
"10328","2022-21-109",30.21
"10329","2022-21-105",-273.15
"10330","2022-21-113",35.41
"10331","2022-21-116",27.89
"10332","2022-21-111",-273.15
"10333","2022-22-201",28.0325
"10334","2022-22-205",-235.6625
"10335","2022-22-203",30.55
"10336","2022-22-215",-234.975
"10337","2022-22-214",-5.78500000000003
"10338","2022-22-206",27.5425000000001
"10339","2022-22-209",-234.9725
"10340","2022-22-207",29.2725
"10341","2022-22-208",29.0450000000001
"10342","2022-22-216",-5.25999999999999
"10343","2022-22-210",-6.27499999999998
"10344","2022-22-204",28.89
"10345","2022-22-202",-10.51
"10346","2022-22-212",-12.47
"10347","2022-22-213",-273.15
"10348","2022-22-211",25.89
"10349","2022-22-306",-13.065
"10350","2022-22-301",24.4175
"10351","2022-22-308",-11.9275
"10352","2022-22-304",30.72
"10353","2022-22-303",33.68
"10354","2022-22-307",-14.745
"10355","2022-22-302",-12.3125
"10356","2022-22-305",30.375
"10357","2022-22-507",29.6200000000001
"10358","2022-22-504",-273.15
"10359","2022-22-506",-235.505
"10360","2022-22-505",28.3975
"10361","2022-22-511",-235.7025
"10362","2022-22-510",-235.3225
"10363","2022-22-501",-234.7475
"10364","2022-22-509",-235.5025
"10365","2022-22-502",-235.415
"10366","2022-22-503",-235.25
"10367","2022-22-508",-235.765
"10368","2022-22-402",24.5725000000001
"10369","2022-22-407",33.9775
"10370","2022-22-408",34.0225
"10371","2022-22-401",-273.15
"10372","2022-22-406",-8.75999999999999
"10373","2022-22-409",35.43
"10374","2022-22-405",27.845
"10375","2022-22-404",27.6775
"10376","2022-22-403",31.8925
"10377","2022-22-410",31.39
"10378","2022-22-706",30.4850000000001
"10379","2022-22-701",-9.96749999999992
"10380","2022-22-705",32.4525
"10381","2022-22-702",-5.96000000000004
"10382","2022-22-703",31.96
"10383","2022-22-704",-14.0975
"10384","2022-22-603",28.94
"10385","2022-22-610",-235.2525
"10386","2022-22-608",24.43
"10387","2022-22-602",32.0575
"10388","2022-22-611",-235.71
"10389","2022-22-607",-273.15
"10390","2022-22-604",24.4475
"10391","2022-22-605",24.535
"10392","2022-22-609",29.9775
"10393","2022-22-601",26.2175
"10394","2022-22-606",28.7825000000001
"10395","2022-22-112",25.725
"10396","2022-22-110",28.1625000000001
"10397","2022-22-106",24.1025000000001
"10398","2022-22-118",36.6050000000001
"10399","2022-22-103",23.06
"10400","2022-22-117",-16.18
"10401","2022-22-102",29.8475000000001
"10402","2022-22-108",31.1100000000001
"10403","2022-22-120",22.905
"10404","2022-22-115",34.81
"10405","2022-22-107",25.87
"10406","2022-22-114",29.4425
"10407","2022-22-119",33.3625
"10408","2022-22-104",23.83
"10409","2022-22-101",35.9900000000001
"10410","2022-22-109",28.8625
"10411","2022-22-105",-10.5975
"10412","2022-22-113",35.1475
"10413","2022-22-116",25.7375
"10414","2022-22-111",-10.9825
"10415","2022-23-201",26.26
"10416","2022-23-205",-47.805
"10417","2022-23-203",-197.27
"10418","2022-23-215",-273.15
"10419","2022-23-214",-196.76
"10420","2022-23-206",27.585
"10421","2022-23-209",-45.09
"10422","2022-23-207",-197.605
"10423","2022-23-208",-197.595
"10424","2022-23-216",-196.61
"10425","2022-23-210",-196.9
"10426","2022-23-204",28.0150000000001
"10427","2022-23-202",22.03
"10428","2022-23-212",-198.67
"10429","2022-23-213",-273.15
"10430","2022-23-211",-198.17
"10431","2022-23-306",-198.84
"10432","2022-23-301",21.9
"10433","2022-23-308",-198.515
"10434","2022-23-304",27.735
"10435","2022-23-303",32.02
"10436","2022-23-307",-199.32
"10437","2022-23-302",-198.625
"10438","2022-23-305",27.515
"10439","2022-23-507",28.175
"10440","2022-23-504",-273.15
"10441","2022-23-506",-45.885
"10442","2022-23-505",28.2500000000001
"10443","2022-23-511",-273.15
"10444","2022-23-510",-273.15
"10445","2022-23-501",-273.15
"10446","2022-23-509",-273.15
"10447","2022-23-502",-273.15
"10448","2022-23-503",-273.15
"10449","2022-23-508",-49.605
"10450","2022-23-402",22.9250000000001
"10451","2022-23-407",-196.385
"10452","2022-23-408",32.865
"10453","2022-23-401",-57.87
"10454","2022-23-406",26.28
"10455","2022-23-409",-195.905
"10456","2022-23-405",-197.825
"10457","2022-23-404",23.24
"10458","2022-23-403",30.445
"10459","2022-23-410",-196.92
"10460","2022-23-706",28.23
"10461","2022-23-701",-197.955
"10462","2022-23-705",-196.73
"10463","2022-23-702",-196.81
"10464","2022-23-703",-196.835
"10465","2022-23-704",-199.135
"10466","2022-23-603",27.785
"10467","2022-23-610",-46.935
"10468","2022-23-608",21.08
"10469","2022-23-602",29.195
"10470","2022-23-611",-48.285
"10471","2022-23-607",-273.15
"10472","2022-23-604",-198.74
"10473","2022-23-605",-198.855
"10474","2022-23-609",-197.38
"10475","2022-23-601",-198.34
"10476","2022-23-606",24.145
"10477","2022-23-112",-198.445
"10478","2022-23-110",26.39
"10479","2022-23-106",-198.845
"10480","2022-23-118",33.1450000000001
"10481","2022-23-103",-199.135
"10482","2022-23-117",-199.73
"10483","2022-23-102",31.1300000000001
"10484","2022-23-108",-196.955
"10485","2022-23-120",-198.81
"10486","2022-23-115",30.6250000000001
"10487","2022-23-107",26.135
"10488","2022-23-114",26.91
"10489","2022-23-119",-196.465
"10490","2022-23-104",-198.965
"10491","2022-23-101",35.845
"10492","2022-23-109",24.95
"10493","2022-23-105",-198.135
"10494","2022-23-113",34.66
"10495","2022-23-116",25.55
"10496","2022-23-111",22.69
"10497","2022-24-201",26.325
"10498","2022-24-205",26.4475
"10499","2022-24-203",-84.1625
"10500","2022-24-215",-84.175
"10501","2022-24-214",-84.2125
"10502","2022-24-206",-160.3725
"10503","2022-24-209",31.0550000000001
"10504","2022-24-207",-85.875
"10505","2022-24-208",-85.8
"10506","2022-24-216",-83.4
"10507","2022-24-210",-273.15
"10508","2022-24-204",28.2375
"10509","2022-24-202",-163.08
"10510","2022-24-212",-273.15
"10511","2022-24-213",-273.15
"10512","2022-24-211",-273.15
"10513","2022-24-306",-273.15
"10514","2022-24-301",20.1550000000001
"10515","2022-24-308",-273.15
"10516","2022-24-304",-160.7175
"10517","2022-24-303",29.9275
"10518","2022-24-307",-273.15
"10519","2022-24-302",-273.15
"10520","2022-24-305",26.145
"10521","2022-24-507",29.9475
"10522","2022-24-504",-84.65
"10523","2022-24-506",29.4325
"10524","2022-24-505",27.3525
"10525","2022-24-511",-85.9375
"10526","2022-24-510",-273.15
"10527","2022-24-501",-83.2625
"10528","2022-24-509",-85.7874999999999
"10529","2022-24-502",-84.325
"10530","2022-24-503",-85.25
"10531","2022-24-508",24.2225
"10532","2022-24-402",23.34
"10533","2022-24-407",-83.3125
"10534","2022-24-408",31.435
"10535","2022-24-401",-165.51
"10536","2022-24-406",-161.205
"10537","2022-24-409",-83.7125
"10538","2022-24-405",-87.3874999999999
"10539","2022-24-404",24.1000000000001
"10540","2022-24-403",27.4025
"10541","2022-24-410",-83.175
"10542","2022-24-706",29.45
"10543","2022-24-701",-273.15
"10544","2022-24-705",-273.15
"10545","2022-24-702",-273.15
"10546","2022-24-703",-273.15
"10547","2022-24-704",-88.15
"10548","2022-24-603",26.5175
"10549","2022-24-610",-160.0425
"10550","2022-24-608",-163.215
"10551","2022-24-602",-160.155
"10552","2022-24-611",24.7325000000001
"10553","2022-24-607",-273.15
"10554","2022-24-604",-85.95
"10555","2022-24-605",-273.15
"10556","2022-24-609",-273.15
"10557","2022-24-601",-85.625
"10558","2022-24-606",28.2475000000001
"10559","2022-24-112",-86.7875
"10560","2022-24-110",-161.0325
"10561","2022-24-106",-273.15
"10562","2022-24-118",29.6425
"10563","2022-24-103",-89.075
"10564","2022-24-117",-273.15
"10565","2022-24-102",-158.8575
"10566","2022-24-108",-273.15
"10567","2022-24-120",-273.15
"10568","2022-24-115",-159.795
"10569","2022-24-107",-160.8675
"10570","2022-24-114",-160.98
"10571","2022-24-119",-273.15
"10572","2022-24-104",-273.15
"10573","2022-24-101",32.48
"10574","2022-24-109",25.685
"10575","2022-24-105",-273.15
"10576","2022-24-113",-157.7775
"10577","2022-24-116",24.165
"10578","2022-24-111",-162.6825
"10579","2022-25-201",-123.21
"10580","2022-25-205",-123.61
"10581","2022-25-203",-121.96
"10582","2022-25-215",-121.97
"10583","2022-25-214",28.86
"10584","2022-25-206",-124.21
"10585","2022-25-209",29.87
"10586","2022-25-207",-123.33
"10587","2022-25-208",-123.27
"10588","2022-25-216",-121.35
"10589","2022-25-210",-273.15
"10590","2022-25-204",-122.31
"10591","2022-25-202",-273.15
"10592","2022-25-212",-273.15
"10593","2022-25-213",-273.15
"10594","2022-25-211",-273.15
"10595","2022-25-306",-273.15
"10596","2022-25-301",-126.76
"10597","2022-25-308",-273.15
"10598","2022-25-304",-273.15
"10599","2022-25-303",-122.05
"10600","2022-25-307",-273.15
"10601","2022-25-302",-273.15
"10602","2022-25-305",-123.6
"10603","2022-25-507",29.56
"10604","2022-25-504",27.72
"10605","2022-25-506",-121.99
"10606","2022-25-505",27.47
"10607","2022-25-511",-123.38
"10608","2022-25-510",-273.15
"10609","2022-25-501",29.42
"10610","2022-25-509",-123.26
"10611","2022-25-502",28.29
"10612","2022-25-503",28.11
"10613","2022-25-508",-124.67
"10614","2022-25-402",-124.56
"10615","2022-25-407",-121.28
"10616","2022-25-408",-121.18
"10617","2022-25-401",-273.15
"10618","2022-25-406",-273.15
"10619","2022-25-409",-121.6
"10620","2022-25-405",-124.54
"10621","2022-25-404",-123.79
"10622","2022-25-403",-123.62
"10623","2022-25-410",-121.17
"10624","2022-25-706",29.53
"10625","2022-25-701",-273.15
"10626","2022-25-705",-273.15
"10627","2022-25-702",-273.15
"10628","2022-25-703",-273.15
"10629","2022-25-704",-125.15
"10630","2022-25-603",-123.56
"10631","2022-25-610",-273.15
"10632","2022-25-608",-273.15
"10633","2022-25-602",-121.63
"10634","2022-25-611",-124.79
"10635","2022-25-607",-273.15
"10636","2022-25-604",-123.39
"10637","2022-25-605",-273.15
"10638","2022-25-609",-273.15
"10639","2022-25-601",-123.13
"10640","2022-25-606",-120.76
"10641","2022-25-112",-124.06
"10642","2022-25-110",-273.15
"10643","2022-25-106",-273.15
"10644","2022-25-118",-122.35
"10645","2022-25-103",-125.89
"10646","2022-25-117",-273.15
"10647","2022-25-102",-273.15
"10648","2022-25-108",-273.15
"10649","2022-25-120",-273.15
"10650","2022-25-115",-273.15
"10651","2022-25-107",-273.15
"10652","2022-25-114",-273.15
"10653","2022-25-119",-273.15
"10654","2022-25-104",-273.15
"10655","2022-25-101",-121.31
"10656","2022-25-109",-123.14
"10657","2022-25-105",-273.15
"10658","2022-25-113",-273.15
"10659","2022-25-116",20.55
"10660","2022-25-111",-273.15
"10661","2022-26-201",-273.15
"10662","2022-26-205",-160.245
"10663","2022-26-203",-159.9225
"10664","2022-26-215",-273.15
"10665","2022-26-214",-84.5749999999999
"10666","2022-26-206",25.585
"10667","2022-26-209",-84.55
"10668","2022-26-207",-160.155
"10669","2022-26-208",-273.15
"10670","2022-26-216",-273.15
"10671","2022-26-210",-273.15
"10672","2022-26-204",-161.205
"10673","2022-26-202",-273.15
"10674","2022-26-212",-273.15
"10675","2022-26-213",-273.15
"10676","2022-26-211",-273.15
"10677","2022-26-306",-163.575
"10678","2022-26-301",-162.285
"10679","2022-26-308",-273.15
"10680","2022-26-304",-273.15
"10681","2022-26-303",-273.15
"10682","2022-26-307",-273.15
"10683","2022-26-302",-273.15
"10684","2022-26-305",-164.9625
"10685","2022-26-507",28.415
"10686","2022-26-504",-85.5625
"10687","2022-26-506",-159.975
"10688","2022-26-505",28.3375
"10689","2022-26-511",-160.5375
"10690","2022-26-510",-160.74
"10691","2022-26-501",28.8975
"10692","2022-26-509",-160.4475
"10693","2022-26-502",28.1425
"10694","2022-26-503",29.21
"10695","2022-26-508",-161.745
"10696","2022-26-402",-273.15
"10697","2022-26-407",-273.15
"10698","2022-26-408",-273.15
"10699","2022-26-401",-273.15
"10700","2022-26-406",-162.3
"10701","2022-26-409",-273.15
"10702","2022-26-405",-162.0825
"10703","2022-26-404",-273.15
"10704","2022-26-403",-273.15
"10705","2022-26-410",-273.15
"10706","2022-26-706",-84.675
"10707","2022-26-701",-273.15
"10708","2022-26-705",-159.99
"10709","2022-26-702",-273.15
"10710","2022-26-703",-273.15
"10711","2022-26-704",-273.15
"10712","2022-26-603",-160.7175
"10713","2022-26-610",-158.865
"10714","2022-26-608",-273.15
"10715","2022-26-602",-83.75
"10716","2022-26-611",-273.15
"10717","2022-26-607",-273.15
"10718","2022-26-604",-160.8225
"10719","2022-26-605",-273.15
"10720","2022-26-609",-273.15
"10721","2022-26-601",-160.41
"10722","2022-26-606",-273.15
"10723","2022-26-112",-273.15
"10724","2022-26-110",-273.15
"10725","2022-26-106",-273.15
"10726","2022-26-118",-273.15
"10727","2022-26-103",-162.06
"10728","2022-26-117",-165.3975
"10729","2022-26-102",-160.5075
"10730","2022-26-108",-273.15
"10731","2022-26-120",-273.15
"10732","2022-26-115",-273.15
"10733","2022-26-107",-273.15
"10734","2022-26-114",-160.8975
"10735","2022-26-119",-158.5425
"10736","2022-26-104",-273.15
"10737","2022-26-101",-273.15
"10738","2022-26-109",-159.57
"10739","2022-26-105",-273.15
"10740","2022-26-113",-273.15
"10741","2022-26-116",-91.3125
"10742","2022-26-111",-273.15
"10743","2022-27-201",-198.61
"10744","2022-27-205",27.945
"10745","2022-27-203",28.865
"10746","2022-27-215",-197.64
"10747","2022-27-214",-197.685
"10748","2022-27-206",26.91
"10749","2022-27-209",-197.35
"10750","2022-27-207",27.95
"10751","2022-27-208",-198.18
"10752","2022-27-216",-197.925
"10753","2022-27-210",-198.04
"10754","2022-27-204",26.165
"10755","2022-27-202",-273.15
"10756","2022-27-212",-273.15
"10757","2022-27-213",-197.91
"10758","2022-27-211",-198.99
"10759","2022-27-306",16.775
"10760","2022-27-301",22.29
"10761","2022-27-308",-273.15
"10762","2022-27-304",-273.15
"10763","2022-27-303",-197.15
"10764","2022-27-307",-200.64
"10765","2022-27-302",-273.15
"10766","2022-27-305",-56.775
"10767","2022-27-507",29.53
"10768","2022-27-504",-197.04
"10769","2022-27-506",28.67
"10770","2022-27-505",27.9750000000001
"10771","2022-27-511",27.32
"10772","2022-27-510",26.82
"10773","2022-27-501",30.695
"10774","2022-27-509",27.605
"10775","2022-27-502",28.335
"10776","2022-27-503",29.91
"10777","2022-27-508",-50.34
"10778","2022-27-402",-199.42
"10779","2022-27-407",-197.355
"10780","2022-27-408",-197.455
"10781","2022-27-401",-273.15
"10782","2022-27-406",-51.45
"10783","2022-27-409",-197.835
"10784","2022-27-405",-51.015
"10785","2022-27-404",-198.45
"10786","2022-27-403",-197.975
"10787","2022-27-410",-273.15
"10788","2022-27-706",-197.775
"10789","2022-27-701",-273.15
"10790","2022-27-705",28.595
"10791","2022-27-702",-273.15
"10792","2022-27-703",-197.645
"10793","2022-27-704",-199.02
"10794","2022-27-603",26.53
"10795","2022-27-610",29.79
"10796","2022-27-608",-198.73
"10797","2022-27-602",-197.285
"10798","2022-27-611",-197.725
"10799","2022-27-607",-273.15
"10800","2022-27-604",26.45
"10801","2022-27-605",-198.095
"10802","2022-27-609",-198.005
"10803","2022-27-601",27.825
"10804","2022-27-606",-273.15
"10805","2022-27-112",-198.665
"10806","2022-27-110",-273.15
"10807","2022-27-106",-198.575
"10808","2022-27-118",-197.165
"10809","2022-27-103",22.63
"10810","2022-27-117",15.3150000000001
"10811","2022-27-102",-47.865
"10812","2022-27-108",-273.15
"10813","2022-27-120",-199.81
"10814","2022-27-115",-197.83
"10815","2022-27-107",-198.18
"10816","2022-27-114",-48.6449999999999
"10817","2022-27-119",-43.935
"10818","2022-27-104",-198.525
"10819","2022-27-101",-197.32
"10820","2022-27-109",29.005
"10821","2022-27-105",-198.795
"10822","2022-27-113",-197.57
"10823","2022-27-116",-198.11
"10824","2022-27-111",-273.15
"10825","2022-28-201",25.36
"10826","2022-28-205",28.0975
"10827","2022-28-203",29.315
"10828","2022-28-215",-8.86499999999999
"10829","2022-28-214",28.76
"10830","2022-28-206",26.855
"10831","2022-28-209",30.31
"10832","2022-28-207",27.62
"10833","2022-28-208",26.9425
"10834","2022-28-216",28.1825000000001
"10835","2022-28-210",27.525
"10836","2022-28-204",28.5925
"10837","2022-28-202",-273.15
"10838","2022-28-212",-273.15
"10839","2022-28-213",27.8825
"10840","2022-28-211",22.97
"10841","2022-28-306",11.6525000000001
"10842","2022-28-301",21.9900000000001
"10843","2022-28-308",-236.3325
"10844","2022-28-304",-235.435
"10845","2022-28-303",30.885
"10846","2022-28-307",16.6075
"10847","2022-28-302",-236.525
"10848","2022-28-305",-235.59
"10849","2022-28-507",29.9325
"10850","2022-28-504",30.9675
"10851","2022-28-506",28.9925
"10852","2022-28-505",25.8875
"10853","2022-28-511",27.6075
"10854","2022-28-510",27.565
"10855","2022-28-501",32.1875
"10856","2022-28-509",28.1700000000001
"10857","2022-28-502",26.3075000000001
"10858","2022-28-503",29.4825
"10859","2022-28-508",-235.855
"10860","2022-28-402",22.28
"10861","2022-28-407",30.59
"10862","2022-28-408",30.2550000000001
"10863","2022-28-401",-237.0125
"10864","2022-28-406",-235.69
"10865","2022-28-409",29.165
"10866","2022-28-405",-235.6725
"10867","2022-28-404",25.72
"10868","2022-28-403",28.13
"10869","2022-28-410",-273.15
"10870","2022-28-706",28.685
"10871","2022-28-701",-236.0275
"10872","2022-28-705",28.8475
"10873","2022-28-702",-235.1525
"10874","2022-28-703",29.015
"10875","2022-28-704",23.4625
"10876","2022-28-603",26.235
"10877","2022-28-610",24.655
"10878","2022-28-608",24.61
"10879","2022-28-602",30.315
"10880","2022-28-611",-9.1625
"10881","2022-28-607",-273.15
"10882","2022-28-604",26.3775000000001
"10883","2022-28-605",26.8775000000001
"10884","2022-28-609",27.5
"10885","2022-28-601",-8.9175
"10886","2022-28-606",-235.52
"10887","2022-28-112",24.9425
"10888","2022-28-110",-235.3675
"10889","2022-28-106",25.1875
"10890","2022-28-118",31.4975
"10891","2022-28-103",21.7300000000001
"10892","2022-28-117",18.3225000000001
"10893","2022-28-102",-235.21
"10894","2022-28-108",-235.49
"10895","2022-28-120",20.05
"10896","2022-28-115",28.6450000000001
"10897","2022-28-107",26.89
"10898","2022-28-114",-235.6075
"10899","2022-28-119",-234.97
"10900","2022-28-104",-11.9625
"10901","2022-28-101",30.8875
"10902","2022-28-109",27.2725
"10903","2022-28-105",24.21
"10904","2022-28-113",29.8125
"10905","2022-28-116",26.9275
"10906","2022-28-111",-273.15
"10907","2022-29-201",27.81
"10908","2022-29-205",28.85
"10909","2022-29-203",30.89
"10910","2022-29-215",-273.15
"10911","2022-29-214",29.11
"10912","2022-29-206",28.5700000000001
"10913","2022-29-209",32.1300000000001
"10914","2022-29-207",29.93
"10915","2022-29-208",28.43
"10916","2022-29-216",31.21
"10917","2022-29-210",29.17
"10918","2022-29-204",28.89
"10919","2022-29-202",-273.15
"10920","2022-29-212",-273.15
"10921","2022-29-213",28.39
"10922","2022-29-211",19.33
"10923","2022-29-306",23.5700000000001
"10924","2022-29-301",24.09
"10925","2022-29-308",21.39
"10926","2022-29-304",28.5700000000001
"10927","2022-29-303",31.1300000000001
"10928","2022-29-307",14.6300000000001
"10929","2022-29-302",19.85
"10930","2022-29-305",27.33
"10931","2022-29-507",29.81
"10932","2022-29-504",28.71
"10933","2022-29-506",30.83
"10934","2022-29-505",27.55
"10935","2022-29-511",26.05
"10936","2022-29-510",28.37
"10937","2022-29-501",30.35
"10938","2022-29-509",27.61
"10939","2022-29-502",26.71
"10940","2022-29-503",28.59
"10941","2022-29-508",25.21
"10942","2022-29-402",25.85
"10943","2022-29-407",34.51
"10944","2022-29-408",34.6300000000001
"10945","2022-29-401",15.95
"10946","2022-29-406",26.53
"10947","2022-29-409",36.55
"10948","2022-29-405",26.67
"10949","2022-29-404",26.21
"10950","2022-29-403",32.1900000000001
"10951","2022-29-410",-273.15
"10952","2022-29-706",31.03
"10953","2022-29-701",23.83
"10954","2022-29-705",30.93
"10955","2022-29-702",30.83
"10956","2022-29-703",30.03
"10957","2022-29-704",24.11
"10958","2022-29-603",27.11
"10959","2022-29-610",26.93
"10960","2022-29-608",25.17
"10961","2022-29-602",30.35
"10962","2022-29-611",-273.15
"10963","2022-29-607",-273.15
"10964","2022-29-604",24.61
"10965","2022-29-605",25.53
"10966","2022-29-609",27.99
"10967","2022-29-601",-273.15
"10968","2022-29-606",27.89
"10969","2022-29-112",26.01
"10970","2022-29-110",29.11
"10971","2022-29-106",25.45
"10972","2022-29-118",36.45
"10973","2022-29-103",25.09
"10974","2022-29-117",15.7500000000001
"10975","2022-29-102",30.37
"10976","2022-29-108",28.1300000000001
"10977","2022-29-120",18.93
"10978","2022-29-115",32.2500000000001
"10979","2022-29-107",28.01
"10980","2022-29-114",27.1900000000001
"10981","2022-29-119",32.29
"10982","2022-29-104",-273.15
"10983","2022-29-101",35.91
"10984","2022-29-109",30.37
"10985","2022-29-105",23.79
"10986","2022-29-113",34.31
"10987","2022-29-116",26.35
"10988","2022-29-111",-273.15
"10989","2022-30-201",25.395
"10990","2022-30-205",29.0775
"10991","2022-30-203",30.7150000000001
"10992","2022-30-215",-273.15
"10993","2022-30-214",-235.3675
"10994","2022-30-206",28.815
"10995","2022-30-209",30.3625
"10996","2022-30-207",28.1975
"10997","2022-30-208",26.19
"10998","2022-30-216",-235.105
"10999","2022-30-210",21.855
"11000","2022-30-204",29.275
"11001","2022-30-202",-273.15
"11002","2022-30-212",-273.15
"11003","2022-30-213",-235.4575
"11004","2022-30-211",21.1675
"11005","2022-30-306",-236.06
"11006","2022-30-301",24.16
"11007","2022-30-308",21.6875
"11008","2022-30-304",29.34
"11009","2022-30-303",30.675
"11010","2022-30-307",10.5175
"11011","2022-30-302",20.9700000000001
"11012","2022-30-305",28.94
"11013","2022-30-507",28.7075
"11014","2022-30-504",28.2550000000001
"11015","2022-30-506",30.8475
"11016","2022-30-505",28.9850000000001
"11017","2022-30-511",26.7675
"11018","2022-30-510",25.325
"11019","2022-30-501",28.9325
"11020","2022-30-509",26.4725
"11021","2022-30-502",27.935
"11022","2022-30-503",29.0275
"11023","2022-30-508",-235.855
"11024","2022-30-402",25.8325
"11025","2022-30-407",35.035
"11026","2022-30-408",34.945
"11027","2022-30-401",-237.0125
"11028","2022-30-406",26.635
"11029","2022-30-409",35.15
"11030","2022-30-405",24.78
"11031","2022-30-404",24.4075
"11032","2022-30-403",30.9475
"11033","2022-30-410",-273.15
"11034","2022-30-706",-235.1275
"11035","2022-30-701",25.3175
"11036","2022-30-705",30.475
"11037","2022-30-702",-235.1525
"11038","2022-30-703",-235.2525
"11039","2022-30-704",26.1575
"11040","2022-30-603",25.605
"11041","2022-30-610",-235.64
"11042","2022-30-608",23.5425
"11043","2022-30-602",30.77
"11044","2022-30-611",-273.15
"11045","2022-30-607",-273.15
"11046","2022-30-604",-235.93
"11047","2022-30-605",23.8325
"11048","2022-30-609",-235.5075
"11049","2022-30-601",-273.15
"11050","2022-30-606",28.8525
"11051","2022-30-112",-235.755
"11052","2022-30-110",-235.3675
"11053","2022-30-106",22.37
"11054","2022-30-118",32.6175000000001
"11055","2022-30-103",24.005
"11056","2022-30-117",17.5175
"11057","2022-30-102",29.7925
"11058","2022-30-108",26.4850000000001
"11059","2022-30-120",20.4175000000001
"11060","2022-30-115",30.6575
"11061","2022-30-107",27.52
"11062","2022-30-114",26
"11063","2022-30-119",33.5150000000001
"11064","2022-30-104",-273.15
"11065","2022-30-101",34.72
"11066","2022-30-109",29.6700000000001
"11067","2022-30-105",25.2075
"11068","2022-30-113",34.1175
"11069","2022-30-116",26.07
"11070","2022-30-111",-273.15
"11071","2022-31-201",-198.6
"11072","2022-31-205",30.535
"11073","2022-31-203",-197.19
"11074","2022-31-215",-273.15
"11075","2022-31-214",-273.15
"11076","2022-31-206",-197.65
"11077","2022-31-209",31.265
"11078","2022-31-207",-197.875
"11079","2022-31-208",-198.395
"11080","2022-31-216",-48.24
"11081","2022-31-210",22.94
"11082","2022-31-204",-197.53
"11083","2022-31-202",-273.15
"11084","2022-31-212",-273.15
"11085","2022-31-213",-273.15
"11086","2022-31-211",-199.505
"11087","2022-31-306",-60.855
"11088","2022-31-301",-198.82
"11089","2022-31-308",-199.43
"11090","2022-31-304",-197.5
"11091","2022-31-303",-197.21
"11092","2022-31-307",-202.38
"11093","2022-31-302",-199.58
"11094","2022-31-305",-197.57
"11095","2022-31-507",29.9
"11096","2022-31-504",29.615
"11097","2022-31-506",29.6050000000001
"11098","2022-31-505",30.09
"11099","2022-31-511",-198.145
"11100","2022-31-510",25.835
"11101","2022-31-501",30.26
"11102","2022-31-509",-198.285
"11103","2022-31-502",-197.835
"11104","2022-31-503",29.735
"11105","2022-31-508",-273.15
"11106","2022-31-402",24.795
"11107","2022-31-407",-196.085
"11108","2022-31-408",35.125
"11109","2022-31-401",-273.15
"11110","2022-31-406",23.785
"11111","2022-31-409",35.64
"11112","2022-31-405",25.86
"11113","2022-31-404",26.3400000000001
"11114","2022-31-403",28.76
"11115","2022-31-410",-273.15
"11116","2022-31-706",-273.15
"11117","2022-31-701",-198.48
"11118","2022-31-705",-197.26
"11119","2022-31-702",-273.15
"11120","2022-31-703",-273.15
"11121","2022-31-704",24.2900000000001
"11122","2022-31-603",26.77
"11123","2022-31-610",-47.16
"11124","2022-31-608",-199.035
"11125","2022-31-602",-197.155
"11126","2022-31-611",-49.29
"11127","2022-31-607",-273.15
"11128","2022-31-604",-49.47
"11129","2022-31-605",25.99
"11130","2022-31-609",-45.945
"11131","2022-31-601",-273.15
"11132","2022-31-606",29.35
"11133","2022-31-112",-273.15
"11134","2022-31-110",-273.15
"11135","2022-31-106",-199.38
"11136","2022-31-118",-196.845
"11137","2022-31-103",-198.9
"11138","2022-31-117",-200.42
"11139","2022-31-102",-197.435
"11140","2022-31-108",-198.3
"11141","2022-31-120",-199.705
"11142","2022-31-115",-197.255
"11143","2022-31-107",28.095
"11144","2022-31-114",-198.405
"11145","2022-31-119",34.26
"11146","2022-31-104",-273.15
"11147","2022-31-101",-196.225
"11148","2022-31-109",-197.47
"11149","2022-31-105",-198.51
"11150","2022-31-113",-196.34
"11151","2022-31-116",27.2300000000001
"11152","2022-31-111",-273.15
"11153","2022-32-201",-85.225
"11154","2022-32-205",29.4975
"11155","2022-32-203",-83.5624999999999
"11156","2022-32-215",-273.15
"11157","2022-32-214",-83.2499999999999
"11158","2022-32-206",-85.0125
"11159","2022-32-209",31.5375
"11160","2022-32-207",-84.025
"11161","2022-32-208",-85.675
"11162","2022-32-216",28.68
"11163","2022-32-210",25.4875
"11164","2022-32-204",-83.3875
"11165","2022-32-202",-273.15
"11166","2022-32-212",-89.625
"11167","2022-32-213",-85.9625
"11168","2022-32-211",-88.0875
"11169","2022-32-306",17.435
"11170","2022-32-301",-86.625
"11171","2022-32-308",-90.7874999999999
"11172","2022-32-304",-84.4
"11173","2022-32-303",-83.5875
"11174","2022-32-307",-91.5125
"11175","2022-32-302",-273.15
"11176","2022-32-305",-84.25
"11177","2022-32-507",29.2875
"11178","2022-32-504",29.24
"11179","2022-32-506",28.6775
"11180","2022-32-505",28.9275
"11181","2022-32-511",-86.2875
"11182","2022-32-510",22.275
"11183","2022-32-501",30.3325000000001
"11184","2022-32-509",-87.125
"11185","2022-32-502",-85.325
"11186","2022-32-503",27.9500000000001
"11187","2022-32-508",-86.425
"11188","2022-32-402",23.875
"11189","2022-32-407",-81.4
"11190","2022-32-408",34.32
"11191","2022-32-401",-89.8124999999999
"11192","2022-32-406",24.3675
"11193","2022-32-409",35.12
"11194","2022-32-405",25.635
"11195","2022-32-404",27.3075
"11196","2022-32-403",29.79
"11197","2022-32-410",-83.4125
"11198","2022-32-706",-83.3249999999999
"11199","2022-32-701",-87.2125
"11200","2022-32-705",-82.5375
"11201","2022-32-702",-84.8625
"11202","2022-32-703",-82.9625
"11203","2022-32-704",25.12
"11204","2022-32-603",28.355
"11205","2022-32-610",28.1450000000001
"11206","2022-32-608",-84.6375
"11207","2022-32-602",-83.4125
"11208","2022-32-611",26.0425
"11209","2022-32-607",-273.15
"11210","2022-32-604",25.59
"11211","2022-32-605",25.7775
"11212","2022-32-609",30.24
"11213","2022-32-601",-85.9375
"11214","2022-32-606",28.9450000000001
"11215","2022-32-112",-86.5125
"11216","2022-32-110",-85.6125
"11217","2022-32-106",-87.2625
"11218","2022-32-118",-81.1625
"11219","2022-32-103",-87.3625
"11220","2022-32-117",-90.3
"11221","2022-32-102",-85.1
"11222","2022-32-108",-84.2125
"11223","2022-32-120",-88.5875
"11224","2022-32-115",-82.6875
"11225","2022-32-107",27.085
"11226","2022-32-114",-85.7124999999999
"11227","2022-32-119",34.5125
"11228","2022-32-104",-85.8
"11229","2022-32-101",-80.9875
"11230","2022-32-109",-84.325
"11231","2022-32-105",-85.7375
"11232","2022-32-113",-81.1875
"11233","2022-32-116",26.955
"11234","2022-32-111",-273.15
"11235","2022-33-201",27.76
"11236","2022-33-205",28.74
"11237","2022-33-203",30.6300000000001
"11238","2022-33-215",-123.19
"11239","2022-33-214",-121.23
"11240","2022-33-206",27.51
"11241","2022-33-209",31.52
"11242","2022-33-207",28.33
"11243","2022-33-208",26.8
"11244","2022-33-216",29.98
"11245","2022-33-210",28.08
"11246","2022-33-204",29.48
"11247","2022-33-202",-273.15
"11248","2022-33-212",22.5300000000001
"11249","2022-33-213",28.2100000000001
"11250","2022-33-211",-125.1
"11251","2022-33-306",19
"11252","2022-33-301",24.62
"11253","2022-33-308",18.1600000000001
"11254","2022-33-304",29.53
"11255","2022-33-303",31.28
"11256","2022-33-307",14.74
"11257","2022-33-302",-273.15
"11258","2022-33-305",28
"11259","2022-33-507",29.2
"11260","2022-33-504",29.85
"11261","2022-33-506",30.09
"11262","2022-33-505",28.41
"11263","2022-33-511",-123.66
"11264","2022-33-510",24.14
"11265","2022-33-501",30.45
"11266","2022-33-509",25.05
"11267","2022-33-502",27.86
"11268","2022-33-503",26.6900000000001
"11269","2022-33-508",25.68
"11270","2022-33-402",23.83
"11271","2022-33-407",34.54
"11272","2022-33-408",34.3
"11273","2022-33-401",16.6700000000001
"11274","2022-33-406",25.52
"11275","2022-33-409",35.6
"11276","2022-33-405",25.64
"11277","2022-33-404",25.58
"11278","2022-33-403",31.12
"11279","2022-33-410",-121.36
"11280","2022-33-706",30.68
"11281","2022-33-701",-124.4
"11282","2022-33-705",31.25
"11283","2022-33-702",-122.52
"11284","2022-33-703",31.62
"11285","2022-33-704",25.25
"11286","2022-33-603",27.74
"11287","2022-33-610",-122.51
"11288","2022-33-608",-122.34
"11289","2022-33-602",-121.36
"11290","2022-33-611",24.66
"11291","2022-33-607",-273.15
"11292","2022-33-604",25.44
"11293","2022-33-605",26.47
"11294","2022-33-609",29.97
"11295","2022-33-601",26.62
"11296","2022-33-606",29.33
"11297","2022-33-112",25.86
"11298","2022-33-110",26.97
"11299","2022-33-106",25.29
"11300","2022-33-118",-119.56
"11301","2022-33-103",24.7
"11302","2022-33-117",19.25
"11303","2022-33-102",28.58
"11304","2022-33-108",29
"11305","2022-33-120",21.4
"11306","2022-33-115",31.63
"11307","2022-33-107",27.16
"11308","2022-33-114",27.29
"11309","2022-33-119",-119.3
"11310","2022-33-104",-123.27
"11311","2022-33-101",34.57
"11312","2022-33-109",29.48
"11313","2022-33-105",-123.22
"11314","2022-33-113",35.29
"11315","2022-33-116",25.84
"11316","2022-33-111",-273.15
"11317","2022-34-201",27.7875
"11318","2022-34-205",28.9275
"11319","2022-34-203",30.9875000000001
"11320","2022-34-215",28.1125
"11321","2022-34-214",-159.105
"11322","2022-34-206",27.555
"11323","2022-34-209",31.6150000000001
"11324","2022-34-207",28.4475
"11325","2022-34-208",27.24
"11326","2022-34-216",29.435
"11327","2022-34-210",29.6000000000001
"11328","2022-34-204",29.165
"11329","2022-34-202",-273.15
"11330","2022-34-212",23.0925000000001
"11331","2022-34-213",29.3875000000001
"11332","2022-34-211",-273.15
"11333","2022-34-306",-92.4
"11334","2022-34-301",-87.4625
"11335","2022-34-308",-91.3749999999999
"11336","2022-34-304",28.56
"11337","2022-34-303",-82.175
"11338","2022-34-307",-94.925
"11339","2022-34-302",-273.15
"11340","2022-34-305",-85.6125
"11341","2022-34-507",29.5325000000001
"11342","2022-34-504",30.9625
"11343","2022-34-506",30.5875
"11344","2022-34-505",28.8675
"11345","2022-34-511",-273.15
"11346","2022-34-510",28.615
"11347","2022-34-501",30.6725
"11348","2022-34-509",26.1875
"11349","2022-34-502",27.405
"11350","2022-34-503",27.8375000000001
"11351","2022-34-508",24.8650000000001
"11352","2022-34-402",24.0550000000001
"11353","2022-34-407",34.3275
"11354","2022-34-408",34.475
"11355","2022-34-401",15.025
"11356","2022-34-406",25.7425000000001
"11357","2022-34-409",36.11
"11358","2022-34-405",25.9075
"11359","2022-34-404",25.3
"11360","2022-34-403",31.4675
"11361","2022-34-410",-158.9925
"11362","2022-34-706",-83.1875
"11363","2022-34-701",-273.15
"11364","2022-34-705",-83.2625
"11365","2022-34-702",-273.15
"11366","2022-34-703",-82.375
"11367","2022-34-704",-87.15
"11368","2022-34-603",26.09
"11369","2022-34-610",-159.27
"11370","2022-34-608",-161.325
"11371","2022-34-602",-158.22
"11372","2022-34-611",24.1925
"11373","2022-34-607",-273.15
"11374","2022-34-604",-86.8125
"11375","2022-34-605",27.5225
"11376","2022-34-609",29.415
"11377","2022-34-601",26.235
"11378","2022-34-606",29.235
"11379","2022-34-112",-86.0249999999999
"11380","2022-34-110",25.0125
"11381","2022-34-106",25.4175
"11382","2022-34-118",-156.63
"11383","2022-34-103",-86.625
"11384","2022-34-117",-90.5
"11385","2022-34-102",29.535
"11386","2022-34-108",-84.4
"11387","2022-34-120",-89.525
"11388","2022-34-115",33.005
"11389","2022-34-107",27.46
"11390","2022-34-114",26.3675
"11391","2022-34-119",-273.15
"11392","2022-34-104",-273.15
"11393","2022-34-101",34.35
"11394","2022-34-109",29.8325
"11395","2022-34-105",-161.2875
"11396","2022-34-113",35.855
"11397","2022-34-116",-86.7249999999999
"11398","2022-34-111",-273.15
"11399","2022-35-201",27.855
"11400","2022-35-205",28.805
"11401","2022-35-203",30.77
"11402","2022-35-215",30.91
"11403","2022-35-214",-45.06
"11404","2022-35-206",28.84
"11405","2022-35-209",31.6800000000001
"11406","2022-35-207",30.505
"11407","2022-35-208",28.05
"11408","2022-35-216",29.25
"11409","2022-35-210",29.91
"11410","2022-35-204",30.355
"11411","2022-35-202",-198.76
"11412","2022-35-212",-52.8149999999999
"11413","2022-35-213",-47.0999999999999
"11414","2022-35-211",-198.355
"11415","2022-35-306",-198.895
"11416","2022-35-301",-198.635
"11417","2022-35-308",-199.455
"11418","2022-35-304",26.44
"11419","2022-35-303",-196.165
"11420","2022-35-307",-273.15
"11421","2022-35-302",-199.405
"11422","2022-35-305",-197.54
"11423","2022-35-507",29.16
"11424","2022-35-504",30.84
"11425","2022-35-506",29.27
"11426","2022-35-505",28.925
"11427","2022-35-511",-197.585
"11428","2022-35-510",28.94
"11429","2022-35-501",30.74
"11430","2022-35-509",27.795
"11431","2022-35-502",26.48
"11432","2022-35-503",29.325
"11433","2022-35-508",24.255
"11434","2022-35-402",24.43
"11435","2022-35-407",33.08
"11436","2022-35-408",33.655
"11437","2022-35-401",18.52
"11438","2022-35-406",26.685
"11439","2022-35-409",35.52
"11440","2022-35-405",26.34
"11441","2022-35-404",28.3
"11442","2022-35-403",31.595
"11443","2022-35-410",31.56
"11444","2022-35-706",-197.335
"11445","2022-35-701",-198.55
"11446","2022-35-705",-196.76
"11447","2022-35-702",-197.655
"11448","2022-35-703",-196.725
"11449","2022-35-704",-198.945
"11450","2022-35-603",25.815
"11451","2022-35-610",30.75
"11452","2022-35-608",25.365
"11453","2022-35-602",32.33
"11454","2022-35-611",26.765
"11455","2022-35-607",-273.15
"11456","2022-35-604",-197.925
"11457","2022-35-605",28.15
"11458","2022-35-609",29.37
"11459","2022-35-601",26.04
"11460","2022-35-606",-47.355
"11461","2022-35-112",-198.415
"11462","2022-35-110",23.66
"11463","2022-35-106",24.765
"11464","2022-35-118",37.7300000000001
"11465","2022-35-103",-198.625
"11466","2022-35-117",-200.405
"11467","2022-35-102",29.14
"11468","2022-35-108",-197.52
"11469","2022-35-120",-199.04
"11470","2022-35-115",34.825
"11471","2022-35-107",27.165
"11472","2022-35-114",25.105
"11473","2022-35-119",-196.645
"11474","2022-35-104",-273.15
"11475","2022-35-101",33.895
"11476","2022-35-109",29.0850000000001
"11477","2022-35-105",-49.425
"11478","2022-35-113",34.8500000000001
"11479","2022-35-116",-197.65
"11480","2022-35-111",-273.15
"11481","2022-36-201",-8.70749999999991
"11482","2022-36-205",-9.42499999999991
"11483","2022-36-203",-7.42999999999999
"11484","2022-36-215",32.2825
"11485","2022-36-214",-235.1625
"11486","2022-36-206",30.6825
"11487","2022-36-209",-6.45
"11488","2022-36-207",-7.465
"11489","2022-36-208",-9.4425
"11490","2022-36-216",-6.08249999999991
"11491","2022-36-210",-7.28999999999991
"11492","2022-36-204",-7.4125
"11493","2022-36-202",24.135
"11494","2022-36-212",-273.15
"11495","2022-36-213",-235.4275
"11496","2022-36-211",-11.3675
"11497","2022-36-306",23.1825
"11498","2022-36-301",23.79
"11499","2022-36-308",-15.2174999999999
"11500","2022-36-304",28.525
"11501","2022-36-303",-3.7025
"11502","2022-36-307",-236.765
"11503","2022-36-302",-15.0425
"11504","2022-36-305",29.375
"11505","2022-36-507",29.0225000000001
"11506","2022-36-504",30.28
"11507","2022-36-506",30.975
"11508","2022-36-505",28.36
"11509","2022-36-511",28.6225
"11510","2022-36-510",28.38
"11511","2022-36-501",31.4675
"11512","2022-36-509",29.295
"11513","2022-36-502",28.46
"11514","2022-36-503",27.6275000000001
"11515","2022-36-508",26.35
"11516","2022-36-402",-11.455
"11517","2022-36-407",-3.65
"11518","2022-36-408",-5.46999999999999
"11519","2022-36-401",-16.9674999999999
"11520","2022-36-406",28.52
"11521","2022-36-409",-2.775
"11522","2022-36-405",27.4875
"11523","2022-36-404",-8.4625
"11524","2022-36-403",-6.3275
"11525","2022-36-410",32.475
"11526","2022-36-706",30.07
"11527","2022-36-701",25.4450000000001
"11528","2022-36-705",32.3725
"11529","2022-36-702",-8.9175
"11530","2022-36-703",32.5975
"11531","2022-36-704",24.1375
"11532","2022-36-603",26.565
"11533","2022-36-610",-6.66
"11534","2022-36-608",26.435
"11535","2022-36-602",29.33
"11536","2022-36-611",27.74
"11537","2022-36-607",-273.15
"11538","2022-36-604",27.3275000000001
"11539","2022-36-605",-6.7825
"11540","2022-36-609",-8.4975
"11541","2022-36-601",-9.17999999999999
"11542","2022-36-606",-273.15
"11543","2022-36-112",-11.5775
"11544","2022-36-110",-8.16499999999991
"11545","2022-36-106",-10.2825
"11546","2022-36-118",37.9175
"11547","2022-36-103",24.1
"11548","2022-36-117",-18.5425
"11549","2022-36-102",-10.1425
"11550","2022-36-108",-8.445
"11551","2022-36-120",-13.765
"11552","2022-36-115",-4.735
"11553","2022-36-107",28.0575
"11554","2022-36-114",-9.09249999999991
"11555","2022-36-119",32.9675
"11556","2022-36-104",-273.15
"11557","2022-36-101",34.645
"11558","2022-36-109",-9.96749999999991
"11559","2022-36-105",-273.15
"11560","2022-36-113",35.5375
"11561","2022-36-116",-8.9
"11562","2022-36-111",-236.3375
"11563","2022-37-201",-273.15
"11564","2022-37-205",-273.15
"11565","2022-37-203",-273.15
"11566","2022-37-215",30.1300000000001
"11567","2022-37-214",30.7500000000001
"11568","2022-37-206",30.77
"11569","2022-37-209",-273.15
"11570","2022-37-207",-273.15
"11571","2022-37-208",-273.15
"11572","2022-37-216",-273.15
"11573","2022-37-210",-273.15
"11574","2022-37-204",-273.15
"11575","2022-37-202",22.21
"11576","2022-37-212",-273.15
"11577","2022-37-213",28.6300000000001
"11578","2022-37-211",-273.15
"11579","2022-37-306",18.37
"11580","2022-37-301",15.95
"11581","2022-37-308",-273.15
"11582","2022-37-304",29.89
"11583","2022-37-303",-273.15
"11584","2022-37-307",17.93
"11585","2022-37-302",-273.15
"11586","2022-37-305",29.97
"11587","2022-37-507",28.27
"11588","2022-37-504",28.67
"11589","2022-37-506",27.79
"11590","2022-37-505",26.61
"11591","2022-37-511",25.21
"11592","2022-37-510",27.61
"11593","2022-37-501",29.6300000000001
"11594","2022-37-509",26.2500000000001
"11595","2022-37-502",28.67
"11596","2022-37-503",26.77
"11597","2022-37-508",22.85
"11598","2022-37-402",-273.15
"11599","2022-37-407",-273.15
"11600","2022-37-408",-273.15
"11601","2022-37-401",-273.15
"11602","2022-37-406",21.31
"11603","2022-37-409",-273.15
"11604","2022-37-405",21.45
"11605","2022-37-404",-273.15
"11606","2022-37-403",-273.15
"11607","2022-37-410",32.79
"11608","2022-37-706",29.79
"11609","2022-37-701",26.81
"11610","2022-37-705",32.11
"11611","2022-37-702",-273.15
"11612","2022-37-703",32.93
"11613","2022-37-704",27.41
"11614","2022-37-603",24.99
"11615","2022-37-610",-273.15
"11616","2022-37-608",27.31
"11617","2022-37-602",29.33
"11618","2022-37-611",27.53
"11619","2022-37-607",-273.15
"11620","2022-37-604",24.37
"11621","2022-37-605",-273.15
"11622","2022-37-609",-273.15
"11623","2022-37-601",-273.15
"11624","2022-37-606",-273.15
"11625","2022-37-112",-273.15
"11626","2022-37-110",-273.15
"11627","2022-37-106",-273.15
"11628","2022-37-118",35.87
"11629","2022-37-103",18.15
"11630","2022-37-117",-273.15
"11631","2022-37-102",-273.15
"11632","2022-37-108",-273.15
"11633","2022-37-120",-273.15
"11634","2022-37-115",-273.15
"11635","2022-37-107",22.65
"11636","2022-37-114",-273.15
"11637","2022-37-119",33.65
"11638","2022-37-104",-273.15
"11639","2022-37-101",32.65
"11640","2022-37-109",-273.15
"11641","2022-37-105",-273.15
"11642","2022-37-113",35.73
"11643","2022-37-116",-273.15
"11644","2022-37-111",21.35
"11645","2022-38-201",-9.79250000000002
"11646","2022-38-205",-10.09
"11647","2022-38-203",-8.21749999999992
"11648","2022-38-215",-235.24
"11649","2022-38-214",30.3125000000001
"11650","2022-38-206",30.8925
"11651","2022-38-209",-273.15
"11652","2022-38-207",-8.53250000000003
"11653","2022-38-208",-8.62
"11654","2022-38-216",-6.11750000000001
"11655","2022-38-210",-7.16750000000002
"11656","2022-38-204",-10.265
"11657","2022-38-202",24.6075
"11658","2022-38-212",-14.7274999999999
"11659","2022-38-213",29.05
"11660","2022-38-211",-273.15
"11661","2022-38-306",-236.71
"11662","2022-38-301",20.9725000000001
"11663","2022-38-308",-16.0225
"11664","2022-38-304",30.065
"11665","2022-38-303",-5.08500000000004
"11666","2022-38-307",-236.765
"11667","2022-38-302",-15.1124999999999
"11668","2022-38-305",28.535
"11669","2022-38-507",-235.4725
"11670","2022-38-504",-235.4225
"11671","2022-38-506",29.365
"11672","2022-38-505",-235.68
"11673","2022-38-511",-235.855
"11674","2022-38-510",-235.555
"11675","2022-38-501",-235.3025
"11676","2022-38-509",-235.725
"11677","2022-38-502",-235.4225
"11678","2022-38-503",-235.66
"11679","2022-38-508",26.77
"11680","2022-38-402",-12.295
"11681","2022-38-407",-2.95000000000005
"11682","2022-38-408",-3.08999999999997
"11683","2022-38-401",-273.15
"11684","2022-38-406",27.4175
"11685","2022-38-409",-1.4975
"11686","2022-38-405",25.86
"11687","2022-38-404",-9.82749999999999
"11688","2022-38-403",-5.0675
"11689","2022-38-410",31.425
"11690","2022-38-706",30.105
"11691","2022-38-701",25.4975
"11692","2022-38-705",32.705
"11693","2022-38-702",-6.48500000000001
"11694","2022-38-703",32.37
"11695","2022-38-704",25.9575000000001
"11696","2022-38-603",26.8975
"11697","2022-38-610",-9.0575
"11698","2022-38-608",26.505
"11699","2022-38-602",-235.34
"11700","2022-38-611",25.1675
"11701","2022-38-607",-273.15
"11702","2022-38-604",21.9200000000001
"11703","2022-38-605",-10.6675
"11704","2022-38-609",-8.23500000000001
"11705","2022-38-601",-273.15
"11706","2022-38-606",-9.75749999999999
"11707","2022-38-112",-11.7699999999999
"11708","2022-38-110",-10.8775
"11709","2022-38-106",-14.8675
"11710","2022-38-118",35.94
"11711","2022-38-103",24.135
"11712","2022-38-117",-18.0875
"11713","2022-38-102",-8.67250000000001
"11714","2022-38-108",-6.53749999999997
"11715","2022-38-120",-16.4774999999999
"11716","2022-38-115",-5.52250000000004
"11717","2022-38-107",27.6025
"11718","2022-38-114",-9.3725
"11719","2022-38-119",30.99
"11720","2022-38-104",-273.15
"11721","2022-38-101",35.38
"11722","2022-38-109",-8.06
"11723","2022-38-105",-12.7325
"11724","2022-38-113",36.5525
"11725","2022-38-116",-13.2225
"11726","2022-38-111",22.8550000000001
"11727","2022-39-201",28.4750000000001
"11728","2022-39-205",28.09
"11729","2022-39-203",29.825
"11730","2022-39-215",-273.15
"11731","2022-39-214",-197.3
"11732","2022-39-206",29.215
"11733","2022-39-209",-273.15
"11734","2022-39-207",28.43
"11735","2022-39-208",27.745
"11736","2022-39-216",-196.855
"11737","2022-39-210",-197.155
"11738","2022-39-204",28.745
"11739","2022-39-202",-198.625
"11740","2022-39-212",19.4750000000001
"11741","2022-39-213",24.925
"11742","2022-39-211",-52.005
"11743","2022-39-306",-53.7
"11744","2022-39-301",23.58
"11745","2022-39-308",21.0250000000001
"11746","2022-39-304",28.65
"11747","2022-39-303",32.55
"11748","2022-39-307",-273.15
"11749","2022-39-302",22.53
"11750","2022-39-305",26.485
"11751","2022-39-507",-45.795
"11752","2022-39-504",-45.39
"11753","2022-39-506",30.13
"11754","2022-39-505",-45.75
"11755","2022-39-511",-47.1899999999999
"11756","2022-39-510",-53.55
"11757","2022-39-501",-46.575
"11758","2022-39-509",-48.885
"11759","2022-39-502",-45.48
"11760","2022-39-503",-47.58
"11761","2022-39-508",-198.03
"11762","2022-39-402",25.1800000000001
"11763","2022-39-407",33.64
"11764","2022-39-408",34.035
"11765","2022-39-401",-54.945
"11766","2022-39-406",27.975
"11767","2022-39-409",36.95
"11768","2022-39-405",27.225
"11769","2022-39-404",29.035
"11770","2022-39-403",31.91
"11771","2022-39-410",-197.055
"11772","2022-39-706",29.835
"11773","2022-39-701",25.01
"11774","2022-39-705",31.8
"11775","2022-39-702",-196.96
"11776","2022-39-703",31.675
"11777","2022-39-704",25.9
"11778","2022-39-603",27.905
"11779","2022-39-610",26.135
"11780","2022-39-608",-198.265
"11781","2022-39-602",-273.15
"11782","2022-39-611",25.985
"11783","2022-39-607",-273.15
"11784","2022-39-604",-199.47
"11785","2022-39-605",26.155
"11786","2022-39-609",-197.46
"11787","2022-39-601",-50.13
"11788","2022-39-606",27.465
"11789","2022-39-112",-198.47
"11790","2022-39-110",26.02
"11791","2022-39-106",23.68
"11792","2022-39-118",37.39
"11793","2022-39-103",24.87
"11794","2022-39-117",-200.275
"11795","2022-39-102",28.4650000000001
"11796","2022-39-108",-196.975
"11797","2022-39-120",17.625
"11798","2022-39-115",31.585
"11799","2022-39-107",25.28
"11800","2022-39-114",28.655
"11801","2022-39-119",33.31
"11802","2022-39-104",-273.15
"11803","2022-39-101",34.18
"11804","2022-39-109",28.9250000000001
"11805","2022-39-105",-198.745
"11806","2022-39-113",36.6850000000001
"11807","2022-39-116",24.93
"11808","2022-39-111",19.845
"11809","2022-40-201",-159.96
"11810","2022-40-205",-160.11
"11811","2022-40-203",-159.51
"11812","2022-40-215",-273.15
"11813","2022-40-214",-273.15
"11814","2022-40-206",-159.975
"11815","2022-40-209",-273.15
"11816","2022-40-207",-160.1625
"11817","2022-40-208",-160.4925
"11818","2022-40-216",-273.15
"11819","2022-40-210",-273.15
"11820","2022-40-204",-159.7575
"11821","2022-40-202",-273.15
"11822","2022-40-212",-163.755
"11823","2022-40-213",-161.895
"11824","2022-40-211",-162.5775
"11825","2022-40-306",-163.425
"11826","2022-40-301",-161.64
"11827","2022-40-308",-162.795
"11828","2022-40-304",-160.155
"11829","2022-40-303",-158.595
"11830","2022-40-307",-273.15
"11831","2022-40-302",-162.1725
"11832","2022-40-305",-161.0175
"11833","2022-40-507",-159.4725
"11834","2022-40-504",-159.27
"11835","2022-40-506",-159.3525
"11836","2022-40-505",-159.45
"11837","2022-40-511",-160.17
"11838","2022-40-510",-163.35
"11839","2022-40-501",-159.8625
"11840","2022-40-509",-161.0175
"11841","2022-40-502",-159.315
"11842","2022-40-503",-160.365
"11843","2022-40-508",-273.15
"11844","2022-40-402",-161.25
"11845","2022-40-407",-158.355
"11846","2022-40-408",-158.1375
"11847","2022-40-401",-164.0475
"11848","2022-40-406",-160.2675
"11849","2022-40-409",-156.9075
"11850","2022-40-405",-160.4175
"11851","2022-40-404",-159.675
"11852","2022-40-403",-158.9175
"11853","2022-40-410",-273.15
"11854","2022-40-706",-159.57
"11855","2022-40-701",-161.3775
"11856","2022-40-705",-158.9175
"11857","2022-40-702",-273.15
"11858","2022-40-703",-158.9175
"11859","2022-40-704",-160.9875
"11860","2022-40-603",-160.1625
"11861","2022-40-610",-161.235
"11862","2022-40-608",-273.15
"11863","2022-40-602",-273.15
"11864","2022-40-611",-160.83
"11865","2022-40-607",-273.15
"11866","2022-40-604",-273.15
"11867","2022-40-605",-160.995
"11868","2022-40-609",-273.15
"11869","2022-40-601",-161.64
"11870","2022-40-606",-160.47
"11871","2022-40-112",-273.15
"11872","2022-40-110",-161.0325
"11873","2022-40-106",-161.6325
"11874","2022-40-118",-156.5175
"11875","2022-40-103",-161.4075
"11876","2022-40-117",-273.15
"11877","2022-40-102",-160.125
"11878","2022-40-108",-273.15
"11879","2022-40-120",-164.43
"11880","2022-40-115",-159.015
"11881","2022-40-107",-161.6175
"11882","2022-40-114",-159.93
"11883","2022-40-119",-157.89
"11884","2022-40-104",-273.15
"11885","2022-40-101",-158.1
"11886","2022-40-109",-159.9825
"11887","2022-40-105",-273.15
"11888","2022-40-113",-156.96
"11889","2022-40-116",-161.2425
"11890","2022-40-111",-163.68
"11891","2022-41-201",-198.3
"11892","2022-41-205",-197.77
"11893","2022-41-203",-197.44
"11894","2022-41-215",-199.345
"11895","2022-41-214",-273.15
"11896","2022-41-206",-197.57
"11897","2022-41-209",-197.295
"11898","2022-41-207",-197.37
"11899","2022-41-208",-198.155
"11900","2022-41-216",-196.83
"11901","2022-41-210",-198.31
"11902","2022-41-204",-197.665
"11903","2022-41-202",-273.15
"11904","2022-41-212",-200.795
"11905","2022-41-213",-197.975
"11906","2022-41-211",-199.31
"11907","2022-41-306",-200.795
"11908","2022-41-301",-200.065
"11909","2022-41-308",-200.955
"11910","2022-41-304",-198.255
"11911","2022-41-303",-196.555
"11912","2022-41-307",-273.15
"11913","2022-41-302",-200.695
"11914","2022-41-305",-198.075
"11915","2022-41-507",-197.32
"11916","2022-41-504",-196.695
"11917","2022-41-506",-196.95
"11918","2022-41-505",-198.155
"11919","2022-41-511",-198.52
"11920","2022-41-510",-198.215
"11921","2022-41-501",-197.86
"11922","2022-41-509",-273.15
"11923","2022-41-502",-198.2
"11924","2022-41-503",-197.975
"11925","2022-41-508",-198.35
"11926","2022-41-402",-199.15
"11927","2022-41-407",-196.265
"11928","2022-41-408",-196.39
"11929","2022-41-401",-201.3
"11930","2022-41-406",-198.325
"11931","2022-41-409",-196.35
"11932","2022-41-405",-198.65
"11933","2022-41-404",-198.19
"11934","2022-41-403",-197.46
"11935","2022-41-410",-197.73
"11936","2022-41-706",-196.845
"11937","2022-41-701",-198.935
"11938","2022-41-705",-196.76
"11939","2022-41-702",-197.095
"11940","2022-41-703",-196.49
"11941","2022-41-704",-198.94
"11942","2022-41-603",-198.025
"11943","2022-41-610",-273.15
"11944","2022-41-608",-273.15
"11945","2022-41-602",-197.65
"11946","2022-41-611",-198.67
"11947","2022-41-607",-273.15
"11948","2022-41-604",-273.15
"11949","2022-41-605",-273.15
"11950","2022-41-609",-198.45
"11951","2022-41-601",-197.865
"11952","2022-41-606",-198.12
"11953","2022-41-112",-273.15
"11954","2022-41-110",-198.95
"11955","2022-41-106",-199.595
"11956","2022-41-118",-196.085
"11957","2022-41-103",-199.25
"11958","2022-41-117",-201.89
"11959","2022-41-102",-198.19
"11960","2022-41-108",-198.38
"11961","2022-41-120",-273.15
"11962","2022-41-115",-196.71
"11963","2022-41-107",-197.915
"11964","2022-41-114",-198.525
"11965","2022-41-119",-273.15
"11966","2022-41-104",-273.15
"11967","2022-41-101",-196.87
"11968","2022-41-109",-197.645
"11969","2022-41-105",-273.15
"11970","2022-41-113",-196.475
"11971","2022-41-116",-273.15
"11972","2022-41-111",-200.255
"11973","2022-42-201",-67.3124999999999
"11974","2022-42-205",-65.855
"11975","2022-42-203",-64.9474999999999
"11976","2022-42-215",-70.1862499999999
"11977","2022-42-214",-273.15
"11978","2022-42-206",-65.305
"11979","2022-42-209",-64.54875
"11980","2022-42-207",-64.755
"11981","2022-42-208",-66.91375
"11982","2022-42-216",-63.2699999999999
"11983","2022-42-210",-67.34
"11984","2022-42-204",-65.56625
"11985","2022-42-202",-273.15
"11986","2022-42-212",-74.17375
"11987","2022-42-213",-66.41875
"11988","2022-42-211",-70.09
"11989","2022-42-306",-74.17375
"11990","2022-42-301",-72.1662499999999
"11991","2022-42-308",-74.6137499999999
"11992","2022-42-304",-67.18875
"11993","2022-42-303",-62.51375
"11994","2022-42-307",-273.15
"11995","2022-42-302",-73.89875
"11996","2022-42-305",-66.69375
"11997","2022-42-507",-64.6175
"11998","2022-42-504",-62.89875
"11999","2022-42-506",-63.6
"12000","2022-42-505",-66.91375
"12001","2022-42-511",-67.9175
"12002","2022-42-510",-67.07875
"12003","2022-42-501",-66.1025
"12004","2022-42-509",-273.15
"12005","2022-42-502",-67.0375
"12006","2022-42-503",-66.41875
"12007","2022-42-508",-67.45
"12008","2022-42-402",-69.65
"12009","2022-42-407",-61.71625
"12010","2022-42-408",-62.06
"12011","2022-42-401",-75.5624999999999
"12012","2022-42-406",-67.38125
"12013","2022-42-409",-61.95
"12014","2022-42-405",-68.275
"12015","2022-42-404",-67.0099999999999
"12016","2022-42-403",-65.0025
"12017","2022-42-410",-65.745
"12018","2022-42-706",-63.3112499999999
"12019","2022-42-701",-69.05875
"12020","2022-42-705",-63.0775
"12021","2022-42-702",-63.9987499999999
"12022","2022-42-703",-62.335
"12023","2022-42-704",-69.0724999999999
"12024","2022-42-603",-66.55625
"12025","2022-42-610",-273.15
"12026","2022-42-608",-273.15
"12027","2022-42-602",-65.525
"12028","2022-42-611",-68.33
"12029","2022-42-607",-273.15
"12030","2022-42-604",-273.15
"12031","2022-42-605",-273.15
"12032","2022-42-609",-67.725
"12033","2022-42-601",-66.11625
"12034","2022-42-606",-66.8175
"12035","2022-42-112",-273.15
"12036","2022-42-110",-69.1
"12037","2022-42-106",-70.8737499999999
"12038","2022-42-118",-61.22125
"12039","2022-42-103",-69.925
"12040","2022-42-117",-77.185
"12041","2022-42-102",-67.0099999999999
"12042","2022-42-108",-67.5325
"12043","2022-42-120",-273.15
"12044","2022-42-115",-62.94
"12045","2022-42-107",-66.25375
"12046","2022-42-114",-67.93125
"12047","2022-42-119",-273.15
"12048","2022-42-104",-273.15
"12049","2022-42-101",-63.38
"12050","2022-42-109",-65.51125
"12051","2022-42-105",-273.15
"12052","2022-42-113",-62.29375
"12053","2022-42-116",-273.15
"12054","2022-42-111",-72.68875
"12055","2022-43-201",26.0300000000001
"12056","2022-43-205",28.145
"12057","2022-43-203",29.7800000000001
"12058","2022-43-215",23.6100000000001
"12059","2022-43-214",-197.885
"12060","2022-43-206",-46.41
"12061","2022-43-209",-45.585
"12062","2022-43-207",29.34
"12063","2022-43-208",26.475
"12064","2022-43-216",31.4300000000001
"12065","2022-43-210",26.77
"12066","2022-43-204",-46.695
"12067","2022-43-202",-199.805
"12068","2022-43-212",-56.085
"12069","2022-43-213",-47.625
"12070","2022-43-211",-51.63
"12071","2022-43-306",16.98
"12072","2022-43-301",20.1350000000001
"12073","2022-43-308",16.3900000000001
"12074","2022-43-304",26.255
"12075","2022-43-303",-43.365
"12076","2022-43-307",-200.905
"12077","2022-43-302",-55.785
"12078","2022-43-305",27.055
"12079","2022-43-507",29.245
"12080","2022-43-504",31.855
"12081","2022-43-506",30.705
"12082","2022-43-505",27.095
"12083","2022-43-511",-49.26
"12084","2022-43-510",25.9
"12085","2022-43-501",28.36
"12086","2022-43-509",-198.725
"12087","2022-43-502",27.27
"12088","2022-43-503",27.5
"12089","2022-43-508",-48.75
"12090","2022-43-402",-51.15
"12091","2022-43-407",34.24
"12092","2022-43-408",33.48
"12093","2022-43-401",-57.5999999999999
"12094","2022-43-406",25.87
"12095","2022-43-409",33.79
"12096","2022-43-405",24.585
"12097","2022-43-404",26.0000000000001
"12098","2022-43-403",29.45
"12099","2022-43-410",28.475
"12100","2022-43-706",31.0300000000001
"12101","2022-43-701",-50.505
"12102","2022-43-705",-43.98
"12103","2022-43-702",30.9100000000001
"12104","2022-43-703",32.905
"12105","2022-43-704",23.6600000000001
"12106","2022-43-603",26.86
"12107","2022-43-610",-198.895
"12108","2022-43-608",-198.925
"12109","2022-43-602",28.44
"12110","2022-43-611",24.82
"12111","2022-43-607",-273.15
"12112","2022-43-604",-273.15
"12113","2022-43-605",-198.455
"12114","2022-43-609",-49.05
"12115","2022-43-601",27.22
"12116","2022-43-606",26.87
"12117","2022-43-112",-273.15
"12118","2022-43-110",-50.55
"12119","2022-43-106",21.0650000000001
"12120","2022-43-118",-41.955
"12121","2022-43-103",22.62
"12122","2022-43-117",12.945
"12123","2022-43-102",26.7900000000001
"12124","2022-43-108",26.46
"12125","2022-43-120",-273.15
"12126","2022-43-115",-43.83
"12127","2022-43-107",-47.445
"12128","2022-43-114",25.75
"12129","2022-43-119",-273.15
"12130","2022-43-104",-273.15
"12131","2022-43-101",32.335
"12132","2022-43-109",28.53
"12133","2022-43-105",-273.15
"12134","2022-43-113",33.085
"12135","2022-43-116",-198.665
"12136","2022-43-111",-54.465
"12137","2022-44-201",25.3525
"12138","2022-44-205",27.6
"12139","2022-44-203",29.6725
"12140","2022-44-215",28.2475
"12141","2022-44-214",27.88
"12142","2022-44-206",-273.15
"12143","2022-44-209",-235.3625
"12144","2022-44-207",27.52
"12145","2022-44-208",-11.91
"12146","2022-44-216",-8.48
"12147","2022-44-210",-9.25
"12148","2022-44-204",-235.52
"12149","2022-44-202",-16.4425
"12150","2022-44-212",-273.15
"12151","2022-44-213",-235.625
"12152","2022-44-211",-273.15
"12153","2022-44-306",-17.4225
"12154","2022-44-301",-14.045
"12155","2022-44-308",18.6525
"12156","2022-44-304",25.9325
"12157","2022-44-303",-234.975
"12158","2022-44-307",-20.2925
"12159","2022-44-302",-273.15
"12160","2022-44-305",26.7325
"12161","2022-44-507",26.765
"12162","2022-44-504",29.3975
"12163","2022-44-506",27.955
"12164","2022-44-505",-9.73999999999999
"12165","2022-44-511",-273.15
"12166","2022-44-510",23.7725
"12167","2022-44-501",29.235
"12168","2022-44-509",-12.6625
"12169","2022-44-502",28.9975000000001
"12170","2022-44-503",-10.2125
"12171","2022-44-508",-235.835
"12172","2022-44-402",-236.59
"12173","2022-44-407",33.5925
"12174","2022-44-408",32.2400000000001
"12175","2022-44-401",-273.15
"12176","2022-44-406",25.355
"12177","2022-44-409",32.835
"12178","2022-44-405",23.7275
"12179","2022-44-404",24.235
"12180","2022-44-403",29.0825
"12181","2022-44-410",28.3075
"12182","2022-44-706",28.0375
"12183","2022-44-701",-235.8725
"12184","2022-44-705",-235.28
"12185","2022-44-702",30.18
"12186","2022-44-703",30.98
"12187","2022-44-704",-13.5199999999999
"12188","2022-44-603",25.495
"12189","2022-44-610",24.345
"12190","2022-44-608",-13.3624999999999
"12191","2022-44-602",27.5725
"12192","2022-44-611",24.96
"12193","2022-44-607",-273.15
"12194","2022-44-604",-235.7875
"12195","2022-44-605",24.9675000000001
"12196","2022-44-609",-235.545
"12197","2022-44-601",25.1125
"12198","2022-44-606",26.8100000000001
"12199","2022-44-112",-235.9625
"12200","2022-44-110",-235.8675
"12201","2022-44-106",21.035
"12202","2022-44-118",-273.15
"12203","2022-44-103",23.1275000000001
"12204","2022-44-117",-20.0475
"12205","2022-44-102",27.065
"12206","2022-44-108",27.865
"12207","2022-44-120",-236.6375
"12208","2022-44-115",-235.445
"12209","2022-44-107",-235.8925
"12210","2022-44-114",26.955
"12211","2022-44-119",-235.27
"12212","2022-44-104",-273.15
"12213","2022-44-101",33.41
"12214","2022-44-109",27.595
"12215","2022-44-105",-273.15
"12216","2022-44-113",31.8350000000001
"12217","2022-44-116",24.7575
"12218","2022-44-111",-273.15
"12219","2022-45-201",25.23
"12220","2022-45-205",28.51
"12221","2022-45-203",27.03
"12222","2022-45-215",28.37
"12223","2022-45-214",27.67
"12224","2022-45-206",-273.15
"12225","2022-45-209",29.15
"12226","2022-45-207",28.01
"12227","2022-45-208",-273.15
"12228","2022-45-216",-273.15
"12229","2022-45-210",-273.15
"12230","2022-45-204",27.89
"12231","2022-45-202",-273.15
"12232","2022-45-212",-273.15
"12233","2022-45-213",27.05
"12234","2022-45-211",-273.15
"12235","2022-45-306",-273.15
"12236","2022-45-301",-273.15
"12237","2022-45-308",18.53
"12238","2022-45-304",27.35
"12239","2022-45-303",32.2500000000001
"12240","2022-45-307",-273.15
"12241","2022-45-302",-273.15
"12242","2022-45-305",26.47
"12243","2022-45-507",28.83
"12244","2022-45-504",29.31
"12245","2022-45-506",28.55
"12246","2022-45-505",-273.15
"12247","2022-45-511",-273.15
"12248","2022-45-510",23.37
"12249","2022-45-501",28.01
"12250","2022-45-509",-273.15
"12251","2022-45-502",28.0700000000001
"12252","2022-45-503",-273.15
"12253","2022-45-508",25.37
"12254","2022-45-402",19.33
"12255","2022-45-407",32.21
"12256","2022-45-408",32.17
"12257","2022-45-401",-273.15
"12258","2022-45-406",27.6300000000001
"12259","2022-45-409",31.61
"12260","2022-45-405",23.29
"12261","2022-45-404",26.37
"12262","2022-45-403",29.87
"12263","2022-45-410",28.29
"12264","2022-45-706",28.93
"12265","2022-45-701",25.0700000000001
"12266","2022-45-705",29.81
"12267","2022-45-702",28.43
"12268","2022-45-703",29.79
"12269","2022-45-704",-273.15
"12270","2022-45-603",26.23
"12271","2022-45-610",27.67
"12272","2022-45-608",-273.15
"12273","2022-45-602",30.11
"12274","2022-45-611",24.89
"12275","2022-45-607",-273.15
"12276","2022-45-604",25.7500000000001
"12277","2022-45-605",20.33
"12278","2022-45-609",27.6900000000001
"12279","2022-45-601",26.53
"12280","2022-45-606",28.49
"12281","2022-45-112",24.35
"12282","2022-45-110",25.11
"12283","2022-45-106",20.93
"12284","2022-45-118",-273.15
"12285","2022-45-103",23.11
"12286","2022-45-117",-273.15
"12287","2022-45-102",26.89
"12288","2022-45-108",26.5700000000001
"12289","2022-45-120",18.95
"12290","2022-45-115",28.49
"12291","2022-45-107",24.91
"12292","2022-45-114",26.99
"12293","2022-45-119",29.89
"12294","2022-45-104",-273.15
"12295","2022-45-101",33.27
"12296","2022-45-109",28.1900000000001
"12297","2022-45-105",-273.15
"12298","2022-45-113",32.85
"12299","2022-45-116",24.53
"12300","2022-45-111",-273.15
"12301","2022-46-201",24.9675
"12302","2022-46-205",27.0225
"12303","2022-46-203",27.9225
"12304","2022-46-215",-235.46
"12305","2022-46-214",27.005
"12306","2022-46-206",-9.98500000000001
"12307","2022-46-209",28.275
"12308","2022-46-207",25.8225
"12309","2022-46-208",-11.4725
"12310","2022-46-216",-8.70749999999992
"12311","2022-46-210",-10.125
"12312","2022-46-204",27.9425
"12313","2022-46-202",-273.15
"12314","2022-46-212",-273.15
"12315","2022-46-213",23.7250000000001
"12316","2022-46-211",-273.15
"12317","2022-46-306",-20.9925
"12318","2022-46-301",-14.0625
"12319","2022-46-308",19.2825
"12320","2022-46-304",25.635
"12321","2022-46-303",27.7175000000001
"12322","2022-46-307",-20.835
"12323","2022-46-302",-18.7
"12324","2022-46-305",21.045
"12325","2022-46-507",27.92
"12326","2022-46-504",28.5575
"12327","2022-46-506",28.83
"12328","2022-46-505",-11.8575
"12329","2022-46-511",-10.9475
"12330","2022-46-510",-236.085
"12331","2022-46-501",27.275
"12332","2022-46-509",-10.5625
"12333","2022-46-502",11.1825
"12334","2022-46-503",-9.3725
"12335","2022-46-508",-235.835
"12336","2022-46-402",21.99
"12337","2022-46-407",32.385
"12338","2022-46-408",31.715
"12339","2022-46-401",-21.5
"12340","2022-46-406",25.3375
"12341","2022-46-409",32.1700000000001
"12342","2022-46-405",21.68
"12343","2022-46-404",25.3900000000001
"12344","2022-46-403",28.7850000000001
"12345","2022-46-410",-235.47
"12346","2022-46-706",27.0575
"12347","2022-46-701",-235.8725
"12348","2022-46-705",28.3925000000001
"12349","2022-46-702",27.87
"12350","2022-46-703",28.8800000000001
"12351","2022-46-704",-13.9574999999999
"12352","2022-46-603",25.425
"12353","2022-46-610",27.7225
"12354","2022-46-608",-273.15
"12355","2022-46-602",24.195
"12356","2022-46-611",26.6925
"12357","2022-46-607",-273.15
"12358","2022-46-604",-235.7875
"12359","2022-46-605",24.67
"12360","2022-46-609",25.905
"12361","2022-46-601",27.3175
"12362","2022-46-606",27.1425
"12363","2022-46-112",25.225
"12364","2022-46-110",25.495
"12365","2022-46-106",22.015
"12366","2022-46-118",-8.39249999999998
"12367","2022-46-103",21.4125
"12368","2022-46-117",-20.7125
"12369","2022-46-102",27.7125
"12370","2022-46-108",25.5725
"12371","2022-46-120",19.6325
"12372","2022-46-115",30.1525
"12373","2022-46-107",24.9975
"12374","2022-46-114",25.24
"12375","2022-46-119",30.4675
"12376","2022-46-104",-15.4625
"12377","2022-46-101",33.515
"12378","2022-46-109",26.5275
"12379","2022-46-105",-12.3475
"12380","2022-46-113",32.7275
"12381","2022-46-116",23.8825
"12382","2022-46-111",-17.195
"12383","2022-47-201",-198.63
"12384","2022-47-205",26.78
"12385","2022-47-203",27.915
"12386","2022-47-215",-273.15
"12387","2022-47-214",-198.135
"12388","2022-47-206",27.7150000000001
"12389","2022-47-209",29.575
"12390","2022-47-207",26.2
"12391","2022-47-208",24.9500000000001
"12392","2022-47-216",26.61
"12393","2022-47-210",26.43
"12394","2022-47-204",28.5050000000001
"12395","2022-47-202",-273.15
"12396","2022-47-212",-273.15
"12397","2022-47-213",-199.05
"12398","2022-47-211",-273.15
"12399","2022-47-306",18.63
"12400","2022-47-301",21.2100000000001
"12401","2022-47-308",17.56
"12402","2022-47-304",25.6600000000001
"12403","2022-47-303",26.8
"12404","2022-47-307",15.3
"12405","2022-47-302",16.105
"12406","2022-47-305",22.73
"12407","2022-47-507",28.915
"12408","2022-47-504",-197.75
"12409","2022-47-506",-197.645
"12410","2022-47-505",26.835
"12411","2022-47-511",26.36
"12412","2022-47-510",-49.125
"12413","2022-47-501",28.52
"12414","2022-47-509",25.855
"12415","2022-47-502",23.605
"12416","2022-47-503",28.25
"12417","2022-47-508",-273.15
"12418","2022-47-402",21.755
"12419","2022-47-407",32.32
"12420","2022-47-408",30.9300000000001
"12421","2022-47-401",12.56
"12422","2022-47-406",25.1450000000001
"12423","2022-47-409",32.925
"12424","2022-47-405",22.875
"12425","2022-47-404",25.6250000000001
"12426","2022-47-403",27.955
"12427","2022-47-410",-47.415
"12428","2022-47-706",27.8850000000001
"12429","2022-47-701",-273.15
"12430","2022-47-705",28.76
"12431","2022-47-702",28.675
"12432","2022-47-703",27.235
"12433","2022-47-704",23.01
"12434","2022-47-603",26.045
"12435","2022-47-610",26.74
"12436","2022-47-608",-53.25
"12437","2022-47-602",28.4350000000001
"12438","2022-47-611",26.68
"12439","2022-47-607",-273.15
"12440","2022-47-604",-49.4399999999999
"12441","2022-47-605",25.155
"12442","2022-47-609",26.4750000000001
"12443","2022-47-601",27.265
"12444","2022-47-606",25.18
"12445","2022-47-112",24.8550000000001
"12446","2022-47-110",24.035
"12447","2022-47-106",21.63
"12448","2022-47-118",29.2950000000001
"12449","2022-47-103",22.13
"12450","2022-47-117",16.43
"12451","2022-47-102",27.11
"12452","2022-47-108",24.635
"12453","2022-47-120",19.7000000000001
"12454","2022-47-115",26.505
"12455","2022-47-107",25.73
"12456","2022-47-114",24.7650000000001
"12457","2022-47-119",30.625
"12458","2022-47-104",24.74
"12459","2022-47-101",31.7800000000001
"12460","2022-47-109",27.055
"12461","2022-47-105",22.8250000000001
"12462","2022-47-113",31.345
"12463","2022-47-116",26.19
"12464","2022-47-111",-200.02
"12465","2022-48-201",-87.2875
"12466","2022-48-205",25.77
"12467","2022-48-203",27.7825
"12468","2022-48-215",-86.775
"12469","2022-48-214",-273.15
"12470","2022-48-206",27.2625
"12471","2022-48-209",30.05
"12472","2022-48-207",25.83
"12473","2022-48-208",24.7925
"12474","2022-48-216",26.34
"12475","2022-48-210",25.265
"12476","2022-48-204",28.1275
"12477","2022-48-202",-273.15
"12478","2022-48-212",-91.9875
"12479","2022-48-213",-273.15
"12480","2022-48-211",-89.1
"12481","2022-48-306",17.8175
"12482","2022-48-301",20.205
"12483","2022-48-308",17.6125
"12484","2022-48-304",26.9
"12485","2022-48-303",27.31
"12486","2022-48-307",13.0175000000001
"12487","2022-48-302",17.94
"12488","2022-48-305",25.2375000000001
"12489","2022-48-507",29.4025
"12490","2022-48-504",-85.3375
"12491","2022-48-506",-86.3875
"12492","2022-48-505",27.365
"12493","2022-48-511",26.335
"12494","2022-48-510",25.15
"12495","2022-48-501",29.02
"12496","2022-48-509",26.115
"12497","2022-48-502",28.2
"12498","2022-48-503",27.355
"12499","2022-48-508",-273.15
"12500","2022-48-402",22.6375
"12501","2022-48-407",31.715
"12502","2022-48-408",31.1525
"12503","2022-48-401",12.7550000000001
"12504","2022-48-406",24.6025000000001
"12505","2022-48-409",31.55
"12506","2022-48-405",22.1875
"12507","2022-48-404",26.05
"12508","2022-48-403",27.1175000000001
"12509","2022-48-410",26.155
"12510","2022-48-706",28.4375
"12511","2022-48-701",-273.15
"12512","2022-48-705",-159.8625
"12513","2022-48-702",26.6325
"12514","2022-48-703",26.83
"12515","2022-48-704",23.84
"12516","2022-48-603",25.8525
"12517","2022-48-610",26.535
"12518","2022-48-608",23
"12519","2022-48-602",29.555
"12520","2022-48-611",26.3025000000001
"12521","2022-48-607",-273.15
"12522","2022-48-604",24.905
"12523","2022-48-605",25.6725
"12524","2022-48-609",27.075
"12525","2022-48-601",25.86
"12526","2022-48-606",25.84
"12527","2022-48-112",24.1525
"12528","2022-48-110",22.6425
"12529","2022-48-106",21.9500000000001
"12530","2022-48-118",29.35
"12531","2022-48-103",22.925
"12532","2022-48-117",16.8775
"12533","2022-48-102",25.9325
"12534","2022-48-108",24.095
"12535","2022-48-120",19.5275
"12536","2022-48-115",26.56
"12537","2022-48-107",26.395
"12538","2022-48-114",23.415
"12539","2022-48-119",31.35
"12540","2022-48-104",24.245
"12541","2022-48-101",30.265
"12542","2022-48-109",27.21
"12543","2022-48-105",23.33
"12544","2022-48-113",29.5525000000001
"12545","2022-48-116",25.44
"12546","2022-48-111",-273.15
"12547","2022-49-201",25.38
"12548","2022-49-205",26.2
"12549","2022-49-203",28.32
"12550","2022-49-215",25.39
"12551","2022-49-214",-123.2
"12552","2022-49-206",26.89
"12553","2022-49-209",29.71
"12554","2022-49-207",25.49
"12555","2022-49-208",25.78
"12556","2022-49-216",28.05
"12557","2022-49-210",25.79
"12558","2022-49-204",27.98
"12559","2022-49-202",-125.47
"12560","2022-49-212",16.66
"12561","2022-49-213",-273.15
"12562","2022-49-211",20.83
"12563","2022-49-306",19.09
"12564","2022-49-301",20.38
"12565","2022-49-308",17.8500000000001
"12566","2022-49-304",26.34
"12567","2022-49-303",28.19
"12568","2022-49-307",13.27
"12569","2022-49-302",17.33
"12570","2022-49-305",25.43
"12571","2022-49-507",29.75
"12572","2022-49-504",28.9900000000001
"12573","2022-49-506",27.56
"12574","2022-49-505",28.44
"12575","2022-49-511",26.47
"12576","2022-49-510",25.83
"12577","2022-49-501",29.76
"12578","2022-49-509",25.83
"12579","2022-49-502",28.1
"12580","2022-49-503",28
"12581","2022-49-508",-124.66
"12582","2022-49-402",23.07
"12583","2022-49-407",31.0300000000001
"12584","2022-49-408",31.32
"12585","2022-49-401",12.6200000000001
"12586","2022-49-406",24.0600000000001
"12587","2022-49-409",30.19
"12588","2022-49-405",22.5300000000001
"12589","2022-49-404",25.64
"12590","2022-49-403",26.37
"12591","2022-49-410",26.46
"12592","2022-49-706",28.42
"12593","2022-49-701",-125.15
"12594","2022-49-705",-122.19
"12595","2022-49-702",27.61
"12596","2022-49-703",27.55
"12597","2022-49-704",23.65
"12598","2022-49-603",25.91
"12599","2022-49-610",26.54
"12600","2022-49-608",24.71
"12601","2022-49-602",29
"12602","2022-49-611",25.7
"12603","2022-49-607",-273.15
"12604","2022-49-604",25.34
"12605","2022-49-605",24.8
"12606","2022-49-609",27.68
"12607","2022-49-601",25.77
"12608","2022-49-606",26.16
"12609","2022-49-112",24.14
"12610","2022-49-110",23.52
"12611","2022-49-106",22.7200000000001
"12612","2022-49-118",28.67
"12613","2022-49-103",23.31
"12614","2022-49-117",17.15
"12615","2022-49-102",25.14
"12616","2022-49-108",24.62
"12617","2022-49-120",20.32
"12618","2022-49-115",28.52
"12619","2022-49-107",26.58
"12620","2022-49-114",22.8900000000001
"12621","2022-49-119",29.96
"12622","2022-49-104",24.54
"12623","2022-49-101",28.69
"12624","2022-49-109",26.47
"12625","2022-49-105",23.67
"12626","2022-49-113",28.52
"12627","2022-49-116",24.5700000000001
"12628","2022-49-111",-127.08
"12629","2022-50-201",25.9
"12630","2022-50-205",27.1325
"12631","2022-50-203",28.6025
"12632","2022-50-215",-86.35
"12633","2022-50-214",25.5500000000001
"12634","2022-50-206",26.4875
"12635","2022-50-209",30.045
"12636","2022-50-207",25.405
"12637","2022-50-208",26.34
"12638","2022-50-216",28.1175
"12639","2022-50-210",26.0225
"12640","2022-50-204",28.08
"12641","2022-50-202",-88.55
"12642","2022-50-212",17.87
"12643","2022-50-213",-273.15
"12644","2022-50-211",20.96
"12645","2022-50-306",21.3150000000001
"12646","2022-50-301",20.33
"12647","2022-50-308",17.3525000000001
"12648","2022-50-304",-86.75
"12649","2022-50-303",28.26
"12650","2022-50-307",13.8
"12651","2022-50-302",17.4325
"12652","2022-50-305",24.9325
"12653","2022-50-507",30.255
"12654","2022-50-504",30.3675000000001
"12655","2022-50-506",29.465
"12656","2022-50-505",29.545
"12657","2022-50-511",26.965
"12658","2022-50-510",26.2175000000001
"12659","2022-50-501",30.575
"12660","2022-50-509",25.9725
"12661","2022-50-502",28.2025
"12662","2022-50-503",29.4025
"12663","2022-50-508",23.5675
"12664","2022-50-402",22.73
"12665","2022-50-407",30.6825000000001
"12666","2022-50-408",30.895
"12667","2022-50-401",11.765
"12668","2022-50-406",23.8025
"12669","2022-50-409",29.91
"12670","2022-50-405",23.5475000000001
"12671","2022-50-404",25.4925
"12672","2022-50-403",25.975
"12673","2022-50-410",27.395
"12674","2022-50-706",28.2825
"12675","2022-50-701",23.8025
"12676","2022-50-705",28.695
"12677","2022-50-702",28.775
"12678","2022-50-703",28.4275
"12679","2022-50-704",22.875
"12680","2022-50-603",25.7575
"12681","2022-50-610",27.595
"12682","2022-50-608",25.145
"12683","2022-50-602",29.6375
"12684","2022-50-611",26.0275
"12685","2022-50-607",-273.15
"12686","2022-50-604",26.03
"12687","2022-50-605",24.04
"12688","2022-50-609",28.3
"12689","2022-50-601",26.775
"12690","2022-50-606",26.18
"12691","2022-50-112",24.39
"12692","2022-50-110",24.3675
"12693","2022-50-106",22.6800000000001
"12694","2022-50-118",29.7825
"12695","2022-50-103",22.495
"12696","2022-50-117",17.295
"12697","2022-50-102",24.6625
"12698","2022-50-108",24.5975
"12699","2022-50-120",21.405
"12700","2022-50-115",27.0375
"12701","2022-50-107",26.5175
"12702","2022-50-114",23.5275000000001
"12703","2022-50-119",29.4025
"12704","2022-50-104",25.9375
"12705","2022-50-101",28.0225
"12706","2022-50-109",25.79
"12707","2022-50-105",23.3425
"12708","2022-50-113",28.155
"12709","2022-50-116",25.4925000000001
"12710","2022-50-111",-90.5625
"12711","2022-51-201",25.525
"12712","2022-51-205",27.51
"12713","2022-51-203",28.51
"12714","2022-51-215",-198.255
"12715","2022-51-214",24.255
"12716","2022-51-206",26.16
"12717","2022-51-209",31.12
"12718","2022-51-207",25.655
"12719","2022-51-208",26.34
"12720","2022-51-216",26.605
"12721","2022-51-210",25.065
"12722","2022-51-204",28.305
"12723","2022-51-202",-273.15
"12724","2022-51-212",19.935
"12725","2022-51-213",-273.15
"12726","2022-51-211",21.58
"12727","2022-51-306",20.405
"12728","2022-51-301",19.535
"12729","2022-51-308",17.095
"12730","2022-51-304",-198.71
"12731","2022-51-303",27.965
"12732","2022-51-307",12.925
"12733","2022-51-302",19.91
"12734","2022-51-305",25.385
"12735","2022-51-507",30.4950000000001
"12736","2022-51-504",30.5
"12737","2022-51-506",29.905
"12738","2022-51-505",29.985
"12739","2022-51-511",27.555
"12740","2022-51-510",25.085
"12741","2022-51-501",30.9550000000001
"12742","2022-51-509",27.29
"12743","2022-51-502",28.5000000000001
"12744","2022-51-503",29.68
"12745","2022-51-508",23.5800000000001
"12746","2022-51-402",22.555
"12747","2022-51-407",30.65
"12748","2022-51-408",30.87
"12749","2022-51-401",12.04
"12750","2022-51-406",24.2950000000001
"12751","2022-51-409",30.665
"12752","2022-51-405",23.735
"12753","2022-51-404",26.34
"12754","2022-51-403",26.58
"12755","2022-51-410",26.92
"12756","2022-51-706",28.08
"12757","2022-51-701",24.79
"12758","2022-51-705",28.5100000000001
"12759","2022-51-702",27.0550000000001
"12760","2022-51-703",28.725
"12761","2022-51-704",23.0800000000001
"12762","2022-51-603",25.49
"12763","2022-51-610",28.985
"12764","2022-51-608",25.65
"12765","2022-51-602",31.045
"12766","2022-51-611",26.61
"12767","2022-51-607",-273.15
"12768","2022-51-604",26.515
"12769","2022-51-605",25.02
"12770","2022-51-609",28.275
"12771","2022-51-601",27.3200000000001
"12772","2022-51-606",26.835
"12773","2022-51-112",24.07
"12774","2022-51-110",23.71
"12775","2022-51-106",22.57
"12776","2022-51-118",32.39
"12777","2022-51-103",21.115
"12778","2022-51-117",17.175
"12779","2022-51-102",24.8900000000001
"12780","2022-51-108",23.685
"12781","2022-51-120",21.365
"12782","2022-51-115",23.89
"12783","2022-51-107",26.615
"12784","2022-51-114",24.2900000000001
"12785","2022-51-119",31.115
"12786","2022-51-104",25.755
"12787","2022-51-101",29.52
"12788","2022-51-109",26.285
"12789","2022-51-105",23.11
"12790","2022-51-113",28.555
"12791","2022-51-116",26.51
"12792","2022-51-111",-200.07
"12793","2022-52-201",27.402
"12794","2022-52-205",28.9260000000001
"12795","2022-52-203",29.538
"12796","2022-52-215",-33.486
"12797","2022-52-214",26.242
"12798","2022-52-206",26.794
"12799","2022-52-209",30.994
"12800","2022-52-207",26.794
"12801","2022-52-208",27.87
"12802","2022-52-216",28.3900000000001
"12803","2022-52-210",25.9100000000001
"12804","2022-52-204",29.23
"12805","2022-52-202",-273.15
"12806","2022-52-212",19.91
"12807","2022-52-213",-273.15
"12808","2022-52-211",20.498
"12809","2022-52-306",19.338
"12810","2022-52-301",19.906
"12811","2022-52-308",18.306
"12812","2022-52-304",24.822
"12813","2022-52-303",29.326
"12814","2022-52-307",15.854
"12815","2022-52-302",17.07
"12816","2022-52-305",25.1220000000001
"12817","2022-52-507",30.386
"12818","2022-52-504",31.826
"12819","2022-52-506",30.558
"12820","2022-52-505",30.546
"12821","2022-52-511",27.462
"12822","2022-52-510",24.602
"12823","2022-52-501",31.4460000000001
"12824","2022-52-509",27.286
"12825","2022-52-502",29.398
"12826","2022-52-503",29.538
"12827","2022-52-508",-34.686
"12828","2022-52-402",22.7500000000001
"12829","2022-52-407",30.738
"12830","2022-52-408",32.15
"12831","2022-52-401",14.334
"12832","2022-52-406",25.818
"12833","2022-52-409",31.978
"12834","2022-52-405",24.282
"12835","2022-52-404",26.654
"12836","2022-52-403",28.362
"12837","2022-52-410",27.394
"12838","2022-52-706",27.45
"12839","2022-52-701",22.994
"12840","2022-52-705",28.346
"12841","2022-52-702",28.202
"12842","2022-52-703",27.886
"12843","2022-52-704",23.9500000000001
"12844","2022-52-603",27.014
"12845","2022-52-610",27.614
"12846","2022-52-608",24.8580000000001
"12847","2022-52-602",30.958
"12848","2022-52-611",24.7340000000001
"12849","2022-52-607",-273.15
"12850","2022-52-604",27.218
"12851","2022-52-605",26.05
"12852","2022-52-609",27.534
"12853","2022-52-601",27.586
"12854","2022-52-606",26.766
"12855","2022-52-112",23.658
"12856","2022-52-110",24.674
"12857","2022-52-106",24.594
"12858","2022-52-118",30.954
"12859","2022-52-103",22.062
"12860","2022-52-117",17.1460000000001
"12861","2022-52-102",26.746
"12862","2022-52-108",24.598
"12863","2022-52-120",20.754
"12864","2022-52-115",27.89
"12865","2022-52-107",26.918
"12866","2022-52-114",24.63
"12867","2022-52-119",30.09
"12868","2022-52-104",24.7300000000001
"12869","2022-52-101",32.0620000000001
"12870","2022-52-109",27.706
"12871","2022-52-105",22.41
"12872","2022-52-113",30.374
"12873","2022-52-116",25.3460000000001
"12874","2022-52-111",19.518
"12875","2023-1-201",25.565
"12876","2023-1-205",27.9675
"12877","2023-1-203",28.565
"12878","2023-1-215",-273.15
"12879","2023-1-214",-86.35
"12880","2023-1-206",27.2525
"12881","2023-1-209",31.195
"12882","2023-1-207",26.3775000000001
"12883","2023-1-208",26.9025
"12884","2023-1-216",26.965
"12885","2023-1-210",-86.7875
"12886","2023-1-204",28.2575
"12887","2023-1-202",-273.15
"12888","2023-1-212",-89.7875
"12889","2023-1-213",-273.15
"12890","2023-1-211",20.5725
"12891","2023-1-306",18.13
"12892","2023-1-301",20.73
"12893","2023-1-308",18.65
"12894","2023-1-304",26.0675
"12895","2023-1-303",27.9975
"12896","2023-1-307",14.715
"12897","2023-1-302",17.6275
"12898","2023-1-305",25.615
"12899","2023-1-507",31.7125000000001
"12900","2023-1-504",30.5225
"12901","2023-1-506",28.7000000000001
"12902","2023-1-505",29.4975
"12903","2023-1-511",27.27
"12904","2023-1-510",25.2425
"12905","2023-1-501",31.34
"12906","2023-1-509",27.0675
"12907","2023-1-502",29.2175
"12908","2023-1-503",30.1025
"12909","2023-1-508",-273.15
"12910","2023-1-402",22.3525
"12911","2023-1-407",31.285
"12912","2023-1-408",31.465
"12913","2023-1-401",13.67
"12914","2023-1-406",24.1775
"12915","2023-1-409",29.7525000000001
"12916","2023-1-405",22.8625
"12917","2023-1-404",26.0725
"12918","2023-1-403",26.655
"12919","2023-1-410",27.175
"12920","2023-1-706",26.64
"12921","2023-1-701",23.0475
"12922","2023-1-705",28.4775
"12923","2023-1-702",28.5075000000001
"12924","2023-1-703",27.0125
"12925","2023-1-704",23.575
"12926","2023-1-603",26.9375
"12927","2023-1-610",27.92
"12928","2023-1-608",25.2825
"12929","2023-1-602",30.7075
"12930","2023-1-611",25.7725
"12931","2023-1-607",-273.15
"12932","2023-1-604",26.145
"12933","2023-1-605",26.885
"12934","2023-1-609",29.3400000000001
"12935","2023-1-601",26.8425
"12936","2023-1-606",27.3975000000001
"12937","2023-1-112",24.32
"12938","2023-1-110",24.5625
"12939","2023-1-106",22.9175
"12940","2023-1-118",29.4175
"12941","2023-1-103",23.675
"12942","2023-1-117",17.045
"12943","2023-1-102",26.3325
"12944","2023-1-108",24.0125
"12945","2023-1-120",21.2650000000001
"12946","2023-1-115",27.06
"12947","2023-1-107",26.3
"12948","2023-1-114",24.025
"12949","2023-1-119",30.9775
"12950","2023-1-104",24.32
"12951","2023-1-101",30.6275
"12952","2023-1-109",27.5325
"12953","2023-1-105",23.555
"12954","2023-1-113",27.0825
"12955","2023-1-116",25.4225
"12956","2023-1-111",-89.3625
"12957","2023-2-201",24.215
"12958","2023-2-205",28.05
"12959","2023-2-203",29.03
"12960","2023-2-215",-198.49
"12961","2023-2-214",-273.15
"12962","2023-2-206",27.96
"12963","2023-2-209",31.62
"12964","2023-2-207",26.95
"12965","2023-2-208",26.605
"12966","2023-2-216",26.6450000000001
"12967","2023-2-210",-198.095
"12968","2023-2-204",28.29
"12969","2023-2-202",-273.15
"12970","2023-2-212",-200.46
"12971","2023-2-213",-198.5
"12972","2023-2-211",19.555
"12973","2023-2-306",15.56
"12974","2023-2-301",20
"12975","2023-2-308",17.3800000000001
"12976","2023-2-304",26.05
"12977","2023-2-303",26.53
"12978","2023-2-307",12.81
"12979","2023-2-302",16.115
"12980","2023-2-305",25.77
"12981","2023-2-507",31.98
"12982","2023-2-504",31.135
"12983","2023-2-506",29.695
"12984","2023-2-505",30.49
"12985","2023-2-511",27.17
"12986","2023-2-510",24.9650000000001
"12987","2023-2-501",32.225
"12988","2023-2-509",26.585
"12989","2023-2-502",29.2450000000001
"12990","2023-2-503",30.185
"12991","2023-2-508",-199.23
"12992","2023-2-402",21.3
"12993","2023-2-407",31.465
"12994","2023-2-408",31.62
"12995","2023-2-401",10.9
"12996","2023-2-406",23.67
"12997","2023-2-409",29.055
"12998","2023-2-405",21.955
"12999","2023-2-404",25.4
"13000","2023-2-403",25.49
"13001","2023-2-410",26.01
"13002","2023-2-706",26.5550000000001
"13003","2023-2-701",22.51
"13004","2023-2-705",26.935
"13005","2023-2-702",27.55
"13006","2023-2-703",29.41
"13007","2023-2-704",22.7700000000001
"13008","2023-2-603",26.97
"13009","2023-2-610",28.055
"13010","2023-2-608",25.155
"13011","2023-2-602",30.84
"13012","2023-2-611",26.415
"13013","2023-2-607",-273.15
"13014","2023-2-604",25.965
"13015","2023-2-605",26.415
"13016","2023-2-609",29.39
"13017","2023-2-601",25.6
"13018","2023-2-606",27.13
"13019","2023-2-112",24.015
"13020","2023-2-110",23.835
"13021","2023-2-106",21.86
"13022","2023-2-118",27.51
"13023","2023-2-103",23.12
"13024","2023-2-117",17.43
"13025","2023-2-102",26.2950000000001
"13026","2023-2-108",22.785
"13027","2023-2-120",19.54
"13028","2023-2-115",24.215
"13029","2023-2-107",25.435
"13030","2023-2-114",22.8550000000001
"13031","2023-2-119",32.075
"13032","2023-2-104",23.3500000000001
"13033","2023-2-101",29.985
"13034","2023-2-109",27.79
"13035","2023-2-105",23.97
"13036","2023-2-113",24.175
"13037","2023-2-116",25.085
"13038","2023-2-111",-273.15
"13039","2023-3-201",26.5575
"13040","2023-3-205",29.1175
"13041","2023-3-203",30.6625
"13042","2023-3-215",25.7375
"13043","2023-3-214",-235.545
"13044","2023-3-206",28.08
"13045","2023-3-209",32.745
"13046","2023-3-207",28.0825
"13047","2023-3-208",28.18
"13048","2023-3-216",27.8825
"13049","2023-3-210",27.1200000000001
"13050","2023-3-204",29.4150000000001
"13051","2023-3-202",-236.39
"13052","2023-3-212",17.7975
"13053","2023-3-213",25.43
"13054","2023-3-211",20.53
"13055","2023-3-306",21.4
"13056","2023-3-301",20.715
"13057","2023-3-308",17.74
"13058","2023-3-304",24.4425
"13059","2023-3-303",28.8375000000001
"13060","2023-3-307",13.01
"13061","2023-3-302",16.235
"13062","2023-3-305",23.82
"13063","2023-3-507",32.3650000000001
"13064","2023-3-504",31.88
"13065","2023-3-506",30.1225000000001
"13066","2023-3-505",31.2475
"13067","2023-3-511",28.3125000000001
"13068","2023-3-510",25.8675
"13069","2023-3-501",33.045
"13070","2023-3-509",27.6525
"13071","2023-3-502",29.8925
"13072","2023-3-503",31.61
"13073","2023-3-508",22.605
"13074","2023-3-402",22.6875
"13075","2023-3-407",32.0575
"13076","2023-3-408",31.1975
"13077","2023-3-401",12.9375
"13078","2023-3-406",24.63
"13079","2023-3-409",31.0775
"13080","2023-3-405",23.915
"13081","2023-3-404",26.155
"13082","2023-3-403",28.3575
"13083","2023-3-410",24.505
"13084","2023-3-706",28.9975
"13085","2023-3-701",20.9525
"13086","2023-3-705",22.62
"13087","2023-3-702",27.81
"13088","2023-3-703",28.0075
"13089","2023-3-704",20.29
"13090","2023-3-603",26.7725
"13091","2023-3-610",28.73
"13092","2023-3-608",26.1625
"13093","2023-3-602",31.3075
"13094","2023-3-611",26.8425
"13095","2023-3-607",-273.15
"13096","2023-3-604",27.8575000000001
"13097","2023-3-605",27.6775000000001
"13098","2023-3-609",28.4475000000001
"13099","2023-3-601",27.1025
"13100","2023-3-606",27.63
"13101","2023-3-112",24.9425000000001
"13102","2023-3-110",24.6900000000001
"13103","2023-3-106",23.1775
"13104","2023-3-118",29.815
"13105","2023-3-103",23.5700000000001
"13106","2023-3-117",18.33
"13107","2023-3-102",27.02
"13108","2023-3-108",23.8425
"13109","2023-3-120",21.5275
"13110","2023-3-115",25.645
"13111","2023-3-107",27.055
"13112","2023-3-114",23.4375
"13113","2023-3-119",32.7975
"13114","2023-3-104",25.9450000000001
"13115","2023-3-101",31.47
"13116","2023-3-109",28.2075
"13117","2023-3-105",24.6925000000001
"13118","2023-3-113",30.65
"13119","2023-3-116",25.96
"13120","2023-3-111",-236.4375
"13121","2023-4-201",27.73
"13122","2023-4-205",29.87
"13123","2023-4-203",30.7500000000001
"13124","2023-4-215",27.47
"13125","2023-4-214",27.6900000000001
"13126","2023-4-206",29.55
"13127","2023-4-209",35.37
"13128","2023-4-207",28.45
"13129","2023-4-208",28.39
"13130","2023-4-216",26.99
"13131","2023-4-210",27.47
"13132","2023-4-204",30.5700000000001
"13133","2023-4-202",20.93
"13134","2023-4-212",19.11
"13135","2023-4-213",25.29
"13136","2023-4-211",22.21
"13137","2023-4-306",19.65
"13138","2023-4-301",20.05
"13139","2023-4-308",17.53
"13140","2023-4-304",27.47
"13141","2023-4-303",29.87
"13142","2023-4-307",13.99
"13143","2023-4-302",20.7500000000001
"13144","2023-4-305",25.29
"13145","2023-4-507",34.43
"13146","2023-4-504",32.37
"13147","2023-4-506",30.0700000000001
"13148","2023-4-505",32.77
"13149","2023-4-511",30.01
"13150","2023-4-510",25.15
"13151","2023-4-501",33.85
"13152","2023-4-509",29.77
"13153","2023-4-502",32.01
"13154","2023-4-503",33.29
"13155","2023-4-508",23.1300000000001
"13156","2023-4-402",23.79
"13157","2023-4-407",30.85
"13158","2023-4-408",31.81
"13159","2023-4-401",13.97
"13160","2023-4-406",25.47
"13161","2023-4-409",31.27
"13162","2023-4-405",24.93
"13163","2023-4-404",27.45
"13164","2023-4-403",28.27
"13165","2023-4-410",27.41
"13166","2023-4-706",27.93
"13167","2023-4-701",22.65
"13168","2023-4-705",27.17
"13169","2023-4-702",27.95
"13170","2023-4-703",27.43
"13171","2023-4-704",23.51
"13172","2023-4-603",27.0700000000001
"13173","2023-4-610",29.5700000000001
"13174","2023-4-608",27.23
"13175","2023-4-602",33.11
"13176","2023-4-611",29.73
"13177","2023-4-607",-273.15
"13178","2023-4-604",28.61
"13179","2023-4-605",28.01
"13180","2023-4-609",30.2500000000001
"13181","2023-4-601",29.85
"13182","2023-4-606",28.61
"13183","2023-4-112",26.29
"13184","2023-4-110",24.6900000000001
"13185","2023-4-106",23.37
"13186","2023-4-118",31.67
"13187","2023-4-103",23.15
"13188","2023-4-117",19.17
"13189","2023-4-102",27.37
"13190","2023-4-108",24.21
"13191","2023-4-120",21.79
"13192","2023-4-115",27.15
"13193","2023-4-107",28.21
"13194","2023-4-114",25.31
"13195","2023-4-119",31.87
"13196","2023-4-104",27.73
"13197","2023-4-101",31.47
"13198","2023-4-109",28.61
"13199","2023-4-105",24.71
"13200","2023-4-113",29.67
"13201","2023-4-116",28.41
"13202","2023-4-111",20.55
"13203","2023-5-201",27.905
"13204","2023-5-205",30.3075
"13205","2023-5-203",31.5375
"13206","2023-5-215",26.2625
"13207","2023-5-214",26.92
"13208","2023-5-206",29.4975
"13209","2023-5-209",34.7750000000001
"13210","2023-5-207",28.03
"13211","2023-5-208",28.8625
"13212","2023-5-216",26.7975
"13213","2023-5-210",25.895
"13214","2023-5-204",30.0625
"13215","2023-5-202",-236.39
"13216","2023-5-212",16.695
"13217","2023-5-213",25.745
"13218","2023-5-211",21.3
"13219","2023-5-306",15.975
"13220","2023-5-301",20.9075
"13221","2023-5-308",16.8125
"13222","2023-5-304",25.58
"13223","2023-5-303",30.3775
"13224","2023-5-307",12.94
"13225","2023-5-302",16.3925
"13226","2023-5-305",25.745
"13227","2023-5-507",35.445
"13228","2023-5-504",32.51
"13229","2023-5-506",31.3475
"13230","2023-5-505",32.9975
"13231","2023-5-511",29.8
"13232","2023-5-510",25.9725
"13233","2023-5-501",35.5475
"13234","2023-5-509",30.12
"13235","2023-5-502",31.8525
"13236","2023-5-503",33.2375
"13237","2023-5-508",-236.115
"13238","2023-5-402",23.2125000000001
"13239","2023-5-407",31.9175000000001
"13240","2023-5-408",31.4075
"13241","2023-5-401",-237.26
"13242","2023-5-406",23.6675
"13243","2023-5-409",30.5525
"13244","2023-5-405",22.9175000000001
"13245","2023-5-404",28.1325
"13246","2023-5-403",27.6575000000001
"13247","2023-5-410",27.1125000000001
"13248","2023-5-706",23.66
"13249","2023-5-701",-236.175
"13250","2023-5-705",27.1875000000001
"13251","2023-5-702",27.1625
"13252","2023-5-703",26.3275
"13253","2023-5-704",-236.0675
"13254","2023-5-603",28.2425
"13255","2023-5-610",29.1850000000001
"13256","2023-5-608",27.335
"13257","2023-5-602",32.935
"13258","2023-5-611",28.2075
"13259","2023-5-607",-273.15
"13260","2023-5-604",28.1725
"13261","2023-5-605",27.5025
"13262","2023-5-609",30.4425
"13263","2023-5-601",29.9375
"13264","2023-5-606",28.61
"13265","2023-5-112",26.8675
"13266","2023-5-110",23.0975
"13267","2023-5-106",23.3175
"13268","2023-5-118",30.2175
"13269","2023-5-103",22.45
"13270","2023-5-117",20.0625000000001
"13271","2023-5-102",25.235
"13272","2023-5-108",22.9325000000001
"13273","2023-5-120",22.7525
"13274","2023-5-115",26.1525
"13275","2023-5-107",28.175
"13276","2023-5-114",22.1425000000001
"13277","2023-5-119",33.55
"13278","2023-5-104",27.7475000000001
"13279","2023-5-101",30.5425
"13280","2023-5-109",26.72
"13281","2023-5-105",26.7225
"13282","2023-5-113",28.8475
"13283","2023-5-116",27.2025
"13284","2023-5-111",-236.4375
"13285","2023-6-201",28.74
"13286","2023-6-205",31.165
"13287","2023-6-203",31.455
"13288","2023-6-215",27.185
"13289","2023-6-214",26.735
"13290","2023-6-206",29.7
"13291","2023-6-209",35.005
"13292","2023-6-207",27.175
"13293","2023-6-208",29.9200000000001
"13294","2023-6-216",27.25
"13295","2023-6-210",26.645
"13296","2023-6-204",30.395
"13297","2023-6-202",-273.15
"13298","2023-6-212",15.945
"13299","2023-6-213",24.625
"13300","2023-6-211",21.485
"13301","2023-6-306",14.745
"13302","2023-6-301",20.91
"13303","2023-6-308",15.96
"13304","2023-6-304",-198.535
"13305","2023-6-303",30.57
"13306","2023-6-307",11.68
"13307","2023-6-302",-200.92
"13308","2023-6-305",-198.41
"13309","2023-6-507",36.685
"13310","2023-6-504",33.79
"13311","2023-6-506",32.655
"13312","2023-6-505",33.4350000000001
"13313","2023-6-511",30.16
"13314","2023-6-510",26.9600000000001
"13315","2023-6-501",36.915
"13316","2023-6-509",30.485
"13317","2023-6-502",32.325
"13318","2023-6-503",34.175
"13319","2023-6-508",-50.97
"13320","2023-6-402",24.5850000000001
"13321","2023-6-407",32.805
"13322","2023-6-408",32.19
"13323","2023-6-401",-60.2699999999999
"13324","2023-6-406",24.565
"13325","2023-6-409",31.35
"13326","2023-6-405",23.8450000000001
"13327","2023-6-404",29.1
"13328","2023-6-403",27.855
"13329","2023-6-410",25
"13330","2023-6-706",26.695
"13331","2023-6-701",-273.15
"13332","2023-6-705",26.8150000000001
"13333","2023-6-702",26.975
"13334","2023-6-703",23.485
"13335","2023-6-704",-52.425
"13336","2023-6-603",29.31
"13337","2023-6-610",30.075
"13338","2023-6-608",28.175
"13339","2023-6-602",33.4050000000001
"13340","2023-6-611",29.25
"13341","2023-6-607",-273.15
"13342","2023-6-604",28.89
"13343","2023-6-605",28.7500000000001
"13344","2023-6-609",31.775
"13345","2023-6-601",29.935
"13346","2023-6-606",29.54
"13347","2023-6-112",28.12
"13348","2023-6-110",24.085
"13349","2023-6-106",24.66
"13350","2023-6-118",29.95
"13351","2023-6-103",24.465
"13352","2023-6-117",20.28
"13353","2023-6-102",26.46
"13354","2023-6-108",23.635
"13355","2023-6-120",24.045
"13356","2023-6-115",26.22
"13357","2023-6-107",28.875
"13358","2023-6-114",-199.44
"13359","2023-6-119",34.5100000000001
"13360","2023-6-104",29.22
"13361","2023-6-101",30.755
"13362","2023-6-109",27.395
"13363","2023-6-105",26.695
"13364","2023-6-113",28.52
"13365","2023-6-116",28.02
"13366","2023-6-111",-273.15
"13367","2023-7-201",29.31
"13368","2023-7-205",32.1175
"13369","2023-7-203",32.115
"13370","2023-7-215",28.8125000000001
"13371","2023-7-214",27.26
"13372","2023-7-206",31.17
"13373","2023-7-209",37.61
"13374","2023-7-207",29.8975000000001
"13375","2023-7-208",29.975
"13376","2023-7-216",27.61
"13377","2023-7-210",27.12
"13378","2023-7-204",32.6175
"13379","2023-7-202",-88.2625
"13380","2023-7-212",17.5475
"13381","2023-7-213",23.4425
"13382","2023-7-211",22.765
"13383","2023-7-306",17.3225
"13384","2023-7-301",20.395
"13385","2023-7-308",17.3475
"13386","2023-7-304",-84.075
"13387","2023-7-303",30.285
"13388","2023-7-307",15.2475
"13389","2023-7-302",-90.2875
"13390","2023-7-305",-86.7375
"13391","2023-7-507",37.1875
"13392","2023-7-504",34.685
"13393","2023-7-506",33.4425000000001
"13394","2023-7-505",34.52
"13395","2023-7-511",31.34
"13396","2023-7-510",28.1125000000001
"13397","2023-7-501",36.79
"13398","2023-7-509",31.2275
"13399","2023-7-502",33.365
"13400","2023-7-503",34.815
"13401","2023-7-508",24.0275
"13402","2023-7-402",25.2575
"13403","2023-7-407",33.6
"13404","2023-7-408",32.795
"13405","2023-7-401",12.2900000000001
"13406","2023-7-406",25.35
"13407","2023-7-409",33.025
"13408","2023-7-405",24.55
"13409","2023-7-404",28.84
"13410","2023-7-403",30.1625
"13411","2023-7-410",24.96
"13412","2023-7-706",28.1725
"13413","2023-7-701",-86.9875
"13414","2023-7-705",28.19
"13415","2023-7-702",27.875
"13416","2023-7-703",25.765
"13417","2023-7-704",23.1
"13418","2023-7-603",30.4225
"13419","2023-7-610",30.215
"13420","2023-7-608",29.7
"13421","2023-7-602",34.795
"13422","2023-7-611",30.395
"13423","2023-7-607",-273.15
"13424","2023-7-604",30.2125
"13425","2023-7-605",29.315
"13426","2023-7-609",32.8225000000001
"13427","2023-7-601",30.8425
"13428","2023-7-606",30.825
"13429","2023-7-112",28.11
"13430","2023-7-110",25.19
"13431","2023-7-106",24.11
"13432","2023-7-118",31.3425000000001
"13433","2023-7-103",25.0075
"13434","2023-7-117",20.01
"13435","2023-7-102",27.7325000000001
"13436","2023-7-108",25.1675
"13437","2023-7-120",23.48
"13438","2023-7-115",28.4025
"13439","2023-7-107",28.9975
"13440","2023-7-114",-85.925
"13441","2023-7-119",35.5125
"13442","2023-7-104",30.085
"13443","2023-7-101",31.545
"13444","2023-7-109",28.735
"13445","2023-7-105",27.115
"13446","2023-7-113",30.7625
"13447","2023-7-116",28.775
"13448","2023-7-111",-89.6375
"13449","2023-8-201",30.3
"13450","2023-8-205",32.88
"13451","2023-8-203",33.77
"13452","2023-8-215",29.4900000000001
"13453","2023-8-214",-122.78
"13454","2023-8-206",31.67
"13455","2023-8-209",38.79
"13456","2023-8-207",30.6900000000001
"13457","2023-8-208",31.2800000000001
"13458","2023-8-216",26.41
"13459","2023-8-210",26.3
"13460","2023-8-204",33.32
"13461","2023-8-202",-125.24
"13462","2023-8-212",20.12
"13463","2023-8-213",25.69
"13464","2023-8-211",21.65
"13465","2023-8-306",20.2
"13466","2023-8-301",22.17
"13467","2023-8-308",19.03
"13468","2023-8-304",29.49
"13469","2023-8-303",32.31
"13470","2023-8-307",18.7
"13471","2023-8-302",17.51
"13472","2023-8-305",26.62
"13473","2023-8-507",37.46
"13474","2023-8-504",35.68
"13475","2023-8-506",33.9900000000001
"13476","2023-8-505",35.55
"13477","2023-8-511",31.42
"13478","2023-8-510",29.33
"13479","2023-8-501",37.88
"13480","2023-8-509",31.8
"13481","2023-8-502",34.12
"13482","2023-8-503",35.8
"13483","2023-8-508",24.96
"13484","2023-8-402",26.34
"13485","2023-8-407",35.01
"13486","2023-8-408",34.36
"13487","2023-8-401",15.87
"13488","2023-8-406",27.6
"13489","2023-8-409",34.7700000000001
"13490","2023-8-405",26.57
"13491","2023-8-404",29.66
"13492","2023-8-403",31.96
"13493","2023-8-410",-123.9
"13494","2023-8-706",-122.41
"13495","2023-8-701",-124.22
"13496","2023-8-705",-122.03
"13497","2023-8-702",-122.36
"13498","2023-8-703",27.24
"13499","2023-8-704",24.28
"13500","2023-8-603",30.61
"13501","2023-8-610",30.16
"13502","2023-8-608",29.36
"13503","2023-8-602",35.73
"13504","2023-8-611",30.26
"13505","2023-8-607",-273.15
"13506","2023-8-604",30.37
"13507","2023-8-605",29.4800000000001
"13508","2023-8-609",33.08
"13509","2023-8-601",31.41
"13510","2023-8-606",31.33
"13511","2023-8-112",28.27
"13512","2023-8-110",27.97
"13513","2023-8-106",25.97
"13514","2023-8-118",33.9900000000001
"13515","2023-8-103",26.4
"13516","2023-8-117",20.15
"13517","2023-8-102",28.6700000000001
"13518","2023-8-108",27.31
"13519","2023-8-120",23.83
"13520","2023-8-115",30.54
"13521","2023-8-107",29.65
"13522","2023-8-114",26.83
"13523","2023-8-119",36.42
"13524","2023-8-104",29.9
"13525","2023-8-101",33.21
"13526","2023-8-109",29.85
"13527","2023-8-105",27.83
"13528","2023-8-113",33.17
"13529","2023-8-116",28.91
"13530","2023-8-111",22.82
"13531","2023-9-201",-82.9875
"13532","2023-9-205",-81.6625
"13533","2023-9-203",-80.5625
"13534","2023-9-215",-84.05
"13535","2023-9-214",-159.8925
"13536","2023-9-206",-82.85
"13537","2023-9-209",-78.3875
"13538","2023-9-207",-83.8749999999999
"13539","2023-9-208",-81.9624999999999
"13540","2023-9-216",26.515
"13541","2023-9-210",25.525
"13542","2023-9-204",-81.95
"13543","2023-9-202",-273.15
"13544","2023-9-212",-88.9
"13545","2023-9-213",28.1025
"13546","2023-9-211",-90.0375
"13547","2023-9-306",-89.0625
"13548","2023-9-301",22.1075
"13549","2023-9-308",18.5525
"13550","2023-9-304",-83.925
"13551","2023-9-303",34.185
"13552","2023-9-307",-90.0625
"13553","2023-9-302",-92.6875
"13554","2023-9-305",-84.8499999999999
"13555","2023-9-507",-78.9
"13556","2023-9-504",35.805
"13557","2023-9-506",33.9975
"13558","2023-9-505",36.7225
"13559","2023-9-511",31.56
"13560","2023-9-510",30.1725
"13561","2023-9-501",38.79
"13562","2023-9-509",-82.4375
"13563","2023-9-502",34.9125
"13564","2023-9-503",37.265
"13565","2023-9-508",24.4
"13566","2023-9-402",-85.3625
"13567","2023-9-407",-79.875
"13568","2023-9-408",-80.1
"13569","2023-9-401",17.9125
"13570","2023-9-406",28.7175
"13571","2023-9-409",-80.1249999999999
"13572","2023-9-405",26.2125
"13573","2023-9-404",-83.175
"13574","2023-9-403",31.9875
"13575","2023-9-410",-160.485
"13576","2023-9-706",-160.4625
"13577","2023-9-701",-161.445
"13578","2023-9-705",-159.4425
"13579","2023-9-702",-273.15
"13580","2023-9-703",-85.675
"13581","2023-9-704",-87.25
"13582","2023-9-603",29.5225
"13583","2023-9-610",29.775
"13584","2023-9-608",26.8075
"13585","2023-9-602",-79.975
"13586","2023-9-611",-83.8749999999999
"13587","2023-9-607",-273.15
"13588","2023-9-604",-83.75
"13589","2023-9-605",28.8050000000001
"13590","2023-9-609",-81.825
"13591","2023-9-601",-82.7875
"13592","2023-9-606",31.2575000000001
"13593","2023-9-112",-84.5125
"13594","2023-9-110",-83.475
"13595","2023-9-106",-84.6625
"13596","2023-9-118",34.32
"13597","2023-9-103",26.5775
"13598","2023-9-117",-89.6375
"13599","2023-9-102",-84.2125
"13600","2023-9-108",-84.4875
"13601","2023-9-120",-86.9624999999999
"13602","2023-9-115",31.575
"13603","2023-9-107",-83.45
"13604","2023-9-114",27.6700000000001
"13605","2023-9-119",-79.3875
"13606","2023-9-104",-84
"13607","2023-9-101",33.09
"13608","2023-9-109",-83.4625
"13609","2023-9-105",-84.7875
"13610","2023-9-113",33.3275000000001
"13611","2023-9-116",-84.4375
"13612","2023-9-111",23.1825
"13613","2023-10-201",-197.67
"13614","2023-10-205",-197.1
"13615","2023-10-203",-196.7
"13616","2023-10-215",-198.1
"13617","2023-10-214",28.765
"13618","2023-10-206",-197.15
"13619","2023-10-209",-196.025
"13620","2023-10-207",-197.28
"13621","2023-10-208",-197.335
"13622","2023-10-216",29.19
"13623","2023-10-210",26.5650000000001
"13624","2023-10-204",-197.08
"13625","2023-10-202",-273.15
"13626","2023-10-212",-198.925
"13627","2023-10-213",-47.595
"13628","2023-10-211",-198.99
"13629","2023-10-306",-199.65
"13630","2023-10-301",20.0650000000001
"13631","2023-10-308",18.085
"13632","2023-10-304",-197.86
"13633","2023-10-303",33.475
"13634","2023-10-307",-200.235
"13635","2023-10-302",-199.645
"13636","2023-10-305",-197.8
"13637","2023-10-507",-195.615
"13638","2023-10-504",35.065
"13639","2023-10-506",34.26
"13640","2023-10-505",37.37
"13641","2023-10-511",32.57
"13642","2023-10-510",30.495
"13643","2023-10-501",37.58
"13644","2023-10-509",-196.905
"13645","2023-10-502",35.465
"13646","2023-10-503",37.425
"13647","2023-10-508",23.745
"13648","2023-10-402",-198.455
"13649","2023-10-407",-196.3
"13650","2023-10-408",-196.38
"13651","2023-10-401",17.5
"13652","2023-10-406",27.47
"13653","2023-10-409",-196.045
"13654","2023-10-405",23.625
"13655","2023-10-404",-197.81
"13656","2023-10-403",31.3700000000001
"13657","2023-10-410",27.71
"13658","2023-10-706",28.195
"13659","2023-10-701",24.59
"13660","2023-10-705",30.3550000000001
"13661","2023-10-702",-197.78
"13662","2023-10-703",-197.09
"13663","2023-10-704",-198.865
"13664","2023-10-603",28.295
"13665","2023-10-610",29.12
"13666","2023-10-608",25.23
"13667","2023-10-602",-196.045
"13668","2023-10-611",-197.49
"13669","2023-10-607",-273.15
"13670","2023-10-604",-197.805
"13671","2023-10-605",27.67
"13672","2023-10-609",-197.855
"13673","2023-10-601",-197.08
"13674","2023-10-606",30.67
"13675","2023-10-112",-198.28
"13676","2023-10-110",-197.415
"13677","2023-10-106",-198.16
"13678","2023-10-118",32.765
"13679","2023-10-103",24.805
"13680","2023-10-117",-200.46
"13681","2023-10-102",-197.445
"13682","2023-10-108",-197.755
"13683","2023-10-120",-198.975
"13684","2023-10-115",32.05
"13685","2023-10-107",-198
"13686","2023-10-114",28.315
"13687","2023-10-119",-196.435
"13688","2023-10-104",-197.915
"13689","2023-10-101",32.075
"13690","2023-10-109",-197.495
"13691","2023-10-105",-198.5
"13692","2023-10-113",32.775
"13693","2023-10-116",-198.21
"13694","2023-10-111",20.285
"13695","2023-11-201",28.6625
"13696","2023-11-205",31.1625
"13697","2023-11-203",32.7325
"13698","2023-11-215",27.4325
"13699","2023-11-214",28.4875
"13700","2023-11-206",30.9025
"13701","2023-11-209",35.575
"13702","2023-11-207",30.3925
"13703","2023-11-208",29.965
"13704","2023-11-216",29.9525
"13705","2023-11-210",28.8025
"13706","2023-11-204",31.1900000000001
"13707","2023-11-202",-273.15
"13708","2023-11-212",-13.3624999999999
"13709","2023-11-213",-273.15
"13710","2023-11-211",23.3675
"13711","2023-11-306",21.0475
"13712","2023-11-301",24.3075
"13713","2023-11-308",22.2500000000001
"13714","2023-11-304",28.08
"13715","2023-11-303",33.0375000000001
"13716","2023-11-307",17.855
"13717","2023-11-302",20.42
"13718","2023-11-305",28.1100000000001
"13719","2023-11-507",37.0975
"13720","2023-11-504",35.6925
"13721","2023-11-506",36.2025
"13722","2023-11-505",35.7150000000001
"13723","2023-11-511",32.1825
"13724","2023-11-510",30.5800000000001
"13725","2023-11-501",36.42
"13726","2023-11-509",31.78
"13727","2023-11-502",34.41
"13728","2023-11-503",34.805
"13729","2023-11-508",26.15
"13730","2023-11-402",25.4625000000001
"13731","2023-11-407",34.3925000000001
"13732","2023-11-408",34.05
"13733","2023-11-401",18.7275
"13734","2023-11-406",27.9575000000001
"13735","2023-11-409",35.24
"13736","2023-11-405",26.7175
"13737","2023-11-404",28.1575
"13738","2023-11-403",31.6625
"13739","2023-11-410",29.09
"13740","2023-11-706",30.555
"13741","2023-11-701",24.3625
"13742","2023-11-705",30.8225
"13743","2023-11-702",28.6375
"13744","2023-11-703",30.705
"13745","2023-11-704",24.09
"13746","2023-11-603",28.755
"13747","2023-11-610",29.36
"13748","2023-11-608",27.895
"13749","2023-11-602",35.23
"13750","2023-11-611",29.46
"13751","2023-11-607",-273.15
"13752","2023-11-604",28.385
"13753","2023-11-605",28.325
"13754","2023-11-609",28.505
"13755","2023-11-601",31.1700000000001
"13756","2023-11-606",29.0325
"13757","2023-11-112",26.62
"13758","2023-11-110",29.82
"13759","2023-11-106",26.7675
"13760","2023-11-118",35.255
"13761","2023-11-103",26.1075
"13762","2023-11-117",17.6675
"13763","2023-11-102",29.6975
"13764","2023-11-108",28.225
"13765","2023-11-120",23.39
"13766","2023-11-115",32.385
"13767","2023-11-107",27.7
"13768","2023-11-114",27.9825
"13769","2023-11-119",33.9375
"13770","2023-11-104",27.8
"13771","2023-11-101",35.8675
"13772","2023-11-109",29.6025
"13773","2023-11-105",25.6225
"13774","2023-11-113",35.28
"13775","2023-11-116",26.735
"13776","2023-11-111",-15.305
"13777","2023-12-201",27.91
"13778","2023-12-205",31.95
"13779","2023-12-203",33.31
"13780","2023-12-215",30.11
"13781","2023-12-214",28.7500000000001
"13782","2023-12-206",31.27
"13783","2023-12-209",37.15
"13784","2023-12-207",30.83
"13785","2023-12-208",28.95
"13786","2023-12-216",28.99
"13787","2023-12-210",27.35
"13788","2023-12-204",31.61
"13789","2023-12-202",-273.15
"13790","2023-12-212",-273.15
"13791","2023-12-213",-273.15
"13792","2023-12-211",22.51
"13793","2023-12-306",22.43
"13794","2023-12-301",22.61
"13795","2023-12-308",20.01
"13796","2023-12-304",28.5700000000001
"13797","2023-12-303",32.81
"13798","2023-12-307",13.27
"13799","2023-12-302",17.27
"13800","2023-12-305",27.1300000000001
"13801","2023-12-507",37.85
"13802","2023-12-504",35.15
"13803","2023-12-506",34.05
"13804","2023-12-505",35.47
"13805","2023-12-511",32.41
"13806","2023-12-510",29.39
"13807","2023-12-501",36.91
"13808","2023-12-509",31.43
"13809","2023-12-502",35.11
"13810","2023-12-503",36.73
"13811","2023-12-508",24.1900000000001
"13812","2023-12-402",24.29
"13813","2023-12-407",35.39
"13814","2023-12-408",34.89
"13815","2023-12-401",15.77
"13816","2023-12-406",26.33
"13817","2023-12-409",35.03
"13818","2023-12-405",25.79
"13819","2023-12-404",27.79
"13820","2023-12-403",31.1900000000001
"13821","2023-12-410",29.93
"13822","2023-12-706",29.33
"13823","2023-12-701",25.71
"13824","2023-12-705",28.11
"13825","2023-12-702",30.79
"13826","2023-12-703",28.01
"13827","2023-12-704",24.79
"13828","2023-12-603",30.1900000000001
"13829","2023-12-610",29.5700000000001
"13830","2023-12-608",28.49
"13831","2023-12-602",34.95
"13832","2023-12-611",29.2500000000001
"13833","2023-12-607",-273.15
"13834","2023-12-604",29.47
"13835","2023-12-605",29.97
"13836","2023-12-609",31.83
"13837","2023-12-601",31.45
"13838","2023-12-606",30.17
"13839","2023-12-112",28.65
"13840","2023-12-110",30.03
"13841","2023-12-106",26.47
"13842","2023-12-118",33.89
"13843","2023-12-103",26.51
"13844","2023-12-117",18.0700000000001
"13845","2023-12-102",29.89
"13846","2023-12-108",26.79
"13847","2023-12-120",22.27
"13848","2023-12-115",30.53
"13849","2023-12-107",29.45
"13850","2023-12-114",26.81
"13851","2023-12-119",35.53
"13852","2023-12-104",27.87
"13853","2023-12-101",35.43
"13854","2023-12-109",30.53
"13855","2023-12-105",26.83
"13856","2023-12-113",34.23
"13857","2023-12-116",27.61
"13858","2023-12-111",-273.15
"13859","2023-13-201",28.855
"13860","2023-13-205",29.29
"13861","2023-13-203",31.8225
"13862","2023-13-215",-235.2425
"13863","2023-13-214",-235.4125
"13864","2023-13-206",29.4675
"13865","2023-13-209",36.7475000000001
"13866","2023-13-207",28.695
"13867","2023-13-208",28.6525
"13868","2023-13-216",-235.3825
"13869","2023-13-210",26.4575
"13870","2023-13-204",29.8250000000001
"13871","2023-13-202",-273.15
"13872","2023-13-212",-273.15
"13873","2023-13-213",-273.15
"13874","2023-13-211",19.465
"13875","2023-13-306",-236.2025
"13876","2023-13-301",21.7175
"13877","2023-13-308",12.6250000000001
"13878","2023-13-304",-235.435
"13879","2023-13-303",-234.905
"13880","2023-13-307",11.9925
"13881","2023-13-302",-236.8475
"13882","2023-13-305",-235.615
"13883","2023-13-507",38.3925
"13884","2023-13-504",33.7325
"13885","2023-13-506",35.59
"13886","2023-13-505",36.5375000000001
"13887","2023-13-511",32.5675
"13888","2023-13-510",29.285
"13889","2023-13-501",38.1525
"13890","2023-13-509",31.78
"13891","2023-13-502",34.55
"13892","2023-13-503",36.3625
"13893","2023-13-508",-235.9825
"13894","2023-13-402",23.2575
"13895","2023-13-407",31.47
"13896","2023-13-408",32.4575
"13897","2023-13-401",-237.035
"13898","2023-13-406",23.32
"13899","2023-13-409",31.1275000000001
"13900","2023-13-405",22.7975
"13901","2023-13-404",27.9825
"13902","2023-13-403",27.2525000000001
"13903","2023-13-410",-235.265
"13904","2023-13-706",-235.34
"13905","2023-13-701",-235.7925
"13906","2023-13-705",-235.4925
"13907","2023-13-702",-235.1575
"13908","2023-13-703",24.2300000000001
"13909","2023-13-704",-235.9075
"13910","2023-13-603",29.5075
"13911","2023-13-610",29.78
"13912","2023-13-608",28.77
"13913","2023-13-602",34.7750000000001
"13914","2023-13-611",31.1225
"13915","2023-13-607",-273.15
"13916","2023-13-604",28.875
"13917","2023-13-605",29.2350000000001
"13918","2023-13-609",33.3875
"13919","2023-13-601",30.26
"13920","2023-13-606",30.17
"13921","2023-13-112",28.055
"13922","2023-13-110",25.375
"13923","2023-13-106",26.505
"13924","2023-13-118",29.1825
"13925","2023-13-103",25.005
"13926","2023-13-117",21.1850000000001
"13927","2023-13-102",28.5075
"13928","2023-13-108",-235.6575
"13929","2023-13-120",24.7725000000001
"13930","2023-13-115",-235.19
"13931","2023-13-107",28.6975
"13932","2023-13-114",24.8500000000001
"13933","2023-13-119",35.635
"13934","2023-13-104",28.745
"13935","2023-13-101",33.0850000000001
"13936","2023-13-109",27.6600000000001
"13937","2023-13-105",29.3325000000001
"13938","2023-13-113",30.905
"13939","2023-13-116",28.625
"13940","2023-13-111",-273.15
"13941","2023-14-201",30.235
"13942","2023-14-205",33.47
"13943","2023-14-203",35.615
"13944","2023-14-215",-45
"13945","2023-14-214",-45.03
"13946","2023-14-206",32.735
"13947","2023-14-209",39.75
"13948","2023-14-207",30.8200000000001
"13949","2023-14-208",32.075
"13950","2023-14-216",-46.425
"13951","2023-14-210",29
"13952","2023-14-204",31.235
"13953","2023-14-202",-273.15
"13954","2023-14-212",-53.355
"13955","2023-14-213",-46.935
"13956","2023-14-211",20.395
"13957","2023-14-306",-56.835
"13958","2023-14-301",22.775
"13959","2023-14-308",17.765
"13960","2023-14-304",-46.755
"13961","2023-14-303",-41.1449999999999
"13962","2023-14-307",12.305
"13963","2023-14-302",-273.15
"13964","2023-14-305",-47.7
"13965","2023-14-507",39.535
"13966","2023-14-504",36.725
"13967","2023-14-506",36.545
"13968","2023-14-505",38.28
"13969","2023-14-511",32.9500000000001
"13970","2023-14-510",30.125
"13971","2023-14-501",39.095
"13972","2023-14-509",32.745
"13973","2023-14-502",36.15
"13974","2023-14-503",38.53
"13975","2023-14-508",-49.8
"13976","2023-14-402",25.105
"13977","2023-14-407",34.21
"13978","2023-14-408",35.02
"13979","2023-14-401",-58.875
"13980","2023-14-406",27.48
"13981","2023-14-409",34.275
"13982","2023-14-405",26.165
"13983","2023-14-404",29.705
"13984","2023-14-403",31.445
"13985","2023-14-410",-48.3149999999999
"13986","2023-14-706",-44.79
"13987","2023-14-701",-52.7249999999999
"13988","2023-14-705",-46.74
"13989","2023-14-702",-273.15
"13990","2023-14-703",26.765
"13991","2023-14-704",-49.665
"13992","2023-14-603",29.5750000000001
"13993","2023-14-610",29.705
"13994","2023-14-608",29.305
"13995","2023-14-602",37.7500000000001
"13996","2023-14-611",30.595
"13997","2023-14-607",-273.15
"13998","2023-14-604",30.245
"13999","2023-14-605",29.1300000000001
"14000","2023-14-609",32.29
"14001","2023-14-601",32.0400000000001
"14002","2023-14-606",31.49
"14003","2023-14-112",28.4200000000001
"14004","2023-14-110",28.535
"14005","2023-14-106",28.835
"14006","2023-14-118",35.635
"14007","2023-14-103",27.82
"14008","2023-14-117",21.24
"14009","2023-14-102",31.76
"14010","2023-14-108",-48.03
"14011","2023-14-120",26.24
"14012","2023-14-115",-44.07
"14013","2023-14-107",29.67
"14014","2023-14-114",28.02
"14015","2023-14-119",37
"14016","2023-14-104",29.455
"14017","2023-14-101",36.215
"14018","2023-14-109",30.505
"14019","2023-14-105",27.59
"14020","2023-14-113",33.6700000000001
"14021","2023-14-116",28.68
"14022","2023-14-111",-273.15
"14023","2023-15-201",31.3375000000001
"14024","2023-15-205",33.7775
"14025","2023-15-203",36.7500000000001
"14026","2023-15-215",-159.075
"14027","2023-15-214",-159.09
"14028","2023-15-206",33.21
"14029","2023-15-209",40.5075
"14030","2023-15-207",32.13
"14031","2023-15-208",33.3425
"14032","2023-15-216",30.0875
"14033","2023-15-210",28.6775
"14034","2023-15-204",31.165
"14035","2023-15-202",-87.6999999999999
"14036","2023-15-212",18.0475
"14037","2023-15-213",28.9325
"14038","2023-15-211",23.8625
"14039","2023-15-306",18.445
"14040","2023-15-301",23.6325
"14041","2023-15-308",21.33
"14042","2023-15-304",28.86
"14043","2023-15-303",36.215
"14044","2023-15-307",14.1325000000001
"14045","2023-15-302",-89.95
"14046","2023-15-305",25.5375
"14047","2023-15-507",40.615
"14048","2023-15-504",38.19
"14049","2023-15-506",37.0275
"14050","2023-15-505",38.3975
"14051","2023-15-511",33.7575
"14052","2023-15-510",30.3100000000001
"14053","2023-15-501",39.6000000000001
"14054","2023-15-509",32.4625
"14055","2023-15-502",36.81
"14056","2023-15-503",39.095
"14057","2023-15-508",25.4375
"14058","2023-15-402",25.0575000000001
"14059","2023-15-407",36.7975000000001
"14060","2023-15-408",36.0400000000001
"14061","2023-15-401",16.6125
"14062","2023-15-406",28.3475
"14063","2023-15-409",36.9725
"14064","2023-15-405",26.9925
"14065","2023-15-404",28.6200000000001
"14066","2023-15-403",32.105
"14067","2023-15-410",27.7925
"14068","2023-15-706",-158.97
"14069","2023-15-701",-162.9375
"14070","2023-15-705",-159.945
"14071","2023-15-702",-83.1
"14072","2023-15-703",28.565
"14073","2023-15-704",22.2050000000001
"14074","2023-15-603",29.1175
"14075","2023-15-610",29.3825
"14076","2023-15-608",27.9700000000001
"14077","2023-15-602",39.3625
"14078","2023-15-611",29.455
"14079","2023-15-607",-273.15
"14080","2023-15-604",30.6425
"14081","2023-15-605",28.355
"14082","2023-15-609",33.2625
"14083","2023-15-601",32.44
"14084","2023-15-606",31.055
"14085","2023-15-112",27.07
"14086","2023-15-110",30.9475000000001
"14087","2023-15-106",27.5975
"14088","2023-15-118",36.6225
"14089","2023-15-103",27.0175
"14090","2023-15-117",18.81
"14091","2023-15-102",32.3475
"14092","2023-15-108",28.1225
"14093","2023-15-120",24.1975000000001
"14094","2023-15-115",31.8525
"14095","2023-15-107",30.2675
"14096","2023-15-114",28.7950000000001
"14097","2023-15-119",35.55
"14098","2023-15-104",27.375
"14099","2023-15-101",36.07
"14100","2023-15-109",31.7525
"14101","2023-15-105",25.4525
"14102","2023-15-113",35.475
"14103","2023-15-116",27.9875
"14104","2023-15-111",-88.3875
"14105","2023-16-201",31.4800000000001
"14106","2023-16-205",33.76
"14107","2023-16-203",37.3100000000001
"14108","2023-16-215",-119.94
"14109","2023-16-214",-120.07
"14110","2023-16-206",32.97
"14111","2023-16-209",38.78
"14112","2023-16-207",32.49
"14113","2023-16-208",33.28
"14114","2023-16-216",32.31
"14115","2023-16-210",29.8200000000001
"14116","2023-16-204",31.29
"14117","2023-16-202",24.34
"14118","2023-16-212",20.95
"14119","2023-16-213",31.66
"14120","2023-16-211",27.19
"14121","2023-16-306",23.2
"14122","2023-16-301",26.14
"14123","2023-16-308",23.58
"14124","2023-16-304",30.09
"14125","2023-16-303",37.12
"14126","2023-16-307",19.0100000000001
"14127","2023-16-302",21.88
"14128","2023-16-305",27.88
"14129","2023-16-507",37.56
"14130","2023-16-504",39.23
"14131","2023-16-506",38.01
"14132","2023-16-505",37.65
"14133","2023-16-511",33.86
"14134","2023-16-510",31.5500000000001
"14135","2023-16-501",40.3800000000001
"14136","2023-16-509",-120.52
"14137","2023-16-502",35.58
"14138","2023-16-503",38.24
"14139","2023-16-508",27.65
"14140","2023-16-402",25.4400000000001
"14141","2023-16-407",38.1300000000001
"14142","2023-16-408",37.1600000000001
"14143","2023-16-401",20.29
"14144","2023-16-406",30.17
"14145","2023-16-409",38.37
"14146","2023-16-405",27.88
"14147","2023-16-404",28.2
"14148","2023-16-403",33.01
"14149","2023-16-410",29.76
"14150","2023-16-706",-120.47
"14151","2023-16-701",-123.63
"14152","2023-16-705",-120.57
"14153","2023-16-702",30.88
"14154","2023-16-703",30.76
"14155","2023-16-704",23.1600000000001
"14156","2023-16-603",28.29
"14157","2023-16-610",29.12
"14158","2023-16-608",26.54
"14159","2023-16-602",36.8
"14160","2023-16-611",25.97
"14161","2023-16-607",-273.15
"14162","2023-16-604",27.86
"14163","2023-16-605",27.33
"14164","2023-16-609",33.95
"14165","2023-16-601",28.98
"14166","2023-16-606",29.57
"14167","2023-16-112",25.82
"14168","2023-16-110",31.36
"14169","2023-16-106",26.62
"14170","2023-16-118",37.94
"14171","2023-16-103",27.93
"14172","2023-16-117",19.0300000000001
"14173","2023-16-102",32.7
"14174","2023-16-108",31.12
"14175","2023-16-120",24.93
"14176","2023-16-115",34.5
"14177","2023-16-107",29.48
"14178","2023-16-114",30.9200000000001
"14179","2023-16-119",34.87
"14180","2023-16-104",-123.57
"14181","2023-16-101",36.23
"14182","2023-16-109",32.44
"14183","2023-16-105",23.03
"14184","2023-16-113",37.6
"14185","2023-16-116",27.09
"14186","2023-16-111",23.99
"14187","2023-17-201",30.37
"14188","2023-17-205",33.4125
"14189","2023-17-203",37.0825
"14190","2023-17-215",-81.6375
"14191","2023-17-214",32.4175
"14192","2023-17-206",32.565
"14193","2023-17-209",37.99
"14194","2023-17-207",32.07
"14195","2023-17-208",32.7525
"14196","2023-17-216",33.1375
"14197","2023-17-210",32.3350000000001
"14198","2023-17-204",31.7
"14199","2023-17-202",-86.7375
"14200","2023-17-212",24.1375
"14201","2023-17-213",31.86
"14202","2023-17-211",27.15
"14203","2023-17-306",26.0425
"14204","2023-17-301",27.56
"14205","2023-17-308",24.4425
"14206","2023-17-304",31.185
"14207","2023-17-303",36.6075
"14208","2023-17-307",21.75
"14209","2023-17-302",23.3175
"14210","2023-17-305",32.1125
"14211","2023-17-507",35.3150000000001
"14212","2023-17-504",37.735
"14213","2023-17-506",37.2975
"14214","2023-17-505",36.8425
"14215","2023-17-511",33.4225
"14216","2023-17-510",32.1525
"14217","2023-17-501",39.93
"14218","2023-17-509",-160.05
"14219","2023-17-502",34.41
"14220","2023-17-503",38.0675
"14221","2023-17-508",28.0325
"14222","2023-17-402",26.4075000000001
"14223","2023-17-407",37.0925000000001
"14224","2023-17-408",37.0275000000001
"14225","2023-17-401",21.125
"14226","2023-17-406",31.025
"14227","2023-17-409",37.4425
"14228","2023-17-405",28.3475
"14229","2023-17-404",28.5975
"14230","2023-17-403",33.465
"14231","2023-17-410",31.96
"14232","2023-17-706",32.18
"14233","2023-17-701",26.0775
"14234","2023-17-705",33.1125
"14235","2023-17-702",32.4575
"14236","2023-17-703",33.2775
"14237","2023-17-704",25.5925000000001
"14238","2023-17-603",28.5575
"14239","2023-17-610",29.7575
"14240","2023-17-608",26.9175
"14241","2023-17-602",35.01
"14242","2023-17-611",25.6575
"14243","2023-17-607",-273.15
"14244","2023-17-604",27.0425000000001
"14245","2023-17-605",28.045
"14246","2023-17-609",33.1675
"14247","2023-17-601",27.8225
"14248","2023-17-606",29.3525
"14249","2023-17-112",26.88
"14250","2023-17-110",31.39
"14251","2023-17-106",27.09
"14252","2023-17-118",39.37
"14253","2023-17-103",28.67
"14254","2023-17-117",20.9825000000001
"14255","2023-17-102",33.075
"14256","2023-17-108",31.665
"14257","2023-17-120",26.33
"14258","2023-17-115",36.24
"14259","2023-17-107",28.7375
"14260","2023-17-114",31.815
"14261","2023-17-119",35.3
"14262","2023-17-104",-159.72
"14263","2023-17-101",37.08
"14264","2023-17-109",32.46
"14265","2023-17-105",23.6525
"14266","2023-17-113",37.43
"14267","2023-17-116",27.2875
"14268","2023-17-111",23.9425
"14269","2023-18-201",29.12
"14270","2023-18-205",31.79
"14271","2023-18-203",35.1750000000001
"14272","2023-18-215",-273.15
"14273","2023-18-214",-44.715
"14274","2023-18-206",31.7
"14275","2023-18-209",39.58
"14276","2023-18-207",31.275
"14277","2023-18-208",31.775
"14278","2023-18-216",32.0000000000001
"14279","2023-18-210",32.85
"14280","2023-18-204",31.485
"14281","2023-18-202",-273.15
"14282","2023-18-212",23.1450000000001
"14283","2023-18-213",-47.205
"14284","2023-18-211",24.275
"14285","2023-18-306",25.36
"14286","2023-18-301",25.925
"14287","2023-18-308",23.0600000000001
"14288","2023-18-304",30.855
"14289","2023-18-303",34.005
"14290","2023-18-307",19.775
"14291","2023-18-302",21.97
"14292","2023-18-305",32.46
"14293","2023-18-507",37.58
"14294","2023-18-504",33.86
"14295","2023-18-506",35.035
"14296","2023-18-505",36.9
"14297","2023-18-511",32.89
"14298","2023-18-510",30.94
"14299","2023-18-501",38.4400000000001
"14300","2023-18-509",28.715
"14301","2023-18-502",34.53
"14302","2023-18-503",38.75
"14303","2023-18-508",26.01
"14304","2023-18-402",26.4
"14305","2023-18-407",34.5600000000001
"14306","2023-18-408",34.85
"14307","2023-18-401",19.545
"14308","2023-18-406",28.5700000000001
"14309","2023-18-409",35.095
"14310","2023-18-405",27.045
"14311","2023-18-404",28.025
"14312","2023-18-403",31.8
"14313","2023-18-410",32.14
"14314","2023-18-706",32.1100000000001
"14315","2023-18-701",25.435
"14316","2023-18-705",33.61
"14317","2023-18-702",-41.91
"14318","2023-18-703",33.855
"14319","2023-18-704",25.34
"14320","2023-18-603",29.445
"14321","2023-18-610",31.045
"14322","2023-18-608",28.28
"14323","2023-18-602",37.325
"14324","2023-18-611",30.6800000000001
"14325","2023-18-607",-273.15
"14326","2023-18-604",30.34
"14327","2023-18-605",30.4
"14328","2023-18-609",32.9600000000001
"14329","2023-18-601",31.43
"14330","2023-18-606",30.255
"14331","2023-18-112",28.71
"14332","2023-18-110",31.69
"14333","2023-18-106",27.13
"14334","2023-18-118",37.13
"14335","2023-18-103",26.4300000000001
"14336","2023-18-117",21.0750000000001
"14337","2023-18-102",32.27
"14338","2023-18-108",28.4650000000001
"14339","2023-18-120",24.11
"14340","2023-18-115",33.345
"14341","2023-18-107",28.695
"14342","2023-18-114",28.935
"14343","2023-18-119",35.2200000000001
"14344","2023-18-104",28.545
"14345","2023-18-101",36.665
"14346","2023-18-109",31.315
"14347","2023-18-105",26.98
"14348","2023-18-113",34.485
"14349","2023-18-116",28.685
"14350","2023-18-111",22.15
"14351","2023-19-201",29.7250000000001
"14352","2023-19-205",31.27
"14353","2023-19-203",34.4525
"14354","2023-19-215",-273.15
"14355","2023-19-214",-234.72
"14356","2023-19-206",32.475
"14357","2023-19-209",1.25000000000001
"14358","2023-19-207",30.76
"14359","2023-19-208",31.005
"14360","2023-19-216",32.8825000000001
"14361","2023-19-210",-6.87
"14362","2023-19-204",30.965
"14363","2023-19-202",-273.15
"14364","2023-19-212",-12.855
"14365","2023-19-213",-235.26
"14366","2023-19-211",23.3875
"14367","2023-19-306",23.055
"14368","2023-19-301",24.6225000000001
"14369","2023-19-308",-15.4625
"14370","2023-19-304",-7.81499999999999
"14371","2023-19-303",33.455
"14372","2023-19-307",19.0775
"14373","2023-19-302",-16.39
"14374","2023-19-305",29.5075
"14375","2023-19-507",38.4525
"14376","2023-19-504",34.1225
"14377","2023-19-506",36.4875
"14378","2023-19-505",38.6775
"14379","2023-19-511",31.9125
"14380","2023-19-510",31.1525
"14381","2023-19-501",0.305
"14382","2023-19-509",29.5875
"14383","2023-19-502",34.4625
"14384","2023-19-503",37.91
"14385","2023-19-508",26.64
"14386","2023-19-402",25.3475
"14387","2023-19-407",34.1325
"14388","2023-19-408",34.1525
"14389","2023-19-401",16.42
"14390","2023-19-406",28.275
"14391","2023-19-409",35.165
"14392","2023-19-405",26.3775
"14393","2023-19-404",27.2375
"14394","2023-19-403",31.8575
"14395","2023-19-410",28.4175
"14396","2023-19-706",32.0625
"14397","2023-19-701",22.8750000000001
"14398","2023-19-705",30.08
"14399","2023-19-702",-273.15
"14400","2023-19-703",31.8925
"14401","2023-19-704",25.2400000000001
"14402","2023-19-603",28.175
"14403","2023-19-610",31.1
"14404","2023-19-608",28.06
"14405","2023-19-602",-0.394999999999911
"14406","2023-19-611",32.1125
"14407","2023-19-607",-273.15
"14408","2023-19-604",-7.3075
"14409","2023-19-605",30.9425
"14410","2023-19-609",35.3125
"14411","2023-19-601",31.2275
"14412","2023-19-606",29.0725000000001
"14413","2023-19-112",27.13
"14414","2023-19-110",31
"14415","2023-19-106",25.6325
"14416","2023-19-118",33.6725
"14417","2023-19-103",26.08
"14418","2023-19-117",-17.0025
"14419","2023-19-102",31.0725
"14420","2023-19-108",28.0375
"14421","2023-19-120",21.6125
"14422","2023-19-115",30.86
"14423","2023-19-107",27.5850000000001
"14424","2023-19-114",27.9050000000001
"14425","2023-19-119",35.3925000000001
"14426","2023-19-104",26.3750000000001
"14427","2023-19-101",35.655
"14428","2023-19-109",30.45
"14429","2023-19-105",-11.35
"14430","2023-19-113",34.98
"14431","2023-19-116",28.9075
"14432","2023-19-111",-12.61
"14433","2023-20-201",30.81
"14434","2023-20-205",24.6900000000001
"14435","2023-20-203",37.6900000000001
"14436","2023-20-215",-273.15
"14437","2023-20-214",34.29
"14438","2023-20-206",35.59
"14439","2023-20-209",-273.15
"14440","2023-20-207",27.05
"14441","2023-20-208",32.23
"14442","2023-20-216",33.81
"14443","2023-20-210",-273.15
"14444","2023-20-204",28.6900000000001
"14445","2023-20-202",-273.15
"14446","2023-20-212",-273.15
"14447","2023-20-213",29.97
"14448","2023-20-211",22.95
"14449","2023-20-306",20.99
"14450","2023-20-301",21.49
"14451","2023-20-308",-273.15
"14452","2023-20-304",-273.15
"14453","2023-20-303",35.17
"14454","2023-20-307",15.77
"14455","2023-20-302",-273.15
"14456","2023-20-305",27.53
"14457","2023-20-507",40.5700000000001
"14458","2023-20-504",37.01
"14459","2023-20-506",39.83
"14460","2023-20-505",39.15
"14461","2023-20-511",31.79
"14462","2023-20-510",33.6900000000001
"14463","2023-20-501",-273.15
"14464","2023-20-509",30.1300000000001
"14465","2023-20-502",35.67
"14466","2023-20-503",37.91
"14467","2023-20-508",26.01
"14468","2023-20-402",23.65
"14469","2023-20-407",32.61
"14470","2023-20-408",32.21
"14471","2023-20-401",13.55
"14472","2023-20-406",29.99
"14473","2023-20-409",34.29
"14474","2023-20-405",25.17
"14475","2023-20-404",27.71
"14476","2023-20-403",32.05
"14477","2023-20-410",31.1300000000001
"14478","2023-20-706",32.15
"14479","2023-20-701",25.01
"14480","2023-20-705",33.51
"14481","2023-20-702",-273.15
"14482","2023-20-703",33.59
"14483","2023-20-704",26.43
"14484","2023-20-603",28.21
"14485","2023-20-610",29.91
"14486","2023-20-608",29.67
"14487","2023-20-602",-273.15
"14488","2023-20-611",29.33
"14489","2023-20-607",-273.15
"14490","2023-20-604",-273.15
"14491","2023-20-605",29.91
"14492","2023-20-609",34.35
"14493","2023-20-601",29.39
"14494","2023-20-606",27.83
"14495","2023-20-112",26.99
"14496","2023-20-110",30.37
"14497","2023-20-106",22.71
"14498","2023-20-118",31.31
"14499","2023-20-103",26.5700000000001
"14500","2023-20-117",-273.15
"14501","2023-20-102",28.5700000000001
"14502","2023-20-108",29.77
"14503","2023-20-120",23.45
"14504","2023-20-115",33.31
"14505","2023-20-107",27.27
"14506","2023-20-114",30.2500000000001
"14507","2023-20-119",37.23
"14508","2023-20-104",27.67
"14509","2023-20-101",34.15
"14510","2023-20-109",28.49
"14511","2023-20-105",-273.15
"14512","2023-20-113",35.1900000000001
"14513","2023-20-116",25.53
"14514","2023-20-111",-273.15
"14515","2023-21-201",28.0625
"14516","2023-21-205",29.1525
"14517","2023-21-203",32.5275
"14518","2023-21-215",-273.15
"14519","2023-21-214",-234.72
"14520","2023-21-206",28.9925
"14521","2023-21-209",-273.15
"14522","2023-21-207",30.9875
"14523","2023-21-208",-234.9775
"14524","2023-21-216",32.4450000000001
"14525","2023-21-210",-273.15
"14526","2023-21-204",30.0550000000001
"14527","2023-21-202",-273.15
"14528","2023-21-212",-273.15
"14529","2023-21-213",-235.26
"14530","2023-21-211",-236.1375
"14531","2023-21-306",-236.3825
"14532","2023-21-301",22.4875000000001
"14533","2023-21-308",-16.0924999999999
"14534","2023-21-304",-7.32500000000005
"14535","2023-21-303",35.0475
"14536","2023-21-307",14.475
"14537","2023-21-302",-16.7575
"14538","2023-21-305",-235.565
"14539","2023-21-507",-233.935
"14540","2023-21-504",-234.38
"14541","2023-21-506",-234.0275
"14542","2023-21-505",-234.1125
"14543","2023-21-511",-235.0325
"14544","2023-21-510",-234.795
"14545","2023-21-501",-273.15
"14546","2023-21-509",-235.24
"14547","2023-21-502",-234.5475
"14548","2023-21-503",36.4225
"14549","2023-21-508",34.515
"14550","2023-21-402",24.0700000000001
"14551","2023-21-407",34.36
"14552","2023-21-408",35.1675
"14553","2023-21-401",13.8125
"14554","2023-21-406",28.9925
"14555","2023-21-409",34.6925000000001
"14556","2023-21-405",27.9525
"14557","2023-21-404",28.375
"14558","2023-21-403",30.5275
"14559","2023-21-410",28.5575000000001
"14560","2023-21-706",32.535
"14561","2023-21-701",24.695
"14562","2023-21-705",36.1175
"14563","2023-21-702",-273.15
"14564","2023-21-703",34.185
"14565","2023-21-704",25.3625
"14566","2023-21-603",27.8775
"14567","2023-21-610",29.9975
"14568","2023-21-608",28.3925
"14569","2023-21-602",-273.15
"14570","2023-21-611",29.3475
"14571","2023-21-607",-273.15
"14572","2023-21-604",-273.15
"14573","2023-21-605",28.9825
"14574","2023-21-609",-234.7125
"14575","2023-21-601",-235.3325
"14576","2023-21-606",29.86
"14577","2023-21-112",-235.6325
"14578","2023-21-110",27.9200000000001
"14579","2023-21-106",-236.1675
"14580","2023-21-118",32.3775
"14581","2023-21-103",26.43
"14582","2023-21-117",-273.15
"14583","2023-21-102",31.4225
"14584","2023-21-108",26.3925
"14585","2023-21-120",14.5075
"14586","2023-21-115",31.8575
"14587","2023-21-107",27.4275
"14588","2023-21-114",28.0975
"14589","2023-21-119",34.22
"14590","2023-21-104",-235.5475
"14591","2023-21-101",35.0600000000001
"14592","2023-21-109",30.6075
"14593","2023-21-105",-273.15
"14594","2023-21-113",34.5775
"14595","2023-21-116",27.84
"14596","2023-21-111",-273.15
"14597","2023-22-201",26.665
"14598","2023-22-205",28.35
"14599","2023-22-203",30.35
"14600","2023-22-215",-43.935
"14601","2023-22-214",-41.535
"14602","2023-22-206",27.3
"14603","2023-22-209",-40.905
"14604","2023-22-207",29.6900000000001
"14605","2023-22-208",-47.91
"14606","2023-22-216",31.845
"14607","2023-22-210",-44.13
"14608","2023-22-204",30.385
"14609","2023-22-202",-48.945
"14610","2023-22-212",-51.3
"14611","2023-22-213",-43.785
"14612","2023-22-211",-48.63
"14613","2023-22-306",-55.425
"14614","2023-22-301",24.415
"14615","2023-22-308",18.965
"14616","2023-22-304",28.67
"14617","2023-22-303",33.335
"14618","2023-22-307",-201.29
"14619","2023-22-302",20.095
"14620","2023-22-305",-46.425
"14621","2023-22-507",-42.945
"14622","2023-22-504",-42.99
"14623","2023-22-506",-43.5
"14624","2023-22-505",-43.875
"14625","2023-22-511",-46.98
"14626","2023-22-510",-46.8599999999999
"14627","2023-22-501",-44.0999999999999
"14628","2023-22-509",-47.6099999999999
"14629","2023-22-502",-45.96
"14630","2023-22-503",-195.81
"14631","2023-22-508",29.145
"14632","2023-22-402",21.355
"14633","2023-22-407",33.9200000000001
"14634","2023-22-408",33.85
"14635","2023-22-401",-201.4
"14636","2023-22-406",27.695
"14637","2023-22-409",34.405
"14638","2023-22-405",25.9800000000001
"14639","2023-22-404",26.1
"14640","2023-22-403",31.105
"14641","2023-22-410",30.71
"14642","2023-22-706",31.9600000000001
"14643","2023-22-701",26.1800000000001
"14644","2023-22-705",34.4350000000001
"14645","2023-22-702",-44.8949999999999
"14646","2023-22-703",33.07
"14647","2023-22-704",24.625
"14648","2023-22-603",27.3950000000001
"14649","2023-22-610",29.29
"14650","2023-22-608",27.43
"14651","2023-22-602",-42.63
"14652","2023-22-611",27.055
"14653","2023-22-607",-273.15
"14654","2023-22-604",-48.39
"14655","2023-22-605",25.97
"14656","2023-22-609",-45.795
"14657","2023-22-601",-273.15
"14658","2023-22-606",29.8500000000001
"14659","2023-22-112",-49.0649999999999
"14660","2023-22-110",27.81
"14661","2023-22-106",-50.925
"14662","2023-22-118",34.585
"14663","2023-22-103",23.77
"14664","2023-22-117",-58.47
"14665","2023-22-102",30.165
"14666","2023-22-108",28.61
"14667","2023-22-120",19.83
"14668","2023-22-115",33.69
"14669","2023-22-107",26.445
"14670","2023-22-114",28.57
"14671","2023-22-119",33.565
"14672","2023-22-104",-273.15
"14673","2023-22-101",35.295
"14674","2023-22-109",30.685
"14675","2023-22-105",-49.47
"14676","2023-22-113",35.21
"14677","2023-22-116",26.76
"14678","2023-22-111",-273.15
"14679","2023-23-201",-160.845
"14680","2023-23-205",26.345
"14681","2023-23-203",29.4575
"14682","2023-23-215",30.0325000000001
"14683","2023-23-214",-157.3425
"14684","2023-23-206",-160.575
"14685","2023-23-209",-157.0275
"14686","2023-23-207",28.0825
"14687","2023-23-208",-160.53
"14688","2023-23-216",-158.8275
"14689","2023-23-210",-158.64
"14690","2023-23-204",27.9925
"14691","2023-23-202",-161.0475
"14692","2023-23-212",-162.225
"14693","2023-23-213",29.12
"14694","2023-23-211",-160.89
"14695","2023-23-306",18.325
"14696","2023-23-301",24.1850000000001
"14697","2023-23-308",18.1475
"14698","2023-23-304",27.3225
"14699","2023-23-303",32.4825
"14700","2023-23-307",-273.15
"14701","2023-23-302",-163.155
"14702","2023-23-305",28.075
"14703","2023-23-507",-158.0475
"14704","2023-23-504",-158.07
"14705","2023-23-506",-158.325
"14706","2023-23-505",29.6
"14707","2023-23-511",28.385
"14708","2023-23-510",29.8075
"14709","2023-23-501",-158.625
"14710","2023-23-509",-160.38
"14711","2023-23-502",30.7325
"14712","2023-23-503",-84.325
"14713","2023-23-508",22.3125
"14714","2023-23-402",22.305
"14715","2023-23-407",34.1025
"14716","2023-23-408",34.3825
"14717","2023-23-401",-91.7
"14718","2023-23-406",26.8475000000001
"14719","2023-23-409",34.5400000000001
"14720","2023-23-405",25.3275
"14721","2023-23-404",25.6975
"14722","2023-23-403",32.67
"14723","2023-23-410",28.3125
"14724","2023-23-706",30.6875
"14725","2023-23-701",25.5275
"14726","2023-23-705",31.8375000000001
"14727","2023-23-702",-159.0225
"14728","2023-23-703",31.9325
"14729","2023-23-704",25.3425
"14730","2023-23-603",26.7375
"14731","2023-23-610",29.8125
"14732","2023-23-608",26.145
"14733","2023-23-602",-157.89
"14734","2023-23-611",-160.86
"14735","2023-23-607",-273.15
"14736","2023-23-604",-160.77
"14737","2023-23-605",26.5225
"14738","2023-23-609",30.365
"14739","2023-23-601",-85.2875
"14740","2023-23-606",29.875
"14741","2023-23-112",26.1175
"14742","2023-23-110",24.9775
"14743","2023-23-106",24.2
"14744","2023-23-118",34.67
"14745","2023-23-103",22.8775
"14746","2023-23-117",-165.81
"14747","2023-23-102",30.735
"14748","2023-23-108",29.6975
"14749","2023-23-120",21.9175
"14750","2023-23-115",33.2325
"14751","2023-23-107",23.4225
"14752","2023-23-114",28.1925
"14753","2023-23-119",33.59
"14754","2023-23-104",-273.15
"14755","2023-23-101",35.2050000000001
"14756","2023-23-109",-159.24
"14757","2023-23-105",23.29
"14758","2023-23-113",33.925
"14759","2023-23-116",-160.86
"14760","2023-23-111",-273.15
"14761","2023-24-201",-273.15
"14762","2023-24-205",27.14
"14763","2023-24-203",30.66
"14764","2023-24-215",29.25
"14765","2023-24-214",-273.15
"14766","2023-24-206",-121.46
"14767","2023-24-209",-120.09
"14768","2023-24-207",28.13
"14769","2023-24-208",-273.15
"14770","2023-24-216",-121.77
"14771","2023-24-210",-122.01
"14772","2023-24-204",28.3900000000001
"14773","2023-24-202",-125.38
"14774","2023-24-212",-273.15
"14775","2023-24-213",28.04
"14776","2023-24-211",-124.17
"14777","2023-24-306",20.09
"14778","2023-24-301",22.58
"14779","2023-24-308",-127.58
"14780","2023-24-304",27.39
"14781","2023-24-303",32.57
"14782","2023-24-307",-128.79
"14783","2023-24-302",-126.66
"14784","2023-24-305",28.19
"14785","2023-24-507",-120.91
"14786","2023-24-504",-120.69
"14787","2023-24-506",-120.92
"14788","2023-24-505",28.9
"14789","2023-24-511",27.73
"14790","2023-24-510",29.53
"14791","2023-24-501",-120.69
"14792","2023-24-509",-273.15
"14793","2023-24-502",29.87
"14794","2023-24-503",28.53
"14795","2023-24-508",22.91
"14796","2023-24-402",22.95
"14797","2023-24-407",33.67
"14798","2023-24-408",34.49
"14799","2023-24-401",17.28
"14800","2023-24-406",24.7100000000001
"14801","2023-24-409",35.9400000000001
"14802","2023-24-405",26.23
"14803","2023-24-404",25.89
"14804","2023-24-403",33.11
"14805","2023-24-410",26.22
"14806","2023-24-706",30.93
"14807","2023-24-701",25.32
"14808","2023-24-705",31.4400000000001
"14809","2023-24-702",-120.97
"14810","2023-24-703",31.75
"14811","2023-24-704",25.76
"14812","2023-24-603",26.71
"14813","2023-24-610",30.2300000000001
"14814","2023-24-608",25.92
"14815","2023-24-602",-119.77
"14816","2023-24-611",-123.93
"14817","2023-24-607",-273.15
"14818","2023-24-604",-122.9
"14819","2023-24-605",26.33
"14820","2023-24-609",31.25
"14821","2023-24-601",27.8100000000001
"14822","2023-24-606",28.39
"14823","2023-24-112",26.3000000000001
"14824","2023-24-110",26.07
"14825","2023-24-106",21.85
"14826","2023-24-118",35.65
"14827","2023-24-103",24.42
"14828","2023-24-117",-127.6
"14829","2023-24-102",30.96
"14830","2023-24-108",29.76
"14831","2023-24-120",20.54
"14832","2023-24-115",31.99
"14833","2023-24-107",22.89
"14834","2023-24-114",26.24
"14835","2023-24-119",33.67
"14836","2023-24-104",-123.16
"14837","2023-24-101",33.47
"14838","2023-24-109",-121.86
"14839","2023-24-105",23.59
"14840","2023-24-113",35.22
"14841","2023-24-116",-122.47
"14842","2023-24-111",-125.91
"14843","2023-25-201",-160.785
"14844","2023-25-205",29.4875
"14845","2023-25-203",32.2225
"14846","2023-25-215",-83.725
"14847","2023-25-214",-273.15
"14848","2023-25-206",30.1325
"14849","2023-25-209",33.06
"14850","2023-25-207",28.38
"14851","2023-25-208",-160.245
"14852","2023-25-216",-83.925
"14853","2023-25-210",-84.2249999999999
"14854","2023-25-204",30.3775000000001
"14855","2023-25-202",-88.4375
"14856","2023-25-212",-273.15
"14857","2023-25-213",-84.25
"14858","2023-25-211",-86.925
"14859","2023-25-306",19.8975
"14860","2023-25-301",22.34
"14861","2023-25-308",-162.7275
"14862","2023-25-304",27.855
"14863","2023-25-303",32.335
"14864","2023-25-307",-92.6999999999999
"14865","2023-25-302",18.4875
"14866","2023-25-305",28.08
"14867","2023-25-507",31.3825
"14868","2023-25-504",31.605
"14869","2023-25-506",30.92
"14870","2023-25-505",29.235
"14871","2023-25-511",26.805
"14872","2023-25-510",29.7175
"14873","2023-25-501",32.13
"14874","2023-25-509",-160.14
"14875","2023-25-502",27.2975
"14876","2023-25-503",28.1275
"14877","2023-25-508",25.9075
"14878","2023-25-402",-88.3875
"14879","2023-25-407",32.975
"14880","2023-25-408",33.5175
"14881","2023-25-401",-91.5625
"14882","2023-25-406",23.465
"14883","2023-25-409",35.9150000000001
"14884","2023-25-405",25.1375
"14885","2023-25-404",-86.275
"14886","2023-25-403",30.9175
"14887","2023-25-410",-86.1374999999999
"14888","2023-25-706",30.22
"14889","2023-25-701",25.42
"14890","2023-25-705",31.6350000000001
"14891","2023-25-702",-82.925
"14892","2023-25-703",-82.425
"14893","2023-25-704",25.6075000000001
"14894","2023-25-603",27.0575
"14895","2023-25-610",29.1775000000001
"14896","2023-25-608",26.58
"14897","2023-25-602",34.06
"14898","2023-25-611",25.5825
"14899","2023-25-607",-273.15
"14900","2023-25-604",27.1175
"14901","2023-25-605",23.9325
"14902","2023-25-609",30.5975
"14903","2023-25-601",25.4900000000001
"14904","2023-25-606",-85.6625
"14905","2023-25-112",26.5125000000001
"14906","2023-25-110",27.665
"14907","2023-25-106",20.1675
"14908","2023-25-118",36.075
"14909","2023-25-103",25.145
"14910","2023-25-117",18.31
"14911","2023-25-102",30.5475
"14912","2023-25-108",29.08
"14913","2023-25-120",20.4075
"14914","2023-25-115",31.595
"14915","2023-25-107",25.3275
"14916","2023-25-114",24.8425
"14917","2023-25-119",33.0600000000001
"14918","2023-25-104",-85.6625
"14919","2023-25-101",32.515
"14920","2023-25-109",29.3175
"14921","2023-25-105",24.3925
"14922","2023-25-113",36.005
"14923","2023-25-116",27.775
"14924","2023-25-111",21.975
"14925","2023-26-201",25.725
"14926","2023-26-205",29.91
"14927","2023-26-203",-43.98
"14928","2023-26-215",-273.15
"14929","2023-26-214",-273.15
"14930","2023-26-206",29
"14931","2023-26-209",32.975
"14932","2023-26-207",28.02
"14933","2023-26-208",26.805
"14934","2023-26-216",-198.12
"14935","2023-26-210",-273.15
"14936","2023-26-204",30.625
"14937","2023-26-202",-198.485
"14938","2023-26-212",-273.15
"14939","2023-26-213",-273.15
"14940","2023-26-211",-199.51
"14941","2023-26-306",-54.93
"14942","2023-26-301",23.105
"14943","2023-26-308",-52.305
"14944","2023-26-304",-47.415
"14945","2023-26-303",-44.655
"14946","2023-26-307",-273.15
"14947","2023-26-302",17.8450000000001
"14948","2023-26-305",-48.3149999999999
"14949","2023-26-507",31.195
"14950","2023-26-504",-44.79
"14951","2023-26-506",30.135
"14952","2023-26-505",27.975
"14953","2023-26-511",25.675
"14954","2023-26-510",31.35
"14955","2023-26-501",-43.74
"14956","2023-26-509",27.85
"14957","2023-26-502",25.51
"14958","2023-26-503",28.2650000000001
"14959","2023-26-508",26.735
"14960","2023-26-402",-199.835
"14961","2023-26-407",33.27
"14962","2023-26-408",33.21
"14963","2023-26-401",-273.15
"14964","2023-26-406",-49.92
"14965","2023-26-409",-42.945
"14966","2023-26-405",22.075
"14967","2023-26-404",-273.15
"14968","2023-26-403",-47.415
"14969","2023-26-410",-198.275
"14970","2023-26-706",-47.6099999999999
"14971","2023-26-701",-49.71
"14972","2023-26-705",-45.255
"14973","2023-26-702",-273.15
"14974","2023-26-703",-273.15
"14975","2023-26-704",28.0450000000001
"14976","2023-26-603",27.17
"14977","2023-26-610",27.94
"14978","2023-26-608",26.665
"14979","2023-26-602",34.31
"14980","2023-26-611",26.1850000000001
"14981","2023-26-607",-273.15
"14982","2023-26-604",26.51
"14983","2023-26-605",23.365
"14984","2023-26-609",28.81
"14985","2023-26-601",22.72
"14986","2023-26-606",-198.005
"14987","2023-26-112",26.665
"14988","2023-26-110",-49.095
"14989","2023-26-106",22.65
"14990","2023-26-118",-42.375
"14991","2023-26-103",22.75
"14992","2023-26-117",19.33
"14993","2023-26-102",-45.33
"14994","2023-26-108",-47.265
"14995","2023-26-120",22.205
"14996","2023-26-115",32.68
"14997","2023-26-107",27.105
"14998","2023-26-114",-49.4399999999999
"14999","2023-26-119",32.24
"15000","2023-26-104",-199.105
"15001","2023-26-101",-43.0199999999999
"15002","2023-26-109",28.3400000000001
"15003","2023-26-105",23.88
"15004","2023-26-113",33.9400000000001
"15005","2023-26-116",26.955
"15006","2023-26-111",22.145
"15007","2023-27-201",24.09
"15008","2023-27-205",28.285
"15009","2023-27-203",-234.935
"15010","2023-27-215",-273.15
"15011","2023-27-214",-273.15
"15012","2023-27-206",26.765
"15013","2023-27-209",32.3325
"15014","2023-27-207",28.7675
"15015","2023-27-208",24.1525
"15016","2023-27-216",-10.545
"15017","2023-27-210",-273.15
"15018","2023-27-204",30.6875
"15019","2023-27-202",-11.8225
"15020","2023-27-212",-273.15
"15021","2023-27-213",-273.15
"15022","2023-27-211",21.42
"15023","2023-27-306",-273.15
"15024","2023-27-301",21.0825
"15025","2023-27-308",-236.1975
"15026","2023-27-304",-273.15
"15027","2023-27-303",-235.42
"15028","2023-27-307",-236.9125
"15029","2023-27-302",22.1900000000001
"15030","2023-27-305",-273.15
"15031","2023-27-507",30.4075
"15032","2023-27-504",-235.0425
"15033","2023-27-506",29.75
"15034","2023-27-505",27.8675
"15035","2023-27-511",24.3375
"15036","2023-27-510",29.7125
"15037","2023-27-501",-235.4075
"15038","2023-27-509",26.8725
"15039","2023-27-502",26.3125
"15040","2023-27-503",28.68
"15041","2023-27-508",-6.90499999999991
"15042","2023-27-402",20.75
"15043","2023-27-407",34.06
"15044","2023-27-408",34.2
"15045","2023-27-401",-273.15
"15046","2023-27-406",-236.0275
"15047","2023-27-409",-234.7625
"15048","2023-27-405",22.565
"15049","2023-27-404",-235.3125
"15050","2023-27-403",-235.3375
"15051","2023-27-410",-11.0875
"15052","2023-27-706",-273.15
"15053","2023-27-701",-273.15
"15054","2023-27-705",-273.15
"15055","2023-27-702",-273.15
"15056","2023-27-703",-273.15
"15057","2023-27-704",34.055
"15058","2023-27-603",27.49
"15059","2023-27-610",29.3975
"15060","2023-27-608",26.0800000000001
"15061","2023-27-602",32.8425
"15062","2023-27-611",26.3175
"15063","2023-27-607",-273.15
"15064","2023-27-604",26.215
"15065","2023-27-605",28.3925
"15066","2023-27-609",29.93
"15067","2023-27-601",27.9375
"15068","2023-27-606",27.695
"15069","2023-27-112",25.65
"15070","2023-27-110",-236.0425
"15071","2023-27-106",23.57
"15072","2023-27-118",-235.0825
"15073","2023-27-103",20.1150000000001
"15074","2023-27-117",20.8625
"15075","2023-27-102",-235.76
"15076","2023-27-108",-235.8825
"15077","2023-27-120",22.0175
"15078","2023-27-115",34.3275
"15079","2023-27-107",25.84
"15080","2023-27-114",-235.97
"15081","2023-27-119",33.1175
"15082","2023-27-104",23.0125
"15083","2023-27-101",-234.9875
"15084","2023-27-109",26.145
"15085","2023-27-105",25.5975
"15086","2023-27-113",34.6975
"15087","2023-27-116",-10.8075
"15088","2023-27-111",-17.1425
"15089","2023-28-201",28.71
"15090","2023-28-205",30.35
"15091","2023-28-203",32.5700000000001
"15092","2023-28-215",-273.15
"15093","2023-28-214",-273.15
"15094","2023-28-206",31.49
"15095","2023-28-209",32.77
"15096","2023-28-207",27.91
"15097","2023-28-208",29.21
"15098","2023-28-216",-273.15
"15099","2023-28-210",-273.15
"15100","2023-28-204",30.39
"15101","2023-28-202",-273.15
"15102","2023-28-212",-273.15
"15103","2023-28-213",-273.15
"15104","2023-28-211",21.49
"15105","2023-28-306",-273.15
"15106","2023-28-301",21.31
"15107","2023-28-308",22.47
"15108","2023-28-304",-273.15
"15109","2023-28-303",28.6900000000001
"15110","2023-28-307",16.7500000000001
"15111","2023-28-302",19.11
"15112","2023-28-305",-273.15
"15113","2023-28-507",30.67
"15114","2023-28-504",31.71
"15115","2023-28-506",29.89
"15116","2023-28-505",27.85
"15117","2023-28-511",28.73
"15118","2023-28-510",26.23
"15119","2023-28-501",28.79
"15120","2023-28-509",27.59
"15121","2023-28-502",29.83
"15122","2023-28-503",30.01
"15123","2023-28-508",-273.15
"15124","2023-28-402",25.23
"15125","2023-28-407",32.87
"15126","2023-28-408",33.15
"15127","2023-28-401",-273.15
"15128","2023-28-406",23.83
"15129","2023-28-409",33.95
"15130","2023-28-405",23.37
"15131","2023-28-404",29.55
"15132","2023-28-403",29.35
"15133","2023-28-410",-273.15
"15134","2023-28-706",-273.15
"15135","2023-28-701",-273.15
"15136","2023-28-705",-273.15
"15137","2023-28-702",-273.15
"15138","2023-28-703",-273.15
"15139","2023-28-704",24.15
"15140","2023-28-603",29.73
"15141","2023-28-610",30.15
"15142","2023-28-608",29.65
"15143","2023-28-602",33.0700000000001
"15144","2023-28-611",24.83
"15145","2023-28-607",-273.15
"15146","2023-28-604",28.77
"15147","2023-28-605",30.09
"15148","2023-28-609",29.37
"15149","2023-28-601",28.1300000000001
"15150","2023-28-606",29.55
"15151","2023-28-112",26.6300000000001
"15152","2023-28-110",23.71
"15153","2023-28-106",23.29
"15154","2023-28-118",31.39
"15155","2023-28-103",23.09
"15156","2023-28-117",22.77
"15157","2023-28-102",25.97
"15158","2023-28-108",24.99
"15159","2023-28-120",24.17
"15160","2023-28-115",28.85
"15161","2023-28-107",27.17
"15162","2023-28-114",24.29
"15163","2023-28-119",34.43
"15164","2023-28-104",22.89
"15165","2023-28-101",32.15
"15166","2023-28-109",27.37
"15167","2023-28-105",28.17
"15168","2023-28-113",33.49
"15169","2023-28-116",-273.15
"15170","2023-28-111",-273.15
"15171","2023-29-201",27.6425
"15172","2023-29-205",29.7200000000001
"15173","2023-29-203",31.1
"15174","2023-29-215",-273.15
"15175","2023-29-214",-10.65
"15176","2023-29-206",28.0075
"15177","2023-29-209",32.385
"15178","2023-29-207",25.7925
"15179","2023-29-208",27.705
"15180","2023-29-216",-273.15
"15181","2023-29-210",-273.15
"15182","2023-29-204",29.2175
"15183","2023-29-202",-273.15
"15184","2023-29-212",-273.15
"15185","2023-29-213",-273.15
"15186","2023-29-211",-236.32
"15187","2023-29-306",-16.285
"15188","2023-29-301",21.9925
"15189","2023-29-308",19.635
"15190","2023-29-304",-11.0525
"15191","2023-29-303",30.9825
"15192","2023-29-307",17.6775
"15193","2023-29-302",18.97
"15194","2023-29-305",-273.15
"15195","2023-29-507",30.3725
"15196","2023-29-504",31.815
"15197","2023-29-506",31.0275000000001
"15198","2023-29-505",31.1225
"15199","2023-29-511",27.505
"15200","2023-29-510",27.9975000000001
"15201","2023-29-501",33.0075
"15202","2023-29-509",28.0275
"15203","2023-29-502",28.955
"15204","2023-29-503",29.0125
"15205","2023-29-508",-273.15
"15206","2023-29-402",23.5675
"15207","2023-29-407",32.2225000000001
"15208","2023-29-408",32.6950000000001
"15209","2023-29-401",-23.9674999999999
"15210","2023-29-406",24.495
"15211","2023-29-409",34.1075000000001
"15212","2023-29-405",24.0525
"15213","2023-29-404",28.15
"15214","2023-29-403",28.9125
"15215","2023-29-410",-273.15
"15216","2023-29-706",-8.62
"15217","2023-29-701",-273.15
"15218","2023-29-705",-273.15
"15219","2023-29-702",-273.15
"15220","2023-29-703",-5.57500000000005
"15221","2023-29-704",20.7375000000001
"15222","2023-29-603",27.8400000000001
"15223","2023-29-610",-235.2375
"15224","2023-29-608",25.6075
"15225","2023-29-602",31.5475
"15226","2023-29-611",29.345
"15227","2023-29-607",-273.15
"15228","2023-29-604",27.1425
"15229","2023-29-605",27.5000000000001
"15230","2023-29-609",30.8225
"15231","2023-29-601",29.0050000000001
"15232","2023-29-606",29.9
"15233","2023-29-112",24.565
"15234","2023-29-110",26.6675
"15235","2023-29-106",23.29
"15236","2023-29-118",33.4375
"15237","2023-29-103",22.1275
"15238","2023-29-117",22.2100000000001
"15239","2023-29-102",29.0325
"15240","2023-29-108",26.11
"15241","2023-29-120",22.4375000000001
"15242","2023-29-115",31.44
"15243","2023-29-107",28.08
"15244","2023-29-114",-235.97
"15245","2023-29-119",32.0850000000001
"15246","2023-29-104",26.565
"15247","2023-29-101",33.13
"15248","2023-29-109",28.6825
"15249","2023-29-105",28.3975
"15250","2023-29-113",33.49
"15251","2023-29-116",-10.0375
"15252","2023-29-111",-273.15
"15253","2023-30-201",27.25
"15254","2023-30-205",30.53
"15255","2023-30-203",31.0250000000001
"15256","2023-30-215",-273.15
"15257","2023-30-214",-198.15
"15258","2023-30-206",29.835
"15259","2023-30-209",32.675
"15260","2023-30-207",28.9700000000001
"15261","2023-30-208",27.145
"15262","2023-30-216",-44.79
"15263","2023-30-210",-273.15
"15264","2023-30-204",28.27
"15265","2023-30-202",-273.15
"15266","2023-30-212",-273.15
"15267","2023-30-213",-47.04
"15268","2023-30-211",-50.355
"15269","2023-30-306",19.9150000000001
"15270","2023-30-301",22.435
"15271","2023-30-308",19.725
"15272","2023-30-304",-198.265
"15273","2023-30-303",30.065
"15274","2023-30-307",15.83
"15275","2023-30-302",-200.125
"15276","2023-30-305",-48.945
"15277","2023-30-507",30.765
"15278","2023-30-504",31.905
"15279","2023-30-506",31.805
"15280","2023-30-505",29.67
"15281","2023-30-511",27.9
"15282","2023-30-510",-197.8
"15283","2023-30-501",34.45
"15284","2023-30-509",28.345
"15285","2023-30-502",29.4750000000001
"15286","2023-30-503",30.1900000000001
"15287","2023-30-508",-48.555
"15288","2023-30-402",23.615
"15289","2023-30-407",34.35
"15290","2023-30-408",33.185
"15291","2023-30-401",15.065
"15292","2023-30-406",25.145
"15293","2023-30-409",33.32
"15294","2023-30-405",25.155
"15295","2023-30-404",26.81
"15296","2023-30-403",30.2750000000001
"15297","2023-30-410",-47.295
"15298","2023-30-706",-197.57
"15299","2023-30-701",-50.595
"15300","2023-30-705",-273.15
"15301","2023-30-702",-273.15
"15302","2023-30-703",-196.7
"15303","2023-30-704",22.65
"15304","2023-30-603",27.255
"15305","2023-30-610",-46.695
"15306","2023-30-608",26.155
"15307","2023-30-602",30.205
"15308","2023-30-611",27.29
"15309","2023-30-607",-273.15
"15310","2023-30-604",-198.135
"15311","2023-30-605",27.34
"15312","2023-30-609",31.315
"15313","2023-30-601",29.04
"15314","2023-30-606",29.47
"15315","2023-30-112",25.2450000000001
"15316","2023-30-110",25.11
"15317","2023-30-106",24.2500000000001
"15318","2023-30-118",32.455
"15319","2023-30-103",23.355
"15320","2023-30-117",19.1
"15321","2023-30-102",-197.495
"15322","2023-30-108",24.11
"15323","2023-30-120",20.675
"15324","2023-30-115",-196.91
"15325","2023-30-107",27.4450000000001
"15326","2023-30-114",-273.15
"15327","2023-30-119",33.04
"15328","2023-30-104",-198.09
"15329","2023-30-101",33.135
"15330","2023-30-109",30.325
"15331","2023-30-105",-197.755
"15332","2023-30-113",32.5600000000001
"15333","2023-30-116",25.7350000000001
"15334","2023-30-111",-273.15
"15335","2023-31-201",27.4575000000001
"15336","2023-31-205",30.33
"15337","2023-31-203",30.4325
"15338","2023-31-215",-273.15
"15339","2023-31-214",-82.9125
"15340","2023-31-206",28.7725
"15341","2023-31-209",32.6525000000001
"15342","2023-31-207",29.8925000000001
"15343","2023-31-208",26.8550000000001
"15344","2023-31-216",29.0425
"15345","2023-31-210",-83.85
"15346","2023-31-204",29.01
"15347","2023-31-202",-273.15
"15348","2023-31-212",-273.15
"15349","2023-31-213",-160.095
"15350","2023-31-211",23.085
"15351","2023-31-306",-163.3125
"15352","2023-31-301",22.8750000000001
"15353","2023-31-308",19.99
"15354","2023-31-304",-86.1374999999999
"15355","2023-31-303",30.625
"15356","2023-31-307",16.97
"15357","2023-31-302",-88.675
"15358","2023-31-305",26.14
"15359","2023-31-507",32.4475
"15360","2023-31-504",33.3925
"15361","2023-31-506",32.4725000000001
"15362","2023-31-505",31.0925
"15363","2023-31-511",28.4025
"15364","2023-31-510",-84.6625
"15365","2023-31-501",34.9175
"15366","2023-31-509",29.4175
"15367","2023-31-502",30.2025
"15368","2023-31-503",30.78
"15369","2023-31-508",-160.8525
"15370","2023-31-402",23.6600000000001
"15371","2023-31-407",33.965
"15372","2023-31-408",32.745
"15373","2023-31-401",-164.64
"15374","2023-31-406",25.38
"15375","2023-31-409",32.7
"15376","2023-31-405",25.065
"15377","2023-31-404",27.005
"15378","2023-31-403",30.4000000000001
"15379","2023-31-410",25.1025
"15380","2023-31-706",-83.15
"15381","2023-31-701",21.4775
"15382","2023-31-705",-84.175
"15383","2023-31-702",-83.6625
"15384","2023-31-703",-273.15
"15385","2023-31-704",-161.925
"15386","2023-31-603",27.375
"15387","2023-31-610",28.7775
"15388","2023-31-608",26.2925
"15389","2023-31-602",31.0175
"15390","2023-31-611",26.715
"15391","2023-31-607",-273.15
"15392","2023-31-604",-85.35
"15393","2023-31-605",28.86
"15394","2023-31-609",29.5725
"15395","2023-31-601",30.235
"15396","2023-31-606",28.985
"15397","2023-31-112",26.4575
"15398","2023-31-110",26.3125
"15399","2023-31-106",25.0825
"15400","2023-31-118",31.1175000000001
"15401","2023-31-103",24.4225
"15402","2023-31-117",19.2775
"15403","2023-31-102",-85.1375
"15404","2023-31-108",24.19
"15405","2023-31-120",21.32
"15406","2023-31-115",-84.825
"15407","2023-31-107",27.8275
"15408","2023-31-114",-87.6125
"15409","2023-31-119",32.145
"15410","2023-31-104",-85.2875
"15411","2023-31-101",32.3775
"15412","2023-31-109",29.7475
"15413","2023-31-105",-86.9
"15414","2023-31-113",31.2000000000001
"15415","2023-31-116",27.13
"15416","2023-31-111",-273.15
"15417","2023-32-201",25.9
"15418","2023-32-205",28.28
"15419","2023-32-203",30.55
"15420","2023-32-215",-273.15
"15421","2023-32-214",-120.96
"15422","2023-32-206",-122.74
"15423","2023-32-209",31.6000000000001
"15424","2023-32-207",-121.7
"15425","2023-32-208",26.79
"15426","2023-32-216",-122.74
"15427","2023-32-210",-121.71
"15428","2023-32-204",28.69
"15429","2023-32-202",-273.15
"15430","2023-32-212",-273.15
"15431","2023-32-213",-273.15
"15432","2023-32-211",-125.28
"15433","2023-32-306",-125.54
"15434","2023-32-301",21.4600000000001
"15435","2023-32-308",-126.55
"15436","2023-32-304",27.34
"15437","2023-32-303",-120.97
"15438","2023-32-307",-127.55
"15439","2023-32-302",-125.57
"15440","2023-32-305",26.81
"15441","2023-32-507",32.25
"15442","2023-32-504",32.84
"15443","2023-32-506",31.8800000000001
"15444","2023-32-505",30.38
"15445","2023-32-511",26.46
"15446","2023-32-510",27.85
"15447","2023-32-501",32.67
"15448","2023-32-509",28.39
"15449","2023-32-502",29.68
"15450","2023-32-503",-121.14
"15451","2023-32-508",-273.15
"15452","2023-32-402",24.18
"15453","2023-32-407",33.42
"15454","2023-32-408",32.84
"15455","2023-32-401",-129.64
"15456","2023-32-406",26.17
"15457","2023-32-409",33.75
"15458","2023-32-405",25.74
"15459","2023-32-404",27.84
"15460","2023-32-403",30.7400000000001
"15461","2023-32-410",-124.89
"15462","2023-32-706",-121.15
"15463","2023-32-701",21.74
"15464","2023-32-705",-121.97
"15465","2023-32-702",-121.56
"15466","2023-32-703",-273.15
"15467","2023-32-704",-123.51
"15468","2023-32-603",24.5700000000001
"15469","2023-32-610",27.94
"15470","2023-32-608",25.6400000000001
"15471","2023-32-602",30.41
"15472","2023-32-611",-123.12
"15473","2023-32-607",-273.15
"15474","2023-32-604",26.47
"15475","2023-32-605",27.89
"15476","2023-32-609",27.85
"15477","2023-32-601",29.08
"15478","2023-32-606",-122.18
"15479","2023-32-112",-123.08
"15480","2023-32-110",-122.86
"15481","2023-32-106",-123.88
"15482","2023-32-118",31.3700000000001
"15483","2023-32-103",-124.18
"15484","2023-32-117",17.36
"15485","2023-32-102",28.06
"15486","2023-32-108",25.25
"15487","2023-32-120",-125.57
"15488","2023-32-115",29.74
"15489","2023-32-107",27.05
"15490","2023-32-114",24.7300000000001
"15491","2023-32-119",32.75
"15492","2023-32-104",26.5
"15493","2023-32-101",33.12
"15494","2023-32-109",30.21
"15495","2023-32-105",-124.15
"15496","2023-32-113",32.76
"15497","2023-32-116",25.94
"15498","2023-32-111",-273.15
"15499","2023-33-201",24.815
"15500","2023-33-205",27.4525
"15501","2023-33-203",30.0225
"15502","2023-33-215",-158.535
"15503","2023-33-214",-159.3075
"15504","2023-33-206",-160.5675
"15505","2023-33-209",-83.2874999999999
"15506","2023-33-207",-273.15
"15507","2023-33-208",26.38
"15508","2023-33-216",-273.15
"15509","2023-33-210",-159.7575
"15510","2023-33-204",-85.075
"15511","2023-33-202",-273.15
"15512","2023-33-212",-162.675
"15513","2023-33-213",-160.245
"15514","2023-33-211",-273.15
"15515","2023-33-306",23.4875000000001
"15516","2023-33-301",22.37
"15517","2023-33-308",-161.355
"15518","2023-33-304",28.22
"15519","2023-33-303",-158.1525
"15520","2023-33-307",-273.15
"15521","2023-33-302",-162.33
"15522","2023-33-305",26.355
"15523","2023-33-507",29.7275000000001
"15524","2023-33-504",30.12
"15525","2023-33-506",29.7725
"15526","2023-33-505",27.41
"15527","2023-33-511",-87.225
"15528","2023-33-510",-85.3875
"15529","2023-33-501",29.815
"15530","2023-33-509",-85.7
"15531","2023-33-502",-84.4
"15532","2023-33-503",-273.15
"15533","2023-33-508",-273.15
"15534","2023-33-402",23.5075
"15535","2023-33-407",33.0625
"15536","2023-33-408",32.4475
"15537","2023-33-401",-93.7625
"15538","2023-33-406",26.15
"15539","2023-33-409",34.4625
"15540","2023-33-405",25.35
"15541","2023-33-404",26.5375
"15542","2023-33-403",30.6525
"15543","2023-33-410",-273.15
"15544","2023-33-706",-159.585
"15545","2023-33-701",24.86
"15546","2023-33-705",-160.2525
"15547","2023-33-702",-273.15
"15548","2023-33-703",-159.9075
"15549","2023-33-704",27.1125000000001
"15550","2023-33-603",22.9650000000001
"15551","2023-33-610",26.8325
"15552","2023-33-608",25.0850000000001
"15553","2023-33-602",-84.25
"15554","2023-33-611",-161.1825
"15555","2023-33-607",-273.15
"15556","2023-33-604",-86.425
"15557","2023-33-605",-86.15
"15558","2023-33-609",-85.4125
"15559","2023-33-601",-85.4374999999999
"15560","2023-33-606",-160.035
"15561","2023-33-112",-273.15
"15562","2023-33-110",-159.0675
"15563","2023-33-106",-162.48
"15564","2023-33-118",32.44
"15565","2023-33-103",-160.5225
"15566","2023-33-117",14.4825
"15567","2023-33-102",28.8025
"15568","2023-33-108",25.605
"15569","2023-33-120",-161.895
"15570","2023-33-115",31.565
"15571","2023-33-107",25.995
"15572","2023-33-114",25.9450000000001
"15573","2023-33-119",-81.0875
"15574","2023-33-104",-86.4499999999999
"15575","2023-33-101",34.3125
"15576","2023-33-109",29.8325
"15577","2023-33-105",-162.5775
"15578","2023-33-113",34.59
"15579","2023-33-116",23.685
"15580","2023-33-111",-273.15
"15581","2023-34-201",26.045
"15582","2023-34-205",28.1
"15583","2023-34-203",29.4
"15584","2023-34-215",-43.92
"15585","2023-34-214",-45.465
"15586","2023-34-206",-47.9849999999999
"15587","2023-34-209",-197.29
"15588","2023-34-207",-197.25
"15589","2023-34-208",26.3050000000001
"15590","2023-34-216",-199.755
"15591","2023-34-210",-46.365
"15592","2023-34-204",-197.93
"15593","2023-34-202",-198.355
"15594","2023-34-212",-52.2
"15595","2023-34-213",-47.34
"15596","2023-34-211",-198.885
"15597","2023-34-306",25.825
"15598","2023-34-301",26.4900000000001
"15599","2023-34-308",23.05
"15600","2023-34-304",28.3700000000001
"15601","2023-34-303",-43.155
"15602","2023-34-307",-273.15
"15603","2023-34-302",-51.51
"15604","2023-34-305",25.825
"15605","2023-34-507",27.765
"15606","2023-34-504",28.745
"15607","2023-34-506",28.315
"15608","2023-34-505",26.46
"15609","2023-34-511",-197.515
"15610","2023-34-510",-197.725
"15611","2023-34-501",29.345
"15612","2023-34-509",-197.515
"15613","2023-34-502",-197.525
"15614","2023-34-503",-198.04
"15615","2023-34-508",-273.15
"15616","2023-34-402",21.495
"15617","2023-34-407",32.7450000000001
"15618","2023-34-408",31.565
"15619","2023-34-401",-273.15
"15620","2023-34-406",-49.65
"15621","2023-34-409",34.075
"15622","2023-34-405",-50.925
"15623","2023-34-404",24.095
"15624","2023-34-403",30.01
"15625","2023-34-410",-198.145
"15626","2023-34-706",29.7250000000001
"15627","2023-34-701",-47.655
"15628","2023-34-705",-47.355
"15629","2023-34-702",-273.15
"15630","2023-34-703",29.785
"15631","2023-34-704",-46.7249999999999
"15632","2023-34-603",26.0150000000001
"15633","2023-34-610",26.78
"15634","2023-34-608",-49.53
"15635","2023-34-602",-198.285
"15636","2023-34-611",25.88
"15637","2023-34-607",-273.15
"15638","2023-34-604",-198.79
"15639","2023-34-605",-198.32
"15640","2023-34-609",-273.15
"15641","2023-34-601",-198.32
"15642","2023-34-606",28.57
"15643","2023-34-112",-198.39
"15644","2023-34-110",-44.9849999999999
"15645","2023-34-106",23.215
"15646","2023-34-118",33.58
"15647","2023-34-103",26.9250000000001
"15648","2023-34-117",14.0250000000001
"15649","2023-34-102",29.625
"15650","2023-34-108",-49.365
"15651","2023-34-120",22.66
"15652","2023-34-115",-44.295
"15653","2023-34-107",25.92
"15654","2023-34-114",-48.585
"15655","2023-34-119",-196
"15656","2023-34-104",-273.15
"15657","2023-34-101",34.65
"15658","2023-34-109",28.53
"15659","2023-34-105",22.495
"15660","2023-34-113",33.845
"15661","2023-34-116",24.175
"15662","2023-34-111",-273.15
"15663","2023-35-201",26.51
"15664","2023-35-205",25.7725
"15665","2023-35-203",32.6475
"15666","2023-35-215",-273.15
"15667","2023-35-214",-273.15
"15668","2023-35-206",-235.4425
"15669","2023-35-209",30.4875
"15670","2023-35-207",30.325
"15671","2023-35-208",28.375
"15672","2023-35-216",21.7875
"15673","2023-35-210",-273.15
"15674","2023-35-204",28.06
"15675","2023-35-202",-11.3675
"15676","2023-35-212",-236.17
"15677","2023-35-213",-273.15
"15678","2023-35-211",-13.2225
"15679","2023-35-306",25.6075000000001
"15680","2023-35-301",25.9100000000001
"15681","2023-35-308",17.7125
"15682","2023-35-304",30.61
"15683","2023-35-303",-235.7675
"15684","2023-35-307",-237.3475
"15685","2023-35-302",-273.15
"15686","2023-35-305",28.735
"15687","2023-35-507",28.9525
"15688","2023-35-504",31.1950000000001
"15689","2023-35-506",30.0325000000001
"15690","2023-35-505",28.9475
"15691","2023-35-511",28.81
"15692","2023-35-510",28.35
"15693","2023-35-501",30.6
"15694","2023-35-509",28.975
"15695","2023-35-502",29.18
"15696","2023-35-503",27.6625
"15697","2023-35-508",-236.0625
"15698","2023-35-402",21.9225000000001
"15699","2023-35-407",34.595
"15700","2023-35-408",33.33
"15701","2023-35-401",-236.99
"15702","2023-35-406",-235.3875
"15703","2023-35-409",35.55
"15704","2023-35-405",-235.51
"15705","2023-35-404",25.8225
"15706","2023-35-403",31.185
"15707","2023-35-410",27.135
"15708","2023-35-706",29.6675
"15709","2023-35-701",-235.9775
"15710","2023-35-705",-235.0775
"15711","2023-35-702",-235.33
"15712","2023-35-703",32.25
"15713","2023-35-704",-236.1775
"15714","2023-35-603",28.2775
"15715","2023-35-610",27.995
"15716","2023-35-608",-235.91
"15717","2023-35-602",26.9125
"15718","2023-35-611",27.1025
"15719","2023-35-607",-273.15
"15720","2023-35-604",24.5275
"15721","2023-35-605",26.4625
"15722","2023-35-609",-235.4425
"15723","2023-35-601",26.2075
"15724","2023-35-606",28.9325
"15725","2023-35-112",25.855
"15726","2023-35-110",-235.6525
"15727","2023-35-106",26.6225
"15728","2023-35-118",35.3475
"15729","2023-35-103",26.0425000000001
"15730","2023-35-117",14.26
"15731","2023-35-102",30.2525
"15732","2023-35-108",-273.15
"15733","2023-35-120",20.33
"15734","2023-35-115",-235.3525
"15735","2023-35-107",25.46
"15736","2023-35-114",-235.49
"15737","2023-35-119",35.1275
"15738","2023-35-104",-273.15
"15739","2023-35-101",35.55
"15740","2023-35-109",31.6175
"15741","2023-35-105",25.195
"15742","2023-35-113",33.795
"15743","2023-35-116",25.2375
"15744","2023-35-111",-236.03
"15745","2023-36-201",26.51
"15746","2023-36-205",28.17
"15747","2023-36-203",32.49
"15748","2023-36-215",-273.15
"15749","2023-36-214",-273.15
"15750","2023-36-206",28.51
"15751","2023-36-209",31.87
"15752","2023-36-207",29.45
"15753","2023-36-208",28.6900000000001
"15754","2023-36-216",31.29
"15755","2023-36-210",-273.15
"15756","2023-36-204",30.37
"15757","2023-36-202",-273.15
"15758","2023-36-212",22.6900000000001
"15759","2023-36-213",-273.15
"15760","2023-36-211",-273.15
"15761","2023-36-306",24.61
"15762","2023-36-301",23.53
"15763","2023-36-308",20.67
"15764","2023-36-304",29.49
"15765","2023-36-303",25.91
"15766","2023-36-307",13.27
"15767","2023-36-302",-273.15
"15768","2023-36-305",28.21
"15769","2023-36-507",29.39
"15770","2023-36-504",32.0700000000001
"15771","2023-36-506",29.35
"15772","2023-36-505",30.61
"15773","2023-36-511",24.7500000000001
"15774","2023-36-510",26.95
"15775","2023-36-501",31.93
"15776","2023-36-509",26.0700000000001
"15777","2023-36-502",27.99
"15778","2023-36-503",30.27
"15779","2023-36-508",23.55
"15780","2023-36-402",24.39
"15781","2023-36-407",37.15
"15782","2023-36-408",34.03
"15783","2023-36-401",16.1300000000001
"15784","2023-36-406",28.95
"15785","2023-36-409",34.85
"15786","2023-36-405",27.97
"15787","2023-36-404",26.47
"15788","2023-36-403",30.59
"15789","2023-36-410",28.99
"15790","2023-36-706",28.53
"15791","2023-36-701",24.23
"15792","2023-36-705",31.43
"15793","2023-36-702",29.41
"15794","2023-36-703",29.45
"15795","2023-36-704",22.6300000000001
"15796","2023-36-603",26.79
"15797","2023-36-610",27.89
"15798","2023-36-608",24.77
"15799","2023-36-602",31.1300000000001
"15800","2023-36-611",26.21
"15801","2023-36-607",-273.15
"15802","2023-36-604",26.1900000000001
"15803","2023-36-605",28.51
"15804","2023-36-609",28.51
"15805","2023-36-601",26.47
"15806","2023-36-606",29.79
"15807","2023-36-112",25.61
"15808","2023-36-110",26.83
"15809","2023-36-106",24.33
"15810","2023-36-118",33.23
"15811","2023-36-103",25.43
"15812","2023-36-117",16.85
"15813","2023-36-102",29.71
"15814","2023-36-108",-273.15
"15815","2023-36-120",22.29
"15816","2023-36-115",29.23
"15817","2023-36-107",27.49
"15818","2023-36-114",28.1300000000001
"15819","2023-36-119",32.87
"15820","2023-36-104",-273.15
"15821","2023-36-101",35.55
"15822","2023-36-109",28.87
"15823","2023-36-105",27.61
"15824","2023-36-113",36.49
"15825","2023-36-116",27.11
"15826","2023-36-111",23.81
"15827","2023-37-201",27.175
"15828","2023-37-205",28.38
"15829","2023-37-203",30.635
"15830","2023-37-215",-273.15
"15831","2023-37-214",-273.15
"15832","2023-37-206",27.285
"15833","2023-37-209",31.73
"15834","2023-37-207",-235.325
"15835","2023-37-208",27.9375
"15836","2023-37-216",-235.095
"15837","2023-37-210",-14.36
"15838","2023-37-204",30.825
"15839","2023-37-202",-273.15
"15840","2023-37-212",-236.17
"15841","2023-37-213",-273.15
"15842","2023-37-211",-273.15
"15843","2023-37-306",-235.93
"15844","2023-37-301",23.0225
"15845","2023-37-308",-236.4225
"15846","2023-37-304",-235.32
"15847","2023-37-303",31.2825
"15848","2023-37-307",-237.3475
"15849","2023-37-302",-273.15
"15850","2023-37-305",26.5125
"15851","2023-37-507",30.3
"15852","2023-37-504",32.1750000000001
"15853","2023-37-506",32.255
"15854","2023-37-505",29.735
"15855","2023-37-511",27.6375
"15856","2023-37-510",28.28
"15857","2023-37-501",32.0525000000001
"15858","2023-37-509",27.9075
"15859","2023-37-502",29.145
"15860","2023-37-503",29.8325
"15861","2023-37-508",-236.0625
"15862","2023-37-402",25.37
"15863","2023-37-407",33.5975
"15864","2023-37-408",-234.7525
"15865","2023-37-401",-236.99
"15866","2023-37-406",-235.3875
"15867","2023-37-409",-234.65
"15868","2023-37-405",-235.51
"15869","2023-37-404",26.9950000000001
"15870","2023-37-403",-235.1825
"15871","2023-37-410",-235.3825
"15872","2023-37-706",-235.44
"15873","2023-37-701",-235.9775
"15874","2023-37-705",-235.0775
"15875","2023-37-702",31.7725
"15876","2023-37-703",-235.325
"15877","2023-37-704",24.5025
"15878","2023-37-603",28.0675000000001
"15879","2023-37-610",29.0625
"15880","2023-37-608",24.8575
"15881","2023-37-602",33.4225000000001
"15882","2023-37-611",-235.73
"15883","2023-37-607",-273.15
"15884","2023-37-604",29.76
"15885","2023-37-605",27.215
"15886","2023-37-609",32.0625000000001
"15887","2023-37-601",29.165
"15888","2023-37-606",29.86
"15889","2023-37-112",25.6275000000001
"15890","2023-37-110",27.6
"15891","2023-37-106",23.035
"15892","2023-37-118",31.55
"15893","2023-37-103",25.745
"15894","2023-37-117",-236.9
"15895","2023-37-102",-235.2925
"15896","2023-37-108",-273.15
"15897","2023-37-120",-236.22
"15898","2023-37-115",-235.3525
"15899","2023-37-107",27.9625
"15900","2023-37-114",-235.49
"15901","2023-37-119",-234.8975
"15902","2023-37-104",-11.8575
"15903","2023-37-101",33.415
"15904","2023-37-109",-235.3975
"15905","2023-37-105",-235.555
"15906","2023-37-113",-234.445
"15907","2023-37-116",31.205
"15908","2023-37-111",-236.03
"15909","2023-38-201",26.31
"15910","2023-38-205",29.7000000000001
"15911","2023-38-203",30.7
"15912","2023-38-215",-46.53
"15913","2023-38-214",-44.28
"15914","2023-38-206",28.355
"15915","2023-38-209",31.86
"15916","2023-38-207",-46.905
"15917","2023-38-208",26.2250000000001
"15918","2023-38-216",-45.375
"15919","2023-38-210",27.245
"15920","2023-38-204",29.5700000000001
"15921","2023-38-202",-273.15
"15922","2023-38-212",-52.515
"15923","2023-38-213",-273.15
"15924","2023-38-211",-50.34
"15925","2023-38-306",-52.935
"15926","2023-38-301",23.85
"15927","2023-38-308",-51.345
"15928","2023-38-304",-48.195
"15929","2023-38-303",33.445
"15930","2023-38-307",-57.06
"15931","2023-38-302",-54.675
"15932","2023-38-305",27.47
"15933","2023-38-507",30.94
"15934","2023-38-504",32.16
"15935","2023-38-506",31.8450000000001
"15936","2023-38-505",30.39
"15937","2023-38-511",28.185
"15938","2023-38-510",29.265
"15939","2023-38-501",32.475
"15940","2023-38-509",27.66
"15941","2023-38-502",28.695
"15942","2023-38-503",28.825
"15943","2023-38-508",-49.665
"15944","2023-38-402",24.76
"15945","2023-38-407",34.965
"15946","2023-38-408",-42.105
"15947","2023-38-401",-54.6449999999999
"15948","2023-38-406",-47.28
"15949","2023-38-409",-40.8599999999999
"15950","2023-38-405",-49.275
"15951","2023-38-404",26.89
"15952","2023-38-403",-44.31
"15953","2023-38-410",-46.125
"15954","2023-38-706",-43.995
"15955","2023-38-701",-49.59
"15956","2023-38-705",-44.355
"15957","2023-38-702",31.21
"15958","2023-38-703",-44.745
"15959","2023-38-704",22.715
"15960","2023-38-603",28.805
"15961","2023-38-610",29.5300000000001
"15962","2023-38-608",24.7800000000001
"15963","2023-38-602",32.43
"15964","2023-38-611",-49.005
"15965","2023-38-607",-273.15
"15966","2023-38-604",28.47
"15967","2023-38-605",29.52
"15968","2023-38-609",27.11
"15969","2023-38-601",28.26
"15970","2023-38-606",29.51
"15971","2023-38-112",23.32
"15972","2023-38-110",23.12
"15973","2023-38-106",24.26
"15974","2023-38-118",34.145
"15975","2023-38-103",25.1
"15976","2023-38-117",-55.605
"15977","2023-38-102",-45.3599999999999
"15978","2023-38-108",-47.625
"15979","2023-38-120",-51.99
"15980","2023-38-115",-43.71
"15981","2023-38-107",27.955
"15982","2023-38-114",-47.58
"15983","2023-38-119",-42
"15984","2023-38-104",23.25
"15985","2023-38-101",35.48
"15986","2023-38-109",-45.2699999999999
"15987","2023-38-105",-50.5649999999999
"15988","2023-38-113",-41.82
"15989","2023-38-116",28.235
"15990","2023-38-111",-52.875
"15991","2023-39-201",26.1525000000001
"15992","2023-39-205",29.2925
"15993","2023-39-203",30.9225
"15994","2023-39-215",30.2975000000001
"15995","2023-39-214",24.8725
"15996","2023-39-206",28.5075
"15997","2023-39-209",-158.7525
"15998","2023-39-207",29.335
"15999","2023-39-208",26.6525
"16000","2023-39-216",30.0875
"16001","2023-39-210",27.615
"16002","2023-39-204",28.405
"16003","2023-39-202",-273.15
"16004","2023-39-212",-162.8325
"16005","2023-39-213",-84.3125
"16006","2023-39-211",-161.745
"16007","2023-39-306",18.2575
"16008","2023-39-301",24.025
"16009","2023-39-308",-162.2475
"16010","2023-39-304",26.59
"16011","2023-39-303",33.7725000000001
"16012","2023-39-307",-165.105
"16013","2023-39-302",20.4125
"16014","2023-39-305",26.345
"16015","2023-39-507",30.1225
"16016","2023-39-504",31.3625
"16017","2023-39-506",31.045
"16018","2023-39-505",29.1375
"16019","2023-39-511",27.8925000000001
"16020","2023-39-510",27.88
"16021","2023-39-501",30.0225
"16022","2023-39-509",24.715
"16023","2023-39-502",27.865
"16024","2023-39-503",28.2475
"16025","2023-39-508",25.0675
"16026","2023-39-402",23.3975
"16027","2023-39-407",33.99
"16028","2023-39-408",34.1475000000001
"16029","2023-39-401",-163.8975
"16030","2023-39-406",27.5475
"16031","2023-39-409",36.095
"16032","2023-39-405",24.7875
"16033","2023-39-404",26.5175
"16034","2023-39-403",32.4825
"16035","2023-39-410",30.1625
"16036","2023-39-706",31.215
"16037","2023-39-701",25.2675
"16038","2023-39-705",32.3600000000001
"16039","2023-39-702",32.16
"16040","2023-39-703",32.5775
"16041","2023-39-704",23.0300000000001
"16042","2023-39-603",26.9775
"16043","2023-39-610",-159.6075
"16044","2023-39-608",-161.4375
"16045","2023-39-602",-158.7225
"16046","2023-39-611",26.2975
"16047","2023-39-607",-273.15
"16048","2023-39-604",-160.2675
"16049","2023-39-605",27.7
"16050","2023-39-609",27.315
"16051","2023-39-601",27.905
"16052","2023-39-606",28.765
"16053","2023-39-112",-162.2625
"16054","2023-39-110",25.915
"16055","2023-39-106",24.53
"16056","2023-39-118",36.9775
"16057","2023-39-103",23.3825
"16058","2023-39-117",16.76
"16059","2023-39-102",30.42
"16060","2023-39-108",25.65
"16061","2023-39-120",18.1925000000001
"16062","2023-39-115",31.545
"16063","2023-39-107",27.405
"16064","2023-39-114",27.8475
"16065","2023-39-119",34.45
"16066","2023-39-104",-162.2775
"16067","2023-39-101",35.9075000000001
"16068","2023-39-109",30.315
"16069","2023-39-105",24.28
"16070","2023-39-113",35.0275
"16071","2023-39-116",28.0125
"16072","2023-39-111",22.1
"16073","2023-40-201",-123.45
"16074","2023-40-205",28.48
"16075","2023-40-203",30.22
"16076","2023-40-215",31.2100000000001
"16077","2023-40-214",24.87
"16078","2023-40-206",-122.4
"16079","2023-40-209",-121.01
"16080","2023-40-207",28.26
"16081","2023-40-208",-122.96
"16082","2023-40-216",-121.67
"16083","2023-40-210",28.63
"16084","2023-40-204",28.1
"16085","2023-40-202",-124.38
"16086","2023-40-212",-273.15
"16087","2023-40-213",-122.08
"16088","2023-40-211",-124.31
"16089","2023-40-306",-128.11
"16090","2023-40-301",23.3500000000001
"16091","2023-40-308",-273.15
"16092","2023-40-304",26.13
"16093","2023-40-303",-119.73
"16094","2023-40-307",-273.15
"16095","2023-40-302",21.27
"16096","2023-40-305",27.21
"16097","2023-40-507",-121.81
"16098","2023-40-504",31.25
"16099","2023-40-506",30.27
"16100","2023-40-505",28.56
"16101","2023-40-511",-122.73
"16102","2023-40-510",27.94
"16103","2023-40-501",29.66
"16104","2023-40-509",-125.05
"16105","2023-40-502",-122.83
"16106","2023-40-503",28.51
"16107","2023-40-508",25.62
"16108","2023-40-402",22.69
"16109","2023-40-407",33.95
"16110","2023-40-408",33.11
"16111","2023-40-401",-273.15
"16112","2023-40-406",-122.94
"16113","2023-40-409",37.7
"16114","2023-40-405",26.31
"16115","2023-40-404",-123.41
"16116","2023-40-403",33.89
"16117","2023-40-410",29.73
"16118","2023-40-706",29.61
"16119","2023-40-701",25.8
"16120","2023-40-705",-120.26
"16121","2023-40-702",-120.12
"16122","2023-40-703",32.34
"16123","2023-40-704",24.3200000000001
"16124","2023-40-603",26.4
"16125","2023-40-610",-121.17
"16126","2023-40-608",-122.61
"16127","2023-40-602",-122.35
"16128","2023-40-611",-123.25
"16129","2023-40-607",-273.15
"16130","2023-40-604",-123.58
"16131","2023-40-605",26.5
"16132","2023-40-609",27.99
"16133","2023-40-601",24.75
"16134","2023-40-606",28.12
"16135","2023-40-112",-125.49
"16136","2023-40-110",-122.32
"16137","2023-40-106",-124.37
"16138","2023-40-118",-117.52
"16139","2023-40-103",22.3
"16140","2023-40-117",18.01
"16141","2023-40-102",29.17
"16142","2023-40-108",-124.32
"16143","2023-40-120",17.6600000000001
"16144","2023-40-115",-121.17
"16145","2023-40-107",26.74
"16146","2023-40-114",26.91
"16147","2023-40-119",34.3
"16148","2023-40-104",-273.15
"16149","2023-40-101",33.5300000000001
"16150","2023-40-109",29.07
"16151","2023-40-105",22.64
"16152","2023-40-113",36.16
"16153","2023-40-116",27.47
"16154","2023-40-111",-125.06
"16155","2023-41-201",-160.9425
"16156","2023-41-205",-84.825
"16157","2023-41-203",-84.025
"16158","2023-41-215",-82.8375
"16159","2023-41-214",-84.2125
"16160","2023-41-206",-273.15
"16161","2023-41-209",-82.9749999999999
"16162","2023-41-207",-85.7499999999999
"16163","2023-41-208",-273.15
"16164","2023-41-216",-273.15
"16165","2023-41-210",30.38
"16166","2023-41-204",-84.7875
"16167","2023-41-202",-87.1875
"16168","2023-41-212",-273.15
"16169","2023-41-213",-273.15
"16170","2023-41-211",-87.1
"16171","2023-41-306",-273.15
"16172","2023-41-301",22.8400000000001
"16173","2023-41-308",-273.15
"16174","2023-41-304",-86.3125
"16175","2023-41-303",-273.15
"16176","2023-41-307",-273.15
"16177","2023-41-302",-89.45
"16178","2023-41-305",-84.3125
"16179","2023-41-507",-158.805
"16180","2023-41-504",-82.675
"16181","2023-41-506",29.345
"16182","2023-41-505",28.245
"16183","2023-41-511",-160.17
"16184","2023-41-510",-84.3125
"16185","2023-41-501",29.8525
"16186","2023-41-509",-160.9425
"16187","2023-41-502",-161.1975
"16188","2023-41-503",28.615
"16189","2023-41-508",-86.1625
"16190","2023-41-402",-88.275
"16191","2023-41-407",-80.6375
"16192","2023-41-408",33.37
"16193","2023-41-401",-273.15
"16194","2023-41-406",-273.15
"16195","2023-41-409",38.045
"16196","2023-41-405",-84.825
"16197","2023-41-404",-160.785
"16198","2023-41-403",-80.5625
"16199","2023-41-410",-84.35
"16200","2023-41-706",-84.4875
"16201","2023-41-701",26.2425000000001
"16202","2023-41-705",-273.15
"16203","2023-41-702",-273.15
"16204","2023-41-703",32.1325
"16205","2023-41-704",-86.8
"16206","2023-41-603",26.955
"16207","2023-41-610",30.435
"16208","2023-41-608",28.035
"16209","2023-41-602",-84.65
"16210","2023-41-611",-160.9725
"16211","2023-41-607",-273.15
"16212","2023-41-604",26.365
"16213","2023-41-605",-85.625
"16214","2023-41-609",28.335
"16215","2023-41-601",23.92
"16216","2023-41-606",-85.025
"16217","2023-41-112",23.07
"16218","2023-41-110",-273.15
"16219","2023-41-106",-163.4475
"16220","2023-41-118",-157.05
"16221","2023-41-103",-88.6125
"16222","2023-41-117",-90.3375
"16223","2023-41-102",27.8375
"16224","2023-41-108",-273.15
"16225","2023-41-120",20.1425000000001
"16226","2023-41-115",-157.14
"16227","2023-41-107",25.94
"16228","2023-41-114",-86.2875
"16229","2023-41-119",-80.8625
"16230","2023-41-104",-273.15
"16231","2023-41-101",32.495
"16232","2023-41-109",27.03
"16233","2023-41-105",-89.55
"16234","2023-41-113",-79.025
"16235","2023-41-116",26.305
"16236","2023-41-111",-273.15
"16237","2023-42-201",-48.7349999999999
"16238","2023-42-205",-197.85
"16239","2023-42-203",-273.15
"16240","2023-42-215",-273.15
"16241","2023-42-214",-197.945
"16242","2023-42-206",-198.2
"16243","2023-42-209",-273.15
"16244","2023-42-207",-273.15
"16245","2023-42-208",-273.15
"16246","2023-42-216",-273.15
"16247","2023-42-210",30.275
"16248","2023-42-204",-198.27
"16249","2023-42-202",-273.15
"16250","2023-42-212",-273.15
"16251","2023-42-213",-273.15
"16252","2023-42-211",-273.15
"16253","2023-42-306",-199.08
"16254","2023-42-301",23.325
"16255","2023-42-308",-199.21
"16256","2023-42-304",-273.15
"16257","2023-42-303",-197.43
"16258","2023-42-307",-199.245
"16259","2023-42-302",-273.15
"16260","2023-42-305",-273.15
"16261","2023-42-507",-44.46
"16262","2023-42-504",-273.15
"16263","2023-42-506",-46.8599999999999
"16264","2023-42-505",-47.91
"16265","2023-42-511",-47.1899999999999
"16266","2023-42-510",-273.15
"16267","2023-42-501",-47.1449999999999
"16268","2023-42-509",-48.7349999999999
"16269","2023-42-502",-49.245
"16270","2023-42-503",-47.22
"16271","2023-42-508",-273.15
"16272","2023-42-402",-273.15
"16273","2023-42-407",-273.15
"16274","2023-42-408",-42.21
"16275","2023-42-401",-273.15
"16276","2023-42-406",-273.15
"16277","2023-42-409",-41.685
"16278","2023-42-405",-273.15
"16279","2023-42-404",-48.42
"16280","2023-42-403",-273.15
"16281","2023-42-410",-196.495
"16282","2023-42-706",-197.135
"16283","2023-42-701",26.535
"16284","2023-42-705",-273.15
"16285","2023-42-702",-196.985
"16286","2023-42-703",-43.26
"16287","2023-42-704",-273.15
"16288","2023-42-603",-48.165
"16289","2023-42-610",-45.93
"16290","2023-42-608",-47.13
"16291","2023-42-602",-273.15
"16292","2023-42-611",-48.795
"16293","2023-42-607",-273.15
"16294","2023-42-604",-48.045
"16295","2023-42-605",-198.61
"16296","2023-42-609",-45.93
"16297","2023-42-601",-47.385
"16298","2023-42-606",-273.15
"16299","2023-42-112",24.8200000000001
"16300","2023-42-110",-273.15
"16301","2023-42-106",19.76
"16302","2023-42-118",35.41
"16303","2023-42-103",-273.15
"16304","2023-42-117",-199.835
"16305","2023-42-102",-47.625
"16306","2023-42-108",-198.55
"16307","2023-42-120",21.3350000000001
"16308","2023-42-115",34.545
"16309","2023-42-107",24.0950000000001
"16310","2023-42-114",-273.15
"16311","2023-42-119",-273.15
"16312","2023-42-104",-198.795
"16313","2023-42-101",-42.51
"16314","2023-42-109",-49.29
"16315","2023-42-105",-200.22
"16316","2023-42-113",-273.15
"16317","2023-42-116",-48.615
"16318","2023-42-111",-273.15
"16319","2023-43-201",-273.15
"16320","2023-43-205",28.145
"16321","2023-43-203",-235.4075
"16322","2023-43-215",-273.15
"16323","2023-43-214",-9.9325
"16324","2023-43-206",26.7
"16325","2023-43-209",-235.0375
"16326","2023-43-207",-235.565
"16327","2023-43-208",-235.89
"16328","2023-43-216",-235.115
"16329","2023-43-210",-8.06
"16330","2023-43-204",26.4025
"16331","2023-43-202",-273.15
"16332","2023-43-212",-273.15
"16333","2023-43-213",-235.665
"16334","2023-43-211",-273.15
"16335","2023-43-306",-13.9049999999999
"16336","2023-43-301",-12.855
"16337","2023-43-308",21.16
"16338","2023-43-304",-273.15
"16339","2023-43-303",-8.13
"16340","2023-43-307",-14.4825
"16341","2023-43-302",-273.15
"16342","2023-43-305",-273.15
"16343","2023-43-507",-235.3825
"16344","2023-43-504",-235.225
"16345","2023-43-506",-235.31
"16346","2023-43-505",-235.34
"16347","2023-43-511",-235.6175
"16348","2023-43-510",-235.56
"16349","2023-43-501",-273.15
"16350","2023-43-509",-273.15
"16351","2023-43-502",-235.4475
"16352","2023-43-503",-235.295
"16353","2023-43-508",-236.2425
"16354","2023-43-402",-236.2
"16355","2023-43-407",-234.865
"16356","2023-43-408",-234.785
"16357","2023-43-401",-273.15
"16358","2023-43-406",-236.11
"16359","2023-43-409",-234.42
"16360","2023-43-405",-235.84
"16361","2023-43-404",-235.9825
"16362","2023-43-403",-235.3725
"16363","2023-43-410",32.7775
"16364","2023-43-706",-7.0975
"16365","2023-43-701",26.5675
"16366","2023-43-705",-273.15
"16367","2023-43-702",-6.57249999999999
"16368","2023-43-703",-235.02
"16369","2023-43-704",-273.15
"16370","2023-43-603",-235.585
"16371","2023-43-610",-273.15
"16372","2023-43-608",-235.9625
"16373","2023-43-602",-235.49
"16374","2023-43-611",-273.15
"16375","2023-43-607",-273.15
"16376","2023-43-604",-235.9425
"16377","2023-43-605",25.225
"16378","2023-43-609",-273.15
"16379","2023-43-601",-235.5975
"16380","2023-43-606",-235.2725
"16381","2023-43-112",-11.7699999999999
"16382","2023-43-110",-273.15
"16383","2023-43-106",20.8975
"16384","2023-43-118",-5.89
"16385","2023-43-103",-273.15
"16386","2023-43-117",19.975
"16387","2023-43-102",-235.2575
"16388","2023-43-108",-12.0499999999999
"16389","2023-43-120",20.5125
"16390","2023-43-115",-8.2875
"16391","2023-43-107",21.41
"16392","2023-43-114",-235.7825
"16393","2023-43-119",-234.64
"16394","2023-43-104",-12.9075
"16395","2023-43-101",-234.7225
"16396","2023-43-109",-235.74
"16397","2023-43-105",19.3325000000001
"16398","2023-43-113",-234.9625
"16399","2023-43-116",-235.635
"16400","2023-43-111",-273.15
"16401","2023-44-201",-273.15
"16402","2023-44-205",28.81
"16403","2023-44-203",28.79
"16404","2023-44-215",-273.15
"16405","2023-44-214",-273.15
"16406","2023-44-206",27.05
"16407","2023-44-209",31.7500000000001
"16408","2023-44-207",27.53
"16409","2023-44-208",24.93
"16410","2023-44-216",31.1300000000001
"16411","2023-44-210",-273.15
"16412","2023-44-204",26.6300000000001
"16413","2023-44-202",-273.15
"16414","2023-44-212",-273.15
"16415","2023-44-213",26.73
"16416","2023-44-211",-273.15
"16417","2023-44-306",-273.15
"16418","2023-44-301",-273.15
"16419","2023-44-308",11.01
"16420","2023-44-304",-273.15
"16421","2023-44-303",-273.15
"16422","2023-44-307",-273.15
"16423","2023-44-302",-273.15
"16424","2023-44-305",-273.15
"16425","2023-44-507",28.99
"16426","2023-44-504",30.2500000000001
"16427","2023-44-506",29.5700000000001
"16428","2023-44-505",29.33
"16429","2023-44-511",27.11
"16430","2023-44-510",27.5700000000001
"16431","2023-44-501",-273.15
"16432","2023-44-509",-273.15
"16433","2023-44-502",28.47
"16434","2023-44-503",29.6900000000001
"16435","2023-44-508",22.11
"16436","2023-44-402",22.45
"16437","2023-44-407",33.1300000000001
"16438","2023-44-408",33.77
"16439","2023-44-401",-273.15
"16440","2023-44-406",23.17
"16441","2023-44-409",36.6900000000001
"16442","2023-44-405",25.33
"16443","2023-44-404",24.1900000000001
"16444","2023-44-403",29.0700000000001
"16445","2023-44-410",27.93
"16446","2023-44-706",-273.15
"16447","2023-44-701",24.59
"16448","2023-44-705",-273.15
"16449","2023-44-702",-273.15
"16450","2023-44-703",31.89
"16451","2023-44-704",-273.15
"16452","2023-44-603",27.37
"16453","2023-44-610",-273.15
"16454","2023-44-608",24.35
"16455","2023-44-602",28.1300000000001
"16456","2023-44-611",-273.15
"16457","2023-44-607",-273.15
"16458","2023-44-604",24.51
"16459","2023-44-605",26.73
"16460","2023-44-609",-273.15
"16461","2023-44-601",27.27
"16462","2023-44-606",29.87
"16463","2023-44-112",-273.15
"16464","2023-44-110",-273.15
"16465","2023-44-106",21.09
"16466","2023-44-118",-273.15
"16467","2023-44-103",-273.15
"16468","2023-44-117",19.03
"16469","2023-44-102",29.99
"16470","2023-44-108",-273.15
"16471","2023-44-120",20.95
"16472","2023-44-115",-273.15
"16473","2023-44-107",25.61
"16474","2023-44-114",25.79
"16475","2023-44-119",34.93
"16476","2023-44-104",-273.15
"16477","2023-44-101",34.27
"16478","2023-44-109",26.1300000000001
"16479","2023-44-105",24.67
"16480","2023-44-113",32.35
"16481","2023-44-116",26.97
"16482","2023-44-111",-273.15
"16483","2023-45-201",-10.6675
"16484","2023-45-205",28.635
"16485","2023-45-203",28.9475
"16486","2023-45-215",-273.15
"16487","2023-45-214",-10.2475
"16488","2023-45-206",28.8175000000001
"16489","2023-45-209",30.8225000000001
"16490","2023-45-207",28.0550000000001
"16491","2023-45-208",26.715
"16492","2023-45-216",30.9725
"16493","2023-45-210",-11.21
"16494","2023-45-204",26.2975000000001
"16495","2023-45-202",-273.15
"16496","2023-45-212",-17.2999999999999
"16497","2023-45-213",-235.665
"16498","2023-45-211",-15.5675
"16499","2023-45-306",-13.73
"16500","2023-45-301",-14.71
"16501","2023-45-308",18.955
"16502","2023-45-304",-10.6325
"16503","2023-45-303",-7.9375
"16504","2023-45-307",-18.0525
"16505","2023-45-302",-15.6375
"16506","2023-45-305",-13.3975
"16507","2023-45-507",29.48
"16508","2023-45-504",30.3025
"16509","2023-45-506",29.5700000000001
"16510","2023-45-505",28.5075
"16511","2023-45-511",26.7950000000001
"16512","2023-45-510",26.6075
"16513","2023-45-501",-8.46249999999998
"16514","2023-45-509",-9.77499999999998
"16515","2023-45-502",27.4025000000001
"16516","2023-45-503",28.9375
"16517","2023-45-508",25.015
"16518","2023-45-402",25.4075
"16519","2023-45-407",33.375
"16520","2023-45-408",33.385
"16521","2023-45-401",-17.6325
"16522","2023-45-406",27.37
"16523","2023-45-409",35.2025
"16524","2023-45-405",26.2575
"16525","2023-45-404",28.5825
"16526","2023-45-403",30.61
"16527","2023-45-410",26.67
"16528","2023-45-706",-7.60500000000002
"16529","2023-45-701",25.535
"16530","2023-45-705",-7.56999999999999
"16531","2023-45-702",-10.335
"16532","2023-45-703",30.7525
"16533","2023-45-704",-13.485
"16534","2023-45-603",27.1600000000001
"16535","2023-45-610",-9.88
"16536","2023-45-608",26.625
"16537","2023-45-602",28.27
"16538","2023-45-611",-10.685
"16539","2023-45-607",-273.15
"16540","2023-45-604",26.7500000000001
"16541","2023-45-605",28.3225
"16542","2023-45-609",-9.19749999999999
"16543","2023-45-601",26.64
"16544","2023-45-606",26.685
"16545","2023-45-112",-10.825
"16546","2023-45-110",-11.1925
"16547","2023-45-106",23.085
"16548","2023-45-118",-4.96249999999998
"16549","2023-45-103",-16.0399999999999
"16550","2023-45-117",16.5275
"16551","2023-45-102",28.94
"16552","2023-45-108",-10.7374999999999
"16553","2023-45-120",18.5350000000001
"16554","2023-45-115",-5.83749999999998
"16555","2023-45-107",27.255
"16556","2023-45-114",27.4875
"16557","2023-45-119",30.975
"16558","2023-45-104",-273.15
"16559","2023-45-101",34.0775
"16560","2023-45-109",28.3525
"16561","2023-45-105",22.92
"16562","2023-45-113",33.4525
"16563","2023-45-116",25.01
"16564","2023-45-111",-14.3424999999999
"16565","2023-46-201",26.245
"16566","2023-46-205",27.65
"16567","2023-46-203",26.495
"16568","2023-46-215",-52.62
"16569","2023-46-214",28.84
"16570","2023-46-206",25.575
"16571","2023-46-209",29.04
"16572","2023-46-207",26.195
"16573","2023-46-208",26.31
"16574","2023-46-216",27.59
"16575","2023-46-210",26.06
"16576","2023-46-204",24.7500000000001
"16577","2023-46-202",-273.15
"16578","2023-46-212",-200.05
"16579","2023-46-213",-273.15
"16580","2023-46-211",-199.555
"16581","2023-46-306",-199.03
"16582","2023-46-301",-199.31
"16583","2023-46-308",-199.84
"16584","2023-46-304",-198.145
"16585","2023-46-303",-197.375
"16586","2023-46-307",-200.265
"16587","2023-46-302",-199.575
"16588","2023-46-305",-198.935
"16589","2023-46-507",29.025
"16590","2023-46-504",29.185
"16591","2023-46-506",27.845
"16592","2023-46-505",27.0250000000001
"16593","2023-46-511",25.73
"16594","2023-46-510",26.575
"16595","2023-46-501",27.6400000000001
"16596","2023-46-509",26.215
"16597","2023-46-502",26.11
"16598","2023-46-503",28.455
"16599","2023-46-508",23.7950000000001
"16600","2023-46-402",23.55
"16601","2023-46-407",-196.51
"16602","2023-46-408",31.605
"16603","2023-46-401",-200.145
"16604","2023-46-406",26.14
"16605","2023-46-409",33.805
"16606","2023-46-405",25.205
"16607","2023-46-404",25.91
"16608","2023-46-403",26.675
"16609","2023-46-410",26.43
"16610","2023-46-706",28.545
"16611","2023-46-701",-198.445
"16612","2023-46-705",-197.27
"16613","2023-46-702",28.785
"16614","2023-46-703",28.43
"16615","2023-46-704",-198.96
"16616","2023-46-603",26.26
"16617","2023-46-610",29.08
"16618","2023-46-608",26.3350000000001
"16619","2023-46-602",28.995
"16620","2023-46-611",25.43
"16621","2023-46-607",-273.15
"16622","2023-46-604",25.9
"16623","2023-46-605",26.93
"16624","2023-46-609",29.2
"16625","2023-46-601",25.89
"16626","2023-46-606",28.48
"16627","2023-46-112",-198.2
"16628","2023-46-110",24.43
"16629","2023-46-106",-199.02
"16630","2023-46-118",-196.525
"16631","2023-46-103",21.47
"16632","2023-46-117",-200.82
"16633","2023-46-102",26.72
"16634","2023-46-108",24.215
"16635","2023-46-120",-200.315
"16636","2023-46-115",-196.775
"16637","2023-46-107",25.945
"16638","2023-46-114",25.33
"16639","2023-46-119",31.205
"16640","2023-46-104",-50.8949999999999
"16641","2023-46-101",-196.35
"16642","2023-46-109",26.405
"16643","2023-46-105",-199.195
"16644","2023-46-113",-196.46
"16645","2023-46-116",24.88
"16646","2023-46-111",-199.205
"16647","2023-47-201",26.25
"16648","2023-47-205",27.9175
"16649","2023-47-203",27.12
"16650","2023-47-215",24.04
"16651","2023-47-214",26.4000000000001
"16652","2023-47-206",25.9225
"16653","2023-47-209",29.4775000000001
"16654","2023-47-207",26.775
"16655","2023-47-208",26.6275
"16656","2023-47-216",28.4825000000001
"16657","2023-47-210",26.635
"16658","2023-47-204",26.725
"16659","2023-47-202",-273.15
"16660","2023-47-212",-89.3875
"16661","2023-47-213",-85
"16662","2023-47-211",-88.725
"16663","2023-47-306",-88.5125
"16664","2023-47-301",-88.6625
"16665","2023-47-308",-91
"16666","2023-47-304",-86.8125
"16667","2023-47-303",-82.9749999999999
"16668","2023-47-307",-93
"16669","2023-47-302",-90.3999999999999
"16670","2023-47-305",-86.5625
"16671","2023-47-507",28.575
"16672","2023-47-504",29.9850000000001
"16673","2023-47-506",28.9825
"16674","2023-47-505",28.1075
"16675","2023-47-511",26.815
"16676","2023-47-510",27.8975
"16677","2023-47-501",29.145
"16678","2023-47-509",26.8950000000001
"16679","2023-47-502",27.38
"16680","2023-47-503",27.63
"16681","2023-47-508",24.3625
"16682","2023-47-402",24.1275
"16683","2023-47-407",-82.95
"16684","2023-47-408",31.7425
"16685","2023-47-401",-93.5249999999999
"16686","2023-47-406",26.1925
"16687","2023-47-409",32.7225
"16688","2023-47-405",25.235
"16689","2023-47-404",26.0725
"16690","2023-47-403",27.5775
"16691","2023-47-410",27.7725
"16692","2023-47-706",29.375
"16693","2023-47-701",-273.15
"16694","2023-47-705",-84.3125
"16695","2023-47-702",28.3975
"16696","2023-47-703",29.2975000000001
"16697","2023-47-704",-88.3249999999999
"16698","2023-47-603",26.2575
"16699","2023-47-610",29.0675
"16700","2023-47-608",25.8175000000001
"16701","2023-47-602",29.6425
"16702","2023-47-611",26.7575
"16703","2023-47-607",-273.15
"16704","2023-47-604",24.885
"16705","2023-47-605",26.5525
"16706","2023-47-609",29.2800000000001
"16707","2023-47-601",27.0575
"16708","2023-47-606",27.9425
"16709","2023-47-112",-86.75
"16710","2023-47-110",24.9550000000001
"16711","2023-47-106",-87.675
"16712","2023-47-118",-81.6
"16713","2023-47-103",22.455
"16714","2023-47-117",-90.6125
"16715","2023-47-102",26.4800000000001
"16716","2023-47-108",24.9075
"16717","2023-47-120",-88.3
"16718","2023-47-115",-84.55
"16719","2023-47-107",26.555
"16720","2023-47-114",24.6675000000001
"16721","2023-47-119",31.3075
"16722","2023-47-104",25.6150000000001
"16723","2023-47-101",-82.7375
"16724","2023-47-109",26.8125
"16725","2023-47-105",-87.175
"16726","2023-47-113",-82.225
"16727","2023-47-116",25.6675
"16728","2023-47-111",-273.15
"16729","2023-48-201",26.7
"16730","2023-48-205",28.59
"16731","2023-48-203",29.02
"16732","2023-48-215",-123.61
"16733","2023-48-214",25.9200000000001
"16734","2023-48-206",27.6
"16735","2023-48-209",30.59
"16736","2023-48-207",27.59
"16737","2023-48-208",27.34
"16738","2023-48-216",28.8100000000001
"16739","2023-48-210",26.8
"16740","2023-48-204",28.9500000000001
"16741","2023-48-202",-273.15
"16742","2023-48-212",20.97
"16743","2023-48-213",-122.63
"16744","2023-48-211",21.55
"16745","2023-48-306",22.04
"16746","2023-48-301",21.92
"16747","2023-48-308",18.56
"16748","2023-48-304",25.66
"16749","2023-48-303",30.22
"16750","2023-48-307",16.3
"16751","2023-48-302",19.6900000000001
"16752","2023-48-305",25.3200000000001
"16753","2023-48-507",29.48
"16754","2023-48-504",30.1300000000001
"16755","2023-48-506",29.64
"16756","2023-48-505",29.17
"16757","2023-48-511",27.86
"16758","2023-48-510",27.77
"16759","2023-48-501",30.16
"16760","2023-48-509",27.59
"16761","2023-48-502",28.3
"16762","2023-48-503",27.9
"16763","2023-48-508",25.09
"16764","2023-48-402",24.36
"16765","2023-48-407",31.57
"16766","2023-48-408",32.01
"16767","2023-48-401",13.2800000000001
"16768","2023-48-406",26.08
"16769","2023-48-409",31.83
"16770","2023-48-405",25.07
"16771","2023-48-404",26.63
"16772","2023-48-403",28.34
"16773","2023-48-410",27.69
"16774","2023-48-706",28
"16775","2023-48-701",-123.9
"16776","2023-48-705",28.38
"16777","2023-48-702",25.69
"16778","2023-48-703",29.08
"16779","2023-48-704",23.68
"16780","2023-48-603",26.66
"16781","2023-48-610",28.32
"16782","2023-48-608",25.3900000000001
"16783","2023-48-602",30.72
"16784","2023-48-611",27.71
"16785","2023-48-607",-273.15
"16786","2023-48-604",25.99
"16787","2023-48-605",25.9
"16788","2023-48-609",29.36
"16789","2023-48-601",27.89
"16790","2023-48-606",27.74
"16791","2023-48-112",25.52
"16792","2023-48-110",25.65
"16793","2023-48-106",23.66
"16794","2023-48-118",32.71
"16795","2023-48-103",23.3200000000001
"16796","2023-48-117",19.4
"16797","2023-48-102",26.77
"16798","2023-48-108",25.8
"16799","2023-48-120",23.09
"16800","2023-48-115",28.66
"16801","2023-48-107",27.81
"16802","2023-48-114",25.2100000000001
"16803","2023-48-119",31.66
"16804","2023-48-104",27.1200000000001
"16805","2023-48-101",31.6000000000001
"16806","2023-48-109",27.84
"16807","2023-48-105",23.78
"16808","2023-48-113",31.65
"16809","2023-48-116",26.58
"16810","2023-48-111",-124.78
"16811","2023-49-201",26.4375
"16812","2023-49-205",28.55
"16813","2023-49-203",29.63
"16814","2023-49-215",-161.0325
"16815","2023-49-214",25.2525
"16816","2023-49-206",27.6425
"16817","2023-49-209",30.945
"16818","2023-49-207",26.68
"16819","2023-49-208",27.46
"16820","2023-49-216",28.065
"16821","2023-49-210",25.135
"16822","2023-49-204",29.3900000000001
"16823","2023-49-202",-163.7625
"16824","2023-49-212",-89.2624999999999
"16825","2023-49-213",-161.3925
"16826","2023-49-211",21.6275
"16827","2023-49-306",19.6725
"16828","2023-49-301",-88.8
"16829","2023-49-308",17.6675
"16830","2023-49-304",24.4025
"16831","2023-49-303",28.4475
"16832","2023-49-307",16.19
"16833","2023-49-302",-89.8499999999999
"16834","2023-49-305",25.5575000000001
"16835","2023-49-507",30.535
"16836","2023-49-504",29.7350000000001
"16837","2023-49-506",27.95
"16838","2023-49-505",28.845
"16839","2023-49-511",27.78
"16840","2023-49-510",26.8175
"16841","2023-49-501",30.275
"16842","2023-49-509",27.34
"16843","2023-49-502",28.17
"16844","2023-49-503",28.9275
"16845","2023-49-508",22.6675
"16846","2023-49-402",23.085
"16847","2023-49-407",32.315
"16848","2023-49-408",31.2275
"16849","2023-49-401",13.2625
"16850","2023-49-406",24.6550000000001
"16851","2023-49-409",31.845
"16852","2023-49-405",23.9375
"16853","2023-49-404",25.7925
"16854","2023-49-403",27.4225
"16855","2023-49-410",27.2025
"16856","2023-49-706",27.06
"16857","2023-49-701",24.735
"16858","2023-49-705",28.685
"16859","2023-49-702",25.465
"16860","2023-49-703",28.4575
"16861","2023-49-704",-86.9375
"16862","2023-49-603",26.8
"16863","2023-49-610",27.94
"16864","2023-49-608",25.8625
"16865","2023-49-602",31.415
"16866","2023-49-611",27.6875
"16867","2023-49-607",-273.15
"16868","2023-49-604",26.8175
"16869","2023-49-605",25.5925
"16870","2023-49-609",29.95
"16871","2023-49-601",27.7025
"16872","2023-49-606",27.9875
"16873","2023-49-112",25.665
"16874","2023-49-110",21.4175
"16875","2023-49-106",22.9975
"16876","2023-49-118",31.3325
"16877","2023-49-103",23.7050000000001
"16878","2023-49-117",18.765
"16879","2023-49-102",26.04
"16880","2023-49-108",25.845
"16881","2023-49-120",21.6275000000001
"16882","2023-49-115",28.8525
"16883","2023-49-107",27.76
"16884","2023-49-114",24.695
"16885","2023-49-119",31.5175
"16886","2023-49-104",26.255
"16887","2023-49-101",31.4125000000001
"16888","2023-49-109",27.9075
"16889","2023-49-105",-87.9625
"16890","2023-49-113",31.6375
"16891","2023-49-116",26.6
"16892","2023-49-111",-87.6875
"16893","2023-50-201",25.345
"16894","2023-50-205",27.575
"16895","2023-50-203",29.065
"16896","2023-50-215",-48.915
"16897","2023-50-214",23.32
"16898","2023-50-206",26.655
"16899","2023-50-209",30.635
"16900","2023-50-207",24.865
"16901","2023-50-208",26.77
"16902","2023-50-216",28.065
"16903","2023-50-210",23.135
"16904","2023-50-204",28.405
"16905","2023-50-202",-54.375
"16906","2023-50-212",-200.01
"16907","2023-50-213",25.235
"16908","2023-50-211",22.21
"16909","2023-50-306",16.515
"16910","2023-50-301",-199.3
"16911","2023-50-308",16.7
"16912","2023-50-304",21.9200000000001
"16913","2023-50-303",27.4
"16914","2023-50-307",14.145
"16915","2023-50-302",-200.025
"16916","2023-50-305",26.4900000000001
"16917","2023-50-507",30.6
"16918","2023-50-504",30.225
"16919","2023-50-506",26.3600000000001
"16920","2023-50-505",28.6100000000001
"16921","2023-50-511",27.225
"16922","2023-50-510",26.71
"16923","2023-50-501",30.755
"16924","2023-50-509",26.355
"16925","2023-50-502",28.1800000000001
"16926","2023-50-503",29.58
"16927","2023-50-508",19.71
"16928","2023-50-402",22.105
"16929","2023-50-407",32.655
"16930","2023-50-408",30.5950000000001
"16931","2023-50-401",14.515
"16932","2023-50-406",22.8200000000001
"16933","2023-50-409",32.345
"16934","2023-50-405",22.5950000000001
"16935","2023-50-404",25.315
"16936","2023-50-403",26.865
"16937","2023-50-410",28.21
"16938","2023-50-706",28.73
"16939","2023-50-701",23.865
"16940","2023-50-705",26.78
"16941","2023-50-702",28.8800000000001
"16942","2023-50-703",28.785
"16943","2023-50-704",-199.755
"16944","2023-50-603",26.94
"16945","2023-50-610",28.125
"16946","2023-50-608",26.76
"16947","2023-50-602",30.6150000000001
"16948","2023-50-611",27.2
"16949","2023-50-607",-273.15
"16950","2023-50-604",25.35
"16951","2023-50-605",26.645
"16952","2023-50-609",30.195
"16953","2023-50-601",27.18
"16954","2023-50-606",27.435
"16955","2023-50-112",25.1850000000001
"16956","2023-50-110",16.675
"16957","2023-50-106",21.97
"16958","2023-50-118",30.5250000000001
"16959","2023-50-103",23.5250000000001
"16960","2023-50-117",17.18
"16961","2023-50-102",24.725
"16962","2023-50-108",25.175
"16963","2023-50-120",19.54
"16964","2023-50-115",28.475
"16965","2023-50-107",26.235
"16966","2023-50-114",22.7400000000001
"16967","2023-50-119",30.68
"16968","2023-50-104",24.37
"16969","2023-50-101",31.03
"16970","2023-50-109",27.1
"16971","2023-50-105",-199.37
"16972","2023-50-113",32.0950000000001
"16973","2023-50-116",25.365
"16974","2023-50-111",-199.325
"16975","2023-51-201",25.2125
"16976","2023-51-205",26.395
"16977","2023-51-203",29.275
"16978","2023-51-215",-273.15
"16979","2023-51-214",-10.2475
"16980","2023-51-206",27.2675
"16981","2023-51-209",30.47
"16982","2023-51-207",24.74
"16983","2023-51-208",25.9825
"16984","2023-51-216",-10.1775
"16985","2023-51-210",-12.785
"16986","2023-51-204",27.1225
"16987","2023-51-202",-273.15
"16988","2023-51-212",19.4825
"16989","2023-51-213",26.41
"16990","2023-51-211",21.9225
"16991","2023-51-306",17.6275
"16992","2023-51-301",21.8050000000001
"16993","2023-51-308",19.015
"16994","2023-51-304",-13.0475
"16995","2023-51-303",28.3075000000001
"16996","2023-51-307",15.235
"16997","2023-51-302",-17.2125
"16998","2023-51-305",-9.86249999999991
"16999","2023-51-507",30.7175
"17000","2023-51-504",-7.1325
"17001","2023-51-506",-9.47749999999991
"17002","2023-51-505",-7.6925
"17003","2023-51-511",26.7725
"17004","2023-51-510",26.8075
"17005","2023-51-501",30.2275
"17006","2023-51-509",24.82
"17007","2023-51-502",28.3475
"17008","2023-51-503",29.5325
"17009","2023-51-508",23.5150000000001
"17010","2023-51-402",-14.2899999999999
"17011","2023-51-407",31.8275
"17012","2023-51-408",31.6375
"17013","2023-51-401",14.1475
"17014","2023-51-406",22.6025
"17015","2023-51-409",31.5575
"17016","2023-51-405",22.4325000000001
"17017","2023-51-404",27.0350000000001
"17018","2023-51-403",27.135
"17019","2023-51-410",28.6475
"17020","2023-51-706",27.4225
"17021","2023-51-701",23.8075
"17022","2023-51-705",18.0475
"17023","2023-51-702",29.0125
"17024","2023-51-703",27.1025
"17025","2023-51-704",20.47
"17026","2023-51-603",27.29
"17027","2023-51-610",27.715
"17028","2023-51-608",25.86
"17029","2023-51-602",28.96
"17030","2023-51-611",25.3400000000001
"17031","2023-51-607",-273.15
"17032","2023-51-604",24.13
"17033","2023-51-605",27.435
"17034","2023-51-609",28.8275
"17035","2023-51-601",26.6875
"17036","2023-51-606",27.3225
"17037","2023-51-112",25.005
"17038","2023-51-110",23.6425
"17039","2023-51-106",22.225
"17040","2023-51-118",-6.23999999999999
"17041","2023-51-103",23.0325
"17042","2023-51-117",17.92
"17043","2023-51-102",24.3775
"17044","2023-51-108",-14.2025
"17045","2023-51-120",22.3575
"17046","2023-51-115",-10.8424999999999
"17047","2023-51-107",24.8
"17048","2023-51-114",22.4450000000001
"17049","2023-51-119",31.0750000000001
"17050","2023-51-104",23.2575
"17051","2023-51-101",31.1725
"17052","2023-51-109",25.7125
"17053","2023-51-105",-14.92
"17054","2023-51-113",30.1950000000001
"17055","2023-51-116",24.1375
"17056","2023-51-111",22.2325
"17057","2023-52-201",26.49
"17058","2023-52-205",26.01
"17059","2023-52-203",27.91
"17060","2023-52-215",-273.15
"17061","2023-52-214",-273.15
"17062","2023-52-206",26.83
"17063","2023-52-209",30.05
"17064","2023-52-207",27.33
"17065","2023-52-208",25.51
"17066","2023-52-216",-273.15
"17067","2023-52-210",-273.15
"17068","2023-52-204",28.33
"17069","2023-52-202",-273.15
"17070","2023-52-212",19.99
"17071","2023-52-213",26.97
"17072","2023-52-211",23.6900000000001
"17073","2023-52-306",16.91
"17074","2023-52-301",18.6900000000001
"17075","2023-52-308",14.85
"17076","2023-52-304",-273.15
"17077","2023-52-303",26.47
"17078","2023-52-307",19.61
"17079","2023-52-302",-273.15
"17080","2023-52-305",-273.15
"17081","2023-52-507",29.65
"17082","2023-52-504",-273.15
"17083","2023-52-506",-273.15
"17084","2023-52-505",-273.15
"17085","2023-52-511",25.81
"17086","2023-52-510",27.91
"17087","2023-52-501",28.53
"17088","2023-52-509",27.41
"17089","2023-52-502",27.21
"17090","2023-52-503",27.31
"17091","2023-52-508",25.37
"17092","2023-52-402",-273.15
"17093","2023-52-407",30.97
"17094","2023-52-408",30.43
"17095","2023-52-401",18.61
"17096","2023-52-406",27.59
"17097","2023-52-409",32.87
"17098","2023-52-405",24.55
"17099","2023-52-404",26.79
"17100","2023-52-403",29.97
"17101","2023-52-410",24.99
"17102","2023-52-706",28.35
"17103","2023-52-701",20.15
"17104","2023-52-705",28.95
"17105","2023-52-702",25.95
"17106","2023-52-703",27.61
"17107","2023-52-704",20.7500000000001
"17108","2023-52-603",23.65
"17109","2023-52-610",24.11
"17110","2023-52-608",25.65
"17111","2023-52-602",29.45
"17112","2023-52-611",25.97
"17113","2023-52-607",-273.15
"17114","2023-52-604",23.5700000000001
"17115","2023-52-605",26.35
"17116","2023-52-609",28.81
"17117","2023-52-601",27.65
"17118","2023-52-606",26.85
"17119","2023-52-112",23.85
"17120","2023-52-110",23.17
"17121","2023-52-106",20.65
"17122","2023-52-118",-273.15
"17123","2023-52-103",21.79
"17124","2023-52-117",17.01
"17125","2023-52-102",23.31
"17126","2023-52-108",-273.15
"17127","2023-52-120",17.93
"17128","2023-52-115",-273.15
"17129","2023-52-107",24.73
"17130","2023-52-114",27.31
"17131","2023-52-119",30.6900000000001
"17132","2023-52-104",23.03
"17133","2023-52-101",30.49
"17134","2023-52-109",23.77
"17135","2023-52-105",-273.15
"17136","2023-52-113",30.65
"17137","2023-52-116",25.73
"17138","2023-52-111",22.81
"17139","2024-1-201",26.645
"17140","2024-1-205",28.8200000000001
"17141","2024-1-203",29.545
"17142","2024-1-215",28.685
"17143","2024-1-214",-197.94
"17144","2024-1-206",28.2250000000001
"17145","2024-1-209",31.255
"17146","2024-1-207",26.905
"17147","2024-1-208",27.22
"17148","2024-1-216",22.815
"17149","2024-1-210",-198.215
"17150","2024-1-204",29.23
"17151","2024-1-202",-199.245
"17152","2024-1-212",19.285
"17153","2024-1-213",-198.09
"17154","2024-1-211",21.8600000000001
"17155","2024-1-306",18.8800000000001
"17156","2024-1-301",22.605
"17157","2024-1-308",18.465
"17158","2024-1-304",26.41
"17159","2024-1-303",30.865
"17160","2024-1-307",17.655
"17161","2024-1-302",19.885
"17162","2024-1-305",26.115
"17163","2024-1-507",31.335
"17164","2024-1-504",32.52
"17165","2024-1-506",31.705
"17166","2024-1-505",31.575
"17167","2024-1-511",27.9100000000001
"17168","2024-1-510",27.21
"17169","2024-1-501",31.6400000000001
"17170","2024-1-509",27.245
"17171","2024-1-502",29.29
"17172","2024-1-503",30.13
"17173","2024-1-508",23.195
"17174","2024-1-402",23.1900000000001
"17175","2024-1-407",32.205
"17176","2024-1-408",31.6050000000001
"17177","2024-1-401",12.98
"17178","2024-1-406",26.09
"17179","2024-1-409",30.96
"17180","2024-1-405",24.71
"17181","2024-1-404",26.88
"17182","2024-1-403",29.16
"17183","2024-1-410",-198.13
"17184","2024-1-706",26.975
"17185","2024-1-701",24.73
"17186","2024-1-705",28.295
"17187","2024-1-702",-197.675
"17188","2024-1-703",28.7450000000001
"17189","2024-1-704",23.81
"17190","2024-1-603",27.055
"17191","2024-1-610",27.91
"17192","2024-1-608",26.525
"17193","2024-1-602",31.45
"17194","2024-1-611",27.215
"17195","2024-1-607",-273.15
"17196","2024-1-604",27.425
"17197","2024-1-605",27.575
"17198","2024-1-609",30.1600000000001
"17199","2024-1-601",27.87
"17200","2024-1-606",28.81
"17201","2024-1-112",25.855
"17202","2024-1-110",26.8450000000001
"17203","2024-1-106",22.855
"17204","2024-1-118",33.0150000000001
"17205","2024-1-103",24.415
"17206","2024-1-117",19.225
"17207","2024-1-102",27.135
"17208","2024-1-108",26.37
"17209","2024-1-120",22.04
"17210","2024-1-115",30.505
"17211","2024-1-107",27.545
"17212","2024-1-114",24.715
"17213","2024-1-119",31.185
"17214","2024-1-104",27.425
"17215","2024-1-101",33.08
"17216","2024-1-109",28.11
"17217","2024-1-105",25.085
"17218","2024-1-113",32.86
"17219","2024-1-116",26.97
"17220","2024-1-111",16.895
"17221","2024-2-201",27.3975
"17222","2024-2-205",29.2925
"17223","2024-2-203",30.5275
"17224","2024-2-215",-8.795
"17225","2024-2-214",27.5900000000001
"17226","2024-2-206",28.6800000000001
"17227","2024-2-209",32.0125000000001
"17228","2024-2-207",27.485
"17229","2024-2-208",27.9525
"17230","2024-2-216",27.3075
"17231","2024-2-210",26.655
"17232","2024-2-204",29.585
"17233","2024-2-202",-14.4825
"17234","2024-2-212",-16.285
"17235","2024-2-213",-10.44
"17236","2024-2-211",22.3275
"17237","2024-2-306",23.655
"17238","2024-2-301",22.015
"17239","2024-2-308",18.9775
"17240","2024-2-304",25.9075
"17241","2024-2-303",30.9075
"17242","2024-2-307",17.4025
"17243","2024-2-302",19.3
"17244","2024-2-305",25.405
"17245","2024-2-507",31.32
"17246","2024-2-504",32.615
"17247","2024-2-506",32.3775
"17248","2024-2-505",31.645
"17249","2024-2-511",28.6750000000001
"17250","2024-2-510",28.2075
"17251","2024-2-501",31.965
"17252","2024-2-509",27.6075
"17253","2024-2-502",31.0575
"17254","2024-2-503",31.4725
"17255","2024-2-508",23.6175
"17256","2024-2-402",24.6100000000001
"17257","2024-2-407",33.4375000000001
"17258","2024-2-408",32.6325
"17259","2024-2-401",15.905
"17260","2024-2-406",26.8225
"17261","2024-2-409",32.695
"17262","2024-2-405",25.9
"17263","2024-2-404",27.3575
"17264","2024-2-403",29.59
"17265","2024-2-410",27.1325
"17266","2024-2-706",28.64
"17267","2024-2-701",-12.61
"17268","2024-2-705",28.4775
"17269","2024-2-702",28.4100000000001
"17270","2024-2-703",29.01
"17271","2024-2-704",22.9975
"17272","2024-2-603",26.9525
"17273","2024-2-610",28.2075
"17274","2024-2-608",26.66
"17275","2024-2-602",31.675
"17276","2024-2-611",26.1875
"17277","2024-2-607",-273.15
"17278","2024-2-604",27.9425
"17279","2024-2-605",27.5375
"17280","2024-2-609",30.3425000000001
"17281","2024-2-601",27.775
"17282","2024-2-606",28.485
"17283","2024-2-112",25.6025
"17284","2024-2-110",25.93
"17285","2024-2-106",23.705
"17286","2024-2-118",32.115
"17287","2024-2-103",25.0525
"17288","2024-2-117",19.25
"17289","2024-2-102",28.0625
"17290","2024-2-108",25.975
"17291","2024-2-120",21.26
"17292","2024-2-115",30.0175
"17293","2024-2-107",27.905
"17294","2024-2-114",25.83
"17295","2024-2-119",31.09
"17296","2024-2-104",28.0500000000001
"17297","2024-2-101",32.8275
"17298","2024-2-109",28.5625
"17299","2024-2-105",25.08
"17300","2024-2-113",32.4425
"17301","2024-2-116",26.55
"17302","2024-2-111",-16.0924999999999
"17303","2024-3-201",27.73
"17304","2024-3-205",29.87
"17305","2024-3-203",30.79
"17306","2024-3-215",-273.15
"17307","2024-3-214",26.89
"17308","2024-3-206",28.61
"17309","2024-3-209",34.27
"17310","2024-3-207",26.1900000000001
"17311","2024-3-208",28.2500000000001
"17312","2024-3-216",27.15
"17313","2024-3-210",27.11
"17314","2024-3-204",30.81
"17315","2024-3-202",-273.15
"17316","2024-3-212",-273.15
"17317","2024-3-213",-273.15
"17318","2024-3-211",22.03
"17319","2024-3-306",19.0700000000001
"17320","2024-3-301",21.35
"17321","2024-3-308",19.31
"17322","2024-3-304",26.59
"17323","2024-3-303",30.05
"17324","2024-3-307",14.6900000000001
"17325","2024-3-302",20.77
"17326","2024-3-305",26.6300000000001
"17327","2024-3-507",32.79
"17328","2024-3-504",32.23
"17329","2024-3-506",31.73
"17330","2024-3-505",31.61
"17331","2024-3-511",29.41
"17332","2024-3-510",27.21
"17333","2024-3-501",34.03
"17334","2024-3-509",29.41
"17335","2024-3-502",31.2500000000001
"17336","2024-3-503",32.05
"17337","2024-3-508",22.27
"17338","2024-3-402",24.05
"17339","2024-3-407",32.09
"17340","2024-3-408",31.11
"17341","2024-3-401",12.23
"17342","2024-3-406",23.97
"17343","2024-3-409",29.09
"17344","2024-3-405",24.15
"17345","2024-3-404",27.55
"17346","2024-3-403",26.93
"17347","2024-3-410",28.55
"17348","2024-3-706",28.01
"17349","2024-3-701",-273.15
"17350","2024-3-705",27.1300000000001
"17351","2024-3-702",26.03
"17352","2024-3-703",28.45
"17353","2024-3-704",22.35
"17354","2024-3-603",28.23
"17355","2024-3-610",29.45
"17356","2024-3-608",27.71
"17357","2024-3-602",33.2500000000001
"17358","2024-3-611",29.39
"17359","2024-3-607",-273.15
"17360","2024-3-604",28.73
"17361","2024-3-605",29.27
"17362","2024-3-609",30.99
"17363","2024-3-601",29.6300000000001
"17364","2024-3-606",29.5700000000001
"17365","2024-3-112",27.51
"17366","2024-3-110",25.51
"17367","2024-3-106",24.51
"17368","2024-3-118",28.23
"17369","2024-3-103",24.37
"17370","2024-3-117",20.37
"17371","2024-3-102",25.6300000000001
"17372","2024-3-108",23.6300000000001
"17373","2024-3-120",23.99
"17374","2024-3-115",27.55
"17375","2024-3-107",29.27
"17376","2024-3-114",22.1900000000001
"17377","2024-3-119",33.05
"17378","2024-3-104",27.91
"17379","2024-3-101",29.17
"17380","2024-3-109",27.53
"17381","2024-3-105",26.83
"17382","2024-3-113",28.89
"17383","2024-3-116",27.81
"17384","2024-3-111",-273.15
"17385","2024-4-201",27.1875
"17386","2024-4-205",28.7850000000001
"17387","2024-4-203",30.4225
"17388","2024-4-215",-273.15
"17389","2024-4-214",-235.645
"17390","2024-4-206",27.7875
"17391","2024-4-209",34.1825
"17392","2024-4-207",25.6475000000001
"17393","2024-4-208",28.005
"17394","2024-4-216",-235.6125
"17395","2024-4-210",25.2725
"17396","2024-4-204",30.285
"17397","2024-4-202",-273.15
"17398","2024-4-212",-273.15
"17399","2024-4-213",-11.1925
"17400","2024-4-211",20.77
"17401","2024-4-306",17.0225
"17402","2024-4-301",20.4925
"17403","2024-4-308",17.525
"17404","2024-4-304",24.8575
"17405","2024-4-303",28.685
"17406","2024-4-307",15.285
"17407","2024-4-302",19.4400000000001
"17408","2024-4-305",23.2
"17409","2024-4-507",34.295
"17410","2024-4-504",32.8425
"17411","2024-4-506",31.94
"17412","2024-4-505",32.135
"17413","2024-4-511",28.8675
"17414","2024-4-510",27.8925
"17415","2024-4-501",32.35
"17416","2024-4-509",28.955
"17417","2024-4-502",31.215
"17418","2024-4-503",32.1725000000001
"17419","2024-4-508",22.865
"17420","2024-4-402",24.75
"17421","2024-4-407",31.145
"17422","2024-4-408",31.4775
"17423","2024-4-401",12.0375
"17424","2024-4-406",23.4275
"17425","2024-4-409",30.3325
"17426","2024-4-405",23.8175
"17427","2024-4-404",27.41
"17428","2024-4-403",26.7725000000001
"17429","2024-4-410",28.305
"17430","2024-4-706",27.9925
"17431","2024-4-701",-13.17
"17432","2024-4-705",28.3025
"17433","2024-4-702",28.2
"17434","2024-4-703",29.8675000000001
"17435","2024-4-704",23.225
"17436","2024-4-603",28.72
"17437","2024-4-610",29.2925
"17438","2024-4-608",27.1325
"17439","2024-4-602",33.5125
"17440","2024-4-611",29.5125
"17441","2024-4-607",-273.15
"17442","2024-4-604",28.345
"17443","2024-4-605",28.3250000000001
"17444","2024-4-609",30.5175
"17445","2024-4-601",29.035
"17446","2024-4-606",28.6950000000001
"17447","2024-4-112",27.055
"17448","2024-4-110",24.6
"17449","2024-4-106",23.1275
"17450","2024-4-118",28.7375
"17451","2024-4-103",21.7975
"17452","2024-4-117",19.81
"17453","2024-4-102",26.9775
"17454","2024-4-108",23.9975
"17455","2024-4-120",22.4675000000001
"17456","2024-4-115",26.955
"17457","2024-4-107",28.605
"17458","2024-4-114",23.5375
"17459","2024-4-119",34.31
"17460","2024-4-104",28.2425
"17461","2024-4-101",30.57
"17462","2024-4-109",27.32
"17463","2024-4-105",26.7600000000001
"17464","2024-4-113",28.8375
"17465","2024-4-116",27.7575000000001
"17466","2024-4-111",-273.15
"17467","2024-5-201",27.695
"17468","2024-5-205",29.68
"17469","2024-5-203",30.6100000000001
"17470","2024-5-215",-46.8
"17471","2024-5-214",-51.42
"17472","2024-5-206",28.465
"17473","2024-5-209",34.8900000000001
"17474","2024-5-207",27.13
"17475","2024-5-208",28.06
"17476","2024-5-216",-48.045
"17477","2024-5-210",28.01
"17478","2024-5-204",30.96
"17479","2024-5-202",-51.945
"17480","2024-5-212",-51.375
"17481","2024-5-213",28.015
"17482","2024-5-211",22.99
"17483","2024-5-306",22.6550000000001
"17484","2024-5-301",23.445
"17485","2024-5-308",19.16
"17486","2024-5-304",25.945
"17487","2024-5-303",31.205
"17488","2024-5-307",17.83
"17489","2024-5-302",20.645
"17490","2024-5-305",26.4900000000001
"17491","2024-5-507",34.345
"17492","2024-5-504",34.34
"17493","2024-5-506",32.435
"17494","2024-5-505",31.7300000000001
"17495","2024-5-511",29.705
"17496","2024-5-510",28.23
"17497","2024-5-501",33.22
"17498","2024-5-509",30.3
"17499","2024-5-502",30.985
"17500","2024-5-503",31.38
"17501","2024-5-508",23.7900000000001
"17502","2024-5-402",25.69
"17503","2024-5-407",33.365
"17504","2024-5-408",33.1050000000001
"17505","2024-5-401",16.42
"17506","2024-5-406",26.86
"17507","2024-5-409",33.2250000000001
"17508","2024-5-405",26.2900000000001
"17509","2024-5-404",28.62
"17510","2024-5-403",29.36
"17511","2024-5-410",30.01
"17512","2024-5-706",29.985
"17513","2024-5-701",26.2950000000001
"17514","2024-5-705",30.15
"17515","2024-5-702",29.05
"17516","2024-5-703",28.9900000000001
"17517","2024-5-704",24.445
"17518","2024-5-603",28.91
"17519","2024-5-610",28.4600000000001
"17520","2024-5-608",26.6
"17521","2024-5-602",33.67
"17522","2024-5-611",29.335
"17523","2024-5-607",-273.15
"17524","2024-5-604",29.1
"17525","2024-5-605",27.95
"17526","2024-5-609",32.19
"17527","2024-5-601",29.565
"17528","2024-5-606",29.4550000000001
"17529","2024-5-112",27.2
"17530","2024-5-110",26.57
"17531","2024-5-106",24.43
"17532","2024-5-118",32.4700000000001
"17533","2024-5-103",24.565
"17534","2024-5-117",19.565
"17535","2024-5-102",28.9700000000001
"17536","2024-5-108",27.695
"17537","2024-5-120",23.93
"17538","2024-5-115",30.8600000000001
"17539","2024-5-107",28.525
"17540","2024-5-114",25.14
"17541","2024-5-119",34.295
"17542","2024-5-104",28.425
"17543","2024-5-101",32.36
"17544","2024-5-109",28.925
"17545","2024-5-105",27.05
"17546","2024-5-113",31.455
"17547","2024-5-116",27.6600000000001
"17548","2024-5-111",-50.355
"17549","2024-6-201",28.565
"17550","2024-6-205",30.4675
"17551","2024-6-203",31.69
"17552","2024-6-215",29.25
"17553","2024-6-214",26.315
"17554","2024-6-206",28.8675
"17555","2024-6-209",35.8175
"17556","2024-6-207",27.8875
"17557","2024-6-208",29.2025
"17558","2024-6-216",27.0400000000001
"17559","2024-6-210",-159.84
"17560","2024-6-204",31.7225
"17561","2024-6-202",-162.5475
"17562","2024-6-212",22.2875000000001
"17563","2024-6-213",26.9475
"17564","2024-6-211",22.9775
"17565","2024-6-306",26.7425
"17566","2024-6-301",23.52
"17567","2024-6-308",20.4275
"17568","2024-6-304",26.34
"17569","2024-6-303",31.585
"17570","2024-6-307",17.9875
"17571","2024-6-302",19.2975
"17572","2024-6-305",27.2625
"17573","2024-6-507",35.4525
"17574","2024-6-504",34.935
"17575","2024-6-506",33.0025000000001
"17576","2024-6-505",33.3825
"17577","2024-6-511",30.3725
"17578","2024-6-510",28.6475
"17579","2024-6-501",35.0025
"17580","2024-6-509",30.5825
"17581","2024-6-502",32.035
"17582","2024-6-503",32.935
"17583","2024-6-508",24.245
"17584","2024-6-402",26.3075
"17585","2024-6-407",33.725
"17586","2024-6-408",33.6175
"17587","2024-6-401",18.8525
"17588","2024-6-406",27.755
"17589","2024-6-409",33.8675
"17590","2024-6-405",27.2425
"17591","2024-6-404",29.3675000000001
"17592","2024-6-403",30.1925
"17593","2024-6-410",-159.2475
"17594","2024-6-706",28.6
"17595","2024-6-701",25.1950000000001
"17596","2024-6-705",28.735
"17597","2024-6-702",-159.7575
"17598","2024-6-703",27.5175
"17599","2024-6-704",23.685
"17600","2024-6-603",29.2
"17601","2024-6-610",29.0775
"17602","2024-6-608",27.6375
"17603","2024-6-602",33.885
"17604","2024-6-611",29.5825
"17605","2024-6-607",-273.15
"17606","2024-6-604",29.5575
"17607","2024-6-605",28.145
"17608","2024-6-609",32.12
"17609","2024-6-601",30.145
"17610","2024-6-606",29.9375
"17611","2024-6-112",27.9325
"17612","2024-6-110",28.1200000000001
"17613","2024-6-106",25.6425000000001
"17614","2024-6-118",33.115
"17615","2024-6-103",26.66
"17616","2024-6-117",20.51
"17617","2024-6-102",29.8325
"17618","2024-6-108",26.835
"17619","2024-6-120",25.1650000000001
"17620","2024-6-115",30.54
"17621","2024-6-107",29.455
"17622","2024-6-114",25.735
"17623","2024-6-119",35.1425000000001
"17624","2024-6-104",28.52
"17625","2024-6-101",33.5775
"17626","2024-6-109",30.37
"17627","2024-6-105",27.1000000000001
"17628","2024-6-113",31.6675
"17629","2024-6-116",28.055
"17630","2024-6-111",21.96
"17631","2024-7-201",28.23
"17632","2024-7-205",30.72
"17633","2024-7-203",32.59
"17634","2024-7-215",29.21
"17635","2024-7-214",29.52
"17636","2024-7-206",28.79
"17637","2024-7-209",37.01
"17638","2024-7-207",28.0500000000001
"17639","2024-7-208",29.49
"17640","2024-7-216",27.45
"17641","2024-7-210",-122.98
"17642","2024-7-204",32.48
"17643","2024-7-202",-126.12
"17644","2024-7-212",22.4600000000001
"17645","2024-7-213",26.5700000000001
"17646","2024-7-211",22.13
"17647","2024-7-306",24.6000000000001
"17648","2024-7-301",23.39
"17649","2024-7-308",22.01
"17650","2024-7-304",26.67
"17651","2024-7-303",32.29
"17652","2024-7-307",18.04
"17653","2024-7-302",19.87
"17654","2024-7-305",27.12
"17655","2024-7-507",36.48
"17656","2024-7-504",35.46
"17657","2024-7-506",33.3200000000001
"17658","2024-7-505",34.94
"17659","2024-7-511",30.24
"17660","2024-7-510",28.67
"17661","2024-7-501",36.0200000000001
"17662","2024-7-509",30.91
"17663","2024-7-502",32.86
"17664","2024-7-503",34.57
"17665","2024-7-508",23.9
"17666","2024-7-402",26.37
"17667","2024-7-407",33.37
"17668","2024-7-408",33.8
"17669","2024-7-401",19.38
"17670","2024-7-406",27.81
"17671","2024-7-409",33.94
"17672","2024-7-405",27.12
"17673","2024-7-404",28.3100000000001
"17674","2024-7-403",30.13
"17675","2024-7-410",-124
"17676","2024-7-706",27.84
"17677","2024-7-701",25.3800000000001
"17678","2024-7-705",28.38
"17679","2024-7-702",-122.15
"17680","2024-7-703",28
"17681","2024-7-704",22.83
"17682","2024-7-603",29.6
"17683","2024-7-610",29.08
"17684","2024-7-608",27.56
"17685","2024-7-602",34.62
"17686","2024-7-611",30.22
"17687","2024-7-607",-273.15
"17688","2024-7-604",29.79
"17689","2024-7-605",28.54
"17690","2024-7-609",31.35
"17691","2024-7-601",30.79
"17692","2024-7-606",29.8100000000001
"17693","2024-7-112",28.16
"17694","2024-7-110",28.7100000000001
"17695","2024-7-106",26.18
"17696","2024-7-118",34.3
"17697","2024-7-103",26.92
"17698","2024-7-117",20.58
"17699","2024-7-102",30.59
"17700","2024-7-108",26.88
"17701","2024-7-120",25.04
"17702","2024-7-115",30.44
"17703","2024-7-107",29.27
"17704","2024-7-114",25.71
"17705","2024-7-119",34.6900000000001
"17706","2024-7-104",28.36
"17707","2024-7-101",34.15
"17708","2024-7-109",30.09
"17709","2024-7-105",26.77
"17710","2024-7-113",32.5
"17711","2024-7-116",28.48
"17712","2024-7-111",21.15
"17713","2024-8-201",29.095
"17714","2024-8-205",31.775
"17715","2024-8-203",33.625
"17716","2024-8-215",27.4675
"17717","2024-8-214",29.2825
"17718","2024-8-206",29.8975000000001
"17719","2024-8-209",38.33
"17720","2024-8-207",28.8875000000001
"17721","2024-8-208",30.385
"17722","2024-8-216",27.7925
"17723","2024-8-210",27.4225000000001
"17724","2024-8-204",33.1925
"17725","2024-8-202",-89.3625
"17726","2024-8-212",21.86
"17727","2024-8-213",-85.4374999999999
"17728","2024-8-211",21.77
"17729","2024-8-306",21.7450000000001
"17730","2024-8-301",23.5375
"17731","2024-8-308",22.4675
"17732","2024-8-304",26.6325
"17733","2024-8-303",33.4225
"17734","2024-8-307",17.5675
"17735","2024-8-302",21.065
"17736","2024-8-305",26.5875
"17737","2024-8-507",37.725
"17738","2024-8-504",36.405
"17739","2024-8-506",33.96
"17740","2024-8-505",36.205
"17741","2024-8-511",31.0375
"17742","2024-8-510",29.1275
"17743","2024-8-501",36.7525000000001
"17744","2024-8-509",31.89
"17745","2024-8-502",33.895
"17746","2024-8-503",35.725
"17747","2024-8-508",24.08
"17748","2024-8-402",26.425
"17749","2024-8-407",34.2825
"17750","2024-8-408",34.5225
"17751","2024-8-401",17.4775
"17752","2024-8-406",27.5125
"17753","2024-8-409",34.365
"17754","2024-8-405",27.0275
"17755","2024-8-404",28.4375
"17756","2024-8-403",30.4125
"17757","2024-8-410",25.63
"17758","2024-8-706",27.875
"17759","2024-8-701",25.7525000000001
"17760","2024-8-705",29.2475
"17761","2024-8-702",28.4225
"17762","2024-8-703",29.165
"17763","2024-8-704",22.635
"17764","2024-8-603",30.6975
"17765","2024-8-610",29.2925
"17766","2024-8-608",28.1125
"17767","2024-8-602",35.9850000000001
"17768","2024-8-611",30.895
"17769","2024-8-607",-273.15
"17770","2024-8-604",30.54
"17771","2024-8-605",29.37
"17772","2024-8-609",32.0125
"17773","2024-8-601",31.7575
"17774","2024-8-606",30.1625000000001
"17775","2024-8-112",28.4475
"17776","2024-8-110",28.8875
"17777","2024-8-106",26.545
"17778","2024-8-118",35.785
"17779","2024-8-103",26.325
"17780","2024-8-117",20.38
"17781","2024-8-102",30.5300000000001
"17782","2024-8-108",27.8475
"17783","2024-8-120",24.7725
"17784","2024-8-115",30.745
"17785","2024-8-107",29.505
"17786","2024-8-114",25.46
"17787","2024-8-119",35.2875000000001
"17788","2024-8-104",29.1675
"17789","2024-8-101",34.3175
"17790","2024-8-109",30.0125
"17791","2024-8-105",27.43
"17792","2024-8-113",33.82
"17793","2024-8-116",29.0625
"17794","2024-8-111",20.8875
"17795","2024-9-201",31.705
"17796","2024-9-205",33.375
"17797","2024-9-203",34.81
"17798","2024-9-215",26.695
"17799","2024-9-214",28.36
"17800","2024-9-206",32.13
"17801","2024-9-209",39.19
"17802","2024-9-207",30.4000000000001
"17803","2024-9-208",32.425
"17804","2024-9-216",28.33
"17805","2024-9-210",27.96
"17806","2024-9-204",33.7150000000001
"17807","2024-9-202",-198.47
"17808","2024-9-212",21.325
"17809","2024-9-213",-197.01
"17810","2024-9-211",22.37
"17811","2024-9-306",23.93
"17812","2024-9-301",23.79
"17813","2024-9-308",21.925
"17814","2024-9-304",26.635
"17815","2024-9-303",34.105
"17816","2024-9-307",17.35
"17817","2024-9-302",20.74
"17818","2024-9-305",25.915
"17819","2024-9-507",39.0550000000001
"17820","2024-9-504",37.71
"17821","2024-9-506",35.35
"17822","2024-9-505",37.805
"17823","2024-9-511",32.935
"17824","2024-9-510",30.7500000000001
"17825","2024-9-501",37.9650000000001
"17826","2024-9-509",32.615
"17827","2024-9-502",35.475
"17828","2024-9-503",36.8800000000001
"17829","2024-9-508",25.8350000000001
"17830","2024-9-402",26.9000000000001
"17831","2024-9-407",36.41
"17832","2024-9-408",35.93
"17833","2024-9-401",16.09
"17834","2024-9-406",27.795
"17835","2024-9-409",35.4500000000001
"17836","2024-9-405",28.0450000000001
"17837","2024-9-404",30.8150000000001
"17838","2024-9-403",32.15
"17839","2024-9-410",27.055
"17840","2024-9-706",27.97
"17841","2024-9-701",24.4100000000001
"17842","2024-9-705",29.34
"17843","2024-9-702",28.04
"17844","2024-9-703",29.6650000000001
"17845","2024-9-704",23.05
"17846","2024-9-603",32
"17847","2024-9-610",30.545
"17848","2024-9-608",30.23
"17849","2024-9-602",37.1
"17850","2024-9-611",31.215
"17851","2024-9-607",-273.15
"17852","2024-9-604",31.4
"17853","2024-9-605",30.01
"17854","2024-9-609",33.6700000000001
"17855","2024-9-601",32.54
"17856","2024-9-606",31.19
"17857","2024-9-112",29.085
"17858","2024-9-110",29.715
"17859","2024-9-106",27.205
"17860","2024-9-118",36.19
"17861","2024-9-103",26.96
"17862","2024-9-117",21.2
"17863","2024-9-102",30.495
"17864","2024-9-108",28.325
"17865","2024-9-120",25.45
"17866","2024-9-115",31.1
"17867","2024-9-107",30.9100000000001
"17868","2024-9-114",26.51
"17869","2024-9-119",37.335
"17870","2024-9-104",30.52
"17871","2024-9-101",35.32
"17872","2024-9-109",31.7950000000001
"17873","2024-9-105",28.89
"17874","2024-9-113",34.985
"17875","2024-9-116",29.8050000000001
"17876","2024-9-111",20.495
"17877","2024-10-201",31.5375
"17878","2024-10-205",32.765
"17879","2024-10-203",34.7900000000001
"17880","2024-10-215",-6.93999999999999
"17881","2024-10-214",-6.73
"17882","2024-10-206",32.4825
"17883","2024-10-209",39.3125000000001
"17884","2024-10-207",30.81
"17885","2024-10-208",32.2175
"17886","2024-10-216",29.9300000000001
"17887","2024-10-210",-9.285
"17888","2024-10-204",33.8475
"17889","2024-10-202",-11.7699999999999
"17890","2024-10-212",24.0775
"17891","2024-10-213",-6.66
"17892","2024-10-211",23.9375
"17893","2024-10-306",27.2275
"17894","2024-10-301",25.72
"17895","2024-10-308",23.55
"17896","2024-10-304",28.3675000000001
"17897","2024-10-303",35.385
"17898","2024-10-307",20.665
"17899","2024-10-302",22.345
"17900","2024-10-305",27.37
"17901","2024-10-507",38.7375
"17902","2024-10-504",39.17
"17903","2024-10-506",36.46
"17904","2024-10-505",38.6875000000001
"17905","2024-10-511",32.9225
"17906","2024-10-510",32.205
"17907","2024-10-501",38.945
"17908","2024-10-509",32.28
"17909","2024-10-502",35.97
"17910","2024-10-503",37.4075
"17911","2024-10-508",27.5875
"17912","2024-10-402",27.4625
"17913","2024-10-407",37.4
"17914","2024-10-408",37.2125
"17915","2024-10-401",20.3375000000001
"17916","2024-10-406",30.895
"17917","2024-10-409",37.455
"17918","2024-10-405",30.525
"17919","2024-10-404",30.95
"17920","2024-10-403",35.4225000000001
"17921","2024-10-410",29.0725
"17922","2024-10-706",30.275
"17923","2024-10-701",-12.2074999999999
"17924","2024-10-705",28.465
"17925","2024-10-702",-8.74249999999999
"17926","2024-10-703",30.83
"17927","2024-10-704",24.665
"17928","2024-10-603",31.5125
"17929","2024-10-610",30.3075
"17930","2024-10-608",30.0375
"17931","2024-10-602",36.86
"17932","2024-10-611",30.7325
"17933","2024-10-607",-273.15
"17934","2024-10-604",30.7075
"17935","2024-10-605",29.14
"17936","2024-10-609",33.42
"17937","2024-10-601",32.2875
"17938","2024-10-606",31.3475
"17939","2024-10-112",28.9725
"17940","2024-10-110",31.265
"17941","2024-10-106",27.9125
"17942","2024-10-118",37.0525000000001
"17943","2024-10-103",29.71
"17944","2024-10-117",21.965
"17945","2024-10-102",33.3650000000001
"17946","2024-10-108",30.9325
"17947","2024-10-120",25.885
"17948","2024-10-115",34.67
"17949","2024-10-107",30.2925000000001
"17950","2024-10-114",30.0625
"17951","2024-10-119",35.5525
"17952","2024-10-104",29.4125
"17953","2024-10-101",37.815
"17954","2024-10-109",33.3375
"17955","2024-10-105",28.1625
"17956","2024-10-113",37.625
"17957","2024-10-116",29.6875
"17958","2024-10-111",-14.5175
"17959","2024-11-201",31.73
"17960","2024-11-205",32.17
"17961","2024-11-203",35.49
"17962","2024-11-215",-273.15
"17963","2024-11-214",-273.15
"17964","2024-11-206",32.43
"17965","2024-11-209",41.01
"17966","2024-11-207",30.53
"17967","2024-11-208",32.55
"17968","2024-11-216",28.53
"17969","2024-11-210",-273.15
"17970","2024-11-204",32.99
"17971","2024-11-202",-273.15
"17972","2024-11-212",22.03
"17973","2024-11-213",-273.15
"17974","2024-11-211",22.31
"17975","2024-11-306",23.85
"17976","2024-11-301",23.6900000000001
"17977","2024-11-308",20.33
"17978","2024-11-304",26.53
"17979","2024-11-303",33.95
"17980","2024-11-307",16.15
"17981","2024-11-302",24.1300000000001
"17982","2024-11-305",27.79
"17983","2024-11-507",40.61
"17984","2024-11-504",39.31
"17985","2024-11-506",34.99
"17986","2024-11-505",39.09
"17987","2024-11-511",33.15
"17988","2024-11-510",30.6300000000001
"17989","2024-11-501",40.03
"17990","2024-11-509",33.61
"17991","2024-11-502",37.23
"17992","2024-11-503",38.37
"17993","2024-11-508",25.05
"17994","2024-11-402",28.2500000000001
"17995","2024-11-407",35.09
"17996","2024-11-408",35.27
"17997","2024-11-401",14.37
"17998","2024-11-406",28.55
"17999","2024-11-409",35.53
"18000","2024-11-405",29.93
"18001","2024-11-404",30.53
"18002","2024-11-403",33.1300000000001
"18003","2024-11-410",30.0700000000001
"18004","2024-11-706",29.1900000000001
"18005","2024-11-701",-273.15
"18006","2024-11-705",21.71
"18007","2024-11-702",-273.15
"18008","2024-11-703",29.01
"18009","2024-11-704",26.73
"18010","2024-11-603",30.41
"18011","2024-11-610",28.33
"18012","2024-11-608",31.21
"18013","2024-11-602",37.49
"18014","2024-11-611",28.51
"18015","2024-11-607",-273.15
"18016","2024-11-604",29.85
"18017","2024-11-605",30.61
"18018","2024-11-609",33.35
"18019","2024-11-601",33.2500000000001
"18020","2024-11-606",31.61
"18021","2024-11-112",30.81
"18022","2024-11-110",28.15
"18023","2024-11-106",27.93
"18024","2024-11-118",33.01
"18025","2024-11-103",27.7500000000001
"18026","2024-11-117",21.65
"18027","2024-11-102",31.09
"18028","2024-11-108",27.87
"18029","2024-11-120",23.89
"18030","2024-11-115",31.73
"18031","2024-11-107",30.59
"18032","2024-11-114",27.6300000000001
"18033","2024-11-119",35.99
"18034","2024-11-104",28.17
"18035","2024-11-101",34.49
"18036","2024-11-109",32.6900000000001
"18037","2024-11-105",26.01
"18038","2024-11-113",34.79
"18039","2024-11-116",27.71
"18040","2024-11-111",-273.15
"18041","2024-12-201",29.49
"18042","2024-12-205",32.66
"18043","2024-12-203",35.1225000000001
"18044","2024-12-215",-5.45249999999999
"18045","2024-12-214",-3.14249999999998
"18046","2024-12-206",31.0825
"18047","2024-12-209",40.1175
"18048","2024-12-207",27.03
"18049","2024-12-208",31.8500000000001
"18050","2024-12-216",31.4875
"18051","2024-12-210",-5.9249999999999
"18052","2024-12-204",32.325
"18053","2024-12-202",-273.15
"18054","2024-12-212",23.605
"18055","2024-12-213",-6.94
"18056","2024-12-211",23.99
"18057","2024-12-306",27
"18058","2024-12-301",25.86
"18059","2024-12-308",22.2725
"18060","2024-12-304",30.5550000000001
"18061","2024-12-303",31.2025
"18062","2024-12-307",18.8100000000001
"18063","2024-12-302",25.285
"18064","2024-12-305",28.21
"18065","2024-12-507",39.1225
"18066","2024-12-504",36.1950000000001
"18067","2024-12-506",36.215
"18068","2024-12-505",37.095
"18069","2024-12-511",34.3225
"18070","2024-12-510",31.8900000000001
"18071","2024-12-501",39.645
"18072","2024-12-509",33.12
"18073","2024-12-502",35.235
"18074","2024-12-503",37.565
"18075","2024-12-508",26.3800000000001
"18076","2024-12-402",25.9575000000001
"18077","2024-12-407",37.2075
"18078","2024-12-408",36.635
"18079","2024-12-401",18.0275
"18080","2024-12-406",27.71
"18081","2024-12-409",36.37
"18082","2024-12-405",28.565
"18083","2024-12-404",28.6225
"18084","2024-12-403",33.8825
"18085","2024-12-410",30.0700000000001
"18086","2024-12-706",30.7825
"18087","2024-12-701",-10.825
"18088","2024-12-705",29.935
"18089","2024-12-702",-7.9375
"18090","2024-12-703",30.9700000000001
"18091","2024-12-704",26.5025
"18092","2024-12-603",28.73
"18093","2024-12-610",30.0975
"18094","2024-12-608",28.48
"18095","2024-12-602",37.4375
"18096","2024-12-611",29.385
"18097","2024-12-607",-273.15
"18098","2024-12-604",30.655
"18099","2024-12-605",30.085
"18100","2024-12-609",35.8525
"18101","2024-12-601",32.7075000000001
"18102","2024-12-606",31.8725
"18103","2024-12-112",28.1325000000001
"18104","2024-12-110",28.8325
"18105","2024-12-106",25.025
"18106","2024-12-118",31.575
"18107","2024-12-103",25.9475000000001
"18108","2024-12-117",20.8975
"18109","2024-12-102",30.2325
"18110","2024-12-108",29.13
"18111","2024-12-120",21.545
"18112","2024-12-115",31.1175
"18113","2024-12-107",29.2425
"18114","2024-12-114",27.3675
"18115","2024-12-119",34.66
"18116","2024-12-104",29.5875
"18117","2024-12-101",36.3100000000001
"18118","2024-12-109",31.0625
"18119","2024-12-105",25.3625
"18120","2024-12-113",35.805
"18121","2024-12-116",28.7075
"18122","2024-12-111",-15.7425
"18123","2024-13-201",31.585
"18124","2024-13-205",34.08
"18125","2024-13-203",35.355
"18126","2024-13-215",33.675
"18127","2024-13-214",35.01
"18128","2024-13-206",32.585
"18129","2024-13-209",40.92
"18130","2024-13-207",31
"18131","2024-13-208",33.145
"18132","2024-13-216",31.46
"18133","2024-13-210",33.345
"18134","2024-13-204",34.84
"18135","2024-13-202",-49.215
"18136","2024-13-212",21.685
"18137","2024-13-213",34.06
"18138","2024-13-211",25.79
"18139","2024-13-306",26.82
"18140","2024-13-301",25.96
"18141","2024-13-308",23.345
"18142","2024-13-304",30.125
"18143","2024-13-303",34.86
"18144","2024-13-307",20.3150000000001
"18145","2024-13-302",22.18
"18146","2024-13-305",28.99
"18147","2024-13-507",40.425
"18148","2024-13-504",38.7050000000001
"18149","2024-13-506",37.425
"18150","2024-13-505",39.36
"18151","2024-13-511",34.865
"18152","2024-13-510",33.1950000000001
"18153","2024-13-501",39.7100000000001
"18154","2024-13-509",34.34
"18155","2024-13-502",35.25
"18156","2024-13-503",38.575
"18157","2024-13-508",27.0350000000001
"18158","2024-13-402",26.905
"18159","2024-13-407",37.51
"18160","2024-13-408",38.15
"18161","2024-13-401",19.765
"18162","2024-13-406",29
"18163","2024-13-409",37.4350000000001
"18164","2024-13-405",28.46
"18165","2024-13-404",30.36
"18166","2024-13-403",35.19
"18167","2024-13-410",31.765
"18168","2024-13-706",32.48
"18169","2024-13-701",26.44
"18170","2024-13-705",33.63
"18171","2024-13-702",31.24
"18172","2024-13-703",32.51
"18173","2024-13-704",26.275
"18174","2024-13-603",29.63
"18175","2024-13-610",30.755
"18176","2024-13-608",29.215
"18177","2024-13-602",38.6
"18178","2024-13-611",31.22
"18179","2024-13-607",-273.15
"18180","2024-13-604",32.5400000000001
"18181","2024-13-605",29.92
"18182","2024-13-609",36.12
"18183","2024-13-601",33.4700000000001
"18184","2024-13-606",30.77
"18185","2024-13-112",29.5800000000001
"18186","2024-13-110",31.21
"18187","2024-13-106",28.3
"18188","2024-13-118",35.84
"18189","2024-13-103",28.6900000000001
"18190","2024-13-117",19.815
"18191","2024-13-102",32.405
"18192","2024-13-108",30.375
"18193","2024-13-120",25.2
"18194","2024-13-115",32.6950000000001
"18195","2024-13-107",30.835
"18196","2024-13-114",28.3050000000001
"18197","2024-13-119",35.0100000000001
"18198","2024-13-104",29.925
"18199","2024-13-101",38.13
"18200","2024-13-109",32.63
"18201","2024-13-105",27.3700000000001
"18202","2024-13-113",37.105
"18203","2024-13-116",29.96
"18204","2024-13-111",23.205
"18205","2024-14-201",25.915
"18206","2024-14-205",32.2175
"18207","2024-14-203",31.7125
"18208","2024-14-215",-157.98
"18209","2024-14-214",31.1325
"18210","2024-14-206",29.6
"18211","2024-14-209",39.105
"18212","2024-14-207",28.5025
"18213","2024-14-208",27.81
"18214","2024-14-216",-158.9775
"18215","2024-14-210",-158.0775
"18216","2024-14-204",33.2225
"18217","2024-14-202",-161.1825
"18218","2024-14-212",-162.855
"18219","2024-14-213",29.2625
"18220","2024-14-211",21.735
"18221","2024-14-306",-160.74
"18222","2024-14-301",-161.01
"18223","2024-14-308",19.485
"18224","2024-14-304",-159.5475
"18225","2024-14-303",29.3600000000001
"18226","2024-14-307",18.8525000000001
"18227","2024-14-302",-162.81
"18228","2024-14-305",-159.7575
"18229","2024-14-507",41.3925
"18230","2024-14-504",37.8775
"18231","2024-14-506",36.0575
"18232","2024-14-505",38.4975
"18233","2024-14-511",31.8275
"18234","2024-14-510",31.0575
"18235","2024-14-501",41.475
"18236","2024-14-509",32.645
"18237","2024-14-502",33.05
"18238","2024-14-503",37.1625
"18239","2024-14-508",25.69
"18240","2024-14-402",-160.47
"18241","2024-14-407",31.9225000000001
"18242","2024-14-408",31.84
"18243","2024-14-401",-163.155
"18244","2024-14-406",-159.6675
"18245","2024-14-409",32.575
"18246","2024-14-405",29.465
"18247","2024-14-404",-159.0825
"18248","2024-14-403",29.0775
"18249","2024-14-410",-158.595
"18250","2024-14-706",-158.355
"18251","2024-14-701",-160.83
"18252","2024-14-705",-157.7925
"18253","2024-14-702",-158.8425
"18254","2024-14-703",-158.37
"18255","2024-14-704",-160.89
"18256","2024-14-603",29.6975
"18257","2024-14-610",27.2775
"18258","2024-14-608",27.0525
"18259","2024-14-602",36.0025
"18260","2024-14-611",32.3150000000001
"18261","2024-14-607",-273.15
"18262","2024-14-604",29.2925
"18263","2024-14-605",28.915
"18264","2024-14-609",35.0525
"18265","2024-14-601",33.1875
"18266","2024-14-606",31.4400000000001
"18267","2024-14-112",28.29
"18268","2024-14-110",-158.73
"18269","2024-14-106",28.4175000000001
"18270","2024-14-118",30.705
"18271","2024-14-103",25.1775
"18272","2024-14-117",21.7650000000001
"18273","2024-14-102",-158.28
"18274","2024-14-108",25.4425
"18275","2024-14-120",25.505
"18276","2024-14-115",28.9625
"18277","2024-14-107",28.7425000000001
"18278","2024-14-114",-159.9825
"18279","2024-14-119",33.415
"18280","2024-14-104",27.545
"18281","2024-14-101",-156.225
"18282","2024-14-109",29.005
"18283","2024-14-105",27.07
"18284","2024-14-113",32.0775
"18285","2024-14-116",29.7175
"18286","2024-14-111",-161.745
"18287","2024-15-201",28.56
"18288","2024-15-205",33.51
"18289","2024-15-203",34.48
"18290","2024-15-215",-121.35
"18291","2024-15-214",31.69
"18292","2024-15-206",31.4
"18293","2024-15-209",39.62
"18294","2024-15-207",30.29
"18295","2024-15-208",30.27
"18296","2024-15-216",-121.78
"18297","2024-15-210",-120.71
"18298","2024-15-204",33.86
"18299","2024-15-202",-123.91
"18300","2024-15-212",-125.02
"18301","2024-15-213",29.13
"18302","2024-15-211",22.45
"18303","2024-15-306",-124.92
"18304","2024-15-301",-123.75
"18305","2024-15-308",20.17
"18306","2024-15-304",-122.4
"18307","2024-15-303",29.77
"18308","2024-15-307",19.62
"18309","2024-15-302",-126.94
"18310","2024-15-305",-122.62
"18311","2024-15-507",42.19
"18312","2024-15-504",38.05
"18313","2024-15-506",36.49
"18314","2024-15-505",38.64
"18315","2024-15-511",32.56
"18316","2024-15-510",31.68
"18317","2024-15-501",42.22
"18318","2024-15-509",33.16
"18319","2024-15-502",34.06
"18320","2024-15-503",37.91
"18321","2024-15-508",25.63
"18322","2024-15-402",-123.37
"18323","2024-15-407",33.7400000000001
"18324","2024-15-408",33.29
"18325","2024-15-401",-127.41
"18326","2024-15-406",-122.03
"18327","2024-15-409",33.8000000000001
"18328","2024-15-405",28.2
"18329","2024-15-404",-120.51
"18330","2024-15-403",30.82
"18331","2024-15-410",-121.09
"18332","2024-15-706",-121.4
"18333","2024-15-701",-125.45
"18334","2024-15-705",-120.43
"18335","2024-15-702",-121.43
"18336","2024-15-703",-121.47
"18337","2024-15-704",-124.21
"18338","2024-15-603",30.42
"18339","2024-15-610",28.13
"18340","2024-15-608",27.82
"18341","2024-15-602",36.55
"18342","2024-15-611",32.0800000000001
"18343","2024-15-607",-273.15
"18344","2024-15-604",30.7
"18345","2024-15-605",30.03
"18346","2024-15-609",34.85
"18347","2024-15-601",34.0200000000001
"18348","2024-15-606",32.11
"18349","2024-15-112",28.49
"18350","2024-15-110",-120.45
"18351","2024-15-106",29.1900000000001
"18352","2024-15-118",31.5
"18353","2024-15-103",25.3
"18354","2024-15-117",23.02
"18355","2024-15-102",-119.45
"18356","2024-15-108",26.78
"18357","2024-15-120",25.79
"18358","2024-15-115",29.9800000000001
"18359","2024-15-107",28.29
"18360","2024-15-114",-122.33
"18361","2024-15-119",34.4900000000001
"18362","2024-15-104",28.49
"18363","2024-15-101",-117.76
"18364","2024-15-109",30.33
"18365","2024-15-105",27.91
"18366","2024-15-113",33.18
"18367","2024-15-116",30.04
"18368","2024-15-111",-125
"18369","2024-16-201",-80.5
"18370","2024-16-205",34.8100000000001
"18371","2024-16-203",37.615
"18372","2024-16-215",-83.4
"18373","2024-16-214",34.6925
"18374","2024-16-206",34.7675
"18375","2024-16-209",-76.55
"18376","2024-16-207",34.38
"18377","2024-16-208",32.6175
"18378","2024-16-216",30.715
"18379","2024-16-210",31.49
"18380","2024-16-204",-79.9375
"18381","2024-16-202",-86.6
"18382","2024-16-212",22.5325
"18383","2024-16-213",-82.1375
"18384","2024-16-211",25.79
"18385","2024-16-306",-87.8625
"18386","2024-16-301",24.675
"18387","2024-16-308",22.76
"18388","2024-16-304",29.1225
"18389","2024-16-303",35.385
"18390","2024-16-307",18.6625
"18391","2024-16-302",19.9075
"18392","2024-16-305",28.045
"18393","2024-16-507",41.45
"18394","2024-16-504",40.075
"18395","2024-16-506",37.7925
"18396","2024-16-505",40.665
"18397","2024-16-511",34.6650000000001
"18398","2024-16-510",32.775
"18399","2024-16-501",42.3725
"18400","2024-16-509",34.665
"18401","2024-16-502",35.7825
"18402","2024-16-503",39.1975
"18403","2024-16-508",25.8025
"18404","2024-16-402",24.295
"18405","2024-16-407",37.3575
"18406","2024-16-408",37.5975
"18407","2024-16-401",17.3625
"18408","2024-16-406",28.7675
"18409","2024-16-409",37.0200000000001
"18410","2024-16-405",26.2375
"18411","2024-16-404",29.0550000000001
"18412","2024-16-403",35.9975
"18413","2024-16-410",-83.075
"18414","2024-16-706",30.3425
"18415","2024-16-701",-88.5249999999999
"18416","2024-16-705",32.0875
"18417","2024-16-702",-83.5
"18418","2024-16-703",30.48
"18419","2024-16-704",25.42
"18420","2024-16-603",29.845
"18421","2024-16-610",30.7975
"18422","2024-16-608",28.985
"18423","2024-16-602",-78.125
"18424","2024-16-611",32.16
"18425","2024-16-607",-273.15
"18426","2024-16-604",31.7475
"18427","2024-16-605",30.905
"18428","2024-16-609",-80.3875
"18429","2024-16-601",34.9575000000001
"18430","2024-16-606",31.1675
"18431","2024-16-112",29.3725
"18432","2024-16-110",30.8400000000001
"18433","2024-16-106",29.2350000000001
"18434","2024-16-118",34.875
"18435","2024-16-103",26.9600000000001
"18436","2024-16-117",20.24
"18437","2024-16-102",34.3775000000001
"18438","2024-16-108",30.8325
"18439","2024-16-120",25.3475000000001
"18440","2024-16-115",33.7875000000001
"18441","2024-16-107",27.8
"18442","2024-16-114",28.0175
"18443","2024-16-119",36.1575000000001
"18444","2024-16-104",29.4275
"18445","2024-16-101",38.5225000000001
"18446","2024-16-109",33.3800000000001
"18447","2024-16-105",-84.0875
"18448","2024-16-113",37.785
"18449","2024-16-116",-83.225
"18450","2024-16-111",23.03
"18451","2024-17-201",-197.585
"18452","2024-17-205",32.135
"18453","2024-17-203",34.305
"18454","2024-17-215",-196.985
"18455","2024-17-214",-42.015
"18456","2024-17-206",33.095
"18457","2024-17-209",-196.41
"18458","2024-17-207",33.155
"18459","2024-17-208",27.5400000000001
"18460","2024-17-216",32.425
"18461","2024-17-210",30.565
"18462","2024-17-204",-196.985
"18463","2024-17-202",-198.975
"18464","2024-17-212",21.9050000000001
"18465","2024-17-213",-195.795
"18466","2024-17-211",24.725
"18467","2024-17-306",-198.07
"18468","2024-17-301",23.69
"18469","2024-17-308",22.43
"18470","2024-17-304",30.105
"18471","2024-17-303",36.595
"18472","2024-17-307",15.565
"18473","2024-17-302",21
"18474","2024-17-305",28.08
"18475","2024-17-507",39.135
"18476","2024-17-504",40.72
"18477","2024-17-506",37.195
"18478","2024-17-505",41.435
"18479","2024-17-511",33.085
"18480","2024-17-510",31.925
"18481","2024-17-501",43.04
"18482","2024-17-509",33.1750000000001
"18483","2024-17-502",34.085
"18484","2024-17-503",37.605
"18485","2024-17-508",25.1550000000001
"18486","2024-17-402",21.905
"18487","2024-17-407",34.81
"18488","2024-17-408",35.54
"18489","2024-17-401",16.5100000000001
"18490","2024-17-406",28.23
"18491","2024-17-409",35.09
"18492","2024-17-405",26.545
"18493","2024-17-404",25.08
"18494","2024-17-403",34.555
"18495","2024-17-410",-197.725
"18496","2024-17-706",30.395
"18497","2024-17-701",-198.62
"18498","2024-17-705",31.5500000000001
"18499","2024-17-702",-197.99
"18500","2024-17-703",30.96
"18501","2024-17-704",26.3100000000001
"18502","2024-17-603",27.805
"18503","2024-17-610",29.89
"18504","2024-17-608",26.875
"18505","2024-17-602",-196.415
"18506","2024-17-611",31.875
"18507","2024-17-607",-273.15
"18508","2024-17-604",27.895
"18509","2024-17-605",-46.14
"18510","2024-17-609",-273.15
"18511","2024-17-601",33.7000000000001
"18512","2024-17-606",28.52
"18513","2024-17-112",28.025
"18514","2024-17-110",29.1
"18515","2024-17-106",26.995
"18516","2024-17-118",33.375
"18517","2024-17-103",25.74
"18518","2024-17-117",16.87
"18519","2024-17-102",34.1
"18520","2024-17-108",29.8400000000001
"18521","2024-17-120",23.57
"18522","2024-17-115",33.62
"18523","2024-17-107",25.315
"18524","2024-17-114",27.375
"18525","2024-17-119",34.94
"18526","2024-17-104",-48.045
"18527","2024-17-101",39.03
"18528","2024-17-109",31.825
"18529","2024-17-105",-198.11
"18530","2024-17-113",37.205
"18531","2024-17-116",-198.41
"18532","2024-17-111",22.755
"18533","2024-18-201",29.51
"18534","2024-18-205",31.3525
"18535","2024-18-203",33.9700000000001
"18536","2024-18-215",-6.57249999999999
"18537","2024-18-214",-273.15
"18538","2024-18-206",31.0025
"18539","2024-18-209",34.55
"18540","2024-18-207",29.985
"18541","2024-18-208",30.625
"18542","2024-18-216",-6.205
"18543","2024-18-210",29.315
"18544","2024-18-204",31.53
"18545","2024-18-202",-13.5375
"18546","2024-18-212",22.56
"18547","2024-18-213",-2.40749999999999
"18548","2024-18-211",22.6125000000001
"18549","2024-18-306",26.56
"18550","2024-18-301",25.535
"18551","2024-18-308",24.5225
"18552","2024-18-304",29.3475000000001
"18553","2024-18-303",34.7550000000001
"18554","2024-18-307",-16.285
"18555","2024-18-302",20.8175
"18556","2024-18-305",27.72
"18557","2024-18-507",38.5225
"18558","2024-18-504",38.9575
"18559","2024-18-506",-2.47749999999991
"18560","2024-18-505",39.28
"18561","2024-18-511",31.3475
"18562","2024-18-510",-3.9125
"18563","2024-18-501",42.53
"18564","2024-18-509",30.1925000000001
"18565","2024-18-502",32.535
"18566","2024-18-503",35.64
"18567","2024-18-508",26.6475
"18568","2024-18-402",25.6525
"18569","2024-18-407",35.2725
"18570","2024-18-408",-3.23
"18571","2024-18-401",18.5975
"18572","2024-18-406",28.5
"18573","2024-18-409",35.225
"18574","2024-18-405",28.2375
"18575","2024-18-404",28.7475
"18576","2024-18-403",33
"18577","2024-18-410",28.7025
"18578","2024-18-706",30.49
"18579","2024-18-701",24.3075
"18580","2024-18-705",-7.0625
"18581","2024-18-702",-10.09
"18582","2024-18-703",-6.975
"18583","2024-18-704",24.57
"18584","2024-18-603",28.9325
"18585","2024-18-610",-8.83
"18586","2024-18-608",26.3675
"18587","2024-18-602",34.01
"18588","2024-18-611",27.96
"18589","2024-18-607",-273.15
"18590","2024-18-604",29.82
"18591","2024-18-605",-273.15
"18592","2024-18-609",-273.15
"18593","2024-18-601",-6.93999999999999
"18594","2024-18-606",25.84
"18595","2024-18-112",26.4425
"18596","2024-18-110",31.0975
"18597","2024-18-106",26.9750000000001
"18598","2024-18-118",35.9375
"18599","2024-18-103",28.275
"18600","2024-18-117",20.0825
"18601","2024-18-102",32.6675000000001
"18602","2024-18-108",29.355
"18603","2024-18-120",25.1225
"18604","2024-18-115",32.3225
"18605","2024-18-107",26.5225
"18606","2024-18-114",28.035
"18607","2024-18-119",33.625
"18608","2024-18-104",-273.15
"18609","2024-18-101",35.89
"18610","2024-18-109",31.5175
"18611","2024-18-105",26.75
"18612","2024-18-113",34.1900000000001
"18613","2024-18-116",26.1
"18614","2024-18-111",-14.43
"18615","2024-19-201",32.31
"18616","2024-19-205",33.7500000000001
"18617","2024-19-203",35.51
"18618","2024-19-215",-273.15
"18619","2024-19-214",-273.15
"18620","2024-19-206",31.79
"18621","2024-19-209",39.73
"18622","2024-19-207",30.37
"18623","2024-19-208",33.11
"18624","2024-19-216",-273.15
"18625","2024-19-210",31.59
"18626","2024-19-204",31.67
"18627","2024-19-202",-273.15
"18628","2024-19-212",20.11
"18629","2024-19-213",-273.15
"18630","2024-19-211",25.99
"18631","2024-19-306",22.29
"18632","2024-19-301",25.01
"18633","2024-19-308",26.15
"18634","2024-19-304",30.45
"18635","2024-19-303",34.79
"18636","2024-19-307",-273.15
"18637","2024-19-302",18.91
"18638","2024-19-305",29.1900000000001
"18639","2024-19-507",38.7500000000001
"18640","2024-19-504",39.85
"18641","2024-19-506",-273.15
"18642","2024-19-505",37.95
"18643","2024-19-511",33.99
"18644","2024-19-510",-273.15
"18645","2024-19-501",40.43
"18646","2024-19-509",30.6300000000001
"18647","2024-19-502",33.97
"18648","2024-19-503",36.6900000000001
"18649","2024-19-508",27.33
"18650","2024-19-402",28.05
"18651","2024-19-407",37.67
"18652","2024-19-408",-273.15
"18653","2024-19-401",17.2500000000001
"18654","2024-19-406",30.39
"18655","2024-19-409",37.85
"18656","2024-19-405",29.6900000000001
"18657","2024-19-404",30.27
"18658","2024-19-403",35.87
"18659","2024-19-410",29.77
"18660","2024-19-706",29.79
"18661","2024-19-701",19.67
"18662","2024-19-705",-273.15
"18663","2024-19-702",-273.15
"18664","2024-19-703",-273.15
"18665","2024-19-704",17.85
"18666","2024-19-603",27.6900000000001
"18667","2024-19-610",-273.15
"18668","2024-19-608",27.7500000000001
"18669","2024-19-602",35.55
"18670","2024-19-611",28.59
"18671","2024-19-607",-273.15
"18672","2024-19-604",31.01
"18673","2024-19-605",-273.15
"18674","2024-19-609",-273.15
"18675","2024-19-601",-273.15
"18676","2024-19-606",28.29
"18677","2024-19-112",27.65
"18678","2024-19-110",32.27
"18679","2024-19-106",25.05
"18680","2024-19-118",36.55
"18681","2024-19-103",30.6900000000001
"18682","2024-19-117",19.89
"18683","2024-19-102",32.93
"18684","2024-19-108",30.79
"18685","2024-19-120",26.33
"18686","2024-19-115",34.37
"18687","2024-19-107",29.41
"18688","2024-19-114",29.61
"18689","2024-19-119",33.45
"18690","2024-19-104",-273.15
"18691","2024-19-101",34.49
"18692","2024-19-109",33.67
"18693","2024-19-105",24.93
"18694","2024-19-113",34.1900000000001
"18695","2024-19-116",28.1300000000001
"18696","2024-19-111",-273.15
"18697","2024-20-201",28.845
"18698","2024-20-205",32.4375000000001
"18699","2024-20-203",33.62
"18700","2024-20-215",-273.15
"18701","2024-20-214",-273.15
"18702","2024-20-206",31.0025
"18703","2024-20-209",33.7275
"18704","2024-20-207",30.2825
"18705","2024-20-208",29.89
"18706","2024-20-216",-7.53499999999997
"18707","2024-20-210",-235.0575
"18708","2024-20-204",29.9375000000001
"18709","2024-20-202",-11.315
"18710","2024-20-212",23.365
"18711","2024-20-213",-273.15
"18712","2024-20-211",26.305
"18713","2024-20-306",24.845
"18714","2024-20-301",25.9375000000001
"18715","2024-20-308",24.47
"18716","2024-20-304",29.6275
"18717","2024-20-303",32.9875
"18718","2024-20-307",-273.15
"18719","2024-20-302",22.3575
"18720","2024-20-305",29.995
"18721","2024-20-507",32.415
"18722","2024-20-504",35.65
"18723","2024-20-506",-2.91499999999991
"18724","2024-20-505",-234.2625
"18725","2024-20-511",-234.7575
"18726","2024-20-510",-8.69
"18727","2024-20-501",-233.9525
"18728","2024-20-509",29.0025
"18729","2024-20-502",29.2625
"18730","2024-20-503",30.985
"18731","2024-20-508",27.4875
"18732","2024-20-402",26.5625
"18733","2024-20-407",36.2700000000001
"18734","2024-20-408",-3.03749999999997
"18735","2024-20-401",18.545
"18736","2024-20-406",28.9550000000001
"18737","2024-20-409",35.9775
"18738","2024-20-405",28.1675
"18739","2024-20-404",29.5175
"18740","2024-20-403",32.125
"18741","2024-20-410",31.7825000000001
"18742","2024-20-706",31.225
"18743","2024-20-701",24.6925
"18744","2024-20-705",-5.995
"18745","2024-20-702",-6.15249999999997
"18746","2024-20-703",-5.57500000000005
"18747","2024-20-704",25.3575
"18748","2024-20-603",29.195
"18749","2024-20-610",-273.15
"18750","2024-20-608",25.23
"18751","2024-20-602",33.0825
"18752","2024-20-611",19.9275000000001
"18753","2024-20-607",-273.15
"18754","2024-20-604",28.1925
"18755","2024-20-605",-273.15
"18756","2024-20-609",-8.35749999999996
"18757","2024-20-601",-8.62
"18758","2024-20-606",29.34
"18759","2024-20-112",26.215
"18760","2024-20-110",29.7325
"18761","2024-20-106",27.465
"18762","2024-20-118",33.645
"18763","2024-20-103",28.66
"18764","2024-20-117",19.505
"18765","2024-20-102",30.06
"18766","2024-20-108",27.7275
"18767","2024-20-120",15.2175000000001
"18768","2024-20-115",29.61
"18769","2024-20-107",27.94
"18770","2024-20-114",28.4375
"18771","2024-20-119",31.7
"18772","2024-20-104",-10.09
"18773","2024-20-101",32.9325
"18774","2024-20-109",31.85
"18775","2024-20-105",26.645
"18776","2024-20-113",34.8025
"18777","2024-20-116",28.375
"18778","2024-20-111",-11.6649999999999
"18779","2024-21-201",27.66
"18780","2024-21-205",29.19
"18781","2024-21-203",31.01
"18782","2024-21-215",-273.15
"18783","2024-21-214",-273.15
"18784","2024-21-206",29.48
"18785","2024-21-209",-196.645
"18786","2024-21-207",28.965
"18787","2024-21-208",28.32
"18788","2024-21-216",31.565
"18789","2024-21-210",-45.7349999999999
"18790","2024-21-204",27.905
"18791","2024-21-202",26.135
"18792","2024-21-212",23.485
"18793","2024-21-213",-273.15
"18794","2024-21-211",23.215
"18795","2024-21-306",21.4450000000001
"18796","2024-21-301",26.13
"18797","2024-21-308",21.9500000000001
"18798","2024-21-304",27.92
"18799","2024-21-303",33.66
"18800","2024-21-307",-51.075
"18801","2024-21-302",-199.15
"18802","2024-21-305",27.665
"18803","2024-21-507",33.385
"18804","2024-21-504",33.595
"18805","2024-21-506",36.0650000000001
"18806","2024-21-505",-46.1099999999999
"18807","2024-21-511",-46.545
"18808","2024-21-510",29.705
"18809","2024-21-501",-43.14
"18810","2024-21-509",27.645
"18811","2024-21-502",28.17
"18812","2024-21-503",28.475
"18813","2024-21-508",27.09
"18814","2024-21-402",24.445
"18815","2024-21-407",34.135
"18816","2024-21-408",33.7350000000001
"18817","2024-21-401",20.4850000000001
"18818","2024-21-406",27.175
"18819","2024-21-409",34.2400000000001
"18820","2024-21-405",26.51
"18821","2024-21-404",25.795
"18822","2024-21-403",30.78
"18823","2024-21-410",29.985
"18824","2024-21-706",29.7050000000001
"18825","2024-21-701",21.645
"18826","2024-21-705",31
"18827","2024-21-702",30.1750000000001
"18828","2024-21-703",31.495
"18829","2024-21-704",26.73
"18830","2024-21-603",27.505
"18831","2024-21-610",-46.455
"18832","2024-21-608",24.765
"18833","2024-21-602",29.73
"18834","2024-21-611",22.68
"18835","2024-21-607",-273.15
"18836","2024-21-604",-197.915
"18837","2024-21-605",-48.285
"18838","2024-21-609",28.285
"18839","2024-21-601",28.7200000000001
"18840","2024-21-606",26.67
"18841","2024-21-112",-198.36
"18842","2024-21-110",28.62
"18843","2024-21-106",25.23
"18844","2024-21-118",35.6
"18845","2024-21-103",25.7
"18846","2024-21-117",16.57
"18847","2024-21-102",29.7250000000001
"18848","2024-21-108",29.0000000000001
"18849","2024-21-120",19.9600000000001
"18850","2024-21-115",32.395
"18851","2024-21-107",26.2000000000001
"18852","2024-21-114",28.045
"18853","2024-21-119",31.99
"18854","2024-21-104",-197.99
"18855","2024-21-101",34.495
"18856","2024-21-109",29.58
"18857","2024-21-105",26.44
"18858","2024-21-113",33.39
"18859","2024-21-116",24.585
"18860","2024-21-111",23.965
"18861","2024-22-201",24.4425
"18862","2024-22-205",30.2575
"18863","2024-22-203",31.255
"18864","2024-22-215",-273.15
"18865","2024-22-214",-83.775
"18866","2024-22-206",30.4225
"18867","2024-22-209",-81.35
"18868","2024-22-207",30.7175
"18869","2024-22-208",28.6875000000001
"18870","2024-22-216",-158.7375
"18871","2024-22-210",-159.4425
"18872","2024-22-204",29.76
"18873","2024-22-202",-160.9125
"18874","2024-22-212",21.0825
"18875","2024-22-213",-84.2249999999999
"18876","2024-22-211",21.32
"18877","2024-22-306",-163.1475
"18878","2024-22-301",-160.9125
"18879","2024-22-308",-162.7725
"18880","2024-22-304",-160.4475
"18881","2024-22-303",-157.98
"18882","2024-22-307",-162.1125
"18883","2024-22-302",-89.525
"18884","2024-22-305",-160.65
"18885","2024-22-507",33.16
"18886","2024-22-504",33.7725
"18887","2024-22-506",34.99
"18888","2024-22-505",30.845
"18889","2024-22-511",28.865
"18890","2024-22-510",30.0100000000001
"18891","2024-22-501",33.7925
"18892","2024-22-509",28.6575
"18893","2024-22-502",29.3925
"18894","2024-22-503",30.435
"18895","2024-22-508",-160.6125
"18896","2024-22-402",-161.79
"18897","2024-22-407",32.79
"18898","2024-22-408",-158.295
"18899","2024-22-401",-162.8175
"18900","2024-22-406",-160.725
"18901","2024-22-409",33.45
"18902","2024-22-405",-160.9575
"18903","2024-22-404",23.34
"18904","2024-22-403",-159.2775
"18905","2024-22-410",27.4275
"18906","2024-22-706",-159.795
"18907","2024-22-701",24.14
"18908","2024-22-705",-159.24
"18909","2024-22-702",-159.63
"18910","2024-22-703",-159.0525
"18911","2024-22-704",26.5675
"18912","2024-22-603",-160.6425
"18913","2024-22-610",-159.8025
"18914","2024-22-608",24.655
"18915","2024-22-602",31.88
"18916","2024-22-611",-161.715
"18917","2024-22-607",-273.15
"18918","2024-22-604",-86.275
"18919","2024-22-605",25.52
"18920","2024-22-609",29.0025
"18921","2024-22-601",-160.005
"18922","2024-22-606",-161.07
"18923","2024-22-112",-273.15
"18924","2024-22-110",30.12
"18925","2024-22-106",23.7825
"18926","2024-22-118",-157.0725
"18927","2024-22-103",-161.415
"18928","2024-22-117",17.61
"18929","2024-22-102",32.025
"18930","2024-22-108",-159.63
"18931","2024-22-120",21.82
"18932","2024-22-115",-158.1375
"18933","2024-22-107",26.765
"18934","2024-22-114",-160.23
"18935","2024-22-119",32.2075
"18936","2024-22-104",-273.15
"18937","2024-22-101",34.265
"18938","2024-22-109",30.6850000000001
"18939","2024-22-105",-160.86
"18940","2024-22-113",31.9775
"18941","2024-22-116",-161.9775
"18942","2024-22-111",-161.9475
"18943","2024-23-201",23.32
"18944","2024-23-205",29.21
"18945","2024-23-203",31.21
"18946","2024-23-215",-273.15
"18947","2024-23-214",-121.65
"18948","2024-23-206",29.4800000000001
"18949","2024-23-209",32.19
"18950","2024-23-207",30.02
"18951","2024-23-208",27.43
"18952","2024-23-216",-273.15
"18953","2024-23-210",-273.15
"18954","2024-23-204",28.42
"18955","2024-23-202",-125.4
"18956","2024-23-212",20.85
"18957","2024-23-213",-122.01
"18958","2024-23-211",19.2800000000001
"18959","2024-23-306",-126.54
"18960","2024-23-301",-273.15
"18961","2024-23-308",-273.15
"18962","2024-23-304",-273.15
"18963","2024-23-303",-121.88
"18964","2024-23-307",-128.37
"18965","2024-23-302",-126.25
"18966","2024-23-305",-273.15
"18967","2024-23-507",-120.25
"18968","2024-23-504",-119.49
"18969","2024-23-506",32.12
"18970","2024-23-505",-120.77
"18971","2024-23-511",26.78
"18972","2024-23-510",-121.54
"18973","2024-23-501",-119.6
"18974","2024-23-509",-121.83
"18975","2024-23-502",29.01
"18976","2024-23-503",28.01
"18977","2024-23-508",-273.15
"18978","2024-23-402",-126.17
"18979","2024-23-407",32.49
"18980","2024-23-408",-120.35
"18981","2024-23-401",-273.15
"18982","2024-23-406",-124.38
"18983","2024-23-409",34.6700000000001
"18984","2024-23-405",-273.15
"18985","2024-23-404",22.72
"18986","2024-23-403",-121.12
"18987","2024-23-410",26.47
"18988","2024-23-706",-273.15
"18989","2024-23-701",-123.38
"18990","2024-23-705",-273.15
"18991","2024-23-702",-273.15
"18992","2024-23-703",-273.15
"18993","2024-23-704",-123.37
"18994","2024-23-603",-273.15
"18995","2024-23-610",-273.15
"18996","2024-23-608",-124.27
"18997","2024-23-602",-119.69
"18998","2024-23-611",-123.13
"18999","2024-23-607",-273.15
"19000","2024-23-604",-123.65
"19001","2024-23-605",-124.16
"19002","2024-23-609",29.42
"19003","2024-23-601",-123.74
"19004","2024-23-606",-273.15
"19005","2024-23-112",-273.15
"19006","2024-23-110",28.17
"19007","2024-23-106",22.13
"19008","2024-23-118",-120.93
"19009","2024-23-103",-125.49
"19010","2024-23-117",14.38
"19011","2024-23-102",30.93
"19012","2024-23-108",-123.43
"19013","2024-23-120",19.25
"19014","2024-23-115",-121.22
"19015","2024-23-107",25.81
"19016","2024-23-114",-273.15
"19017","2024-23-119",32.66
"19018","2024-23-104",-124.82
"19019","2024-23-101",34
"19020","2024-23-109",29.4600000000001
"19021","2024-23-105",-123.91
"19022","2024-23-113",33.17
"19023","2024-23-116",-123.78
"19024","2024-23-111",-127.04
"19025","2024-24-201",23.945
"19026","2024-24-205",26.505
"19027","2024-24-203",30.61
"19028","2024-24-215",-158.715
"19029","2024-24-214",-273.15
"19030","2024-24-206",28.2600000000001
"19031","2024-24-209",-83.275
"19032","2024-24-207",27.4925
"19033","2024-24-208",25.46
"19034","2024-24-216",-159.495
"19035","2024-24-210",-273.15
"19036","2024-24-204",25.505
"19037","2024-24-202",-88.4625
"19038","2024-24-212",22.4475
"19039","2024-24-213",-273.15
"19040","2024-24-211",-91.3374999999999
"19041","2024-24-306",19.9575000000001
"19042","2024-24-301",-161.6325
"19043","2024-24-308",-164.2275
"19044","2024-24-304",-160.41
"19045","2024-24-303",28.685
"19046","2024-24-307",-92.175
"19047","2024-24-302",-162.5325
"19048","2024-24-305",-161.31
"19049","2024-24-507",-159.7275
"19050","2024-24-504",-160.7475
"19051","2024-24-506",-83.7
"19052","2024-24-505",-273.15
"19053","2024-24-511",-86.95
"19054","2024-24-510",-273.15
"19055","2024-24-501",-160.41
"19056","2024-24-509",-162.8175
"19057","2024-24-502",27.6825
"19058","2024-24-503",-87.3874999999999
"19059","2024-24-508",-161.535
"19060","2024-24-402",21.545
"19061","2024-24-407",32.2875
"19062","2024-24-408",32.5325
"19063","2024-24-401",-273.15
"19064","2024-24-406",24.6525
"19065","2024-24-409",35.4250000000001
"19066","2024-24-405",-161.7
"19067","2024-24-404",23.9525
"19068","2024-24-403",30.985
"19069","2024-24-410",26.3675000000001
"19070","2024-24-706",-161.1525
"19071","2024-24-701",-161.025
"19072","2024-24-705",-159.57
"19073","2024-24-702",-159.555
"19074","2024-24-703",-159.1875
"19075","2024-24-704",-162.375
"19076","2024-24-603",-161.1525
"19077","2024-24-610",-160.05
"19078","2024-24-608",-161.1825
"19079","2024-24-602",-273.15
"19080","2024-24-611",26.5375
"19081","2024-24-607",-273.15
"19082","2024-24-604",-273.15
"19083","2024-24-605",-160.635
"19084","2024-24-609",28.12
"19085","2024-24-601",-86.3875
"19086","2024-24-606",-160.17
"19087","2024-24-112",-161.3475
"19088","2024-24-110",25.89
"19089","2024-24-106",21.7075
"19090","2024-24-118",30.54
"19091","2024-24-103",22.035
"19092","2024-24-117",12.3425
"19093","2024-24-102",28.4475
"19094","2024-24-108",-86
"19095","2024-24-120",18.435
"19096","2024-24-115",29.63
"19097","2024-24-107",24.9075
"19098","2024-24-114",-161.22
"19099","2024-24-119",32.745
"19100","2024-24-104",-87.7375
"19101","2024-24-101",33.84
"19102","2024-24-109",27.5225
"19103","2024-24-105",23.8825
"19104","2024-24-113",34.43
"19105","2024-24-116",25.5975
"19106","2024-24-111",20.6300000000001
"19107","2024-25-201",-50.385
"19108","2024-25-205",25.105
"19109","2024-25-203",-45.255
"19110","2024-25-215",-44.28
"19111","2024-25-214",-197.93
"19112","2024-25-206",-46.38
"19113","2024-25-209",-197.68
"19114","2024-25-207",-48.3149999999999
"19115","2024-25-208",-49.53
"19116","2024-25-216",-45.84
"19117","2024-25-210",-273.15
"19118","2024-25-204",25.595
"19119","2024-25-202",-273.15
"19120","2024-25-212",-50.88
"19121","2024-25-213",-273.15
"19122","2024-25-211",-273.15
"19123","2024-25-306",-53.46
"19124","2024-25-301",23.6
"19125","2024-25-308",18.325
"19126","2024-25-304",-47.67
"19127","2024-25-303",28.59
"19128","2024-25-307",-273.15
"19129","2024-25-302",-51.915
"19130","2024-25-305",-49.47
"19131","2024-25-507",-46.305
"19132","2024-25-504",27.455
"19133","2024-25-506",-198
"19134","2024-25-505",-197.655
"19135","2024-25-511",-198.075
"19136","2024-25-510",-199.37
"19137","2024-25-501",28.105
"19138","2024-25-509",22.5250000000001
"19139","2024-25-502",27.785
"19140","2024-25-503",-198.225
"19141","2024-25-508",-49.92
"19142","2024-25-402",22.26
"19143","2024-25-407",-44.4749999999999
"19144","2024-25-408",-43.785
"19145","2024-25-401",-273.15
"19146","2024-25-406",24.785
"19147","2024-25-409",33.61
"19148","2024-25-405",23.61
"19149","2024-25-404",25.075
"19150","2024-25-403",30.46
"19151","2024-25-410",24.845
"19152","2024-25-706",26.965
"19153","2024-25-701",25.305
"19154","2024-25-705",-45.99
"19155","2024-25-702",-45.96
"19156","2024-25-703",31.4200000000001
"19157","2024-25-704",22.0400000000001
"19158","2024-25-603",-49.155
"19159","2024-25-610",27.915
"19160","2024-25-608",-49.215
"19161","2024-25-602",-273.15
"19162","2024-25-611",-48.825
"19163","2024-25-607",-273.15
"19164","2024-25-604",-273.15
"19165","2024-25-605",-48.12
"19166","2024-25-609",-48.51
"19167","2024-25-601",-197.925
"19168","2024-25-606",-47.1899999999999
"19169","2024-25-112",-49.545
"19170","2024-25-110",26.49
"19171","2024-25-106",22.835
"19172","2024-25-118",30.545
"19173","2024-25-103",21.75
"19174","2024-25-117",16.575
"19175","2024-25-102",-46.98
"19176","2024-25-108",-198.16
"19177","2024-25-120",20.64
"19178","2024-25-115",28.975
"19179","2024-25-107",-48.7349999999999
"19180","2024-25-114",25.115
"19181","2024-25-119",32.265
"19182","2024-25-104",-273.15
"19183","2024-25-101",31.8300000000001
"19184","2024-25-109",26.585
"19185","2024-25-105",22.205
"19186","2024-25-113",33.6600000000001
"19187","2024-25-116",-49.08
"19188","2024-25-111",22.115
"19189","2024-26-201",-273.15
"19190","2024-26-205",-14.08
"19191","2024-26-203",-273.15
"19192","2024-26-215",-235.4075
"19193","2024-26-214",-9.88
"19194","2024-26-206",-273.15
"19195","2024-26-209",-9.005
"19196","2024-26-207",-236.0825
"19197","2024-26-208",-273.15
"19198","2024-26-216",-235.335
"19199","2024-26-210",-235.4975
"19200","2024-26-204",26
"19201","2024-26-202",-273.15
"19202","2024-26-212",-273.15
"19203","2024-26-213",-235.41
"19204","2024-26-211",-273.15
"19205","2024-26-306",-236.5725
"19206","2024-26-301",21.865
"19207","2024-26-308",-15.445
"19208","2024-26-304",-273.15
"19209","2024-26-303",31.595
"19210","2024-26-307",-273.15
"19211","2024-26-302",-273.15
"19212","2024-26-305",-273.15
"19213","2024-26-507",-235.35
"19214","2024-26-504",30.0675
"19215","2024-26-506",27.6425
"19216","2024-26-505",28.8025
"19217","2024-26-511",26.995
"19218","2024-26-510",22.7175
"19219","2024-26-501",29.9
"19220","2024-26-509",26.7375
"19221","2024-26-502",28.7
"19222","2024-26-503",26.73
"19223","2024-26-508",-273.15
"19224","2024-26-402",-16.005
"19225","2024-26-407",-273.15
"19226","2024-26-408",-273.15
"19227","2024-26-401",-273.15
"19228","2024-26-406",-13.2575
"19229","2024-26-409",-6.67749999999999
"19230","2024-26-405",-14.64
"19231","2024-26-404",-14.08
"19232","2024-26-403",-9.19749999999999
"19233","2024-26-410",22.015
"19234","2024-26-706",-6.73
"19235","2024-26-701",23.8775
"19236","2024-26-705",-235.1425
"19237","2024-26-702",-273.15
"19238","2024-26-703",33.2775
"19239","2024-26-704",21.64
"19240","2024-26-603",-236.25
"19241","2024-26-610",-11.1225
"19242","2024-26-608",-235.9625
"19243","2024-26-602",-273.15
"19244","2024-26-611",-235.815
"19245","2024-26-607",-273.15
"19246","2024-26-604",-235.7925
"19247","2024-26-605",-273.15
"19248","2024-26-609",-273.15
"19249","2024-26-601",27.4950000000001
"19250","2024-26-606",-235.575
"19251","2024-26-112",-273.15
"19252","2024-26-110",24.9675000000001
"19253","2024-26-106",-15.0425
"19254","2024-26-118",34.135
"19255","2024-26-103",21.8075000000001
"19256","2024-26-117",17
"19257","2024-26-102",-235.395
"19258","2024-26-108",-10.685
"19259","2024-26-120",18.92
"19260","2024-26-115",32.03
"19261","2024-26-107",-236.005
"19262","2024-26-114",-12.7325
"19263","2024-26-119",-5.6625
"19264","2024-26-104",-273.15
"19265","2024-26-101",28.2475000000001
"19266","2024-26-109",-14.885
"19267","2024-26-105",24.3575
"19268","2024-26-113",33.1825000000001
"19269","2024-26-116",-235.6325
"19270","2024-26-111",-17.72
"19271","2024-27-201",-273.15
"19272","2024-27-205",-273.15
"19273","2024-27-203",-273.15
"19274","2024-27-215",28.79
"19275","2024-27-214",-273.15
"19276","2024-27-206",-273.15
"19277","2024-27-209",-273.15
"19278","2024-27-207",23.39
"19279","2024-27-208",-273.15
"19280","2024-27-216",29.37
"19281","2024-27-210",28.0700000000001
"19282","2024-27-204",23.27
"19283","2024-27-202",-273.15
"19284","2024-27-212",-273.15
"19285","2024-27-213",28.77
"19286","2024-27-211",-273.15
"19287","2024-27-306",19.47
"19288","2024-27-301",22.95
"19289","2024-27-308",-273.15
"19290","2024-27-304",-273.15
"19291","2024-27-303",29.95
"19292","2024-27-307",-273.15
"19293","2024-27-302",-273.15
"19294","2024-27-305",-273.15
"19295","2024-27-507",29.2500000000001
"19296","2024-27-504",30.1900000000001
"19297","2024-27-506",28.99
"19298","2024-27-505",28.61
"19299","2024-27-511",25.91
"19300","2024-27-510",27.95
"19301","2024-27-501",29.55
"19302","2024-27-509",25.67
"19303","2024-27-502",28.49
"19304","2024-27-503",27.99
"19305","2024-27-508",-273.15
"19306","2024-27-402",-273.15
"19307","2024-27-407",-273.15
"19308","2024-27-408",-273.15
"19309","2024-27-401",-273.15
"19310","2024-27-406",-273.15
"19311","2024-27-409",-273.15
"19312","2024-27-405",-273.15
"19313","2024-27-404",-273.15
"19314","2024-27-403",-273.15
"19315","2024-27-410",24.99
"19316","2024-27-706",-273.15
"19317","2024-27-701",25.33
"19318","2024-27-705",30.91
"19319","2024-27-702",-273.15
"19320","2024-27-703",32.21
"19321","2024-27-704",23.2500000000001
"19322","2024-27-603",22.05
"19323","2024-27-610",-273.15
"19324","2024-27-608",24.35
"19325","2024-27-602",-273.15
"19326","2024-27-611",25.53
"19327","2024-27-607",-273.15
"19328","2024-27-604",25.71
"19329","2024-27-605",-273.15
"19330","2024-27-609",-273.15
"19331","2024-27-601",25.71
"19332","2024-27-606",27.45
"19333","2024-27-112",-273.15
"19334","2024-27-110",26.91
"19335","2024-27-106",-273.15
"19336","2024-27-118",32.91
"19337","2024-27-103",23.47
"19338","2024-27-117",14.83
"19339","2024-27-102",28.89
"19340","2024-27-108",-273.15
"19341","2024-27-120",16.7500000000001
"19342","2024-27-115",29.37
"19343","2024-27-107",24.01
"19344","2024-27-114",-273.15
"19345","2024-27-119",-273.15
"19346","2024-27-104",-273.15
"19347","2024-27-101",31.73
"19348","2024-27-109",-273.15
"19349","2024-27-105",23.99
"19350","2024-27-113",29.21
"19351","2024-27-116",26.99
"19352","2024-27-111",-273.15
"19353","2024-28-201",-9.21499999999997
"19354","2024-28-205",-273.15
"19355","2024-28-203",-8.51499999999999
"19356","2024-28-215",-235.4075
"19357","2024-28-214",-273.15
"19358","2024-28-206",-8.79499999999996
"19359","2024-28-209",-273.15
"19360","2024-28-207",29.2175
"19361","2024-28-208",-9.82749999999999
"19362","2024-28-216",-235.335
"19363","2024-28-210",-235.4975
"19364","2024-28-204",-236.0975
"19365","2024-28-202",-273.15
"19366","2024-28-212",-273.15
"19367","2024-28-213",-235.41
"19368","2024-28-211",-273.15
"19369","2024-28-306",-236.5725
"19370","2024-28-301",-236.1375
"19371","2024-28-308",-273.15
"19372","2024-28-304",-273.15
"19373","2024-28-303",29.39
"19374","2024-28-307",-273.15
"19375","2024-28-302",-273.15
"19376","2024-28-305",-273.15
"19377","2024-28-507",28.445
"19378","2024-28-504",29.42
"19379","2024-28-506",28.8675
"19380","2024-28-505",27.84
"19381","2024-28-511",26.6275
"19382","2024-28-510",26.06
"19383","2024-28-501",28.08
"19384","2024-28-509",26.055
"19385","2024-28-502",-235.445
"19386","2024-28-503",26.6075
"19387","2024-28-508",-273.15
"19388","2024-28-402",-14.9725
"19389","2024-28-407",-6.15249999999997
"19390","2024-28-408",-5.61000000000001
"19391","2024-28-401",-273.15
"19392","2024-28-406",-273.15
"19393","2024-28-409",-273.15
"19394","2024-28-405",-273.15
"19395","2024-28-404",-10.9125
"19396","2024-28-403",-273.15
"19397","2024-28-410",-235.8825
"19398","2024-28-706",-273.15
"19399","2024-28-701",-235.84
"19400","2024-28-705",29.475
"19401","2024-28-702",-273.15
"19402","2024-28-703",27.9575
"19403","2024-28-704",-236.1
"19404","2024-28-603",22.1375
"19405","2024-28-610",-9.75749999999999
"19406","2024-28-608",-235.9625
"19407","2024-28-602",-273.15
"19408","2024-28-611",-235.815
"19409","2024-28-607",-273.15
"19410","2024-28-604",25.1500000000001
"19411","2024-28-605",-9.63499999999999
"19412","2024-28-609",-10.4925
"19413","2024-28-601",26.9875
"19414","2024-28-606",28.3075
"19415","2024-28-112",-13.94
"19416","2024-28-110",-235.6425
"19417","2024-28-106",-16.215
"19418","2024-28-118",-234.8925
"19419","2024-28-103",-236.0725
"19420","2024-28-117",17
"19421","2024-28-102",-235.395
"19422","2024-28-108",-13.9925
"19423","2024-28-120",14.055
"19424","2024-28-115",26.9200000000001
"19425","2024-28-107",23.3625
"19426","2024-28-114",-273.15
"19427","2024-28-119",-6.46749999999992
"19428","2024-28-104",-10.7374999999999
"19429","2024-28-101",-235.04
"19430","2024-28-109",-273.15
"19431","2024-28-105",24.34
"19432","2024-28-113",-235.355
"19433","2024-28-116",26.0625
"19434","2024-28-111",-273.15
"19435","2024-29-201",27.74
"19436","2024-29-205",-47.4
"19437","2024-29-203",29.185
"19438","2024-29-215",-273.15
"19439","2024-29-214",-273.15
"19440","2024-29-206",-197.62
"19441","2024-29-209",-46.0199999999999
"19442","2024-29-207",28.46
"19443","2024-29-208",27.85
"19444","2024-29-216",-48.375
"19445","2024-29-210",-273.15
"19446","2024-29-204",-47.7
"19447","2024-29-202",-273.15
"19448","2024-29-212",-273.15
"19449","2024-29-213",-273.15
"19450","2024-29-211",-51.885
"19451","2024-29-306",-55.3499999999999
"19452","2024-29-301",-50.9399999999999
"19453","2024-29-308",-51.54
"19454","2024-29-304",-47.82
"19455","2024-29-303",-197.535
"19456","2024-29-307",-273.15
"19457","2024-29-302",-273.15
"19458","2024-29-305",-48.21
"19459","2024-29-507",-197.78
"19460","2024-29-504",-197.535
"19461","2024-29-506",-197.65
"19462","2024-29-505",26.05
"19463","2024-29-511",-198.18
"19464","2024-29-510",-198.415
"19465","2024-29-501",-197.895
"19466","2024-29-509",-198.335
"19467","2024-29-502",-273.15
"19468","2024-29-503",-198.26
"19469","2024-29-508",-273.15
"19470","2024-29-402",23.9500000000001
"19471","2024-29-407",31.33
"19472","2024-29-408",31.515
"19473","2024-29-401",-55.575
"19474","2024-29-406",-48.3
"19475","2024-29-409",-44.0999999999999
"19476","2024-29-405",-49.32
"19477","2024-29-404",26.865
"19478","2024-29-403",-46.74
"19479","2024-29-410",-273.15
"19480","2024-29-706",-273.15
"19481","2024-29-701",-50.4749999999999
"19482","2024-29-705",29.42
"19483","2024-29-702",-273.15
"19484","2024-29-703",-198.025
"19485","2024-29-704",-273.15
"19486","2024-29-603",-199.325
"19487","2024-29-610",-197.895
"19488","2024-29-608",-51.345
"19489","2024-29-602",-273.15
"19490","2024-29-611",-47.8499999999999
"19491","2024-29-607",-273.15
"19492","2024-29-604",-198.595
"19493","2024-29-605",26.615
"19494","2024-29-609",29.505
"19495","2024-29-601",-198.07
"19496","2024-29-606",27.26
"19497","2024-29-112",24.515
"19498","2024-29-110",-47.28
"19499","2024-29-106",24.405
"19500","2024-29-118",-44.97
"19501","2024-29-103",-49.98
"19502","2024-29-117",20.25
"19503","2024-29-102",-47.5199999999999
"19504","2024-29-108",24.875
"19505","2024-29-120",20.12
"19506","2024-29-115",29.3
"19507","2024-29-107",24.32
"19508","2024-29-114",-273.15
"19509","2024-29-119",-196.955
"19510","2024-29-104",23.345
"19511","2024-29-101",-43.995
"19512","2024-29-109",-46.995
"19513","2024-29-105",25.605
"19514","2024-29-113",-45.285
"19515","2024-29-116",27.46
"19516","2024-29-111",-273.15
"19517","2024-30-201",-160.41
"19518","2024-30-205",24.3125000000001
"19519","2024-30-203",-159.7875
"19520","2024-30-215",-273.15
"19521","2024-30-214",-273.15
"19522","2024-30-206",-273.15
"19523","2024-30-209",-159.585
"19524","2024-30-207",-160.245
"19525","2024-30-208",-160.2675
"19526","2024-30-216",-160.7625
"19527","2024-30-210",-273.15
"19528","2024-30-204",27.5250000000001
"19529","2024-30-202",-273.15
"19530","2024-30-212",-273.15
"19531","2024-30-213",-273.15
"19532","2024-30-211",-162.5175
"19533","2024-30-306",-164.25
"19534","2024-30-301",-162.045
"19535","2024-30-308",-162.345
"19536","2024-30-304",-160.485
"19537","2024-30-303",-273.15
"19538","2024-30-307",-273.15
"19539","2024-30-302",-273.15
"19540","2024-30-305",-160.68
"19541","2024-30-507",-273.15
"19542","2024-30-504",-82.9875
"19543","2024-30-506",-273.15
"19544","2024-30-505",27.365
"19545","2024-30-511",-85.8375
"19546","2024-30-510",-85.25
"19547","2024-30-501",-84.4
"19548","2024-30-509",-273.15
"19549","2024-30-502",-85.1125
"19550","2024-30-503",-85.675
"19551","2024-30-508",-273.15
"19552","2024-30-402",-161.4825
"19553","2024-30-407",-159.0525
"19554","2024-30-408",31.0875
"19555","2024-30-401",-164.3625
"19556","2024-30-406",-160.725
"19557","2024-30-409",-158.625
"19558","2024-30-405",-161.235
"19559","2024-30-404",-160.605
"19560","2024-30-403",-159.945
"19561","2024-30-410",-273.15
"19562","2024-30-706",-273.15
"19563","2024-30-701",-161.8125
"19564","2024-30-705",-159.6675
"19565","2024-30-702",-273.15
"19566","2024-30-703",-273.15
"19567","2024-30-704",-273.15
"19568","2024-30-603",-86.125
"19569","2024-30-610",-85.1875
"19570","2024-30-608",23.8650000000001
"19571","2024-30-602",-84.9
"19572","2024-30-611",24.1625
"19573","2024-30-607",-273.15
"19574","2024-30-604",-273.15
"19575","2024-30-605",26.5250000000001
"19576","2024-30-609",-159.345
"19577","2024-30-601",-87.0625
"19578","2024-30-606",26.8575
"19579","2024-30-112",25.165
"19580","2024-30-110",-160.215
"19581","2024-30-106",-161.0775
"19582","2024-30-118",-159.06
"19583","2024-30-103",-161.565
"19584","2024-30-117",20.005
"19585","2024-30-102",-160.335
"19586","2024-30-108",-161.16
"19587","2024-30-120",22.4325
"19588","2024-30-115",-159.39
"19589","2024-30-107",-161.4675
"19590","2024-30-114",-273.15
"19591","2024-30-119",-273.15
"19592","2024-30-104",27.0725
"19593","2024-30-101",-158.5725
"19594","2024-30-109",-160.0725
"19595","2024-30-105",23.3975
"19596","2024-30-113",-159.2175
"19597","2024-30-116",-160.23
"19598","2024-30-111",-273.15
"19599","2024-31-201",-123.35
"19600","2024-31-205",25.1700000000001
"19601","2024-31-203",-121.45
"19602","2024-31-215",-273.15
"19603","2024-31-214",-273.15
"19604","2024-31-206",-123.02
"19605","2024-31-209",-122.41
"19606","2024-31-207",-122.58
"19607","2024-31-208",-123.25
"19608","2024-31-216",-121.21
"19609","2024-31-210",-273.15
"19610","2024-31-204",28.27
"19611","2024-31-202",-273.15
"19612","2024-31-212",-124.69
"19613","2024-31-213",-273.15
"19614","2024-31-211",-125.39
"19615","2024-31-306",-124.93
"19616","2024-31-301",-125.32
"19617","2024-31-308",-126.61
"19618","2024-31-304",-122.95
"19619","2024-31-303",-121
"19620","2024-31-307",-127.62
"19621","2024-31-302",-125.62
"19622","2024-31-305",-123.84
"19623","2024-31-507",-122.61
"19624","2024-31-504",29.51
"19625","2024-31-506",-124.04
"19626","2024-31-505",27.7800000000001
"19627","2024-31-511",26.21
"19628","2024-31-510",27.4
"19629","2024-31-501",28.19
"19630","2024-31-509",-123.11
"19631","2024-31-502",27.49
"19632","2024-31-503",26.49
"19633","2024-31-508",-123.8
"19634","2024-31-402",-125.46
"19635","2024-31-407",-120.8
"19636","2024-31-408",31.51
"19637","2024-31-401",-126.74
"19638","2024-31-406",-123.57
"19639","2024-31-409",-120.19
"19640","2024-31-405",-124.17
"19641","2024-31-404",-123.85
"19642","2024-31-403",-121.84
"19643","2024-31-410",-121.05
"19644","2024-31-706",-123.3
"19645","2024-31-701",-273.15
"19646","2024-31-705",-273.15
"19647","2024-31-702",-122.89
"19648","2024-31-703",-121.51
"19649","2024-31-704",-124.35
"19650","2024-31-603",26.33
"19651","2024-31-610",28.24
"19652","2024-31-608",25.2800000000001
"19653","2024-31-602",29.4
"19654","2024-31-611",23.5
"19655","2024-31-607",-273.15
"19656","2024-31-604",-123.84
"19657","2024-31-605",27.4200000000001
"19658","2024-31-609",-121.83
"19659","2024-31-601",24.91
"19660","2024-31-606",27.79
"19661","2024-31-112",24.7300000000001
"19662","2024-31-110",-123.18
"19663","2024-31-106",-124.81
"19664","2024-31-118",-119.14
"19665","2024-31-103",-124.32
"19666","2024-31-117",18.93
"19667","2024-31-102",-121.99
"19668","2024-31-108",-123.11
"19669","2024-31-120",21.7
"19670","2024-31-115",-121.35
"19671","2024-31-107",-123.51
"19672","2024-31-114",-123.62
"19673","2024-31-119",-273.15
"19674","2024-31-104",27.63
"19675","2024-31-101",-120.14
"19676","2024-31-109",-122.14
"19677","2024-31-105",25.08
"19678","2024-31-113",-119.88
"19679","2024-31-116",-125.3
"19680","2024-31-111",-273.15
"19681","2024-32-201",26.0375
"19682","2024-32-205",28.3225
"19683","2024-32-203",29.9575000000001
"19684","2024-32-215",-273.15
"19685","2024-32-214",-273.15
"19686","2024-32-206",27.74
"19687","2024-32-209",28.2625
"19688","2024-32-207",28.2825
"19689","2024-32-208",26.4025
"19690","2024-32-216",30.4525
"19691","2024-32-210",-273.15
"19692","2024-32-204",28.6025
"19693","2024-32-202",-162.9675
"19694","2024-32-212",-87.575
"19695","2024-32-213",-273.15
"19696","2024-32-211",-88.45
"19697","2024-32-306",21.715
"19698","2024-32-301",20.8675
"19699","2024-32-308",18.6625
"19700","2024-32-304",27.0850000000001
"19701","2024-32-303",29.4625
"19702","2024-32-307",15.7875
"19703","2024-32-302",-88.7375
"19704","2024-32-305",22.4025
"19705","2024-32-507",27.7275
"19706","2024-32-504",28.72
"19707","2024-32-506",26.6600000000001
"19708","2024-32-505",27.1225000000001
"19709","2024-32-511",25.465
"19710","2024-32-510",26.9275
"19711","2024-32-501",27.95
"19712","2024-32-509",25.0025
"19713","2024-32-502",27.15
"19714","2024-32-503",26.7925
"19715","2024-32-508",24.95
"19716","2024-32-402",-88.5375
"19717","2024-32-407",31.0325
"19718","2024-32-408",31.58
"19719","2024-32-401",-90.1375
"19720","2024-32-406",-86.175
"19721","2024-32-409",32.56
"19722","2024-32-405",24.255
"19723","2024-32-404",24.8875
"19724","2024-32-403",28.375
"19725","2024-32-410",-83.025
"19726","2024-32-706",-85.8375
"19727","2024-32-701",-163.68
"19728","2024-32-705",-159.09
"19729","2024-32-702",-85.325
"19730","2024-32-703",30.5725000000001
"19731","2024-32-704",25.02
"19732","2024-32-603",26.9000000000001
"19733","2024-32-610",-84.375
"19734","2024-32-608",25.54
"19735","2024-32-602",-83.2124999999999
"19736","2024-32-611",24.3000000000001
"19737","2024-32-607",-273.15
"19738","2024-32-604",-86.5125
"19739","2024-32-605",26.125
"19740","2024-32-609",29.055
"19741","2024-32-601",24.5325
"19742","2024-32-606",28.9625
"19743","2024-32-112",24.2575000000001
"19744","2024-32-110",26.8725
"19745","2024-32-106",23.4475
"19746","2024-32-118",33.6625
"19747","2024-32-103",23.67
"19748","2024-32-117",18.11
"19749","2024-32-102",-84.2
"19750","2024-32-108",26.2625
"19751","2024-32-120",20.4125
"19752","2024-32-115",29.64
"19753","2024-32-107",25.9050000000001
"19754","2024-32-114",-86.2375
"19755","2024-32-119",-158.535
"19756","2024-32-104",-86.6375
"19757","2024-32-101",32.7575
"19758","2024-32-109",28.93
"19759","2024-32-105",27.2125
"19760","2024-32-113",32.1525
"19761","2024-32-116",-88.3375
"19762","2024-32-111",-273.15
"19763","2024-33-201",-49.275
"19764","2024-33-205",-46.83
"19765","2024-33-203",28.005
"19766","2024-33-215",-273.15
"19767","2024-33-214",-273.15
"19768","2024-33-206",28.195
"19769","2024-33-209",28.635
"19770","2024-33-207",-46.71
"19771","2024-33-208",-48.795
"19772","2024-33-216",-45.795
"19773","2024-33-210",-273.15
"19774","2024-33-204",27.94
"19775","2024-33-202",-52.785
"19776","2024-33-212",-273.15
"19777","2024-33-213",-273.15
"19778","2024-33-211",-273.15
"19779","2024-33-306",-53.97
"19780","2024-33-301",19.0250000000001
"19781","2024-33-308",17.07
"19782","2024-33-304",26.67
"19783","2024-33-303",26.51
"19784","2024-33-307",-59.0999999999999
"19785","2024-33-302",-199.875
"19786","2024-33-305",19.595
"19787","2024-33-507",27.135
"19788","2024-33-504",-45.7349999999999
"19789","2024-33-506",-46.305
"19790","2024-33-505",27.09
"19791","2024-33-511",24.96
"19792","2024-33-510",26.565
"19793","2024-33-501",28.24
"19794","2024-33-509",22.92
"19795","2024-33-502",26.92
"19796","2024-33-503",27.775
"19797","2024-33-508",-50.325
"19798","2024-33-402",-199.535
"19799","2024-33-407",30.195
"19800","2024-33-408",30.76
"19801","2024-33-401",-273.15
"19802","2024-33-406",-198.405
"19803","2024-33-409",32.075
"19804","2024-33-405",23.06
"19805","2024-33-404",23.81
"19806","2024-33-403",26.89
"19807","2024-33-410",-273.15
"19808","2024-33-706",-197.38
"19809","2024-33-701",20.195
"19810","2024-33-705",30.51
"19811","2024-33-702",-197.12
"19812","2024-33-703",-44.805
"19813","2024-33-704",24.905
"19814","2024-33-603",26.17
"19815","2024-33-610",-197.485
"19816","2024-33-608",24.78
"19817","2024-33-602",-197.565
"19818","2024-33-611",24.55
"19819","2024-33-607",-273.15
"19820","2024-33-604",-273.15
"19821","2024-33-605",23.82
"19822","2024-33-609",27.55
"19823","2024-33-601",23.14
"19824","2024-33-606",28.375
"19825","2024-33-112",24.39
"19826","2024-33-110",-48.03
"19827","2024-33-106",22.845
"19828","2024-33-118",31.13
"19829","2024-33-103",21.95
"19830","2024-33-117",-55.305
"19831","2024-33-102",-198.425
"19832","2024-33-108",25.03
"19833","2024-33-120",19.24
"19834","2024-33-115",28.745
"19835","2024-33-107",25.51
"19836","2024-33-114",-198.025
"19837","2024-33-119",-43.92
"19838","2024-33-104",-273.15
"19839","2024-33-101",32.1900000000001
"19840","2024-33-109",28.45
"19841","2024-33-105",-49.275
"19842","2024-33-113",30.42
"19843","2024-33-116",-273.15
"19844","2024-33-111",-200.35
"19845","2024-34-201",-235.6
"19846","2024-34-205",-235.455
"19847","2024-34-203",24.595
"19848","2024-34-215",-273.15
"19849","2024-34-214",-273.15
"19850","2024-34-206",26.9175
"19851","2024-34-209",30.1275
"19852","2024-34-207",-235.5525
"19853","2024-34-208",-235.57
"19854","2024-34-216",-235.4075
"19855","2024-34-210",-235.4425
"19856","2024-34-204",27.9425
"19857","2024-34-202",-273.15
"19858","2024-34-212",-236.515
"19859","2024-34-213",-273.15
"19860","2024-34-211",-236.28
"19861","2024-34-306",-236.3325
"19862","2024-34-301",21.995
"19863","2024-34-308",18.9625000000001
"19864","2024-34-304",26.2950000000001
"19865","2024-34-303",26.675
"19866","2024-34-307",-236.2325
"19867","2024-34-302",20.1875
"19868","2024-34-305",26.5875
"19869","2024-34-507",26.6875
"19870","2024-34-504",-235.31
"19871","2024-34-506",-235.4875
"19872","2024-34-505",26.91
"19873","2024-34-511",25.5925
"19874","2024-34-510",27.3925
"19875","2024-34-501",27.1725
"19876","2024-34-509",26.23
"19877","2024-34-502",26.7
"19878","2024-34-503",27.56
"19879","2024-34-508",-235.78
"19880","2024-34-402",21.4825
"19881","2024-34-407",30.62
"19882","2024-34-408",30.5400000000001
"19883","2024-34-401",-236.3775
"19884","2024-34-406",25.9875
"19885","2024-34-409",32.04
"19886","2024-34-405",22.6800000000001
"19887","2024-34-404",23.68
"19888","2024-34-403",28.105
"19889","2024-34-410",-235.145
"19890","2024-34-706",29.83
"19891","2024-34-701",25.01
"19892","2024-34-705",29.365
"19893","2024-34-702",30.89
"19894","2024-34-703",-235.23
"19895","2024-34-704",22.3825
"19896","2024-34-603",22.9175
"19897","2024-34-610",29.555
"19898","2024-34-608",24.8025
"19899","2024-34-602",29.3050000000001
"19900","2024-34-611",-10.2999999999999
"19901","2024-34-607",-273.15
"19902","2024-34-604",-235.7325
"19903","2024-34-605",26.975
"19904","2024-34-609",25.5925
"19905","2024-34-601",-14.5
"19906","2024-34-606",25.725
"19907","2024-34-112",24.645
"19908","2024-34-110",-235.4575
"19909","2024-34-106",21.8525
"19910","2024-34-118",30.0250000000001
"19911","2024-34-103",21.545
"19912","2024-34-117",-236.415
"19913","2024-34-102",26.2950000000001
"19914","2024-34-108",24.965
"19915","2024-34-120",18.69
"19916","2024-34-115",30.0625
"19917","2024-34-107",25.78
"19918","2024-34-114",27.1275
"19919","2024-34-119",-234.93
"19920","2024-34-104",-273.15
"19921","2024-34-101",31.3725
"19922","2024-34-109",27.0675
"19923","2024-34-105",-235.685
"19924","2024-34-113",31.385
"19925","2024-34-116",-235.505
"19926","2024-34-111",-18.35
"19927","2024-35-201",27.2500000000001
"19928","2024-35-205",28.41
"19929","2024-35-203",31.49
"19930","2024-35-215",-273.15
"19931","2024-35-214",-273.15
"19932","2024-35-206",30.47
"19933","2024-35-209",30.39
"19934","2024-35-207",27.6300000000001
"19935","2024-35-208",27.49
"19936","2024-35-216",28.79
"19937","2024-35-210",28.51
"19938","2024-35-204",29.01
"19939","2024-35-202",-273.15
"19940","2024-35-212",19.93
"19941","2024-35-213",-273.15
"19942","2024-35-211",21.81
"19943","2024-35-306",21.39
"19944","2024-35-301",23.99
"19945","2024-35-308",21.29
"19946","2024-35-304",26.61
"19947","2024-35-303",30.77
"19948","2024-35-307",22.1900000000001
"19949","2024-35-302",21.85
"19950","2024-35-305",27.1300000000001
"19951","2024-35-507",28.91
"19952","2024-35-504",29.5700000000001
"19953","2024-35-506",28.15
"19954","2024-35-505",28.17
"19955","2024-35-511",26.45
"19956","2024-35-510",27.41
"19957","2024-35-501",28.31
"19958","2024-35-509",25.67
"19959","2024-35-502",25.79
"19960","2024-35-503",27.21
"19961","2024-35-508",25.81
"19962","2024-35-402",22.6900000000001
"19963","2024-35-407",33.0700000000001
"19964","2024-35-408",32.5700000000001
"19965","2024-35-401",21.03
"19966","2024-35-406",27.09
"19967","2024-35-409",34.6300000000001
"19968","2024-35-405",25.6900000000001
"19969","2024-35-404",25.71
"19970","2024-35-403",29.47
"19971","2024-35-410",30.89
"19972","2024-35-706",29.1300000000001
"19973","2024-35-701",28.79
"19974","2024-35-705",31.85
"19975","2024-35-702",30.33
"19976","2024-35-703",30.21
"19977","2024-35-704",27.09
"19978","2024-35-603",27.03
"19979","2024-35-610",29.87
"19980","2024-35-608",27.27
"19981","2024-35-602",30.11
"19982","2024-35-611",-273.15
"19983","2024-35-607",-273.15
"19984","2024-35-604",26.1900000000001
"19985","2024-35-605",28.6900000000001
"19986","2024-35-609",28.27
"19987","2024-35-601",-273.15
"19988","2024-35-606",27.65
"19989","2024-35-112",26.01
"19990","2024-35-110",28.39
"19991","2024-35-106",24.67
"19992","2024-35-118",33.21
"19993","2024-35-103",25.43
"19994","2024-35-117",20.73
"19995","2024-35-102",30.11
"19996","2024-35-108",27.03
"19997","2024-35-120",23.45
"19998","2024-35-115",29.73
"19999","2024-35-107",28.09
"20000","2024-35-114",25.5700000000001
"20001","2024-35-119",32.61
"20002","2024-35-104",-273.15
"20003","2024-35-101",33.6300000000001
"20004","2024-35-109",29.5700000000001
"20005","2024-35-105",26.5700000000001
"20006","2024-35-113",31.21
"20007","2024-35-116",28.01
"20008","2024-35-111",-273.15
"20009","2024-36-201",21.93
"20010","2024-36-205",25.26
"20011","2024-36-203",28.4275
"20012","2024-36-215",-273.15
"20013","2024-36-214",-273.15
"20014","2024-36-206",-235.1975
"20015","2024-36-209",30.46
"20016","2024-36-207",-235.5525
"20017","2024-36-208",24.76
"20018","2024-36-216",-235.4075
"20019","2024-36-210",-235.4425
"20020","2024-36-204",28.1
"20021","2024-36-202",-273.15
"20022","2024-36-212",-236.515
"20023","2024-36-213",-273.15
"20024","2024-36-211",-236.28
"20025","2024-36-306",19.885
"20026","2024-36-301",23.1675
"20027","2024-36-308",19.2425
"20028","2024-36-304",28.2025
"20029","2024-36-303",32.905
"20030","2024-36-307",18.4975
"20031","2024-36-302",22.62
"20032","2024-36-305",28.3725
"20033","2024-36-507",29.6975
"20034","2024-36-504",32.405
"20035","2024-36-506",31.0725
"20036","2024-36-505",29.4475000000001
"20037","2024-36-511",-235.7
"20038","2024-36-510",29.125
"20039","2024-36-501",31.1625000000001
"20040","2024-36-509",28.6625
"20041","2024-36-502",-235.7825
"20042","2024-36-503",26.3175000000001
"20043","2024-36-508",26.0025
"20044","2024-36-402",21.99
"20045","2024-36-407",32.755
"20046","2024-36-408",32.3425
"20047","2024-36-401",15.8325
"20048","2024-36-406",26.1275
"20049","2024-36-409",30.605
"20050","2024-36-405",25.375
"20051","2024-36-404",25.2025000000001
"20052","2024-36-403",29.0675
"20053","2024-36-410",-235.145
"20054","2024-36-706",31.7375
"20055","2024-36-701",27.2325
"20056","2024-36-705",31.675
"20057","2024-36-702",-235.215
"20058","2024-36-703",31.9775
"20059","2024-36-704",26.9675
"20060","2024-36-603",26.1375
"20061","2024-36-610",28.645
"20062","2024-36-608",26.5
"20063","2024-36-602",-235.2425
"20064","2024-36-611",-12.4
"20065","2024-36-607",-273.15
"20066","2024-36-604",29.97
"20067","2024-36-605",28.445
"20068","2024-36-609",29.5825
"20069","2024-36-601",-10.475
"20070","2024-36-606",30.1875
"20071","2024-36-112",26.7275
"20072","2024-36-110",26.1325
"20073","2024-36-106",24.5125
"20074","2024-36-118",36.22
"20075","2024-36-103",25.0975
"20076","2024-36-117",19.8025
"20077","2024-36-102",27.8175
"20078","2024-36-108",27.625
"20079","2024-36-120",20.86
"20080","2024-36-115",33.8425
"20081","2024-36-107",26.3750000000001
"20082","2024-36-114",26.9
"20083","2024-36-119",32.785
"20084","2024-36-104",-273.15
"20085","2024-36-101",32.9475
"20086","2024-36-109",26.9625
"20087","2024-36-105",-235.685
"20088","2024-36-113",31.42
"20089","2024-36-116",29.7425
"20090","2024-36-111",-18.3675
"20091","2024-37-201",23.8550000000001
"20092","2024-37-205",28.0950000000001
"20093","2024-37-203",29.49
"20094","2024-37-215",-273.15
"20095","2024-37-214",-273.15
"20096","2024-37-206",-46.62
"20097","2024-37-209",30.56
"20098","2024-37-207",-46.47
"20099","2024-37-208",26.4850000000001
"20100","2024-37-216",-273.15
"20101","2024-37-210",-50.385
"20102","2024-37-204",28.525
"20103","2024-37-202",-49.755
"20104","2024-37-212",-52.935
"20105","2024-37-213",-47.595
"20106","2024-37-211",-273.15
"20107","2024-37-306",23.1050000000001
"20108","2024-37-301",24.9850000000001
"20109","2024-37-308",22.235
"20110","2024-37-304",28.415
"20111","2024-37-303",33
"20112","2024-37-307",19.695
"20113","2024-37-302",22.88
"20114","2024-37-305",28.715
"20115","2024-37-507",29.465
"20116","2024-37-504",31.6400000000001
"20117","2024-37-506",29.975
"20118","2024-37-505",28.4600000000001
"20119","2024-37-511",-273.15
"20120","2024-37-510",28.4400000000001
"20121","2024-37-501",28.315
"20122","2024-37-509",-197.59
"20123","2024-37-502",-46.875
"20124","2024-37-503",28.005
"20125","2024-37-508",23.8550000000001
"20126","2024-37-402",24.845
"20127","2024-37-407",33.58
"20128","2024-37-408",33.6750000000001
"20129","2024-37-401",18.345
"20130","2024-37-406",28.18
"20131","2024-37-409",34.755
"20132","2024-37-405",26.215
"20133","2024-37-404",26.555
"20134","2024-37-403",31.56
"20135","2024-37-410",-46.035
"20136","2024-37-706",31.495
"20137","2024-37-701",27.235
"20138","2024-37-705",31.275
"20139","2024-37-702",-44.265
"20140","2024-37-703",31.615
"20141","2024-37-704",27.97
"20142","2024-37-603",26.8500000000001
"20143","2024-37-610",28.425
"20144","2024-37-608",-198.265
"20145","2024-37-602",-46.635
"20146","2024-37-611",-198.65
"20147","2024-37-607",-273.15
"20148","2024-37-604",-197.235
"20149","2024-37-605",-197.76
"20150","2024-37-609",28.24
"20151","2024-37-601",-198.1
"20152","2024-37-606",28.615
"20153","2024-37-112",25.015
"20154","2024-37-110",28.2550000000001
"20155","2024-37-106",25.63
"20156","2024-37-118",36.425
"20157","2024-37-103",25.77
"20158","2024-37-117",20.57
"20159","2024-37-102",29.665
"20160","2024-37-108",27.2300000000001
"20161","2024-37-120",23.505
"20162","2024-37-115",32.51
"20163","2024-37-107",25.89
"20164","2024-37-114",28.44
"20165","2024-37-119",32.105
"20166","2024-37-104",-273.15
"20167","2024-37-101",35.2650000000001
"20168","2024-37-109",29.365
"20169","2024-37-105",-49.62
"20170","2024-37-113",35.89
"20171","2024-37-116",26.99
"20172","2024-37-111",23.85
"20173","2024-38-201",-161.4375
"20174","2024-38-205",27.2775000000001
"20175","2024-38-203",-159.4725
"20176","2024-38-215",-273.15
"20177","2024-38-214",-82.825
"20178","2024-38-206",-159.885
"20179","2024-38-209",-159.2475
"20180","2024-38-207",-159.81
"20181","2024-38-208",-160.5225
"20182","2024-38-216",-82.8375
"20183","2024-38-210",27.97
"20184","2024-38-204",-159.9525
"20185","2024-38-202",22.76
"20186","2024-38-212",-163.0425
"20187","2024-38-213",27.49
"20188","2024-38-211",-273.15
"20189","2024-38-306",24.4625
"20190","2024-38-301",25.1675
"20191","2024-38-308",22.955
"20192","2024-38-304",26.41
"20193","2024-38-303",32.1925000000001
"20194","2024-38-307",20.07
"20195","2024-38-302",21.13
"20196","2024-38-305",25.1575
"20197","2024-38-507",28.9750000000001
"20198","2024-38-504",-159
"20199","2024-38-506",28.97
"20200","2024-38-505",-160.1925
"20201","2024-38-511",-273.15
"20202","2024-38-510",-160.17
"20203","2024-38-501",-160.5075
"20204","2024-38-509",-273.15
"20205","2024-38-502",29.2125
"20206","2024-38-503",-159.99
"20207","2024-38-508",22.5425000000001
"20208","2024-38-402",-161.0325
"20209","2024-38-407",-158.0175
"20210","2024-38-408",-157.92
"20211","2024-38-401",17.0675
"20212","2024-38-406",-159.8775
"20213","2024-38-409",-157.095
"20214","2024-38-405",-160.7775
"20215","2024-38-404",-160.5825
"20216","2024-38-403",-158.565
"20217","2024-38-410",27.52
"20218","2024-38-706",30.4025
"20219","2024-38-701",-160.4775
"20220","2024-38-705",29.0125
"20221","2024-38-702",31.405
"20222","2024-38-703",30.8725
"20223","2024-38-704",-160.1025
"20224","2024-38-603",-160.545
"20225","2024-38-610",-160.065
"20226","2024-38-608",-273.15
"20227","2024-38-602",-159.8925
"20228","2024-38-611",-273.15
"20229","2024-38-607",-273.15
"20230","2024-38-604",-273.15
"20231","2024-38-605",-86.825
"20232","2024-38-609",28.7675
"20233","2024-38-601",-273.15
"20234","2024-38-606",28.5825
"20235","2024-38-112",-161.565
"20236","2024-38-110",28.2450000000001
"20237","2024-38-106",-160.965
"20238","2024-38-118",35.3
"20239","2024-38-103",24.71
"20240","2024-38-117",19.72
"20241","2024-38-102",-159.3225
"20242","2024-38-108",25.4825
"20243","2024-38-120",20.235
"20244","2024-38-115",30.995
"20245","2024-38-107",-161.04
"20246","2024-38-114",-159.885
"20247","2024-38-119",-158.7675
"20248","2024-38-104",-273.15
"20249","2024-38-101",32.7825
"20250","2024-38-109",-159.36
"20251","2024-38-105",23.415
"20252","2024-38-113",36.7575
"20253","2024-38-116",-160.9725
"20254","2024-38-111",23.5275
"20255","2024-39-201",-123.13
"20256","2024-39-205",27.4900000000001
"20257","2024-39-203",-121.78
"20258","2024-39-215",-122.42
"20259","2024-39-214",29.73
"20260","2024-39-206",-122.11
"20261","2024-39-209",-121.46
"20262","2024-39-207",-121.75
"20263","2024-39-208",-122.72
"20264","2024-39-216",31.09
"20265","2024-39-210",28.83
"20266","2024-39-204",-121.92
"20267","2024-39-202",23.07
"20268","2024-39-212",-124.2
"20269","2024-39-213",28.35
"20270","2024-39-211",-124.55
"20271","2024-39-306",21.3
"20272","2024-39-301",24.21
"20273","2024-39-308",21.36
"20274","2024-39-304",26.51
"20275","2024-39-303",31.5500000000001
"20276","2024-39-307",19.65
"20277","2024-39-302",19.8100000000001
"20278","2024-39-305",25.64
"20279","2024-39-507",28.4800000000001
"20280","2024-39-504",-121.54
"20281","2024-39-506",28.84
"20282","2024-39-505",-122.84
"20283","2024-39-511",-124.19
"20284","2024-39-510",-122.51
"20285","2024-39-501",-122.31
"20286","2024-39-509",-123.05
"20287","2024-39-502",29.34
"20288","2024-39-503",-122.51
"20289","2024-39-508",23.5500000000001
"20290","2024-39-402",-124.39
"20291","2024-39-407",-120.05
"20292","2024-39-408",-120.12
"20293","2024-39-401",17.1400000000001
"20294","2024-39-406",-123.35
"20295","2024-39-409",-119.94
"20296","2024-39-405",-123.39
"20297","2024-39-404",-123.14
"20298","2024-39-403",-121.34
"20299","2024-39-410",28.03
"20300","2024-39-706",30.27
"20301","2024-39-701",-124.15
"20302","2024-39-705",28.9600000000001
"20303","2024-39-702",30.86
"20304","2024-39-703",30.72
"20305","2024-39-704",-124.35
"20306","2024-39-603",-123.03
"20307","2024-39-610",-123.01
"20308","2024-39-608",-124.21
"20309","2024-39-602",-121.98
"20310","2024-39-611",-124.04
"20311","2024-39-607",-273.15
"20312","2024-39-604",-123.45
"20313","2024-39-605",22.7
"20314","2024-39-609",28.27
"20315","2024-39-601",-124.09
"20316","2024-39-606",28.05
"20317","2024-39-112",-124.45
"20318","2024-39-110",27.8000000000001
"20319","2024-39-106",-123.97
"20320","2024-39-118",34.35
"20321","2024-39-103",25.01
"20322","2024-39-117",19.36
"20323","2024-39-102",-121.72
"20324","2024-39-108",26.03
"20325","2024-39-120",18.98
"20326","2024-39-115",31.32
"20327","2024-39-107",-123.52
"20328","2024-39-114",-122.96
"20329","2024-39-119",-122.83
"20330","2024-39-104",-125.07
"20331","2024-39-101",32.49
"20332","2024-39-109",-122.25
"20333","2024-39-105",24.13
"20334","2024-39-113",35.13
"20335","2024-39-116",-124.15
"20336","2024-39-111",22.34
"20337","2024-40-201",-85.625
"20338","2024-40-205",-84.4
"20339","2024-40-203",-83.9375
"20340","2024-40-215",29.735
"20341","2024-40-214",29.02
"20342","2024-40-206",-84.35
"20343","2024-40-209",-83.5375
"20344","2024-40-207",-83.9
"20345","2024-40-208",-85.1125
"20346","2024-40-216",-83.1625
"20347","2024-40-210",27.2675
"20348","2024-40-204",-84.1125
"20349","2024-40-202",23.4625
"20350","2024-40-212",-86.9624999999999
"20351","2024-40-213",29.3375
"20352","2024-40-211",-87.4
"20353","2024-40-306",18.1075
"20354","2024-40-301",22.0075
"20355","2024-40-308",-89.9375
"20356","2024-40-304",27.7425
"20357","2024-40-303",29.8125
"20358","2024-40-307",-90.3375
"20359","2024-40-302",-90.1999999999999
"20360","2024-40-305",27.915
"20361","2024-40-507",28.075
"20362","2024-40-504",-83.6374999999999
"20363","2024-40-506",-84.3
"20364","2024-40-505",28.0175
"20365","2024-40-511",24.7775
"20366","2024-40-510",-84.8499999999999
"20367","2024-40-501",28.755
"20368","2024-40-509",-85.525
"20369","2024-40-502",28.2000000000001
"20370","2024-40-503",28.2125000000001
"20371","2024-40-508",-86.8625
"20372","2024-40-402",-87.2
"20373","2024-40-407",-81.775
"20374","2024-40-408",-81.8625
"20375","2024-40-401",-90.7874999999999
"20376","2024-40-406",-85.9
"20377","2024-40-409",-81.6375
"20378","2024-40-405",-85.95
"20379","2024-40-404",-85.6375
"20380","2024-40-403",-83.3875
"20381","2024-40-410",29.7625
"20382","2024-40-706",30.73
"20383","2024-40-701",24.325
"20384","2024-40-705",30.7825000000001
"20385","2024-40-702",30.7125000000001
"20386","2024-40-703",30.86
"20387","2024-40-704",-87.15
"20388","2024-40-603",-85.5
"20389","2024-40-610",-85.4749999999999
"20390","2024-40-608",-86.975
"20391","2024-40-602",-84.1874999999999
"20392","2024-40-611",-86.7624999999999
"20393","2024-40-607",-273.15
"20394","2024-40-604",-86.0249999999999
"20395","2024-40-605",-89.6625
"20396","2024-40-609",-85.4625
"20397","2024-40-601",-86.825
"20398","2024-40-606",-85.4625
"20399","2024-40-112",23.9875000000001
"20400","2024-40-110",-85.025
"20401","2024-40-106",24.07
"20402","2024-40-118",-81.1625
"20403","2024-40-103",25.1
"20404","2024-40-117",-90.1249999999999
"20405","2024-40-102",-83.8625
"20406","2024-40-108",-85.225
"20407","2024-40-120",-89.75
"20408","2024-40-115",-82.325
"20409","2024-40-107",-86.1125
"20410","2024-40-114",-85.4125
"20411","2024-40-119",29.35
"20412","2024-40-104",-88.05
"20413","2024-40-101",-81.075
"20414","2024-40-109",-84.525
"20415","2024-40-105",-86.35
"20416","2024-40-113",-81.2625
"20417","2024-40-116",-86.9
"20418","2024-40-111",21.67
"20419","2024-41-201",-273.15
"20420","2024-41-205",-198.28
"20421","2024-41-203",-197.795
"20422","2024-41-215",31.315
"20423","2024-41-214",29.4700000000001
"20424","2024-41-206",-198.665
"20425","2024-41-209",-273.15
"20426","2024-41-207",-273.15
"20427","2024-41-208",-273.15
"20428","2024-41-216",-198.235
"20429","2024-41-210",26.915
"20430","2024-41-204",-273.15
"20431","2024-41-202",21.865
"20432","2024-41-212",-273.15
"20433","2024-41-213",28.895
"20434","2024-41-211",-273.15
"20435","2024-41-306",18.835
"20436","2024-41-301",20.61
"20437","2024-41-308",-199.925
"20438","2024-41-304",-47.5649999999999
"20439","2024-41-303",28.1050000000001
"20440","2024-41-307",-273.15
"20441","2024-41-302",-273.15
"20442","2024-41-305",27.3
"20443","2024-41-507",27.37
"20444","2024-41-504",-197.6
"20445","2024-41-506",-197.6
"20446","2024-41-505",28.415
"20447","2024-41-511",24.74
"20448","2024-41-510",-198.36
"20449","2024-41-501",28.8800000000001
"20450","2024-41-509",-198.395
"20451","2024-41-502",26.0900000000001
"20452","2024-41-503",28.165
"20453","2024-41-508",-198.43
"20454","2024-41-402",-273.15
"20455","2024-41-407",-273.15
"20456","2024-41-408",-273.15
"20457","2024-41-401",-201.97
"20458","2024-41-406",-199.75
"20459","2024-41-409",-196.15
"20460","2024-41-405",-273.15
"20461","2024-41-404",-273.15
"20462","2024-41-403",-197.48
"20463","2024-41-410",29.65
"20464","2024-41-706",-45.165
"20465","2024-41-701",-50.7
"20466","2024-41-705",-44.46
"20467","2024-41-702",30.4750000000001
"20468","2024-41-703",29.865
"20469","2024-41-704",-198.475
"20470","2024-41-603",-198.04
"20471","2024-41-610",-197.895
"20472","2024-41-608",-198.605
"20473","2024-41-602",-273.15
"20474","2024-41-611",-198.9
"20475","2024-41-607",-273.15
"20476","2024-41-604",-198.105
"20477","2024-41-605",-198.445
"20478","2024-41-609",-273.15
"20479","2024-41-601",-199.05
"20480","2024-41-606",-273.15
"20481","2024-41-112",-50.625
"20482","2024-41-110",-273.15
"20483","2024-41-106",-51.66
"20484","2024-41-118",-196.39
"20485","2024-41-103",-50.7
"20486","2024-41-117",-200.075
"20487","2024-41-102",-273.15
"20488","2024-41-108",-198.31
"20489","2024-41-120",-273.15
"20490","2024-41-115",-196.875
"20491","2024-41-107",-273.15
"20492","2024-41-114",-198.4
"20493","2024-41-119",-43.95
"20494","2024-41-104",-273.15
"20495","2024-41-101",-196.93
"20496","2024-41-109",-273.15
"20497","2024-41-105",-273.15
"20498","2024-41-113",-196.865
"20499","2024-41-116",-199.56
"20500","2024-41-111",20.355
"20501","2024-42-201",-236.085
"20502","2024-42-205",26.57
"20503","2024-42-203",28.4675
"20504","2024-42-215",-8.83
"20505","2024-42-214",-11.245
"20506","2024-42-206",24.81
"20507","2024-42-209",-235.1125
"20508","2024-42-207",-235.5125
"20509","2024-42-208",-235.815
"20510","2024-42-216",26.88
"20511","2024-42-210",-11.6825
"20512","2024-42-204",-235.6075
"20513","2024-42-202",-14.4475
"20514","2024-42-212",-273.15
"20515","2024-42-213",-10.3175
"20516","2024-42-211",-273.15
"20517","2024-42-306",-16.18
"20518","2024-42-301",23.8025
"20519","2024-42-308",19.9175000000001
"20520","2024-42-304",-235.3975
"20521","2024-42-303",30.765
"20522","2024-42-307",-237.3575
"20523","2024-42-302",-273.15
"20524","2024-42-305",27.3125
"20525","2024-42-507",26.295
"20526","2024-42-504",-8.725
"20527","2024-42-506",-8.725
"20528","2024-42-505",27.05
"20529","2024-42-511",24.78
"20530","2024-42-510",-11.385
"20531","2024-42-501",28.3150000000001
"20532","2024-42-509",25.8225
"20533","2024-42-502",24.35
"20534","2024-42-503",27.5425
"20535","2024-42-508",-11.63
"20536","2024-42-402",-236.1975
"20537","2024-42-407",-234.755
"20538","2024-42-408",-234.9175
"20539","2024-42-401",11.8700000000001
"20540","2024-42-406",21.21
"20541","2024-42-409",34.7675
"20542","2024-42-405",-235.82
"20543","2024-42-404",-235.655
"20544","2024-42-403",29.5675
"20545","2024-42-410",29.1325
"20546","2024-42-706",-235.47
"20547","2024-42-701",-236.09
"20548","2024-42-705",-235.825
"20549","2024-42-702",-8.2
"20550","2024-42-703",27.2825
"20551","2024-42-704",25.6975
"20552","2024-42-603",27.3675
"20553","2024-42-610",27.95
"20554","2024-42-608",25.095
"20555","2024-42-602",-235.355
"20556","2024-42-611",24.45
"20557","2024-42-607",-273.15
"20558","2024-42-604",27.04
"20559","2024-42-605",25.9725
"20560","2024-42-609",-235.4475
"20561","2024-42-601",23.7475000000001
"20562","2024-42-606",-235.7
"20563","2024-42-112",-235.88
"20564","2024-42-110",-235.67
"20565","2024-42-106",-236.0675
"20566","2024-42-118",33.895
"20567","2024-42-103",-235.955
"20568","2024-42-117",18.895
"20569","2024-42-102",-235.47
"20570","2024-42-108",26.2375
"20571","2024-42-120",-236.305
"20572","2024-42-115",31.715
"20573","2024-42-107",-235.66
"20574","2024-42-114",25.8125
"20575","2024-42-119",-234.905
"20576","2024-42-104",-235.705
"20577","2024-42-101",31.9275
"20578","2024-42-109",-235.41
"20579","2024-42-105",-236.175
"20580","2024-42-113",32.1725
"20581","2024-42-116",21.7425
"20582","2024-42-111",-16.11
"20583","2024-43-201",23.37
"20584","2024-43-205",28.2500000000001
"20585","2024-43-203",29.85
"20586","2024-43-215",-273.15
"20587","2024-43-214",-273.15
"20588","2024-43-206",24.95
"20589","2024-43-209",31.15
"20590","2024-43-207",27.95
"20591","2024-43-208",25.53
"20592","2024-43-216",29.47
"20593","2024-43-210",-273.15
"20594","2024-43-204",27.1900000000001
"20595","2024-43-202",-273.15
"20596","2024-43-212",-273.15
"20597","2024-43-213",-273.15
"20598","2024-43-211",-273.15
"20599","2024-43-306",-273.15
"20600","2024-43-301",22.21
"20601","2024-43-308",21.09
"20602","2024-43-304",28.87
"20603","2024-43-303",31.43
"20604","2024-43-307",13.1900000000001
"20605","2024-43-302",-273.15
"20606","2024-43-305",27.1900000000001
"20607","2024-43-507",28.85
"20608","2024-43-504",-273.15
"20609","2024-43-506",-273.15
"20610","2024-43-505",28.31
"20611","2024-43-511",26.11
"20612","2024-43-510",-273.15
"20613","2024-43-501",29.61
"20614","2024-43-509",25.49
"20615","2024-43-502",26.03
"20616","2024-43-503",27.0700000000001
"20617","2024-43-508",-273.15
"20618","2024-43-402",22.47
"20619","2024-43-407",34.01
"20620","2024-43-408",32.71
"20621","2024-43-401",13.97
"20622","2024-43-406",26.53
"20623","2024-43-409",34.1900000000001
"20624","2024-43-405",25.49
"20625","2024-43-404",26.81
"20626","2024-43-403",29.83
"20627","2024-43-410",25.51
"20628","2024-43-706",28.29
"20629","2024-43-701",23.33
"20630","2024-43-705",25.45
"20631","2024-43-702",-273.15
"20632","2024-43-703",29.05
"20633","2024-43-704",26.73
"20634","2024-43-603",27.91
"20635","2024-43-610",28.51
"20636","2024-43-608",25.55
"20637","2024-43-602",29.21
"20638","2024-43-611",28.65
"20639","2024-43-607",-273.15
"20640","2024-43-604",27.11
"20641","2024-43-605",28.09
"20642","2024-43-609",28.47
"20643","2024-43-601",27.23
"20644","2024-43-606",26.45
"20645","2024-43-112",25.01
"20646","2024-43-110",26.6900000000001
"20647","2024-43-106",23.51
"20648","2024-43-118",33.93
"20649","2024-43-103",24.41
"20650","2024-43-117",17.11
"20651","2024-43-102",28.29
"20652","2024-43-108",26.43
"20653","2024-43-120",21.61
"20654","2024-43-115",30.0700000000001
"20655","2024-43-107",26.77
"20656","2024-43-114",25.55
"20657","2024-43-119",32.81
"20658","2024-43-104",26.41
"20659","2024-43-101",33.31
"20660","2024-43-109",28.77
"20661","2024-43-105",22.65
"20662","2024-43-113",33.45
"20663","2024-43-116",25.47
"20664","2024-43-111",-273.15
"20665","2024-44-201",-236.085
"20666","2024-44-205",-235.475
"20667","2024-44-203",-235.275
"20668","2024-44-215",-10.2125
"20669","2024-44-214",-273.15
"20670","2024-44-206",-235.8875
"20671","2024-44-209",-235.1125
"20672","2024-44-207",-235.5125
"20673","2024-44-208",-235.815
"20674","2024-44-216",28.7
"20675","2024-44-210",-9.03999999999991
"20676","2024-44-204",22.5
"20677","2024-44-202",-273.15
"20678","2024-44-212",-273.15
"20679","2024-44-213",-9.40750000000003
"20680","2024-44-211",-273.15
"20681","2024-44-306",-273.15
"20682","2024-44-301",23.2075
"20683","2024-44-308",21.965
"20684","2024-44-304",26.21
"20685","2024-44-303",29.05
"20686","2024-44-307",19.175
"20687","2024-44-302",-16.0924999999999
"20688","2024-44-305",25.37
"20689","2024-44-507",-235.4
"20690","2024-44-504",-273.15
"20691","2024-44-506",-8.74250000000001
"20692","2024-44-505",-235.4675
"20693","2024-44-511",27.2825
"20694","2024-44-510",-11.3324999999999
"20695","2024-44-501",26.46
"20696","2024-44-509",28.325
"20697","2024-44-502",27.3775000000001
"20698","2024-44-503",-235.6225
"20699","2024-44-508",-273.15
"20700","2024-44-402",-236.1975
"20701","2024-44-407",-234.755
"20702","2024-44-408",30.155
"20703","2024-44-401",14.5825
"20704","2024-44-406",26.5125
"20705","2024-44-409",-234.7325
"20706","2024-44-405",-235.82
"20707","2024-44-404",-235.655
"20708","2024-44-403",-235.2775
"20709","2024-44-410",26.9625
"20710","2024-44-706",29.0775000000001
"20711","2024-44-701",24.5725000000001
"20712","2024-44-705",28.9675
"20713","2024-44-702",-7.97249999999997
"20714","2024-44-703",30.205
"20715","2024-44-704",-235.665
"20716","2024-44-603",-235.5175
"20717","2024-44-610",-235.4425
"20718","2024-44-608",-235.8125
"20719","2024-44-602",-235.355
"20720","2024-44-611",-235.425
"20721","2024-44-607",-273.15
"20722","2024-44-604",-235.6175
"20723","2024-44-605",24.5025
"20724","2024-44-609",-235.4475
"20725","2024-44-601",-235.6025
"20726","2024-44-606",28.4975
"20727","2024-44-112",24.9225
"20728","2024-44-110",-235.67
"20729","2024-44-106",-236.0675
"20730","2024-44-118",31.0075
"20731","2024-44-103",22.2575
"20732","2024-44-117",20.96
"20733","2024-44-102",-235.47
"20734","2024-44-108",-235.7025
"20735","2024-44-120",-236.305
"20736","2024-44-115",29.5975
"20737","2024-44-107",-235.66
"20738","2024-44-114",26.0575000000001
"20739","2024-44-119",-234.905
"20740","2024-44-104",-235.705
"20741","2024-44-101",-234.8425
"20742","2024-44-109",-235.41
"20743","2024-44-105",-236.175
"20744","2024-44-113",-234.825
"20745","2024-44-116",26.6425
"20746","2024-44-111",-14.8324999999999
"20747","2024-45-201",-273.15
"20748","2024-45-205",-273.15
"20749","2024-45-203",-273.15
"20750","2024-45-215",-198.025
"20751","2024-45-214",-273.15
"20752","2024-45-206",-273.15
"20753","2024-45-209",-273.15
"20754","2024-45-207",-273.15
"20755","2024-45-208",-273.15
"20756","2024-45-216",-197.715
"20757","2024-45-210",-197.69
"20758","2024-45-204",-199.405
"20759","2024-45-202",-273.15
"20760","2024-45-212",-273.15
"20761","2024-45-213",24.85
"20762","2024-45-211",-273.15
"20763","2024-45-306",-273.15
"20764","2024-45-301",-199.025
"20765","2024-45-308",-199.34
"20766","2024-45-304",-198.405
"20767","2024-45-303",-197.685
"20768","2024-45-307",-199.855
"20769","2024-45-302",-199.705
"20770","2024-45-305",-198.585
"20771","2024-45-507",-273.15
"20772","2024-45-504",-273.15
"20773","2024-45-506",-197.605
"20774","2024-45-505",-273.15
"20775","2024-45-511",-198
"20776","2024-45-510",-198.345
"20777","2024-45-501",-198.36
"20778","2024-45-509",-197.68
"20779","2024-45-502",-197.97
"20780","2024-45-503",-273.15
"20781","2024-45-508",-50.205
"20782","2024-45-402",-273.15
"20783","2024-45-407",-273.15
"20784","2024-45-408",-197.415
"20785","2024-45-401",-201.195
"20786","2024-45-406",-198.235
"20787","2024-45-409",-273.15
"20788","2024-45-405",-273.15
"20789","2024-45-404",-273.15
"20790","2024-45-403",-273.15
"20791","2024-45-410",-198.07
"20792","2024-45-706",28.56
"20793","2024-45-701",-198.675
"20794","2024-45-705",-197.495
"20795","2024-45-702",25.335
"20796","2024-45-703",-197.27
"20797","2024-45-704",-273.15
"20798","2024-45-603",-273.15
"20799","2024-45-610",-273.15
"20800","2024-45-608",-273.15
"20801","2024-45-602",-273.15
"20802","2024-45-611",-273.15
"20803","2024-45-607",-273.15
"20804","2024-45-604",-273.15
"20805","2024-45-605",-198.865
"20806","2024-45-609",-273.15
"20807","2024-45-601",-273.15
"20808","2024-45-606",-197.665
"20809","2024-45-112",-198.635
"20810","2024-45-110",-273.15
"20811","2024-45-106",-273.15
"20812","2024-45-118",-197.215
"20813","2024-45-103",-199.375
"20814","2024-45-117",-199.485
"20815","2024-45-102",-273.15
"20816","2024-45-108",-273.15
"20817","2024-45-120",-273.15
"20818","2024-45-115",-197.48
"20819","2024-45-107",-273.15
"20820","2024-45-114",-198.33
"20821","2024-45-119",-273.15
"20822","2024-45-104",-273.15
"20823","2024-45-101",-273.15
"20824","2024-45-109",-273.15
"20825","2024-45-105",-273.15
"20826","2024-45-113",-273.15
"20827","2024-45-116",-198.16
"20828","2024-45-111",-199.345
"20829","2024-46-201",-86.6375
"20830","2024-46-205",-85.375
"20831","2024-46-203",-85.65
"20832","2024-46-215",-84.925
"20833","2024-46-214",-273.15
"20834","2024-46-206",-86.0125
"20835","2024-46-209",-84.45
"20836","2024-46-207",-86.9125
"20837","2024-46-208",-86.7375
"20838","2024-46-216",-84.4875
"20839","2024-46-210",-86.25
"20840","2024-46-204",-85.8375
"20841","2024-46-202",-273.15
"20842","2024-46-212",-91.4124999999999
"20843","2024-46-213",26.3475
"20844","2024-46-211",-273.15
"20845","2024-46-306",-273.15
"20846","2024-46-301",-273.15
"20847","2024-46-308",-90.5375
"20848","2024-46-304",-85.7
"20849","2024-46-303",-273.15
"20850","2024-46-307",-94.6375
"20851","2024-46-302",-91.4499999999999
"20852","2024-46-305",-86.3374999999999
"20853","2024-46-507",-85.6125
"20854","2024-46-504",-273.15
"20855","2024-46-506",-84.925
"20856","2024-46-505",-87.325
"20857","2024-46-511",-88.0875
"20858","2024-46-510",-87.7375
"20859","2024-46-501",-273.15
"20860","2024-46-509",-273.15
"20861","2024-46-502",-87.8875
"20862","2024-46-503",-86.325
"20863","2024-46-508",24.0725
"20864","2024-46-402",-89.2
"20865","2024-46-407",-83.8125
"20866","2024-46-408",-83.4
"20867","2024-46-401",-94.2375
"20868","2024-46-406",-86.5625
"20869","2024-46-409",-82.4
"20870","2024-46-405",-87.475
"20871","2024-46-404",-86.9
"20872","2024-46-403",-84.9625
"20873","2024-46-410",-85.95
"20874","2024-46-706",27.8375
"20875","2024-46-701",-87.525
"20876","2024-46-705",-84.425
"20877","2024-46-702",27.0225
"20878","2024-46-703",-84.875
"20879","2024-46-704",-273.15
"20880","2024-46-603",-273.15
"20881","2024-46-610",-273.15
"20882","2024-46-608",-86.85
"20883","2024-46-602",-273.15
"20884","2024-46-611",-273.15
"20885","2024-46-607",-273.15
"20886","2024-46-604",-86.9
"20887","2024-46-605",-273.15
"20888","2024-46-609",-85.3875
"20889","2024-46-601",-273.15
"20890","2024-46-606",-273.15
"20891","2024-46-112",-86.525
"20892","2024-46-110",-86.9125
"20893","2024-46-106",-88.4625
"20894","2024-46-118",-273.15
"20895","2024-46-103",-87.9374999999999
"20896","2024-46-117",-91.8875
"20897","2024-46-102",-85.5625
"20898","2024-46-108",-88.0124999999999
"20899","2024-46-120",-89.625
"20900","2024-46-115",-85.0375
"20901","2024-46-107",-87.55
"20902","2024-46-114",-86.925
"20903","2024-46-119",-273.15
"20904","2024-46-104",-86.2875
"20905","2024-46-101",-83.5999999999999
"20906","2024-46-109",-86.425
"20907","2024-46-105",-88.1125
"20908","2024-46-113",-83.225
"20909","2024-46-116",-273.15
"20910","2024-46-111",-273.15
"20911","2024-47-201",-123.94
"20912","2024-47-205",-122.93
"20913","2024-47-203",-123.15
"20914","2024-47-215",-122.57
"20915","2024-47-214",-273.15
"20916","2024-47-206",-123.44
"20917","2024-47-209",29.19
"20918","2024-47-207",-124.16
"20919","2024-47-208",-124.02
"20920","2024-47-216",-122.22
"20921","2024-47-210",-123.63
"20922","2024-47-204",-123.3
"20923","2024-47-202",-273.15
"20924","2024-47-212",-127.76
"20925","2024-47-213",-122.61
"20926","2024-47-211",-273.15
"20927","2024-47-306",-273.15
"20928","2024-47-301",-273.15
"20929","2024-47-308",-127.06
"20930","2024-47-304",-123.19
"20931","2024-47-303",-273.15
"20932","2024-47-307",-130.34
"20933","2024-47-302",-127.79
"20934","2024-47-305",-123.7
"20935","2024-47-507",-123.12
"20936","2024-47-504",-122.74
"20937","2024-47-506",27.97
"20938","2024-47-505",25.38
"20939","2024-47-511",23.18
"20940","2024-47-510",23.5700000000001
"20941","2024-47-501",-123.01
"20942","2024-47-509",-125.04
"20943","2024-47-502",23.4
"20944","2024-47-503",26.22
"20945","2024-47-508",-124.55
"20946","2024-47-402",-125.99
"20947","2024-47-407",-121.68
"20948","2024-47-408",-121.35
"20949","2024-47-401",-130.02
"20950","2024-47-406",24.26
"20951","2024-47-409",-120.55
"20952","2024-47-405",23.64
"20953","2024-47-404",24.03
"20954","2024-47-403",24.66
"20955","2024-47-410",-123.39
"20956","2024-47-706",25.94
"20957","2024-47-701",23.09
"20958","2024-47-705",-122.17
"20959","2024-47-702",-122.1
"20960","2024-47-703",25.3900000000001
"20961","2024-47-704",-126.13
"20962","2024-47-603",-123.98
"20963","2024-47-610",-123.54
"20964","2024-47-608",24.1
"20965","2024-47-602",-273.15
"20966","2024-47-611",-273.15
"20967","2024-47-607",-273.15
"20968","2024-47-604",-124.15
"20969","2024-47-605",-124
"20970","2024-47-609",27.2300000000001
"20971","2024-47-601",-123.85
"20972","2024-47-606",-122.36
"20973","2024-47-112",-123.85
"20974","2024-47-110",-124.16
"20975","2024-47-106",-125.4
"20976","2024-47-118",-273.15
"20977","2024-47-103",-124.98
"20978","2024-47-117",-128.14
"20979","2024-47-102",-123.08
"20980","2024-47-108",-125.04
"20981","2024-47-120",-126.33
"20982","2024-47-115",-122.66
"20983","2024-47-107",23.6
"20984","2024-47-114",23.43
"20985","2024-47-119",-273.15
"20986","2024-47-104",-123.66
"20987","2024-47-101",-121.51
"20988","2024-47-109",-123.77
"20989","2024-47-105",-125.12
"20990","2024-47-113",-121.21
"20991","2024-47-116",-123.97
"20992","2024-47-111",-273.15
"20993","2024-48-201",-162.0525
"20994","2024-48-205",-160.35
"20995","2024-48-203",-160.935
"20996","2024-48-215",-273.15
"20997","2024-48-214",-273.15
"20998","2024-48-206",-161.175
"20999","2024-48-209",30.0225
"21000","2024-48-207",-160.68
"21001","2024-48-208",-161.7525
"21002","2024-48-216",-161.19
"21003","2024-48-210",-273.15
"21004","2024-48-204",-160.1175
"21005","2024-48-202",-273.15
"21006","2024-48-212",-164.445
"21007","2024-48-213",-273.15
"21008","2024-48-211",-273.15
"21009","2024-48-306",-164.7075
"21010","2024-48-301",-163.5675
"21011","2024-48-308",-164.8725
"21012","2024-48-304",-160.9875
"21013","2024-48-303",-160.455
"21014","2024-48-307",-165.8625
"21015","2024-48-302",-164.76
"21016","2024-48-305",-161.145
"21017","2024-48-507",-160.86
"21018","2024-48-504",26.08
"21019","2024-48-506",26.85
"21020","2024-48-505",25.5625
"21021","2024-48-511",24.5725
"21022","2024-48-510",23.5550000000001
"21023","2024-48-501",27.9925000000001
"21024","2024-48-509",24.2775000000001
"21025","2024-48-502",24.52
"21026","2024-48-503",26.3025
"21027","2024-48-508",-273.15
"21028","2024-48-402",-164.0325
"21029","2024-48-407",-160.6725
"21030","2024-48-408",-160.7475
"21031","2024-48-401",-273.15
"21032","2024-48-406",22.4100000000001
"21033","2024-48-409",-160.3275
"21034","2024-48-405",22.345
"21035","2024-48-404",22.8275
"21036","2024-48-403",22.3975
"21037","2024-48-410",-160.965
"21038","2024-48-706",26.0525
"21039","2024-48-701",22.36
"21040","2024-48-705",-159.6075
"21041","2024-48-702",-161.0775
"21042","2024-48-703",24.6625000000001
"21043","2024-48-704",21.8725
"21044","2024-48-603",25.6025000000001
"21045","2024-48-610",26.1150000000001
"21046","2024-48-608",23.4425
"21047","2024-48-602",-159.48
"21048","2024-48-611",-161.5425
"21049","2024-48-607",-273.15
"21050","2024-48-604",-161.58
"21051","2024-48-605",25.7125
"21052","2024-48-609",27.0175000000001
"21053","2024-48-601",25.885
"21054","2024-48-606",26.6975
"21055","2024-48-112",-161.67
"21056","2024-48-110",-162.09
"21057","2024-48-106",-163.56
"21058","2024-48-118",-159.5475
"21059","2024-48-103",-163.2525
"21060","2024-48-117",-165.015
"21061","2024-48-102",-162.3375
"21062","2024-48-108",-161.67
"21063","2024-48-120",-163.44
"21064","2024-48-115",-161.0025
"21065","2024-48-107",24.6125
"21066","2024-48-114",21.8175
"21067","2024-48-119",-160.5
"21068","2024-48-104",-161.445
"21069","2024-48-101",-160.275
"21070","2024-48-109",-161.31
"21071","2024-48-105",-162.5775
"21072","2024-48-113",-159.5925
"21073","2024-48-116",25.0675
"21074","2024-48-111",-164.085
"21075","2024-49-201",23.665
"21076","2024-49-205",27.465
"21077","2024-49-203",26.73
"21078","2024-49-215",-198.075
"21079","2024-49-214",-197.985
"21080","2024-49-206",25.47
"21081","2024-49-209",30.67
"21082","2024-49-207",26.825
"21083","2024-49-208",24.425
"21084","2024-49-216",26.09
"21085","2024-49-210",-198.34
"21086","2024-49-204",28.11
"21087","2024-49-202",-273.15
"21088","2024-49-212",16.99
"21089","2024-49-213",-198.98
"21090","2024-49-211",-199.69
"21091","2024-49-306",16.41
"21092","2024-49-301",19.2500000000001
"21093","2024-49-308",15.73
"21094","2024-49-304",25.26
"21095","2024-49-303",27.25
"21096","2024-49-307",13.36
"21097","2024-49-302",16.555
"21098","2024-49-305",25.05
"21099","2024-49-507",27.185
"21100","2024-49-504",24.345
"21101","2024-49-506",25.695
"21102","2024-49-505",24.725
"21103","2024-49-511",26.34
"21104","2024-49-510",23.45
"21105","2024-49-501",28.985
"21106","2024-49-509",26.45
"21107","2024-49-502",26.82
"21108","2024-49-503",26.3700000000001
"21109","2024-49-508",-199.16
"21110","2024-49-402",18.95
"21111","2024-49-407",27.6
"21112","2024-49-408",27.28
"21113","2024-49-401",-201.855
"21114","2024-49-406",21.745
"21115","2024-49-409",27.995
"21116","2024-49-405",21.225
"21117","2024-49-404",23.0800000000001
"21118","2024-49-403",24.475
"21119","2024-49-410",26.645
"21120","2024-49-706",28.415
"21121","2024-49-701",22.275
"21122","2024-49-705",29.0150000000001
"21123","2024-49-702",26.48
"21124","2024-49-703",27.9
"21125","2024-49-704",22.78
"21126","2024-49-603",26.21
"21127","2024-49-610",26.4950000000001
"21128","2024-49-608",24.075
"21129","2024-49-602",30.17
"21130","2024-49-611",24.995
"21131","2024-49-607",-273.15
"21132","2024-49-604",24.845
"21133","2024-49-605",26.665
"21134","2024-49-609",26.855
"21135","2024-49-601",26.745
"21136","2024-49-606",24.1
"21137","2024-49-112",24.2350000000001
"21138","2024-49-110",22.695
"21139","2024-49-106",19.65
"21140","2024-49-118",29.385
"21141","2024-49-103",20.19
"21142","2024-49-117",15.83
"21143","2024-49-102",22.82
"21144","2024-49-108",23.9600000000001
"21145","2024-49-120",19.56
"21146","2024-49-115",25.995
"21147","2024-49-107",26.525
"21148","2024-49-114",21.705
"21149","2024-49-119",27.7250000000001
"21150","2024-49-104",24.91
"21151","2024-49-101",28.015
"21152","2024-49-109",25.14
"21153","2024-49-105",21.96
"21154","2024-49-113",29.46
"21155","2024-49-116",24.965
"21156","2024-49-111",18.3550000000001
"21157","2024-50-201",25.2325
"21158","2024-50-205",26.9175
"21159","2024-50-203",28.425
"21160","2024-50-215",-10.3875
"21161","2024-50-214",-10.0725
"21162","2024-50-206",-11.805
"21163","2024-50-209",30.545
"21164","2024-50-207",26.665
"21165","2024-50-208",25.8575
"21166","2024-50-216",-9.52999999999991
"21167","2024-50-210",-11.315
"21168","2024-50-204",27.6650000000001
"21169","2024-50-202",-273.15
"21170","2024-50-212",-18.595
"21171","2024-50-213",-13.555
"21172","2024-50-211",-16.0399999999999
"21173","2024-50-306",17.8875
"21174","2024-50-301",-16.8275
"21175","2024-50-308",-20.0125
"21176","2024-50-304",-13.8524999999999
"21177","2024-50-303",26.455
"21178","2024-50-307",-21.3775
"21179","2024-50-302",18.39
"21180","2024-50-305",-13.485
"21181","2024-50-507",29.2275
"21182","2024-50-504",26.8525
"21183","2024-50-506",27.6625000000001
"21184","2024-50-505",27.44
"21185","2024-50-511",25.72
"21186","2024-50-510",23.64
"21187","2024-50-501",27.6
"21188","2024-50-509",26.71
"21189","2024-50-502",28.3525
"21190","2024-50-503",28.265
"21191","2024-50-508",-14.185
"21192","2024-50-402",22.1575
"21193","2024-50-407",29.9
"21194","2024-50-408",29.3325
"21195","2024-50-401",-23.6175
"21196","2024-50-406",23.0475
"21197","2024-50-409",28.73
"21198","2024-50-405",23.0575
"21199","2024-50-404",25.5675000000001
"21200","2024-50-403",25.6025000000001
"21201","2024-50-410",-9.1625
"21202","2024-50-706",-10.5275
"21203","2024-50-701",-15.0075
"21204","2024-50-705",-10.37
"21205","2024-50-702",-8.9525
"21206","2024-50-703",-9.86249999999991
"21207","2024-50-704",20.61
"21208","2024-50-603",-11.42
"21209","2024-50-610",-10.16
"21210","2024-50-608",-12.1725
"21211","2024-50-602",30.305
"21212","2024-50-611",26.4800000000001
"21213","2024-50-607",-273.15
"21214","2024-50-604",26.15
"21215","2024-50-605",26.6475
"21216","2024-50-609",27.42
"21217","2024-50-601",26.9
"21218","2024-50-606",25.2875
"21219","2024-50-112",24.4375
"21220","2024-50-110",21.7550000000001
"21221","2024-50-106",21.2825
"21222","2024-50-118",-9.495
"21223","2024-50-103",20.6775
"21224","2024-50-117",17.4250000000001
"21225","2024-50-102",24.1925
"21226","2024-50-108",23.0675
"21227","2024-50-120",19.87
"21228","2024-50-115",-11.1749999999999
"21229","2024-50-107",26.1675
"21230","2024-50-114",-14.43
"21231","2024-50-119",29.355
"21232","2024-50-104",25.4525
"21233","2024-50-101",28.3825
"21234","2024-50-109",25.205
"21235","2024-50-105",22.92
"21236","2024-50-113",28.645
"21237","2024-50-116",25.2875
"21238","2024-50-111",-16.3375
"21239","2024-51-201",24.55
"21240","2024-51-205",26.97
"21241","2024-51-203",26.85
"21242","2024-51-215",-273.15
"21243","2024-51-214",-273.15
"21244","2024-51-206",-273.15
"21245","2024-51-209",30.51
"21246","2024-51-207",24.39
"21247","2024-51-208",25.0700000000001
"21248","2024-51-216",-273.15
"21249","2024-51-210",-273.15
"21250","2024-51-204",27.91
"21251","2024-51-202",-273.15
"21252","2024-51-212",-273.15
"21253","2024-51-213",-273.15
"21254","2024-51-211",-273.15
"21255","2024-51-306",20.2500000000001
"21256","2024-51-301",-273.15
"21257","2024-51-308",-273.15
"21258","2024-51-304",-273.15
"21259","2024-51-303",23.41
"21260","2024-51-307",-273.15
"21261","2024-51-302",17.27
"21262","2024-51-305",-273.15
"21263","2024-51-507",24.73
"21264","2024-51-504",25.1900000000001
"21265","2024-51-506",27.89
"21266","2024-51-505",28.0700000000001
"21267","2024-51-511",24.95
"21268","2024-51-510",24.55
"21269","2024-51-501",27.2500000000001
"21270","2024-51-509",25.17
"21271","2024-51-502",25.43
"21272","2024-51-503",27.2500000000001
"21273","2024-51-508",-273.15
"21274","2024-51-402",21.09
"21275","2024-51-407",28.99
"21276","2024-51-408",29.21
"21277","2024-51-401",-273.15
"21278","2024-51-406",20.93
"21279","2024-51-409",27.89
"21280","2024-51-405",24.23
"21281","2024-51-404",24.29
"21282","2024-51-403",25.83
"21283","2024-51-410",-273.15
"21284","2024-51-706",-273.15
"21285","2024-51-701",-273.15
"21286","2024-51-705",-273.15
"21287","2024-51-702",-273.15
"21288","2024-51-703",-273.15
"21289","2024-51-704",20.7500000000001
"21290","2024-51-603",-273.15
"21291","2024-51-610",-273.15
"21292","2024-51-608",-273.15
"21293","2024-51-602",27.05
"21294","2024-51-611",25.85
"21295","2024-51-607",-273.15
"21296","2024-51-604",25.31
"21297","2024-51-605",26.21
"21298","2024-51-609",28.7500000000001
"21299","2024-51-601",25.15
"21300","2024-51-606",27.51
"21301","2024-51-112",23.65
"21302","2024-51-110",21.79
"21303","2024-51-106",20.95
"21304","2024-51-118",-273.15
"21305","2024-51-103",18.21
"21306","2024-51-117",15.5700000000001
"21307","2024-51-102",23.93
"21308","2024-51-108",20.39
"21309","2024-51-120",18.89
"21310","2024-51-115",-273.15
"21311","2024-51-107",26.29
"21312","2024-51-114",-273.15
"21313","2024-51-119",30.79
"21314","2024-51-104",25.47
"21315","2024-51-101",27.49
"21316","2024-51-109",24.61
"21317","2024-51-105",24.39
"21318","2024-51-113",27.35
"21319","2024-51-116",24.71
"21320","2024-51-111",-273.15
"21321","2024-52-201",-235.9375
"21322","2024-52-205",-235.635
"21323","2024-52-203",-235.65
"21324","2024-52-215",-273.15
"21325","2024-52-214",-11.2625
"21326","2024-52-206",-273.15
"21327","2024-52-209",-235.1925
"21328","2024-52-207",-235.9575
"21329","2024-52-208",-235.8725
"21330","2024-52-216",-273.15
"21331","2024-52-210",-273.15
"21332","2024-52-204",-235.5175
"21333","2024-52-202",-273.15
"21334","2024-52-212",-273.15
"21335","2024-52-213",-11.6649999999999
"21336","2024-52-211",-273.15
"21337","2024-52-306",-236.475
"21338","2024-52-301",-273.15
"21339","2024-52-308",-273.15
"21340","2024-52-304",-273.15
"21341","2024-52-303",-236.08
"21342","2024-52-307",-273.15
"21343","2024-52-302",-236.8475
"21344","2024-52-305",-15.0075
"21345","2024-52-507",-235.915
"21346","2024-52-504",-235.8575
"21347","2024-52-506",-235.52
"21348","2024-52-505",26.5825
"21349","2024-52-511",22.71
"21350","2024-52-510",23.0625
"21351","2024-52-501",26.095
"21352","2024-52-509",-235.86
"21353","2024-52-502",-235.8275
"21354","2024-52-503",24.8
"21355","2024-52-508",-273.15
"21356","2024-52-402",-236.37
"21357","2024-52-407",-235.3825
"21358","2024-52-408",-235.355
"21359","2024-52-401",-273.15
"21360","2024-52-406",-236.39
"21361","2024-52-409",-235.52
"21362","2024-52-405",-235.9775
"21363","2024-52-404",-235.97
"21364","2024-52-403",-235.7775
"21365","2024-52-410",-273.15
"21366","2024-52-706",-273.15
"21367","2024-52-701",-273.15
"21368","2024-52-705",-273.15
"21369","2024-52-702",-273.15
"21370","2024-52-703",-273.15
"21371","2024-52-704",16.7075000000001
"21372","2024-52-603",-273.15
"21373","2024-52-610",-273.15
"21374","2024-52-608",-12.2425
"21375","2024-52-602",-235.625
"21376","2024-52-611",-235.775
"21377","2024-52-607",-273.15
"21378","2024-52-604",-235.8425
"21379","2024-52-605",-235.73
"21380","2024-52-609",-235.4125
"21381","2024-52-601",-235.8625
"21382","2024-52-606",-235.5675
"21383","2024-52-112",-236.05
"21384","2024-52-110",-236.2825
"21385","2024-52-106",-236.3875
"21386","2024-52-118",-273.15
"21387","2024-52-103",-236.73
"21388","2024-52-117",-237.06
"21389","2024-52-102",-236.015
"21390","2024-52-108",-236.4575
"21391","2024-52-120",-236.645
"21392","2024-52-115",-273.15
"21393","2024-52-107",-235.72
"21394","2024-52-114",-273.15
"21395","2024-52-119",-235.1575
"21396","2024-52-104",-235.8225
"21397","2024-52-101",-235.57
"21398","2024-52-109",-235.93
"21399","2024-52-105",-235.9575
"21400","2024-52-113",-235.5875
"21401","2024-52-116",-235.9175
"21402","2024-52-111",-273.15
"21403","2025-1-201",23.15
"21404","2025-1-205",26.31
"21405","2025-1-203",25.67
"21406","2025-1-215",-273.15
"21407","2025-1-214",-273.15
"21408","2025-1-206",22.91
"21409","2025-1-209",30.85
"21410","2025-1-207",25.21
"21411","2025-1-208",23.99
"21412","2025-1-216",28.0700000000001
"21413","2025-1-210",23.0700000000001
"21414","2025-1-204",27.43
"21415","2025-1-202",-273.15
"21416","2025-1-212",16.1900000000001
"21417","2025-1-213",-273.15
"21418","2025-1-211",-273.15
"21419","2025-1-306",16.05
"21420","2025-1-301",19.01
"21421","2025-1-308",17.39
"21422","2025-1-304",23.65
"21423","2025-1-303",26.31
"21424","2025-1-307",13.11
"21425","2025-1-302",18.15
"21426","2025-1-305",23.43
"21427","2025-1-507",27.7500000000001
"21428","2025-1-504",26.65
"21429","2025-1-506",-273.15
"21430","2025-1-505",28.05
"21431","2025-1-511",24.55
"21432","2025-1-510",21.73
"21433","2025-1-501",27.55
"21434","2025-1-509",25.51
"21435","2025-1-502",25.41
"21436","2025-1-503",27.71
"21437","2025-1-508",-273.15
"21438","2025-1-402",20.5700000000001
"21439","2025-1-407",27.91
"21440","2025-1-408",28.93
"21441","2025-1-401",13.67
"21442","2025-1-406",22.91
"21443","2025-1-409",29.87
"21444","2025-1-405",20.47
"21445","2025-1-404",22.67
"21446","2025-1-403",25.95
"21447","2025-1-410",22.09
"21448","2025-1-706",25.71
"21449","2025-1-701",17.65
"21450","2025-1-705",26.81
"21451","2025-1-702",-273.15
"21452","2025-1-703",26.6300000000001
"21453","2025-1-704",22.03
"21454","2025-1-603",18.61
"21455","2025-1-610",27.15
"21456","2025-1-608",20.33
"21457","2025-1-602",29.83
"21458","2025-1-611",24.1300000000001
"21459","2025-1-607",-273.15
"21460","2025-1-604",24.27
"21461","2025-1-605",26.37
"21462","2025-1-609",28.83
"21463","2025-1-601",25.99
"21464","2025-1-606",25.85
"21465","2025-1-112",21.27
"21466","2025-1-110",21.55
"21467","2025-1-106",19.49
"21468","2025-1-118",26.01
"21469","2025-1-103",20.21
"21470","2025-1-117",17.39
"21471","2025-1-102",22.45
"21472","2025-1-108",23.1300000000001
"21473","2025-1-120",18.87
"21474","2025-1-115",23.83
"21475","2025-1-107",23.1900000000001
"21476","2025-1-114",22.95
"21477","2025-1-119",29.37
"21478","2025-1-104",20.23
"21479","2025-1-101",29.5700000000001
"21480","2025-1-109",23.83
"21481","2025-1-105",20.85
"21482","2025-1-113",27.53
"21483","2025-1-116",25.53
"21484","2025-1-111",-273.15
"21485","2025-2-201",19.4225
"21486","2025-2-205",-235.7175
"21487","2025-2-203",24.3750000000001
"21488","2025-2-215",-273.15
"21489","2025-2-214",-273.15
"21490","2025-2-206",-236.1425
"21491","2025-2-209",31.2000000000001
"21492","2025-2-207",-235.855
"21493","2025-2-208",22.9050000000001
"21494","2025-2-216",-235.4975
"21495","2025-2-210",-236.1225
"21496","2025-2-204",-235.5775
"21497","2025-2-202",-273.15
"21498","2025-2-212",-236.9825
"21499","2025-2-213",-273.15
"21500","2025-2-211",-273.15
"21501","2025-2-306",14.5625
"21502","2025-2-301",-236.63
"21503","2025-2-308",10.8275
"21504","2025-2-304",22.285
"21505","2025-2-303",-235.7175
"21506","2025-2-307",11.9375
"21507","2025-2-302",16.645
"21508","2025-2-305",23.0975
"21509","2025-2-507",-235.5375
"21510","2025-2-504",-235.675
"21511","2025-2-506",-273.15
"21512","2025-2-505",26.125
"21513","2025-2-511",-235.9375
"21514","2025-2-510",23.41
"21515","2025-2-501",27.935
"21516","2025-2-509",24.39
"21517","2025-2-502",-235.83
"21518","2025-2-503",-235.5425
"21519","2025-2-508",-273.15
"21520","2025-2-402",16.44
"21521","2025-2-407",26.2475
"21522","2025-2-408",28.3525
"21523","2025-2-401",7.98250000000002
"21524","2025-2-406",-236.1425
"21525","2025-2-409",-235.2725
"21526","2025-2-405",-236.4475
"21527","2025-2-404",19.1350000000001
"21528","2025-2-403",19.8425
"21529","2025-2-410",-236.245
"21530","2025-2-706",-235.7925
"21531","2025-2-701",23.1275
"21532","2025-2-705",23.415
"21533","2025-2-702",-273.15
"21534","2025-2-703",22.885
"21535","2025-2-704",21.085
"21536","2025-2-603",24.4025
"21537","2025-2-610",26.3100000000001
"21538","2025-2-608",24.3375
"21539","2025-2-602",27.2225
"21540","2025-2-611",24.76
"21541","2025-2-607",-273.15
"21542","2025-2-604",24.6725
"21543","2025-2-605",26.125
"21544","2025-2-609",-235.4025
"21545","2025-2-601",25.9375
"21546","2025-2-606",26.41
"21547","2025-2-112",21.2000000000001
"21548","2025-2-110",-236.3125
"21549","2025-2-106",17.495
"21550","2025-2-118",-235.755
"21551","2025-2-103",-236.48
"21552","2025-2-117",10.67
"21553","2025-2-102",22.2750000000001
"21554","2025-2-108",17.705
"21555","2025-2-120",16.9975
"21556","2025-2-115",19.175
"21557","2025-2-107",22.7525000000001
"21558","2025-2-114",-236.1375
"21559","2025-2-119",29.1600000000001
"21560","2025-2-104",21.385
"21561","2025-2-101",20.645
"21562","2025-2-109",24.3725
"21563","2025-2-105",18.7675
"21564","2025-2-113",21.2125
"21565","2025-2-116",22.0475
"21566","2025-2-111",-273.15
"21567","2025-3-201",23.63
"21568","2025-3-205",-48.075
"21569","2025-3-203",26.605
"21570","2025-3-215",-273.15
"21571","2025-3-214",-51.39
"21572","2025-3-206",-48.945
"21573","2025-3-209",31.46
"21574","2025-3-207",-49.7249999999999
"21575","2025-3-208",24.85
"21576","2025-3-216",-48.24
"21577","2025-3-210",-50.505
"21578","2025-3-204",-46.995
"21579","2025-3-202",-273.15
"21580","2025-3-212",-54.9
"21581","2025-3-213",-273.15
"21582","2025-3-211",-53.58
"21583","2025-3-306",12.805
"21584","2025-3-301",-52.7699999999999
"21585","2025-3-308",15.485
"21586","2025-3-304",21.64
"21587","2025-3-303",-48.255
"21588","2025-3-307",13.69
"21589","2025-3-302",17.3300000000001
"21590","2025-3-305",22.09
"21591","2025-3-507",-46.47
"21592","2025-3-504",-46.635
"21593","2025-3-506",-47.865
"21594","2025-3-505",27.695
"21595","2025-3-511",-48.285
"21596","2025-3-510",23.065
"21597","2025-3-501",28.1850000000001
"21598","2025-3-509",25.79
"21599","2025-3-502",-47.28
"21600","2025-3-503",-46.47
"21601","2025-3-508",-51.135
"21602","2025-3-402",19.96
"21603","2025-3-407",29.445
"21604","2025-3-408",29.365
"21605","2025-3-401",11.79
"21606","2025-3-406",-51.105
"21607","2025-3-409",-46.53
"21608","2025-3-405",-51.96
"21609","2025-3-404",23.16
"21610","2025-3-403",24.565
"21611","2025-3-410",-49.125
"21612","2025-3-706",-48.6899999999999
"21613","2025-3-701",23.535
"21614","2025-3-705",26.095
"21615","2025-3-702",-50.295
"21616","2025-3-703",26.535
"21617","2025-3-704",21.73
"21618","2025-3-603",25.77
"21619","2025-3-610",27.345
"21620","2025-3-608",24.805
"21621","2025-3-602",29.79
"21622","2025-3-611",25.705
"21623","2025-3-607",-273.15
"21624","2025-3-604",25.18
"21625","2025-3-605",27.5
"21626","2025-3-609",-47.355
"21627","2025-3-601",26.2
"21628","2025-3-606",26.94
"21629","2025-3-112",23.4400000000001
"21630","2025-3-110",-51.15
"21631","2025-3-106",20.63
"21632","2025-3-118",-46.8599999999999
"21633","2025-3-103",-51.93
"21634","2025-3-117",15.71
"21635","2025-3-102",24.4550000000001
"21636","2025-3-108",21.13
"21637","2025-3-120",20.39
"21638","2025-3-115",23.67
"21639","2025-3-107",25.255
"21640","2025-3-114",-51.585
"21641","2025-3-119",28.905
"21642","2025-3-104",24.1900000000001
"21643","2025-3-101",26.795
"21644","2025-3-109",25.08
"21645","2025-3-105",22.325
"21646","2025-3-113",26.1
"21647","2025-3-116",24.355
"21648","2025-3-111",-273.15
"21649","2025-4-201",25.9725
"21650","2025-4-205",27.8625
"21651","2025-4-203",28.635
"21652","2025-4-215",-86.6625
"21653","2025-4-214",24.305
"21654","2025-4-206",26.6025
"21655","2025-4-209",32.63
"21656","2025-4-207",25.225
"21657","2025-4-208",26.3625
"21658","2025-4-216",27.23
"21659","2025-4-210",25.135
"21660","2025-4-204",29.09
"21661","2025-4-202",-273.15
"21662","2025-4-212",18.3375000000001
"21663","2025-4-213",-273.15
"21664","2025-4-211",19.9475
"21665","2025-4-306",16.2025
"21666","2025-4-301",20.8775
"21667","2025-4-308",18
"21668","2025-4-304",22.2400000000001
"21669","2025-4-303",27.0225
"21670","2025-4-307",15.5925
"21671","2025-4-302",18.3675
"21672","2025-4-305",23.6575
"21673","2025-4-507",30.5275
"21674","2025-4-504",28.6575
"21675","2025-4-506",28.6675
"21676","2025-4-505",29.66
"21677","2025-4-511",27.4825
"21678","2025-4-510",23.9825
"21679","2025-4-501",30.0375
"21680","2025-4-509",26.81
"21681","2025-4-502",29.26
"21682","2025-4-503",30.4025000000001
"21683","2025-4-508",21.9075
"21684","2025-4-402",21.7175
"21685","2025-4-407",30.8775
"21686","2025-4-408",30.18
"21687","2025-4-401",13.2050000000001
"21688","2025-4-406",23.1975
"21689","2025-4-409",29.3725
"21690","2025-4-405",22.595
"21691","2025-4-404",25.0325000000001
"21692","2025-4-403",26.4925
"21693","2025-4-410",25.725
"21694","2025-4-706",26.2425
"21695","2025-4-701",23.4725
"21696","2025-4-705",27.1750000000001
"21697","2025-4-702",23.715
"21698","2025-4-703",27.7675
"21699","2025-4-704",23.1775
"21700","2025-4-603",26.3125
"21701","2025-4-610",27.9425000000001
"21702","2025-4-608",24.9950000000001
"21703","2025-4-602",31.0075
"21704","2025-4-611",26.94
"21705","2025-4-607",-273.15
"21706","2025-4-604",25.855
"21707","2025-4-605",27.1575
"21708","2025-4-609",28.61
"21709","2025-4-601",27.4400000000001
"21710","2025-4-606",27.8150000000001
"21711","2025-4-112",24.79
"21712","2025-4-110",23.05
"21713","2025-4-106",22.0825
"21714","2025-4-118",29.795
"21715","2025-4-103",21.185
"21716","2025-4-117",17.8225
"21717","2025-4-102",25.565
"21718","2025-4-108",23.0175
"21719","2025-4-120",21.8475
"21720","2025-4-115",25.9775
"21721","2025-4-107",27.2475
"21722","2025-4-114",23.095
"21723","2025-4-119",29.43
"21724","2025-4-104",25.8325
"21725","2025-4-101",28.895
"21726","2025-4-109",26.04
"21727","2025-4-105",24.135
"21728","2025-4-113",28.3675000000001
"21729","2025-4-116",25.9275
"21730","2025-4-111",-273.15
"21731","2025-5-201",26.37
"21732","2025-5-205",28.2400000000001
"21733","2025-5-203",29.1
"21734","2025-5-215",26.33
"21735","2025-5-214",25.87
"21736","2025-5-206",26.28
"21737","2025-5-209",33.79
"21738","2025-5-207",26.11
"21739","2025-5-208",26.45
"21740","2025-5-216",26.98
"21741","2025-5-210",25.6
"21742","2025-5-204",29.21
"21743","2025-5-202",-127.87
"21744","2025-5-212",17.81
"21745","2025-5-213",-273.15
"21746","2025-5-211",20.1700000000001
"21747","2025-5-306",19.46
"21748","2025-5-301",20.72
"21749","2025-5-308",17.36
"21750","2025-5-304",23.15
"21751","2025-5-303",28.03
"21752","2025-5-307",15.26
"21753","2025-5-302",17.22
"21754","2025-5-305",23.11
"21755","2025-5-507",31.35
"21756","2025-5-504",30.74
"21757","2025-5-506",29.91
"21758","2025-5-505",30.09
"21759","2025-5-511",27.81
"21760","2025-5-510",24.36
"21761","2025-5-501",30.39
"21762","2025-5-509",27.96
"21763","2025-5-502",29.75
"21764","2025-5-503",30.9400000000001
"21765","2025-5-508",21.82
"21766","2025-5-402",21.56
"21767","2025-5-407",30.97
"21768","2025-5-408",30.53
"21769","2025-5-401",13.8900000000001
"21770","2025-5-406",22.68
"21771","2025-5-409",29.58
"21772","2025-5-405",22.06
"21773","2025-5-404",24.8800000000001
"21774","2025-5-403",26.25
"21775","2025-5-410",-123.66
"21776","2025-5-706",25.92
"21777","2025-5-701",22.08
"21778","2025-5-705",26.68
"21779","2025-5-702",25.6
"21780","2025-5-703",26.55
"21781","2025-5-704",-124.63
"21782","2025-5-603",26.96
"21783","2025-5-610",26.8700000000001
"21784","2025-5-608",24.8800000000001
"21785","2025-5-602",31.73
"21786","2025-5-611",27.26
"21787","2025-5-607",-273.15
"21788","2025-5-604",26.5
"21789","2025-5-605",27.45
"21790","2025-5-609",29.4
"21791","2025-5-601",27.48
"21792","2025-5-606",28.2300000000001
"21793","2025-5-112",25.53
"21794","2025-5-110",23.51
"21795","2025-5-106",22.32
"21796","2025-5-118",29.04
"21797","2025-5-103",20.89
"21798","2025-5-117",17.93
"21799","2025-5-102",25.7400000000001
"21800","2025-5-108",22.9
"21801","2025-5-120",21.36
"21802","2025-5-115",26.33
"21803","2025-5-107",27.16
"21804","2025-5-114",22.56
"21805","2025-5-119",30.58
"21806","2025-5-104",25.23
"21807","2025-5-101",28.82
"21808","2025-5-109",26.73
"21809","2025-5-105",23.03
"21810","2025-5-113",28.6600000000001
"21811","2025-5-116",26.11
"21812","2025-5-111",-273.15
"21813","2025-6-201",25.9575
"21814","2025-6-205",27.7850000000001
"21815","2025-6-203",27.3675
"21816","2025-6-215",-85.2875
"21817","2025-6-214",-85.95
"21818","2025-6-206",25.065
"21819","2025-6-209",34.77
"21820","2025-6-207",25.4425
"21821","2025-6-208",25.7725
"21822","2025-6-216",25.44
"21823","2025-6-210",25.1875
"21824","2025-6-204",27.9725
"21825","2025-6-202",-91.55
"21826","2025-6-212",-91.8125
"21827","2025-6-213",-164.1
"21828","2025-6-211",19.7775000000001
"21829","2025-6-306",18.63
"21830","2025-6-301",20.51
"21831","2025-6-308",16.375
"21832","2025-6-304",24.0975
"21833","2025-6-303",-84.4
"21834","2025-6-307",13.2475
"21835","2025-6-302",15.7875000000001
"21836","2025-6-305",21.0925
"21837","2025-6-507",30.71
"21838","2025-6-504",30.7375
"21839","2025-6-506",30.845
"21840","2025-6-505",28.9375
"21841","2025-6-511",27.95
"21842","2025-6-510",25.2400000000001
"21843","2025-6-501",30.3825
"21844","2025-6-509",28.8025
"21845","2025-6-502",30.2625
"21846","2025-6-503",29.4525000000001
"21847","2025-6-508",20.6975
"21848","2025-6-402",21.1775
"21849","2025-6-407",31.07
"21850","2025-6-408",30.4825
"21851","2025-6-401",-93.275
"21852","2025-6-406",21.0225
"21853","2025-6-409",29.4050000000001
"21854","2025-6-405",20.4675
"21855","2025-6-404",24.4125
"21856","2025-6-403",26.1275
"21857","2025-6-410",-160.17
"21858","2025-6-706",26.25
"21859","2025-6-701",21.415
"21860","2025-6-705",26.1175
"21861","2025-6-702",26.7875
"21862","2025-6-703",25.85
"21863","2025-6-704",-162.8625
"21864","2025-6-603",26.085
"21865","2025-6-610",26.8625
"21866","2025-6-608",25.3350000000001
"21867","2025-6-602",31.3875
"21868","2025-6-611",27.1075
"21869","2025-6-607",-273.15
"21870","2025-6-604",26.575
"21871","2025-6-605",27.5625
"21872","2025-6-609",28.9525
"21873","2025-6-601",27.2275
"21874","2025-6-606",27.67
"21875","2025-6-112",24.41
"21876","2025-6-110",21.8475
"21877","2025-6-106",21.7325
"21878","2025-6-118",25.9675
"21879","2025-6-103",20.0625
"21880","2025-6-117",16.92
"21881","2025-6-102",24.3250000000001
"21882","2025-6-108",22.1075
"21883","2025-6-120",18.9975
"21884","2025-6-115",25.94
"21885","2025-6-107",26.015
"21886","2025-6-114",20.5625
"21887","2025-6-119",30.725
"21888","2025-6-104",22.55
"21889","2025-6-101",28.4975
"21890","2025-6-109",26.5875
"21891","2025-6-105",20.5
"21892","2025-6-113",28.2250000000001
"21893","2025-6-116",25.415
"21894","2025-6-111",-273.15
"21895","2025-7-201",25.825
"21896","2025-7-205",27.895
"21897","2025-7-203",25.51
"21898","2025-7-215",-197.785
"21899","2025-7-214",-197.745
"21900","2025-7-206",24.955
"21901","2025-7-209",35.7450000000001
"21902","2025-7-207",24.12
"21903","2025-7-208",25.805
"21904","2025-7-216",25.04
"21905","2025-7-210",25.18
"21906","2025-7-204",27.225
"21907","2025-7-202",-199.415
"21908","2025-7-212",-200.53
"21909","2025-7-213",19.61
"21910","2025-7-211",19.81
"21911","2025-7-306",15.585
"21912","2025-7-301",20.555
"21913","2025-7-308",16.99
"21914","2025-7-304",24.675
"21915","2025-7-303",-197.835
"21916","2025-7-307",12.105
"21917","2025-7-302",16.515
"21918","2025-7-305",21.72
"21919","2025-7-507",30.405
"21920","2025-7-504",28.705
"21921","2025-7-506",31.765
"21922","2025-7-505",28.895
"21923","2025-7-511",28.67
"21924","2025-7-510",27.2100000000001
"21925","2025-7-501",31.9800000000001
"21926","2025-7-509",28.63
"21927","2025-7-502",31.53
"21928","2025-7-503",28.83
"21929","2025-7-508",19.345
"21930","2025-7-402",21.6900000000001
"21931","2025-7-407",31.115
"21932","2025-7-408",30.185
"21933","2025-7-401",-201.67
"21934","2025-7-406",20.565
"21935","2025-7-409",29.3900000000001
"21936","2025-7-405",20.155
"21937","2025-7-404",24.5650000000001
"21938","2025-7-403",26.745
"21939","2025-7-410",27.6400000000001
"21940","2025-7-706",27.475
"21941","2025-7-701",22.8600000000001
"21942","2025-7-705",26.855
"21943","2025-7-702",25.94
"21944","2025-7-703",26.74
"21945","2025-7-704",21.21
"21946","2025-7-603",24.79
"21947","2025-7-610",28.57
"21948","2025-7-608",26.12
"21949","2025-7-602",30.63
"21950","2025-7-611",27.355
"21951","2025-7-607",-273.15
"21952","2025-7-604",25.805
"21953","2025-7-605",26.455
"21954","2025-7-609",27.95
"21955","2025-7-601",28.035
"21956","2025-7-606",27.15
"21957","2025-7-112",23.11
"21958","2025-7-110",20.165
"21959","2025-7-106",21.525
"21960","2025-7-118",25
"21961","2025-7-103",19.65
"21962","2025-7-117",16.245
"21963","2025-7-102",22.85
"21964","2025-7-108",22.09
"21965","2025-7-120",17.115
"21966","2025-7-115",25.655
"21967","2025-7-107",25.96
"21968","2025-7-114",20.245
"21969","2025-7-119",29.65
"21970","2025-7-104",21.535
"21971","2025-7-101",28.475
"21972","2025-7-109",26.295
"21973","2025-7-105",20.245
"21974","2025-7-113",27.93
"21975","2025-7-116",24.41
"21976","2025-7-111",-200.22
"21977","2025-8-201",27.4125000000001
"21978","2025-8-205",29.735
"21979","2025-8-203",27.6825000000001
"21980","2025-8-215",28.255
"21981","2025-8-214",28.45
"21982","2025-8-206",26.985
"21983","2025-8-209",36.1525
"21984","2025-8-207",26.77
"21985","2025-8-208",27.5475
"21986","2025-8-216",28.8725
"21987","2025-8-210",25.335
"21988","2025-8-204",29.7875
"21989","2025-8-202",-15.0775
"21990","2025-8-212",17.84
"21991","2025-8-213",25.7525
"21992","2025-8-211",22.0075
"21993","2025-8-306",16.02
"21994","2025-8-301",20.52
"21995","2025-8-308",18.9075
"21996","2025-8-304",24.255
"21997","2025-8-303",28.4725
"21998","2025-8-307",13.805
"21999","2025-8-302",18.205
"22000","2025-8-305",25.34
"22001","2025-8-507",32.685
"22002","2025-8-504",33.79
"22003","2025-8-506",31.8825000000001
"22004","2025-8-505",32.7650000000001
"22005","2025-8-511",29.5175
"22006","2025-8-510",27.4225
"22007","2025-8-501",33.4625
"22008","2025-8-509",28.475
"22009","2025-8-502",31.635
"22010","2025-8-503",33.3
"22011","2025-8-508",23.4575
"22012","2025-8-402",23.3425000000001
"22013","2025-8-407",30.69
"22014","2025-8-408",30.2625
"22015","2025-8-401",13.36
"22016","2025-8-406",24.18
"22017","2025-8-409",30.4425
"22018","2025-8-405",22.425
"22019","2025-8-404",25.9075
"22020","2025-8-403",28.0775
"22021","2025-8-410",26.5175
"22022","2025-8-706",27.5475
"22023","2025-8-701",23.45
"22024","2025-8-705",29.34
"22025","2025-8-702",27.6925
"22026","2025-8-703",27.5875
"22027","2025-8-704",21.7525
"22028","2025-8-603",27.3275
"22029","2025-8-610",27.7825
"22030","2025-8-608",25.0625
"22031","2025-8-602",33.0325
"22032","2025-8-611",27.6875
"22033","2025-8-607",-273.15
"22034","2025-8-604",25.4
"22035","2025-8-605",26.6725
"22036","2025-8-609",29.0025
"22037","2025-8-601",28.61
"22038","2025-8-606",28.235
"22039","2025-8-112",26.555
"22040","2025-8-110",25.4250000000001
"22041","2025-8-106",24.21
"22042","2025-8-118",30.3675
"22043","2025-8-103",23.0125
"22044","2025-8-117",19.4375
"22045","2025-8-102",25.7200000000001
"22046","2025-8-108",24.2675
"22047","2025-8-120",20.6650000000001
"22048","2025-8-115",27.2375000000001
"22049","2025-8-107",27.7375
"22050","2025-8-114",24.1375000000001
"22051","2025-8-119",29.9425
"22052","2025-8-104",26.6825
"22053","2025-8-101",31.095
"22054","2025-8-109",27.5275
"22055","2025-8-105",25.08
"22056","2025-8-113",30.025
"22057","2025-8-116",24.2925
"22058","2025-8-111",19.0450000000001
"22059","2025-9-201",28.97
"22060","2025-9-205",30.33
"22061","2025-9-203",30.71
"22062","2025-9-215",27.87
"22063","2025-9-214",28.31
"22064","2025-9-206",29.33
"22065","2025-9-209",35.33
"22066","2025-9-207",28.73
"22067","2025-9-208",29.35
"22068","2025-9-216",29.45
"22069","2025-9-210",25.79
"22070","2025-9-204",30.61
"22071","2025-9-202",-273.15
"22072","2025-9-212",21.41
"22073","2025-9-213",27.59
"22074","2025-9-211",22.27
"22075","2025-9-306",22.11
"22076","2025-9-301",21.43
"22077","2025-9-308",20.99
"22078","2025-9-304",26.2500000000001
"22079","2025-9-303",31.01
"22080","2025-9-307",17.41
"22081","2025-9-302",20.27
"22082","2025-9-305",25.6900000000001
"22083","2025-9-507",34.05
"22084","2025-9-504",34.6300000000001
"22085","2025-9-506",32.81
"22086","2025-9-505",33.71
"22087","2025-9-511",30.83
"22088","2025-9-510",28.49
"22089","2025-9-501",35.23
"22090","2025-9-509",30.7500000000001
"22091","2025-9-502",32.79
"22092","2025-9-503",34.35
"22093","2025-9-508",24.21
"22094","2025-9-402",24.41
"22095","2025-9-407",33.0700000000001
"22096","2025-9-408",32.59
"22097","2025-9-401",17.49
"22098","2025-9-406",25.23
"22099","2025-9-409",32.35
"22100","2025-9-405",25.1900000000001
"22101","2025-9-404",28.6900000000001
"22102","2025-9-403",29.95
"22103","2025-9-410",28.95
"22104","2025-9-706",27.53
"22105","2025-9-701",24.01
"22106","2025-9-705",29.41
"22107","2025-9-702",27.5700000000001
"22108","2025-9-703",29.53
"22109","2025-9-704",20.09
"22110","2025-9-603",26.61
"22111","2025-9-610",28.15
"22112","2025-9-608",25.85
"22113","2025-9-602",33.47
"22114","2025-9-611",28.23
"22115","2025-9-607",-273.15
"22116","2025-9-604",29.81
"22117","2025-9-605",28.09
"22118","2025-9-609",28.81
"22119","2025-9-601",29.59
"22120","2025-9-606",27.85
"22121","2025-9-112",25.47
"22122","2025-9-110",27.49
"22123","2025-9-106",25.05
"22124","2025-9-118",32.87
"22125","2025-9-103",23.45
"22126","2025-9-117",19.21
"22127","2025-9-102",29.01
"22128","2025-9-108",26.49
"22129","2025-9-120",24.41
"22130","2025-9-115",30.65
"22131","2025-9-107",28.21
"22132","2025-9-114",24.1900000000001
"22133","2025-9-119",31.99
"22134","2025-9-104",27.33
"22135","2025-9-101",33.37
"22136","2025-9-109",28.91
"22137","2025-9-105",25.43
"22138","2025-9-113",32.51
"22139","2025-9-116",27.2500000000001
"22140","2025-9-111",22.37
"22141","2025-10-201",28.69
"22142","2025-10-205",29.5075
"22143","2025-10-203",29.4675
"22144","2025-10-215",27.3625
"22145","2025-10-214",26.9450000000001
"22146","2025-10-206",28.525
"22147","2025-10-209",37.3075
"22148","2025-10-207",28.9575
"22149","2025-10-208",28.4925
"22150","2025-10-216",27.7875
"22151","2025-10-210",27.295
"22152","2025-10-204",31.3975
"22153","2025-10-202",-15.13
"22154","2025-10-212",19.3975
"22155","2025-10-213",26.5225
"22156","2025-10-211",21.29
"22157","2025-10-306",19.4675
"22158","2025-10-301",22.025
"22159","2025-10-308",19.6425
"22160","2025-10-304",20.3
"22161","2025-10-303",30.9925
"22162","2025-10-307",16.64
"22163","2025-10-302",18.66
"22164","2025-10-305",-235.795
"22165","2025-10-507",35.0475000000001
"22166","2025-10-504",35.26
"22167","2025-10-506",33.6325000000001
"22168","2025-10-505",33.6925000000001
"22169","2025-10-511",30.2875
"22170","2025-10-510",26.8100000000001
"22171","2025-10-501",34.5825
"22172","2025-10-509",29.8925
"22173","2025-10-502",32.7550000000001
"22174","2025-10-503",33.7725000000001
"22175","2025-10-508",23.685
"22176","2025-10-402",23.4475
"22177","2025-10-407",32.3175
"22178","2025-10-408",31.54
"22179","2025-10-401",14.6725
"22180","2025-10-406",25.9825
"22181","2025-10-409",32
"22182","2025-10-405",24.42
"22183","2025-10-404",26.2925
"22184","2025-10-403",29.6
"22185","2025-10-410",27.165
"22186","2025-10-706",24.0475
"22187","2025-10-701",22.715
"22188","2025-10-705",27.485
"22189","2025-10-702",26.485
"22190","2025-10-703",-235.315
"22191","2025-10-704",20.895
"22192","2025-10-603",26.4875
"22193","2025-10-610",27.4325
"22194","2025-10-608",27.2675
"22195","2025-10-602",33.9075
"22196","2025-10-611",26.55
"22197","2025-10-607",-273.15
"22198","2025-10-604",29.2150000000001
"22199","2025-10-605",29.3325
"22200","2025-10-609",30.2975
"22201","2025-10-601",28.2075
"22202","2025-10-606",29.1625
"22203","2025-10-112",26.555
"22204","2025-10-110",25.88
"22205","2025-10-106",24.2275
"22206","2025-10-118",31.8900000000001
"22207","2025-10-103",23.975
"22208","2025-10-117",18.7550000000001
"22209","2025-10-102",26.63
"22210","2025-10-108",26.1750000000001
"22211","2025-10-120",21.995
"22212","2025-10-115",29.0225
"22213","2025-10-107",28
"22214","2025-10-114",25.2225
"22215","2025-10-119",30.7475000000001
"22216","2025-10-104",27.4175
"22217","2025-10-101",31.4975
"22218","2025-10-109",28.945
"22219","2025-10-105",25.7100000000001
"22220","2025-10-113",31.915
"22221","2025-10-116",26.97
"22222","2025-10-111",-236.21
"22223","2025-11-201",29.7150000000001
"22224","2025-11-205",29.735
"22225","2025-11-203",30.7600000000001
"22226","2025-11-215",29.8400000000001
"22227","2025-11-214",30.3650000000001
"22228","2025-11-206",28.92
"22229","2025-11-209",36.105
"22230","2025-11-207",28.48
"22231","2025-11-208",28.91
"22232","2025-11-216",29.395
"22233","2025-11-210",28.7250000000001
"22234","2025-11-204",31.165
"22235","2025-11-202",22.4500000000001
"22236","2025-11-212",21.015
"22237","2025-11-213",29.4
"22238","2025-11-211",22.185
"22239","2025-11-306",26.38
"22240","2025-11-301",22.86
"22241","2025-11-308",19.6300000000001
"22242","2025-11-304",23.905
"22243","2025-11-303",31.665
"22244","2025-11-307",18.8100000000001
"22245","2025-11-302",20.395
"22246","2025-11-305",-49.38
"22247","2025-11-507",35.5200000000001
"22248","2025-11-504",35.62
"22249","2025-11-506",33.36
"22250","2025-11-505",34.71
"22251","2025-11-511",31.68
"22252","2025-11-510",28.25
"22253","2025-11-501",35.99
"22254","2025-11-509",31.78
"22255","2025-11-502",33.47
"22256","2025-11-503",33.66
"22257","2025-11-508",24.825
"22258","2025-11-402",23.775
"22259","2025-11-407",33.065
"22260","2025-11-408",31.9450000000001
"22261","2025-11-401",16.445
"22262","2025-11-406",25.97
"22263","2025-11-409",30.75
"22264","2025-11-405",24.625
"22265","2025-11-404",26.475
"22266","2025-11-403",29.79
"22267","2025-11-410",26.3700000000001
"22268","2025-11-706",28.32
"22269","2025-11-701",25.1850000000001
"22270","2025-11-705",29.175
"22271","2025-11-702",26.345
"22272","2025-11-703",-45.495
"22273","2025-11-704",24.25
"22274","2025-11-603",26.665
"22275","2025-11-610",28.92
"22276","2025-11-608",27.095
"22277","2025-11-602",33.4300000000001
"22278","2025-11-611",26.145
"22279","2025-11-607",-273.15
"22280","2025-11-604",28.0500000000001
"22281","2025-11-605",28.61
"22282","2025-11-609",29.625
"22283","2025-11-601",28.025
"22284","2025-11-606",28.57
"22285","2025-11-112",25.435
"22286","2025-11-110",25.62
"22287","2025-11-106",23.57
"22288","2025-11-118",32.155
"22289","2025-11-103",22.79
"22290","2025-11-117",17.58
"22291","2025-11-102",27.775
"22292","2025-11-108",26.655
"22293","2025-11-120",23.405
"22294","2025-11-115",31.7
"22295","2025-11-107",27.22
"22296","2025-11-114",26.885
"22297","2025-11-119",31.44
"22298","2025-11-104",26.335
"22299","2025-11-101",33.315
"22300","2025-11-109",28.26
"22301","2025-11-105",26.02
"22302","2025-11-113",31.6350000000001
"22303","2025-11-116",26.495
"22304","2025-11-111",-49.455
"22305","2025-12-201",30.295
"22306","2025-12-205",32.15
"22307","2025-12-203",33.3375
"22308","2025-12-215",-159.21
"22309","2025-12-214",-158.88
"22310","2025-12-206",31.6150000000001
"22311","2025-12-209",37.435
"22312","2025-12-207",30.41
"22313","2025-12-208",31.015
"22314","2025-12-216",28.61
"22315","2025-12-210",-159.795
"22316","2025-12-204",30.85
"22317","2025-12-202",-162.21
"22318","2025-12-212",-162.6
"22319","2025-12-213",-159.315
"22320","2025-12-211",23.5675000000001
"22321","2025-12-306",-159.915
"22322","2025-12-301",-162.0525
"22323","2025-12-308",-163.335
"22324","2025-12-304",-161.1975
"22325","2025-12-303",-158.76
"22326","2025-12-307",-163.38
"22327","2025-12-302",-162.825
"22328","2025-12-305",21.1475
"22329","2025-12-507",36.0925
"22330","2025-12-504",35.985
"22331","2025-12-506",33.0675
"22332","2025-12-505",34.9875
"22333","2025-12-511",28.8325
"22334","2025-12-510",26.9225
"22335","2025-12-501",37.715
"22336","2025-12-509",32.9
"22337","2025-12-502",33.335
"22338","2025-12-503",34.5125
"22339","2025-12-508",-161.2575
"22340","2025-12-402",22.7675000000001
"22341","2025-12-407",33.2375
"22342","2025-12-408",32.7675
"22343","2025-12-401",-164.28
"22344","2025-12-406",22.6175000000001
"22345","2025-12-409",30.7
"22346","2025-12-405",23.2425
"22347","2025-12-404",25.75
"22348","2025-12-403",-159.5175
"22349","2025-12-410",-160.8975
"22350","2025-12-706",-159.5025
"22351","2025-12-701",-160.9425
"22352","2025-12-705",-159.5325
"22353","2025-12-702",-160.8375
"22354","2025-12-703",-159.3225
"22355","2025-12-704",-161.22
"22356","2025-12-603",26.0800000000001
"22357","2025-12-610",28.0750000000001
"22358","2025-12-608",25.67
"22359","2025-12-602",35.5375
"22360","2025-12-611",27.6775000000001
"22361","2025-12-607",-273.15
"22362","2025-12-604",30.2775
"22363","2025-12-605",27.6475000000001
"22364","2025-12-609",29.43
"22365","2025-12-601",30.9175
"22366","2025-12-606",28.76
"22367","2025-12-112",24.7725000000001
"22368","2025-12-110",21.4475
"22369","2025-12-106",22.09
"22370","2025-12-118",32.0525
"22371","2025-12-103",22.0575
"22372","2025-12-117",19.685
"22373","2025-12-102",26.92
"22374","2025-12-108",25.68
"22375","2025-12-120",21.7025
"22376","2025-12-115",30.895
"22377","2025-12-107",29.7325
"22378","2025-12-114",-160.4475
"22379","2025-12-119",31.4300000000001
"22380","2025-12-104",26.445
"22381","2025-12-101",32.31
"22382","2025-12-109",28.9425
"22383","2025-12-105",28.5475
"22384","2025-12-113",31.3075
"22385","2025-12-116",24.825
"22386","2025-12-111",-161.3025
"22387","2025-13-201",29.62
"22388","2025-13-205",32.8900000000001
"22389","2025-13-203",34.1400000000001
"22390","2025-13-215",-120.99
"22391","2025-13-214",-121.59
"22392","2025-13-206",31.79
"22393","2025-13-209",37.48
"22394","2025-13-207",31.01
"22395","2025-13-208",31.35
"22396","2025-13-216",28.4
"22397","2025-13-210",-126.56
"22398","2025-13-204",30.85
"22399","2025-13-202",-273.15
"22400","2025-13-212",-125.79
"22401","2025-13-213",-122.78
"22402","2025-13-211",24.7100000000001
"22403","2025-13-306",-127.84
"22404","2025-13-301",-124.69
"22405","2025-13-308",-125.75
"22406","2025-13-304",-124.74
"22407","2025-13-303",-120.3
"22408","2025-13-307",-129.18
"22409","2025-13-302",-127.15
"22410","2025-13-305",22.54
"22411","2025-13-507",36.66
"22412","2025-13-504",36.79
"22413","2025-13-506",33.78
"22414","2025-13-505",34.88
"22415","2025-13-511",29.42
"22416","2025-13-510",27.86
"22417","2025-13-501",38.09
"22418","2025-13-509",32.19
"22419","2025-13-502",33.34
"22420","2025-13-503",35.68
"22421","2025-13-508",-125.27
"22422","2025-13-402",23.47
"22423","2025-13-407",33.37
"22424","2025-13-408",33.8
"22425","2025-13-401",-129.52
"22426","2025-13-406",24.3
"22427","2025-13-409",31.95
"22428","2025-13-405",24.32
"22429","2025-13-404",26.78
"22430","2025-13-403",-120.83
"22431","2025-13-410",-123.77
"22432","2025-13-706",-121.65
"22433","2025-13-701",-126.43
"22434","2025-13-705",-122.41
"22435","2025-13-702",-122.28
"22436","2025-13-703",-122.62
"22437","2025-13-704",-126.01
"22438","2025-13-603",27.18
"22439","2025-13-610",28.8200000000001
"22440","2025-13-608",25.74
"22441","2025-13-602",35.67
"22442","2025-13-611",28.2400000000001
"22443","2025-13-607",-273.15
"22444","2025-13-604",30.15
"22445","2025-13-605",27.86
"22446","2025-13-609",29.92
"22447","2025-13-601",31.41
"22448","2025-13-606",29.21
"22449","2025-13-112",25.9200000000001
"22450","2025-13-110",24.04
"22451","2025-13-106",24.17
"22452","2025-13-118",32.81
"22453","2025-13-103",23.34
"22454","2025-13-117",18.77
"22455","2025-13-102",28.37
"22456","2025-13-108",25.65
"22457","2025-13-120",20.91
"22458","2025-13-115",30.11
"22459","2025-13-107",29.85
"22460","2025-13-114",-122.83
"22461","2025-13-119",31.7100000000001
"22462","2025-13-104",27.28
"22463","2025-13-101",33.0200000000001
"22464","2025-13-109",30.49
"22465","2025-13-105",28.2
"22466","2025-13-113",32.35
"22467","2025-13-116",24.82
"22468","2025-13-111",-126.7
"22469","2025-14-201",27.91
"22470","2025-14-205",31.4700000000001
"22471","2025-14-203",32.6400000000001
"22472","2025-14-215",30.3675
"22473","2025-14-214",29.625
"22474","2025-14-206",29.82
"22475","2025-14-209",36.28
"22476","2025-14-207",29.0075
"22477","2025-14-208",29.765
"22478","2025-14-216",28.7225
"22479","2025-14-210",22.9175
"22480","2025-14-204",30.6025
"22481","2025-14-202",-273.15
"22482","2025-14-212",20.9325000000001
"22483","2025-14-213",28.67
"22484","2025-14-211",24.15
"22485","2025-14-306",17.965
"22486","2025-14-301",22.9825
"22487","2025-14-308",20.2775
"22488","2025-14-304",24.1725
"22489","2025-14-303",31.62
"22490","2025-14-307",16.4025
"22491","2025-14-302",18.49
"22492","2025-14-305",26.1525
"22493","2025-14-507",36.41
"22494","2025-14-504",37.565
"22495","2025-14-506",34.2975
"22496","2025-14-505",35.5975
"22497","2025-14-511",31.095
"22498","2025-14-510",29.5625
"22499","2025-14-501",38.7125
"22500","2025-14-509",30.7975
"22501","2025-14-502",33.3750000000001
"22502","2025-14-503",36.06
"22503","2025-14-508",22.7375
"22504","2025-14-402",24.315
"22505","2025-14-407",33.2700000000001
"22506","2025-14-408",33.04
"22507","2025-14-401",15.4
"22508","2025-14-406",27.2575
"22509","2025-14-409",32.645
"22510","2025-14-405",25.27
"22511","2025-14-404",27.4275
"22512","2025-14-403",30.6725
"22513","2025-14-410",25.805
"22514","2025-14-706",29.265
"22515","2025-14-701",20.74
"22516","2025-14-705",28.9525
"22517","2025-14-702",28.2975
"22518","2025-14-703",28.03
"22519","2025-14-704",22.6825000000001
"22520","2025-14-603",27.92
"22521","2025-14-610",29.67
"22522","2025-14-608",26.785
"22523","2025-14-602",34.1075
"22524","2025-14-611",28
"22525","2025-14-607",-273.15
"22526","2025-14-604",27.78
"22527","2025-14-605",27.705
"22528","2025-14-609",29.8025
"22529","2025-14-601",30.215
"22530","2025-14-606",28.97
"22531","2025-14-112",25.68
"22532","2025-14-110",27.5175000000001
"22533","2025-14-106",25.29
"22534","2025-14-118",33.6875
"22535","2025-14-103",24.255
"22536","2025-14-117",16.145
"22537","2025-14-102",29.9925000000001
"22538","2025-14-108",26.1
"22539","2025-14-120",20.86
"22540","2025-14-115",30.42
"22541","2025-14-107",27.605
"22542","2025-14-114",27.13
"22543","2025-14-119",32.7475
"22544","2025-14-104",26.93
"22545","2025-14-101",34.0450000000001
"22546","2025-14-109",30.485
"22547","2025-14-105",24.59
"22548","2025-14-113",32.8
"22549","2025-14-116",26.45
"22550","2025-14-111",20.4250000000001
"22551","2025-15-201",26.575
"22552","2025-15-205",30.705
"22553","2025-15-203",30.975
"22554","2025-15-215",-46.515
"22555","2025-15-214",-46.5
"22556","2025-15-206",28.93
"22557","2025-15-209",36.57
"22558","2025-15-207",27.19
"22559","2025-15-208",28.31
"22560","2025-15-216",-47.13
"22561","2025-15-210",-47.49
"22562","2025-15-204",29.995
"22563","2025-15-202",-273.15
"22564","2025-15-212",-53.385
"22565","2025-15-213",-45.435
"22566","2025-15-211",22.3
"22567","2025-15-306",17.655
"22568","2025-15-301",21.1
"22569","2025-15-308",17.87
"22570","2025-15-304",24.685
"22571","2025-15-303",29.2650000000001
"22572","2025-15-307",17.245
"22573","2025-15-302",18.135
"22574","2025-15-305",24.955
"22575","2025-15-507",36.405
"22576","2025-15-504",37.58
"22577","2025-15-506",34.31
"22578","2025-15-505",37.115
"22579","2025-15-511",30.3800000000001
"22580","2025-15-510",28.94
"22581","2025-15-501",40.515
"22582","2025-15-509",30.98
"22583","2025-15-502",33.88
"22584","2025-15-503",36.11
"22585","2025-15-508",21.64
"22586","2025-15-402",22.955
"22587","2025-15-407",32.595
"22588","2025-15-408",30.7900000000001
"22589","2025-15-401",-55.125
"22590","2025-15-406",24.9900000000001
"22591","2025-15-409",31.3850000000001
"22592","2025-15-405",23.6750000000001
"22593","2025-15-404",26.015
"22594","2025-15-403",28.58
"22595","2025-15-410",-48.6899999999999
"22596","2025-15-706",27.34
"22597","2025-15-701",-52.17
"22598","2025-15-705",-45.795
"22599","2025-15-702",27.78
"22600","2025-15-703",27.59
"22601","2025-15-704",-49.335
"22602","2025-15-603",26.525
"22603","2025-15-610",28.83
"22604","2025-15-608",26.575
"22605","2025-15-602",33.9350000000001
"22606","2025-15-611",28.2650000000001
"22607","2025-15-607",-273.15
"22608","2025-15-604",27.5050000000001
"22609","2025-15-605",26.495
"22610","2025-15-609",28.98
"22611","2025-15-601",30.47
"22612","2025-15-606",27.285
"22613","2025-15-112",23.2200000000001
"22614","2025-15-110",24.305
"22615","2025-15-106",21.935
"22616","2025-15-118",32.01
"22617","2025-15-103",22.93
"22618","2025-15-117",16.535
"22619","2025-15-102",28.795
"22620","2025-15-108",24.6200000000001
"22621","2025-15-120",19.875
"22622","2025-15-115",29.545
"22623","2025-15-107",26.565
"22624","2025-15-114",24.985
"22625","2025-15-119",32.69
"22626","2025-15-104",25.085
"22627","2025-15-101",32.13
"22628","2025-15-109",28.585
"22629","2025-15-105",22.315
"22630","2025-15-113",30.88
"22631","2025-15-116",27.285
"22632","2025-15-111",-52.125
"22633","2025-16-201",27.4425000000001
"22634","2025-16-205",31.7525
"22635","2025-16-203",31.635
"22636","2025-16-215",-273.15
"22637","2025-16-214",-273.15
"22638","2025-16-206",29.4975
"22639","2025-16-209",-0.727499999999914
"22640","2025-16-207",27.61
"22641","2025-16-208",27.9975
"22642","2025-16-216",-235.3625
"22643","2025-16-210",-273.15
"22644","2025-16-204",29.5825
"22645","2025-16-202",-273.15
"22646","2025-16-212",-236.305
"22647","2025-16-213",-235.3525
"22648","2025-16-211",-14.7625
"22649","2025-16-306",15.0100000000001
"22650","2025-16-301",19.2875
"22651","2025-16-308",17.66
"22652","2025-16-304",-13.3975
"22653","2025-16-303",27.2825
"22654","2025-16-307",12.72
"22655","2025-16-302",-17.6325
"22656","2025-16-305",-14.5
"22657","2025-16-507",38.985
"22658","2025-16-504",37.1975
"22659","2025-16-506",35.885
"22660","2025-16-505",37.835
"22661","2025-16-511",32.6425
"22662","2025-16-510",28.8675
"22663","2025-16-501",41.095
"22664","2025-16-509",33.34
"22665","2025-16-502",36.1725
"22666","2025-16-503",37.5375
"22667","2025-16-508",18.72
"22668","2025-16-402",21.655
"22669","2025-16-407",32.3700000000001
"22670","2025-16-408",31.315
"22671","2025-16-401",-236.845
"22672","2025-16-406",22.3025000000001
"22673","2025-16-409",29.7275
"22674","2025-16-405",24.01
"22675","2025-16-404",26.5275
"22676","2025-16-403",26.9175
"22677","2025-16-410",-273.15
"22678","2025-16-706",24.905
"22679","2025-16-701",-236.455
"22680","2025-16-705",-273.15
"22681","2025-16-702",-9.91499999999991
"22682","2025-16-703",25.7675
"22683","2025-16-704",-273.15
"22684","2025-16-603",26.095
"22685","2025-16-610",29.8325
"22686","2025-16-608",25.1925
"22687","2025-16-602",-3.49249999999999
"22688","2025-16-611",27.6775
"22689","2025-16-607",-273.15
"22690","2025-16-604",29.6825000000001
"22691","2025-16-605",26.6900000000001
"22692","2025-16-609",-8.54999999999991
"22693","2025-16-601",30.7
"22694","2025-16-606",-12.855
"22695","2025-16-112",23.4275
"22696","2025-16-110",-14.255
"22697","2025-16-106",21.0775000000001
"22698","2025-16-118",27.6375
"22699","2025-16-103",-15.13
"22700","2025-16-117",-17.6675
"22701","2025-16-102",27.205
"22702","2025-16-108",-15.5675
"22703","2025-16-120",-16.5824999999999
"22704","2025-16-115",27.0725
"22705","2025-16-107",26.925
"22706","2025-16-114",20.6875
"22707","2025-16-119",-8.21749999999991
"22708","2025-16-104",24.14
"22709","2025-16-101",29.5675
"22710","2025-16-109",28.335
"22711","2025-16-105",-12.715
"22712","2025-16-113",29.035
"22713","2025-16-116",25.7325000000001
"22714","2025-16-111",-236.3525
"22715","2025-17-201",30.05
"22716","2025-17-205",27.85
"22717","2025-17-203",34.47
"22718","2025-17-215",-273.15
"22719","2025-17-214",-273.15
"22720","2025-17-206",30.11
"22721","2025-17-209",-273.15
"22722","2025-17-207",21.73
"22723","2025-17-208",29.59
"22724","2025-17-216",29.15
"22725","2025-17-210",-273.15
"22726","2025-17-204",26.59
"22727","2025-17-202",-273.15
"22728","2025-17-212",21.61
"22729","2025-17-213",29.23
"22730","2025-17-211",-273.15
"22731","2025-17-306",20.33
"22732","2025-17-301",18.5700000000001
"22733","2025-17-308",18.71
"22734","2025-17-304",-273.15
"22735","2025-17-303",30.31
"22736","2025-17-307",19.79
"22737","2025-17-302",-273.15
"22738","2025-17-305",-273.15
"22739","2025-17-507",38.2500000000001
"22740","2025-17-504",38.93
"22741","2025-17-506",36.41
"22742","2025-17-505",38.5700000000001
"22743","2025-17-511",31.47
"22744","2025-17-510",28.5700000000001
"22745","2025-17-501",41.6900000000001
"22746","2025-17-509",31.59
"22747","2025-17-502",34.79
"22748","2025-17-503",37.03
"22749","2025-17-508",25.79
"22750","2025-17-402",21.6900000000001
"22751","2025-17-407",34.47
"22752","2025-17-408",32.89
"22753","2025-17-401",17.29
"22754","2025-17-406",26.17
"22755","2025-17-409",32.51
"22756","2025-17-405",24.15
"22757","2025-17-404",27.49
"22758","2025-17-403",30.61
"22759","2025-17-410",-273.15
"22760","2025-17-706",27.81
"22761","2025-17-701",20.41
"22762","2025-17-705",-273.15
"22763","2025-17-702",-273.15
"22764","2025-17-703",26.45
"22765","2025-17-704",-273.15
"22766","2025-17-603",26.1300000000001
"22767","2025-17-610",29.29
"22768","2025-17-608",26.7500000000001
"22769","2025-17-602",-273.15
"22770","2025-17-611",23.2500000000001
"22771","2025-17-607",-273.15
"22772","2025-17-604",26.55
"22773","2025-17-605",26.6900000000001
"22774","2025-17-609",-273.15
"22775","2025-17-601",28.53
"22776","2025-17-606",-273.15
"22777","2025-17-112",22.99
"22778","2025-17-110",-273.15
"22779","2025-17-106",24.6300000000001
"22780","2025-17-118",31.47
"22781","2025-17-103",-273.15
"22782","2025-17-117",-273.15
"22783","2025-17-102",18.91
"22784","2025-17-108",-273.15
"22785","2025-17-120",-273.15
"22786","2025-17-115",29.1900000000001
"22787","2025-17-107",26.61
"22788","2025-17-114",23.05
"22789","2025-17-119",-273.15
"22790","2025-17-104",24.77
"22791","2025-17-101",27.17
"22792","2025-17-109",31.31
"22793","2025-17-105",-273.15
"22794","2025-17-113",30.1900000000001
"22795","2025-17-116",22.53
"22796","2025-17-111",21.23
"22797","2025-18-201",25.1675
"22798","2025-18-205",28.4975
"22799","2025-18-203",29.605
"22800","2025-18-215",-6.94
"22801","2025-18-214",-7.51749999999998
"22802","2025-18-206",30.04
"22803","2025-18-209",-5.435
"22804","2025-18-207",27.225
"22805","2025-18-208",25.67
"22806","2025-18-216",28.4675
"22807","2025-18-210",-7.97249999999997
"22808","2025-18-204",27.5525000000001
"22809","2025-18-202",-273.15
"22810","2025-18-212",-236.305
"22811","2025-18-213",28.1275
"22812","2025-18-211",-273.15
"22813","2025-18-306",14.2575
"22814","2025-18-301",17.66
"22815","2025-18-308",17.5025
"22816","2025-18-304",-15.935
"22817","2025-18-303",29.47
"22818","2025-18-307",14.8375000000001
"22819","2025-18-302",-18.7875
"22820","2025-18-305",-14.64
"22821","2025-18-507",-234.225
"22822","2025-18-504",-234.14
"22823","2025-18-506",-234.455
"22824","2025-18-505",-234.185
"22825","2025-18-511",24.89
"22826","2025-18-510",29.0075000000001
"22827","2025-18-501",39.6775
"22828","2025-18-509",29.1575
"22829","2025-18-502",-234.6575
"22830","2025-18-503",36.925
"22831","2025-18-508",27.225
"22832","2025-18-402",21.6375000000001
"22833","2025-18-407",33.3325
"22834","2025-18-408",32.89
"22835","2025-18-401",15.4000000000001
"22836","2025-18-406",25.9775
"22837","2025-18-409",31.0575
"22838","2025-18-405",21.5425
"22839","2025-18-404",22.66
"22840","2025-18-403",29.665
"22841","2025-18-410",-9.82749999999999
"22842","2025-18-706",27.985
"22843","2025-18-701",22.1075
"22844","2025-18-705",-9.1275
"22845","2025-18-702",-6.64249999999998
"22846","2025-18-703",29.9675
"22847","2025-18-704",-12.9075
"22848","2025-18-603",26.165
"22849","2025-18-610",28.2750000000001
"22850","2025-18-608",25.525
"22851","2025-18-602",-7.28999999999991
"22852","2025-18-611",20.4675000000001
"22853","2025-18-607",-273.15
"22854","2025-18-604",20.4950000000001
"22855","2025-18-605",27.4775
"22856","2025-18-609",-11.7174999999999
"22857","2025-18-601",23.525
"22858","2025-18-606",-9.65249999999997
"22859","2025-18-112",24.4775000000001
"22860","2025-18-110",-8.58500000000004
"22861","2025-18-106",23.6675
"22862","2025-18-118",31.785
"22863","2025-18-103",-12.47
"22864","2025-18-117",-20.2575
"22865","2025-18-102",28.36
"22866","2025-18-108",-11.5775
"22867","2025-18-120",-14.92
"22868","2025-18-115",29.7675
"22869","2025-18-107",24.5450000000001
"22870","2025-18-114",24.275
"22871","2025-18-119",-6.01250000000005
"22872","2025-18-104",23.7025
"22873","2025-18-101",30.7575
"22874","2025-18-109",28.2125
"22875","2025-18-105",-14.3424999999999
"22876","2025-18-113",32.185
"22877","2025-18-116",25.5925
"22878","2025-18-111",19.515
"22879","2025-19-201",22.58
"22880","2025-19-205",28.41
"22881","2025-19-203",28.535
"22882","2025-19-215",-197.09
"22883","2025-19-214",-197.255
"22884","2025-19-206",27.225
"22885","2025-19-209",31.94
"22886","2025-19-207",27.8150000000001
"22887","2025-19-208",24.825
"22888","2025-19-216",-197.77
"22889","2025-19-210",-197.385
"22890","2025-19-204",29.22
"22891","2025-19-202",-273.15
"22892","2025-19-212",-273.15
"22893","2025-19-213",28.78
"22894","2025-19-211",-273.15
"22895","2025-19-306",18.655
"22896","2025-19-301",22.885
"22897","2025-19-308",19.34
"22898","2025-19-304",26.57
"22899","2025-19-303",-197.525
"22900","2025-19-307",-201.33
"22901","2025-19-302",-200.475
"22902","2025-19-305",26.94
"22903","2025-19-507",-273.15
"22904","2025-19-504",-273.15
"22905","2025-19-506",-273.15
"22906","2025-19-505",-273.15
"22907","2025-19-511",25.99
"22908","2025-19-510",23.61
"22909","2025-19-501",39.345
"22910","2025-19-509",27.295
"22911","2025-19-502",-273.15
"22912","2025-19-503",-195.635
"22913","2025-19-508",25.81
"22914","2025-19-402",20.385
"22915","2025-19-407",32.24
"22916","2025-19-408",30.01
"22917","2025-19-401",-201.08
"22918","2025-19-406",-198.375
"22919","2025-19-409",31.5250000000001
"22920","2025-19-405",-199.57
"22921","2025-19-404",21.91
"22922","2025-19-403",26.86
"22923","2025-19-410",-197.915
"22924","2025-19-706",23.63
"22925","2025-19-701",24.645
"22926","2025-19-705",-197.715
"22927","2025-19-702",-197.005
"22928","2025-19-703",29.9300000000001
"22929","2025-19-704",24.285
"22930","2025-19-603",26.545
"22931","2025-19-610",29.51
"22932","2025-19-608",25.2750000000001
"22933","2025-19-602",30.765
"22934","2025-19-611",-199.845
"22935","2025-19-607",-273.15
"22936","2025-19-604",24.34
"22937","2025-19-605",28.49
"22938","2025-19-609",28.645
"22939","2025-19-601",25.7200000000001
"22940","2025-19-606",28.605
"22941","2025-19-112",24.66
"22942","2025-19-110",27.3200000000001
"22943","2025-19-106",23.59
"22944","2025-19-118",30.315
"22945","2025-19-103",22.475
"22946","2025-19-117",17.79
"22947","2025-19-102",28.18
"22948","2025-19-108",-198.415
"22949","2025-19-120",20.125
"22950","2025-19-115",28.2300000000001
"22951","2025-19-107",26.155
"22952","2025-19-114",-198.75
"22953","2025-19-119",29.6000000000001
"22954","2025-19-104",25.26
"22955","2025-19-101",32.59
"22956","2025-19-109",28.355
"22957","2025-19-105",23.275
"22958","2025-19-113",31.975
"22959","2025-19-116",26.315
"22960","2025-19-111",-200.045
"22961","2025-20-201",22.775
"22962","2025-20-205",28.2875000000001
"22963","2025-20-203",29.01
"22964","2025-20-215",-84.7625
"22965","2025-20-214",-273.15
"22966","2025-20-206",26.8525000000001
"22967","2025-20-209",31.5625
"22968","2025-20-207",27.9500000000001
"22969","2025-20-208",24.955
"22970","2025-20-216",-273.15
"22971","2025-20-210",-273.15
"22972","2025-20-204",29.2675
"22973","2025-20-202",-273.15
"22974","2025-20-212",-273.15
"22975","2025-20-213",-159.825
"22976","2025-20-211",-273.15
"22977","2025-20-306",14.085
"22978","2025-20-301",22.2325
"22979","2025-20-308",20.135
"22980","2025-20-304",28.015
"22981","2025-20-303",-273.15
"22982","2025-20-307",-94.75
"22983","2025-20-302",-91.0125
"22984","2025-20-305",26.4025
"22985","2025-20-507",-82.9625
"22986","2025-20-504",-83.625
"22987","2025-20-506",-83.475
"22988","2025-20-505",-84.0875
"22989","2025-20-511",27.2700000000001
"22990","2025-20-510",25.5775
"22991","2025-20-501",33.4425
"22992","2025-20-509",-160.6725
"22993","2025-20-502",-84.5749999999999
"22994","2025-20-503",-84.125
"22995","2025-20-508",-161.2425
"22996","2025-20-402",19.2075000000001
"22997","2025-20-407",31.8175000000001
"22998","2025-20-408",30.6625000000001
"22999","2025-20-401",-273.15
"23000","2025-20-406",-87.3375
"23001","2025-20-409",32.4625
"23002","2025-20-405",-86.6625
"23003","2025-20-404",23.265
"23004","2025-20-403",27.57
"23005","2025-20-410",-85.5875
"23006","2025-20-706",-162.405
"23007","2025-20-701",23.5225
"23008","2025-20-705",-84.4875
"23009","2025-20-702",-273.15
"23010","2025-20-703",28.4375
"23011","2025-20-704",24.2525
"23012","2025-20-603",26.0950000000001
"23013","2025-20-610",28.7075
"23014","2025-20-608",-161.25
"23015","2025-20-602",30.84
"23016","2025-20-611",-86.9
"23017","2025-20-607",-273.15
"23018","2025-20-604",25.71
"23019","2025-20-605",27.59
"23020","2025-20-609",29.725
"23021","2025-20-601",26.79
"23022","2025-20-606",27.66
"23023","2025-20-112",24.6750000000001
"23024","2025-20-110",26.115
"23025","2025-20-106",22.8225
"23026","2025-20-118",27.6475
"23027","2025-20-103",23.66
"23028","2025-20-117",17.755
"23029","2025-20-102",28.2825
"23030","2025-20-108",-273.15
"23031","2025-20-120",19.7975
"23032","2025-20-115",26.265
"23033","2025-20-107",25.5275
"23034","2025-20-114",-86.7624999999999
"23035","2025-20-119",30.6125
"23036","2025-20-104",25.0925
"23037","2025-20-101",32.905
"23038","2025-20-109",28.825
"23039","2025-20-105",23.8775
"23040","2025-20-113",32.7975
"23041","2025-20-116",25.86
"23042","2025-20-111",-273.15
"23043","2025-21-201",-124.94
"23044","2025-21-205",25.11
"23045","2025-21-203",26.72
"23046","2025-21-215",-122.44
"23047","2025-21-214",-273.15
"23048","2025-21-206",-122.98
"23049","2025-21-209",31.16
"23050","2025-21-207",-122.54
"23051","2025-21-208",-124.03
"23052","2025-21-216",-273.15
"23053","2025-21-210",-273.15
"23054","2025-21-204",29
"23055","2025-21-202",-273.15
"23056","2025-21-212",-273.15
"23057","2025-21-213",-273.15
"23058","2025-21-211",-273.15
"23059","2025-21-306",-131.43
"23060","2025-21-301",19.79
"23061","2025-21-308",18.19
"23062","2025-21-304",27.18
"23063","2025-21-303",-273.15
"23064","2025-21-307",10.69
"23065","2025-21-302",18.02
"23066","2025-21-305",-124
"23067","2025-21-507",31.57
"23068","2025-21-504",-121.53
"23069","2025-21-506",-121.41
"23070","2025-21-505",29.72
"23071","2025-21-511",27.6600000000001
"23072","2025-21-510",27.76
"23073","2025-21-501",-121.62
"23074","2025-21-509",-123.81
"23075","2025-21-502",27.4900000000001
"23076","2025-21-503",29.23
"23077","2025-21-508",-273.15
"23078","2025-21-402",-127.2
"23079","2025-21-407",-120.7
"23080","2025-21-408",-120.76
"23081","2025-21-401",-273.15
"23082","2025-21-406",-124.5
"23083","2025-21-409",-120.13
"23084","2025-21-405",-123.96
"23085","2025-21-404",-124.53
"23086","2025-21-403",-122.31
"23087","2025-21-410",25.92
"23088","2025-21-706",-123.81
"23089","2025-21-701",-125.38
"23090","2025-21-705",-122.22
"23091","2025-21-702",-273.15
"23092","2025-21-703",-122.75
"23093","2025-21-704",-124.46
"23094","2025-21-603",-123.7
"23095","2025-21-610",27.1000000000001
"23096","2025-21-608",-273.15
"23097","2025-21-602",30.79
"23098","2025-21-611",25.64
"23099","2025-21-607",-273.15
"23100","2025-21-604",25.55
"23101","2025-21-605",27.94
"23102","2025-21-609",29.45
"23103","2025-21-601",27.43
"23104","2025-21-606",26.94
"23105","2025-21-112",24.3700000000001
"23106","2025-21-110",-123.69
"23107","2025-21-106",17.56
"23108","2025-21-118",-123.4
"23109","2025-21-103",22.14
"23110","2025-21-117",17.15
"23111","2025-21-102",-122.25
"23112","2025-21-108",-273.15
"23113","2025-21-120",19.78
"23114","2025-21-115",-123.87
"23115","2025-21-107",22.69
"23116","2025-21-114",-124.04
"23117","2025-21-119",32.42
"23118","2025-21-104",24.95
"23119","2025-21-101",-120.16
"23120","2025-21-109",-122.08
"23121","2025-21-105",24.32
"23122","2025-21-113",-119.88
"23123","2025-21-116",25.6400000000001
"23124","2025-21-111",-273.15
"23125","2025-22-201",-160.815
"23126","2025-22-205",23.38
"23127","2025-22-203",25.7125000000001
"23128","2025-22-215",-159.9
"23129","2025-22-214",-273.15
"23130","2025-22-206",-160.4175
"23131","2025-22-209",30.5325
"23132","2025-22-207",-160.545
"23133","2025-22-208",-160.44
"23134","2025-22-216",-159.4275
"23135","2025-22-210",-273.15
"23136","2025-22-204",-84.3
"23137","2025-22-202",-161.76
"23138","2025-22-212",-161.7525
"23139","2025-22-213",-160.1025
"23140","2025-22-211",-162.795
"23141","2025-22-306",-161.535
"23142","2025-22-301",20.76
"23143","2025-22-308",18.5325
"23144","2025-22-304",27.2525000000001
"23145","2025-22-303",-159.4125
"23146","2025-22-307",13.785
"23147","2025-22-302",19.1125
"23148","2025-22-305",-160.1925
"23149","2025-22-507",30.2275
"23150","2025-22-504",-273.15
"23151","2025-22-506",-160.6575
"23152","2025-22-505",28.785
"23153","2025-22-511",27.0300000000001
"23154","2025-22-510",27.6325
"23155","2025-22-501",-273.15
"23156","2025-22-509",26.295
"23157","2025-22-502",26.74
"23158","2025-22-503",28.7875
"23159","2025-22-508",-162.03
"23160","2025-22-402",-161.82
"23161","2025-22-407",-158.715
"23162","2025-22-408",-159.1875
"23163","2025-22-401",-162.9375
"23164","2025-22-406",-160.23
"23165","2025-22-409",-158.37
"23166","2025-22-405",-160.8225
"23167","2025-22-404",-162.2175
"23168","2025-22-403",-159.6975
"23169","2025-22-410",26.2175
"23170","2025-22-706",27.315
"23171","2025-22-701",-162.135
"23172","2025-22-705",-158.9775
"23173","2025-22-702",-159.1875
"23174","2025-22-703",-159.135
"23175","2025-22-704",-162.6075
"23176","2025-22-603",-161.97
"23177","2025-22-610",27.1875000000001
"23178","2025-22-608",-161.64
"23179","2025-22-602",29.99
"23180","2025-22-611",-85.9125
"23181","2025-22-607",-273.15
"23182","2025-22-604",25.075
"23183","2025-22-605",27.66
"23184","2025-22-609",-84.2249999999999
"23185","2025-22-601",27.605
"23186","2025-22-606",-85.6125
"23187","2025-22-112",-87.4
"23188","2025-22-110",-160.7325
"23189","2025-22-106",17.0075
"23190","2025-22-118",-158.13
"23191","2025-22-103",21.7525
"23192","2025-22-117",15.5625
"23193","2025-22-102",-159.87
"23194","2025-22-108",-160.365
"23195","2025-22-120",19.0275
"23196","2025-22-115",-158.6475
"23197","2025-22-107",21.8625
"23198","2025-22-114",-160.515
"23199","2025-22-119",32.0825
"23200","2025-22-104",-86.6499999999999
"23201","2025-22-101",-158.205
"23202","2025-22-109",-160.68
"23203","2025-22-105",24.47
"23204","2025-22-113",-157.74
"23205","2025-22-116",25.2775000000001
"23206","2025-22-111",-161.94
"23207","2025-23-201",24.955
"23208","2025-23-205",25.83
"23209","2025-23-203",27.87
"23210","2025-23-215",-46.65
"23211","2025-23-214",-273.15
"23212","2025-23-206",26.33
"23213","2025-23-209",-45.7349999999999
"23214","2025-23-207",25.9250000000001
"23215","2025-23-208",25.455
"23216","2025-23-216",-45.705
"23217","2025-23-210",-273.15
"23218","2025-23-204",-197.62
"23219","2025-23-202",-50.37
"23220","2025-23-212",-50.355
"23221","2025-23-213",-47.055
"23222","2025-23-211",-52.4399999999999
"23223","2025-23-306",23.435
"23224","2025-23-301",23.53
"23225","2025-23-308",21.99
"23226","2025-23-304",27.66
"23227","2025-23-303",29.085
"23228","2025-23-307",-52.08
"23229","2025-23-302",-52.275
"23230","2025-23-305",-47.2349999999999
"23231","2025-23-507",-47.82
"23232","2025-23-504",-197.56
"23233","2025-23-506",-48.165
"23234","2025-23-505",-48.33
"23235","2025-23-511",26.21
"23236","2025-23-510",27.3850000000001
"23237","2025-23-501",-273.15
"23238","2025-23-509",27.2050000000001
"23239","2025-23-502",27.625
"23240","2025-23-503",-47.175
"23241","2025-23-508",-50.91
"23242","2025-23-402",22.73
"23243","2025-23-407",31.04
"23244","2025-23-408",31.1950000000001
"23245","2025-23-401",-52.7249999999999
"23246","2025-23-406",27.36
"23247","2025-23-409",33.03
"23248","2025-23-405",-48.495
"23249","2025-23-404",22.06
"23250","2025-23-403",29.48
"23251","2025-23-410",-46.965
"23252","2025-23-706",29.84
"23253","2025-23-701",23.355
"23254","2025-23-705",30.855
"23255","2025-23-702",29.8300000000001
"23256","2025-23-703",30.68
"23257","2025-23-704",22.5450000000001
"23258","2025-23-603",24.07
"23259","2025-23-610",28.6500000000001
"23260","2025-23-608",24.02
"23261","2025-23-602",-46.695
"23262","2025-23-611",-273.15
"23263","2025-23-607",-273.15
"23264","2025-23-604",24.72
"23265","2025-23-605",25.66
"23266","2025-23-609",-273.15
"23267","2025-23-601",-48.09
"23268","2025-23-606",-197.97
"23269","2025-23-112",-273.15
"23270","2025-23-110",26.5950000000001
"23271","2025-23-106",23.6100000000001
"23272","2025-23-118",33.0300000000001
"23273","2025-23-103",24.58
"23274","2025-23-117",13.2950000000001
"23275","2025-23-102",28.725
"23276","2025-23-108",-47.58
"23277","2025-23-120",18.045
"23278","2025-23-115",31.8900000000001
"23279","2025-23-107",24.025
"23280","2025-23-114",-47.88
"23281","2025-23-119",29.9
"23282","2025-23-104",-273.15
"23283","2025-23-101",33.06
"23284","2025-23-109",25.845
"23285","2025-23-105",-50.01
"23286","2025-23-113",34.135
"23287","2025-23-116",-49.92
"23288","2025-23-111",-50.73
"23289","2025-24-201",21.1875
"23290","2025-24-205",-11.2799999999999
"23291","2025-24-203",26.2725000000001
"23292","2025-24-215",-273.15
"23293","2025-24-214",-273.15
"23294","2025-24-206",23.47
"23295","2025-24-209",-235.2025
"23296","2025-24-207",23.2775
"23297","2025-24-208",20.395
"23298","2025-24-216",-273.15
"23299","2025-24-210",-273.15
"23300","2025-24-204",-8.795
"23301","2025-24-202",-273.15
"23302","2025-24-212",-236.3575
"23303","2025-24-213",-273.15
"23304","2025-24-211",-273.15
"23305","2025-24-306",20.325
"23306","2025-24-301",22.1375
"23307","2025-24-308",20.795
"23308","2025-24-304",25.9225
"23309","2025-24-303",-11.49
"23310","2025-24-307",-273.15
"23311","2025-24-302",-236.34
"23312","2025-24-305",-235.5425
"23313","2025-24-507",-235.455
"23314","2025-24-504",29.0875
"23315","2025-24-506",-235.3825
"23316","2025-24-505",-236.2675
"23317","2025-24-511",-10.475
"23318","2025-24-510",-10.6675
"23319","2025-24-501",-273.15
"23320","2025-24-509",25.975
"23321","2025-24-502",-9.09249999999991
"23322","2025-24-503",-235.6125
"23323","2025-24-508",-273.15
"23324","2025-24-402",-16.88
"23325","2025-24-407",28.3425000000001
"23326","2025-24-408",31.8375
"23327","2025-24-401",-273.15
"23328","2025-24-406",-11.805
"23329","2025-24-409",-4.98
"23330","2025-24-405",-273.15
"23331","2025-24-404",-16.4425
"23332","2025-24-403",-8.11249999999991
"23333","2025-24-410",-273.15
"23334","2025-24-706",-9.215
"23335","2025-24-701",-12.4874999999999
"23336","2025-24-705",-8.34
"23337","2025-24-702",-10.4574999999999
"23338","2025-24-703",-7.85
"23339","2025-24-704",25.28
"23340","2025-24-603",26.2925
"23341","2025-24-610",27.96
"23342","2025-24-608",-13.625
"23343","2025-24-602",-273.15
"23344","2025-24-611",-235.775
"23345","2025-24-607",-273.15
"23346","2025-24-604",-11.5425
"23347","2025-24-605",26.385
"23348","2025-24-609",-235.8325
"23349","2025-24-601",-235.665
"23350","2025-24-606",-10.0199999999999
"23351","2025-24-112",-273.15
"23352","2025-24-110",-10.965
"23353","2025-24-106",21.6825
"23354","2025-24-118",-6.66
"23355","2025-24-103",-15.2875
"23356","2025-24-117",-22.3925
"23357","2025-24-102",27.24
"23358","2025-24-108",-273.15
"23359","2025-24-120",17.4875
"23360","2025-24-115",-7.0275
"23361","2025-24-107",-12.9249999999999
"23362","2025-24-114",-273.15
"23363","2025-24-119",28.63
"23364","2025-24-104",-236.0125
"23365","2025-24-101",-6.02999999999991
"23366","2025-24-109",-13.9574999999999
"23367","2025-24-105",-273.15
"23368","2025-24-113",-5.52249999999999
"23369","2025-24-116",-235.6875
"23370","2025-24-111",-273.15
"23371","2025-25-201",25.37
"23372","2025-25-205",-273.15
"23373","2025-25-203",27.27
"23374","2025-25-215",-273.15
"23375","2025-25-214",-273.15
"23376","2025-25-206",27.39
"23377","2025-25-209",30.43
"23378","2025-25-207",30.05
"23379","2025-25-208",26.03
"23380","2025-25-216",-273.15
"23381","2025-25-210",-273.15
"23382","2025-25-204",-273.15
"23383","2025-25-202",-273.15
"23384","2025-25-212",21.1900000000001
"23385","2025-25-213",-273.15
"23386","2025-25-211",-273.15
"23387","2025-25-306",20.71
"23388","2025-25-301",22.47
"23389","2025-25-308",22.51
"23390","2025-25-304",26.99
"23391","2025-25-303",-273.15
"23392","2025-25-307",-273.15
"23393","2025-25-302",21.33
"23394","2025-25-305",27.71
"23395","2025-25-507",28.41
"23396","2025-25-504",28.23
"23397","2025-25-506",28.99
"23398","2025-25-505",21.91
"23399","2025-25-511",-273.15
"23400","2025-25-510",-273.15
"23401","2025-25-501",-273.15
"23402","2025-25-509",25.03
"23403","2025-25-502",-273.15
"23404","2025-25-503",27.15
"23405","2025-25-508",-273.15
"23406","2025-25-402",-273.15
"23407","2025-25-407",29.83
"23408","2025-25-408",26.99
"23409","2025-25-401",-273.15
"23410","2025-25-406",-273.15
"23411","2025-25-409",-273.15
"23412","2025-25-405",-273.15
"23413","2025-25-404",-273.15
"23414","2025-25-403",-273.15
"23415","2025-25-410",-273.15
"23416","2025-25-706",-273.15
"23417","2025-25-701",-273.15
"23418","2025-25-705",-273.15
"23419","2025-25-702",-273.15
"23420","2025-25-703",-273.15
"23421","2025-25-704",25.21
"23422","2025-25-603",26.31
"23423","2025-25-610",25.23
"23424","2025-25-608",-273.15
"23425","2025-25-602",-273.15
"23426","2025-25-611",25.85
"23427","2025-25-607",-273.15
"23428","2025-25-604",-273.15
"23429","2025-25-605",26.21
"23430","2025-25-609",25.39
"23431","2025-25-601",26.73
"23432","2025-25-606",-273.15
"23433","2025-25-112",-273.15
"23434","2025-25-110",-273.15
"23435","2025-25-106",17.85
"23436","2025-25-118",-273.15
"23437","2025-25-103",-273.15
"23438","2025-25-117",-273.15
"23439","2025-25-102",21.15
"23440","2025-25-108",-273.15
"23441","2025-25-120",14.53
"23442","2025-25-115",-273.15
"23443","2025-25-107",-273.15
"23444","2025-25-114",-273.15
"23445","2025-25-119",29.61
"23446","2025-25-104",23.95
"23447","2025-25-101",-273.15
"23448","2025-25-109",-273.15
"23449","2025-25-105",-273.15
"23450","2025-25-113",-273.15
"23451","2025-25-116",26.55
"23452","2025-25-111",-273.15
"23453","2025-26-201",23.83
"23454","2025-26-205",-11.42
"23455","2025-26-203",27.235
"23456","2025-26-215",-273.15
"23457","2025-26-214",-273.15
"23458","2025-26-206",24.8525
"23459","2025-26-209",28.8550000000001
"23460","2025-26-207",-235.25
"23461","2025-26-208",24.525
"23462","2025-26-216",-273.15
"23463","2025-26-210",-273.15
"23464","2025-26-204",-10.755
"23465","2025-26-202",-273.15
"23466","2025-26-212",-236.3575
"23467","2025-26-213",-273.15
"23468","2025-26-211",-273.15
"23469","2025-26-306",18.1375
"23470","2025-26-301",21.945
"23471","2025-26-308",20.3750000000001
"23472","2025-26-304",26.465
"23473","2025-26-303",-8.51499999999999
"23474","2025-26-307",-273.15
"23475","2025-26-302",19.825
"23476","2025-26-305",23.5975
"23477","2025-26-507",27.2900000000001
"23478","2025-26-504",26.7075
"23479","2025-26-506",-235.3825
"23480","2025-26-505",27.0725
"23481","2025-26-511",-13.9925
"23482","2025-26-510",-13.345
"23483","2025-26-501",-8.84749999999997
"23484","2025-26-509",25.03
"23485","2025-26-502",-12.6625
"23486","2025-26-503",26.52
"23487","2025-26-508",-273.15
"23488","2025-26-402",-17.055
"23489","2025-26-407",28.57
"23490","2025-26-408",28.5825
"23491","2025-26-401",-24.1075
"23492","2025-26-406",-273.15
"23493","2025-26-409",-7.58749999999998
"23494","2025-26-405",-273.15
"23495","2025-26-404",-14.6575
"23496","2025-26-403",-9.18000000000001
"23497","2025-26-410",-273.15
"23498","2025-26-706",-273.15
"23499","2025-26-701",-14.3424999999999
"23500","2025-26-705",-9.28499999999997
"23501","2025-26-702",-273.15
"23502","2025-26-703",-8.35749999999996
"23503","2025-26-704",25.6475
"23504","2025-26-603",-235.7175
"23505","2025-26-610",28.3275
"23506","2025-26-608",-273.15
"23507","2025-26-602",-273.15
"23508","2025-26-611",26.1825
"23509","2025-26-607",-273.15
"23510","2025-26-604",-12.6975
"23511","2025-26-605",24.4950000000001
"23512","2025-26-609",26.51
"23513","2025-26-601",26.275
"23514","2025-26-606",-9.70499999999998
"23515","2025-26-112",-15.4975
"23516","2025-26-110",-14.4825
"23517","2025-26-106",22.33
"23518","2025-26-118",-5.5575
"23519","2025-26-103",-16.6525
"23520","2025-26-117",-20.9574999999999
"23521","2025-26-102",24.9825
"23522","2025-26-108",-11.9625
"23523","2025-26-120",19.2725
"23524","2025-26-115",-7.6225
"23525","2025-26-107",-10.8775
"23526","2025-26-114",-12.435
"23527","2025-26-119",-235.305
"23528","2025-26-104",22.5325
"23529","2025-26-101",-9.1275
"23530","2025-26-109",-10.86
"23531","2025-26-105",-14.6225
"23532","2025-26-113",-4.13999999999999
"23533","2025-26-116",23.2425
"23534","2025-26-111",-273.15
"23535","2025-27-201",24.3
"23536","2025-27-205",26.06
"23537","2025-27-203",27.68
"23538","2025-27-215",-273.15
"23539","2025-27-214",-47.91
"23540","2025-27-206",24.25
"23541","2025-27-209",28.015
"23542","2025-27-207",-48.795
"23543","2025-27-208",23.665
"23544","2025-27-216",-47.745
"23545","2025-27-210",-50.1449999999999
"23546","2025-27-204",26.67
"23547","2025-27-202",-273.15
"23548","2025-27-212",-57.075
"23549","2025-27-213",-273.15
"23550","2025-27-211",-52.8149999999999
"23551","2025-27-306",20.68
"23552","2025-27-301",22.305
"23553","2025-27-308",17.61
"23554","2025-27-304",25.595
"23555","2025-27-303",28.7500000000001
"23556","2025-27-307",-57.42
"23557","2025-27-302",17.0900000000001
"23558","2025-27-305",23.685
"23559","2025-27-507",27.58
"23560","2025-27-504",28.275
"23561","2025-27-506",-46.845
"23562","2025-27-505",27.2550000000001
"23563","2025-27-511",25.4450000000001
"23564","2025-27-510",23.965
"23565","2025-27-501",28.475
"23566","2025-27-509",25.4800000000001
"23567","2025-27-502",26.605
"23568","2025-27-503",27.675
"23569","2025-27-508",-51.54
"23570","2025-27-402",21.42
"23571","2025-27-407",29.7850000000001
"23572","2025-27-408",29.815
"23573","2025-27-401",15.88
"23574","2025-27-406",-49.5
"23575","2025-27-409",29.795
"23576","2025-27-405",-52.125
"23577","2025-27-404",23.7550000000001
"23578","2025-27-403",26.835
"23579","2025-27-410",-48.7349999999999
"23580","2025-27-706",-49.575
"23581","2025-27-701",22.57
"23582","2025-27-705",-197.76
"23583","2025-27-702",-273.15
"23584","2025-27-703",-197.495
"23585","2025-27-704",22.905
"23586","2025-27-603",-48.945
"23587","2025-27-610",27.9600000000001
"23588","2025-27-608",-50.205
"23589","2025-27-602",-47.4
"23590","2025-27-611",26.215
"23591","2025-27-607",-273.15
"23592","2025-27-604",23.55
"23593","2025-27-605",24.355
"23594","2025-27-609",28.65
"23595","2025-27-601",26.84
"23596","2025-27-606",28.32
"23597","2025-27-112",23.29
"23598","2025-27-110",25.77
"23599","2025-27-106",22.235
"23600","2025-27-118",27.45
"23601","2025-27-103",21.73
"23602","2025-27-117",14.305
"23603","2025-27-102",27.09
"23604","2025-27-108",24.225
"23605","2025-27-120",18.33
"23606","2025-27-115",30.37
"23607","2025-27-107",25.4500000000001
"23608","2025-27-114",25.02
"23609","2025-27-119",-45.06
"23610","2025-27-104",23.005
"23611","2025-27-101",31.08
"23612","2025-27-109",27.21
"23613","2025-27-105",21.635
"23614","2025-27-113",30.3
"23615","2025-27-116",22.56
"23616","2025-27-111",-273.15
"23617","2025-28-201",25.355
"23618","2025-28-205",26.2275
"23619","2025-28-203",28.8925
"23620","2025-28-215",-273.15
"23621","2025-28-214",-160.53
"23622","2025-28-206",26.7075
"23623","2025-28-209",29.16
"23624","2025-28-207",27.0275
"23625","2025-28-208",25.0125
"23626","2025-28-216",28.1650000000001
"23627","2025-28-210",26.565
"23628","2025-28-204",27.6875
"23629","2025-28-202",-273.15
"23630","2025-28-212",17.625
"23631","2025-28-213",-273.15
"23632","2025-28-211",21.3175
"23633","2025-28-306",21.1625
"23634","2025-28-301",21.9625
"23635","2025-28-308",18.0275
"23636","2025-28-304",25.3925
"23637","2025-28-303",28.3325000000001
"23638","2025-28-307",15.4525
"23639","2025-28-302",17.9375
"23640","2025-28-305",25.0475
"23641","2025-28-507",29.3425
"23642","2025-28-504",30.5325
"23643","2025-28-506",30.015
"23644","2025-28-505",27.2075
"23645","2025-28-511",26.6375
"23646","2025-28-510",26.18
"23647","2025-28-501",29.655
"23648","2025-28-509",26.9175000000001
"23649","2025-28-502",27.615
"23650","2025-28-503",28.69
"23651","2025-28-508",23.505
"23652","2025-28-402",22.35
"23653","2025-28-407",30.5375
"23654","2025-28-408",30.3625
"23655","2025-28-401",16.0375000000001
"23656","2025-28-406",23.8
"23657","2025-28-409",29.81
"23658","2025-28-405",22.1125
"23659","2025-28-404",25.5875
"23660","2025-28-403",26.9325
"23661","2025-28-410",27.7450000000001
"23662","2025-28-706",27.825
"23663","2025-28-701",22.5875
"23664","2025-28-705",-85.1624999999999
"23665","2025-28-702",-84.4875
"23666","2025-28-703",-84
"23667","2025-28-704",22.7575
"23668","2025-28-603",26.515
"23669","2025-28-610",27.84
"23670","2025-28-608",25.61
"23671","2025-28-602",29.75
"23672","2025-28-611",26.61
"23673","2025-28-607",-273.15
"23674","2025-28-604",24.4675
"23675","2025-28-605",26.24
"23676","2025-28-609",28.9975
"23677","2025-28-601",27.8125
"23678","2025-28-606",27.0750000000001
"23679","2025-28-112",24.6500000000001
"23680","2025-28-110",24.7325
"23681","2025-28-106",22.44
"23682","2025-28-118",28.5100000000001
"23683","2025-28-103",21.2725
"23684","2025-28-117",17.2
"23685","2025-28-102",25.7225
"23686","2025-28-108",24.175
"23687","2025-28-120",19.5775
"23688","2025-28-115",28.44
"23689","2025-28-107",26.845
"23690","2025-28-114",24.8025000000001
"23691","2025-28-119",30.5325
"23692","2025-28-104",25.2425
"23693","2025-28-101",31.285
"23694","2025-28-109",26.5225
"23695","2025-28-105",23.86
"23696","2025-28-113",29.47
"23697","2025-28-116",25.0275
"23698","2025-28-111",-273.15
"23699","2025-29-201",22.9900000000001
"23700","2025-29-205",26.86
"23701","2025-29-203",-121.81
"23702","2025-29-215",-273.15
"23703","2025-29-214",-273.15
"23704","2025-29-206",-122.46
"23705","2025-29-209",29.4
"23706","2025-29-207",28.13
"23707","2025-29-208",-123.6
"23708","2025-29-216",27.01
"23709","2025-29-210",-122.58
"23710","2025-29-204",27.7
"23711","2025-29-202",-273.15
"23712","2025-29-212",-126.96
"23713","2025-29-213",-273.15
"23714","2025-29-211",-125.71
"23715","2025-29-306",17.69
"23716","2025-29-301",20.35
"23717","2025-29-308",16.93
"23718","2025-29-304",24.23
"23719","2025-29-303",-122.48
"23720","2025-29-307",-128.56
"23721","2025-29-302",17.95
"23722","2025-29-305",24.37
"23723","2025-29-507",30.54
"23724","2025-29-504",29.87
"23725","2025-29-506",29.27
"23726","2025-29-505",25.56
"23727","2025-29-511",27.02
"23728","2025-29-510",25.87
"23729","2025-29-501",29.08
"23730","2025-29-509",27.4100000000001
"23731","2025-29-502",27.57
"23732","2025-29-503",29.05
"23733","2025-29-508",23.54
"23734","2025-29-402",-125.31
"23735","2025-29-407",-121.22
"23736","2025-29-408",31.14
"23737","2025-29-401",-128.95
"23738","2025-29-406",-125.05
"23739","2025-29-409",31.1
"23740","2025-29-405",20.73
"23741","2025-29-404",-123.38
"23742","2025-29-403",28.58
"23743","2025-29-410",-122.2
"23744","2025-29-706",29.26
"23745","2025-29-701",-125.27
"23746","2025-29-705",-122.76
"23747","2025-29-702",-122.22
"23748","2025-29-703",29.11
"23749","2025-29-704",22.4600000000001
"23750","2025-29-603",25.81
"23751","2025-29-610",27.65
"23752","2025-29-608",-123.32
"23753","2025-29-602",30.2300000000001
"23754","2025-29-611",25.7100000000001
"23755","2025-29-607",-273.15
"23756","2025-29-604",24.26
"23757","2025-29-605",27.47
"23758","2025-29-609",28.45
"23759","2025-29-601",25.9800000000001
"23760","2025-29-606",-123.45
"23761","2025-29-112",26.5
"23762","2025-29-110",-124.85
"23763","2025-29-106",20.72
"23764","2025-29-118",-121.48
"23765","2025-29-103",19.54
"23766","2025-29-117",-127.03
"23767","2025-29-102",27.12
"23768","2025-29-108",-124.39
"23769","2025-29-120",19.99
"23770","2025-29-115",-122.94
"23771","2025-29-107",25.28
"23772","2025-29-114",22.7100000000001
"23773","2025-29-119",28.65
"23774","2025-29-104",25.04
"23775","2025-29-101",31.4
"23776","2025-29-109",25.45
"23777","2025-29-105",22.8
"23778","2025-29-113",31.52
"23779","2025-29-116",25.88
"23780","2025-29-111",-273.15
"23781","2025-30-201",18.4725000000001
"23782","2025-30-205",-85.3
"23783","2025-30-203",-273.15
"23784","2025-30-215",-273.15
"23785","2025-30-214",-160.5375
"23786","2025-30-206",-273.15
"23787","2025-30-209",29.3475
"23788","2025-30-207",-84.55
"23789","2025-30-208",-273.15
"23790","2025-30-216",25.3
"23791","2025-30-210",-160.5375
"23792","2025-30-204",26.775
"23793","2025-30-202",-273.15
"23794","2025-30-212",-273.15
"23795","2025-30-213",-273.15
"23796","2025-30-211",-163.29
"23797","2025-30-306",-93.3625
"23798","2025-30-301",-90.5375
"23799","2025-30-308",-93
"23800","2025-30-304",-88.0375
"23801","2025-30-303",-273.15
"23802","2025-30-307",-165.45
"23803","2025-30-302",-91.8375
"23804","2025-30-305",21.435
"23805","2025-30-507",29.885
"23806","2025-30-504",29.545
"23807","2025-30-506",-85.1375
"23808","2025-30-505",26.1775
"23809","2025-30-511",26.9
"23810","2025-30-510",23.28
"23811","2025-30-501",29.195
"23812","2025-30-509",26.5600000000001
"23813","2025-30-502",27.435
"23814","2025-30-503",29.185
"23815","2025-30-508",-88.1375
"23816","2025-30-402",-273.15
"23817","2025-30-407",-273.15
"23818","2025-30-408",-82.5625
"23819","2025-30-401",-273.15
"23820","2025-30-406",-273.15
"23821","2025-30-409",-82.2625
"23822","2025-30-405",-90.55
"23823","2025-30-404",-273.15
"23824","2025-30-403",-83.7875
"23825","2025-30-410",-160.1175
"23826","2025-30-706",-84.325
"23827","2025-30-701",-167.745
"23828","2025-30-705",-160.5075
"23829","2025-30-702",-159.8325
"23830","2025-30-703",27.6725
"23831","2025-30-704",22.3500000000001
"23832","2025-30-603",-87.0125
"23833","2025-30-610",27.505
"23834","2025-30-608",-273.15
"23835","2025-30-602",29.5700000000001
"23836","2025-30-611",-87.0749999999999
"23837","2025-30-607",-273.15
"23838","2025-30-604",-87.8625
"23839","2025-30-605",25.685
"23840","2025-30-609",-84.875
"23841","2025-30-601",27.5225000000001
"23842","2025-30-606",-161.13
"23843","2025-30-112",26.1075
"23844","2025-30-110",-273.15
"23845","2025-30-106",-90.725
"23846","2025-30-118",-273.15
"23847","2025-30-103",18.5275
"23848","2025-30-117",-166.335
"23849","2025-30-102",-83.9
"23850","2025-30-108",-273.15
"23851","2025-30-120",18.0325
"23852","2025-30-115",-273.15
"23853","2025-30-107",23.3475
"23854","2025-30-114",-89.4375
"23855","2025-30-119",-85.5375
"23856","2025-30-104",-87.6624999999999
"23857","2025-30-101",-82.5
"23858","2025-30-109",-86.8625
"23859","2025-30-105",21.215
"23860","2025-30-113",-81.6375
"23861","2025-30-116",-86.675
"23862","2025-30-111",-273.15
"23863","2025-31-201",18.205
"23864","2025-31-205",-197.7
"23865","2025-31-203",-197.6
"23866","2025-31-215",-273.15
"23867","2025-31-214",-47.925
"23868","2025-31-206",-198.06
"23869","2025-31-209",30.475
"23870","2025-31-207",-197.84
"23871","2025-31-208",-198.18
"23872","2025-31-216",26.165
"23873","2025-31-210",27.32
"23874","2025-31-204",26.8650000000001
"23875","2025-31-202",-273.15
"23876","2025-31-212",-199.39
"23877","2025-31-213",-273.15
"23878","2025-31-211",20.215
"23879","2025-31-306",-199.585
"23880","2025-31-301",-199.445
"23881","2025-31-308",-199.825
"23882","2025-31-304",-198.135
"23883","2025-31-303",-197.415
"23884","2025-31-307",14.595
"23885","2025-31-302",-200.195
"23886","2025-31-305",20.23
"23887","2025-31-507",28.315
"23888","2025-31-504",31.665
"23889","2025-31-506",-197.355
"23890","2025-31-505",30.215
"23891","2025-31-511",26.4
"23892","2025-31-510",23.1200000000001
"23893","2025-31-501",31.805
"23894","2025-31-509",25.835
"23895","2025-31-502",27.95
"23896","2025-31-503",28.975
"23897","2025-31-508",-199.015
"23898","2025-31-402",-199.18
"23899","2025-31-407",-196.9
"23900","2025-31-408",-196.965
"23901","2025-31-401",-200.69
"23902","2025-31-406",-198.565
"23903","2025-31-409",-196.73
"23904","2025-31-405",-198.785
"23905","2025-31-404",-198.43
"23906","2025-31-403",-197.72
"23907","2025-31-410",28.435
"23908","2025-31-706",-197.39
"23909","2025-31-701",11.7
"23910","2025-31-705",27.505
"23911","2025-31-702",29.1
"23912","2025-31-703",26.915
"23913","2025-31-704",23.565
"23914","2025-31-603",-198.395
"23915","2025-31-610",27.675
"23916","2025-31-608",-198.99
"23917","2025-31-602",29.9800000000001
"23918","2025-31-611",-198.41
"23919","2025-31-607",-273.15
"23920","2025-31-604",-198.51
"23921","2025-31-605",23.935
"23922","2025-31-609",-198.05
"23923","2025-31-601",32.295
"23924","2025-31-606",26.2200000000001
"23925","2025-31-112",23.3550000000001
"23926","2025-31-110",-198.785
"23927","2025-31-106",-199.215
"23928","2025-31-118",-196.805
"23929","2025-31-103",19.7150000000001
"23930","2025-31-117",13.2350000000001
"23931","2025-31-102",-197.84
"23932","2025-31-108",-198.61
"23933","2025-31-120",17.225
"23934","2025-31-115",-197.54
"23935","2025-31-107",25
"23936","2025-31-114",-198.64
"23937","2025-31-119",-197.13
"23938","2025-31-104",-198.075
"23939","2025-31-101",-196.88
"23940","2025-31-109",-198.025
"23941","2025-31-105",23.06
"23942","2025-31-113",-196.85
"23943","2025-31-116",-198.395
"23944","2025-31-111",-199.555
"23945","2025-32-201",25.5925000000001
"23946","2025-32-205",28.2825
"23947","2025-32-203",28.77
"23948","2025-32-215",-235.7675
"23949","2025-32-214",-273.15
"23950","2025-32-206",27.1525
"23951","2025-32-209",30.88
"23952","2025-32-207",27.8425
"23953","2025-32-208",26.555
"23954","2025-32-216",29.0975
"23955","2025-32-210",27.81
"23956","2025-32-204",28.39
"23957","2025-32-202",-273.15
"23958","2025-32-212",21.7775
"23959","2025-32-213",-235.8425
"23960","2025-32-211",21.4275
"23961","2025-32-306",21.1175
"23962","2025-32-301",21.6775
"23963","2025-32-308",19.8175
"23964","2025-32-304",26.7675
"23965","2025-32-303",29.6575
"23966","2025-32-307",15.925
"23967","2025-32-302",18.735
"23968","2025-32-305",24.4
"23969","2025-32-507",28.105
"23970","2025-32-504",31.1275
"23971","2025-32-506",29.92
"23972","2025-32-505",30.0875
"23973","2025-32-511",26.0750000000001
"23974","2025-32-510",27.54
"23975","2025-32-501",31.7725
"23976","2025-32-509",26.265
"23977","2025-32-502",28.85
"23978","2025-32-503",27.685
"23979","2025-32-508",23.33
"23980","2025-32-402",22.6175
"23981","2025-32-407",31.7125
"23982","2025-32-408",31.4175
"23983","2025-32-401",16.2025000000001
"23984","2025-32-406",24.9150000000001
"23985","2025-32-409",32.2225
"23986","2025-32-405",24.155
"23987","2025-32-404",25.6025
"23988","2025-32-403",28.3300000000001
"23989","2025-32-410",28.9225
"23990","2025-32-706",29.57
"23991","2025-32-701",22.9625
"23992","2025-32-705",28.5975
"23993","2025-32-702",-8.4975
"23994","2025-32-703",29.7025
"23995","2025-32-704",-13.2225
"23996","2025-32-603",25.7925
"23997","2025-32-610",27.25
"23998","2025-32-608",23.8125
"23999","2025-32-602",30.7075
"24000","2025-32-611",25.79
"24001","2025-32-607",-273.15
"24002","2025-32-604",25.5275
"24003","2025-32-605",28.0575
"24004","2025-32-609",27.2325000000001
"24005","2025-32-601",27.1275
"24006","2025-32-606",27.945
"24007","2025-32-112",24.1725
"24008","2025-32-110",24.1325
"24009","2025-32-106",22.46
"24010","2025-32-118",31.9525
"24011","2025-32-103",22.5075
"24012","2025-32-117",17.6925
"24013","2025-32-102",27.7025
"24014","2025-32-108",24.8
"24015","2025-32-120",20.985
"24016","2025-32-115",29.215
"24017","2025-32-107",26.2225
"24018","2025-32-114",24.635
"24019","2025-32-119",31.1925
"24020","2025-32-104",-10.3875
"24021","2025-32-101",31.73
"24022","2025-32-109",27.0875
"24023","2025-32-105",23.605
"24024","2025-32-113",31.7925
"24025","2025-32-116",-11.5075
"24026","2025-32-111",-15.5675
"24027","2025-33-201",24.91
"24028","2025-33-205",25.71
"24029","2025-33-203",26.81
"24030","2025-33-215",25.91
"24031","2025-33-214",-273.15
"24032","2025-33-206",26.7500000000001
"24033","2025-33-209",28.15
"24034","2025-33-207",26.11
"24035","2025-33-208",25.33
"24036","2025-33-216",28.31
"24037","2025-33-210",27.67
"24038","2025-33-204",26.15
"24039","2025-33-202",-273.15
"24040","2025-33-212",20.99
"24041","2025-33-213",25.31
"24042","2025-33-211",21.41
"24043","2025-33-306",21.17
"24044","2025-33-301",21.73
"24045","2025-33-308",17.49
"24046","2025-33-304",25.77
"24047","2025-33-303",28.73
"24048","2025-33-307",13.79
"24049","2025-33-302",19.1900000000001
"24050","2025-33-305",23.77
"24051","2025-33-507",28.6300000000001
"24052","2025-33-504",29.5700000000001
"24053","2025-33-506",29.15
"24054","2025-33-505",26.5700000000001
"24055","2025-33-511",24.85
"24056","2025-33-510",27.1900000000001
"24057","2025-33-501",28.71
"24058","2025-33-509",24.55
"24059","2025-33-502",28.01
"24060","2025-33-503",27.79
"24061","2025-33-508",22.91
"24062","2025-33-402",21.83
"24063","2025-33-407",30.7500000000001
"24064","2025-33-408",30.21
"24065","2025-33-401",12.79
"24066","2025-33-406",22.99
"24067","2025-33-409",30.0700000000001
"24068","2025-33-405",23.0700000000001
"24069","2025-33-404",24.71
"24070","2025-33-403",26.65
"24071","2025-33-410",28.87
"24072","2025-33-706",27.33
"24073","2025-33-701",22.6300000000001
"24074","2025-33-705",30.47
"24075","2025-33-702",-273.15
"24076","2025-33-703",28.11
"24077","2025-33-704",-273.15
"24078","2025-33-603",25.2500000000001
"24079","2025-33-610",25.43
"24080","2025-33-608",26.0700000000001
"24081","2025-33-602",27.1900000000001
"24082","2025-33-611",25.65
"24083","2025-33-607",-273.15
"24084","2025-33-604",26.35
"24085","2025-33-605",26.99
"24086","2025-33-609",27.11
"24087","2025-33-601",24.87
"24088","2025-33-606",26.37
"24089","2025-33-112",23.91
"24090","2025-33-110",22.89
"24091","2025-33-106",21.55
"24092","2025-33-118",30.01
"24093","2025-33-103",20.53
"24094","2025-33-117",16.45
"24095","2025-33-102",24.99
"24096","2025-33-108",23.33
"24097","2025-33-120",18.85
"24098","2025-33-115",28.6900000000001
"24099","2025-33-107",24.49
"24100","2025-33-114",22.85
"24101","2025-33-119",33.03
"24102","2025-33-104",-273.15
"24103","2025-33-101",30.33
"24104","2025-33-109",25.2500000000001
"24105","2025-33-105",21.7500000000001
"24106","2025-33-113",29.99
"24107","2025-33-116",-273.15
"24108","2025-33-111",-273.15
"24109","2025-34-201",-235.8925
"24110","2025-34-205",-235.7925
"24111","2025-34-203",-235.655
"24112","2025-34-215",-235.7675
"24113","2025-34-214",-273.15
"24114","2025-34-206",-235.6625
"24115","2025-34-209",29.6725
"24116","2025-34-207",-235.7425
"24117","2025-34-208",-235.84
"24118","2025-34-216",-235.4675
"24119","2025-34-210",-235.5475
"24120","2025-34-204",-235.7375
"24121","2025-34-202",-273.15
"24122","2025-34-212",-236.3825
"24123","2025-34-213",-235.8425
"24124","2025-34-211",-236.33
"24125","2025-34-306",-236.36
"24126","2025-34-301",-236.29
"24127","2025-34-308",17.5075
"24128","2025-34-304",-235.785
"24129","2025-34-303",-235.415
"24130","2025-34-307",-237.2825
"24131","2025-34-302",17.0550000000001
"24132","2025-34-305",18.5725
"24133","2025-34-507",26.4425000000001
"24134","2025-34-504",28.4150000000001
"24135","2025-34-506",-235.3625
"24136","2025-34-505",25.1525
"24137","2025-34-511",25.3225
"24138","2025-34-510",23.4275
"24139","2025-34-501",29.5150000000001
"24140","2025-34-509",24.4975
"24141","2025-34-502",27.2225
"24142","2025-34-503",27.405
"24143","2025-34-508",-236.1425
"24144","2025-34-402",-236.2775
"24145","2025-34-407",-235.1625
"24146","2025-34-408",-235.23
"24147","2025-34-401",-237.4075
"24148","2025-34-406",-236.1325
"24149","2025-34-409",-235.2475
"24150","2025-34-405",-236.1225
"24151","2025-34-404",-235.9175
"24152","2025-34-403",-235.675
"24153","2025-34-410",-235.3975
"24154","2025-34-706",-235.59
"24155","2025-34-701",-236.1775
"24156","2025-34-705",-235.1975
"24157","2025-34-702",-273.15
"24158","2025-34-703",-235.4925
"24159","2025-34-704",-19.7675
"24160","2025-34-603",25.1450000000001
"24161","2025-34-610",24.135
"24162","2025-34-608",-235.7475
"24163","2025-34-602",-235.6075
"24164","2025-34-611",-235.8
"24165","2025-34-607",-273.15
"24166","2025-34-604",-235.7125
"24167","2025-34-605",-235.6325
"24168","2025-34-609",27.32
"24169","2025-34-601",26.4100000000001
"24170","2025-34-606",26.0725
"24171","2025-34-112",23.315
"24172","2025-34-110",22.9425
"24173","2025-34-106",22.075
"24174","2025-34-118",-235.255
"24175","2025-34-103",-236.44
"24176","2025-34-117",16.0825
"24177","2025-34-102",25.0775
"24178","2025-34-108",-236.09
"24179","2025-34-120",18.43
"24180","2025-34-115",-235.42
"24181","2025-34-107",23.3525000000001
"24182","2025-34-114",-236.15
"24183","2025-34-119",29.3025
"24184","2025-34-104",-273.15
"24185","2025-34-101",-235.215
"24186","2025-34-109",26.8775
"24187","2025-34-105",22.5375
"24188","2025-34-113",32.335
"24189","2025-34-116",-12.2775
"24190","2025-34-111",-273.15
"24191","2025-35-201",-50.28
"24192","2025-35-205",-49.56
"24193","2025-35-203",-48.015
"24194","2025-35-215",-49.575
"24195","2025-35-214",-273.15
"24196","2025-35-206",-49.545
"24197","2025-35-209",28.855
"24198","2025-35-207",-49.515
"24199","2025-35-208",-49.71
"24200","2025-35-216",-273.15
"24201","2025-35-210",-273.15
"24202","2025-35-204",-45.42
"24203","2025-35-202",-273.15
"24204","2025-35-212",-273.15
"24205","2025-35-213",-273.15
"24206","2025-35-211",-273.15
"24207","2025-35-306",-273.15
"24208","2025-35-301",-273.15
"24209","2025-35-308",18.74
"24210","2025-35-304",-273.15
"24211","2025-35-303",-273.15
"24212","2025-35-307",-59.415
"24213","2025-35-302",-200.675
"24214","2025-35-305",21.91
"24215","2025-35-507",27.2100000000001
"24216","2025-35-504",-197.8
"24217","2025-35-506",-49.4849999999999
"24218","2025-35-505",26.525
"24219","2025-35-511",-198.515
"24220","2025-35-510",23.85
"24221","2025-35-501",-197.455
"24222","2025-35-509",25.105
"24223","2025-35-502",24.95
"24224","2025-35-503",25.94
"24225","2025-35-508",-273.15
"24226","2025-35-402",-53.25
"24227","2025-35-407",-45.9
"24228","2025-35-408",-46.545
"24229","2025-35-401",-58.245
"24230","2025-35-406",-50.745
"24231","2025-35-409",-46.4399999999999
"24232","2025-35-405",-51.81
"24233","2025-35-404",-50.43
"24234","2025-35-403",-48.075
"24235","2025-35-410",-273.15
"24236","2025-35-706",-48.675
"24237","2025-35-701",-273.15
"24238","2025-35-705",-273.15
"24239","2025-35-702",-273.15
"24240","2025-35-703",-273.15
"24241","2025-35-704",20.21
"24242","2025-35-603",25.055
"24243","2025-35-610",26.2
"24244","2025-35-608",-50.745
"24245","2025-35-602",-47.535
"24246","2025-35-611",-49.3949999999999
"24247","2025-35-607",-273.15
"24248","2025-35-604",-50.79
"24249","2025-35-605",-48.585
"24250","2025-35-609",28.67
"24251","2025-35-601",26.81
"24252","2025-35-606",25.925
"24253","2025-35-112",-199.055
"24254","2025-35-110",21.495
"24255","2025-35-106",21.595
"24256","2025-35-118",-273.15
"24257","2025-35-103",-51.6899999999999
"24258","2025-35-117",17.005
"24259","2025-35-102",24.865
"24260","2025-35-108",-273.15
"24261","2025-35-120",19.6900000000001
"24262","2025-35-115",-273.15
"24263","2025-35-107",23.835
"24264","2025-35-114",-50.67
"24265","2025-35-119",-197.67
"24266","2025-35-104",-46.665
"24267","2025-35-101",-44.115
"24268","2025-35-109",25.895
"24269","2025-35-105",24.4650000000001
"24270","2025-35-113",32.01
"24271","2025-35-116",26.025
"24272","2025-35-111",-273.15
"24273","2025-36-201",25.01
"24274","2025-36-205",26.4575
"24275","2025-36-203",27.6925
"24276","2025-36-215",-161.3625
"24277","2025-36-214",-273.15
"24278","2025-36-206",26.1275
"24279","2025-36-209",28.2725000000001
"24280","2025-36-207",26.8925
"24281","2025-36-208",25.6075
"24282","2025-36-216",-273.15
"24283","2025-36-210",-273.15
"24284","2025-36-204",28.9275
"24285","2025-36-202",-273.15
"24286","2025-36-212",-87.4
"24287","2025-36-213",-273.15
"24288","2025-36-211",-90.8249999999999
"24289","2025-36-306",-88.6374999999999
"24290","2025-36-301",-88.0375
"24291","2025-36-308",19.7625000000001
"24292","2025-36-304",-85.6125
"24293","2025-36-303",-82.7375
"24294","2025-36-307",15.3175
"24295","2025-36-302",-87.3499999999999
"24296","2025-36-305",24.97
"24297","2025-36-507",27.3075
"24298","2025-36-504",-84.075
"24299","2025-36-506",26.9325
"24300","2025-36-505",-160.575
"24301","2025-36-511",-86.825
"24302","2025-36-510",24.7825
"24303","2025-36-501",-273.15
"24304","2025-36-509",25.7725
"24305","2025-36-502",26.1175000000001
"24306","2025-36-503",26.1950000000001
"24307","2025-36-508",-273.15
"24308","2025-36-402",21.8375
"24309","2025-36-407",30.7625
"24310","2025-36-408",30.59
"24311","2025-36-401",15.29
"24312","2025-36-406",25.1025000000001
"24313","2025-36-409",31.3175000000001
"24314","2025-36-405",23.995
"24315","2025-36-404",24.885
"24316","2025-36-403",28.1625
"24317","2025-36-410",-84.3125
"24318","2025-36-706",27.0750000000001
"24319","2025-36-701",-85.7375
"24320","2025-36-705",-84.7375
"24321","2025-36-702",-84.075
"24322","2025-36-703",-85.325
"24323","2025-36-704",22.07
"24324","2025-36-603",24.1675
"24325","2025-36-610",26.8625
"24326","2025-36-608",23.39
"24327","2025-36-602",29.32
"24328","2025-36-611",25.515
"24329","2025-36-607",-273.15
"24330","2025-36-604",-161.97
"24331","2025-36-605",27.1950000000001
"24332","2025-36-609",28.9975
"24333","2025-36-601",-160.6425
"24334","2025-36-606",26.8525
"24335","2025-36-112",-86.4124999999999
"24336","2025-36-110",24.5225000000001
"24337","2025-36-106",22.635
"24338","2025-36-118",-81.175
"24339","2025-36-103",23.2925
"24340","2025-36-117",19.0675
"24341","2025-36-102",27.1525000000001
"24342","2025-36-108",-85.45
"24343","2025-36-120",21.705
"24344","2025-36-115",-83.4
"24345","2025-36-107",25.125
"24346","2025-36-114",24.9775
"24347","2025-36-119",-273.15
"24348","2025-36-104",24.855
"24349","2025-36-101",32.5925
"24350","2025-36-109",27.0775
"24351","2025-36-105",25.5825
"24352","2025-36-113",32.4025
"24353","2025-36-116",25.4825
"24354","2025-36-111",-88.4375
"24355","2025-37-201",25.53
"24356","2025-37-205",27.15
"24357","2025-37-203",28.16
"24358","2025-37-215",-122.32
"24359","2025-37-214",-273.15
"24360","2025-37-206",26.91
"24361","2025-37-209",28.3
"24362","2025-37-207",27.33
"24363","2025-37-208",25.78
"24364","2025-37-216",-123.31
"24365","2025-37-210",-123.44
"24366","2025-37-204",27.79
"24367","2025-37-202",-122.95
"24368","2025-37-212",24.77
"24369","2025-37-213",-122.96
"24370","2025-37-211",20.02
"24371","2025-37-306",23.7800000000001
"24372","2025-37-301",24.67
"24373","2025-37-308",20.26
"24374","2025-37-304",26.93
"24375","2025-37-303",31.3200000000001
"24376","2025-37-307",20.43
"24377","2025-37-302",24.06
"24378","2025-37-305",24.88
"24379","2025-37-507",27.6700000000001
"24380","2025-37-504",29.02
"24381","2025-37-506",29.25
"24382","2025-37-505",-122.76
"24383","2025-37-511",25.22
"24384","2025-37-510",25.99
"24385","2025-37-501",-122.67
"24386","2025-37-509",25.53
"24387","2025-37-502",26.6000000000001
"24388","2025-37-503",26.34
"24389","2025-37-508",-124.52
"24390","2025-37-402",23.15
"24391","2025-37-407",31.68
"24392","2025-37-408",31.53
"24393","2025-37-401",16.72
"24394","2025-37-406",25.15
"24395","2025-37-409",32.25
"24396","2025-37-405",24.7300000000001
"24397","2025-37-404",25.66
"24398","2025-37-403",28.39
"24399","2025-37-410",28.87
"24400","2025-37-706",29.0300000000001
"24401","2025-37-701",25.61
"24402","2025-37-705",30.16
"24403","2025-37-702",27.49
"24404","2025-37-703",28.84
"24405","2025-37-704",23.84
"24406","2025-37-603",24.33
"24407","2025-37-610",27.59
"24408","2025-37-608",23.02
"24409","2025-37-602",29.43
"24410","2025-37-611",25.2000000000001
"24411","2025-37-607",-273.15
"24412","2025-37-604",-123.69
"24413","2025-37-605",26.2400000000001
"24414","2025-37-609",28.74
"24415","2025-37-601",-124
"24416","2025-37-606",26.79
"24417","2025-37-112",24.77
"24418","2025-37-110",25.86
"24419","2025-37-106",23.3100000000001
"24420","2025-37-118",33.31
"24421","2025-37-103",22.97
"24422","2025-37-117",19.21
"24423","2025-37-102",27.93
"24424","2025-37-108",25.75
"24425","2025-37-120",21.73
"24426","2025-37-115",30.91
"24427","2025-37-107",25.89
"24428","2025-37-114",25.8100000000001
"24429","2025-37-119",-121.72
"24430","2025-37-104",22.88
"24431","2025-37-101",33.26
"24432","2025-37-109",27.7
"24433","2025-37-105",26.18
"24434","2025-37-113",32.47
"24435","2025-37-116",24.48
"24436","2025-37-111",23.34
"24437","2025-38-201",25.0975
"24438","2025-38-205",26.6575
"24439","2025-38-203",28.545
"24440","2025-38-215",28.6225
"24441","2025-38-214",-273.15
"24442","2025-38-206",26.845
"24443","2025-38-209",29.2725
"24444","2025-38-207",26.86
"24445","2025-38-208",25.33
"24446","2025-38-216",27.5575
"24447","2025-38-210",27.095
"24448","2025-38-204",28.37
"24449","2025-38-202",25.7350000000001
"24450","2025-38-212",22.91
"24451","2025-38-213",26.285
"24452","2025-38-211",21.2525
"24453","2025-38-306",23.2475
"24454","2025-38-301",25.44
"24455","2025-38-308",20.435
"24456","2025-38-304",26.62
"24457","2025-38-303",-82.9749999999999
"24458","2025-38-307",20.015
"24459","2025-38-302",22.8725
"24460","2025-38-305",24.2125
"24461","2025-38-507",28.2200000000001
"24462","2025-38-504",28.9025
"24463","2025-38-506",29.595
"24464","2025-38-505",27.3600000000001
"24465","2025-38-511",25.875
"24466","2025-38-510",25.6525
"24467","2025-38-501",27.99
"24468","2025-38-509",25.2875
"24469","2025-38-502",26.2125
"24470","2025-38-503",26.8375
"24471","2025-38-508",24.1475
"24472","2025-38-402",23.27
"24473","2025-38-407",30.8575
"24474","2025-38-408",31.1425
"24475","2025-38-401",16.38
"24476","2025-38-406",23.9225
"24477","2025-38-409",32.14
"24478","2025-38-405",23.5825000000001
"24479","2025-38-404",25.175
"24480","2025-38-403",27.485
"24481","2025-38-410",29.1025000000001
"24482","2025-38-706",29.515
"24483","2025-38-701",24.3375
"24484","2025-38-705",-82.425
"24485","2025-38-702",26.54
"24486","2025-38-703",28.135
"24487","2025-38-704",24.0500000000001
"24488","2025-38-603",24.4175
"24489","2025-38-610",27.86
"24490","2025-38-608",23.04
"24491","2025-38-602",29.0975
"24492","2025-38-611",25.6875000000001
"24493","2025-38-607",-273.15
"24494","2025-38-604",26.7675
"24495","2025-38-605",24.7825
"24496","2025-38-609",28.9625
"24497","2025-38-601",25.9825
"24498","2025-38-606",-86.0875
"24499","2025-38-112",24.705
"24500","2025-38-110",25.3975
"24501","2025-38-106",23.4900000000001
"24502","2025-38-118",29.4525
"24503","2025-38-103",22.6775
"24504","2025-38-117",17.6725
"24505","2025-38-102",27.545
"24506","2025-38-108",-87.225
"24507","2025-38-120",21.1325
"24508","2025-38-115",-82.825
"24509","2025-38-107",26.04
"24510","2025-38-114",24.8125000000001
"24511","2025-38-119",-83.8625
"24512","2025-38-104",24.2425
"24513","2025-38-101",32.3375
"24514","2025-38-109",27.535
"24515","2025-38-105",26.365
"24516","2025-38-113",31.39
"24517","2025-38-116",24.8875
"24518","2025-38-111",22.25
"24519","2025-39-201",-49.905
"24520","2025-39-205",-48.66
"24521","2025-39-203",-46.4849999999999
"24522","2025-39-215",-46.68
"24523","2025-39-214",-273.15
"24524","2025-39-206",-48.3599999999999
"24525","2025-39-209",29.895
"24526","2025-39-207",-47.88
"24527","2025-39-208",-49.4399999999999
"24528","2025-39-216",-46.335
"24529","2025-39-210",-46.935
"24530","2025-39-204",27.755
"24531","2025-39-202",-50.88
"24532","2025-39-212",-54.33
"24533","2025-39-213",-49.755
"24534","2025-39-211",-52.62
"24535","2025-39-306",19.835
"24536","2025-39-301",-50.295
"24537","2025-39-308",-52.905
"24538","2025-39-304",25.8350000000001
"24539","2025-39-303",-273.15
"24540","2025-39-307",-57.57
"24541","2025-39-302",-52.53
"24542","2025-39-305",25.135
"24543","2025-39-507",27.845
"24544","2025-39-504",28.89
"24545","2025-39-506",28.165
"24546","2025-39-505",27.105
"24547","2025-39-511",25.8
"24548","2025-39-510",24.3700000000001
"24549","2025-39-501",26.62
"24550","2025-39-509",-48.9749999999999
"24551","2025-39-502",26.61
"24552","2025-39-503",27.975
"24553","2025-39-508",-50.13
"24554","2025-39-402",23.0650000000001
"24555","2025-39-407",-46.635
"24556","2025-39-408",-45.39
"24557","2025-39-401",16.445
"24558","2025-39-406",-50.655
"24559","2025-39-409",-43.845
"24560","2025-39-405",-51.435
"24561","2025-39-404",-50.175
"24562","2025-39-403",-48.18
"24563","2025-39-410",28.7100000000001
"24564","2025-39-706",28.28
"24565","2025-39-701",23.835
"24566","2025-39-705",-273.15
"24567","2025-39-702",28.64
"24568","2025-39-703",25.845
"24569","2025-39-704",-51.75
"24570","2025-39-603",23.5
"24571","2025-39-610",-48.03
"24572","2025-39-608",23.5400000000001
"24573","2025-39-602",28.235
"24574","2025-39-611",-47.775
"24575","2025-39-607",-273.15
"24576","2025-39-604",-46.965
"24577","2025-39-605",25.2
"24578","2025-39-609",29.35
"24579","2025-39-601",26.375
"24580","2025-39-606",-198.79
"24581","2025-39-112",24.445
"24582","2025-39-110",-48.855
"24583","2025-39-106",-50.37
"24584","2025-39-118",-50.1449999999999
"24585","2025-39-103",-50.37
"24586","2025-39-117",17.31
"24587","2025-39-102",-47.31
"24588","2025-39-108",-273.15
"24589","2025-39-120",-52.035
"24590","2025-39-115",-273.15
"24591","2025-39-107",24.65
"24592","2025-39-114",-50.8499999999999
"24593","2025-39-119",-273.15
"24594","2025-39-104",24.83
"24595","2025-39-101",-45.75
"24596","2025-39-109",-47.43
"24597","2025-39-105",-48.6449999999999
"24598","2025-39-113",-45.72
"24599","2025-39-116",25.215
"24600","2025-39-111",-54.15
"24601","2025-40-201",-273.15
"24602","2025-40-205",-236.29
"24603","2025-40-203",-273.15
"24604","2025-40-215",-235.6
"24605","2025-40-214",-273.15
"24606","2025-40-206",-273.15
"24607","2025-40-209",-9.86249999999991
"24608","2025-40-207",-235.775
"24609","2025-40-208",-273.15
"24610","2025-40-216",-273.15
"24611","2025-40-210",-235.3775
"24612","2025-40-204",21.715
"24613","2025-40-202",-236.1575
"24614","2025-40-212",-273.15
"24615","2025-40-213",-235.37
"24616","2025-40-211",-273.15
"24617","2025-40-306",-15.935
"24618","2025-40-301",-236.4075
"24619","2025-40-308",-273.15
"24620","2025-40-304",25.0050000000001
"24621","2025-40-303",-235.27
"24622","2025-40-307",-273.15
"24623","2025-40-302",-273.15
"24624","2025-40-305",25.1375000000001
"24625","2025-40-507",26.6875000000001
"24626","2025-40-504",27.8425000000001
"24627","2025-40-506",28.055
"24628","2025-40-505",27.7000000000001
"24629","2025-40-511",23.9575
"24630","2025-40-510",26.5125
"24631","2025-40-501",22.42
"24632","2025-40-509",-235.64
"24633","2025-40-502",26.56
"24634","2025-40-503",27.4775
"24635","2025-40-508",-273.15
"24636","2025-40-402",22.98
"24637","2025-40-407",-273.15
"24638","2025-40-408",-273.15
"24639","2025-40-401",19.5375
"24640","2025-40-406",-236.7075
"24641","2025-40-409",-273.15
"24642","2025-40-405",-273.15
"24643","2025-40-404",-235.8175
"24644","2025-40-403",-273.15
"24645","2025-40-410",26.3575
"24646","2025-40-706",-8.6375
"24647","2025-40-701",22.8375000000001
"24648","2025-40-705",-273.15
"24649","2025-40-702",-7.64
"24650","2025-40-703",29.8825
"24651","2025-40-704",-273.15
"24652","2025-40-603",23.515
"24653","2025-40-610",-235.3675
"24654","2025-40-608",23.3825
"24655","2025-40-602",-14.0975
"24656","2025-40-611",-235.3275
"24657","2025-40-607",-273.15
"24658","2025-40-604",-236.09
"24659","2025-40-605",26.2725000000001
"24660","2025-40-609",-9.25
"24661","2025-40-601",23.6325
"24662","2025-40-606",24.6725
"24663","2025-40-112",19.7325000000001
"24664","2025-40-110",-273.15
"24665","2025-40-106",-236.72
"24666","2025-40-118",-235.1625
"24667","2025-40-103",-236.7875
"24668","2025-40-117",19.435
"24669","2025-40-102",-235.5975
"24670","2025-40-108",-273.15
"24671","2025-40-120",-236.6625
"24672","2025-40-115",-273.15
"24673","2025-40-107",20.355
"24674","2025-40-114",-273.15
"24675","2025-40-119",-235.1025
"24676","2025-40-104",22.39
"24677","2025-40-101",-234.8225
"24678","2025-40-109",-235.91
"24679","2025-40-105",-235.775
"24680","2025-40-113",-273.15
"24681","2025-40-116",22.2225
"24682","2025-40-111",-273.15
"24683","2025-41-201",-273.15
"24684","2025-41-205",21.73
"24685","2025-41-203",-273.15
"24686","2025-41-215",27.2500000000001
"24687","2025-41-214",-273.15
"24688","2025-41-206",-273.15
"24689","2025-41-209",-273.15
"24690","2025-41-207",25.85
"24691","2025-41-208",-273.15
"24692","2025-41-216",-273.15
"24693","2025-41-210",29.03
"24694","2025-41-204",19.65
"24695","2025-41-202",22.79
"24696","2025-41-212",-273.15
"24697","2025-41-213",29.09
"24698","2025-41-211",-273.15
"24699","2025-41-306",-273.15
"24700","2025-41-301",20.79
"24701","2025-41-308",-273.15
"24702","2025-41-304",24.1300000000001
"24703","2025-41-303",29.89
"24704","2025-41-307",-273.15
"24705","2025-41-302",-273.15
"24706","2025-41-305",21.27
"24707","2025-41-507",27.51
"24708","2025-41-504",28.91
"24709","2025-41-506",27.39
"24710","2025-41-505",27.77
"24711","2025-41-511",26.81
"24712","2025-41-510",27.23
"24713","2025-41-501",28.09
"24714","2025-41-509",26.93
"24715","2025-41-502",27.05
"24716","2025-41-503",27.67
"24717","2025-41-508",-273.15
"24718","2025-41-402",22.49
"24719","2025-41-407",-273.15
"24720","2025-41-408",-273.15
"24721","2025-41-401",17.77
"24722","2025-41-406",18.39
"24723","2025-41-409",-273.15
"24724","2025-41-405",-273.15
"24725","2025-41-404",25.51
"24726","2025-41-403",-273.15
"24727","2025-41-410",30.47
"24728","2025-41-706",-273.15
"24729","2025-41-701",20.37
"24730","2025-41-705",-273.15
"24731","2025-41-702",-273.15
"24732","2025-41-703",30.11
"24733","2025-41-704",-273.15
"24734","2025-41-603",22.15
"24735","2025-41-610",29.11
"24736","2025-41-608",25.43
"24737","2025-41-602",-273.15
"24738","2025-41-611",29.43
"24739","2025-41-607",-273.15
"24740","2025-41-604",23.33
"24741","2025-41-605",26.85
"24742","2025-41-609",-273.15
"24743","2025-41-601",25.33
"24744","2025-41-606",27.35
"24745","2025-41-112",20.03
"24746","2025-41-110",-273.15
"24747","2025-41-106",18.29
"24748","2025-41-118",30.7500000000001
"24749","2025-41-103",17.7500000000001
"24750","2025-41-117",19.61
"24751","2025-41-102",27.27
"24752","2025-41-108",-273.15
"24753","2025-41-120",18.7500000000001
"24754","2025-41-115",-273.15
"24755","2025-41-107",20.53
"24756","2025-41-114",-273.15
"24757","2025-41-119",31.23
"24758","2025-41-104",26.31
"24759","2025-41-101",33.47
"24760","2025-41-109",24.77
"24761","2025-41-105",25.85
"24762","2025-41-113",-273.15
"24763","2025-41-116",25.11
"24764","2025-41-111",-273.15
"24765","2025-42-201",-14.0275
"24766","2025-42-205",22.01
"24767","2025-42-203",-11.14
"24768","2025-42-215",28.1250000000001
"24769","2025-42-214",-8.33999999999997
"24770","2025-42-206",-11.98
"24771","2025-42-209",-8.95249999999999
"24772","2025-42-207",26.0775
"24773","2025-42-208",-13.31
"24774","2025-42-216",-8.75999999999999
"24775","2025-42-210",27.4375
"24776","2025-42-204",26.5275
"24777","2025-42-202",-236.1575
"24778","2025-42-212",-273.15
"24779","2025-42-213",-235.37
"24780","2025-42-211",-273.15
"24781","2025-42-306",-17.1425
"24782","2025-42-301",20.23
"24783","2025-42-308",-18.105
"24784","2025-42-304",25.775
"24785","2025-42-303",28.7525
"24786","2025-42-307",-22.0775
"24787","2025-42-302",-273.15
"24788","2025-42-305",22.8975000000001
"24789","2025-42-507",26.6175
"24790","2025-42-504",29.8375
"24791","2025-42-506",28.4575
"24792","2025-42-505",26.3875000000001
"24793","2025-42-511",26.9675
"24794","2025-42-510",24.4125
"24795","2025-42-501",27.3550000000001
"24796","2025-42-509",26.09
"24797","2025-42-502",27.2075
"24798","2025-42-503",26.1125
"24799","2025-42-508",-14.7799999999999
"24800","2025-42-402",21.825
"24801","2025-42-407",-5.53999999999991
"24802","2025-42-408",-6.64249999999998
"24803","2025-42-401",-236.785
"24804","2025-42-406",23.535
"24805","2025-42-409",-6.45000000000005
"24806","2025-42-405",-14.4125
"24807","2025-42-404",24.04
"24808","2025-42-403",-9.38999999999999
"24809","2025-42-410",28.615
"24810","2025-42-706",-9.005
"24811","2025-42-701",22.26
"24812","2025-42-705",-8.84749999999997
"24813","2025-42-702",-8.62
"24814","2025-42-703",30.1975
"24815","2025-42-704",-15.1825
"24816","2025-42-603",24.6525
"24817","2025-42-610",27.0975
"24818","2025-42-608",25.4475
"24819","2025-42-602",-8.39249999999998
"24820","2025-42-611",26.8575
"24821","2025-42-607",-273.15
"24822","2025-42-604",25.0625
"24823","2025-42-605",23.7175
"24824","2025-42-609",-8.60249999999991
"24825","2025-42-601",20.1325
"24826","2025-42-606",28.6625
"24827","2025-42-112",23.355
"24828","2025-42-110",-11.56
"24829","2025-42-106",21.895
"24830","2025-42-118",32.64
"24831","2025-42-103",21.5300000000001
"24832","2025-42-117",16.3375
"24833","2025-42-102",27.3225
"24834","2025-42-108",-11.7525
"24835","2025-42-120",19.8
"24836","2025-42-115",-7.185
"24837","2025-42-107",24.1875
"24838","2025-42-114",-14.6225
"24839","2025-42-119",27.3625
"24840","2025-42-104",24.7
"24841","2025-42-101",30.775
"24842","2025-42-109",25.7325
"24843","2025-42-105",24.0125000000001
"24844","2025-42-113",-7.27250000000004
"24845","2025-42-116",25.0225
"24846","2025-42-111",-17.51
"24847","2025-43-201",-199.115
"24848","2025-43-205",-199.35
"24849","2025-43-203",-198.29
"24850","2025-43-215",28.385
"24851","2025-43-214",30.885
"24852","2025-43-206",-198.53
"24853","2025-43-209",-197.665
"24854","2025-43-207",-198.335
"24855","2025-43-208",-198.91
"24856","2025-43-216",-197.61
"24857","2025-43-210",27.705
"24858","2025-43-204",-197.985
"24859","2025-43-202",-54.18
"24860","2025-43-212",-273.15
"24861","2025-43-213",-273.15
"24862","2025-43-211",-273.15
"24863","2025-43-306",-200.005
"24864","2025-43-301",-199.825
"24865","2025-43-308",-200.28
"24866","2025-43-304",-198.36
"24867","2025-43-303",-197.715
"24868","2025-43-307",-201.415
"24869","2025-43-302",-273.15
"24870","2025-43-305",-199.08
"24871","2025-43-507",-198.24
"24872","2025-43-504",-197.37
"24873","2025-43-506",-197.71
"24874","2025-43-505",-198.315
"24875","2025-43-511",-198.115
"24876","2025-43-510",-198.86
"24877","2025-43-501",-198.05
"24878","2025-43-509",-198.37
"24879","2025-43-502",-198.055
"24880","2025-43-503",-198.39
"24881","2025-43-508",-199.33
"24882","2025-43-402",-199.43
"24883","2025-43-407",-196.69
"24884","2025-43-408",-197.005
"24885","2025-43-401",-273.15
"24886","2025-43-406",-198.795
"24887","2025-43-409",-196.95
"24888","2025-43-405",-199.225
"24889","2025-43-404",-198.905
"24890","2025-43-403",-197.79
"24891","2025-43-410",29.13
"24892","2025-43-706",-197.68
"24893","2025-43-701",-199.23
"24894","2025-43-705",-197.635
"24895","2025-43-702",29.86
"24896","2025-43-703",28.035
"24897","2025-43-704",-199.445
"24898","2025-43-603",25.985
"24899","2025-43-610",-198.16
"24900","2025-43-608",25.285
"24901","2025-43-602",-197.505
"24902","2025-43-611",-198.24
"24903","2025-43-607",-273.15
"24904","2025-43-604",-198.535
"24905","2025-43-605",-199.045
"24906","2025-43-609",-197.565
"24907","2025-43-601",-200.015
"24908","2025-43-606",-197.65
"24909","2025-43-112",-198.905
"24910","2025-43-110",-198.41
"24911","2025-43-106",-199.26
"24912","2025-43-118",-196.635
"24913","2025-43-103",-199.345
"24914","2025-43-117",-200.895
"24915","2025-43-102",-198.03
"24916","2025-43-108",-198.465
"24917","2025-43-120",20.1
"24918","2025-43-115",-197.16
"24919","2025-43-107",-198.685
"24920","2025-43-114",-199.285
"24921","2025-43-119",-198.16
"24922","2025-43-104",-198.745
"24923","2025-43-101",-197.265
"24924","2025-43-109",-198.395
"24925","2025-43-105",-198.925
"24926","2025-43-113",-197.185
"24927","2025-43-116",-198.61
"24928","2025-43-111",-200.11
"24929","2025-44-201",-87.6
"24930","2025-44-205",-87.3625
"24931","2025-44-203",-86.175
"24932","2025-44-215",-160.0575
"24933","2025-44-214",-158.9625
"24934","2025-44-206",-86.6375
"24935","2025-44-209",-84.3
"24936","2025-44-207",-86.975
"24937","2025-44-208",-87.4875
"24938","2025-44-216",-273.15
"24939","2025-44-210",25.8575
"24940","2025-44-204",-87.3
"24941","2025-44-202",20.86
"24942","2025-44-212",-90.4374999999999
"24943","2025-44-213",-273.15
"24944","2025-44-211",-89.0375
"24945","2025-44-306",-90.4875
"24946","2025-44-301",-89.4
"24947","2025-44-308",-91.0375
"24948","2025-44-304",-87.6999999999999
"24949","2025-44-303",-85.8875
"24950","2025-44-307",-92.8875
"24951","2025-44-302",-91.4875
"24952","2025-44-305",-87.3
"24953","2025-44-507",-273.15
"24954","2025-44-504",-84.6625
"24955","2025-44-506",-85.575
"24956","2025-44-505",-86.875
"24957","2025-44-511",-86.9375
"24958","2025-44-510",-87.1375
"24959","2025-44-501",-85.875
"24960","2025-44-509",-87.2875
"24961","2025-44-502",-86.4499999999999
"24962","2025-44-503",-85.575
"24963","2025-44-508",-273.15
"24964","2025-44-402",-88.7875
"24965","2025-44-407",-84.425
"24966","2025-44-408",-84.3875
"24967","2025-44-401",-93.85
"24968","2025-44-406",-88.1625
"24969","2025-44-409",-84.2375
"24970","2025-44-405",-87.9374999999999
"24971","2025-44-404",-87.5874999999999
"24972","2025-44-403",-86.5625
"24973","2025-44-410",26.8775
"24974","2025-44-706",-87.6375
"24975","2025-44-701",-87.575
"24976","2025-44-705",-85.5625
"24977","2025-44-702",-159.435
"24978","2025-44-703",27.2475
"24979","2025-44-704",-87.6125
"24980","2025-44-603",25.31
"24981","2025-44-610",-85.6875
"24982","2025-44-608",23.9925000000001
"24983","2025-44-602",-84.4875
"24984","2025-44-611",-86.8375
"24985","2025-44-607",-273.15
"24986","2025-44-604",-87.475
"24987","2025-44-605",-87.1375
"24988","2025-44-609",-87.0875
"24989","2025-44-601",-87.375
"24990","2025-44-606",-273.15
"24991","2025-44-112",-87.8375
"24992","2025-44-110",-87.6
"24993","2025-44-106",-89.2
"24994","2025-44-118",-83.575
"24995","2025-44-103",-89.2375
"24996","2025-44-117",-92.3499999999999
"24997","2025-44-102",-88.1875
"24998","2025-44-108",-86.9999999999999
"24999","2025-44-120",19.8875
"25000","2025-44-115",-84.425
"25001","2025-44-107",-87.5874999999999
"25002","2025-44-114",-87.3
"25003","2025-44-119",-83.8
"25004","2025-44-104",-89.4624999999999
"25005","2025-44-101",-84.8124999999999
"25006","2025-44-109",-86.875
"25007","2025-44-105",-88.5375
"25008","2025-44-113",-84.0625
"25009","2025-44-116",-87.75
"25010","2025-44-111",-90.5124999999999
"25011","2025-45-201",24.38
"25012","2025-45-205",25.13
"25013","2025-45-203",26.73
"25014","2025-45-215",-273.15
"25015","2025-45-214",-273.15
"25016","2025-45-206",25.41
"25017","2025-45-209",29.0700000000001
"25018","2025-45-207",24.81
"25019","2025-45-208",24.7400000000001
"25020","2025-45-216",-273.15
"25021","2025-45-210",-124.25
"25022","2025-45-204",25.76
"25023","2025-45-202",-125.53
"25024","2025-45-212",-126.98
"25025","2025-45-213",-273.15
"25026","2025-45-211",-125.86
"25027","2025-45-306",20.19
"25028","2025-45-301",20.45
"25029","2025-45-308",18.35
"25030","2025-45-304",24.22
"25031","2025-45-303",26.67
"25032","2025-45-307",14.46
"25033","2025-45-302",18.05
"25034","2025-45-305",24.1
"25035","2025-45-507",-123.22
"25036","2025-45-504",27.58
"25037","2025-45-506",27.55
"25038","2025-45-505",26.2
"25039","2025-45-511",24.68
"25040","2025-45-510",24.44
"25041","2025-45-501",27.52
"25042","2025-45-509",24.29
"25043","2025-45-502",26.1400000000001
"25044","2025-45-503",26.79
"25045","2025-45-508",-273.15
"25046","2025-45-402",20.99
"25047","2025-45-407",29.38
"25048","2025-45-408",28.44
"25049","2025-45-401",-129.71
"25050","2025-45-406",-125.16
"25051","2025-45-409",29.01
"25052","2025-45-405",22.7300000000001
"25053","2025-45-404",24.3100000000001
"25054","2025-45-403",26.76
"25055","2025-45-410",-123.89
"25056","2025-45-706",23.5
"25057","2025-45-701",23.71
"25058","2025-45-705",27.43
"25059","2025-45-702",-124.32
"25060","2025-45-703",26.65
"25061","2025-45-704",23.31
"25062","2025-45-603",24.6700000000001
"25063","2025-45-610",26.88
"25064","2025-45-608",22.8900000000001
"25065","2025-45-602",28.69
"25066","2025-45-611",25.67
"25067","2025-45-607",-273.15
"25068","2025-45-604",24.05
"25069","2025-45-605",25
"25070","2025-45-609",26.38
"25071","2025-45-601",25.21
"25072","2025-45-606",-122.99
"25073","2025-45-112",22.47
"25074","2025-45-110",23.31
"25075","2025-45-106",21.9600000000001
"25076","2025-45-118",29.65
"25077","2025-45-103",21.98
"25078","2025-45-117",15.75
"25079","2025-45-102",22.35
"25080","2025-45-108",24.0300000000001
"25081","2025-45-120",20.03
"25082","2025-45-115",26.71
"25083","2025-45-107",24.68
"25084","2025-45-114",-124.47
"25085","2025-45-119",-121.67
"25086","2025-45-104",22.7500000000001
"25087","2025-45-101",-122.48
"25088","2025-45-109",24.53
"25089","2025-45-105",22.01
"25090","2025-45-113",29.28
"25091","2025-45-116",24.11
"25092","2025-45-111",-127.04
"25093","2025-46-201",24.37
"25094","2025-46-205",26.5775
"25095","2025-46-203",27.1875
"25096","2025-46-215",-160.4475
"25097","2025-46-214",-273.15
"25098","2025-46-206",26.075
"25099","2025-46-209",29.4150000000001
"25100","2025-46-207",25.07
"25101","2025-46-208",24.8425000000001
"25102","2025-46-216",-160.2
"25103","2025-46-210",-273.15
"25104","2025-46-204",27.595
"25105","2025-46-202",-169.665
"25106","2025-46-212",-163.455
"25107","2025-46-213",-273.15
"25108","2025-46-211",-273.15
"25109","2025-46-306",20.28
"25110","2025-46-301",20.6425
"25111","2025-46-308",17.9375
"25112","2025-46-304",24.0975
"25113","2025-46-303",27.305
"25114","2025-46-307",14.8125
"25115","2025-46-302",18.4025
"25116","2025-46-305",24.17
"25117","2025-46-507",26.89
"25118","2025-46-504",27.4725
"25119","2025-46-506",28.0400000000001
"25120","2025-46-505",27.465
"25121","2025-46-511",24.7725000000001
"25122","2025-46-510",24.9425
"25123","2025-46-501",27.6275
"25124","2025-46-509",25.0325
"25125","2025-46-502",26.245
"25126","2025-46-503",26.7
"25127","2025-46-508",-163.8525
"25128","2025-46-402",21.065
"25129","2025-46-407",30.01
"25130","2025-46-408",28.715
"25131","2025-46-401",-164.6175
"25132","2025-46-406",-161.5725
"25133","2025-46-409",29.2925
"25134","2025-46-405",22.705
"25135","2025-46-404",23.955
"25136","2025-46-403",27.3650000000001
"25137","2025-46-410",-159.78
"25138","2025-46-706",24.89
"25139","2025-46-701",-87.65
"25140","2025-46-705",27.7275
"25141","2025-46-702",-87.1125
"25142","2025-46-703",26.8325
"25143","2025-46-704",-88.1125
"25144","2025-46-603",25.6800000000001
"25145","2025-46-610",26.4
"25146","2025-46-608",-88.35
"25147","2025-46-602",28.895
"25148","2025-46-611",26.0075
"25149","2025-46-607",-273.15
"25150","2025-46-604",24.11
"25151","2025-46-605",25.5
"25152","2025-46-609",28.1125
"25153","2025-46-601",26.5925
"25154","2025-46-606",26.5025
"25155","2025-46-112",21.98
"25156","2025-46-110",23.2875
"25157","2025-46-106",21.6550000000001
"25158","2025-46-118",30.0450000000001
"25159","2025-46-103",22.2725
"25160","2025-46-117",15.7675
"25161","2025-46-102",23.2
"25162","2025-46-108",22.605
"25163","2025-46-120",19.76
"25164","2025-46-115",26.05
"25165","2025-46-107",25.49
"25166","2025-46-114",-161.985
"25167","2025-46-119",-159.39
"25168","2025-46-104",25.0725000000001
"25169","2025-46-101",-160.2825
"25170","2025-46-109",23.915
"25171","2025-46-105",-88.8125
"25172","2025-46-113",29.1325
"25173","2025-46-116",24.775
"25174","2025-46-111",-163.2825
"25175","2025-47-201",22.975
"25176","2025-47-205",26.49
"25177","2025-47-203",26.0450000000001
"25178","2025-47-215",-47.745
"25179","2025-47-214",-198.85
"25180","2025-47-206",26.63
"25181","2025-47-209",29.73
"25182","2025-47-207",25.335
"25183","2025-47-208",23.4000000000001
"25184","2025-47-216",28.2
"25185","2025-47-210",-198.165
"25186","2025-47-204",27.4700000000001
"25187","2025-47-202",7.175
"25188","2025-47-212",19.005
"25189","2025-47-213",-273.15
"25190","2025-47-211",-199.81
"25191","2025-47-306",18.6500000000001
"25192","2025-47-301",21.0600000000001
"25193","2025-47-308",17.095
"25194","2025-47-304",23.03
"25195","2025-47-303",27.975
"25196","2025-47-307",16.1250000000001
"25197","2025-47-302",17.94
"25198","2025-47-305",23.735
"25199","2025-47-507",27.2750000000001
"25200","2025-47-504",28.21
"25201","2025-47-506",28.005
"25202","2025-47-505",27.65
"25203","2025-47-511",25.32
"25204","2025-47-510",25.095
"25205","2025-47-501",26.5
"25206","2025-47-509",26.05
"25207","2025-47-502",26.01
"25208","2025-47-503",27.345
"25209","2025-47-508",19.235
"25210","2025-47-402",21.75
"25211","2025-47-407",29.855
"25212","2025-47-408",29.41
"25213","2025-47-401",15.96
"25214","2025-47-406",23.935
"25215","2025-47-409",28.99
"25216","2025-47-405",23.14
"25217","2025-47-404",23.125
"25218","2025-47-403",25.8
"25219","2025-47-410",28.565
"25220","2025-47-706",26.905
"25221","2025-47-701",-199.6
"25222","2025-47-705",27.205
"25223","2025-47-702",-197.7
"25224","2025-47-703",27.6300000000001
"25225","2025-47-704",-199.4
"25226","2025-47-603",27.03
"25227","2025-47-610",25.905
"25228","2025-47-608",-199.39
"25229","2025-47-602",28.89
"25230","2025-47-611",25.41
"25231","2025-47-607",-273.15
"25232","2025-47-604",24.15
"25233","2025-47-605",25.77
"25234","2025-47-609",28.015
"25235","2025-47-601",26.49
"25236","2025-47-606",25.895
"25237","2025-47-112",22.7500000000001
"25238","2025-47-110",23.78
"25239","2025-47-106",20.045
"25240","2025-47-118",31.1950000000001
"25241","2025-47-103",20.98
"25242","2025-47-117",16.39
"25243","2025-47-102",24.635
"25244","2025-47-108",21.425
"25245","2025-47-120",18.79
"25246","2025-47-115",27.5
"25247","2025-47-107",24.595
"25248","2025-47-114",22.845
"25249","2025-47-119",29.87
"25250","2025-47-104",25.325
"25251","2025-47-101",27.795
"25252","2025-47-109",23.72
"25253","2025-47-105",-199.725
"25254","2025-47-113",28.2200000000001
"25255","2025-47-116",24.81
"25256","2025-47-111",-53.415
"25257","2025-48-201",22.2475
"25258","2025-48-205",24.2625
"25259","2025-48-203",24.16
"25260","2025-48-215",-235.6725
"25261","2025-48-214",24.415
"25262","2025-48-206",25.4875
"25263","2025-48-209",29.2425000000001
"25264","2025-48-207",25.205
"25265","2025-48-208",22.8725
"25266","2025-48-216",28.495
"25267","2025-48-210",26.6375
"25268","2025-48-204",25.675
"25269","2025-48-202",20.4025
"25270","2025-48-212",17.9125
"25271","2025-48-213",-235.7525
"25272","2025-48-211",20.175
"25273","2025-48-306",18.9025
"25274","2025-48-301",19.3225
"25275","2025-48-308",17.395
"25276","2025-48-304",23.6950000000001
"25277","2025-48-303",27.615
"25278","2025-48-307",14.4425000000001
"25279","2025-48-302",17.5975
"25280","2025-48-305",21.68
"25281","2025-48-507",27.4525
"25282","2025-48-504",27.1325
"25283","2025-48-506",28.4475
"25284","2025-48-505",28.37
"25285","2025-48-511",25.805
"25286","2025-48-510",23.0825
"25287","2025-48-501",27.9475
"25288","2025-48-509",25.6900000000001
"25289","2025-48-502",27.4725000000001
"25290","2025-48-503",28.6275
"25291","2025-48-508",22.06
"25292","2025-48-402",19.4525
"25293","2025-48-407",29.0375
"25294","2025-48-408",27.985
"25295","2025-48-401",15.18
"25296","2025-48-406",22.6750000000001
"25297","2025-48-409",26.4675
"25298","2025-48-405",22.285
"25299","2025-48-404",24.915
"25300","2025-48-403",25.015
"25301","2025-48-410",26.7150000000001
"25302","2025-48-706",25.5075
"25303","2025-48-701",21.3075
"25304","2025-48-705",26.5325
"25305","2025-48-702",28.445
"25306","2025-48-703",26.545
"25307","2025-48-704",21.9075
"25308","2025-48-603",25.6475
"25309","2025-48-610",27.1525
"25310","2025-48-608",22.1025
"25311","2025-48-602",27.8300000000001
"25312","2025-48-611",25.515
"25313","2025-48-607",-273.15
"25314","2025-48-604",24.6525000000001
"25315","2025-48-605",26.5725
"25316","2025-48-609",27.9175
"25317","2025-48-601",24.9225
"25318","2025-48-606",27.235
"25319","2025-48-112",22.915
"25320","2025-48-110",23.1525
"25321","2025-48-106",20.7100000000001
"25322","2025-48-118",29.8750000000001
"25323","2025-48-103",20.1
"25324","2025-48-117",16.3325
"25325","2025-48-102",22.6525
"25326","2025-48-108",21.8925
"25327","2025-48-120",18.845
"25328","2025-48-115",24.8875
"25329","2025-48-107",22.655
"25330","2025-48-114",21.545
"25331","2025-48-119",28.7075
"25332","2025-48-104",24.22
"25333","2025-48-101",27.8600000000001
"25334","2025-48-109",24.4275
"25335","2025-48-105",20.79
"25336","2025-48-113",26.05
"25337","2025-48-116",24.6350000000001
"25338","2025-48-111",-236.6925
"25339","2025-49-201",23.35
"25340","2025-49-205",25.47
"25341","2025-49-203",25.77
"25342","2025-49-215",26.67
"25343","2025-49-214",26.97
"25344","2025-49-206",24.21
"25345","2025-49-209",29.1900000000001
"25346","2025-49-207",25.03
"25347","2025-49-208",24.01
"25348","2025-49-216",27.41
"25349","2025-49-210",25.5700000000001
"25350","2025-49-204",25.71
"25351","2025-49-202",21.33
"25352","2025-49-212",17.93
"25353","2025-49-213",26.03
"25354","2025-49-211",19.93
"25355","2025-49-306",20.2500000000001
"25356","2025-49-301",19.1300000000001
"25357","2025-49-308",18.55
"25358","2025-49-304",23.73
"25359","2025-49-303",26.2500000000001
"25360","2025-49-307",15.79
"25361","2025-49-302",18.35
"25362","2025-49-305",22.73
"25363","2025-49-507",26.91
"25364","2025-49-504",30.09
"25365","2025-49-506",29.1300000000001
"25366","2025-49-505",27.95
"25367","2025-49-511",24.79
"25368","2025-49-510",24.43
"25369","2025-49-501",29.47
"25370","2025-49-509",25.6900000000001
"25371","2025-49-502",26.37
"25372","2025-49-503",27.21
"25373","2025-49-508",22.41
"25374","2025-49-402",21.01
"25375","2025-49-407",28.67
"25376","2025-49-408",28.09
"25377","2025-49-401",16.23
"25378","2025-49-406",23.41
"25379","2025-49-409",28.55
"25380","2025-49-405",22.39
"25381","2025-49-404",22.85
"25382","2025-49-403",25.61
"25383","2025-49-410",26.47
"25384","2025-49-706",28.01
"25385","2025-49-701",23.11
"25386","2025-49-705",27.81
"25387","2025-49-702",27.01
"25388","2025-49-703",28.1900000000001
"25389","2025-49-704",22.31
"25390","2025-49-603",24.37
"25391","2025-49-610",26.33
"25392","2025-49-608",23.59
"25393","2025-49-602",28.39
"25394","2025-49-611",25.41
"25395","2025-49-607",-273.15
"25396","2025-49-604",25.23
"25397","2025-49-605",25.47
"25398","2025-49-609",25.87
"25399","2025-49-601",25.29
"25400","2025-49-606",26.01
"25401","2025-49-112",21.55
"25402","2025-49-110",22.33
"25403","2025-49-106",20.85
"25404","2025-49-118",28.51
"25405","2025-49-103",20.87
"25406","2025-49-117",16.77
"25407","2025-49-102",23.79
"25408","2025-49-108",23.17
"25409","2025-49-120",19.65
"25410","2025-49-115",26.55
"25411","2025-49-107",23.67
"25412","2025-49-114",21.79
"25413","2025-49-119",27.71
"25414","2025-49-104",22.47
"25415","2025-49-101",29.05
"25416","2025-49-109",24.55
"25417","2025-49-105",22.47
"25418","2025-49-113",28.71
"25419","2025-49-116",24.2500000000001
"25420","2025-49-111",18.51
"25421","2025-50-201",22.8425
"25422","2025-50-205",23.65
"25423","2025-50-203",24.1425
"25424","2025-50-215",11.725
"25425","2025-50-214",20.5125
"25426","2025-50-206",22.2675
"25427","2025-50-209",26.0225000000001
"25428","2025-50-207",19.8150000000001
"25429","2025-50-208",22.995
"25430","2025-50-216",-235.58
"25431","2025-50-210",-235.81
"25432","2025-50-204",23.8375000000001
"25433","2025-50-202",-236.34
"25434","2025-50-212",16.3375
"25435","2025-50-213",-235.7525
"25436","2025-50-211",19.3875
"25437","2025-50-306",-236.475
"25438","2025-50-301",19.7075
"25439","2025-50-308",16.065
"25440","2025-50-304",24.5525
"25441","2025-50-303",26.985
"25442","2025-50-307",14.7575
"25443","2025-50-302",18.245
"25444","2025-50-305",22.835
"25445","2025-50-507",27.68
"25446","2025-50-504",28.165
"25447","2025-50-506",28.955
"25448","2025-50-505",26.7775
"25449","2025-50-511",25.0350000000001
"25450","2025-50-510",22.645
"25451","2025-50-501",27.615
"25452","2025-50-509",21.42
"25453","2025-50-502",26.51
"25454","2025-50-503",26.4225
"25455","2025-50-508",19.0325
"25456","2025-50-402",20.1
"25457","2025-50-407",24.6625
"25458","2025-50-408",26.305
"25459","2025-50-401",9.44000000000003
"25460","2025-50-406",21.1175
"25461","2025-50-409",26.0125
"25462","2025-50-405",20.92
"25463","2025-50-404",22.6925
"25464","2025-50-403",23.58
"25465","2025-50-410",24.4925
"25466","2025-50-706",27.9575
"25467","2025-50-701",24.1425
"25468","2025-50-705",24.765
"25469","2025-50-702",-235.63
"25470","2025-50-703",25.915
"25471","2025-50-704",19.3875
"25472","2025-50-603",21.885
"25473","2025-50-610",27.1175
"25474","2025-50-608",22.68
"25475","2025-50-602",-235.4575
"25476","2025-50-611",23.6075
"25477","2025-50-607",-273.15
"25478","2025-50-604",20.855
"25479","2025-50-605",26.9225000000001
"25480","2025-50-609",25.4675
"25481","2025-50-601",23.5050000000001
"25482","2025-50-606",26.15
"25483","2025-50-112",21.375
"25484","2025-50-110",19.9675000000001
"25485","2025-50-106",18.7675
"25486","2025-50-118",27.425
"25487","2025-50-103",19.995
"25488","2025-50-117",9.805
"25489","2025-50-102",22.3025
"25490","2025-50-108",21.0000000000001
"25491","2025-50-120",16.8675
"25492","2025-50-115",24.66
"25493","2025-50-107",22.4625
"25494","2025-50-114",21.5275
"25495","2025-50-119",24.8925
"25496","2025-50-104",23.1525000000001
"25497","2025-50-101",24.885
"25498","2025-50-109",24.1125
"25499","2025-50-105",15.3125
"25500","2025-50-113",25.9625000000001
"25501","2025-50-116",21.6250000000001
"25502","2025-50-111",-236.6925
"25503","2025-51-201",23.355
"25504","2025-51-205",25.43
"25505","2025-51-203",25.875
"25506","2025-51-215",20.69
"25507","2025-51-214",-199.965
"25508","2025-51-206",24.42
"25509","2025-51-209",28.6
"25510","2025-51-207",23.2850000000001
"25511","2025-51-208",23.84
"25512","2025-51-216",-50.7
"25513","2025-51-210",-48.555
"25514","2025-51-204",26.495
"25515","2025-51-202",-52.65
"25516","2025-51-212",17.07
"25517","2025-51-213",-273.15
"25518","2025-51-211",19.79
"25519","2025-51-306",-54.6899999999999
"25520","2025-51-301",18.065
"25521","2025-51-308",16.055
"25522","2025-51-304",23.9350000000001
"25523","2025-51-303",25.515
"25524","2025-51-307",14.46
"25525","2025-51-302",17.33
"25526","2025-51-305",21.2750000000001
"25527","2025-51-507",27.97
"25528","2025-51-504",28.835
"25529","2025-51-506",28.555
"25530","2025-51-505",27.885
"25531","2025-51-511",25.835
"25532","2025-51-510",22.18
"25533","2025-51-501",28.535
"25534","2025-51-509",25.01
"25535","2025-51-502",27.04
"25536","2025-51-503",27.93
"25537","2025-51-508",21.22
"25538","2025-51-402",19.685
"25539","2025-51-407",27.0750000000001
"25540","2025-51-408",27.205
"25541","2025-51-401",9.97000000000001
"25542","2025-51-406",21.1350000000001
"25543","2025-51-409",26.79
"25544","2025-51-405",20.335
"25545","2025-51-404",22.475
"25546","2025-51-403",23.9650000000001
"25547","2025-51-410",23.91
"25548","2025-51-706",27.02
"25549","2025-51-701",22.88
"25550","2025-51-705",25.98
"25551","2025-51-702",-48.135
"25552","2025-51-703",23.88
"25553","2025-51-704",20.05
"25554","2025-51-603",23.8550000000001
"25555","2025-51-610",26.51
"25556","2025-51-608",22.685
"25557","2025-51-602",-46.7699999999999
"25558","2025-51-611",24.97
"25559","2025-51-607",-273.15
"25560","2025-51-604",23.83
"25561","2025-51-605",26.23
"25562","2025-51-609",26.3700000000001
"25563","2025-51-601",25.395
"25564","2025-51-606",26.17
"25565","2025-51-112",22.01
"25566","2025-51-110",21.115
"25567","2025-51-106",19.565
"25568","2025-51-118",27.2100000000001
"25569","2025-51-103",18.91
"25570","2025-51-117",14.975
"25571","2025-51-102",22.735
"25572","2025-51-108",21.365
"25573","2025-51-120",18.87
"25574","2025-51-115",24.585
"25575","2025-51-107",24.54
"25576","2025-51-114",21.115
"25577","2025-51-119",27.625
"25578","2025-51-104",23.9100000000001
"25579","2025-51-101",25.85
"25580","2025-51-109",24.14
"25581","2025-51-105",20.5450000000001
"25582","2025-51-113",26.335
"25583","2025-51-116",23.695
"25584","2025-51-111",-54.75
"25585","2025-52-201",22.7000000000001
"25586","2025-52-205",26.135
"25587","2025-52-203",26.5925000000001
"25588","2025-52-215",24.7775
"25589","2025-52-214",-86.55
"25590","2025-52-206",23.63
"25591","2025-52-209",28.91
"25592","2025-52-207",24.4775
"25593","2025-52-208",23.62
"25594","2025-52-216",23.3250000000001
"25595","2025-52-210",24.435
"25596","2025-52-204",26.8075
"25597","2025-52-202",-162.9
"25598","2025-52-212",17.2650000000001
"25599","2025-52-213",-273.15
"25600","2025-52-211",19.3375
"25601","2025-52-306",16.3300000000001
"25602","2025-52-301",18.8525
"25603","2025-52-308",15.5325
"25604","2025-52-304",23.74
"25605","2025-52-303",24.94
"25606","2025-52-307",14.2225
"25607","2025-52-302",16.755
"25608","2025-52-305",22.525
"25609","2025-52-507",28.3175
"25610","2025-52-504",29.7625000000001
"25611","2025-52-506",28.8425
"25612","2025-52-505",28.885
"25613","2025-52-511",26.1150000000001
"25614","2025-52-510",24.0225
"25615","2025-52-501",29.28
"25616","2025-52-509",26.71
"25617","2025-52-502",27.3725
"25618","2025-52-503",28.8825000000001
"25619","2025-52-508",21.5225
"25620","2025-52-402",19.49
"25621","2025-52-407",28.57
"25622","2025-52-408",27.9025
"25623","2025-52-401",12.3325
"25624","2025-52-406",20.925
"25625","2025-52-409",27.2075
"25626","2025-52-405",20.91
"25627","2025-52-404",22.035
"25628","2025-52-403",24.265
"25629","2025-52-410",23.8475
"25630","2025-52-706",26.7225
"25631","2025-52-701",23.2725
"25632","2025-52-705",26.6300000000001
"25633","2025-52-702",26.7825
"25634","2025-52-703",25.5475
"25635","2025-52-704",-163.065
"25636","2025-52-603",23.855
"25637","2025-52-610",26.07
"25638","2025-52-608",22.88
"25639","2025-52-602",28.515
"25640","2025-52-611",25.51
"25641","2025-52-607",-273.15
"25642","2025-52-604",25.0175
"25643","2025-52-605",25.5425
"25644","2025-52-609",27.1025
"25645","2025-52-601",26.0475
"25646","2025-52-606",26.3825
"25647","2025-52-112",22.6175
"25648","2025-52-110",21.7225
"25649","2025-52-106",19.6925
"25650","2025-52-118",27.615
"25651","2025-52-103",18.5525
"25652","2025-52-117",16.2425
"25653","2025-52-102",23.525
"25654","2025-52-108",22.0275
"25655","2025-52-120",17.5325000000001
"25656","2025-52-115",25.1625
"25657","2025-52-107",25.1900000000001
"25658","2025-52-114",21.9275
"25659","2025-52-119",28.3325000000001
"25660","2025-52-104",24.555
"25661","2025-52-101",26.3325
"25662","2025-52-109",24.245
"25663","2025-52-105",22.7175
"25664","2025-52-113",26.19
"25665","2025-52-116",24.0350000000001
"25666","2025-52-111",-163.95
"25667","2025-1-201",22.1900000000001
"25668","2025-1-205",26.15
"25669","2025-1-203",26.6300000000001
"25670","2025-1-215",25.01
"25671","2025-1-214",25.41
"25672","2025-1-206",22.67
"25673","2025-1-209",28.49
"25674","2025-1-207",24.35
"25675","2025-1-208",23.29
"25676","2025-1-216",23.2500000000001
"25677","2025-1-210",23.31
"25678","2025-1-204",26.41
"25679","2025-1-202",-273.15
"25680","2025-1-212",17.1900000000001
"25681","2025-1-213",-273.15
"25682","2025-1-211",18.97
"25683","2025-1-306",15.2500000000001
"25684","2025-1-301",19.67
"25685","2025-1-308",15.15
"25686","2025-1-304",23.77
"25687","2025-1-303",24.91
"25688","2025-1-307",14.11
"25689","2025-1-302",16.59
"25690","2025-1-305",23.59
"25691","2025-1-507",28.49
"25692","2025-1-504",30.1300000000001
"25693","2025-1-506",29.09
"25694","2025-1-505",29.23
"25695","2025-1-511",26.1300000000001
"25696","2025-1-510",25.17
"25697","2025-1-501",29.49
"25698","2025-1-509",26.89
"25699","2025-1-502",27.47
"25700","2025-1-503",29.1300000000001
"25701","2025-1-508",21.17
"25702","2025-1-402",19.43
"25703","2025-1-407",28.87
"25704","2025-1-408",28.09
"25705","2025-1-401",13.45
"25706","2025-1-406",20.73
"25707","2025-1-409",27.23
"25708","2025-1-405",21.33
"25709","2025-1-404",21.81
"25710","2025-1-403",24.31
"25711","2025-1-410",23.87
"25712","2025-1-706",26.73
"25713","2025-1-701",23.79
"25714","2025-1-705",26.6900000000001
"25715","2025-1-702",26.73
"25716","2025-1-703",26.89
"25717","2025-1-704",-273.15
"25718","2025-1-603",23.39
"25719","2025-1-610",25.95
"25720","2025-1-608",22.97
"25721","2025-1-602",28.41
"25722","2025-1-611",25.51
"25723","2025-1-607",-273.15
"25724","2025-1-604",25.01
"25725","2025-1-605",25.31
"25726","2025-1-609",27.35
"25727","2025-1-601",26.01
"25728","2025-1-606",26.51
"25729","2025-1-112",22.85
"25730","2025-1-110",21.79
"25731","2025-1-106",19.55
"25732","2025-1-118",27.87
"25733","2025-1-103",18.53
"25734","2025-1-117",15.77
"25735","2025-1-102",23.87
"25736","2025-1-108",22.29
"25737","2025-1-120",16.2500000000001
"25738","2025-1-115",25.47
"25739","2025-1-107",25.1300000000001
"25740","2025-1-114",22.49
"25741","2025-1-119",28.1300000000001
"25742","2025-1-104",24.81
"25743","2025-1-101",26.31
"25744","2025-1-109",24.29
"25745","2025-1-105",22.77
"25746","2025-1-113",25.95
"25747","2025-1-116",23.7500000000001
"25748","2025-1-111",-273.15
