,actual,pred,week_canton
200,1.1595700118871033,0.42321148018362975,2024-1-101
201,1.3602308502111995,0.8959518809381422,2024-2-101
202,1.393506002624767,0.9176089700322118,2024-3-101
203,1.2106315348727243,1.1115355403869869,2024-4-101
204,1.2397659514404118,1.1527440864573124,2024-5-101
205,1.2694818056791637,1.1247284102257868,2024-6-101
206,1.7394578453108842,1.3552736583955172,2024-7-101
207,0.9520540125921404,1.4613511310193137,2024-8-101
208,1.3786103036617974,1.1888702263533157,2024-9-101
209,0.9155302537138748,1.1224428736081824,2024-10-101
210,1.1444713717320594,1.143017902244011,2024-11-101
211,0.8002091539691445,1.0803332528292213,2024-12-101
212,0.9932699866388288,0.7795957510617321,2024-13-101
213,1.2456725203565098,0.9374566195600248,2024-14-101
214,1.0222486542402756,1.0297691555535058,2024-15-101
215,0.8901342862114209,0.9768348695900226,2024-16-101
216,0.8860394147163677,0.9849990293565595,2024-17-101
217,0.726122768479126,0.7729926156982512,2024-18-101
218,0.8227495588068642,0.9853926857492146,2024-19-101
219,0.3677126408624275,0.8861694631621738,2024-20-101
220,0.7267796982193242,0.544677335582114,2024-21-101
221,0.6908234983550421,0.7366726121367613,2024-22-101
222,0.6222829659405439,0.6562486256361342,2024-23-101
223,0.6136312763744666,0.6905759816969096,2024-24-101
224,0.6688844578200739,0.6229881797723555,2024-25-101
225,0.4022075702881277,0.7089759346778277,2024-26-101
226,0.917572117953904,0.7516688775931826,2024-27-101
227,0.8060232822177731,0.7067132940455452,2024-28-101
228,0.8437961909060656,0.774919008955046,2024-29-101
229,1.3102862742550816,0.8455938743185223,2024-30-101
230,0.9551374349373148,0.9576327529067439,2024-31-101
231,0.9686912510412942,0.9050073396652564,2024-32-101
232,2.405331456139684,1.003538935174398,2024-33-101
233,2.1098119479725743,1.4585746234634105,2024-34-101
234,2.897527403619976,1.722189170990414,2024-35-101
235,2.860960769631084,2.097030190883837,2024-36-101
236,3.457019900764394,2.3719737572055486,2024-37-101
237,3.715719224414356,2.798486257383784,2024-38-101
238,4.000933555698498,3.0623474296188045,2024-39-101
239,3.4625783225570745,3.321831088867395,2024-40-101
240,3.729463629320369,3.244241855138216,2024-41-101
241,4.0744684904679245,3.3002254670687265,2024-42-101
242,3.4613344870659564,3.5020373275263417,2024-43-101
243,4.437434127082788,3.3383987901923637,2024-44-101
244,4.72005412955498,3.530300591145278,2024-45-101
245,4.904835092979193,3.851396685168727,2024-46-101
246,3.8583111232614167,4.216407421139666,2024-47-101
247,5.05830377747833,3.9297106059501123,2024-48-101
248,3.898706732133284,4.323212919104743,2024-49-101
249,3.1381028934979853,4.041881168421171,2024-50-101
250,3.580234678489147,3.496787315567505,2024-51-101
251,3.3000878394404163,3.3772963582924582,2024-52-101
504,0.4303084494898565,0.07005848422103633,2024-1-102
505,0.2984000481149812,0.39678995070144674,2024-2-102
506,0.2271795119386042,0.20533518327861833,2024-3-102
507,0.2315181404214686,0.2514912768639931,2024-4-102
508,0.0,0.27256722249254306,2024-5-102
509,0.3078870933833353,0.08020825828409406,2024-6-102
510,0.1729613264172646,0.3302886803991879,2024-7-102
511,0.0,0.2604539310816403,2024-8-102
512,0.0,0.13774815415678043,2024-9-102
513,0.0,-0.013731644529207498,2024-10-102
514,0.5689249943017157,0.12763713562349588,2024-11-102
515,0.305982432180313,0.27848036315232916,2024-12-102
516,0.0,0.168565290891028,2024-13-102
517,0.2948447663450736,0.19321659965770543,2024-14-102
518,0.3387352378018072,0.22748852823459276,2024-15-102
519,0.0,0.28588096582869027,2024-16-102
520,0.0,0.2550820661765283,2024-17-102
521,0.0,-0.015051015620608954,2024-18-102
522,0.0,0.23654357741329812,2024-19-102
523,0.2610579447697203,0.15112421033123558,2024-20-102
524,0.0,0.08200517835760601,2024-21-102
525,0.2985163976770325,0.1921480784129146,2024-22-102
526,0.2290547732113247,0.2008890642758666,2024-23-102
527,0.2258630526526608,0.29452715654116834,2024-24-102
528,0.0,0.2677645237637011,2024-25-102
529,0.2997681766795776,0.2092814967794865,2024-26-102
530,0.1982179708786824,0.39863758535742,2024-27-102
531,0.1906977524388611,0.2578746302904571,2024-28-102
532,0.0687245078626234,0.2617304025678313,2024-29-102
533,0.0,0.234266269685675,2024-30-102
534,0.3489025452447098,0.07452198230491203,2024-31-102
535,0.2005108834601434,0.11294620728074067,2024-32-102
536,0.2731161148510016,0.29288099815197954,2024-33-102
537,0.3175900583483381,0.19454341293102895,2024-34-102
538,0.3184291735273319,0.25141486370553634,2024-35-102
539,0.2885466542193838,0.24221353579320937,2024-36-102
540,0.4713643777544432,0.2501536732851056,2024-37-102
541,0.768980475709619,0.3174586312878793,2024-38-102
542,0.6479851897471736,0.4545915400281051,2024-39-102
543,1.0595402656071389,0.4955958360230218,2024-40-102
544,0.8736834912468082,0.6793912063206047,2024-41-102
545,0.8387526569768913,0.746626413008809,2024-42-102
546,0.8719256329004246,0.7712268701730733,2024-43-102
547,0.8764373356671942,0.7760577523427101,2024-44-102
548,0.4507480664440057,0.7372352506159376,2024-45-102
549,0.9742295507059144,0.5187781333605804,2024-46-102
550,0.5371533401510818,0.725965943891143,2024-47-102
551,0.1902747667665432,0.6762008223736893,2024-48-102
552,0.2277395873941433,0.5537224466511329,2024-49-102
553,0.0,0.4144517175522736,2024-50-102
554,0.0,0.270533574623962,2024-51-102
555,0.0,0.2169494578237432,2024-52-102
808,0.4997522565646985,0.2820031645730625,2024-1-103
809,0.3754378287837711,0.47141499160387323,2024-2-103
810,0.9564369633755267,0.3199603388043516,2024-3-103
811,0.336106074221221,0.6224250203797179,2024-4-103
812,0.2982940261320621,0.5286583397255813,2024-5-103
813,0.3128852903790725,0.34863828909717154,2024-6-103
814,0.3013200414998614,0.5357112604945764,2024-7-103
815,0.6342941906445481,0.48715032636884414,2024-8-103
816,0.6218722464310431,0.537804687880571,2024-9-103
817,0.5139208711252715,0.5128887057178712,2024-10-103
818,0.7433679903231803,0.6221215370097484,2024-11-103
819,0.4442270154608288,0.6523262516429333,2024-12-103
820,0.238934715069937,0.4839260478020643,2024-13-103
821,0.0856123018048954,0.48825822230651306,2024-14-103
822,0.0983569987084469,0.29900620736165395,2024-15-103
823,0.3952760899669416,0.19927942030424517,2024-16-103
824,0.5901707949370136,0.3817676999232743,2024-17-103
825,0.2857878748428693,0.3524116434724236,2024-18-103
826,0.2226191428699004,0.537156886214331,2024-19-103
827,0.1516081313362174,0.42061042076799193,2024-20-103
828,0.2330561981782793,0.22750728940175924,2024-21-103
829,0.3900682173410306,0.3472054306925322,2024-22-103
830,0.3658171251626933,0.39219620571902847,2024-23-103
831,0.2951357645833892,0.4446140955697394,2024-24-103
832,0.2948935736589785,0.2999809030866738,2024-25-103
833,0.5803134984780995,0.27343512188487784,2024-26-103
834,0.2877953994730929,0.5553536397942603,2024-27-103
835,0.387629519269327,0.37960885438163305,2024-28-103
836,0.3392627662070907,0.4077913992076311,2024-29-103
837,0.7009042920786164,0.3790472894195319,2024-30-103
838,0.7700132339725283,0.42174419321433376,2024-31-103
839,0.7375358945448458,0.549359042008641,2024-32-103
840,0.7534530747915085,0.7330540401468951,2024-33-103
841,0.959153079950586,0.6510177095280162,2024-34-103
842,1.442538935147457,0.7774561420807606,2024-35-103
843,1.6758631158475708,1.0254025718252657,2024-36-103
844,1.838152266820228,1.2995608700111525,2024-37-103
845,2.047029360276688,1.4679559947493719,2024-38-103
846,2.3835658148316945,1.6166089092196343,2024-39-103
847,2.2958736355167813,1.960767505682325,2024-40-103
848,2.6640843300652706,2.0325641079533314,2024-41-103
849,2.131321212278992,2.21296189574824,2024-42-103
850,1.953370011386239,2.192104832903241,2024-43-103
851,1.7816839434255745,2.056595735705443,2024-44-103
852,1.3526594549865307,1.937428728737737,2024-45-103
853,0.9053736328683124,1.6258201765732174,2024-46-103
854,0.8839850430389175,1.3741022557206808,2024-47-103
855,0.4973304848507418,1.2616227606086163,2024-48-103
856,0.6613971300831415,0.9569077672731765,2024-49-103
857,0.6568523121147855,0.8766086574274548,2024-50-103
858,0.1032476785073302,0.70396194011847,2024-51-103
859,0.164079898761685,0.5271794165635144,2024-52-103
1112,0.1561646067415673,0.9346200731931316,2024-1-104
1113,0.1804898249810805,0.683627828540726,2024-2-104
1114,0.0,0.7123063522653752,2024-3-104
1115,0.0,0.368461718461482,2024-4-104
1116,0.233030744924414,0.37190818022511585,2024-5-104
1117,0.0,0.42919002908743153,2024-6-104
1118,0.0,0.33441922380222255,2024-7-104
1119,0.3303457699185452,0.2877303904485865,2024-8-104
1120,0.0,0.5403201122231,2024-9-104
1121,1.8353456803101336,0.19690236541526596,2024-10-104
1122,0.0,0.9526681803596557,2024-11-104
1123,0.0,0.6826454336439816,2024-12-104
1124,0.7466370420026884,0.38993918076290524,2024-13-104
1125,0.0,0.6372711218617686,2024-14-104
1126,0.0,0.6348487947803758,2024-15-104
1127,0.61759167759616,0.29481374553209827,2024-16-104
1128,1.2294688878625908,0.48529986634252364,2024-17-104
1129,1.1907314535412363,0.8531954056585979,2024-18-104
1130,1.3913102810448157,1.1787775415987425,2024-19-104
1131,0.4737554176125594,1.2283930294869712,2024-20-104
1132,0.7282702247225931,0.9437716474362778,2024-21-104
1133,0.5417390554062742,1.0212550352861551,2024-22-104
1134,0.6235264750470699,0.7638431052887718,2024-23-104
1135,1.2296827475332834,0.8628460560645934,2024-24-104
1136,0.6701859440750935,0.7676509057996967,2024-25-104
1137,1.9947490389680589,0.7530690808879136,2024-26-104
1138,1.438921472414655,1.539300495502803,2024-27-104
1139,1.2112965013853791,1.4188813788110575,2024-28-104
1140,0.6236217510751457,1.3880530717654413,2024-29-104
1141,0.530968919425546,1.0303731755538903,2024-30-104
1142,0.7598546559514381,0.8741251578382832,2024-31-104
1143,0.3639031894233375,0.8467870076789553,2024-32-104
1144,0.2478380637335728,0.7598494166018879,2024-33-104
1145,0.2305580726587769,0.4988708446752004,2024-34-104
1146,0.4623374189782127,0.4483153409436881,2024-35-104
1147,0.52369088505289,0.4252487937689162,2024-36-104
1148,0.0,0.6096211346504798,2024-37-104
1149,0.6978302915190262,0.3843155716884926,2024-38-104
1150,0.6533709751086796,0.4795978478948806,2024-39-104
1151,0.4437776173547506,0.5526397937089305,2024-40-104
1152,0.7928607558280919,0.5375368079353188,2024-41-104
1153,0.761166144824976,0.5404933472762748,2024-42-104
1154,1.1303936815852131,0.7742762667196857,2024-43-104
1155,0.2272500057021137,0.8992915386506521,2024-44-104
1156,0.8181213116470059,0.5695991766033173,2024-45-104
1157,0.3536534410120068,0.6053662387841803,2024-46-104
1158,0.9749618770423828,0.8361239195986929,2024-47-104
1159,2.072166086535089,0.9634324718828388,2024-48-104
1160,1.6534588569227946,1.4940683116490057,2024-49-104
1161,0.0,1.6318894186759492,2024-50-104
1162,1.935857372034956,0.883997653538338,2024-51-104
1163,1.0254808185621105,1.5861911191546938,2024-52-104
1416,0.0,0.5347649986605447,2024-1-105
1417,0.0,0.3565215530848542,2024-2-105
1418,0.0,0.296867367370641,2024-3-105
1419,0.0,0.28394114508147783,2024-4-105
1420,0.0,0.26053674826815576,2024-5-105
1421,0.0,0.19632126127694782,2024-6-105
1422,0.0,0.3827212657338839,2024-7-105
1423,0.0,0.21320722932615432,2024-8-105
1424,0.0,0.2112563526066925,2024-9-105
1425,0.0,0.12929301445758234,2024-10-105
1426,0.0,0.27041147666168663,2024-11-105
1427,0.0,0.22744337608580045,2024-12-105
1428,0.0,0.10596774237296036,2024-13-105
1429,0.0,0.23651656972171542,2024-14-105
1430,0.0,0.21876420553503761,2024-15-105
1431,0.0,0.1664608383033862,2024-16-105
1432,0.0,0.2380979714330812,2024-17-105
1433,0.0,0.15614477968632656,2024-18-105
1434,0.0,0.3103258786305023,2024-19-105
1435,0.0,0.37767025191431347,2024-20-105
1436,0.7905912157589721,0.09198682406399072,2024-21-105
1437,0.0,0.4898310228353254,2024-22-105
1438,0.0,0.415319689444697,2024-23-105
1439,0.0,0.3433447809568416,2024-24-105
1440,0.0,0.20081154583711258,2024-25-105
1441,0.0,0.3566456056003764,2024-26-105
1442,0.0,0.27639404977379267,2024-27-105
1443,0.0,0.1579475698528242,2024-28-105
1444,0.0,0.16337738616452147,2024-29-105
1445,0.0,0.18682587628529346,2024-30-105
1446,0.0,0.13475440618535095,2024-31-105
1447,0.0,0.0809409632345186,2024-32-105
1448,0.0,0.20052939950770154,2024-33-105
1449,0.0,0.006796582977805832,2024-34-105
1450,0.0,0.16762361167079598,2024-35-105
1451,0.0,0.07835613568319699,2024-36-105
1452,0.0,-0.026194292209313685,2024-37-105
1453,0.0,0.048296539292390195,2024-38-105
1454,0.0,-0.016515092042859836,2024-39-105
1455,0.0,-0.11740297960873392,2024-40-105
1456,0.0,0.006223077525624232,2024-41-105
1457,0.0,-0.07945619377079005,2024-42-105
1458,0.0,0.019412757872996123,2024-43-105
1459,0.0,0.0718253106898965,2024-44-105
1460,0.0,0.15602834312490987,2024-45-105
1461,0.0,0.08184003802900852,2024-46-105
1462,0.0,0.2121458354320812,2024-47-105
1463,0.0,0.17626565032050723,2024-48-105
1464,0.0,0.2839778907004128,2024-49-105
1465,0.0,0.05107096151753576,2024-50-105
1466,0.0,0.13510426697641265,2024-51-105
1467,0.0,0.28418149442557217,2024-52-105
1720,0.1945424633997629,0.5373178867219668,2024-1-106
1721,0.2248508444064822,0.44652268785471805,2024-2-106
1722,0.0,0.2911873749149657,2024-3-106
1723,0.1308478564592278,0.21923336811423222,2024-4-106
1724,0.1451626937185733,0.17882248758527985,2024-5-106
1725,0.5220583033476354,0.14583151608392853,2024-6-106
1726,0.3910457823329034,0.48802010628201975,2024-7-106
1727,0.2057977034957798,0.4421809547350555,2024-8-106
1728,0.0,0.3618086737355206,2024-9-106
1729,0.2858575292535715,0.19284259153772365,2024-10-106
1730,0.6432102440209143,0.3837532487666321,2024-11-106
1731,0.3459447629214164,0.48787073192099606,2024-12-106
1732,0.4651909347286586,0.33782049264006664,2024-13-106
1733,0.3333714042501493,0.48272982351633864,2024-14-106
1734,0.3830078036456937,0.47322937458462344,2024-15-106
1735,0.7696319462539014,0.461773598450289,2024-16-106
1736,0.3830444569576788,0.6686622632893893,2024-17-106
1737,0.0,0.4475350582373837,2024-18-106
1738,0.577982012869274,0.4723914062589374,2024-19-106
1739,0.590439967206281,0.48687555966082563,2024-20-106
1740,0.0,0.4423251947870186,2024-21-106
1741,0.8439984754440675,0.4842811470037922,2024-22-106
1742,0.388576360330983,0.36657028754077914,2024-23-106
1743,0.5108968999005918,0.5797061509671414,2024-24-106
1744,0.7309283010377862,0.5260761370187655,2024-25-106
1745,1.0171604585534817,0.3701062804428116,2024-26-106
1746,1.0089065256401588,0.8918190371162872,2024-27-106
1747,0.647105248421844,0.9504152821496902,2024-28-106
1748,1.3992809987241654,0.8012850487313583,2024-29-106
1749,0.7446337753445893,1.1270721930523384,2024-30-106
1750,1.420865033429518,0.8557388005906705,2024-31-106
1751,1.2853591708533505,1.0755110775960501,2024-32-106
1752,0.9269155273093092,1.2968630744617566,2024-33-106
1753,0.7904489891337081,1.0113110923191595,2024-34-106
1754,0.6484586880817805,0.8271507960647694,2024-35-106
1755,0.5712993613568259,0.7236437536085666,2024-36-106
1756,0.5333092205119383,0.6264182333533597,2024-37-106
1757,1.160083016123865,0.5129336583554458,2024-38-106
1758,0.7331836675177645,0.7210006115337012,2024-39-106
1759,0.8299979254462554,0.6068375275072895,2024-40-106
1760,0.4943074976440258,0.6803086426972529,2024-41-106
1761,0.9491167793717986,0.50010122334699,2024-42-106
1762,0.563819141176719,0.7010270539124493,2024-43-106
1763,0.2833765573010229,0.6352312867188766,2024-44-106
1764,0.3400684805793611,0.40094505218077625,2024-45-106
1765,0.0,0.48079007291277076,2024-46-106
1766,0.2026404472671451,0.6229777874337018,2024-47-106
1767,0.0,0.2986037174654512,2024-48-106
1768,0.0,0.3908932348196764,2024-49-106
1769,0.0,0.038058036285190555,2024-50-106
1770,0.0,0.11953358022784077,2024-51-106
1771,0.639494523892552,0.42713660975911705,2024-52-106
2024,0.2122273276322889,1.0682645035596274,2024-1-107
2025,0.7358737876115242,0.7663387948830758,2024-2-107
2026,0.8403841878956876,0.8642027780016465,2024-3-107
2027,0.5709728810384626,0.8838060869142945,2024-4-107
2028,0.6334386349066812,0.8158056464506918,2024-5-107
2029,1.1390405954052942,0.710589450484479,2024-6-107
2030,2.1329882865243066,1.1457258906348076,2024-7-107
2031,0.4490162313639008,1.6534706251932443,2024-8-107
2032,0.5282805009893723,1.3243202708369353,2024-9-107
2033,1.247390604847255,0.8285471812260768,2024-10-107
2034,2.806767544228036,1.2022049245433921,2024-11-107
2035,2.2643949269033654,1.9458264448436855,2024-12-107
2036,0.0,1.96913011589924,2024-13-107
2037,0.0,1.2448108611618187,2024-14-107
2038,0.8356679789499599,0.8143115884018248,2024-15-107
2039,1.6792288417230783,0.8868753337990294,2024-16-107
2040,0.0,1.3115399369855314,2024-17-107
2041,1.6188758933417755,0.6051183744389721,2024-18-107
2042,4.413784707628537,1.2460624973253052,2024-19-107
2043,1.9323973994312889,2.6311275469914737,2024-20-107
2044,2.970608654532968,2.4403337283493616,2024-21-107
2045,3.683005902137636,2.613173718515071,2024-22-107
2046,3.673921648573193,2.953265937948573,2024-23-107
2047,1.9507579791595315,3.5814388155309396,2024-24-107
2048,4.328755675082178,2.601107661348946,2024-25-107
2049,2.712520562459501,3.1430526946577766,2024-26-107
2050,2.2013311530414224,3.2484453369117174,2024-27-107
2051,2.3532018146471128,2.5943302171938907,2024-28-107
2052,1.6961684799966528,2.398983399670511,2024-29-107
2053,1.444201592131176,2.1354410698536013,2024-30-107
2054,1.7223403894753735,1.7549417130933271,2024-31-107
2055,1.814713134153369,1.5998161610006567,2024-32-107
2056,3.033696902713545,1.8502684108212573,2024-33-107
2057,1.7247083805157688,2.2312047829712487,2024-34-107
2058,2.8297963861295563,2.005834910847055,2024-35-107
2059,3.2053992838840686,2.271658532612375,2024-36-107
2060,3.823436426639303,2.587166324129773,2024-37-107
2061,3.3222661317978286,3.1452737961187203,2024-38-107
2062,4.266076169449912,3.123098786411039,2024-39-107
2063,2.8171545752206755,3.4188824844283205,2024-40-107
2064,1.9414173195405893,3.1688496290774117,2024-41-107
2065,0.7766067632920515,2.555432867367879,2024-42-107
2066,1.537804511250794,1.6764423478407413,2024-43-107
2067,2.782459091318753,1.6978121467951275,2024-44-107
2068,4.08114924685687,1.93794542618321,2024-45-107
2069,1.9246075442719968,2.744307459938982,2024-46-107
2070,0.4421622345247589,2.548760278555756,2024-47-107
2071,1.8795744398555017,1.604229201110602,2024-48-107
2072,2.2497309360415745,1.9271617155898886,2024-49-107
2073,1.861941685377851,2.29721714343609,2024-50-107
2074,1.7560674802526235,1.9413840527188286,2024-51-107
2075,0.0,2.071607123864241,2024-52-107
2328,0.1746417441333576,0.42393056939321494,2024-1-108
2329,0.2018470894111426,0.47118562894782656,2024-2-108
2330,0.0576276219238938,0.1686710560366338,2024-3-108
2331,0.0587290838746844,0.18879994118703425,2024-4-108
2332,0.0651532304658932,0.2877054207474855,2024-5-108
2333,0.0,0.06764139911573097,2024-6-108
2334,0.0,0.30017386660857126,2024-7-108
2335,0.0,0.16845000077972294,2024-8-108
2336,0.1086677396269394,0.09457838873650737,2024-9-108
2337,0.1282927724162387,0.05004130279445418,2024-10-108
2338,0.0,0.25972515724667267,2024-11-108
2339,0.0,0.11428625970300887,2024-12-108
2340,0.0,-0.06463672099881257,2024-13-108
2341,0.2992183361930163,0.09626091282848437,2024-14-108
2342,0.0,0.19764073849874175,2024-15-108
2343,0.0,0.08733109319664534,2024-16-108
2344,0.0,0.12966510205370918,2024-17-108
2345,0.1664802144085274,-0.0578808570592364,2024-18-108
2346,0.0,0.2533292252681171,2024-19-108
2347,0.0,0.16571163261172572,2024-20-108
2348,0.0,-0.09319341531210346,2024-21-108
2349,0.075745384620984,0.09867365588906696,2024-22-108
2350,0.0,0.06201295732491641,2024-23-108
2351,0.0573121187993546,0.023256751036736745,2024-24-108
2352,0.0,0.02936159988702025,2024-25-108
2353,0.1014235522948493,0.017641915261985996,2024-26-108
2354,0.0,0.2617182205288978,2024-27-108
2355,0.0483920368890186,0.10100384480767033,2024-28-108
2356,0.0348800298249455,0.055974399576450784,2024-29-108
2357,0.0371226374256629,0.07233385789038882,2024-30-108
2358,0.0354171091645567,-0.0033499606989726427,2024-31-108
2359,0.1696182426146135,-0.038472711030982154,2024-32-108
2360,0.103968392622002,0.21861454335190356,2024-33-108
2361,0.1612005502421497,0.16445663525662835,2024-34-108
2362,0.0323258047543614,0.13235921593439137,2024-35-108
2363,0.0732317522433916,0.09332683702299982,2024-36-108
2364,0.0683610886457521,0.12780848101415399,2024-37-108
2365,0.1951697248672262,0.08459646987687408,2024-38-108
2366,0.0730948154108855,0.08706525030635703,2024-39-108
2367,0.0413728077898109,0.07105455394654148,2024-40-108
2368,0.0443508435982259,0.1459626462644693,2024-41-108
2369,0.1596687055615661,0.06940084326864815,2024-42-108
2370,0.2529314861309467,0.13793790021033447,2024-43-108
2371,0.1271221399849389,0.24239798030882742,2024-44-108
2372,0.1525519812592224,0.13745971248104827,2024-45-108
2373,0.098917561513144,0.13949922321431574,2024-46-108
2374,0.1818008864241448,0.2804423484671281,2024-47-108
2375,0.1931999613555461,0.2048324213553674,2024-48-108
2376,0.1156222020086533,0.36601884074135804,2024-49-108
2377,0.1275876431616973,0.3996773031597257,2024-50-108
2378,0.0,0.2523764282703298,2024-51-108
2379,0.0,0.2400501278518088,2024-52-108
2632,3.367340611806917,0.5339226487421825,2024-1-109
2633,2.06026639919516,1.74431446279576,2024-2-109
2634,2.483367497536712,1.7663771667996349,2024-3-109
2635,1.9978804849396965,1.9870888008268763,2024-4-109
2636,0.7387530903385899,1.9767171154048215,2024-5-109
2637,1.5939592417124169,1.476365316660874,2024-6-109
2638,1.392820883881435,1.5590820799715868,2024-7-109
2639,1.675300846705502,1.4486993145842955,2024-8-109
2640,1.970867250633452,1.4560785436409147,2024-9-109
2641,1.4541436613611904,1.4839040143754292,2024-10-109
2642,1.963019356929384,1.5869640683846478,2024-11-109
2643,1.7595023351946537,1.6547912423992353,2024-12-109
2644,2.365794651775048,1.549659533108146,2024-13-109
2645,1.0171573009874175,1.9518602927908502,2024-14-109
2646,1.1685038020499336,1.4973644047119263,2024-15-109
2647,1.1739195528403337,1.2518636658462725,2024-16-109
2648,3.8947171154104425,1.2902462862019268,2024-17-109
2649,1.1315302988646654,2.2031619857913687,2024-18-109
2650,2.05652796564912,1.947705524465206,2024-19-109
2651,3.000963912241529,1.8373409208025815,2024-20-109
2652,2.9983701395900004,2.2296553882246934,2024-21-109
2653,1.372467997913537,2.711412327852976,2024-22-109
2654,2.895884096725531,1.888768856083317,2024-23-109
2655,4.283052414138217,2.327160795755045,2024-24-109
2656,5.835370123184854,3.104937180203633,2024-25-109
2657,7.0043620986411606,4.18151896262734,2024-26-109
2658,7.744121341266428,5.313359218915046,2024-27-109
2659,6.463883572930297,6.157606818443697,2024-28-109
2660,7.580267652278096,6.280950758089259,2024-29-109
2661,7.310774543854437,6.761174949215755,2024-30-109
2662,6.092574917069832,6.729629348683529,2024-31-109
2663,5.988805392383831,6.124271079490943,2024-32-109
2664,4.000020047479418,5.849805571272563,2024-33-109
2665,5.544864076421403,4.800108805734162,2024-34-109
2666,6.07123607987856,4.805484109086956,2024-35-109
2667,3.8110604460240127,5.009956326841003,2024-36-109
2668,5.258663254675881,4.2132526430642345,2024-37-109
2669,4.488977340815241,4.283108324083575,2024-38-109
2670,2.314940852542463,4.241499310638941,2024-39-109
2671,3.369082946378404,3.251097301157906,2024-40-109
2672,2.507870022875752,2.9840619409167877,2024-41-109
2673,2.5278418807786927,2.634296960500177,2024-42-109
2674,2.0020362487468675,2.4226486641738947,2024-43-109
2675,2.2997526121700176,2.003588893037427,2024-44-109
2676,2.242178046955129,2.0203157210698284,2024-45-109
2677,0.6709690660506916,1.9202779292451226,2024-46-109
2678,1.4386026084029726,1.5523408184445524,2024-47-109
2679,1.5286950147807623,1.368650537474504,2024-48-109
2680,1.3068507264009812,1.425601158384929,2024-49-109
2681,1.1535922481132943,1.4686144811597885,2024-50-109
2682,2.0398153732692363,1.2256923455679596,2024-51-109
2683,1.2965802083225535,1.723286423128909,2024-52-109
2936,0.316029094641131,0.26377114121034606,2024-1-110
2937,0.4382739111989142,0.45635929895160976,2024-2-110
2938,0.5004684465628798,0.30178029241419424,2024-3-110
2939,0.7649858123009068,0.43826337644480917,2024-4-110
2940,0.7543041319912913,0.5957469490443097,2024-5-110
2941,1.24322332851832,0.5889029854354071,2024-6-110
2942,0.2539472767281928,1.0057692870610886,2024-7-110
2943,0.8017980184420354,0.6823294940037585,2024-8-110
2944,0.7860367876534844,0.7080480342069413,2024-9-110
2945,0.5567479452477532,0.6719524161066341,2024-10-110
2946,0.6263098216301682,0.7363271458917444,2024-11-110
2947,0.2245479313697624,0.6028812405237545,2024-12-110
2948,0.3019192734693153,0.33307567502061697,2024-13-110
2949,0.8653767772129658,0.412137981339219,2024-14-110
2950,0.9941269103645868,0.5744802969561466,2024-15-110
2951,0.4993610067406905,0.7189933998298823,2024-16-110
2952,0.4970133475346132,0.696646326251875,2024-17-110
2953,0.7219762547006161,0.4665344580330619,2024-18-110
2954,0.1874510585420219,0.8230779855746164,2024-19-110
2955,0.38294524279184,0.5507783270493044,2024-20-110
2956,0.441472495061163,0.356181353635452,2024-21-110
2957,0.6567477452814674,0.5229260254827112,2024-22-110
2958,0.4199119143910124,0.4631994129267476,2024-23-110
2959,0.2484191096973622,0.47102455404558685,2024-24-110
2960,0.4738301109502717,0.3060949318076043,2024-25-110
2961,0.4395451627356424,0.3523623974317519,2024-26-110
2962,0.8718695832802008,0.4922471250658661,2024-27-110
2963,1.5376758181519463,0.5425515614283105,2024-28-110
2964,1.360101154760363,1.0198184397717776,2024-29-110
2965,1.2329903048385031,1.1782111212212507,2024-30-110
2966,1.5853684767311111,1.1375694456734733,2024-31-110
2967,2.54696943828006,1.3036834998724238,2024-32-110
2968,2.8519059197756103,1.9209450553165786,2024-33-110
2969,2.606317039886811,2.2719629874116065,2024-34-110
2970,3.1262902342882635,2.246536439717144,2024-35-110
2971,3.805130233228535,2.5668850942686214,2024-36-110
2972,3.798391799712165,3.083292313590974,2024-37-110
2973,4.365526986291736,3.3247686914999313,2024-38-110
2974,5.062707278081956,3.615981613083282,2024-39-110
2975,6.387284563095222,4.191922255770486,2024-40-110
2976,4.54297366172506,4.98519584769342,2024-41-110
2977,6.449414988920889,4.691151500007976,2024-42-110
2978,5.928724332844976,5.215038651174403,2024-43-110
2979,5.86730530865491,5.330743652657901,2024-44-110
2980,5.500319291019694,5.212881490359232,2024-45-110
2981,5.135331408657772,4.924287326653431,2024-46-110
2982,6.553768859709892,4.909384181676069,2024-47-110
2983,6.128403914793796,5.400049776919707,2024-48-110
2984,4.83414260051472,5.491269910011759,2024-49-110
2985,4.782167155241453,4.983977968931569,2024-50-110
2986,5.203595229278628,4.660187911228157,2024-51-110
2987,7.441973900012855,4.945910587355078,2024-52-110
3240,0.0851490703033982,0.16701508119658315,2024-1-111
3241,0.0,0.31893052068048966,2024-2-111
3242,0.0,0.04645746370246129,2024-3-111
3243,0.0,0.06118741643836101,2024-4-111
3244,0.0,0.23829134864681079,2024-5-111
3245,0.304604646200677,0.09656085553144078,2024-6-111
3246,0.0,0.4835901361397268,2024-7-111
3247,0.0,0.18202871265963438,2024-8-111
3248,0.0,0.10733309821180781,2024-9-111
3249,0.0,0.0016525768777244654,2024-10-111
3250,0.2814135988634365,0.34079556006495015,2024-11-111
3251,0.0,0.27480774996432233,2024-12-111
3252,0.4070227881367862,0.015582511827337386,2024-13-111
3253,0.0,0.3733191035405544,2024-14-111
3254,0.0,0.26480126310695473,2024-15-111
3255,0.0,0.11022088674647623,2024-16-111
3256,0.3350945884159907,0.211551071622759,2024-17-111
3257,0.0,0.149319408912439,2024-18-111
3258,0.0,0.3157189880115068,2024-19-111
3259,0.0,0.2439333423997878,2024-20-111
3260,0.0,-0.03582191374252752,2024-21-111
3261,0.0,0.13868761048058065,2024-22-111
3262,0.0,0.07007326836215122,2024-23-111
3263,0.0,0.06539999961708465,2024-24-111
3264,0.0,0.0486916354703526,2024-25-111
3265,0.0,0.011638239558044772,2024-26-111
3266,0.0980289084578568,0.30709863258706405,2024-27-111
3267,0.0,0.1677913089408698,2024-28-111
3268,0.0,0.05317051349975088,2024-29-111
3269,0.1446856531798885,0.08647658478755271,2024-30-111
3270,0.0690174242095513,0.09506085451953261,2024-31-111
3271,0.0,0.0491231398287435,2024-32-111
3272,0.0,0.14100019196376334,2024-33-111
3273,0.0,-0.07460425583733588,2024-34-111
3274,0.0,-0.08144619657810659,2024-35-111
3275,0.0,-0.06877055093345619,2024-36-111
3276,0.1997927956944961,-0.02503151031247386,2024-37-111
3277,0.1267534499802148,0.07414600777645475,2024-38-111
3278,0.1424112072103062,0.118292039306232,2024-39-111
3279,0.0806049275740179,0.1254406481488548,2024-40-111
3280,0.0864047236475531,0.13569180374225553,2024-41-111
3281,0.0,0.0634710121320885,2024-42-111
3282,0.0,0.07225822023120643,2024-43-111
3283,0.1238208617592031,0.22765618563553347,2024-44-111
3284,0.1485865469847803,0.2980348181159008,2024-45-111
3285,0.0,0.28914848258598147,2024-46-111
3286,0.0,0.562660710875975,2024-47-111
3287,0.376327288401525,0.43060838322455086,2024-48-111
3288,0.0,0.6569551682567685,2024-49-111
3289,0.0,0.7363083462784199,2024-50-111
3290,0.0,0.3317414165659469,2024-51-111
3291,1.117358260597645,0.04954296470768993,2024-52-111
3544,0.0,0.43366354989472333,2024-1-112
3545,0.0,0.32073805048775816,2024-2-112
3546,0.3664646571358263,0.388451034409515,2024-3-112
3547,0.3734797381515649,0.3522208326711379,2024-4-112
3548,0.0,0.5471798538329591,2024-5-112
3549,0.4967200243327687,0.4165164424820891,2024-6-112
3550,0.0,0.5664842507333211,2024-7-112
3551,0.5874459561916311,0.47001569965346013,2024-8-112
3552,0.0,0.7445438986170896,2024-9-112
3553,0.8160006534738847,0.2766917022004649,2024-10-112
3554,0.0,0.6223694267786994,2024-11-112
3555,0.0,0.4158375536075244,2024-12-112
3556,0.0,0.23697795495287766,2024-13-112
3557,0.0,0.2751513516879951,2024-14-112
3558,0.0,0.32590427271665967,2024-15-112
3559,1.0985867940430902,0.2254748609646544,2024-16-112
3560,1.0935463579620666,0.6815562173011643,2024-17-112
3561,1.0591322463475876,0.8388932329797897,2024-18-112
3562,0.0,1.226548174181927,2024-19-112
3563,0.0,0.725956332665349,2024-20-112
3564,0.0,0.368388128609608,2024-21-112
3565,0.0,0.3681226977231373,2024-22-112
3566,0.0,0.14946616657690048,2024-23-112
3567,0.0,0.23137350019394487,2024-24-112
3568,0.2981388645557195,0.04953468920844717,2024-25-112
3569,0.0,0.2697675314222082,2024-26-112
3570,0.0,0.4277067789418464,2024-27-112
3571,0.0,0.1618477540192127,2024-28-112
3572,0.0,0.17423462328991202,2024-29-112
3573,0.0,0.10798363387314891,2024-30-112
3574,0.0,0.05495988472581437,2024-31-112
3575,0.0,0.06103313840371838,2024-32-112
3576,0.2205721288282613,0.14564216202416036,2024-33-112
3577,0.205200799048059,0.22381090068724874,2024-34-112
3578,0.2057518972547589,0.3098945992184545,2024-35-112
3579,0.0,0.2939937679660499,2024-36-112
3580,0.0,0.23747602027376047,2024-37-112
3581,0.4141156125458726,0.12536419916844854,2024-38-112
3582,0.0,0.29163164100556394,2024-39-112
3583,0.5267436773256505,0.15041514880095375,2024-40-112
3584,0.5646745111178532,0.39085530659099355,2024-41-112
3585,0.3388260682180202,0.507750829703828,2024-42-112
3586,0.8051246584301763,0.36948150020369297,2024-43-112
3587,0.4046628980655886,0.5695156596623856,2024-44-112
3588,0.9712521635533342,0.6032821039489606,2024-45-112
3589,0.0,0.4304869701523327,2024-46-112
3590,0.0,0.302987895869234,2024-47-112
3591,1.2301471125348529,-0.024842388933889792,2024-48-112
3592,0.0,0.38787610649897586,2024-49-112
3593,2.437270843096244,0.4404661526054062,2024-50-112
3594,2.2987091178636327,1.138496009639677,2024-51-112
3595,0.0,1.8652652523241398,2024-52-112
3848,0.9314321919679134,0.7352077243091786,2024-1-113
3849,0.4140514760603035,0.9372718599046335,2024-2-113
3850,0.8511322571165745,0.4965051679563749,2024-3-113
3851,0.1927565185787656,0.663437617988429,2024-4-113
3852,0.4276847908556273,0.4907854440331758,2024-5-113
3853,0.2563497369522829,0.2814904891932045,2024-6-113
3854,0.0,0.4106203526766913,2024-7-113
3855,0.3031574959216923,0.22112790789057823,2024-8-113
3856,0.1783349761593085,0.20372531091770818,2024-9-113
3857,0.4210853074925187,0.08931017373331451,2024-10-113
3858,0.0,0.3324197890814451,2024-11-113
3859,0.0,0.13895107216904412,2024-12-113
3860,0.3426184151607179,-0.05538894221089796,2024-13-113
3861,0.7365892781610458,0.17864581909363741,2024-14-113
3862,0.0,0.39441646878630643,2024-15-113
3863,0.0,0.16488595861691735,2024-16-113
3864,0.0,0.14287182922661434,2024-17-113
3865,0.2732225750561343,-0.02108475962024392,2024-18-113
3866,0.2128343899108108,0.3119330642183309,2024-19-113
3867,0.0,0.15288696029064186,2024-20-113
3868,0.1671145429081678,-0.09787129907542114,2024-21-113
3869,0.1243134581245113,0.08754504135822139,2024-22-113
3870,0.095388924103222,-0.002555733822563022,2024-23-113
3871,0.188123235877191,0.05720194220259822,2024-24-113
3872,0.0768975045463397,0.07441195490534891,2024-25-113
3873,0.4161489593945081,0.04083004963122194,2024-26-113
3874,0.2476609174157342,0.36511864802451666,2024-27-113
3875,0.3176928322673272,0.21472069825514317,2024-28-113
3876,0.4579753725915944,0.22549097868971424,2024-29-113
3877,0.3046392694924079,0.3022665073134363,2024-30-113
3878,0.174386631628208,0.24348957351992395,2024-31-113
3879,0.4454235070798193,0.15200461570205925,2024-32-113
3880,0.568803726166516,0.39883200427533705,2024-33-113
3881,0.7937283613822294,0.39365126396327677,2024-34-113
3882,0.7427852506363998,0.5146929162719047,2024-35-113
3883,1.0216591001126545,0.5698597951463471,2024-36-113
3884,1.2903164453340836,0.76255751296921,2024-37-113
3885,1.3881159193696806,0.8925517144966287,2024-38-113
3886,1.259704919598922,0.996586746497496,2024-39-113
3887,0.8827811793885345,1.0446044904995861,2024-40-113
3888,1.3103003970432576,0.9219688588883699,2024-41-113
3889,1.0482817932381798,0.9769493748580342,2024-42-113
3890,1.8681658163162267,0.9313542177165173,2024-43-113
3891,1.6692176104125158,1.2170894450478729,2024-44-113
3892,1.2519627182927302,1.3463143567300733,2024-45-113
3893,1.1365191166834097,1.2091716084595752,2024-46-113
3894,1.342813123728905,1.1584118421851712,2024-47-113
3895,0.6342286566353533,1.2115717867059441,2024-48-113
3896,1.5182448492914953,0.9194197153549242,2024-49-113
3897,1.4659495050516524,1.0416903184969144,2024-50-113
3898,0.5925326175613864,1.1299063000378613,2024-51-113
3899,0.9416587989101513,0.9749952136698476,2024-52-113
4152,0.0989398821938577,0.3503278131145394,2024-1-114
4153,0.0,0.4892292160306769,2024-2-114
4154,0.0,0.05855763786732293,2024-3-114
4155,0.0,0.05761265031907126,2024-4-114
4156,0.0,0.20139135013988607,2024-5-114
4157,0.0,0.013641754750285173,2024-6-114
4158,0.0,0.34700155022433576,2024-7-114
4159,0.0,0.10386716386033346,2024-8-114
4160,0.0,0.0190225256837262,2024-9-114
4161,0.0,-0.004705502580312215,2024-10-114
4162,0.3272240025791495,0.1995927753547374,2024-11-114
4163,0.0,0.2522262792480614,2024-12-114
4164,0.0,0.06419537127376573,2024-13-114
4165,0.678455049681464,0.1633083799736722,2024-14-114
4166,0.0,0.4005719389720598,2024-15-114
4167,0.3916001530030542,0.23626666387977158,2024-16-114
4168,0.0,0.38650811346979375,2024-17-114
4169,0.0,0.07994856910372539,2024-18-114
4170,0.2941132669784977,0.3160288268588697,2024-19-114
4171,0.0,0.21737880000611254,2024-20-114
4172,0.6928554664783121,-0.019485394450330595,2024-21-114
4173,0.0,0.38497122562813335,2024-22-114
4174,0.0,0.076397563754249,2024-23-114
4175,0.1300083010283834,0.1397633490953729,2024-24-114
4176,0.0,0.1284380911205112,2024-25-114
4177,0.0,0.08998518312517967,2024-26-114
4178,0.0,0.2577791087985082,2024-27-114
4179,0.0,0.059981314483001924,2024-28-114
4180,0.0,0.04696576713202649,2024-29-114
4181,0.0,0.12525228088849827,2024-30-114
4182,0.0803663681237918,0.023128286059301395,2024-31-114
4183,0.0,-0.01771703624367782,2024-32-114
4184,0.1572934386409585,0.11126670461427002,2024-33-114
4185,0.2195017342290386,0.0514992599185109,2024-34-114
4186,0.0,0.10950922719752676,2024-35-114
4187,0.0831053359878585,0.027025093628031627,2024-36-114
4188,0.0,0.10580009989350347,2024-37-114
4189,0.1476692135993811,0.054576623145314196,2024-38-114
4190,0.0,0.13005070177449385,2024-39-114
4191,0.1878378198453907,0.05371826307240357,2024-40-114
4192,0.3020513807528667,0.1682267964857963,2024-41-114
4193,0.0,0.2216271760714309,2024-42-114
4194,0.143562119356171,0.1436159129986968,2024-43-114
4195,0.1443137756340997,0.26195931508696113,2024-44-114
4196,0.0,0.19403812467305448,2024-45-114
4197,0.2246100851010747,0.25763858416814556,2024-46-114
4198,0.2064151072258036,0.37930792527587365,2024-47-114
4199,0.0,0.33460873293390025,2024-48-114
4200,0.5251531342788872,0.3593152789402887,2024-49-114
4201,0.0,0.4582314972612296,2024-50-114
4202,0.0,0.37784754911525875,2024-51-114
4203,0.0,0.314269288627508,2024-52-114
4456,0.1989532039460988,0.39365171589543235,2024-1-115
4457,0.1149820954580472,0.48284395922487844,2024-2-115
4458,0.0,0.10974994072541433,2024-3-115
4459,0.0,0.09856064728129299,2024-4-115
4460,0.1484937576398062,0.14560415599944454,2024-5-115
4461,0.0,0.04674271935099483,2024-6-115
4462,0.0,0.21401767094966062,2024-7-115
4463,0.2105625715515794,0.07471317162991642,2024-8-115
4464,0.2477491713618231,0.09672804114892841,2024-9-115
4465,0.2925153057411934,0.1066934288771646,2024-10-115
4466,0.0,0.3331822894638129,2024-11-115
4467,0.3540495297417367,0.1750368289398443,2024-12-115
4468,1.4283640392062016,0.12305807802694357,2024-13-115
4469,0.3412274036269955,0.7533190233413716,2024-14-115
4470,1.176179431069436,0.5950325929829102,2024-15-115
4471,0.0,0.7202383858467931,2024-16-115
4472,0.0,0.52791177472212,2024-17-115
4473,0.3798285212046848,0.21175013643681173,2024-18-115
4474,0.0,0.44699571106230407,2024-19-115
4475,1.209194467408342,0.30304910410429464,2024-20-115
4476,0.2323719160358566,0.4810734018833899,2024-21-115
4477,0.0,0.5031429718420553,2024-22-115
4478,0.1326578440312549,0.23805629865821998,2024-23-115
4479,0.3924654914765721,0.17378327926391235,2024-24-115
4480,0.0,0.28448689697698804,2024-25-115
4481,0.0,0.1655185518945833,2024-26-115
4482,0.0,0.22261827356520725,2024-27-115
4483,0.1104960218130696,0.08542453379722048,2024-28-115
4484,0.1592994509960985,0.17292788872827547,2024-29-115
4485,0.1695551359246045,0.17401315425972808,2024-30-115
4486,0.161778173664293,0.12100037364630423,2024-31-115
4487,0.1549687264493036,0.08297332122403367,2024-32-115
4488,0.2374912056517195,0.23700740191940284,2024-33-115
4489,0.2946031572399242,0.21410932410581318,2024-34-115
4490,0.2954098094410644,0.1953641135279618,2024-35-115
4491,0.2509810573116751,0.2383582345839994,2024-36-115
4492,0.0781023167494642,0.24143232279146054,2024-37-115
4493,0.2229985693512607,0.1459339885079215,2024-38-115
4494,0.0,0.11771378311203018,2024-39-115
4495,0.3782369611017924,0.039589022129470575,2024-40-115
4496,0.506868781577901,0.1806634072021075,2024-41-115
4497,0.0,0.22908399633916243,2024-42-115
4498,0.0,0.13043890692911764,2024-43-115
4499,0.0,0.1585558121601478,2024-44-115
4500,0.0,0.06704079497112647,2024-45-115
4501,0.4523768827341207,0.010262251714443282,2024-46-115
4502,0.0,0.20254846669476922,2024-47-115
4503,0.6627727276204693,0.12623220504907418,2024-48-115
4504,0.2644491851678986,0.42139428343580976,2024-49-115
4505,0.2918396341883633,0.3721806133610984,2024-50-115
4506,0.0,0.25840915071544857,2024-51-115
4507,0.0,0.15060290237189444,2024-52-115
4760,0.0,0.7585804887005034,2024-1-116
4761,0.0,0.530869790158013,2024-2-116
4762,0.0,0.5825481074015677,2024-3-116
4763,0.0,0.39700165016297273,2024-4-116
4764,0.0,0.25260297264521403,2024-5-116
4765,0.0,0.2974545631631448,2024-6-116
4766,0.0,0.3436211890484113,2024-7-116
4767,0.0,0.2894138435872402,2024-8-116
4768,0.0,0.38480228812318795,2024-9-116
4769,0.0,0.19395867253145993,2024-10-116
4770,0.0,0.26239080655837754,2024-11-116
4771,0.0,0.3123987868802969,2024-12-116
4772,0.0,0.23805180940998583,2024-13-116
4773,0.0,0.28819205283270843,2024-14-116
4774,0.0,0.3812994633952108,2024-15-116
4775,0.0,0.30661138473092275,2024-16-116
4776,0.0,0.29194542854683647,2024-17-116
4777,0.0,0.1958715783892121,2024-18-116
4778,0.0,0.4255091451421751,2024-19-116
4779,0.0,0.34565787862041597,2024-20-116
4780,0.0,0.20790690069649598,2024-21-116
4781,1.4399452804107726,0.37770358722313246,2024-22-116
4782,0.0,0.7600421791214738,2024-23-116
4783,0.0,0.622838616049912,2024-24-116
4784,0.0,0.28745940189397245,2024-25-116
4785,0.0,0.20159727517207526,2024-26-116
4786,0.9559609580277622,0.4590032091172357,2024-27-116
4787,0.0,0.6076469766983245,2024-28-116
4788,0.0,0.48171185573840425,2024-29-116
4789,0.7054099882493545,0.3807376598101896,2024-30-116
4790,0.0,0.6143212021919136,2024-31-116
4791,0.644550209452441,0.43240791684062674,2024-32-116
4792,0.0,0.5772638072413351,2024-33-116
4793,0.6124944394878902,0.27790610890530687,2024-34-116
4794,1.842264399001877,0.5255008790147412,2024-35-116
4795,0.0,1.1339613836476428,2024-36-116
4796,0.0,0.6973543251634297,2024-37-116
4797,1.8534932743526096,0.3285369769805312,2024-38-116
4798,0.0,1.1092615915933592,2024-39-116
4799,1.5714661880477363,0.938481073795727,2024-40-116
4800,3.368974142687731,1.1747164688330582,2024-41-116
4801,3.03201511458098,2.035877365869413,2024-42-116
4802,2.4013762886793315,2.611822222618889,2024-43-116
4803,1.2068527447276405,2.536436706988895,2024-44-116
4804,0.0,1.8403249514586064,2024-45-116
4805,3.755934618759962,1.1111739000021934,2024-46-116
4806,3.451329321815641,2.2794747615134536,2024-47-116
4807,1.83376309059506,2.6564351868877685,2024-48-116
4808,0.0,2.377636673230148,2024-49-116
4809,2.4217336806585816,1.3761024395020678,2024-50-116
4810,0.0,1.9658707701900093,2024-51-116
4811,0.0,1.4320750657155692,2024-52-116
5064,0.0,0.425988901483632,2024-1-117
5065,0.0,0.3311213634877218,2024-2-117
5066,0.0,0.22786397991541485,2024-3-117
5067,0.0,0.23089287795455293,2024-4-117
5068,0.0,0.23516398936711724,2024-5-117
5069,0.0,0.19964046812770864,2024-6-117
5070,0.0,0.3725325369178316,2024-7-117
5071,0.0,0.24528264527008714,2024-8-117
5072,0.0,0.23030322881301524,2024-9-117
5073,0.0,0.16478568167930585,2024-10-117
5074,0.0,0.2881190732765653,2024-11-117
5075,0.0,0.2554713281134591,2024-12-117
5076,0.0,0.11349540662395907,2024-13-117
5077,0.0,0.25013498007946944,2024-14-117
5078,0.0,0.24884297107058906,2024-15-117
5079,0.0,0.16388553197300937,2024-16-117
5080,0.0,0.25645437862640263,2024-17-117
5081,0.0,0.18352181945264778,2024-18-117
5082,0.0,0.3189156069033069,2024-19-117
5083,0.0,0.23081625265769068,2024-20-117
5084,0.0,0.08632656502167668,2024-21-117
5085,0.0,0.1641053849494759,2024-22-117
5086,0.0,0.09265721073915123,2024-23-117
5087,0.0,0.2627247797074639,2024-24-117
5088,0.0,0.0979758695962556,2024-25-117
5089,0.0,0.055602264603200835,2024-26-117
5090,0.0,0.27459275733334276,2024-27-117
5091,0.0,0.2410750510549905,2024-28-117
5092,0.0,0.24567779414067714,2024-29-117
5093,0.0,0.2224484023611577,2024-30-117
5094,0.0,0.16650737460423204,2024-31-117
5095,0.0,0.1543845129932524,2024-32-117
5096,0.0,0.22327720591891975,2024-33-117
5097,0.0,-0.009890043762030176,2024-34-117
5098,0.0,0.19280226101499487,2024-35-117
5099,0.0,0.14943663066076274,2024-36-117
5100,0.0,0.0688801079575021,2024-37-117
5101,0.0,0.143441572138841,2024-38-117
5102,0.0,0.053465006257185754,2024-39-117
5103,0.0,0.08417807833467328,2024-40-117
5104,0.0,0.23497283260192292,2024-41-117
5105,0.0,-0.0004468317795438548,2024-42-117
5106,0.0,0.06756517153619201,2024-43-117
5107,0.0,0.005510886282267036,2024-44-117
5108,0.0,0.04018663948894674,2024-45-117
5109,0.0,-0.023539355470037604,2024-46-117
5110,0.0,-0.020286556477543627,2024-47-117
5111,0.0,-0.025221692824676234,2024-48-117
5112,0.0,0.1028713421247831,2024-49-117
5113,0.0,0.09856528710489254,2024-50-117
5114,0.0,0.19760531855320584,2024-51-117
5115,0.0,0.3761712504920883,2024-52-117
5368,0.2308393796403048,0.27072625897729496,2024-1-118
5369,0.0889343878218891,0.3846656998876692,2024-2-118
5370,0.3046953432372496,0.08544462399262587,2024-3-118
5371,0.207015912295195,0.22520232940610763,2024-4-118
5372,0.2296640921380123,0.24148440549475092,2024-5-118
5373,0.1376596944001832,0.11063211206558332,2024-6-118
5374,0.1546705472859456,0.2995640106745643,2024-7-118
5375,0.3255978249474026,0.22149962090783193,2024-8-118
5376,0.0,0.24225675150693604,2024-9-118
5377,0.2261322674719957,0.06690727425089982,2024-10-118
5378,0.0,0.2553488207211708,2024-11-118
5379,0.2736664688200134,0.13885441452772662,2024-12-118
5380,0.0,0.06927710832009382,2024-13-118
5381,0.2637212333266374,0.09970522345281496,2024-14-118
5382,0.0,0.14220197780829613,2024-15-118
5383,0.0,0.041344930372374966,2024-16-118
5384,0.0,0.1319000271441736,2024-17-118
5385,0.0,-0.008925362818870797,2024-18-118
5386,0.4572312331717408,0.20083416027626655,2024-19-118
5387,0.0,0.3004395943062681,2024-20-118
5388,0.0,0.019124102730513348,2024-21-118
5389,0.1335353071821471,0.12841365756241396,2024-22-118
5390,0.3073985324750006,0.10914275008272345,2024-23-118
5391,0.0,0.21467988956785133,2024-24-118
5392,0.4130228499712964,0.09805731769961312,2024-25-118
5393,0.0894077689801874,0.22855835442406292,2024-26-118
5394,0.0,0.3506588223962309,2024-27-118
5395,0.0853205123708185,0.11757183083693346,2024-28-118
5396,0.1844948346053137,0.14918418867716832,2024-29-118
5397,0.3272664558733903,0.21014297669064907,2024-30-118
5398,0.3122355402282522,0.20607282331898003,2024-31-118
5399,0.3588885317227454,0.21242367730907274,2024-32-118
5400,0.0611072028115713,0.34925182644779906,2024-33-118
5401,0.3979361904747657,0.2317772251208552,2024-34-118
5402,0.0569999901181178,0.25355395717156215,2024-35-118
5403,0.7102219687006427,0.17522479932621993,2024-36-118
5404,0.5424503846305724,0.37989459630476907,2024-37-118
5405,0.2867981142993279,0.399446798199384,2024-38-118
5406,0.5155825404878472,0.280887920819224,2024-39-118
5407,0.5836643510136132,0.31013224970688336,2024-40-118
5408,0.9385293633653436,0.45251009623430327,2024-41-118
5409,0.1877153667802054,0.5642220538699774,2024-42-118
5410,0.2230235515641342,0.378432546835035,2024-43-118
5411,0.3362767390881631,0.3808629208614449,2024-44-118
5412,0.5380699843954833,0.3057195919219815,2024-45-118
5413,0.5233498677040439,0.35316954604501005,2024-46-118
5414,0.3206269340570368,0.4213632396788922,2024-47-118
5415,1.192574799737761,0.3722025498414596,2024-48-118
5416,0.8156771906357329,0.8058861123203256,2024-49-118
5417,0.9001030599683315,0.8209698781934991,2024-50-118
5418,1.91007126202224,0.7192359370606394,2024-51-118
5419,0.5059229772486411,1.167031528902133,2024-52-118
5672,0.1816313771100063,0.9606993756328642,2024-1-119
5673,0.4723883719035774,0.788159863021312,2024-2-119
5674,0.0599482154582269,0.6663302304313854,2024-3-119
5675,0.1222025177759547,0.49400494062179934,2024-4-119
5676,0.1355858134403554,0.38676484158211033,2024-5-119
5677,0.0812779385162926,0.3414090185104913,2024-6-119
5678,0.1826620060057402,0.4231614470111652,2024-7-119
5679,0.1922812007421035,0.3363986251797306,2024-8-119
5680,0.1131239075615198,0.3729855351330523,2024-9-119
5681,0.0,0.25306063313541105,2024-10-119
5682,0.0,0.3082794607749829,2024-11-119
5683,0.0,0.3657795976562259,2024-12-119
5684,0.0,0.09187450588186896,2024-13-119
5685,0.4675090537680962,0.16158524636847593,2024-14-119
5686,0.3581160038510749,0.41980745234061156,2024-15-119
5687,0.179922255170756,0.3472446923249112,2024-16-119
5688,0.1791128155254324,0.41829784925917857,2024-17-119
5689,0.0,0.3920152350323389,2024-18-119
5690,0.4054846570288484,0.42533967336493117,2024-19-119
5691,0.1380893790904482,0.48398441666403547,2024-20-119
5692,0.0,0.2901950016944116,2024-21-119
5693,0.2369184041853062,0.21488521944385708,2024-22-119
5694,0.1212095064372277,0.25109226814578234,2024-23-119
5695,0.2390729894738572,0.38163929224396187,2024-24-119
5696,0.0977348963187506,0.13969160969101746,2024-25-119
5697,0.1586926509562781,0.26246551163728726,2024-26-119
5698,0.3673163522978064,0.3563684175407563,2024-27-119
5699,0.1009793728410331,0.35018515337746514,2024-28-119
5700,0.2183774970820217,0.512786566853354,2024-29-119
5701,0.2711862491798332,0.44570812815665284,2024-30-119
5702,0.11089607608894,0.4123139584384544,2024-31-119
5703,0.3541077102238016,0.4287892761761323,2024-32-119
5704,0.144718451641784,0.5034714369481762,2024-33-119
5705,0.1683066877166726,0.38506840157167255,2024-34-119
5706,0.0675095489069412,0.41856625274720083,2024-35-119
5707,0.1147169418215111,0.24785196745230575,2024-36-119
5708,0.1070996658347126,0.22939546831453161,2024-37-119
5709,0.1019345360641229,0.17160080783621867,2024-38-119
5710,0.267266498414656,0.20796490126045597,2024-39-119
5711,0.1296812430475901,0.2688505950946619,2024-40-119
5712,0.2317201558613767,0.20788452348712583,2024-41-119
5713,0.1668640324906914,0.19389076089873514,2024-42-119
5714,0.2643606633591727,0.3370839775404356,2024-43-119
5715,0.1328819947270913,0.14395402536574586,2024-44-119
5716,0.398706954038048,0.12981627672234652,2024-45-119
5717,0.1034237680339565,0.39410845664748073,2024-46-119
5718,0.3802103643706188,0.2629012209711743,2024-47-119
5719,0.3030730067766748,0.5045415464572361,2024-48-119
5720,1.209319909879227,0.5857340712145905,2024-49-119
5721,0.5338504045206784,0.7813473540845675,2024-50-119
5722,0.0,0.8597391678286352,2024-51-119
5723,0.6002479167950107,0.7757132705987754,2024-52-119
5976,0.0,0.40662008510110004,2024-1-120
5977,0.524635095219647,0.351808325724255,2024-2-120
5978,0.0,0.410410628162727,2024-3-120
5979,0.0,0.32609387512775645,2024-4-120
5980,0.0,0.2375593855216276,2024-5-120
5981,0.0,0.1802678751116018,2024-6-120
5982,0.0,0.3288233377510258,2024-7-120
5983,0.0,0.19576866704725637,2024-8-120
5984,0.0,0.1929857203996307,2024-9-120
5985,0.0,0.11813987487459676,2024-10-120
5986,0.0,0.26463531325979883,2024-11-120
5987,0.0,0.2156089043234679,2024-12-120
5988,0.0,0.07813650272760886,2024-13-120
5989,0.0,0.20192065611864918,2024-14-120
5990,0.0,0.22909713061808457,2024-15-120
5991,0.0,0.16330242440001297,2024-16-120
5992,0.0,0.2294943304046767,2024-17-120
5993,0.0,0.12307169878964397,2024-18-120
5994,0.0,0.3120831691973738,2024-19-120
5995,0.0,0.24814795054889627,2024-20-120
5996,0.0,0.1064638606270395,2024-21-120
5997,0.0,0.3724903141681768,2024-22-120
5998,0.0,0.20214587804803386,2024-23-120
5999,0.0,0.37427301411071245,2024-24-120
6000,0.4868800944610563,0.2496364080892438,2024-25-120
6001,0.0,0.2564030939444175,2024-26-120
6002,0.0,0.46879680983918515,2024-27-120
6003,0.0,0.314135434060697,2024-28-120
6004,0.0,0.21175881796827667,2024-29-120
6005,0.0,0.21728017727305493,2024-30-120
6006,0.3679917262388996,0.042400016940995267,2024-31-120
6007,0.0,0.2544136885655158,2024-32-120
6008,0.0,0.41357765287471715,2024-33-120
6009,0.0,0.11371629055257093,2024-34-120
6010,0.0,0.09471559019412279,2024-35-120
6011,0.0,0.026567147373051325,2024-36-120
6012,0.0,-0.023433823638074003,2024-37-120
6013,0.0,0.07141423293424265,2024-38-120
6014,0.0,0.05654728571798184,2024-39-120
6015,0.0,0.032099979423572345,2024-40-120
6016,0.0,0.16346772253279618,2024-41-120
6017,0.0,0.06307632423538623,2024-42-120
6018,0.0,0.1786023986591655,2024-43-120
6019,0.0,-0.00038101711452975806,2024-44-120
6020,0.0,0.07676519404617155,2024-45-120
6021,0.0,0.09319091629433662,2024-46-120
6022,0.0,0.24611769302900066,2024-47-120
6023,0.0,0.21716094753637605,2024-48-120
6024,0.0,0.21413520813062192,2024-49-120
6025,0.0,0.1494968517722861,2024-50-120
6026,0.0,0.19407573289955593,2024-51-120
6027,0.0,0.3769682597532511,2024-52-120
6280,2.6468655523731552,0.6870755175544154,2024-1-201
6281,3.015573319896357,1.6402314809922034,2024-2-201
6282,2.626014101841289,1.9746382090740202,2024-3-201
6283,2.423554861657561,2.2137009852676184,2024-4-201
6284,2.660454695426035,2.2667855235201237,2024-5-201
6285,2.2155480547647963,2.427588517161167,2024-6-201
6286,2.790815109956242,2.502170709848243,2024-7-201
6287,2.1830677129246348,2.48845455747878,2024-8-201
6288,1.540928906319646,2.2970945747275384,2024-9-201
6289,1.433215560869204,1.8153401900893202,2024-10-201
6290,1.5502929692607303,1.7407247190771657,2024-11-201
6291,1.934273396892001,1.5886948841048512,2024-12-201
6292,1.1658696368978132,1.535970924183013,2024-13-201
6293,1.542329931527499,1.4304557492252226,2024-14-201
6294,2.5100741563815894,1.389714775070113,2024-15-201
6295,1.409188283683453,1.8044274997546437,2024-16-201
6296,1.5502192881562815,1.7497878449081514,2024-17-201
6297,1.5012801112815222,1.4479445494550942,2024-18-201
6298,0.7795818157763051,1.6616832570385895,2024-19-201
6299,1.1944740916543273,1.300182409723795,2024-20-201
6300,0.7431681033234595,1.0071611308028845,2024-21-201
6301,0.9429877862856842,0.9585027753903513,2024-22-201
6302,1.1476560191657987,0.8473523711559137,2024-23-201
6303,0.8609986840316544,0.9986631295040245,2024-24-201
6304,1.0054727351050798,0.9005780930493885,2024-25-201
6305,0.9358394923208933,0.7712783306587462,2024-26-201
6306,0.8634074582248644,1.0930188667428524,2024-27-201
6307,1.0590163561314565,1.0240949693187078,2024-28-201
6308,1.4067941355540614,1.02956881195269,2024-29-201
6309,1.481204033082163,1.137384816749929,2024-30-201
6310,1.68653933598331,1.2284696111113058,2024-31-201
6311,1.5861955164143522,1.3319080581999412,2024-32-201
6312,1.3378811514423223,1.5800341830213989,2024-33-201
6313,1.6040457394206142,1.401459083696,2024-34-201
6314,1.455687614635706,1.3906257328079237,2024-35-201
6315,2.2140396335651467,1.4106802469988202,2024-36-201
6316,2.3744233239851567,1.687477786653069,2024-37-201
6317,1.7015805391306609,1.8867463854058948,2024-38-201
6318,1.4572643215726475,1.7182754598392116,2024-39-201
6319,1.0110112523764123,1.5516993361829055,2024-40-201
6320,1.3688878177753667,1.334439057454934,2024-41-201
6321,1.6654140831769475,1.2125418985083578,2024-42-201
6322,1.4364382114519458,1.3044147899397842,2024-43-201
6323,1.5527501855232186,1.280070426807863,2024-44-201
6324,1.503656336559584,1.3428404698827676,2024-45-201
6325,1.3988064120911607,1.2039540197926337,2024-46-201
6326,1.5190366761007137,1.2862698703771491,2024-47-201
6327,1.2002731059897045,1.4641896635712905,2024-48-201
6328,1.5851254711366909,1.0823137327700998,2024-49-201
6329,1.8583493552160104,1.2928126422596649,2024-50-201
6330,1.7009755207245374,1.4653750773045102,2024-51-201
6331,0.6143167311053382,1.5082585851501875,2024-52-201
6584,0.2657220210579518,0.6603198488896702,2024-1-202
6585,0.153550122754091,0.8346252817878025,2024-2-202
6586,0.2630194194106747,0.22088903885012035,2024-3-202
6587,0.1786887774624147,0.3360107426175578,2024-4-202
6588,0.0991124490678395,0.35675065219222946,2024-5-202
6589,0.11880739311334,0.20379404273314095,2024-6-202
6590,0.0,0.39633428970340945,2024-7-202
6591,0.0,0.2261408019037836,2024-8-202
6592,0.1652744505144696,0.18014002348269142,2024-9-202
6593,0.0,0.15085758038310604,2024-10-202
6594,0.2194984051552504,0.4170114148195192,2024-11-202
6595,0.2360955097012957,0.31647449007274997,2024-12-202
6596,0.0,0.16776925567644296,2024-13-202
6597,0.0,0.3417444791682135,2024-14-202
6598,0.0,0.21380595910918088,2024-15-202
6599,0.2625574382029614,0.1657684141378839,2024-16-202
6600,0.0,0.3912252827569114,2024-17-202
6601,0.0,0.1531148675717987,2024-18-202
6602,0.0,0.35500877667836916,2024-19-202
6603,0.0,0.360157016783197,2024-20-202
6604,0.0,0.12688651532533002,2024-21-202
6605,0.2302546671979347,0.19017067931274745,2024-22-202
6606,0.0883353470171456,0.20598350385784514,2024-23-202
6607,0.2613042921847706,0.2531273892965492,2024-24-202
6608,0.2136105138657096,0.3129865369405066,2024-25-202
6609,0.3853134957729471,0.3074457651811646,2024-26-202
6610,0.2292968721195364,0.5132405915297074,2024-27-202
6611,0.2941191616944332,0.24627227729232082,2024-28-202
6612,0.1589880745094328,0.5436961638977874,2024-29-202
6613,0.1692012439707663,0.47106766384491894,2024-30-202
6614,0.0,0.31909293019322627,2024-31-202
6615,0.1030694807835308,0.32103715304681235,2024-32-202
6616,0.3158681970982115,0.1721065676270943,2024-33-202
6617,0.0979440662060731,0.15326263683738606,2024-34-202
6618,0.0,0.15171749383493505,2024-35-202
6619,0.2780642466540963,-0.005448428857283583,2024-36-202
6620,0.2076451241911035,0.3077003177947597,2024-37-202
6621,0.0987986536345034,0.3028520008036252,2024-38-202
6622,0.0,0.18164596866727623,2024-39-202
6623,0.0628244879975442,0.04877050642711889,2024-40-202
6624,0.1346861425676546,0.1059628417349131,2024-41-202
6625,0.3232411560244859,0.23295875154798018,2024-42-202
6626,0.1920074546849631,0.3473240500677146,2024-43-202
6627,0.5789815500920004,0.5446832497551634,2024-44-202
6628,0.3473829306178837,0.6207492663626315,2024-45-202
6629,0.6006339119590747,0.5534316812438377,2024-46-202
6630,0.6899054215441139,0.8350722508296053,2024-47-202
6631,0.5864995518158056,0.7453674799415904,2024-48-202
6632,0.1754886346440983,0.9695734790571299,2024-49-202
6633,0.3872785814679664,0.6876715892678598,2024-50-202
6634,0.5478480562586786,0.39928306136508696,2024-51-202
6635,0.4352981197442656,0.6222927893871348,2024-52-202
6888,1.3669482964117496,0.48093871055327886,2024-1-203
6889,1.3165056374396535,0.9218262085842792,2024-2-203
6890,1.3029281547889395,0.9272215517117527,2024-3-203
6891,1.4298982636985886,1.125620625966025,2024-4-203
6892,1.9261327488174853,1.2639594442382633,2024-5-203
6893,1.086530207778325,1.5022322583240233,2024-6-203
6894,1.2207126854651056,1.5066813463570332,2024-7-203
6895,0.9635836782360756,1.3035878981464886,2024-8-203
6896,0.5668042849782641,1.159018644980879,2024-9-203
6897,1.115220943019,0.8037615104877257,2024-10-203
6898,1.254602225456585,1.0271480904922818,2024-11-203
6899,2.4290372964913827,1.0416870215140943,2024-12-203
6900,1.0887025425307035,1.4358783976837266,2024-13-203
6901,1.3002501710437322,1.374992808637491,2024-14-203
6902,2.091250558736602,1.2689299044714035,2024-15-203
6903,0.6002820200384655,1.5911762276299208,2024-16-203
6904,1.1949597283389763,1.3207990089195536,2024-17-203
6905,0.5786305848955577,1.0150440984301952,2024-18-203
6906,0.2253575604195627,1.0292976034998806,2024-19-203
6907,0.6906001589959653,0.6262014581436866,2024-20-203
6908,0.7077104696909513,0.44866376517971907,2024-21-203
6909,0.3948174327846018,0.6608697816387227,2024-22-203
6910,1.5146827031143373,0.44470096563821826,2024-23-203
6911,1.095249667252284,0.9086725815397966,2024-24-203
6912,1.3023142039351268,0.9755538724691443,2024-25-203
6913,0.6166460440361679,0.9866689040638542,2024-26-203
6914,1.0484598570025447,1.0017091154655453,2024-27-203
6915,0.9245910609968514,1.0083861660326576,2024-28-203
6916,1.393364687377067,1.0375922662663262,2024-29-203
6917,0.5802544330203392,1.0786504849621035,2024-30-203
6918,0.7380886245668044,0.7459208680477163,2024-31-203
6919,0.9425702314152667,0.6018928956865831,2024-32-203
6920,1.263768662644866,0.9182181694014665,2024-33-203
6921,0.8397171467508014,0.9467115792853611,2024-34-203
6922,1.3470473835640695,0.7867408480642331,2024-35-203
6923,0.7628690654176694,1.0149667955333226,2024-36-203
6924,0.5934106684203821,0.9313686114987251,2024-37-203
6925,0.7905742444578692,0.7107600809095038,2024-38-203
6926,0.3172174460140483,0.6960859555242416,2024-39-203
6927,0.5745297524783255,0.6210964395341712,2024-40-203
6928,1.000759778491389,0.574243465974378,2024-41-203
6929,0.4618811377962177,0.6409465607774472,2024-42-203
6930,0.3292326548795011,0.6506600508421313,2024-43-203
6931,0.1103080025939652,0.5773236207327646,2024-44-203
6932,0.2647346291881959,0.3999994948035236,2024-45-203
6933,0.0,0.3088511831939982,2024-46-203
6934,0.6309182161716554,0.3171811449167977,2024-47-203
6935,0.5028314831135359,0.47632795959343754,2024-48-203
6936,0.6018160354945885,0.5548608905015538,2024-49-203
6937,0.4427075987666104,0.8190284586066214,2024-50-203
6938,0.0,0.6871742407565216,2024-51-203
6939,0.9951997726669986,0.49709442749005883,2024-52-203
7192,2.4394753088909904,3.1634595679860524,2024-1-204
7193,3.759214120044678,2.9432240709871427,2024-2-204
7194,4.292919375898988,3.1596669003378466,2024-3-204
7195,1.093711407259823,3.740557989091254,2024-4-204
7196,6.066566309561511,2.7610535387804314,2024-5-204
7197,2.908891175482505,3.811585418115471,2024-6-204
7198,0.0,3.5973145435044884,2024-7-204
7199,1.7199026186894368,2.0283491893178947,2024-8-204
7200,0.0,1.7031499457703414,2024-9-204
7201,0.0,1.0911247890711624,2024-10-204
7202,0.0,0.6595877445394545,2024-11-204
7203,0.0,0.1582433955720195,2024-12-204
7204,0.0,0.13585871722214027,2024-13-204
7205,2.78536793826947,0.21151969833048267,2024-14-204
7206,3.1999535660315708,1.3173293665851946,2024-15-204
7207,0.0,2.2334629444360274,2024-16-204
7208,0.0,1.354252692511925,2024-17-204
7209,0.0,0.6354409253916444,2024-18-204
7210,2.4140580775321223,0.7892944557804018,2024-19-204
7211,0.0,1.4750239435457757,2024-20-204
7212,1.8953576164570904,0.6172047679250289,2024-21-204
7213,1.4098748870036513,1.2142898687823138,2024-22-204
7214,0.0,1.3399209795085927,2024-23-204
7215,0.0,0.9402238698290888,2024-24-204
7216,2.616088707579076,0.40469744720516543,2024-25-204
7217,0.9438072110205248,1.4243169653650996,2024-26-204
7218,0.0,1.5307908288350374,2024-27-204
7219,3.602313327350376,0.7358416990885814,2024-28-204
7220,1.2981981867060723,1.9855627505458728,2024-29-204
7221,1.3816229553714034,1.927564776135939,2024-30-204
7222,0.6590530881094991,1.5683193845749805,2024-31-204
7223,0.6312427665949254,1.0032781877727412,2024-32-204
7224,0.0,1.2694692569803843,2024-33-204
7225,0.5998788116528735,0.5726105837926002,2024-34-204
7226,1.804364126070161,0.5175279986574236,2024-35-204
7227,0.6812548276321653,1.1224689594498167,2024-36-204
7228,3.8155484166389,0.9753170526251751,2024-37-204
7229,1.2103320183250348,2.0558241216993127,2024-38-204
7230,0.6799179246643888,1.7962856264801004,2024-39-204
7231,0.0,1.3120010486631855,2024-40-204
7232,0.0,0.7783047371926453,2024-41-204
7233,0.9900525153121004,0.4786304044831694,2024-42-204
7234,1.1762216804346568,0.6293197621190281,2024-43-204
7235,0.0,0.8141041249405022,2024-44-204
7236,0.0,0.37033963254980184,2024-45-204
7237,1.8398375244635,0.26449476251928383,2024-46-204
7238,0.0,1.172397204219107,2024-47-204
7239,0.0,0.7381249441272214,2024-48-204
7240,0.0,0.5311017488982027,2024-49-204
7241,0.0,0.3304292975267157,2024-50-204
7242,0.0,0.4403105764850366,2024-51-204
7243,5.334250542372215,0.3679912083297825,2024-52-204
7496,3.415742038890201,2.031216532310533,2024-1-205
7497,4.412122734536251,2.5312012232036665,2024-2-205
7498,5.303658962089084,3.2064638957280844,2024-3-205
7499,6.215547271718117,3.6896930890685087,2024-4-205
7500,5.396226731249707,4.510785434351934,2024-5-205
7501,4.3124036796126495,4.911772340077812,2024-6-205
7502,3.2300240348362923,4.713312185910013,2024-7-205
7503,4.24948628549775,3.964755804074494,2024-8-205
7504,7.999006500296778,3.937817505969512,2024-9-205
7505,7.082430206975302,5.283175269814861,2024-10-205
7506,3.9838537951915423,5.983806086766637,2024-11-205
7507,6.427709206395112,4.859443694580918,2024-12-205
7508,2.88095993599199,5.237327113571828,2024-13-205
7509,10.322433616884712,4.462762320164408,2024-14-205
7510,10.277589038239684,6.560868879711504,2024-15-205
7511,12.708407372000222,7.828740067610017,2024-16-205
7512,11.85867811453824,9.586639619146341,2024-17-205
7513,6.890830708404089,10.117036850929523,2024-18-205
7514,8.94596116301153,8.969874378147736,2024-19-205
7515,8.529096066284422,8.557447060918234,2024-20-205
7516,10.301341720195426,8.226495204470321,2024-21-205
7517,13.235491629256837,8.79860223535539,2024-22-205
7518,11.491751025378733,9.851416856164787,2024-23-205
7519,13.96656441614895,10.35194383884868,2024-24-205
7520,10.124949233123704,11.403230121174381,2024-25-205
7521,14.688707640719286,10.544521912834105,2024-26-205
7522,15.262513816915492,12.086986377604473,2024-27-205
7523,14.015725161107524,12.89503295547067,2024-28-205
7524,11.544999577222985,12.962537795607517,2024-29-205
7525,10.75096405440266,11.668822549217388,2024-30-205
7526,9.931033432691937,10.839595872906479,2024-31-205
7527,9.200036075821664,10.068071402064746,2024-32-205
7528,5.893865631018823,9.32358659534053,2024-33-205
7529,7.853699624622357,7.220554875517013,2024-34-205
7530,4.308565687687465,7.010487500486346,2024-35-205
7531,2.860798059889619,5.655898104758583,2024-36-205
7532,4.398345444587855,4.119514147822807,2024-37-205
7533,2.0927870847804644,3.7783266855580324,2024-38-205
7534,1.3435872086349976,2.983508571570334,2024-39-205
7535,1.330809272266915,1.9539275541994332,2024-40-205
7536,2.2417172949577777,1.4308404036037825,2024-41-205
7537,1.711852551887391,1.760050750047534,2024-42-205
7538,2.324267724651792,1.622587863414485,2024-43-205
7539,0.8760909868641552,1.7693864738727796,2024-44-205
7540,1.0513065502601189,1.3065846277870943,2024-45-205
7541,2.7266438484442035,1.0320636746494714,2024-46-205
7542,1.2527791712618694,1.8497403647648436,2024-47-205
7543,0.8875193142030001,1.5166890474443733,2024-48-205
7544,1.593370529928484,1.1554750860546843,2024-49-205
7545,1.7581975634688658,1.3349373250165475,2024-50-205
7546,2.4872000853469007,1.6261295268785378,2024-51-205
7547,2.635011585775016,2.045469711988033,2024-52-205
7800,0.6092735862039578,1.4591418897241386,2024-1-206
7801,0.4224977079617069,1.3414336607972255,2024-2-206
7802,0.16082650643801,0.6892008752552303,2024-3-206
7803,0.3277905896281607,0.5285686678041192,2024-4-206
7804,0.1818174429921609,0.49288444477827975,2024-5-206
7805,0.0,0.22552783872250948,2024-6-206
7806,0.4897443678634879,0.2503165741923733,2024-7-206
7807,0.0,0.33225013017500926,2024-8-206
7808,0.0,0.24051508919738407,2024-9-206
7809,0.0,0.013007207696384082,2024-10-206
7810,1.2081162548456486,0.195716705397311,2024-11-206
7811,0.4331635979401,0.5832417372050166,2024-12-206
7812,0.5824479404899088,0.3885151730294095,2024-13-206
7813,0.8347662716687821,0.5764199446203611,2024-14-206
7814,0.0,0.6539500592778642,2024-15-206
7815,0.0,0.4302229882839481,2024-16-206
7816,0.0,0.32910074154475377,2024-17-206
7817,0.0,0.019793077512787915,2024-18-206
7818,0.0,0.25522750932551197,2024-19-206
7819,0.0,0.11376922559751967,2024-20-206
7820,0.2840112289563793,-0.05081217814958183,2024-21-206
7821,0.2112631651959995,0.24527638301195898,2024-22-206
7822,0.1621018444146917,0.18419380834913146,2024-23-206
7823,0.0,0.1789173158639843,2024-24-206
7824,0.0,0.09665728071580659,2024-25-206
7825,0.2828472370643181,-0.01370697615889993,2024-26-206
7826,0.0,0.40398433038734305,2024-27-206
7827,0.1349454124595685,0.19370499557955578,2024-28-206
7828,0.1945255351956689,0.2327518811507664,2024-29-206
7829,0.5175641171769955,0.2899064502399331,2024-30-206
7830,0.0,0.30429342513545243,2024-31-206
7831,0.2837594008560395,0.15163507599237425,2024-32-206
7832,0.4831278693805333,0.3622435760538564,2024-33-206
7833,0.1797728432908989,0.391395967281411,2024-34-206
7834,0.1802446921018927,0.26976894555387254,2024-35-206
7835,0.0,0.16082388696309557,2024-36-206
7836,0.1905738267144597,0.1532269562491797,2024-37-206
7837,0.1813556347719228,0.08880230852338278,2024-38-206
7838,0.0,0.11826712755024404,2024-39-206
7839,0.0,-0.011456315434696496,2024-40-206
7840,0.1236227727035121,0.003896460995413298,2024-41-206
7841,0.2966953391771315,0.0013497088151293024,2024-42-206
7842,0.0,0.16235242099622882,2024-43-206
7843,0.0,0.20100358501939053,2024-44-206
7844,0.425164304632151,0.09569960069240402,2024-45-206
7845,0.0,0.41512633008787325,2024-46-206
7846,0.0,0.3804982842359086,2024-47-206
7847,0.0,0.28264577650023115,2024-48-206
7848,0.0,0.35987884333189335,2024-49-206
7849,0.0,0.34222426544280526,2024-50-206
7850,0.0,0.21499213765949354,2024-51-206
7851,0.0,0.2921260825731623,2024-52-206
8104,1.439065090748023,0.40744780216586507,2024-1-207
8105,1.3305097692600134,0.9563869914221286,2024-2-207
8106,1.5193557812589762,0.9368176187703912,2024-3-207
8107,1.161225318936564,1.1719393305683188,2024-4-207
8108,0.8587785592406431,1.1918341518922666,2024-5-207
8109,0.514708674353309,1.013499596245232,2024-6-207
8110,1.1565353260942488,0.9117396281473961,2024-7-207
8111,2.130136496820429,0.9606937355658902,2024-8-207
8112,1.0739896664800077,1.4218880904791242,2024-9-207
8113,0.8452470352533517,1.1242477769655528,2024-10-207
8114,1.9017549712264088,1.1116984605707811,2024-11-207
8115,0.0,1.3805922895671567,2024-12-207
8116,0.0,0.7545298503095571,2024-13-207
8117,0.9854458189518523,0.4492306366330431,2024-14-207
8118,1.6981298680756167,0.6421905923306717,2024-15-207
8119,2.843365809699115,1.1577237686608295,2024-16-207
8120,2.8300652783561064,1.7962728778064607,2024-17-207
8121,2.1926046514289528,2.0160234051761763,2024-18-207
8122,3.415756076063293,2.3311786752372305,2024-19-207
8123,6.542100168564896,2.715368160031928,2024-20-207
8124,1.6760305362343464,4.155587928266381,2024-21-207
8125,2.9920468425080005,3.283814510454125,2024-22-207
8126,0.9565513139079622,2.728919124547059,2024-23-207
8127,1.8863578842103448,2.033365372889911,2024-24-207
8128,0.6168154159817464,1.9167445871356796,2024-25-207
8129,2.169584068911023,1.1141039941270467,2024-26-207
8130,2.6483941409812912,1.5684950542583123,2024-27-207
8131,3.0255165662945966,1.837831780190783,2024-28-207
8132,1.4919906460723729,2.391392910267573,2024-29-207
8133,1.7099626855691237,1.9015154255101747,2024-30-207
8134,1.3982602408413596,1.7141561604029287,2024-31-207
8135,1.00441363700355,1.5794386651747452,2024-32-207
8136,1.368052442104698,1.4204242519695458,2024-33-207
8137,2.0149553853717914,1.1118993677702216,2024-34-207
8138,1.8075381955087944,1.428896967601237,2024-35-207
8139,1.5655822977967129,1.567407546700689,2024-36-207
8140,1.1241286133078296,1.5382189196747866,2024-37-207
8141,1.2836699848591897,1.3185318331679086,2024-38-207
8142,0.4807302249576165,1.2821980123168968,2024-39-207
8143,0.9522956874090088,0.9138863236214942,2024-40-207
8144,1.166607010465311,0.8659322222654156,2024-41-207
8145,0.6999470441341946,0.9769437018099355,2024-42-207
8146,2.2867367437892394,0.900043802811402,2024-43-207
8147,1.044758052400598,1.3743144476974762,2024-44-207
8148,1.504414733229038,1.1409523282000322,2024-45-207
8149,0.650288121108874,1.2711436081182192,2024-46-207
8150,1.1950948445522256,1.0683311897996373,2024-47-207
8151,0.9524641485109036,1.1581741179261886,2024-48-207
8152,0.3799842069599791,1.060989122456089,2024-49-207
8153,0.0,0.6464692996350685,2024-50-207
8154,0.5931170486950408,0.3841817166914473,2024-51-207
8155,0.9425272904645,0.5325637110944182,2024-52-207
8408,1.7304571777363034,0.4066884778847667,2024-1-208
8409,0.799939569940245,1.1457379228405344,2024-2-208
8410,0.9134552751421854,0.8475646188552604,2024-3-208
8411,0.4654164606127526,0.9240872729297445,2024-4-208
8412,0.7744219490021151,0.7534575350854614,2024-5-208
8413,0.3094249943687341,0.7469718644233718,2024-6-208
8414,1.0428762383840025,0.7529561350341589,2024-7-208
8415,0.0,0.7929763001481676,2024-8-208
8416,2.1519832221689024,0.5085119872194579,2024-9-208
8417,0.0,1.0439165979103626,2024-10-208
8418,1.7146808122814614,0.7969490728087134,2024-11-208
8419,0.0,1.0898629596604223,2024-12-208
8420,0.0,0.5227440253343106,2024-13-208
8421,0.592292725269143,0.4627199337994303,2024-14-208
8422,0.0,0.40758325250170946,2024-15-208
8423,0.0,0.23177325391470693,2024-16-208
8424,0.680340461204828,0.20746519866416546,2024-17-208
8425,0.6588536160239622,0.3057425826190143,2024-18-208
8426,0.513185294093028,0.7247612671155648,2024-19-208
8427,0.5241939689442247,0.5687500337783572,2024-20-208
8428,0.4028717033413694,0.40614900785108765,2024-21-208
8429,0.8989840681215332,0.5415005269220873,2024-22-208
8430,0.2299167572937383,0.6022405559082451,2024-23-208
8431,1.1334835347665542,0.5395127900261937,2024-24-208
8432,0.5559380105885755,0.7333145031367418,2024-25-208
8433,1.4038794790968565,0.5195385702386943,2024-26-208
8434,1.19343747327163,1.106270670737806,2024-27-208
8435,1.7221118720594986,1.0438643835283572,2024-28-208
8436,1.1032470844785058,1.3290441665670794,2024-29-208
8437,1.6143528927449693,1.1478026800764334,2024-30-208
8438,1.540046325290901,1.2087787343857719,2024-31-208
8439,1.340885131696517,1.2480019257808654,2024-32-208
8440,1.6436577071444074,1.3660392680145013,2024-33-208
8441,1.1467008439887827,1.3327544868732621,2024-34-208
8442,0.8941688758214956,1.1830436707581429,2024-35-208
8443,0.578712215504742,1.030070503229092,2024-36-208
8444,1.2153903544184832,0.8147485957908495,2024-37-208
8445,0.7710238869254017,0.870244665865878,2024-38-208
8446,0.8662122112884141,0.7840891648740034,2024-39-208
8447,0.8170762218644607,0.790758192039149,2024-40-208
8448,0.3503245397299734,0.771750907386151,2024-41-208
8449,0.0,0.4703485424788062,2024-42-208
8450,0.2496915377041212,0.30672531751977206,2024-43-208
8451,0.0,0.22393026067257116,2024-44-208
8452,0.6022836113960136,0.10146915437244741,2024-45-208
8453,0.0,0.14616716542610575,2024-46-208
8454,0.7176315070186521,0.11965974929143375,2024-47-208
8455,0.0,0.5011947020225725,2024-48-208
8456,0.4563195540382444,0.3489371806505597,2024-49-208
8457,0.0,0.549472631725011,2024-50-208
8458,0.712226890714203,0.3211021743802386,2024-51-208
8459,0.0,0.5300083162975696,2024-52-208
8712,0.7340028619060226,4.534913237416021,2024-1-209
8713,2.8275216829225425,2.9362345871048703,2024-2-209
8714,2.5829687654484124,2.8982980836699683,2024-3-209
8715,4.606114904159215,3.0060510609207016,2024-4-209
8716,2.189756165415838,3.5289177854956018,2024-5-209
8717,1.749833046808695,2.664181969181076,2024-6-209
8718,3.9316591531986216,2.2837740606851673,2024-7-209
8719,3.103340596275097,2.9853914378836865,2024-8-209
8720,1.2169128719192808,3.1903908827217915,2024-9-209
8721,3.59133695066416,2.0716127090974963,2024-10-209
8722,0.8079954432746386,2.6176906980035177,2024-11-209
8723,0.0,2.0357767501531825,2024-12-209
8724,1.1684660941926963,1.0165833990642275,2024-13-209
8725,0.0,0.9923192257938529,2024-14-209
8726,2.88544442492996,0.7744545278027093,2024-15-209
8727,0.966243148633788,1.5320523799181727,2024-16-209
8728,0.0,1.2917515005327342,2024-17-209
8729,0.0,0.7042164452079002,2024-18-209
8730,0.0,0.6124581617809004,2024-19-209
8731,0.7409300487042751,0.46208441903333275,2024-20-209
8732,1.7083087474781062,0.4909227183575985,2024-21-209
8733,2.5412857163168563,1.1248694537360533,2024-22-209
8734,1.9497841795532185,1.6558585939869879,2024-23-209
8735,2.883669945472361,1.8919273958395104,2024-24-209
8736,3.142949162531765,2.2641028636109715,2024-25-209
8737,1.1337986670116278,2.63528981209384,2024-26-209
8738,5.34120671203889,2.3107798693887673,2024-27-209
8739,2.704266069013453,3.365358112974717,2024-28-209
8740,3.508157468020765,3.2513143295900666,2024-29-209
8741,2.281473641572993,3.2256085186150565,2024-30-209
8742,3.561424920383216,2.7328610301001053,2024-31-209
8743,3.600381951676676,3.06054427717908,2024-32-209
8744,2.3227795503966973,3.3801000320920274,2024-33-209
8745,3.2409322836481547,2.7478117169914933,2024-34-209
8746,1.6246023060892416,2.8346967241075385,2024-35-209
8747,1.2266768684251992,2.4183379852960982,2024-36-209
8748,2.6715961018706893,1.8439537608683296,2024-37-209
8749,1.4526777465715597,2.033922720373528,2024-38-209
8750,1.8359950315807056,1.8151356991044416,2024-39-209
8751,1.1545473311276897,1.6687177879451431,2024-40-209
8752,0.9900176938097636,1.4846381613201736,2024-41-209
8753,1.1879385346042357,1.315187871567686,2024-42-209
8754,0.3528033444232516,1.281913380062079,2024-43-209
8755,1.41838898596019,0.9951203628996765,2024-44-209
8756,0.4254870995748984,1.0997510328436257,2024-45-209
8757,1.1034593261763803,0.8973225786711606,2024-46-209
8758,0.0,1.0224815161888616,2024-47-209
8759,0.0,0.6442082951491199,2024-48-209
8760,0.0,0.5032011122796867,2024-49-209
8761,0.7113432599847548,0.16506146751941786,2024-50-209
8762,4.024882348924446,0.5680619167323225,2024-51-209
8763,3.1978434142466163,2.1946489442783936,2024-52-209
9016,1.485313108200199,1.5226379634339848,2024-1-210
9017,1.716524428719809,1.7013892214071202,2024-2-210
9018,1.9985218822631896,1.5782882105576337,2024-3-210
9019,2.036521501607111,1.8275441004223363,2024-4-210
9020,1.9549626830017943,1.9595831897914155,2024-5-210
9021,2.082958371592802,1.90641867895534,2024-6-210
9022,2.6326000698410943,2.357486941111894,2024-7-210
9023,1.970231216013789,2.4128607408474263,2024-8-210
9024,2.317773620466835,2.18304204664146,2024-9-210
9025,2.821591639229956,2.083146304908281,2024-10-210
9026,1.5389534580738145,2.6776783965183952,2024-11-210
9027,2.0690513800905697,2.080158874673489,2024-12-210
9028,0.9736789621120048,1.9611125014587905,2024-13-210
9029,1.7940698515825182,1.6451952279448498,2024-14-210
9030,2.0609650761236606,1.6438980336191933,2024-15-210
9031,2.9906732111952388,1.7778795540602674,2024-16-210
9032,2.175190676660792,2.360042497000817,2024-17-210
9033,2.217338648837872,2.1365215260834445,2024-18-210
9034,1.6407279176921958,2.307808420972381,2024-19-210
9035,1.234879235573972,2.1175676312149374,2024-20-210
9036,1.4913842340043335,1.6697483384761436,2024-21-210
9037,1.3109914570011545,1.6048052289095338,2024-22-210
9038,1.2379754992276166,1.3276206991718411,2024-23-210
9039,1.068046995125135,1.3311173002242556,2024-24-210
9040,1.1848721878536153,1.1324518977816713,2024-25-210
9041,1.1473321799685086,1.1678065655145584,2024-26-210
9042,0.937089911135336,1.3688754091323243,2024-27-210
9043,1.1590241982065286,1.032055501756939,2024-28-210
9044,1.1833697686437563,1.018956618750367,2024-29-210
9045,0.8642465822715852,1.1813371830559294,2024-30-210
9046,1.507583073549067,0.9783124930350574,2024-31-210
9047,1.0829024507808835,1.0809050617363547,2024-32-210
9048,0.6452693487170422,1.1462439094086048,2024-33-210
9049,1.0289590173851026,0.9552748553148502,2024-34-210
9050,0.8596606860027622,1.0701341639136954,2024-35-210
9051,0.7545816981581462,1.0179484680655069,2024-36-210
9052,0.7043252140071119,1.0338025827527753,2024-37-210
9053,0.9945097205072294,0.8435584598948098,2024-38-210
9054,0.8258153279278994,0.8245344901264338,2024-39-210
9055,0.769800031106435,0.8641976263449642,2024-40-210
9056,1.060881181617345,1.013106325870479,2024-41-210
9057,0.7425704738445871,0.9500250631239384,2024-42-210
9058,0.714116618819916,0.9574591416935363,2024-43-210
9059,0.3377660478660971,0.9675220077319017,2024-44-210
9060,0.9119114499985989,0.6573067013640381,2024-45-210
9061,0.6569362385185354,0.8066119633579134,2024-46-210
9062,1.026176961928243,0.9343046861252214,2024-47-210
9063,0.833844867929006,0.8910480711841395,2024-48-210
9064,1.1514760338732974,1.0081323570318843,2024-49-210
9065,0.7623090608550489,1.0828491404481766,2024-50-210
9066,0.5990673746821725,1.065064105884164,2024-51-210
9067,0.380778810216668,0.7752112666939917,2024-52-210
9320,0.0,0.2898077548825636,2024-1-211
9321,0.0,0.48042037266838755,2024-2-211
9322,0.0,0.11732152523673767,2024-3-211
9323,0.0,0.15972736368663398,2024-4-211
9324,0.0,0.21050876399554674,2024-5-211
9325,0.0,0.09498442215999958,2024-6-211
9326,0.0,0.4318815195059743,2024-7-211
9327,0.0,0.17341567435072658,2024-8-211
9328,0.0,0.19610991500401165,2024-9-211
9329,0.0,0.06491457974806947,2024-10-211
9330,0.0,0.3032366043379888,2024-11-211
9331,0.0,0.19337594006780234,2024-12-211
9332,0.0,0.06138752241163825,2024-13-211
9333,0.0,0.21431416206109244,2024-14-211
9334,0.0,0.1277457874505049,2024-15-211
9335,0.0,0.13371112553596776,2024-16-211
9336,0.0,0.28188281206986243,2024-17-211
9337,0.0,0.09600174944308637,2024-18-211
9338,0.0,0.33994105300400923,2024-19-211
9339,0.0,0.2954961104834981,2024-20-211
9340,0.0,0.07463369409805853,2024-21-211
9341,0.0,0.22645086434990613,2024-22-211
9342,0.0,0.22238363558039165,2024-23-211
9343,0.0,0.163781993910337,2024-24-211
9344,0.0,0.2537167662577081,2024-25-211
9345,0.0,0.04928926883843676,2024-26-211
9346,0.0,0.176287033023665,2024-27-211
9347,0.0,0.062088334892265395,2024-28-211
9348,0.0,0.17672362621578153,2024-29-211
9349,0.0,0.1585051365219322,2024-30-211
9350,0.0,-0.037484004142674276,2024-31-211
9351,0.0,0.015319949833556112,2024-32-211
9352,0.0,0.06443814061636721,2024-33-211
9353,0.0,0.030169104970763527,2024-34-211
9354,0.0,0.0961265716742764,2024-35-211
9355,0.0,0.06496058610973443,2024-36-211
9356,0.3231165588685939,0.18612650908504158,2024-37-211
9357,0.0,0.11063506259179667,2024-38-211
9358,0.0,0.043955521567214495,2024-39-211
9359,0.0,0.07419817663840855,2024-40-211
9360,0.0,0.11112607900755522,2024-41-211
9361,0.0,0.03702567958954606,2024-42-211
9362,0.0,-0.05296693469343694,2024-43-211
9363,0.0,0.10175547126281359,2024-44-211
9364,0.0,0.012876905112529924,2024-45-211
9365,0.0,-0.00825728766770184,2024-46-211
9366,0.0,0.1371233562414177,2024-47-211
9367,0.0,-0.03373215901913884,2024-48-211
9368,0.0,0.5001933324765143,2024-49-211
9369,0.0,0.5072285767898231,2024-50-211
9370,0.0,0.3095834318711689,2024-51-211
9371,0.0,0.4066483977689038,2024-52-211
9624,0.0,0.4163327195719304,2024-1-212
9625,0.3102726188148277,0.5302569371470028,2024-2-212
9626,1.4172946206213082,0.16860675907625633,2024-3-212
9627,3.249777928508004,0.7919204436547884,2024-4-212
9628,2.403442050646028,1.9684908585124796,2024-5-212
9629,1.4405529300358302,2.175170885404427,2024-6-212
9630,0.5394990097576426,2.043220685150126,2024-7-212
9631,0.5678274680077964,1.3526745478061013,2024-8-212
9632,0.6680379144741581,1.0540888706897122,2024-9-212
9633,1.5773249601553183,0.7693947907576149,2024-10-212
9634,0.0,1.2612468386415803,2024-11-212
9635,0.0,0.7036447040027118,2024-12-212
9636,0.0,0.2579405735790825,2024-13-212
9637,0.0,0.412286188102719,2024-14-212
9638,0.0,0.27255106406206586,2024-15-212
9639,0.0,0.11023313654394729,2024-16-212
9640,0.0,0.24029202993436538,2024-17-212
9641,1.023198231689303,0.08528072450291546,2024-18-212
9642,1.594048472903259,0.7792786192239303,2024-19-212
9643,1.628342702269382,1.186272846824247,2024-20-212
9644,0.0,1.2980313666533885,2024-21-212
9645,0.9309737909642288,0.9267222426739443,2024-22-212
9646,0.0,0.907627001053346,2024-23-212
9647,0.0,0.6991262552032937,2024-24-212
9648,0.8637387803133117,0.42241248978602886,2024-25-212
9649,0.3116120665948509,0.5026820361576305,2024-26-212
9650,0.0,0.7136064988716673,2024-27-212
9651,0.0,0.3727475208083385,2024-28-212
9652,0.0,0.33025801384513565,2024-29-212
9653,0.0,0.3105037261908572,2024-30-212
9654,0.2175993793322516,0.07526933052390261,2024-31-212
9655,0.2084178551999372,0.06533742981910073,2024-32-212
9656,0.4258241274536739,0.2967406022051763,2024-33-212
9657,0.3961270819682113,0.33725765672141095,2024-34-212
9658,0.7943377297367967,0.33876639051149626,2024-35-212
9659,0.2249329698856281,0.46820945719190177,2024-36-212
9660,0.6299002074347664,0.49342038244881137,2024-37-212
9661,0.599434607904426,0.5293991957345402,2024-38-212
9662,0.2244935022998861,0.5402446179319931,2024-39-212
9663,0.2541265457979298,0.36399190319727726,2024-40-212
9664,0.0,0.2864925312566108,2024-41-212
9665,0.0,0.15162517035564316,2024-42-212
9666,0.7767324885359518,0.12396108980111609,2024-43-212
9667,0.3903710640036714,0.6789713528603573,2024-44-212
9668,0.0,0.5277612699267785,2024-45-212
9669,0.0,0.29998093544093685,2024-46-212
9670,0.0,0.33800673251001456,2024-47-212
9671,0.0,0.17526393606367263,2024-48-212
9672,0.0,0.386317512239542,2024-49-212
9673,0.0,0.4006332230986447,2024-50-212
9674,0.0,0.17666199416713668,2024-51-212
9675,0.0,0.16407650351912295,2024-52-212
9928,0.9716228072683584,0.9330388905490457,2024-1-213
9929,0.0,1.0489611705766138,2024-2-213
9930,0.0,0.8084240980233588,2024-3-213
9931,0.0,0.6528134574170616,2024-4-213
9932,0.4831784620623703,0.3634623271658969,2024-5-213
9933,0.0,0.538631776587308,2024-6-213
9934,0.0,0.838505398179293,2024-7-213
9935,0.2282796927003567,0.27334992672443004,2024-8-213
9936,0.0,0.33422969601204633,2024-9-213
9937,0.0,0.18686145589448433,2024-10-213
9938,0.3566524697173394,0.40606740414361986,2024-11-213
9939,0.0,0.2921732365967652,2024-12-213
9940,0.0,0.22073385881946805,2024-13-213
9941,0.0,0.3023751758060049,2024-14-213
9942,0.0,0.15475704025332437,2024-15-213
9943,0.0,0.2026443634202263,2024-16-213
9944,0.0,0.30300105091147866,2024-17-213
9945,0.0,0.10959421514442513,2024-18-213
9946,0.0,0.20859996902278533,2024-19-213
9947,0.0,0.31425879790982514,2024-20-213
9948,0.0,0.15192612440577913,2024-21-213
9949,0.1870300502099868,0.15251495200037968,2024-22-213
9950,0.1435027152561478,0.15789922046140448,2024-23-213
9951,0.1414957986392461,0.13824978893422935,2024-24-213
9952,0.1156677492526518,0.3013843525279366,2024-25-213
9953,0.0,0.13367713380434298,2024-26-213
9954,0.0,0.20591578959944257,2024-27-213
9955,0.0,0.15665666551490887,2024-28-213
9956,0.2582567273968435,-0.01582704133995927,2024-29-213
9957,0.0,0.10160904505425561,2024-30-213
9958,0.0873996565692192,0.28189581862503854,2024-31-213
9959,0.0,0.22867172572811667,2024-32-213
9960,0.0,0.2105367250536554,2024-33-213
9961,0.0795440657860721,0.24006035680693483,2024-34-213
9962,0.0,0.13523640424306638,2024-35-213
9963,0.0903282986862954,0.2617956591617776,2024-36-213
9964,0.0,0.37139987977643196,2024-37-213
9965,0.0,0.3108999504965746,2024-38-213
9966,0.0901416939909721,0.18819394267688994,2024-39-213
9967,0.1020365398417986,0.16568325940623096,2024-40-213
9968,0.1093740283293921,0.2476002976786017,2024-41-213
9969,0.1312449112849254,0.17169523836656797,2024-42-213
9970,0.0,0.17173661651944216,2024-43-213
9971,0.0,0.25393421854513376,2024-44-213
9972,0.1880557499756396,0.17387780837811173,2024-45-213
9973,0.0,0.19787585208884795,2024-46-213
9974,0.0,0.31151546148862586,2024-47-213
9975,0.0,0.13091088245407045,2024-48-213
9976,0.0,0.19186783719838785,2024-49-213
9977,0.0,0.11051040253944033,2024-50-213
9978,0.0,0.11852980139020763,2024-51-213
9979,0.0,0.2864900945245191,2024-52-213
10232,0.0,3.250914201789901,2024-1-214
10233,0.5772579972013405,2.0134205061322445,2024-2-214
10234,0.4393917867252139,1.3900855229771947,2024-3-214
10235,0.0,1.3874739259160214,2024-4-214
10236,0.0,0.8460467697512677,2024-5-214
10237,0.0,0.34456491226077646,2024-6-214
10238,0.0,0.7534871168972028,2024-7-214
10239,0.3517396877110968,0.311955765573555,2024-8-214
10240,1.2412066027044968,0.3303730898255546,2024-9-214
10241,0.0,0.6610355995507153,2024-10-214
10242,0.5492911707558782,0.8166913224926833,2024-11-214
10243,0.0,0.5795084798706621,2024-12-214
10244,0.0,0.46163872188818567,2024-13-214
10245,0.0,0.4383593418951628,2024-14-214
10246,1.3071221892734988,0.20909440402571366,2024-15-214
10247,0.6564950774403981,0.7673147652239777,2024-16-214
10248,0.6533221985972705,0.9167163915592145,2024-17-214
10249,0.6326063680740664,0.670516724794842,2024-18-214
10250,0.0,0.9135754229903471,2024-19-214
10251,0.0,0.7340276348565555,2024-20-214
10252,0.7733428427124955,0.33164617317098966,2024-21-214
10253,0.5751480589692018,0.5972147607820865,2024-22-214
10254,0.2206140591948637,0.5285623598757799,2024-23-214
10255,0.6524882405478711,0.504082714626085,2024-24-214
10256,0.3555371776557778,0.6308937951883801,2024-25-214
10257,0.3847294272629064,0.6793219892230081,2024-26-214
10258,1.1445546973353375,0.762223635350033,2024-27-214
10259,0.9174217237014216,0.8887465140514972,2024-28-214
10260,0.9255594355574788,1.1044411627110033,2024-29-214
10261,2.251088539154249,0.9334815979715806,2024-30-214
10262,0.9393972828730848,1.4586362052672268,2024-31-214
10263,3.084298187424359,1.357219223109121,2024-32-214
10264,1.9688758946565748,2.0717938519475023,2024-33-214
10265,3.174105447596858,2.1606191106441885,2024-34-214
10266,0.8566499322266105,2.603523064368706,2024-35-214
10267,0.4157681623277623,1.855619991082803,2024-36-214
10268,0.3880300443286235,1.3633848518770932,2024-37-214
10269,0.2461279483521831,0.9606828983326764,2024-38-214
10270,0.1382391198177988,0.5717380912953318,2024-39-214
10271,0.7822833025405395,0.4252388086059855,2024-40-214
10272,2.0121803502399143,0.675407935763296,2024-41-214
10273,0.0,1.241218494168644,2024-42-214
10274,0.7168981426316117,0.8523204477488435,2024-43-214
10275,1.6810759963690698,0.852561826813236,2024-44-214
10276,1.4406577275336678,1.2554996087497265,2024-45-214
10277,1.120733841785159,1.5906531577107077,2024-46-214
10278,2.059349182045004,1.505182621002225,2024-47-214
10279,1.823327692910221,1.623725134949513,2024-48-214
10280,2.6182743290279373,1.9257118561111066,2024-49-214
10281,2.4071673847717823,1.9595284118949956,2024-50-214
10282,1.3618549616627638,2.0906112522678377,2024-51-214
10283,0.0,1.8895266685949532,2024-52-214
10536,0.3074438919908531,1.3512937500421882,2024-1-215
10537,0.7106342899415324,1.1107948314000786,2024-2-215
10538,0.0,1.1173157319467564,2024-3-215
10539,0.0,1.063570923304133,2024-4-215
10540,0.9173756997412268,0.44069389160783456,2024-5-215
10541,0.0,0.8310756690037643,2024-6-215
10542,0.0,1.5466791983521164,2024-7-215
10543,0.0,0.4849219958818154,2024-8-215
10544,2.2945986280231057,0.44258851493325047,2024-9-215
10545,0.0,1.2288576954628105,2024-10-215
10546,1.0157959749321417,1.0813598160781064,2024-11-215
10547,1.0925983228923126,0.9574673832373827,2024-12-215
10548,1.4691131835499762,1.2742859151873855,2024-13-215
10549,0.0,1.4974801556544157,2024-14-215
10550,0.0,0.791399723993587,2024-15-215
10551,0.0,0.5344085878570728,2024-16-215
10552,0.0,0.5543834337684993,2024-17-215
10553,0.0,0.268014315025517,2024-18-215
10554,0.0,0.2598128984395629,2024-19-215
10555,0.0,0.3679342364449617,2024-20-215
10556,0.0,0.23036347750944708,2024-21-215
10557,0.5327557151672867,0.24754489796235324,2024-22-215
10558,0.0,0.403709365765921,2024-23-215
10559,0.0,0.3600190360685629,2024-24-215
10560,0.0,0.2941548730040795,2024-25-215
10561,0.0,0.24317641260099943,2024-26-215
10562,0.0,0.13464694335731153,2024-27-215
10563,0.0,0.0496894607059275,2024-28-215
10564,0.0,0.13025896630276879,2024-29-215
10565,0.0,-0.04572957119383858,2024-30-215
10566,0.0,0.038082455666337944,2024-31-215
10567,0.2384724000518342,-0.05187171909093968,2024-32-215
10568,0.0,0.040337059905670714,2024-33-215
10569,0.0,0.05330127477363522,2024-34-215
10570,0.0,0.24516914275806934,2024-35-215
10571,0.0,0.2465128230998166,2024-36-215
10572,0.2402137012645804,0.16947938406080731,2024-37-215
10573,0.0,0.19968116004960368,2024-38-215
10574,0.2568199170888279,0.11746736299100102,2024-39-215
10575,0.5814251083563907,0.24947367386831176,2024-40-215
10576,0.3116214531118256,0.7782969742847398,2024-41-215
10577,0.747877874743492,0.4322097813338758,2024-42-215
10578,0.0,0.5883821455221595,2024-43-215
10579,0.893051903719637,0.47210858839798,2024-44-215
10580,0.5358213956960256,0.5647390476971031,2024-45-215
10581,0.0,0.5915942261741273,2024-46-215
10582,0.0,0.6274384356283882,2024-47-215
10583,0.6784835571823209,0.163799486525669,2024-48-215
10584,0.0,0.5895245570062595,2024-49-215
10585,0.0,0.31619611743794007,2024-50-215
10586,0.0,0.10977083224344963,2024-51-215
10587,2.014266036164672,0.29433354340601936,2024-52-215
10840,2.412904663679832,1.097547083035161,2024-1-216
10841,2.3899205436175888,1.8929655430386356,2024-2-216
10842,0.4547954349196493,1.99354230761596,2024-3-216
10843,0.926796394294578,1.250314975891791,2024-4-216
10844,1.0279756012980508,1.190430746337437,2024-5-216
10845,1.848106076009128,1.2065491156678423,2024-6-216
10846,0.6920151806038354,1.8835109924281532,2024-7-216
10847,2.9129208209858577,1.3229647046203243,2024-8-216
10848,1.713210575436312,1.888387582250652,2024-9-216
10849,4.044438030434425,1.8401904586664557,2024-10-216
10850,2.2746351810955736,2.9866443232592053,2024-11-216
10851,1.2231390452579023,2.6670660712719503,2024-12-216
10852,0.0,1.9941729122957603,2024-13-216
10853,4.712789403753145,1.3210987863917338,2024-14-216
10854,2.706684734528233,2.7766487307637404,2024-15-216
10855,4.078352758396337,2.691429111040705,2024-16-216
10856,5.411654122300906,3.269873251822734,2024-17-216
10857,3.9301398090062047,4.036768974075982,2024-18-216
10858,6.121774886830654,4.27908316686373,2024-19-216
10859,11.462800075663068,4.917041635829992,2024-20-216
10860,11.211273392326008,7.490983231853641,2024-21-216
10861,3.5735205429709227,9.111676111635422,2024-22-216
10862,6.396864072119912,6.4108516504742985,2024-23-216
10863,9.00944123135958,6.137035832925607,2024-24-216
10864,6.995770798086918,7.521813646829847,2024-25-216
10865,9.16411871661172,7.164151927589289,2024-26-216
10866,5.926822847781845,7.375903680836965,2024-27-216
10867,6.841082487302512,6.50428933636688,2024-28-216
10868,2.1910762067480407,6.534915750104248,2024-29-216
10869,2.3314801203736324,4.535640483111292,2024-30-216
10870,3.3358733141239,3.317820154262118,2024-31-216
10871,3.194561916333884,3.0489165028513274,2024-32-216
10872,2.719067124466766,3.093633475005059,2024-33-216
10873,2.276099549992749,2.667124248475866,2024-34-216
10874,1.2676051083270778,2.5387465476895468,2024-35-216
10875,2.296870341137342,2.0778698765826156,2024-36-216
10876,2.143672739213837,2.254706386592342,2024-37-216
10877,1.019819247124146,2.2044299717206024,2024-38-216
10878,0.5727974893226541,1.5349499096989376,2024-39-216
10879,2.2690293583384857,1.17169860342178,2024-40-216
10880,0.3474093806687083,1.7027175407564648,2024-41-216
10881,1.667288683252821,1.051177552065068,2024-42-216
10882,1.4853508690104218,1.1942609026255322,2024-43-216
10883,1.990346774453276,1.3377599188405362,2024-44-216
10884,1.1940103809181135,1.6804402732575805,2024-45-216
10885,0.7740631136519527,1.1549869447819932,2024-46-216
10886,0.0,1.2155146879067897,2024-47-216
10887,0.7556236423543543,0.8749086015441461,2024-48-216
10888,2.7127126721623025,0.9674562992029657,2024-49-216
10889,2.992843521402026,1.929627010144724,2024-50-216
10890,0.0,2.483020448644363,2024-51-216
10891,0.0,1.9014069099272866,2024-52-216
11144,0.1122568353347781,0.20170624156717065,2024-1-301
11145,0.043248994144969,0.30825325421518557,2024-2-301
11146,0.0,0.0862573071220828,2024-3-301
11147,0.0,0.09902747124236377,2024-4-301
11148,0.1116887868544663,0.1681177011945476,2024-5-301
11149,0.0669463139458149,0.05443151959661563,2024-6-301
11150,0.0,0.3226083748876579,2024-7-301
11151,0.0791731919948052,0.2381526076671293,2024-8-301
11152,0.0,0.15207972221815735,2024-9-301
11153,0.0,0.09564210934726414,2024-10-301
11154,0.123729612847217,0.23200600581169895,2024-11-301
11155,0.0,0.17983973173185697,2024-12-301
11156,0.1789742902576476,0.023445284545532186,2024-13-301
11157,0.1282602564650375,0.24988567518525728,2024-14-301
11158,0.0,0.1900694908873648,2024-15-301
11159,0.0,0.09198437025657269,2024-16-301
11160,0.0,0.18497100377711306,2024-17-301
11161,0.0,0.029822908189441888,2024-18-301
11162,0.1111910543272586,0.23762196741626684,2024-19-301
11163,0.0,0.17407688688698864,2024-20-301
11164,0.0,-0.008447684703730474,2024-21-301
11165,0.0,0.1510145535138624,2024-22-301
11166,0.04983770586498,0.05925712811147221,2024-23-301
11167,0.0982902731441042,0.14999038032363188,2024-24-301
11168,0.0,0.0986336307875959,2024-25-301
11169,0.0,0.004211836931361068,2024-26-301
11170,0.0,0.25900489728039,2024-27-301
11171,0.0,0.08643876712162224,2024-28-301
11172,0.0,0.09513184611909631,2024-29-301
11173,0.0318370460601405,0.09017190024053656,2024-30-301
11174,0.0303750505204199,-0.020644799799131475,2024-31-301
11175,0.029094869226141,0.029066982894357274,2024-32-301
11176,0.0297237694615233,0.12418316488798598,2024-33-301
11177,0.0,0.023314447344988665,2024-34-301
11178,0.0,0.0025195638585910896,2024-35-301
11179,0.0,-0.01796320378057148,2024-36-301
11180,0.0,0.01304335598974915,2024-37-301
11181,0.0,-0.010021627498139063,2024-38-301
11182,0.0940505517733217,-0.07109629684507945,2024-39-301
11183,0.0709804018153415,-0.033599330025062324,2024-40-301
11184,0.0380456749847863,0.01647431365791241,2024-41-301
11185,0.0913149528319855,-0.04083032872723069,2024-42-301
11186,0.162737431419931,0.021878124628471163,2024-43-301
11187,0.1635858350033293,0.17202648443838753,2024-44-301
11188,0.4580670781502795,0.152287799754676,2024-45-301
11189,0.254593774782389,0.2504342812709843,2024-46-301
11190,0.0779882301180394,0.2996774299319207,2024-47-301
11191,0.0,0.3028565788689659,2024-48-301
11192,0.0,0.31135620452954405,2024-49-301
11193,0.7663012468280276,0.3345516445170532,2024-50-301
11194,0.3097426119632087,0.46774512717767924,2024-51-301
11195,0.2461276694463609,0.4498477472236734,2024-52-301
11448,0.2978411191099002,0.9657964507915344,2024-1-302
11449,0.3442455474727655,0.7296637725280117,2024-2-302
11450,0.1310462263550885,0.6902898936074748,2024-3-302
11451,0.1335538125911567,0.41773133680254626,2024-4-302
11452,0.1481658988749674,0.6644923263053326,2024-5-302
11453,0.1776211008889921,0.3746940390489233,2024-6-302
11454,0.1995712501070594,1.0035660790587797,2024-7-302
11455,0.2100605284647935,0.5156443749115055,2024-8-302
11456,0.2471438999797174,0.3446870239336408,2024-9-302
11457,0.0,0.2740446439738138,2024-10-302
11458,0.6565496387249806,0.3222231177533744,2024-11-302
11459,0.7062442597769192,0.4879827756648065,2024-12-302
11460,2.374231061772542,0.515545227783702,2024-13-302
11461,0.0,1.3668670555646927,2024-14-302
11462,0.0,0.9960849882027111,2024-15-302
11463,0.0,0.5032805671950542,2024-16-302
11464,0.7820151204446388,0.5518524782930385,2024-17-302
11465,0.0,0.6697475516074587,2024-18-302
11466,0.2950036683511862,0.49146853392232326,2024-19-302
11467,0.3013647124442072,0.2877731543928349,2024-20-302
11468,0.0,0.24129018965076254,2024-21-302
11469,0.0,0.36074442067730816,2024-22-302
11470,0.2644493073936023,0.0011411940061796244,2024-23-302
11471,0.2607739135267862,0.27734289481180174,2024-24-302
11472,0.1065960633601283,0.10122205881179547,2024-25-302
11473,0.0,0.024389834500645247,2024-26-302
11474,0.0,0.4564691202065104,2024-27-302
11475,0.110103061643067,0.1509901307904299,2024-28-302
11476,0.0793618941816215,0.29013512462688085,2024-29-302
11477,0.0844663415247781,0.13669460609164819,2024-30-302
11478,0.0805874943235976,0.055292431911116324,2024-31-302
11479,0.0,0.029325108706206304,2024-32-302
11480,0.0,0.12669898664976764,2024-33-302
11481,0.0,-0.16013208924607203,2024-34-302
11482,0.0,0.014139326460085977,2024-35-302
11483,0.0,-0.0065327261813517,2024-36-302
11484,0.0,0.0673705872546626,2024-37-302
11485,0.0,0.10693502787791254,2024-38-302
11486,0.0,0.0920731053325845,2024-39-302
11487,0.1883157423348731,0.1475370736581687,2024-40-302
11488,0.1009376506374989,0.21768411734242055,2024-41-302
11489,0.2422643569186438,0.24526467193350499,2024-42-302
11490,0.2878349641586462,0.3926727483773865,2024-43-302
11491,0.2893353594269827,0.32593852065454176,2024-44-302
11492,0.0,0.6193971368652593,2024-45-302
11493,0.2251505708988603,0.015147786675350217,2024-46-302
11494,0.6207211906315824,0.07475538469319765,2024-47-302
11495,0.0,0.6347384278774737,2024-48-302
11496,0.0,0.21978017484546053,2024-49-302
11497,0.0,0.282698093951644,2024-50-302
11498,0.4108810543726048,0.27273634478269115,2024-51-302
11499,0.0,0.2722012326562606,2024-52-302
11752,0.107183277065342,0.3826650369935479,2024-1-303
11753,0.2477563620615924,0.3463859305707473,2024-2-303
11754,0.0707337007173441,0.13548874970498137,2024-3-303
11755,0.1441691252983108,0.1866513844283142,2024-4-303
11756,0.0799683906469422,0.23222310005941593,2024-5-303
11757,0.0,0.030334017727883245,2024-6-303
11758,0.2154102242753689,0.23912479754583782,2024-7-303
11759,0.2267236966634956,0.24303751987912847,2024-8-303
11760,0.2667389782329029,0.2430735500509018,2024-9-303
11761,0.0,0.1660930089603947,2024-10-303
11762,0.0,0.2191510454140928,2024-11-303
11763,0.1905390179229072,0.12378273682960417,2024-12-303
11764,0.0,0.048095190812236455,2024-13-303
11765,0.0,0.13496057134842165,2024-14-303
11766,0.0,0.02939527179733803,2024-15-303
11767,0.0,-0.04532985535840117,2024-16-303
11768,0.0,0.08568113560255908,2024-17-303
11769,0.2042955044849101,-0.05460571193485575,2024-18-303
11770,0.3182771046063781,0.2593372521677799,2024-19-303
11771,0.3251281194392766,0.24960705264741478,2024-20-303
11772,0.0,0.10684471105953086,2024-21-303
11773,0.092944964562537,0.1591983874541315,2024-22-303
11774,0.1426353065910964,0.04079537681672929,2024-23-303
11775,0.0703238947754959,0.1565512099098404,2024-24-303
11776,0.2874511825680401,0.0791057887146478,2024-25-303
11777,0.1244463125737599,0.07418928700385741,2024-26-303
11778,0.0,0.273465796511569,2024-27-303
11779,0.0,0.1477165325919666,2024-28-303
11780,0.0,0.1541328776387193,2024-29-303
11781,0.0455466314424026,0.15352592952434185,2024-30-303
11782,0.1303603032736541,0.10363668833386663,2024-31-303
11783,0.166481930321435,0.015814754616301885,2024-32-303
11784,0.1700741006063622,0.25169885706434536,2024-33-303
11785,0.0395537981793674,0.1896883433456268,2024-34-303
11786,0.1982917243775754,0.04338689807394225,2024-35-303
11787,0.1347626329139012,0.13050682532531854,2024-36-303
11788,0.0,0.20976919582950893,2024-37-303
11789,0.0798099660874438,0.08234788361097745,2024-38-303
11790,0.2241744325612171,0.06260843047705289,2024-39-303
11791,0.5582911507183971,0.09298811897873327,2024-40-303
11792,0.2176248612130285,0.27919646394548214,2024-41-303
11793,0.0652888094184675,0.20855204175650632,2024-42-303
11794,0.310267770119003,0.17893273036093194,2024-43-303
11795,0.2339051549750499,0.3616510585583337,2024-44-303
11796,0.3742559884671099,0.2872084388142796,2024-45-303
11797,0.485341999886322,0.207899756745909,2024-46-303
11798,0.3344993751478926,0.3967005786756045,2024-47-303
11799,0.1184891731560086,0.434608234351731,2024-48-303
11800,0.709098300944817,0.3774854627668327,2024-49-303
11801,1.095457253017534,0.6362271285387255,2024-50-303
11802,0.6641585370458393,0.7293529845384137,2024-51-303
11803,0.0,0.6367374485042743,2024-52-303
12056,3.077176735390932,3.026314426966938,2024-1-304
12057,4.001575297696687,3.1613293947935164,2024-2-304
12058,1.5234546643427789,3.3927369389699527,2024-3-304
12059,2.5879293082190866,2.5202510074619626,2024-4-304
12060,1.1485415824508058,2.6734067884133594,2024-5-304
12061,0.6885022725181278,1.9359503450493336,2024-6-304
12062,1.547323590515023,1.9767445575850107,2024-7-304
12063,3.2576166133246414,1.5358469999808344,2024-8-304
12064,4.791348698365718,2.1247610725521184,2024-9-304
12065,5.6573223311330825,3.2012484311433154,2024-10-304
12066,2.546186138174231,4.480145353523329,2024-11-304
12067,9.587114403782811,3.573234153204771,2024-12-304
12068,9.209377355956187,5.809950055659764,2024-13-304
12069,6.600445985903787,7.369799938204757,2024-14-304
12070,1.516800509942564,6.896850488123299,2024-15-304
12071,12.192979147794423,4.217217038833444,2024-16-304
12072,12.13813132658024,7.610943028530179,2024-17-304
12073,8.817901925224879,9.448056569698261,2024-18-304
12074,14.884428351162873,8.746597267672016,2024-19-304
12075,7.018549866628883,10.582153040836848,2024-20-304
12076,8.092876228090343,9.28896711394304,2024-21-304
12077,9.365735632475042,8.659120344083183,2024-22-304
12078,6.160620753022735,8.249625413638917,2024-23-304
12079,7.594488826836913,7.356285331672899,2024-24-304
12080,8.693125501322514,6.770660370411735,2024-25-304
12081,4.9290754462361,7.064037656086384,2024-26-304
12082,8.001140144853244,6.4384706763773,2024-27-304
12083,6.415507415210222,6.557621172248065,2024-28-304
12084,9.866056997902952,6.35084879915204,2024-29-304
12085,8.532570980246577,7.5874151534864,2024-30-304
12086,5.949567450164508,7.492264924947589,2024-31-304
12087,10.798779660511606,6.646629881649645,2024-32-304
12088,9.194368293679252,8.16080261778274,2024-33-304
12089,10.835566455676892,8.419883592051464,2024-34-304
12090,11.437517870892526,9.059480836237876,2024-35-304
12091,7.774170497231602,9.491692453274222,2024-36-304
12092,5.443469684314296,8.683456161611108,2024-37-304
12093,3.741793531886457,7.037452106359698,2024-38-304
12094,6.468636997377915,5.282565592352878,2024-39-304
12095,3.295601179670296,5.410887019063098,2024-40-304
12096,3.9258162379477226,4.207184722430336,2024-41-304
12097,4.711699327495479,3.5832433492643436,2024-42-304
12098,6.718218206421292,3.9355464056136946,2024-43-304
12099,2.81411664219919,5.109833906367983,2024-44-304
12100,2.026473538321322,4.0349568615162825,2024-45-304
12101,2.62831501759705,2.9550775954152213,2024-46-304
12102,2.415577353672803,2.969532255273246,2024-47-304
12103,0.0,2.777522675590196,2024-48-304
12104,0.0,1.443136901861327,2024-49-304
12105,0.0,0.7287510862847228,2024-50-304
12106,3.199157096357917,0.43746281689487543,2024-51-304
12107,2.542354141787415,1.6151296341388721,2024-52-304
12360,2.379440654359424,6.1851793249277405,2024-1-305
12361,3.463595446320222,4.85976927955105,2024-2-305
12362,3.1415422401364705,3.812917509314527,2024-3-305
12363,3.320644600768984,3.750220851377409,2024-4-305
12364,3.026478738471496,3.792831816298605,2024-5-305
12365,2.366468919530836,2.835189952948973,2024-6-305
12366,1.772827274121654,2.79224758888546,2024-7-305
12367,4.665587821205598,2.276592234444326,2024-8-305
12368,5.050717738420291,3.1863318479254543,2024-9-305
12369,5.704429247980537,3.8922022036776847,2024-10-305
12370,6.126876932239449,4.622233059554505,2024-11-305
12371,5.963679441425707,5.130409355618278,2024-12-305
12372,11.81953060374587,5.411464763856324,2024-13-305
12373,7.86628493595434,7.999027816830145,2024-14-305
12374,7.648130881131687,7.997241976992591,2024-15-305
12375,8.733234757871392,7.467158591820156,2024-16-305
12376,7.650871823724055,7.891775949835714,2024-17-305
12377,9.432125387905,7.747124892386203,2024-18-305
12378,10.235334872714173,8.22700829712764,2024-19-305
12379,5.899002558146033,8.619759980248375,2024-20-305
12380,7.008259816274139,7.281167787271666,2024-21-305
12381,5.060690901643508,7.001582343056512,2024-22-305
12382,5.296011042218831,5.98569554277585,2024-23-305
12383,5.339116381211649,5.510983555936815,2024-24-305
12384,6.643089314313445,4.94031934581156,2024-25-305
12385,5.85563722892971,5.298438250087851,2024-26-305
12386,6.624164923953034,5.671446756357145,2024-27-305
12387,7.844766642028175,5.782416513572066,2024-28-305
12388,12.865515831590574,6.497106575510231,2024-29-305
12389,12.866983122958978,8.931182258032095,2024-30-305
12390,15.149566050504744,10.37156740558095,2024-31-305
12391,15.88846690337631,11.932431753771777,2024-32-305
12392,15.250008999151884,13.299981734817246,2024-33-305
12393,11.76961197315376,13.92821327937693,2024-34-305
12394,10.425632891120834,12.493954188557604,2024-35-305
12395,9.656763074433847,11.141626565208187,2024-36-305
12396,7.073930299917866,10.051330355977354,2024-37-305
12397,5.544788087783277,8.30975213913697,2024-38-305
12398,6.008262550961017,6.557226695659027,2024-39-305
12399,6.97048878097689,5.796939181789984,2024-40-305
12400,4.772113224974084,5.983796279686972,2024-41-305
12401,4.322692743447014,5.166889310288778,2024-42-305
12402,5.136432247350674,4.515542038247014,2024-43-305
12403,4.2601672623237405,4.586238252328449,2024-44-305
12404,1.859317077170068,4.26372649359346,2024-45-305
12405,5.42605718416126,3.0493359136541094,2024-46-305
12406,3.69407784509879,3.6868301895462285,2024-47-305
12407,1.766820553364336,3.8587804649079516,2024-48-305
12408,1.175024663407835,2.942658577932428,2024-49-305
12409,2.334262620302322,1.822555011863925,2024-50-305
12410,2.9357534232521982,2.1678045099454164,2024-51-305
12411,0.5832731491621259,2.4352852177885245,2024-52-305
12664,0.0,0.2208665701322443,2024-1-306
12665,0.4639336585816576,0.35695529559288974,2024-2-306
12666,0.0,0.23239125918776227,2024-3-306
12667,0.0,0.24221394718572375,2024-4-306
12668,0.0,0.25259563787369976,2024-5-306
12669,0.0,0.05656956147755543,2024-6-306
12670,0.0,0.370871816111794,2024-7-306
12671,0.0,0.2579125846507021,2024-8-306
12672,0.0,0.20078522702808088,2024-9-306
12673,0.0,0.12763692247662184,2024-10-306
12674,0.0,0.27140056088108955,2024-11-306
12675,0.0,0.16960541548332764,2024-12-306
12676,0.0,0.008190594481858104,2024-13-306
12677,0.0,0.23704613298531274,2024-14-306
12678,0.0,0.13315839807834695,2024-15-306
12679,0.0,0.06430393469038376,2024-16-306
12680,0.0,0.2004585724881489,2024-17-306
12681,0.0,0.04584298016132382,2024-18-306
12682,0.0,0.26736371496814537,2024-19-306
12683,0.0,0.20729430003809957,2024-20-306
12684,0.0,0.0193465506313113,2024-21-306
12685,0.0,0.1409698102010869,2024-22-306
12686,0.0,0.07873804911181881,2024-23-306
12687,0.0,0.094188394012506,2024-24-306
12688,0.4311834089725926,0.08299721229540569,2024-25-306
12689,0.0,0.14338892994133723,2024-26-306
12690,0.0,0.3013474931686634,2024-27-306
12691,0.0,0.12613288140508672,2024-28-306
12692,0.0,0.1012840395966782,2024-29-306
12693,0.0,0.13136761838049615,2024-30-306
12694,0.0,0.03490197863296052,2024-31-306
12695,0.0,0.06705680586672069,2024-32-306
12696,0.0,0.12412507539545892,2024-33-306
12697,0.0,0.07323863745027692,2024-34-306
12698,0.0,0.0781475770610246,2024-35-306
12699,0.0,0.05576041440492152,2024-36-306
12700,0.0,0.029191760948427348,2024-37-306
12701,0.0,0.036142072764501876,2024-38-306
12702,0.0,0.04239727290014539,2024-39-306
12703,0.0,0.05684038333992181,2024-40-306
12704,0.0,0.09021419202024328,2024-41-306
12705,0.0,0.07772984566897922,2024-42-306
12706,0.0,0.1050141941755327,2024-43-306
12707,0.0,0.1572166890389124,2024-44-306
12708,0.0,0.08454650092103888,2024-45-306
12709,0.9111263116053264,0.07414747179159065,2024-46-306
12710,0.0,0.48401237359535376,2024-47-306
12711,0.0,0.31663326471837827,2024-48-306
12712,0.0,0.25298231485952705,2024-49-306
12713,0.0,0.19090127270490054,2024-50-306
12714,0.0,0.24639467375702861,2024-51-306
12715,0.0,0.14970712872140635,2024-52-306
12968,0.0,0.218315077090252,2024-1-307
12969,0.0,0.32524455334463254,2024-2-307
12970,0.1650279853597524,0.047627476114938894,2024-3-307
12971,0.168187258318212,0.15860310708745773,2024-4-307
12972,0.0,0.3042628738614124,2024-5-307
12973,0.0,0.07973149501535381,2024-6-307
12974,0.0,0.36114902620807277,2024-7-307
12975,0.0,0.26601771590948886,2024-8-307
12976,0.0,0.16810343615274892,2024-9-307
12977,0.0,0.09972930197196783,2024-10-307
12978,0.0,0.2510464181804144,2024-11-307
12979,0.0,0.09830777004281388,2024-12-307
12980,0.0,-0.02646048092632136,2024-13-307
12981,0.0,0.21129023076129405,2024-14-307
12982,0.0,0.09625585383334367,2024-15-307
12983,0.0,0.038013357999017616,2024-16-307
12984,0.0,0.16498267777853293,2024-17-307
12985,0.0,-0.06993006366098165,2024-18-307
12986,0.0,0.14009216750081321,2024-19-307
12987,0.0,0.14313499785443173,2024-20-307
12988,0.2917523216253876,-0.10981087600040595,2024-21-307
12989,0.0,0.29524507361734276,2024-22-307
12990,0.0,0.10674533608080072,2024-23-307
12991,0.0,0.02726990719626965,2024-24-307
12992,0.0,0.015168915945062977,2024-25-307
12993,0.1453227279032229,0.09540650185270316,2024-26-307
12994,0.0,0.40932518674522334,2024-27-307
12995,0.0,0.2033983814724013,2024-28-307
12996,0.0999635710923563,0.13065244996031522,2024-29-307
12997,0.2127879986255062,0.15823388470184085,2024-30-307
12998,0.0,0.11635815047567533,2024-31-307
12999,0.0972316493662208,0.0140131634950178,2024-32-307
13000,0.0,0.11844505457337173,2024-33-307
13001,0.0,-0.10740201688811624,2024-34-307
13002,0.0,-0.08258599861847316,2024-35-307
13003,0.0,-0.11972105222802587,2024-36-307
13004,0.0,-0.03329979516899639,2024-37-307
13005,0.0,0.014085107911089745,2024-38-307
13006,0.0,-0.02470659747072812,2024-39-307
13007,0.0,0.0034352706289138,2024-40-307
13008,0.1271532489028257,0.0347066483550329,2024-41-307
13009,0.0,0.009942450941485825,2024-42-307
13010,0.0,0.06534733121719527,2024-43-307
13011,0.0,0.2293407372080617,2024-44-307
13012,0.0,0.12503571994587126,2024-45-307
13013,0.0,0.20023703547982652,2024-46-307
13014,0.0,0.28825187172154965,2024-47-307
13015,0.277010510623432,0.20256253335425212,2024-48-307
13016,0.0,0.5136132886222885,2024-49-307
13017,0.0,0.5107559506655778,2024-50-307
13018,0.0,0.27067995150357427,2024-51-307
13019,0.0,0.20685809334650473,2024-52-307
13272,0.0,0.25892119488539544,2024-1-308
13273,0.0,0.2798841941654785,2024-2-308
13274,0.0,0.07539831044167888,2024-3-308
13275,0.5445664555014427,0.12461722361874916,2024-4-308
13276,0.0,0.3276276089654572,2024-5-308
13277,0.0,0.16317834937082343,2024-6-308
13278,0.0,0.3020709682993763,2024-7-308
13279,0.0,0.15136388997752115,2024-8-308
13280,0.0,0.13957423940515257,2024-9-308
13281,0.0,0.02770100719515356,2024-10-308
13282,0.0,0.1529042829573608,2024-11-308
13283,0.0,0.13971493178020256,2024-12-308
13284,0.0,-0.026620496842598484,2024-13-308
13285,0.46250913263287,0.0992398582381897,2024-14-308
13286,0.531376671469072,0.31858049520585574,2024-15-308
13287,0.0,0.3867834738217336,2024-16-308
13288,0.0,0.33530254980348606,2024-17-308
13289,0.0,0.12277752263329644,2024-18-308
13290,0.4009504989862856,0.3097256377887678,2024-19-308
13291,0.0,0.30860670461175177,2024-20-308
13292,0.0,0.06645488588779913,2024-21-308
13293,0.0,0.18348542232566034,2024-22-308
13294,0.0,0.02222003476840917,2024-23-308
13295,0.0,0.11944731144451959,2024-24-308
13296,0.0,-0.0009974864192034971,2024-25-308
13297,0.0,-0.019719044217854753,2024-26-308
13298,0.155538527965675,0.210079432669398,2024-27-308
13299,0.149642905639475,0.07960995966084028,2024-28-308
13300,0.5393091565883635,0.12881767442395164,2024-29-308
13301,0.4591963932504749,0.1996766383399119,2024-30-308
13302,0.2190541419090807,0.2703369770481908,2024-31-308
13303,0.2098213241620626,0.15952360401770127,2024-32-308
13304,0.0,0.2957482681586385,2024-33-308
13305,0.0,0.162330649816801,2024-34-308
13306,0.0,0.09814806433017209,2024-35-308
13307,0.113245598399098,0.023458597190293418,2024-36-308
13308,0.0,-0.0037255419911095267,2024-37-308
13309,0.0,0.053314345904545535,2024-38-308
13310,0.0,-0.03805702133783795,2024-39-308
13311,0.255936192522765,-0.07475942508971745,2024-40-308
13312,0.0,0.09817183698658893,2024-41-308
13313,0.0,0.06951652704766409,2024-42-308
13314,0.0,0.04772668029970739,2024-43-308
13315,0.1966132176922759,0.09097487410434457,2024-44-308
13316,0.0,0.17256576928262846,2024-45-308
13317,0.9179807216291266,-0.001322615740653399,2024-46-308
13318,1.1247955552802875,0.4617722919556715,2024-47-308
13319,0.0,0.8193875738693663,2024-48-308
13320,0.7153790518581482,0.5840710147154415,2024-49-308
13321,0.7894275705171301,0.6129931523865613,2024-50-308
13322,1.1168131374507924,0.7497935176772952,2024-51-308
13323,1.7748789905200908,0.9418185068709505,2024-52-308
13576,0.293288926823101,0.44485311841895836,2024-1-401
13577,0.3873840924998559,0.6830583774349878,2024-2-401
13578,0.4423741316629832,0.38036179054235275,2024-3-401
13579,0.2254041986309752,0.4658306476528644,2024-4-401
13580,0.1250243148831546,0.4534838641330513,2024-5-401
13581,0.5245408770062383,0.2998935510116155,2024-6-401
13582,0.0841889777596841,0.9405619121300102,2024-7-401
13583,1.2405100039344237,0.4557883079965319,2024-8-401
13584,0.0,0.7708277544734956,2024-9-401
13585,0.2461271523113652,0.4390449247407652,2024-10-401
13586,0.0,0.6013148412816496,2024-11-401
13587,0.0,0.31805589846492954,2024-12-401
13588,0.4004639674778743,0.1696374626747097,2024-13-401
13589,0.0,0.40646668825823185,2024-14-401
13590,0.1648382747753652,0.22168266378870316,2024-15-401
13591,0.0,0.17553895366913796,2024-16-401
13592,0.0,0.21330163516839418,2024-17-401
13593,0.0,0.04431150270630724,2024-18-401
13594,0.0,0.24029833552554714,2024-19-401
13595,0.0,0.15577157289083643,2024-20-401
13596,0.4881230759951189,0.013681777904177128,2024-21-401
13597,0.0,0.3814759747627666,2024-22-401
13598,0.1114368077203974,0.16340288881950094,2024-23-401
13599,0.0549402942204024,0.16004843188764117,2024-24-401
13600,0.0449126423167983,0.1320207243529271,2024-25-401
13601,0.0972171739435785,0.11532494824860451,2024-26-401
13602,0.1446337185848435,0.21598182806803734,2024-27-401
13603,0.0463807098075442,0.138355849283477,2024-28-401
13604,0.1337149570620214,0.12799149256015052,2024-29-401
13605,0.1067291115622677,0.11067128212993904,2024-30-401
13606,0.0,0.05146804545276318,2024-31-401
13607,0.1625379272446097,-0.07628232800916446,2024-32-401
13608,0.1328317519125784,0.10496529480044914,2024-33-401
13609,0.1235657248288838,0.02287989151888259,2024-34-401
13610,0.0,0.0047102811371591,2024-35-401
13611,0.4209704008456544,0.0021523155099423263,2024-36-401
13612,0.2292226821588916,0.15122043551382802,2024-37-401
13613,0.2492937876416404,0.18059356117207248,2024-38-401
13614,0.1050310724803196,0.1828556562069028,2024-39-401
13615,0.3170477323187772,0.10973479834059052,2024-40-401
13616,0.1699265538528804,0.2825489889172714,2024-41-401
13617,0.3058643651088198,0.026278937699082183,2024-42-401
13618,0.3028110386917281,0.1234181249293177,2024-43-401
13619,0.3652422080801795,0.26547568574633995,2024-44-401
13620,0.1460952450678129,0.1605458931214473,2024-45-401
13621,0.5683588197177201,-0.028079562163532357,2024-46-401
13622,0.1740899394797439,0.060390677454444264,2024-47-401
13623,0.2774953448622821,0.055110937474993626,2024-48-401
13624,0.6642470398546112,0.19219644305213612,2024-49-401
13625,0.4886360272907913,0.2831965494892965,2024-50-401
13626,0.5184251012643525,0.3545771210794849,2024-51-401
13627,0.0,0.5476472639088541,2024-52-401
13880,0.2523240380682604,0.5192275818611574,2024-1-402
13881,0.1458023509005006,0.6464241488933158,2024-2-402
13882,0.166492317424938,0.2555237188272632,2024-3-402
13883,0.1696595102267638,0.2932861742690801,2024-4-402
13884,0.1882012173686375,0.33843701495110057,2024-5-402
13885,0.4511811856855749,0.19229659057946247,2024-6-402
13886,0.7603226539069035,0.6199955407813049,2024-7-402
13887,0.2667321907450362,0.7074394992562396,2024-8-402
13888,0.3137857118028849,0.5755785229802838,2024-9-402
13889,0.370421561026417,0.42147918875311075,2024-10-402
13890,0.0,0.6332521312839843,2024-11-402
13891,0.0,0.3573417858583634,2024-12-402
13892,0.0,0.0721332992054835,2024-13-402
13893,0.0,0.26442727008556666,2024-14-402
13894,0.0,0.18842327055947172,2024-15-402
13895,0.0,0.05062823060622823,2024-16-402
13896,0.0,0.16876724376996144,2024-17-402
13897,0.0,0.016361373427553172,2024-18-402
13898,0.0,0.26964831807987544,2024-19-402
13899,0.0,0.1228804089441694,2024-20-402
13900,0.0,-0.05260111158118508,2024-21-402
13901,0.0,0.12149900640320166,2024-22-402
13902,0.3352423132749193,-0.0031008565211301242,2024-23-402
13903,0.0,0.24513375227173306,2024-24-402
13904,0.0,0.18988324271149581,2024-25-402
13905,0.0,0.11004783723747114,2024-26-402
13906,0.1450125834559977,0.26566920345121525,2024-27-402
13907,0.0,0.21319254912023033,2024-28-402
13908,0.0,0.20283961858393884,2024-29-402
13909,0.3209854892874918,0.12630909755095487,2024-30-402
13910,0.1020703995550683,0.06915514409264345,2024-31-402
13911,0.0977576271299733,0.036710544404961576,2024-32-402
13912,0.399438169638926,0.2073664839236622,2024-33-402
13913,0.0,0.24751934787617402,2024-34-402
13914,0.0931282983715027,0.12967901372371649,2024-35-402
13915,0.1054783136056436,0.08970662812497077,2024-36-402
13916,0.0,0.0561293128922844,2024-37-402
13917,0.2810600231416503,0.06063111889574757,2024-38-402
13918,0.0,0.08178355951535021,2024-39-402
13919,0.0,0.07243307435209634,2024-40-402
13920,0.127703525001354,0.13430475373643191,2024-41-402
13921,0.0,0.006422807963802013,2024-42-402
13922,0.1820400158178112,0.07347888603791941,2024-43-402
13923,0.1829686366954815,0.07017263054951584,2024-44-402
13924,0.0,0.07237748939021549,2024-45-402
13925,0.0,-0.11135281400855646,2024-46-402
13926,0.0,-0.017327135026820706,2024-47-402
13927,0.0,0.1862400792306793,2024-48-402
13928,0.0,-0.016612000288673823,2024-49-402
13929,0.0,0.1207535179421283,2024-50-402
13930,0.0,-0.11333649677474722,2024-51-402
13931,0.0,-0.22367707967498363,2024-52-402
14184,0.2450133539494697,0.19475396119619326,2024-1-403
14185,0.283175405219389,0.3772697883373395,2024-2-403
14186,0.3233814278104431,0.16346359976386082,2024-3-403
14187,0.6591115842897158,0.30322831910709414,2024-4-403
14188,0.1827986690640343,0.5107977763983852,2024-5-403
14189,0.2191297966227825,0.258318768539994,2024-6-403
14190,0.0,0.4232445239271959,2024-7-403
14191,0.0,0.2691457352468344,2024-8-403
14192,0.0,0.18646775029653928,2024-9-403
14193,0.3599117524737072,4.4193308073703363e-05,2024-10-403
14194,0.4049067645487575,0.26782672476991554,2024-11-403
14195,0.0,0.30802883209814746,2024-12-403
14196,0.5856453383652839,0.07040797886469052,2024-13-403
14197,0.0,0.35855074517403207,2024-14-403
14198,0.0,0.2378461276134024,2024-15-403
14199,0.0,0.10700587837791464,2024-16-403
14200,0.0,0.1539560972340558,2024-17-403
14201,0.0,0.012862940589161154,2024-18-403
14202,0.0,0.19931256925891705,2024-19-403
14203,0.0,0.029540728766160873,2024-20-403
14204,0.0,-0.11985667939435518,2024-21-403
14205,0.2124449385208943,0.035223565821953295,2024-22-403
14206,0.0,0.015600813971118566,2024-23-403
14207,0.0,0.06993612380244052,2024-24-403
14208,0.0,0.054225880288983896,2024-25-403
14209,0.0,0.02084009789433683,2024-26-403
14210,0.4231881899268142,0.22790605495452565,2024-27-403
14211,0.1357106153621375,0.23769140675470257,2024-28-403
14212,0.2934473021970765,0.20997793380616703,2024-29-403
14213,0.0,0.26375643125434234,2024-30-403
14214,0.1986366267450579,0.11722149727218101,2024-31-403
14215,0.1902571038031703,0.14258346307302128,2024-32-403
14216,0.1943616189063186,0.3342148457843338,2024-33-403
14217,0.0904042942479283,0.22751878207646536,2024-34-403
14218,0.5438576591976946,0.1668112184150623,2024-35-403
14219,0.410682488081403,0.3318209652967118,2024-36-403
14220,0.0,0.4260831875155683,2024-37-403
14221,0.0,0.19844397530989155,2024-38-403
14222,0.1024730534734373,0.057271192400997206,2024-39-403
14223,0.0,0.10780268217358102,2024-40-403
14224,0.0,0.06957276011172153,2024-41-403
14225,0.0,-0.020750852211753656,2024-42-403
14226,0.3545638579484375,-0.019558259733588157,2024-43-403
14227,0.0,0.12372276027988194,2024-44-403
14228,0.0,0.09969596067937547,2024-45-403
14229,0.0,0.0427141592426985,2024-46-403
14230,0.2548332236596439,0.12665852181200843,2024-47-403
14231,0.270806578803942,0.24700956637256832,2024-48-403
14232,0.0,0.23721392742688518,2024-49-403
14233,0.7153276834230969,0.11041746797214924,2024-50-403
14234,0.5059722480902455,0.33585933956989933,2024-51-403
14235,0.0,0.5861376968768034,2024-52-403
14488,0.2730611607537409,0.46312298479262204,2024-1-404
14489,0.7889296821746956,0.6168073806553542,2024-2-404
14490,0.7207097764382212,0.505325876513183,2024-3-404
14491,0.9180300445911986,0.688829579932153,2024-4-404
14492,0.4073460997376016,0.8641762462631082,2024-5-404
14493,0.7324126469653072,0.5780972621272265,2024-6-404
14494,1.0971164256201895,0.9639575402729368,2024-7-404
14495,0.8659946148734139,1.040850055425472,2024-8-404
14496,0.6791787954736141,0.9994241543044413,2024-9-404
14497,0.0,0.781027515409767,2024-10-404
14498,0.4509738030122285,0.6649177738559626,2024-11-404
14499,0.970115506969842,0.5443465137434622,2024-12-404
14500,0.0,0.6014822957502578,2024-13-404
14501,0.0,0.5531231289050582,2024-14-404
14502,0.5368702834720727,0.27852022319050884,2024-15-404
14503,0.0,0.35058782673845856,2024-16-404
14504,0.0,0.38958052530578613,2024-17-404
14505,0.5198670813517243,0.0736459992512426,2024-18-404
14506,0.0,0.481392639779994,2024-19-404
14507,0.413617997852873,0.27701119388781137,2024-20-404
14508,0.0,0.17356572680738658,2024-21-404
14509,0.0,0.2509500364361622,2024-22-404
14510,0.1814195413427097,0.08259408615752162,2024-23-404
14511,0.1788795359538382,0.2105546744779866,2024-24-404
14512,0.0,0.2461415227250443,2024-25-404
14513,0.0,0.15799769949992604,2024-26-404
14514,0.15695309424124,0.2768356164234561,2024-27-404
14515,0.3019759152446409,0.19315125880784778,2024-28-404
14516,0.2176397673462328,0.30477711216961867,2024-29-404
14517,0.1158065818039084,0.31429831903973815,2024-30-404
14518,0.1104766628086707,0.11924972114045973,2024-31-404
14519,0.1058090992471679,0.09289646981145239,2024-32-404
14520,0.1080845380481788,0.23930474403994162,2024-33-404
14521,0.3016228972767202,0.12757353098743895,2024-34-404
14522,0.3023988856542567,0.15981507463821587,2024-35-404
14523,0.1141673902066455,0.21224601225200646,2024-36-404
14524,0.1065650229781565,0.13033109552082867,2024-37-404
14525,0.1014051427643076,0.12074650602582793,2024-38-404
14526,0.3417745301084109,0.07398725742252465,2024-39-404
14527,0.1289555227765752,0.20782435602887583,2024-40-404
14528,0.2764521221566355,0.2588352220700362,2024-41-404
14529,0.6634522832823931,0.1398616386705971,2024-42-404
14530,0.1970412567598127,0.39551094430451217,2024-43-404
14531,0.1980471441427469,0.28505455446900196,2024-44-404
14532,0.0,0.1669552372285229,2024-45-404
14533,0.6163211142697543,-0.03493695174729239,2024-46-404
14534,0.5663211604800861,0.3636372628899611,2024-47-404
14535,1.203557865757865,0.5814881571902698,2024-48-404
14536,0.0,0.6175712395243858,2024-49-404
14537,0.7946847566800319,0.45144485205380647,2024-50-404
14538,0.5620663624427061,0.462097977493095,2024-51-404
14539,0.0,0.45133739561340813,2024-52-404
14792,0.0,0.26118300830864827,2024-1-405
14793,0.3758361252023526,0.34731868285579015,2024-2-405
14794,1.144473162024663,0.1881609035510683,2024-3-405
14795,0.0,0.6418316408840936,2024-4-405
14796,0.4851571949853728,0.4814666310691401,2024-5-405
14797,0.1938511840140596,0.3278165368827697,2024-6-405
14798,0.0,0.5594661562799045,2024-7-405
14799,0.2292135325936103,0.3889174215821022,2024-8-405
14800,0.2696538701443588,0.29623167716612,2024-9-405
14801,0.0,0.23350630889784085,2024-10-405
14802,0.0,0.31288802695454465,2024-11-405
14803,0.0,0.13159446832149868,2024-12-405
14804,0.0,-0.0068370584578720806,2024-13-405
14805,0.0,0.15243805052532278,2024-14-405
14806,0.0,0.08963177680103152,2024-15-405
14807,0.0,0.029466377139768074,2024-16-405
14808,0.0,0.1446544805226998,2024-17-405
14809,0.0,-0.031169373936791533,2024-18-405
14810,0.0,0.21251757501669444,2024-19-405
14811,0.0,0.1023239771597132,2024-20-405
14812,0.0,-0.09378898323771279,2024-21-405
14813,0.0,0.084837926087728,2024-22-405
14814,0.1440865516491616,0.0025495992324209293,2024-23-405
14815,0.0,0.189246486452194,2024-24-405
14816,0.0,0.17172427473190122,2024-25-405
14817,0.0,0.1732942520559524,2024-26-405
14818,0.0,0.389857046618204,2024-27-405
14819,0.0,0.15082951480215456,2024-28-405
14820,0.0,0.1985427322052853,2024-29-405
14821,0.0,0.24069691892640777,2024-30-405
14822,0.0,0.04535596384642182,2024-31-405
14823,0.0,0.06717401443865123,2024-32-405
14824,0.0,0.2099456826459999,2024-33-405
14825,0.0,0.06408025763661507,2024-34-405
14826,0.0,0.06009151841035787,2024-35-405
14827,0.0,0.023671337112777024,2024-36-405
14828,0.0,0.0625132786872673,2024-37-405
14829,0.0,-0.008878518977803784,2024-38-405
14830,0.0,-0.041316336228573114,2024-39-405
14831,0.0,-0.005869640480910654,2024-40-405
14832,0.1098125588602955,0.05561051475520351,2024-41-405
14833,0.0,0.11354278282766461,2024-42-405
14834,0.0,0.1249629909419695,2024-43-405
14835,0.0,0.09900898335195374,2024-44-405
14836,0.0,-0.02099433051501709,2024-45-405
14837,0.0,0.007519283812048139,2024-46-405
14838,0.0,0.21935196890636666,2024-47-405
14839,0.0,0.11311811220023538,2024-48-405
14840,0.0,0.18713707160680093,2024-49-405
14841,0.0,0.09333344011408029,2024-50-405
14842,0.0,0.10481760862883882,2024-51-405
14843,0.0,0.27767476329003216,2024-52-405
15096,0.2611745346331498,0.2398275433408853,2024-1-406
15097,0.0,0.5018899062100007,2024-2-406
15098,0.0,0.11383149995712494,2024-3-406
15099,0.0,0.10577047343363954,2024-4-406
15100,0.0,0.1899473860237233,2024-5-406
15101,0.0,-0.017339350329035996,2024-6-406
15102,0.5248475940324098,0.3438269860893033,2024-7-406
15103,0.0,0.37792459197102757,2024-8-406
15104,0.0,0.28134100016606056,2024-9-406
15105,0.0,0.10685194159889089,2024-10-406
15106,0.0,0.2218237161626434,2024-11-406
15107,0.0,0.140981275596601,2024-12-406
15108,0.0,-0.023134640090882508,2024-13-406
15109,0.0,0.10875141968555557,2024-14-406
15110,0.0,0.09617131138361423,2024-15-406
15111,0.0,0.03595427978047372,2024-16-406
15112,0.0,0.14668081663830113,2024-17-406
15113,0.0,-0.05396402342054141,2024-18-406
15114,0.0,0.22469012066688,2024-19-406
15115,0.0,0.0718163817987808,2024-20-406
15116,0.0,-0.11578439791740736,2024-21-406
15117,0.0,0.05666868039162121,2024-22-406
15118,0.0,-0.11268970589551319,2024-23-406
15119,0.3426064108595119,0.04678454586544056,2024-24-406
15120,0.0,0.17616669411128516,2024-25-406
15121,0.0,0.10151033021530798,2024-26-406
15122,0.6013194622439928,0.27597336264337,2024-27-406
15123,0.0,0.3463304036961019,2024-28-406
15124,0.0,0.24018213083127726,2024-29-406
15125,0.0,0.19782434607245902,2024-30-406
15126,0.2116766626193706,0.05689461343849622,2024-31-406
15127,0.0,0.08275916699863906,2024-32-406
15128,0.4142328039692634,0.16722707851801288,2024-33-406
15129,0.0,0.1786342520407288,2024-34-406
15130,0.0,0.10529479995878621,2024-35-406
15131,0.2188092541460019,0.00738206312863765,2024-36-406
15132,0.0,0.159270178511565,2024-37-406
15133,0.0,0.10733201361446265,2024-38-406
15134,0.0,0.07361523130681646,2024-39-406
15135,0.0,0.012516452929155486,2024-40-406
15136,0.0,0.06863100458737703,2024-41-406
15137,0.0,0.03930832370104187,2024-42-406
15138,0.0,0.030909267611164415,2024-43-406
15139,0.0,0.15920055235788377,2024-44-406
15140,0.0,0.07861915882794523,2024-45-406
15141,0.0,0.1726427832384042,2024-46-406
15142,0.0,0.25582290809019914,2024-47-406
15143,0.0,0.16089904740452932,2024-48-406
15144,0.0,0.24910389902389607,2024-49-406
15145,0.7621264234963612,0.20858674378894315,2024-50-406
15146,0.0,0.5272001468198424,2024-51-406
15147,0.0,0.4339286521523419,2024-52-406
15400,1.3867432437410905,0.46433978977517054,2024-1-407
15401,0.8013729108051297,0.9658650737008787,2024-2-407
15402,0.6101066533043001,0.7551274831878176,2024-3-407
15403,1.2435190703364818,0.689884526287382,2024-4-407
15404,1.3795242646616368,0.9000023814795909,2024-5-407
15405,0.8268573128978434,1.0510305069614885,2024-6-407
15406,0.464503429368782,1.087826639358215,2024-7-407
15407,0.4889003307693119,0.7755058758979667,2024-8-407
15408,0.5751891768556685,0.6591150518073893,2024-9-407
15409,0.6790573167849019,0.5186794054850794,2024-10-407
15410,0.7639558344425118,0.6779369745056149,2024-11-407
15411,0.0,0.6320287675935524,2024-12-407
15412,0.0,0.2588763294672931,2024-13-407
15413,1.5836862222629706,0.2461319646312563,2024-14-407
15414,0.9097182881627603,0.7688235448951581,2024-15-407
15415,0.0,0.808848801056679,2024-16-407
15416,0.9097571944619312,0.5022016184828065,2024-17-407
15417,0.0,0.4954973790571129,2024-18-407
15418,0.0,0.6342181332655398,2024-19-407
15419,0.0,0.30821553572427884,2024-20-407
15420,0.0,-0.05774095394729395,2024-21-407
15421,0.0,0.12504937829279228,2024-22-407
15422,0.0,-0.05875011314112477,2024-23-407
15423,0.3032977537572553,0.03652898023789963,2024-24-407
15424,0.4958966476492391,0.16019191807735156,2024-25-407
15425,1.0734452845251374,0.3174345992153531,2024-26-407
15426,1.0647067202575784,0.7699452088609722,2024-27-407
15427,1.2803947375701703,0.8597906633175514,2024-28-407
15428,0.1845743125141908,1.066702104275346,2024-29-407
15429,0.58931694560377,0.7500177667707053,2024-30-407
15430,0.5622347124342205,0.6133324272586949,2024-31-407
15431,0.7180261769731161,0.47553313485979654,2024-32-407
15432,0.1833801179332774,0.7443989395484956,2024-33-407
15433,1.7059375567233306,0.3763074822644964,2024-34-407
15434,0.5131350235736353,0.8679874545938729,2024-35-407
15435,0.5812275431723941,0.8066403624958557,2024-36-407
15436,0.5425630020116576,0.6524505359440554,2024-37-407
15437,0.8605489822430455,0.5036348060618772,2024-38-407
15438,0.0,0.6901561261596614,2024-39-407
15439,0.6567038081863373,0.30224490150272465,2024-40-407
15440,0.7039646832641876,0.3560586651320863,2024-41-407
15441,0.5631845420672295,0.4679567235731068,2024-42-407
15442,1.0036465338586744,0.5176388126274877,2024-43-407
15443,1.0088428822156794,0.731145903136391,2024-44-407
15444,1.2106389495508505,0.8343261273313951,2024-45-407
15445,2.0933091677565745,0.970405678365736,2024-46-407
15446,0.0,1.5291818472367187,2024-47-407
15447,0.5110529829656124,0.9305482476345217,2024-48-407
15448,0.0,0.8308910532838278,2024-49-407
15449,1.3499460346405625,0.6363207131125679,2024-50-407
15450,1.9097230757851504,0.8469943439123206,2024-51-407
15451,1.5174500374237732,1.2754505185759093,2024-52-407
15704,0.5551841773864863,0.6379474426329526,2024-1-408
15705,1.283255194994096,0.712478142786134,2024-2-408
15706,3.2971239733518014,0.719437496387356,2024-3-408
15707,0.3733247916609491,1.7674092452778822,2024-4-408
15708,3.727207834515368,1.2004224345743029,2024-5-408
15709,1.985681988859625,2.0639137295356256,2024-6-408
15710,0.0,2.293769332933203,2024-7-408
15711,1.7609437827080257,1.3259656526248316,2024-8-408
15712,2.07163510526172,1.2768216256194274,2024-9-408
15713,1.6304036214125837,1.5770880570712196,2024-10-408
15714,0.9170739571152282,1.6692657808366076,2024-11-408
15715,0.9864022963995828,1.0992253883898537,2024-12-408
15716,1.3263082601547835,0.9443050772561458,2024-13-408
15717,0.9504023462897416,1.2470816709316344,2024-14-408
15718,3.275472544197088,1.0340501994202496,2024-15-408
15719,4.3875704756682135,1.8046207760458493,2024-16-408
15720,1.0917574133726722,2.9369284409212613,2024-17-408
15721,0.0,1.9931405287154544,2024-18-408
15722,0.0,1.268143520101488,2024-19-408
15723,0.0,0.7278499747133855,2024-20-408
15724,0.0,0.3662891750568098,2024-21-408
15725,0.0,0.11845435313568176,2024-22-408
15726,0.0,-0.13228687134319927,2024-23-408
15727,0.0,-0.014768043061315739,2024-24-408
15728,0.297427759760381,0.02372394149632706,2024-25-408
15729,0.3218975907486577,0.1504110060925421,2024-26-408
15730,0.0,0.44400342323163533,2024-27-408
15731,0.6142686178745448,0.18056952609065624,2024-28-408
15732,0.8854499948811944,0.3621147672940772,2024-29-408
15733,1.6490614539594552,0.6144947868128243,2024-30-408
15734,0.6742285250858774,0.9338982512812967,2024-31-408
15735,1.2915146873371344,0.7213606529593909,2024-32-408
15736,1.5392049475190783,1.0662261197016532,2024-33-408
15737,2.249988679928414,1.1934599435002837,2024-34-408
15738,1.845677378291636,1.5586958312207844,2024-35-408
15739,1.1613849021816225,1.6537897434242335,2024-36-408
15740,0.8672584095691932,1.3416403594766482,2024-37-408
15741,2.2695317154355226,1.04921264203373,2024-38-408
15742,0.4635982287049833,1.4801724031125865,2024-39-408
15743,0.5247748503623415,0.9344542252297331,2024-40-408
15744,0.0,0.6010190065356696,2024-41-408
15745,0.3374988082325463,0.23792355664442078,2024-42-408
15746,0.400949283662904,0.3121226700391889,2024-43-408
15747,0.0,0.3541951254611544,2024-44-408
15748,0.0,0.04125516032195509,2024-45-408
15749,0.6271024552523863,0.018990641798087182,2024-46-408
15750,0.0,0.3352864600122949,2024-47-408
15751,0.0,0.2225557410348834,2024-48-408
15752,0.0,0.15718131678962144,2024-49-408
15753,0.8086585880658674,0.09910448069755107,2024-50-408
15754,0.0,0.3983058570080258,2024-51-408
15755,1.8178165605712704,0.30674753431112634,2024-52-408
16008,0.6011106173604699,0.1360116675075531,2024-1-409
16009,0.2315923902836056,0.47043751630642916,2024-2-409
16010,0.2644899601106963,0.17708558025199916,2024-3-409
16011,0.0,0.23916330928382512,2024-4-409
16012,0.2990527890163127,0.1892118545185255,2024-5-409
16013,0.3585102823897664,0.11670566273208749,2024-6-409
16014,0.0,0.383488037090822,2024-7-409
16015,0.4240005635548491,0.21281207982411254,2024-8-409
16016,0.0,0.26439507881758995,2024-9-409
16017,0.0,0.08782779490118686,2024-10-409
16018,0.0,0.16942219882216603,2024-11-409
16019,0.0,0.04286472012554232,2024-12-409
16020,0.9585444362215316,-0.09652354145444741,2024-13-409
16021,0.0,0.403049755657385,2024-14-409
16022,0.0,0.246549385361036,2024-15-409
16023,0.0,0.08673432027571937,2024-16-409
16024,0.0,0.14844134282304633,2024-17-409
16025,0.0,-0.008708920380912533,2024-18-409
16026,0.0,0.15324624015077082,2024-19-409
16027,0.0,-0.009041731087370053,2024-20-409
16028,0.0,-0.14278163140356592,2024-21-409
16029,0.3478978758979489,0.022008303528443296,2024-22-409
16030,0.0,0.03602353087385879,2024-23-409
16031,0.0,0.056915410626853236,2024-24-409
16032,0.0,0.006322373791945335,2024-25-409
16033,0.0,-0.014665501178775076,2024-26-409
16034,0.2310702719646224,0.20733902553033656,2024-27-409
16035,0.0,0.12401833147016783,2024-28-409
16036,0.0,0.05573468631416012,2024-29-409
16037,0.0,0.0349452661481684,2024-30-409
16038,0.162727897594133,-0.028898893259051484,2024-31-409
16039,0.1558722406502377,0.022492018273882586,2024-32-409
16040,0.1592441976552032,0.2345352685545865,2024-33-409
16041,0.296297079086922,0.127827170287918,2024-34-409
16042,0.4456447295023185,0.19272856574238872,2024-35-409
16043,0.3365386235242576,0.2959661673570254,2024-36-409
16044,0.1570839361783682,0.33608382155610583,2024-37-409
16045,0.0,0.18779100388775583,2024-38-409
16046,0.5039242446130642,0.05027502295171904,2024-39-409
16047,0.3803204862538414,0.2329642788952877,2024-40-409
16048,0.2038561977186563,0.2840972460597647,2024-41-409
16049,0.0,0.1638011546994661,2024-42-409
16050,0.2906695557077365,0.040315931788088566,2024-43-409
16051,0.5843797241886354,0.14331264749335515,2024-44-409
16052,0.0,0.34074270679259533,2024-45-409
16053,0.0,0.1381865025825364,2024-46-409
16054,0.8358374688215675,0.10140127729319981,2024-47-409
16055,0.4441402925143793,0.4240459425328308,2024-48-409
16056,0.0,0.4692768658834623,2024-49-409
16057,0.5866598082672574,0.22101812707015767,2024-50-409
16058,0.0,0.3033651858116999,2024-51-409
16059,0.0,0.34363329624519334,2024-52-409
16312,1.231722545725201,1.386708810068505,2024-1-410
16313,1.1235759560870513,1.4494556714968134,2024-2-410
16314,1.1972502067429365,1.4369443061480753,2024-3-410
16315,1.3069176805549727,1.524014151851739,2024-4-410
16316,1.352836621662202,1.3939521196858278,2024-5-410
16317,1.5054813861122016,1.5398305558907264,2024-6-410
16318,0.910546179621812,2.1577955079808984,2024-7-410
16319,0.8212401895333259,1.4699655776950253,2024-8-410
16320,0.6439512081175881,1.4191168994658712,2024-9-410
16321,2.280098706506237,1.013344542635557,2024-10-410
16322,2.778186061890492,1.9817487302961772,2024-11-410
16323,2.298127314416804,2.2671390516338104,2024-12-410
16324,1.5446885571674935,2.29580205285152,2024-13-410
16325,0.8853203120481661,2.0633538739194925,2024-14-410
16326,2.0336778831176794,1.8010758099520723,2024-15-410
16327,1.2766744493718696,1.8826439707421985,2024-16-410
16328,0.5081697602969343,1.7175478653136085,2024-17-410
16329,1.4760767971669173,1.1467397239962853,2024-18-410
16330,0.5747520338197015,1.3949474294000277,2024-19-410
16331,0.5869683266130233,1.2800689909556955,2024-20-410
16332,1.0524042005544954,1.0172676526352074,2024-21-410
16333,0.2236119057078071,1.0564180023069294,2024-22-410
16334,0.2573016246619635,0.7746326873850831,2024-23-410
16335,0.5918482990386951,0.7946385451482798,2024-24-410
16336,0.1382034258642986,0.719887490057985,2024-25-410
16337,0.14954161625,0.5409011031290148,2024-26-410
16338,0.3707094577816883,0.7570032326821388,2024-27-410
16339,0.4991684516141867,0.43536715057994,2024-28-410
16340,0.2569201002152476,0.6590533264981591,2024-29-410
16341,0.1093442992099614,0.698889955865302,2024-30-410
16342,0.3650182873015665,0.49082805664169404,2024-31-410
16343,0.2496618763698281,0.5498455206574105,2024-32-410
16344,0.4589638760903873,0.6050680423528287,2024-33-410
16345,0.4268460291725882,0.478359444282742,2024-34-410
16346,0.3327790348252217,0.5086798182246339,2024-35-410
16347,0.2691686085883792,0.5164613073133838,2024-36-410
16348,0.3516725280969984,0.6299010674692098,2024-37-410
16349,0.5735620118232789,0.4677324648556539,2024-38-410
16350,0.2147489549956851,0.5416188465536176,2024-39-410
16351,0.2430334676884838,0.5888932953606819,2024-40-410
16352,0.1302265799851615,0.573200327267098,2024-41-410
16353,0.1562330851234065,0.35023991244328234,2024-42-410
16354,0.1855641699086176,0.43189673439526066,2024-43-410
16355,0.4661860111483452,0.31015600066390736,2024-44-410
16356,1.2304258221785511,0.39887534328927043,2024-45-410
16357,0.870114606446549,0.7332108086484243,2024-46-410
16358,0.9325944157479996,0.9124159235284062,2024-47-410
16359,0.7077059179466334,1.0073152875326745,2024-48-410
16360,0.1693651627345214,0.919149372038742,2024-49-410
16361,1.1210366929312154,0.7992400274220597,2024-50-410
16362,1.3212204281679716,1.2377006888129967,2024-51-410
16363,1.259456843139165,1.2606834217683485,2024-52-410
16616,1.3636797296571854,0.7633373239016634,2024-1-501
16617,0.7879404647815751,1.072736255815813,2024-2-501
16618,0.7997342247394587,0.7621406684436651,2024-3-501
16619,0.8149009622497969,0.779674458747815,2024-4-501
16620,0.5649424573702437,0.81247826147069,2024-5-501
16621,0.8125669887767221,0.7771043484976863,2024-6-501
16622,0.0,1.0022186771731874,2024-7-501
16623,0.9606472924145212,0.5816117032613987,2024-8-501
16624,0.3766826573717243,0.7193714590071332,2024-9-501
16625,0.0,0.4756396011431784,2024-10-501
16626,0.0,0.5280298264942059,2024-11-501
16627,0.0,0.16684936220752233,2024-12-501
16628,0.3616253018418799,0.1583446922410482,2024-13-501
16629,0.5182234236982646,0.29948988705208823,2024-14-501
16630,0.0,0.354451615597945,2024-15-501
16631,0.0,0.3142552028896357,2024-16-501
16632,0.5951567865544248,0.2898703732980539,2024-17-501
16633,0.2881634292750536,0.38064628925376,2024-18-501
16634,0.0,0.5244679083734334,2024-19-501
16635,0.0,0.3758916110479046,2024-20-501
16636,0.3523475482631656,0.15470635375356456,2024-21-501
16637,0.0,0.39131103659017286,2024-22-501
16638,0.60317887919399,0.23889925677176793,2024-23-501
16639,0.1982322678891147,0.47191495013262996,2024-24-501
16640,0.0810175597753635,0.4084428133271083,2024-25-501
16641,0.0876760027409167,0.4144786616479256,2024-26-501
16642,0.1739014312038619,0.5794359070514179,2024-27-501
16643,0.1672820651568745,0.40480084557481333,2024-28-501
16644,0.180834126689968,0.5195257603257252,2024-29-501
16645,0.0641442807099878,0.1747646679489966,2024-30-501
16646,0.1835651878107651,0.1634289014417004,2024-31-501
16647,0.0585996973164478,0.4098844525413079,2024-32-501
16648,0.0,0.45690541581401534,2024-33-501
16649,0.0556753690831966,0.2352091161224621,2024-34-501
16650,0.0,0.210172698456771,2024-35-501
16651,0.0,0.23044482055881643,2024-36-501
16652,0.0,0.08022118689738145,2024-37-501
16653,0.0,0.14288308787249393,2024-38-501
16654,0.2522713257659034,0.0907848767018492,2024-39-501
16655,0.1427688000787456,0.24274768875080266,2024-40-501
16656,0.5355811192631066,0.28593930849955496,2024-41-501
16657,0.642626981259915,0.5692483994952791,2024-42-501
16658,0.1090541809436267,0.5819496448862883,2024-43-501
16659,0.0,0.450846913435773,2024-44-501
16660,0.2630216025476567,0.36841867131485306,2024-45-501
16661,0.0,0.26683600015082143,2024-46-501
16662,0.1566800812369824,0.39726559892217606,2024-47-501
16663,0.0,0.28099079344112987,2024-48-501
16664,0.5977018047590769,0.2738589803057343,2024-49-501
16665,0.0,0.3244346301311908,2024-50-501
16666,0.3109313996864659,0.3470811358549075,2024-51-501
16667,0.4940618618669576,0.6042667388634111,2024-52-501
16920,3.122626058354762,3.200598689386557,2024-1-502
16921,2.1653680628858183,3.136499318606182,2024-2-502
16922,1.3737682925252417,2.7010467937610008,2024-3-502
16923,0.8399884943671366,2.1166826136872476,2024-4-502
16924,1.2424555915329727,1.4020373732755909,2024-5-502
16925,0.1861718524780523,1.2821527728182134,2024-6-502
16926,0.6275026057683726,0.9562894684057786,2024-7-502
16927,0.8805977841204452,0.7411347540437643,2024-8-502
16928,0.2590000718523049,0.8376779227542519,2024-9-502
16929,0.917294483292309,0.5526882601323008,2024-10-502
16930,1.3759455673577303,0.912429306088123,2024-11-502
16931,0.3700032024130211,1.049630682144435,2024-12-502
16932,0.4975198191315868,0.7706876513274397,2024-13-502
16933,0.3565232945218051,0.7314149867255906,2024-14-502
16934,1.2287651086897784,0.6671650301192633,2024-15-502
16935,0.4115034818408937,1.0372459459903172,2024-16-502
16936,0.0,0.8341969382584642,2024-17-502
16937,0.0,0.4930979608213052,2024-18-502
16938,0.3089911641385201,0.4644390389980092,2024-19-502
16939,0.0,0.5826173314479367,2024-20-502
16940,0.0,0.3781269309209626,2024-21-502
16941,0.541372241700651,0.2798106065048729,2024-22-502
16942,0.8307873894533677,0.48265845132446417,2024-23-502
16943,0.4095986443235934,0.770552670628643,2024-24-502
16944,1.116146435055365,0.6124595486485496,2024-25-502
16945,0.3624041105800855,0.7977178094511757,2024-26-502
16946,0.5990769281035174,0.8021483178141822,2024-27-502
16947,0.3458026883631359,0.6768427884090062,2024-28-502
16948,0.1661594858240607,0.7300100490776237,2024-29-502
16949,0.2652549306688073,0.4374427209019863,2024-30-502
16950,0.1687064108346619,0.3176072822083694,2024-31-502
16951,0.1615868915737758,0.4927135727794869,2024-32-502
16952,0.0,0.5079421328693,2024-33-502
16953,0.0,0.28134847457517476,2024-34-502
16954,0.4618803363671398,0.2347455690428667,2024-35-502
16955,0.4359667995026608,0.48696882603558656,2024-36-502
16956,0.2441739450373473,0.46966808065889565,2024-37-502
16957,0.1549085526223491,0.42995637035637935,2024-38-502
16958,0.8702136508552395,0.32615747441858167,2024-39-502
16959,0.0985075287983337,0.6915816190990036,2024-40-502
16960,0.3167835971341471,0.5398141166945328,2024-41-502
16961,0.2534271920555508,0.4417321130242373,2024-42-502
16962,0.3010805417222209,0.44060028618029645,2024-43-502
16963,0.6052657570215577,0.4252625238602148,2024-44-502
16964,0.0,0.4580538061792395,2024-45-502
16965,0.0,0.28287884982412204,2024-46-502
16966,0.8655183793219544,0.3210262235388198,2024-47-502
16967,0.0,0.7332518078553925,2024-48-502
16968,0.8256254370741867,0.7087866439938966,2024-49-502
16969,0.3036786977640745,0.6411289259433478,2024-50-502
16970,0.0,0.5549276294104034,2024-51-502
16971,0.6826902357704043,0.4819710619976637,2024-52-502
17224,0.3380657326497074,4.117669956983083,2024-1-503
17225,0.2930026368765783,2.6438088658511556,2024-2-503
17226,0.2230402122389752,1.4615166848987196,2024-3-503
17227,0.3409036708763311,1.0823528024742837,2024-4-503
17228,0.1260456583930558,0.7549056945352568,2024-5-503
17229,0.4532324141575679,0.22638040011357363,2024-6-503
17230,0.3394365952235474,0.41183866492508114,2024-7-503
17231,0.3572158314677515,0.49220512769711966,2024-8-503
17232,0.2101027440001157,0.504479377178596,2024-9-503
17233,0.9920375457163172,0.35648074604121427,2024-10-503
17234,0.0,0.9125260609260348,2024-11-503
17235,0.6000861759663991,0.4547225255949603,2024-12-503
17236,0.4034013347570945,0.49853478145216545,2024-13-503
17237,0.2890438106043838,0.5824561144909919,2024-14-503
17238,0.0,0.5397279729356032,2024-15-503
17239,0.3335392621958232,0.4359691501268649,2024-16-503
17240,0.0,0.4994236628019938,2024-17-503
17241,0.3214459351008729,0.3196296479706884,2024-18-503
17242,0.2503607045596812,0.48917963516821195,2024-19-503
17243,0.5114308791921292,0.49138929835658773,2024-20-503
17244,0.3930381164371753,0.5694255393681203,2024-21-503
17245,0.2923288207181244,0.6538552901591308,2024-22-503
17246,0.6728306604764733,0.5051299681890759,2024-23-503
17247,0.663366245551446,0.6858881859184935,2024-24-503
17248,0.4518611939900408,0.7077993727114337,2024-25-503
17249,0.3911962965851095,0.6850261751824818,2024-26-503
17250,0.1939789153908365,0.7750743717764023,2024-27-503
17251,0.2798912879664866,0.4620513904656234,2024-28-503
17252,0.2689460937295,0.591428319036968,2024-29-503
17253,0.2146459394951002,0.2558483038607223,2024-30-503
17254,0.1365022845887329,0.13043039889028774,2024-31-503
17255,0.3921794684303246,0.40877866689052,2024-32-503
17256,0.6676446535954489,0.5476930399913089,2024-33-503
17257,0.1242012831288352,0.5114489074506423,2024-34-503
17258,0.1245125712758651,0.4124854638393184,2024-35-503
17259,0.2115236115521405,0.5409284012406094,2024-36-503
17260,0.1316168414609288,0.37889197883551096,2024-37-503
17261,0.2504713343568018,0.2887608165309772,2024-38-503
17262,0.0703441165038848,0.31187496328017217,2024-39-503
17263,0.4777182453764968,0.23305135235878371,2024-40-503
17264,0.1706757668252452,0.4344840000465251,2024-41-503
17265,0.4095745295811635,0.444939411651871,2024-42-503
17266,0.4865323610571467,0.5116436858885888,2024-43-503
17267,0.4889838119139599,0.5762481588415227,2024-44-503
17268,0.8800692989574628,0.5949573887923584,2024-45-503
17269,0.950945573516914,0.6883611987821032,2024-46-503
17270,1.0484893316640256,1.19898334864462,2024-47-503
17271,0.5570312842810599,1.3389669323717786,2024-48-503
17272,2.666479941855152,1.1511841689390125,2024-49-503
17273,0.9806612385889596,1.9271819839403337,2024-50-503
17274,1.3871170992317632,1.6270833904173645,2024-51-503
17275,2.2040795781183533,1.5250100220864888,2024-52-503
17528,2.167890799426109,3.8883913847282505,2024-1-504
17529,2.5053325982637444,3.2219803494237222,2024-2-504
17530,1.9071984971236493,2.780513348767337,2024-3-504
17531,1.6195365619633806,2.4976716993675803,2024-4-504
17532,0.3592998791524965,2.0397675910361546,2024-5-504
17533,0.4306730839886371,1.1928985763088784,2024-6-504
17534,0.967666086620622,1.1013272029363104,2024-7-504
17535,1.018395294988417,1.037543747411229,2024-8-504
17536,0.5990129765174255,1.0338164794197235,2024-9-504
17537,0.0,0.6818043234272879,2024-10-504
17538,0.0,0.6796772921986629,2024-11-504
17539,0.8555483301159431,0.3453339121174491,2024-12-504
17540,0.0,0.6091420915186748,2024-13-504
17541,0.0,0.4556187887240599,2024-14-504
17542,0.0,0.1951389927886189,2024-15-504
17543,0.9512244393648468,0.24094927089442786,2024-16-504
17544,0.0,0.7428147402377479,2024-17-504
17545,0.0,0.40958034408263466,2024-18-504
17546,0.0,0.3611614015194299,2024-19-504
17547,0.0,0.3846922448271305,2024-20-504
17548,0.0,0.21888554095348878,2024-21-504
17549,0.0,0.19640323776554158,2024-22-504
17550,0.3199055100369069,0.1212107401129443,2024-23-504
17551,0.3154191253903043,0.35186318263820304,2024-24-504
17552,0.0,0.3616032412265794,2024-25-504
17553,0.0,0.3040978233884921,2024-26-504
17554,0.0,0.3379554858706466,2024-27-504
17555,0.5324255798025463,0.2698292593593762,2024-28-504
17556,0.0,0.4218394825958014,2024-29-504
17557,0.0,0.15195613457523782,2024-30-504
17558,0.1947721699323017,0.04656561221237654,2024-31-504
17559,0.5596165512522706,0.3446892893919238,2024-32-504
17560,0.0,0.5482506730094895,2024-33-504
17561,0.1772430386979431,0.30439875480171197,2024-34-504
17562,0.1776949145691617,0.37173423333473965,2024-35-504
17563,0.0,0.47227249980525565,2024-36-504
17564,0.1878497517048586,0.3043505051997685,2024-37-504
17565,0.0,0.30879737109639294,2024-38-504
17566,0.200814131251385,0.15208638574612343,2024-39-504
17567,0.0,0.30287876062366026,2024-40-504
17568,0.2436383581429598,0.20736834073490829,2024-41-504
17569,0.0,0.31191963986229243,2024-42-504
17570,0.0,0.19026075417636645,2024-43-504
17571,0.0,0.18892642117533343,2024-44-504
17572,0.8376718824155572,0.2024939422416131,2024-45-504
17573,0.5431034876762237,0.4618745994904584,2024-46-504
17574,0.0,0.6705333832930518,2024-47-504
17575,0.5302644006020362,0.4225559877097995,2024-48-504
17576,0.6346142298745898,0.5946682018918749,2024-49-504
17577,0.0,0.6626598368064869,2024-50-504
17578,0.0,0.3785183182897611,2024-51-504
17579,0.0,0.4148935775702405,2024-52-504
17832,0.3733774185155677,0.7984504391118534,2024-1-505
17833,0.7191057439669121,0.7412046377021582,2024-2-505
17834,0.8210743961432607,0.5428540770019583,2024-3-505
17835,0.6692934945749915,0.6413949442303732,2024-4-505
17836,0.3711854469838201,0.7144778115877313,2024-5-505
17837,0.8897738196504217,0.6162409427074693,2024-6-505
17838,0.7496468542323962,0.873916076949647,2024-7-505
17839,0.7888885299366486,0.8928484253611748,2024-8-505
17840,0.3093230603253212,0.8402862397198259,2024-9-505
17841,1.4604798809525097,0.5526557928020588,2024-10-505
17842,1.6428010948896894,1.1812021642820507,2024-11-505
17843,1.7667898560980069,1.2644616707460243,2024-12-505
17844,1.1876692713831154,1.4190031073332414,2024-13-505
17845,1.2764389348884932,1.41186654603327,2024-14-505
17846,1.954943661343897,1.3533259520120537,2024-15-505
17847,0.9818969998674708,1.6813737522509868,2024-16-505
17848,0.0,1.4776138771888652,2024-17-505
17849,0.473119443383793,0.7132671623200602,2024-18-505
17850,0.0,0.7511769428330077,2024-19-505
17851,0.0,0.5269979199475768,2024-20-505
17852,0.8676601667983009,0.3026356435368772,2024-21-505
17853,0.0,0.5324095089077784,2024-22-505
17854,0.4950778034813248,0.29247446524432585,2024-23-505
17855,0.162699709914337,0.49123680611856135,2024-24-505
17856,0.0,0.3229694010606684,2024-25-505
17857,0.2878215992790996,0.4536717374545225,2024-26-505
17858,0.4281447500093451,0.5907309148814397,2024-27-505
17859,0.5491097500298795,0.43741093636003525,2024-28-505
17860,0.0989287438129895,0.8644784683814529,2024-29-505
17861,0.1052700625549852,0.3339898153271379,2024-30-505
17862,0.1004152335622525,0.19545847258931348,2024-31-505
17863,0.288489999189219,0.40863115405283257,2024-32-505
17864,0.0,0.5534920275189373,2024-33-505
17865,0.0,0.27506185615098144,2024-34-505
17866,0.0,0.1744862421450294,2024-35-505
17867,0.1037190360191296,0.24970896164363787,2024-36-505
17868,0.0968029517758354,0.2382505219216049,2024-37-505
17869,0.1842134897010466,0.2720536769881601,2024-38-505
17870,0.103468331615054,0.33254766007234526,2024-39-505
17871,0.1171079887180864,0.336967370384483,2024-40-505
17872,0.3765436685179888,0.4062408508349372,2024-41-505
17873,0.3011906342183796,0.5737439813511107,2024-42-505
17874,0.1788860829692139,0.5489939142064952,2024-43-505
17875,0.1797817513413739,0.4143785189924901,2024-44-505
17876,0.0,0.3196868598314413,2024-45-505
17877,0.2796851431505852,0.26065489164607236,2024-46-505
17878,0.0,0.5109131260037537,2024-47-505
17879,0.0,0.4116360651334128,2024-48-505
17880,0.0,0.29058386046029083,2024-49-505
17881,1.8024286720252751,0.0980103263362948,2024-50-505
17882,0.0,0.9689621098195308,2024-51-505
17883,2.430470187659522,0.7921892348710724,2024-52-505
18136,4.500000207702543,1.5401984894946927,2024-1-506
18137,3.683905956495645,2.9732921460117563,2024-2-506
18138,2.474638154677539,3.1273069829349742,2024-3-506
18139,2.5218434821446065,2.5571869175726745,2024-4-506
18140,2.797594434142266,2.4148180189866846,2024-5-506
18141,1.0060671493555,2.796228760354172,2024-6-506
18142,3.014211941556701,2.2360902184615394,2024-7-506
18143,1.189669147829667,2.322677950352533,2024-8-506
18144,0.0,1.8725878171601298,2024-9-506
18145,0.0,0.9372342828096516,2024-10-506
18146,0.0,0.7149419810248163,2024-11-506
18147,1.9994262893682024,0.3755874797204345,2024-12-506
18148,0.0,0.9557004126661006,2024-13-506
18149,0.0,0.6425457998956139,2024-14-506
18150,1.4755358374863974,0.3155795591853934,2024-15-506
18151,0.0,0.9337309304935458,2024-16-506
18152,0.0,0.834983350526662,2024-17-506
18153,0.0,0.32058889981171357,2024-18-506
18154,0.556556855867837,0.34854194505692926,2024-19-506
18155,2.27409827185448,0.6616130165766032,2024-20-506
18156,2.184821006582191,1.1939231640100596,2024-21-506
18157,2.275253259001087,1.7105032969877343,2024-22-506
18158,2.493982807221808,1.9138355163027234,2024-23-506
18159,0.7377532901612978,2.2279037402824167,2024-24-506
18160,0.8041399660656597,1.7204335715959889,2024-25-506
18161,0.217580602612621,1.2650642036590203,2024-26-506
18162,0.215804510144085,0.9578908731880725,2024-27-506
18163,0.4152261010369157,0.6083500889916633,2024-28-506
18164,1.3467432415347376,0.47519179534791545,2024-29-506
18165,0.6370139833060541,0.7975066126146672,2024-30-506
18166,0.75965774640862,0.7070160619330026,2024-31-506
18167,0.1455198101338932,0.803531631998929,2024-32-506
18168,0.5946266115489477,0.7042612039800041,2024-33-506
18169,0.968018247105807,0.6848188118757075,2024-34-506
18170,1.1092081102581397,0.8700961480098399,2024-35-506
18171,0.7852317590020571,1.0006501071739262,2024-36-506
18172,0.7329799947266352,0.9255653763165532,2024-37-506
18173,1.5345524980389074,0.8677191441594456,2024-38-506
18174,0.4702084443868493,1.179903128852458,2024-39-506
18175,0.8871198960499337,0.9005968356085248,2024-40-506
18176,1.1411301648194263,0.900812128022066,2024-41-506
18177,1.3693566767915095,1.082544047642718,2024-42-506
18178,0.8134215583029741,1.2402472302166778,2024-43-506
18179,0.8176147388252288,1.1078572373998983,2024-44-506
18180,0.6540920197280929,1.0504199115427788,2024-45-506
18181,1.272331846724506,0.8276267653269626,2024-46-506
18182,1.5588936182297284,1.3267742634078354,2024-47-506
18183,2.4848691552019573,1.4674922007968543,2024-48-506
18184,2.9740788090289243,2.0143797319525723,2024-49-506
18185,1.640871640120663,2.4441018233145693,2024-50-506
18186,0.0,2.17912046997216,2024-51-506
18187,0.0,1.4726533230725842,2024-52-506
18440,11.541771514071277,14.308961621185071,2024-1-507
18441,8.425392464290546,12.57231988916096,2024-2-507
18442,5.612944155035461,10.480145225145018,2024-3-507
18443,11.849466541983526,8.685641726803555,2024-4-507
18444,12.23947751555576,9.067097104487093,2024-5-507
18445,8.151602887301848,9.649945038435542,2024-6-507
18446,6.7166729744589375,8.731771145331612,2024-7-507
18447,5.141671469655146,7.390308777035352,2024-8-507
18448,2.2685448767645107,6.532082838448219,2024-9-507
18449,2.6783326102434555,4.54124367493659,2024-10-507
18450,2.008891461977238,3.4516109702704867,2024-11-507
18451,2.16097716259888,2.4747978428922615,2024-12-507
18452,0.0,2.074307220102451,2024-13-507
18453,2.0825314071386134,1.1785905128697318,2024-14-507
18454,0.0,1.4317981745951638,2024-15-507
18455,0.0,0.9855545968030331,2024-16-507
18456,0.0,0.6241631412263384,2024-17-507
18457,0.0,0.23365384135358414,2024-18-507
18458,0.0,0.3820281550691027,2024-19-507
18459,1.8444561726820328,0.22531722444910784,2024-20-507
18460,0.0,0.7997007856971903,2024-21-507
18461,0.0,0.6606136414084309,2024-22-507
18462,0.0,0.35895682651956007,2024-23-507
18463,0.3990298929942359,0.36470586821187134,2024-24-507
18464,0.3262261582698146,0.5537313234431352,2024-25-507
18465,0.3531009539602271,0.44161760014526175,2024-26-507
18466,0.0,0.6681805530873877,2024-27-507
18467,0.3369722768201231,0.4292481529165183,2024-28-507
18468,0.9715657732108114,0.6359747972110417,2024-29-507
18469,0.0,0.7990193656504565,2024-30-507
18470,0.2466486087058837,0.3769585345041647,2024-31-507
18471,0.0,0.4289791758160608,2024-32-507
18472,0.0,0.4663003579938271,2024-33-507
18473,0.2245470495128496,0.35670182171485165,2024-34-507
18474,0.2251517217987494,0.3988559792527555,2024-35-507
18475,0.2550412600072707,0.4213079160641159,2024-36-507
18476,0.2380866676525484,0.35992888411046886,2024-37-507
18477,0.0,0.2964518594069784,2024-38-507
18478,0.7637726524366173,0.1892776479807028,2024-39-507
18479,1.1528593884473988,0.4704431334469852,2024-40-507
18480,0.6179428556456218,0.8979046786376306,2024-41-507
18481,0.3707917513871575,0.8619550045062991,2024-42-507
18482,2.202721047415735,0.6252635437072619,2024-43-507
18483,1.771384582852359,1.3684838255817744,2024-44-507
18484,2.1258107215365256,1.6584611492368195,2024-45-507
18485,1.3784633266930058,1.7454612736939104,2024-46-507
18486,0.6333924646707123,1.9330902459149368,2024-47-507
18487,1.346260172713128,1.394912555957774,2024-48-507
18488,1.6114181997027426,1.5470600923940339,2024-49-507
18489,0.8891206888093137,1.6134416897752684,2024-50-507
18490,1.2578687145436451,1.313780956931717,2024-51-507
18491,1.9990788537424184,1.5052977426957805,2024-52-507
18744,0.4912841694589628,1.113999628804062,2024-1-508
18745,1.7034951560073426,1.1498220903204301,2024-2-508
18746,0.6484855326812052,1.3461153927023013,2024-3-508
18747,0.9913488851617794,1.2062318656595021,2024-4-508
18748,0.0,1.0346166534742802,2024-5-508
18749,0.0,0.7541406048983663,2024-6-508
18750,0.0,1.1746092915112287,2024-7-508
18751,0.5197640419549447,0.3957107225275601,2024-8-508
18752,0.0,0.4719863339427298,2024-9-508
18753,0.7219861461393167,0.2221919122606224,2024-10-508
18754,0.8122859570408913,0.7326065146046548,2024-11-508
18755,0.0,0.7298551192597709,2024-12-508
18756,0.0,0.4653056865802616,2024-13-508
18757,0.0,0.38463384908591647,2024-14-508
18758,0.0,0.25222644760518753,2024-15-508
18759,0.0,0.24930027923315823,2024-16-508
18760,0.0,0.26975296913975044,2024-17-508
18761,0.0,0.12352597892496076,2024-18-508
18762,0.0,0.27827524143646554,2024-19-508
18763,0.0,0.33950501270586064,2024-20-508
18764,0.0,0.16449263695620164,2024-21-508
18765,0.0,0.2388446358687326,2024-22-508
18766,0.0,0.16025172170007562,2024-23-508
18767,0.6453228945122826,0.2044742473409744,2024-24-508
18768,0.2637893690534407,0.4596359982806991,2024-25-508
18769,0.0,0.41704826454341837,2024-26-508
18770,0.0,0.39475846550760785,2024-27-508
18771,0.0,0.31822210165512355,2024-28-508
18772,0.1963991415682151,0.48230477761709634,2024-29-508
18773,0.2090325852622037,0.2785290956443529,2024-30-508
18774,0.5983040770711613,0.217052149427289,2024-31-508
18775,0.1910304419827872,0.47025172159098505,2024-32-508
18776,0.5854823160525223,0.32219216605239664,2024-33-508
18777,1.2709235687500997,0.4993466656964729,2024-34-508
18778,0.1820483084168565,0.877457171632929,2024-35-508
18779,0.8248579165697065,0.6035774410461865,2024-36-508
18780,0.1925046045103501,0.7319311692889272,2024-37-508
18781,0.7328173764926383,0.5137833061152344,2024-38-508
18782,1.852618833475372,0.62603644155817,2024-39-508
18783,1.1651568834930857,1.0308809308784819,2024-40-508
18784,2.2483101267784487,1.2374179640326581,2024-41-508
18785,0.8993816910918209,1.5155065161694568,2024-42-508
18786,1.7809411182313997,1.261519635814699,2024-43-508
18787,1.0741415581029905,1.6369169284221956,2024-44-508
18788,1.718736600025497,1.200261782214614,2024-45-508
18789,2.228985692796928,1.5067391712628622,2024-46-508
18790,1.5362912347101765,1.849537525595042,2024-47-508
18791,1.6326646876033624,1.5901396257224145,2024-48-508
18792,0.6514068909426984,1.8951944385343356,2024-49-508
18793,1.437679660657609,1.1292318914540076,2024-50-508
18794,0.0,1.353258621031134,2024-51-508
18795,1.616203405514009,1.1359767746927991,2024-52-508
19048,3.184920292655188,3.3757771459066035,2024-1-509
19049,1.2271147729588818,3.4308379124292028,2024-2-509
19050,2.1022195927482734,2.504296591599769,2024-3-509
19051,2.8567535739725263,2.1869618864689686,2024-4-509
19052,0.7923716869009653,2.5909660873174136,2024-5-509
19053,0.94994713294059,1.8000194181101397,2024-6-509
19054,0.0,1.314135836393462,2024-7-509
19055,1.123563725060407,0.8152021061408554,2024-8-509
19056,0.0,1.0676402208779523,2024-9-509
19057,0.0,0.491428034436605,2024-10-509
19058,0.0,0.4363301365909704,2024-11-509
19059,0.0,0.2789723185697641,2024-12-509
19060,0.0,0.19455287732906468,2024-13-509
19061,0.0,0.24446847986167586,2024-14-509
19062,0.0,0.2542745362931875,2024-15-509
19063,0.0,0.25727482820834535,2024-16-509
19064,0.0,0.25170077998180274,2024-17-509
19065,0.0,0.24181687988600664,2024-18-509
19066,0.0,0.3357050634557539,2024-19-509
19067,0.0,0.3256220575171248,2024-20-509
19068,1.2398863859260345,0.21939109323284456,2024-21-509
19069,0.0,0.7285142211566817,2024-22-509
19070,0.0,0.45149701152216537,2024-23-509
19071,0.6980302680299768,0.2805955960227633,2024-24-509
19072,0.0,0.4654841742208875,2024-25-509
19073,0.0,0.4457330452408135,2024-26-509
19074,0.0,0.38172065330088,2024-27-509
19075,0.5895718364310218,0.06910928815057638,2024-28-509
19076,0.0,0.4403994175107231,2024-29-509
19077,0.4523451173739575,0.19568139972831133,2024-30-509
19078,3.021178316164748,0.2584906087202814,2024-31-509
19079,0.4134299051050854,1.7162777935188114,2024-32-509
19080,0.0,1.4069075532864561,2024-33-509
19081,0.0,0.7793899691884423,2024-34-509
19082,0.0,0.5500401091138675,2024-35-509
19083,0.0,0.5658504223685406,2024-36-509
19084,0.4167243724995007,0.2882748588201821,2024-37-509
19085,0.0,0.2226734698263514,2024-38-509
19086,0.0,0.20500829300890155,2024-39-509
19087,0.0,0.2659128868856514,2024-40-509
19088,0.0,0.3375796229978528,2024-41-509
19089,0.0,0.22621938236738914,2024-42-509
19090,0.0,0.21507910809165376,2024-43-509
19091,0.0,0.18091006234631368,2024-44-509
19092,0.0,0.13528046227344237,2024-45-509
19093,1.206841647903305,0.13121339668546073,2024-46-509
19094,0.0,1.128854525842618,2024-47-509
19095,1.178751128733303,0.6489179952113197,2024-48-509
19096,0.0,1.1299597855658992,2024-49-509
19097,0.0,0.6567159703613596,2024-50-509
19098,0.0,0.35999139193028495,2024-51-509
19099,7.002597080051613,0.5311798337382456,2024-52-509
19352,4.853603400018031,13.462663911794603,2024-1-510
19353,3.314316964683332,9.74186273813751,2024-2-510
19354,2.6199684726168946,6.516459557337953,2024-3-510
19355,1.1865082562864404,5.138345458850767,2024-4-510
19356,2.961220308546713,3.4923561545739394,2024-5-510
19357,1.971832401455755,2.3894320623493623,2024-6-510
19358,1.329077105789354,2.1337719651864537,2024-7-510
19359,0.9324615271810258,1.7397405839687525,2024-8-510
19360,0.548443529242958,1.4146353564530092,2024-9-510
19361,0.0,1.0484998058543726,2024-10-510
19362,0.7282336628035716,0.850352221581373,2024-11-510
19363,1.566439839442343,0.6541763063313446,2024-12-510
19364,1.0530218851222009,1.0195399968009475,2024-13-510
19365,1.509015514091568,1.1507863992585543,2024-14-510
19366,0.866706827247928,1.2823541993677379,2024-15-510
19367,1.74131335760982,1.2368138315917887,2024-16-510
19368,0.0,1.614608802611889,2024-17-510
19369,0.0,0.922799658729448,2024-18-510
19370,0.0,0.6057113006450666,2024-19-510
19371,0.0,0.4859886916343825,2024-20-510
19372,0.5129847910214825,0.24616389939986805,2024-21-510
19373,0.7630823673814091,0.3952675276517801,2024-22-510
19374,1.1708850668859858,0.5255410061243987,2024-23-510
19375,0.5772073274911684,0.7132541262346177,2024-24-510
19376,0.7077110649347385,0.8302269263700415,2024-25-510
19377,0.2552903518715584,0.7419399305292251,2024-26-510
19378,0.5063551684829046,0.9409603163944662,2024-27-510
19379,0.0,0.7237623397246189,2024-28-510
19380,0.0,0.35647655062178096,2024-29-510
19381,0.0,0.20858344780426907,2024-30-510
19382,0.1781619217566354,0.15695972567520655,2024-31-510
19383,0.1706238067249055,0.33484547325285174,2024-32-510
19384,0.174281969401745,0.34245560620012716,2024-33-510
19385,0.4863237551160601,0.29358093585351097,2024-34-510
19386,0.4875438261910571,0.40079745354898055,2024-35-510
19387,0.5521653011594709,0.5247118578228727,2024-36-510
19388,1.2025158924474777,0.6139942000721381,2024-37-510
19389,0.1634595922049885,0.946232768962041,2024-38-510
19390,0.183628974574577,0.767948799708996,2024-39-510
19391,0.4156856759886274,0.5247459092204735,2024-40-510
19392,0.8910814437586441,0.5786310252648713,2024-41-510
19393,1.0691768278217442,0.9231471745750621,2024-42-510
19394,0.3175187616961498,0.8486349234483828,2024-43-510
19395,0.3191193922553628,0.7977665599523718,2024-44-510
19396,0.3829000122256433,0.6908867396647351,2024-45-510
19397,0.0,0.6340601667433108,2024-46-510
19398,1.824713238226816,0.6856287738856435,2024-47-510
19399,0.0,0.98427697270983,2024-48-510
19400,1.7402125661913854,0.7735539705604676,2024-49-510
19401,0.0,1.0221433101386597,2024-50-510
19402,0.0,0.8055915178822954,2024-51-510
19403,0.0,0.7232879136836721,2024-52-510
19656,0.0,0.6554964043163278,2024-1-511
19657,0.0,0.46360203129681565,2024-2-511
19658,0.0,0.2321192802732427,2024-3-511
19659,0.0,0.27982498331545436,2024-4-511
19660,0.0,0.1932433060013553,2024-5-511
19661,0.0,0.07376491891366266,2024-6-511
19662,0.0,0.21923698302144867,2024-7-511
19663,0.0,0.15056869999283817,2024-8-511
19664,0.0,0.18742454458352098,2024-9-511
19665,0.0,0.054062341134122116,2024-10-511
19666,0.0,0.2512129013583748,2024-11-511
19667,0.0,0.13398838224682186,2024-12-511
19668,0.0,0.09348499863122284,2024-13-511
19669,0.0,0.15966211426606147,2024-14-511
19670,3.3584700402621017,0.19357106363320375,2024-15-511
19671,0.0,1.5874717892024386,2024-16-511
19672,0.0,1.075627028879626,2024-17-511
19673,3.2531023804528965,0.552295468247178,2024-18-511
19674,0.0,1.8423011141143069,2024-19-511
19675,0.0,1.3598237231512467,2024-20-511
19676,1.9898246855695207,0.5554415912822505,2024-21-511
19677,0.0,1.1962357838959432,2024-22-511
19678,0.0,0.8585156293907963,2024-23-511
19679,0.0,0.3707671142784028,2024-24-511
19680,0.0,0.13516719455180315,2024-25-511
19681,0.0,0.1250777703052387,2024-26-511
19682,0.0,0.24733907487845141,2024-27-511
19683,0.0,0.03007381093189254,2024-28-511
19684,0.6817102053963445,0.16382174252547643,2024-29-511
19685,0.0,0.3706381279002078,2024-30-511
19686,0.0,0.17267534175136945,2024-31-511
19687,0.0,0.29835179880152474,2024-32-511
19688,0.0,0.47396980012090595,2024-33-511
19689,0.0,0.17652941179989834,2024-34-511
19690,0.6318476327727266,0.10335025958040633,2024-35-511
19691,0.0,0.48857316900166525,2024-36-511
19692,0.0,0.2978767252183949,2024-37-511
19693,0.0,0.23244700058148848,2024-38-511
19694,0.0,0.13399866261119686,2024-39-511
19695,0.0,0.17668932597234888,2024-40-511
19696,0.0,0.20361013484818202,2024-41-511
19697,0.0,0.1735539969574682,2024-42-511
19698,1.2361162194224955,0.10046344500153503,2024-43-511
19699,0.0,0.6919350092769128,2024-44-511
19700,0.0,0.3553898608439101,2024-45-511
19701,0.0,0.2874616990844474,2024-46-511
19702,1.7770885747421017,0.6539393976834345,2024-47-511
19703,1.888542575160285,1.2145858842163975,2024-48-511
19704,0.0,1.8588273251034466,2024-49-511
19705,0.0,0.9735245230339851,2024-50-511
19706,0.0,0.4667307701700468,2024-51-511
19707,0.0,0.6457721031269517,2024-52-511
19960,1.4511354354630832,5.622715506659182,2024-1-601
19961,1.2824433102004735,3.928870529507555,2024-2-601
19962,2.1966406162899825,2.6629814093378115,2024-3-601
19963,2.066240244688735,2.463498217721491,2024-4-601
19964,2.6740635701187765,2.3812610982147007,2024-5-601
19965,3.73952961281258,2.1979462986267344,2024-6-601
19966,2.057726881106091,2.743636283199725,2024-7-601
19967,2.436345702316513,2.5408062116261307,2024-8-601
19968,1.8046031199413768,2.490901497597738,2024-9-601
19969,1.5037547925630452,2.1932811633918305,2024-10-601
19970,1.4096940731422742,1.9775968986422214,2024-11-601
19971,1.3646050393352651,1.657314100429688,2024-12-601
19972,2.85412357745424,1.4495262931828392,2024-13-601
19973,0.8764938896757065,2.0789809882186656,2024-14-601
19974,1.0068945363492394,1.7245430388816967,2024-15-601
19975,0.5057725785995886,1.3871316499706046,2024-16-601
19976,0.8389883942817736,1.0393470289900764,2024-17-601
19977,0.4874940350574043,1.0628379180135206,2024-18-601
19978,0.8859940983206218,0.9443800827910055,2024-19-601
19979,0.3878567285124732,0.8819903782500103,2024-20-601
19980,0.794903256602443,0.7835524253475095,2024-21-601
19981,0.2956294705731302,0.8667160000608696,2024-22-601
19982,0.7938804818642038,0.5927822628889511,2024-23-601
19983,0.670938001239409,0.80010358697787,2024-24-601
19984,0.9597979356193092,0.685325493353203,2024-25-601
19985,1.0882015484573515,0.7761988542968753,2024-26-601
19986,0.6867994441484834,1.089649412638373,2024-27-601
19987,0.3775382206161416,0.8197715666696469,2024-28-601
19988,0.5441936599572454,0.8146318436055067,2024-29-601
19989,0.506737597775611,0.6283167868311548,2024-30-601
19990,0.5869997696218691,0.5778450339786249,2024-31-601
19991,0.2976326718666757,0.6266431086008472,2024-32-601
19992,0.5404994354580155,0.6434197722030393,2024-33-601
19993,0.6598886438591446,0.5803851067961185,2024-34-601
19994,0.4410541285126771,0.6489944762334715,2024-35-601
19995,0.392496963235219,0.6294539898741293,2024-36-601
19996,0.066610522447136,0.4919655034679118,2024-37-601
19997,0.4753855989960244,0.37756466310307035,2024-38-601
19998,0.2492343415926143,0.5049228918561527,2024-39-601
19999,0.3627191463544546,0.34699867718783894,2024-40-601
20000,0.4751899704520365,0.4954358594896291,2024-41-601
20001,0.259179697358976,0.462489485366512,2024-42-601
20002,1.0468488682218449,0.4160067207384768,2024-43-601
20003,0.5570390193791513,0.6895287535215358,2024-44-601
20004,0.2970704897694025,0.6060204910539805,2024-45-601
20005,0.7704328947514221,0.4985031514919913,2024-46-601
20006,0.530943676975136,0.6947602769595849,2024-47-601
20007,0.4701517187962013,0.6635099401909256,2024-48-601
20008,0.3376084176023559,0.5994069951844987,2024-49-601
20009,1.3658778924833943,0.32543364827030763,2024-50-601
20010,1.053876651231751,0.8710285637428954,2024-51-601
20011,3.0702276572609746,1.1567090819553991,2024-52-601
20264,3.480104818150677,2.620782831941254,2024-1-602
20265,2.8152173651445214,2.865163868090036,2024-2-602
20266,3.2146025254194703,2.91393442034948,2024-3-602
20267,6.317317475176035,3.020235678839852,2024-4-602
20268,4.412124580260101,4.11877902735459,2024-5-602
20269,4.355230355391104,4.238732601954348,2024-6-602
20270,4.193780814376253,4.29693401800836,2024-7-602
20271,4.045774067273123,4.160788624602011,2024-8-602
20272,6.057318593322703,4.177924534097838,2024-9-602
20273,2.553707731675506,4.674866182197122,2024-10-602
20274,1.7236034406733685,3.7493361142445654,2024-11-602
20275,3.089665829221804,2.728744902593797,2024-12-602
20276,0.8308212708594768,2.753414736674161,2024-13-602
20277,2.381257349766756,2.0739379453399227,2024-14-602
20278,0.6838601055162706,2.0077625765475497,2024-15-602
20279,0.6869963035185219,1.4021113344636935,2024-16-602
20280,0.6837418611447862,1.127562332777042,2024-17-602
20281,0.6621252083902313,0.8985405084211501,2024-18-602
20282,1.0314322617516485,1.0209251989319847,2024-19-602
20283,0.0,1.0329875330626852,2024-20-602
20284,0.0,0.6042807612790322,2024-21-602
20285,0.9033260035133291,0.5757733835017466,2024-22-602
20286,0.4620388383495611,0.7549831175970643,2024-23-602
20287,1.1388812107883244,0.7759435769738252,2024-24-602
20288,0.9309442756120924,0.8094315559716108,2024-25-602
20289,2.014956681646073,0.8838390729300192,2024-26-602
20290,1.598670763551019,1.688927301054859,2024-27-602
20291,1.9223221900663487,1.566705856314261,2024-28-602
20292,1.801026853807269,1.8094113641525635,2024-29-602
20293,1.0320115952563385,1.8399530551326915,2024-30-602
20294,1.2657591355032474,1.4715643460237788,2024-31-602
20295,3.097944213085388,1.3502374466628315,2024-32-602
20296,1.2382648649515555,2.1527575076004375,2024-33-602
20297,1.663713767868389,1.6549701411078601,2024-34-602
20298,1.0264217946933496,1.59407764790885,2024-35-602
20299,0.7265638235327246,1.3749156144955192,2024-36-602
20300,0.4068950258420291,1.256932217037377,2024-37-602
20301,1.2905985711420664,0.817551955923493,2024-38-602
20302,1.8848541611513967,1.0194232476829563,2024-39-602
20303,0.9846727587534247,1.3650331243128648,2024-40-602
20304,1.0554233070462995,1.2289212382698385,2024-41-602
20305,0.6332004728613553,1.144455636549743,2024-42-602
20306,0.7522002597541736,1.0174085894269957,2024-43-602
20307,0.0,0.9603319501103962,2024-44-602
20308,0.0,0.4630601429633743,2024-45-602
20309,1.176271936193274,0.33133955071653,2024-46-602
20310,0.7205382182586005,0.7190877899252249,2024-47-602
20311,1.9140621150426336,0.8036165556528417,2024-48-602
20312,1.374419935932793,1.3228029711714808,2024-49-602
20313,3.0329468870648912,1.2667072095957235,2024-50-602
20314,2.86009906606174,2.183049387040499,2024-51-602
20315,2.2723678441276727,2.5986663541117254,2024-52-602
20568,2.3464994494837703,0.5669285642507159,2024-1-603
20569,2.1952921432706285,1.4957351199881577,2024-2-603
20570,1.9170028905449457,1.8894264609339668,2024-3-603
20571,3.456189941918264,1.8210307445326883,2024-4-603
20572,6.000988909046448,2.516478350967801,2024-5-603
20573,6.793665093167067,4.03206707120656,2024-6-603
20574,9.203883179080488,5.338901191369964,2024-7-603
20575,4.016439695506461,6.811362533334237,2024-8-603
20576,8.894189329927203,5.667928596397721,2024-9-603
20577,6.234181102504503,6.775190233838257,2024-10-603
20578,8.120523236572298,6.673299372312733,2024-11-603
20579,7.94030779482072,7.199248135300674,2024-12-603
20580,4.80437111704626,6.953761020113377,2024-13-603
20581,9.180463377663065,6.032311773402304,2024-14-603
20582,6.591528393314565,7.20222263159403,2024-15-603
20583,6.622070987986931,6.783774858309298,2024-16-603
20584,9.227418196870026,6.5356806935239655,2024-17-603
20585,10.2127020816279,7.236657503743099,2024-18-603
20586,12.263721830559904,8.633120900392544,2024-19-603
20587,14.896935447223262,9.906011578607117,2024-20-603
20588,11.1890530515764,11.398437748772759,2024-21-603
20589,11.419490728328364,11.295903315626473,2024-22-603
20590,8.910287756955405,10.996967295287039,2024-23-603
20591,8.346334550828232,9.864973259634564,2024-24-603
20592,9.336439863950512,8.951468544339555,2024-25-603
20593,7.124951743656211,8.448188507766062,2024-26-603
20594,5.781691363988136,7.642493275399467,2024-27-603
20595,5.932811864379099,6.464981456595781,2024-28-603
20596,4.275934480120145,5.966073053741992,2024-29-603
20597,2.65446704993291,5.19634875663245,2024-30-603
20598,2.170562867095964,3.6939036319415153,2024-31-603
20599,2.0788796786616226,2.878415999117875,2024-32-603
20600,0.7963531247495975,2.657464730839762,2024-33-603
20601,1.1523255956218,1.7097989995332346,2024-34-603
20602,0.9077374389018676,1.340047454721939,2024-35-603
20603,0.9346633509943444,1.2104756065130133,2024-36-603
20604,0.6979467969193779,1.0927295618631119,2024-37-603
20605,0.3320795466811491,0.9131601137204796,2024-38-603
20606,0.8394360388249091,0.7100029431837851,2024-39-603
20607,0.4223097447315576,0.7652538109793547,2024-40-603
20608,0.3395055319757623,0.6978754004530182,2024-41-603
20609,0.271593809660892,0.4963647264325206,2024-42-603
20610,0.4839751838500984,0.4610651715521177,2024-43-603
20611,0.3243005974902484,0.46928022071425424,2024-44-603
20612,0.1945727585843529,0.4440250056071655,2024-45-603
20613,0.0,0.3523883843747875,2024-46-603
20614,0.2318437815080313,0.32191175473944555,2024-47-603
20615,0.7390867064453521,0.48848449630724844,2024-48-603
20616,0.0,0.6252608831741454,2024-49-603
20617,0.9760280016212274,0.37330814280508906,2024-50-603
20618,0.0,0.7099059586356631,2024-51-603
20619,1.4626668973607009,0.6097715412996255,2024-52-603
20872,1.2292233287516312,6.616428248508051,2024-1-604
20873,1.89424043046966,4.568201810607186,2024-2-604
20874,2.163188879315813,3.03923125430589,2024-3-604
20875,2.204489895780352,2.9742523284942077,2024-4-604
20876,0.6113951558721441,2.857831496693243,2024-5-604
20877,2.1987277148927653,1.2699269883390532,2024-6-604
20878,2.470340273996309,1.531441937069467,2024-7-604
20879,1.7333804979396534,2.0691590632184944,2024-8-604
20880,1.0196503327246151,1.976418012797189,2024-9-604
20881,1.2037712699064302,1.3378954701266392,2024-10-604
20882,2.7085245110019107,1.4835902818182483,2024-11-604
20883,5.826826019364723,1.9647745410438122,2024-12-604
20884,7.835054417292298,3.3851393370602034,2024-13-604
20885,2.807337383380199,5.311082036036016,2024-14-604
20886,1.612610115345434,4.196586985377113,2024-15-604
20887,4.860507221788148,3.0732990212020797,2024-16-604
20888,3.2253133759308747,3.957855096434378,2024-17-604
20889,3.1236593970682422,3.6318737600436464,2024-18-604
20890,4.866402769223284,3.209904177965158,2024-19-604
20891,1.24278208104152,3.756482798408406,2024-20-604
20892,0.9552099255788142,2.838469080872848,2024-21-604
20893,4.9738185061822495,2.179246940294454,2024-22-604
20894,9.268507050509966,3.163819974627452,2024-23-604
20895,12.364949929257122,5.7998203654618505,2024-24-604
20896,14.94281484002353,8.270516810705178,2024-25-604
20897,16.17290923419897,10.766669103983517,2024-26-604
20898,13.682096652302592,13.098585858806985,2024-27-604
20899,12.255121873209037,12.971083171464029,2024-28-604
20900,5.234396044329206,12.506971995561175,2024-29-604
20901,4.1781074152581,9.123638443585806,2024-30-604
20902,2.3252008101762534,6.504999823616291,2024-31-604
20903,1.908942761391505,4.393036680088543,2024-32-604
20904,1.300076639712337,2.9922890330690075,2024-33-604
20905,1.81412180417889,1.7284217950547718,2024-34-604
20906,0.6063003358154645,1.567185684886276,2024-35-604
20907,2.403619560835069,1.092732844393807,2024-36-604
20908,0.0,1.5340308671732514,2024-37-604
20909,0.915082610139886,0.878253659774169,2024-38-604
20910,0.3427079843482847,0.8275298272906908,2024-39-604
20911,0.0,0.538609694144655,2024-40-604
20912,0.0,0.5281987215462,2024-41-604
20913,0.0,0.11164185148787531,2024-42-604
20914,0.0,0.18824869795302723,2024-43-604
20915,0.5959472916595046,0.29993662119434106,2024-44-604
20916,0.0,0.34986313596529284,2024-45-604
20917,0.0,0.42054366621968153,2024-46-604
20918,0.0,0.21768240115543214,2024-47-604
20919,0.0,0.20115544366694882,2024-48-604
20920,0.0,0.21147554712742345,2024-49-604
20921,0.0,-0.1321530440626033,2024-50-604
20922,6.768204370640171,-0.07915566539778318,2024-51-604
20923,5.377901323868703,2.946270599582177,2024-52-604
21176,0.0,0.23508898744114048,2024-1-605
21177,0.2385509662845984,0.22809128256273892,2024-2-605
21178,0.2724489848996079,0.7862815821313531,2024-3-605
21179,0.8330379573568497,0.44432818148973485,2024-4-605
21180,0.0,0.9474623317206604,2024-5-605
21181,0.3693473102552903,0.6985003091232638,2024-6-605
21182,0.0,0.5914716417821924,2024-7-605
21183,0.0,0.561987435276388,2024-8-605
21184,0.5140081171317937,0.8224620077701386,2024-9-605
21185,1.8206589027012432,0.5202993856707832,2024-10-605
21186,0.682827148042035,1.255483002770159,2024-11-605
21187,0.0,1.1224619841360002,2024-12-605
21188,4.939116994138063,0.6278789935413489,2024-13-605
21189,0.707956429339256,2.5540260253740605,2024-14-605
21190,0.8134220228189981,2.154549656195327,2024-15-605
21191,3.269275367670376,1.4310990647796267,2024-16-605
21192,6.508901575428829,2.109871914714984,2024-17-605
21193,13.396859795212409,4.140793889344667,2024-18-605
21194,17.189811715830846,7.8152482261974505,2024-19-605
21195,25.71511554259321,11.835708265737622,2024-20-605
21196,27.480708816316184,17.0764202727009,2024-21-605
21197,25.82398390744183,21.157323442390307,2024-22-605
21198,29.17495406018485,22.754478935211267,2024-23-605
21199,24.971256880076936,24.736638761018824,2024-24-605
21200,16.421690376916725,24.292960554573995,2024-25-605
21201,21.61867001115598,20.055188386900667,2024-26-605
21202,12.86684588208362,19.560672495431582,2024-27-605
21203,7.106989868530581,16.14997934839025,2024-28-605
21204,5.949297340795526,11.445300829787445,2024-29-605
21205,5.804640336873279,8.117661396735949,2024-30-605
21206,3.1887868210082377,6.76155828925624,2024-31-605
21207,1.6076723859625583,4.842123486290037,2024-32-605
21208,1.478270131133765,2.8909401792779046,2024-33-605
21209,0.4584428527471674,1.9963126932060664,2024-34-605
21210,1.3790992043527153,1.371796146820559,2024-35-605
21211,0.5207515281681966,1.2354006040178658,2024-36-605
21212,0.8102612333198729,0.898490495544204,2024-37-605
21213,0.30846329185427,0.7527272413344113,2024-38-605
21214,0.3466052030359669,0.5500226427192532,2024-39-605
21215,0.392400637229542,0.49372629335626916,2024-40-605
21216,1.0517022646008136,0.5871250841880611,2024-41-605
21217,1.0097541952096412,0.6598156032657904,2024-42-605
21218,0.5998825500459074,0.7645126705834926,2024-43-605
21219,1.5076159892415746,0.7420089909094244,2024-44-605
21220,0.3618708395785419,0.9582582285542716,2024-45-605
21221,0.4693267754868853,0.5408300488719121,2024-46-605
21222,0.4313245003864126,0.7468611417069351,2024-47-605
21223,0.4584071281231375,0.7163689556346242,2024-48-605
21224,1.646163649442023,0.656712275039639,2024-49-605
21225,2.422229645038299,1.1285900756533875,2024-50-605
21226,5.140463708651376,1.7726537305592327,2024-51-605
21227,0.0,3.3427635932507993,2024-52-605
21480,0.1762228189111456,1.1240549196733995,2024-1-606
21481,0.0,0.7029890176276683,2024-2-606
21482,0.2325470811642984,0.6052193973910904,2024-3-606
21483,0.2369662512767497,0.5779862877234622,2024-4-606
21484,0.0,0.5279630377305564,2024-5-606
21485,0.3150739321817243,0.43137725742924793,2024-6-606
21486,0.0,0.708552129288295,2024-7-606
21487,0.3725204588260799,0.3615108959652962,2024-8-606
21488,0.0,0.5088769224429429,2024-9-606
21489,1.034627867093512,0.28395603669174885,2024-10-606
21490,1.1638713548251909,0.8676160938983501,2024-11-606
21491,0.6259019239413601,1.0589409376139691,2024-12-606
21492,0.0,0.8721193628746774,2024-13-606
21493,0.6030077677051712,0.7057517913869369,2024-14-606
21494,0.0,0.865264880260317,2024-15-606
21495,0.6958934346724346,0.54819395543627,2024-16-606
21496,0.0,0.6663615708412789,2024-17-606
21497,0.0,0.36776978052436937,2024-18-606
21498,0.0,0.4298733301753809,2024-19-606
21499,0.5336121675999452,0.382713627936512,2024-20-606
21500,0.8202036058612144,0.40968227391141887,2024-21-606
21501,0.3050330288326585,0.7136993367551843,2024-22-606
21502,1.1701673394485708,0.592110100608521,2024-23-606
21503,0.2307510960996386,0.9701035389289718,2024-24-606
21504,0.7544924323825503,0.6460063229561186,2024-25-606
21505,0.4082656007827979,0.7920111060215153,2024-26-606
21506,1.822064855686511,0.8790194146725869,2024-27-606
21507,0.9737638658136932,1.2047743969939666,2024-28-606
21508,0.8421525165802889,1.1489955744674372,2024-29-606
21509,0.5974676341807587,1.0404874565774411,2024-30-606
21510,0.4274672633329358,0.8913061605265082,2024-31-606
21511,0.2729317029610997,0.7713186277209232,2024-32-606
21512,0.836383986865307,0.620064777297445,2024-33-606
21513,0.6483266359597395,0.5248973346073065,2024-34-606
21514,0.3899877062588622,0.6670976955164261,2024-35-606
21515,0.2944643513298758,0.40761910718402383,2024-36-606
21516,0.4122745469274996,0.41116321504237596,2024-37-606
21517,0.0,0.5505955280306539,2024-38-606
21518,0.1469091661371664,0.4463868983954501,2024-39-606
21519,0.332575562630072,0.3894478062066372,2024-40-606
21520,0.0,0.37191339848121874,2024-41-606
21521,0.4277401105218625,0.25252673187267316,2024-42-606
21522,0.2540664956382283,0.28881512363940887,2024-43-606
21523,0.5107151725506986,0.3237923729007136,2024-44-606
21524,0.0,0.4958342435402743,2024-45-606
21525,0.0,0.2239403075377725,2024-46-606
21526,0.0,0.22901198667365275,2024-47-606
21527,0.3879243170967369,0.2541674379047838,2024-48-606
21528,0.4642632727888973,0.41171112760064754,2024-49-606
21529,0.5122533960247692,0.3702904603324073,2024-50-606
21530,1.4491973279057604,0.8204597784688972,2024-51-606
21531,1.151410628527152,0.9348490939044158,2024-52-606
21784,0.0,0.26846004464638995,2024-1-607
21785,0.439531822063313,0.16666905188958847,2024-2-607
21786,0.2509939290471357,0.5728138990249452,2024-3-607
21787,0.0,0.48833330499516914,2024-4-607
21788,0.0,0.42051814913646335,2024-5-607
21789,0.6805179495390804,0.31437172629411547,2024-6-607
21790,0.7646601320023254,0.4442025354496023,2024-7-607
21791,1.609794207761155,0.9069283330011917,2024-8-607
21792,0.4735231883378704,1.3248026600114269,2024-9-607
21793,2.236338160594118,0.8040502437566828,2024-10-607
21794,0.629042231874311,1.6890733617397056,2024-11-607
21795,0.0,1.4065515900971541,2024-12-607
21796,1.8200196583206707,0.6689424333616437,2024-13-607
21797,0.6521870622101223,1.2662233249693906,2024-14-607
21798,0.0,0.9867714293236416,2024-15-607
21799,0.7529305344974654,0.8443943734314541,2024-16-607
21800,0.0,0.8592492994942678,2024-17-607
21801,0.0,0.5457967080563737,2024-18-607
21802,0.5655527418462102,0.3324472751503682,2024-19-607
21803,1.155562707138339,0.5383153978087464,2024-20-607
21804,0.8882615103836441,0.6124883655137572,2024-21-607
21805,1.3216223843661956,0.9343415099962311,2024-22-607
21806,1.2677389773579948,1.168099321974393,2024-23-607
21807,0.2500385507231327,1.2717745547117314,2024-24-607
21808,1.839847902457792,0.5285709887393588,2024-25-607
21809,1.991503711321981,0.9799729050306455,2024-26-607
21810,1.097487886978635,1.6987924404890267,2024-27-607
21811,0.6335718801201738,1.3157164746910712,2024-28-607
21812,1.5223448950127194,0.9271537464519511,2024-29-607
21813,3.078676819452183,1.1683218287458088,2024-30-607
21814,1.3914344909853558,1.934313044348877,2024-31-607
21815,1.4809662657789937,1.622980005541188,2024-32-607
21816,2.1182937571600737,1.4493594193487311,2024-33-607
21817,0.8446198898843613,1.7682901159973932,2024-34-607
21818,0.9880897293668572,1.5065604642084631,2024-35-607
21819,1.2792159804146075,0.9377794502603066,2024-36-607
21820,0.4478371796412723,1.1245232661783753,2024-37-607
21821,0.7103732132960773,0.7074431124868819,2024-38-607
21822,0.9578525411033804,0.7823110930134238,2024-39-607
21823,1.265142122313931,0.813623228163141,2024-40-607
21824,0.1937597725903951,0.7541387032518699,2024-41-607
21825,1.3952337742633107,0.6049526774584864,2024-42-607
21826,2.210372759162319,1.0850836597310476,2024-43-607
21827,2.499779966368405,1.255660392880311,2024-44-607
21828,0.6666860547894312,1.7177763095845882,2024-45-607
21829,1.7293080149477895,0.8010535257066987,2024-46-607
21830,3.973199782769883,0.9352863101713673,2024-47-607
21831,3.800400710517928,3.2267207019759505,2024-48-607
21832,2.0218387078863014,3.754695213192345,2024-49-607
21833,1.1156277954622404,2.4266447042541692,2024-50-607
21834,3.945974748858887,1.876254183744436,2024-51-607
21835,5.017175184945912,2.527806107671034,2024-52-607
22088,0.1699073993377312,0.2706621823083579,2024-1-608
22089,0.0,0.4002437427121771,2024-2-608
22090,0.0,0.3220124525358904,2024-3-608
22091,0.0,0.22194302001557742,2024-4-608
22092,0.0,0.26947336799547617,2024-5-608
22093,0.0,0.07882062547156021,2024-6-608
22094,0.0,0.2832195738778365,2024-7-608
22095,0.0,0.18984180268368922,2024-8-608
22096,0.0,0.1008348523566005,2024-9-608
22097,0.0,0.0940083416454478,2024-10-608
22098,0.0,0.22279097641640278,2024-11-608
22099,0.0,0.2755987471895096,2024-12-608
22100,0.0,0.1353265203529741,2024-13-608
22101,0.0,0.19924664821375382,2024-14-608
22102,0.0,0.24282236986477235,2024-15-608
22103,0.0,0.1766066512048582,2024-16-608
22104,0.0,0.2501561872554754,2024-17-608
22105,0.6495710686718028,0.07122458471282456,2024-18-608
22106,0.506077402116033,0.5662579255114432,2024-19-608
22107,0.5170585893544749,0.7304642762922413,2024-20-608
22108,0.3974838504868468,0.35828789488698054,2024-21-608
22109,0.2957252735546091,0.45705880124721243,2024-22-608
22110,0.0,0.4786916652473897,2024-23-608
22111,0.0,0.1350774865847777,2024-24-608
22112,0.1830112137338278,0.004841445074850181,2024-25-608
22113,0.3962226647442861,0.0804585868265495,2024-26-608
22114,0.0,0.2737202349012089,2024-27-608
22115,0.3782198536419808,0.12471365764311682,2024-28-608
22116,0.1363286827550285,0.2154461985476488,2024-29-608
22117,0.0,0.3251027828951142,2024-30-608
22118,0.0,0.07425981815796168,2024-31-608
22119,0.1326547665680608,0.21460694208908115,2024-32-608
22120,0.1355408970583919,0.19848818626955134,2024-33-608
22121,0.2522242096960062,0.15439606775967352,2024-34-608
22122,0.0,0.21423023874800495,2024-35-608
22123,0.0,0.16406278069053504,2024-36-608
22124,0.0,0.14082880013798504,2024-37-608
22125,0.0,0.07392889828895943,2024-38-608
22126,0.0,0.11364951974212001,2024-39-608
22127,0.1619925977495408,0.07295780684882036,2024-40-608
22128,0.0,0.1720476709358879,2024-41-608
22129,0.0,0.11866473873320604,2024-42-608
22130,0.0,0.004712716665719707,2024-43-608
22131,0.0,-0.03216771089205395,2024-44-608
22132,0.2988945683042673,0.00687536884804274,2024-45-608
22133,0.0,-0.020929978661054394,2024-46-608
22134,0.0,0.250873294140457,2024-47-608
22135,0.3787191168546439,0.0769388768221908,2024-48-608
22136,0.0,0.2535201072055633,2024-49-608
22137,0.5003671957835272,0.0750653074585319,2024-50-608
22138,0.0,0.22976161093035974,2024-51-608
22139,0.0,0.2217238902606362,2024-52-608
22392,0.0,2.0429068093965745,2024-1-609
22393,0.3181955615638653,1.200293195630832,2024-2-609
22394,0.3633167807410835,0.9874611583084261,2024-3-609
22395,2.961564112655964,0.7332799724021742,2024-4-609
22396,0.0,1.8305753875359314,2024-5-609
22397,0.9842996687104184,1.1803966849797058,2024-6-609
22398,1.1057189691935358,1.042072004078544,2024-7-609
22399,1.7454062313253087,1.2117948971821402,2024-8-609
22400,0.0,1.6876370945780146,2024-9-609
22401,0.8078293605526468,0.7950182880276272,2024-10-609
22402,0.9086792694618776,0.8981241569490689,2024-11-609
22403,1.9545289625132671,1.0225874918855327,2024-12-609
22404,1.3138757994204566,1.3914462797596663,2024-13-609
22405,2.824167241032636,1.4637567051201192,2024-14-609
22406,0.0,2.0838669446199254,2024-15-609
22407,1.086249180649914,1.315517566933151,2024-16-609
22408,0.0,1.2907026294222799,2024-17-609
22409,0.0,0.7224770172938648,2024-18-609
22410,0.8152939648919384,0.6387954555157838,2024-19-609
22411,0.8327095498957113,0.7404833273934941,2024-20-609
22412,0.6399260747974974,0.5944016672290624,2024-21-609
22413,0.4759434060938941,0.7258093903821641,2024-22-609
22414,0.0,0.6583824502032162,2024-23-609
22415,1.4399681553188728,0.49738692886599356,2024-24-609
22416,0.0,0.8339090028378828,2024-25-609
22417,1.2736867650919528,0.5635303791623666,2024-26-609
22418,0.3157764919738443,1.1603577395864801,2024-27-609
22419,4.859938152546092,0.6646376540979771,2024-28-609
22420,1.5322629427644583,2.514672236074193,2024-29-609
22421,1.6304851673151086,2.2043945166732275,2024-30-609
22422,2.666219785468371,1.761197138298734,2024-31-609
22423,1.276665206310904,2.252764912522708,2024-32-609
22424,0.8693305345221787,2.158458160457856,2024-33-609
22425,0.6064350762046761,1.4322368017058964,2024-34-609
22426,0.6079373722634529,1.0963248019167746,2024-35-609
22427,1.3769895536694072,0.9281383806653909,2024-36-609
22428,0.0,1.115194979592539,2024-37-609
22429,0.0,0.6020014255436125,2024-38-609
22430,0.0,0.2772031674855735,2024-39-609
22431,0.0,0.17391635046862863,2024-40-609
22432,0.0,0.25503821638542745,2024-41-609
22433,0.0,0.06785853071503478,2024-42-609
22434,0.0,0.04569460711908824,2024-43-609
22435,0.0,0.18084583421418876,2024-44-609
22436,0.4773032800328976,0.2246221201785925,2024-45-609
22437,0.6188735596336022,0.23439450058100708,2024-46-609
22438,0.5686126488494293,0.541028160814563,2024-47-609
22439,0.0,0.5112599674110919,2024-48-609
22440,1.4459916904171444,0.2312878424847592,2024-49-609
22441,0.0,0.6331573204798957,2024-50-609
22442,0.0,0.6058364811960093,2024-51-609
22443,1.792703689415335,0.4907136166398184,2024-52-609
22696,0.4591729562477714,0.4879598014944655,2024-1-610
22697,0.2653477519410709,0.6199723052907424,2024-2-610
22698,0.1515124396281619,0.7024297948817122,2024-3-610
22699,0.3088129412405683,0.42836493939738907,2024-4-610
22700,0.5138828881801416,0.5555680952242242,2024-5-610
22701,0.4106810204626271,0.7364275574223778,2024-6-610
22702,0.0,0.7891440995569234,2024-7-610
22703,0.9713045116894844,0.5606001668151286,2024-8-610
22704,1.4284212577251552,0.8301855577214083,2024-9-610
22705,0.3372737482969721,1.1128990774585328,2024-10-610
22706,0.3794415356316223,1.0146485163414214,2024-11-610
22707,0.8162960198479585,0.8909614984551278,2024-12-610
22708,1.6464647327162425,0.8131459927229386,2024-13-610
22709,3.932939746026031,1.3294264630373123,2024-14-610
22710,1.3555228444431076,2.4731242391556068,2024-15-610
22711,1.8158503851419048,2.028427440994915,2024-16-610
22712,2.711168008938001,2.0704370701444224,2024-17-610
22713,3.500986594501254,2.254285868494681,2024-18-610
22714,2.3862525630037354,3.0133017598603056,2024-19-610
22715,3.134088996921032,2.80313186206076,2024-20-610
22716,4.014832595099913,2.490506955736094,2024-21-610
22717,7.76492703845012,3.2143662961547568,2024-22-610
22718,5.0414934070958894,5.151266071974168,2024-23-610
22719,6.025768450624986,4.937047156606887,2024-24-610
22720,6.157649219246891,5.066341928895174,2024-25-610
22721,3.1990088139084776,5.435672016819749,2024-26-610
22722,3.70179783723244,4.5515369362178575,2024-27-610
22723,5.596436791551445,3.9067815282202623,2024-28-610
22724,3.20866769941298,4.429294160705428,2024-29-610
22725,3.610066694174451,3.8876421194900077,2024-30-610
22726,2.3271406065877773,3.3370677067807386,2024-31-610
22727,1.8723463303198056,2.888731428229754,2024-32-610
22728,1.7305846191361862,2.4590862663646775,2024-33-610
22729,0.932058549359885,2.0644678846682116,2024-34-610
22730,1.52922248517733,1.4689737317109555,2024-35-610
22731,0.6736140333608727,1.3415703036960418,2024-36-610
22732,1.2576086000702082,1.1314083760921896,2024-37-610
22733,1.196802689754647,1.1307249384470777,2024-38-610
22734,2.016991313708434,1.1027813708028211,2024-39-610
22735,2.8269057755046583,1.4359207239118295,2024-40-610
22736,1.0489679504490232,2.043451361242297,2024-41-610
22737,1.3986569589459787,1.604059639715609,2024-42-610
22738,1.495522362073288,1.3840253806622393,2024-43-610
22739,1.3362370869059983,1.5393375422490476,2024-44-610
22740,1.6035223465528832,1.4528262677052621,2024-45-610
22741,0.5198707812669275,1.3341902524210332,2024-46-610
22742,1.194325916264524,1.3040418582768822,2024-47-610
22743,1.2691961190717878,1.373285568633352,2024-48-610
22744,1.5191049298108756,1.6373713456704992,2024-49-610
22745,1.6762932404310935,1.5815669802640495,2024-50-610
22746,1.4228385370580636,1.5016818757814616,2024-51-610
22747,0.0,1.614733026255339,2024-52-610
23000,1.738190952845854,3.114841223259856,2024-1-611
23001,1.506239917601658,2.436121486388746,2024-2-611
23002,1.432986644167351,2.2453558982221873,2024-3-611
23003,1.1679271651483147,2.032982090019468,2024-4-611
23004,0.9714510407989302,1.5393843583706552,2024-5-611
23005,0.7761183412610869,1.3175193510378556,2024-6-611
23006,0.871732872508851,1.182982526120683,2024-7-611
23007,2.75171388791198,1.1050554732858686,2024-8-611
23008,3.775788805213925,1.9181483980162972,2024-9-611
23009,4.45626224148384,2.649679971899571,2024-10-611
23010,2.8639266577695537,3.439821898305997,2024-11-611
23011,2.30973897629921,3.287414327533246,2024-12-611
23012,4.139826413834554,2.8846406645796923,2024-13-611
23013,0.7414388102303445,3.4827656094671866,2024-14-611
23014,1.7031022699188831,2.4963185154483605,2024-15-611
23015,5.131728292508388,1.9760311633257337,2024-16-611
23016,2.5532069487766846,3.2434858535396263,2024-17-611
23017,0.0,3.0163964268176775,2024-18-611
23018,1.9250140039048125,1.7562670113457828,2024-19-611
23019,2.6211417981673835,1.840067326140125,2024-20-611
23020,2.014027446434992,2.3397222612301505,2024-21-611
23021,1.4977162405677926,2.236205501511189,2024-22-611
23022,1.723300114443798,1.6564408174584686,2024-23-611
23023,1.1325164841075943,1.8698325280083328,2024-24-611
23024,2.5452911724455545,1.6214727197474508,2024-25-611
23025,2.503639851662036,2.0715518861800506,2024-26-611
23026,3.22724339342407,2.5069024811087885,2024-27-611
23027,3.82013503128866,2.5459136867342167,2024-28-611
23028,2.752597116212224,3.1525031475615086,2024-29-611
23029,4.209916998993931,3.0152943426364827,2024-30-611
23030,2.6186192669689974,3.356318642038699,2024-31-611
23031,1.6715975386799058,3.1638735393626796,2024-32-611
23032,1.877859816523242,2.6609354541384285,2024-33-611
23033,1.111338262220099,2.191920972539067,2024-34-611
23034,0.9548027740267764,1.7296415016529219,2024-35-611
23035,0.1801954967473464,1.2826852994411349,2024-36-611
23036,0.0,0.6920534008934947,2024-37-611
23037,0.0,0.4880627559022356,2024-38-611
23038,0.0,0.31049465923678143,2024-39-611
23039,0.0,0.25370778002349914,2024-40-611
23040,0.435827318166027,0.24772350686113953,2024-41-611
23041,0.0,0.24365743017301988,2024-42-611
23042,0.3104910826865455,0.30832173233855886,2024-43-611
23043,0.6240068320285846,0.35218178496946306,2024-44-611
23044,0.3742984166514917,0.4608208721356998,2024-45-611
23045,0.0,0.6580595923631811,2024-46-611
23046,0.8915593976831505,0.4049031852645354,2024-47-611
23047,0.9471603067140985,0.7112026656811519,2024-48-611
23048,0.0,0.978913913466094,2024-49-611
23049,0.0,0.6243776231990816,2024-50-611
23050,3.5361564223360227,0.4294201983207734,2024-51-611
23051,1.4044731301925022,1.892167320275729,2024-52-611
23304,0.5269388620006304,1.5661385901878262,2024-1-701
23305,0.9136464285108076,1.6568537581553828,2024-2-701
23306,0.4347978193968119,1.43785959179865,2024-3-701
23307,0.0886323204757089,1.027100853633861,2024-4-701
23308,0.0983392937159189,1.2425229135126228,2024-5-701
23309,0.5895034917537524,0.6615066892862629,2024-6-701
23310,0.3974514151658594,0.8208362281908876,2024-7-701
23311,0.5578433436215632,0.7780280993843648,2024-8-701
23312,0.1640970224166622,1.0613336140836838,2024-9-701
23313,0.5812671011137516,0.4515199593168385,2024-10-701
23314,0.4360179423284353,0.7158677027894486,2024-11-701
23315,0.7036002397706962,0.6680321873626676,2024-12-701
23316,1.2616408795106258,0.9581661661938278,2024-13-701
23317,0.4521155166620853,1.1658952720500957,2024-14-701
23318,0.5194876699863026,1.371171898315902,2024-15-701
23319,1.043992216182117,0.9642947438040176,2024-16-701
23320,1.299121940337982,1.0893338334945157,2024-17-701
23321,0.5033414786487911,1.4297477865287553,2024-18-701
23322,0.196068651411611,1.5226949739186866,2024-19-701
23323,0.4006324587923434,0.8744596357624227,2024-20-701
23324,0.1539859261096482,0.6360695130773988,2024-21-701
23325,0.0,0.7890869603296028,2024-22-701
23326,0.0,0.3110219455771863,2024-23-701
23327,0.2601064449771391,0.21693193255363008,2024-24-701
23328,0.0708891662303308,0.33133557903890865,2024-25-701
23329,0.0,0.2698549775830513,2024-26-701
23330,0.0761209318162845,0.41056560590378255,2024-27-701
23331,0.1464857362574893,0.22693560537314295,2024-28-701
23332,0.1583949582038187,0.31336938582245466,2024-29-701
23333,0.1685990567171386,0.14289802329131462,2024-30-701
23334,0.2681204791414718,0.25856804422202007,2024-31-701
23335,0.0,0.2733353551773682,2024-32-701
23336,0.0,0.20370286589416764,2024-33-701
23337,0.1464940786129917,0.22272261034504226,2024-34-701
23338,0.097933990219486,0.09754544884643468,2024-35-701
23339,0.0554721944278032,0.22228450303232683,2024-36-701
23340,0.0517889013765826,0.2853938281000783,2024-37-701
23341,0.049291351941817,0.19332670470652114,2024-38-701
23342,0.0553882845626367,0.22773666354587796,2024-39-701
23343,0.1254174983182232,0.26948615530285647,2024-40-701
23344,0.0672305761038069,0.2238337824575498,2024-41-701
23345,0.0,0.2660754912573775,2024-42-701
23346,0.0,0.17168942763398165,2024-43-701
23347,0.0,0.1469423308479687,2024-44-701
23348,0.2313609273308794,0.0750155529294354,2024-45-701
23349,0.0,0.2944978470167774,2024-46-701
23350,0.413678570964769,0.22105569297469807,2024-47-701
23351,0.4396690196963549,0.6294463893130389,2024-48-701
23352,0.8771838206402136,0.6878830607198252,2024-49-701
23353,0.1936153510813583,0.880638479853771,2024-50-701
23354,0.0,0.8760684132734914,2024-51-701
23355,0.4353940252566327,0.39564091824522163,2024-52-701
23608,0.6699130710781626,1.0474234555465276,2024-1-702
23609,0.4098778757094591,1.109230848300706,2024-2-702
23610,0.5720590535480747,0.7032099305940885,2024-3-702
23611,0.688941074442807,0.662930713982868,2024-4-702
23612,0.5878810755855888,0.8603270217819174,2024-5-702
23613,1.4093685175267492,0.7125236785368894,2024-6-702
23614,0.9500315706649072,1.339982416768972,2024-7-702
23615,1.0831919630836395,1.2429132002910865,2024-8-702
23616,1.6663846532675122,1.4515172340219684,2024-9-702
23617,1.3886001261759378,1.428310072064922,2024-10-702
23618,1.3017622409354976,2.0198918712164433,2024-11-702
23619,1.1201285406508743,1.665593841694772,2024-12-702
23620,0.5647887318186728,1.3640718166499508,2024-13-702
23621,0.8094229954639358,1.2898260671176038,2024-14-702
23622,1.0848358578819863,1.4513939288637607,2024-15-702
23623,0.0,1.1483996525477687,2024-16-702
23624,0.7748228676975302,0.9089219598260636,2024-17-702
23625,1.6507975636254988,0.9568088770641687,2024-18-702
23626,0.7013644133199564,1.3284864888176322,2024-19-702
23627,0.7164198571330984,1.3750188088623814,2024-20-702
23628,0.8259232427079445,1.158598055887544,2024-21-702
23629,0.2730405895912111,1.1000441774193581,2024-22-702
23630,0.4713632091402919,0.9266509662667644,2024-23-702
23631,0.6196908279643103,0.9817390493561109,2024-24-702
23632,0.2955002322056614,0.8302840729433885,2024-25-702
23633,0.2741219224217214,0.6874877301952171,2024-26-702
23634,0.0453123665169247,0.7940824768441537,2024-27-702
23635,0.0435907925925147,0.2988528481385706,2024-28-702
23636,0.4712567267876408,0.30448285068421777,2024-29-702
23637,0.2006079448598669,0.40111143091226553,2024-30-702
23638,0.2551700843048111,0.15870649811672843,2024-31-702
23639,0.2443924659912609,0.203748399714629,2024-32-702
23640,0.3744770532168156,0.33148583487854233,2024-33-702
23641,0.4064031496304881,0.4433863328982073,2024-34-702
23642,0.2910385311667882,0.43747887774261807,2024-35-702
23643,0.2966755258657985,0.38746139379944244,2024-36-702
23644,0.1230771384530063,0.405208619199645,2024-37-702
23645,0.3220779242713553,0.47775247063792237,2024-38-702
23646,0.2631614646029455,0.3303685004982466,2024-39-702
23647,0.111707065210744,0.40817366298689095,2024-40-702
23648,0.0798261053395448,0.4332686336537327,2024-41-702
23649,0.2873634539870595,0.282176207062816,2024-42-702
23650,0.227590071202721,0.4303428425797605,2024-43-702
23651,0.1715661309595081,0.38207771016120085,2024-44-702
23652,0.4117436441023238,0.35920145497590794,2024-45-702
23653,0.1779753657200097,0.40644881186270043,2024-46-702
23654,0.3270778956277135,0.4488106810367225,2024-47-702
23655,0.2606706948008039,0.40214949176731885,2024-48-702
23656,0.727950603140563,0.3522343454436846,2024-49-702
23657,1.2622130303214802,0.6631617386284547,2024-50-702
23658,0.0,0.9627672559196631,2024-51-702
23659,0.0,0.652850040763588,2024-52-702
23912,2.028703613476828,1.2615658438042674,2024-1-703
23913,1.727779886615414,1.7922383268252227,2024-2-703
23914,1.550394449099908,1.8232183820357788,2024-3-703
23915,2.2983330983544272,1.8104497592332436,2024-4-703
23916,2.231129051721763,2.145620168966269,2024-5-703
23917,2.101586811502213,2.285879008390179,2024-6-703
23918,1.502684493588438,2.6978689258596495,2024-7-703
23919,1.8076648879400248,2.050793311199444,2024-8-703
23920,1.5951308752870104,1.9515113149077117,2024-9-703
23921,1.5694141395224044,1.730912528329122,2024-10-703
23922,3.5314749573323563,1.9344619147622895,2024-11-703
23923,3.798876597196512,2.453032241768457,2024-12-703
23924,3.575962526963643,2.957674931293493,2024-13-703
23925,4.759382638293389,3.3055268041727697,2024-14-703
23926,3.365052023678384,4.05309044601049,2024-15-703
23927,3.381057038489588,3.897707091822877,2024-16-703
23928,1.6828051731594595,3.9433885050081656,2024-17-703
23929,3.6672275663333886,3.086696007352913,2024-18-703
23930,1.9045427687648568,3.2835669378079926,2024-19-703
23931,0.3242769989163778,2.9013346686598545,2024-20-703
23932,0.0,1.9622173704139017,2024-21-703
23933,0.9271340570097086,1.166777194441712,2024-22-703
23934,0.711444843155191,1.1654031921724872,2024-23-703
23935,0.5612606745377046,1.171084660509208,2024-24-703
23936,0.3441474643489255,0.7245419531437888,2024-25-703
23937,0.0,0.6746477832961176,2024-26-703
23938,0.6158204392090305,0.8601966931866589,2024-27-703
23939,0.4739943808004896,0.781037201431009,2024-28-703
23940,0.2562459866619898,0.6885667757810606,2024-29-703
23941,0.5454672905227234,0.4489947411229056,2024-30-703
23942,0.4336920093463452,0.6494245904872242,2024-31-703
23943,0.4985075922650674,0.4329375404537946,2024-32-703
23944,0.6790592941458238,0.5721278757080523,2024-33-703
23945,0.0,0.6582748828159003,2024-34-703
23946,0.1583639406228079,0.3447248440474642,2024-35-703
23947,0.3587781938770179,0.33480742074936354,2024-36-703
23948,0.0837327297507278,0.40896565605338986,2024-37-703
23949,0.4781326276796008,0.38495625405658007,2024-38-703
23950,0.2686169526253555,0.4336258030769865,2024-39-703
23951,0.3040965463466802,0.4892066637916307,2024-40-703
23952,0.3260003213035,0.5990348891252779,2024-41-703
23953,0.2608213166968527,0.46071702689870997,2024-42-703
23954,0.0,0.5011392418958015,2024-43-703
23955,0.1557560879174405,0.4012802043605297,2024-44-703
23956,0.1869223928948322,0.39596169901812095,2024-45-703
23957,0.7272567726643543,0.3649571846269021,2024-46-703
23958,0.89112525289881,0.6647909478763876,2024-47-703
23959,1.4205636191890836,0.8786274990975733,2024-48-703
23960,0.8501871308080039,1.2319247368459294,2024-49-703
23961,0.3127377354011089,1.324348475485549,2024-50-703
23962,0.4424451656845012,1.056074508564271,2024-51-703
23963,1.4063344865613516,1.065137165827488,2024-52-703
24216,0.0,1.3618942051496759,2024-1-704
24217,0.3103462917557402,1.1894037010095455,2024-2-704
24218,0.0,0.6775044802654293,2024-3-704
24219,0.5416192520722165,0.558355409871794,2024-4-704
24220,0.4005146125993227,0.9212391174846948,2024-5-704
24221,0.2400259795871293,0.48400710197566543,2024-6-704
24222,0.5392811885922623,0.61200269044768,2024-7-704
24223,1.1350509822957426,0.7045415608464128,2024-8-704
24224,1.001395697940112,0.9759833294422372,2024-9-704
24225,0.3940206000186892,0.9154146234627475,2024-10-704
24226,0.4432201536792341,0.8572543498637627,2024-11-704
24227,0.0,0.8137051637059693,2024-12-704
24228,0.0,0.7875738325105367,2024-13-704
24229,0.4592051655685483,0.45983330925196675,2024-14-704
24230,0.0,0.8731229135194853,2024-15-704
24231,2.1195623241611408,0.5182511074839259,2024-16-704
24232,0.5273630129168354,1.1020922542043419,2024-17-704
24233,0.0,1.1760187351031657,2024-18-704
24234,0.7954806529617957,1.312953823548091,2024-19-704
24235,0.0,0.8032406775785159,2024-20-704
24236,0.0,0.554910766506863,2024-21-704
24237,0.9288152204247412,0.5992942089878488,2024-22-704
24238,0.3562954624970543,0.4288214969694062,2024-23-704
24239,0.1756410284750118,0.4337878309557843,2024-24-704
24240,0.4307033299035294,0.2766600798776735,2024-25-704
24241,0.0,0.30859959364007983,2024-26-704
24242,0.1540784170927732,0.5156333211083869,2024-27-704
24243,0.2964235210094012,0.31422363382006335,2024-28-704
24244,0.7476788467304551,0.3205828290981988,2024-29-704
24245,0.568303716995837,0.5432827017905748,2024-30-704
24246,0.7589519841805957,0.5209829583552757,2024-31-704
24247,0.4153337263550318,0.6578518942355374,2024-32-704
24248,0.636352125502766,0.6480120543467743,2024-33-704
24249,0.4932467524469384,0.7021680540758052,2024-34-704
24250,1.0878557356337937,0.5954306817602938,2024-35-704
24251,0.3360094875195533,0.8344475470579136,2024-36-704
24252,0.3136120089212103,0.6752579552364357,2024-37-704
24253,0.2984052975193595,0.5792940650615207,2024-38-704
24254,0.7821865279445505,0.4500845044748273,2024-39-704
24255,0.5058972969282969,0.6450929567308716,2024-40-704
24256,0.5422267342128784,0.638022815079172,2024-41-704
24257,0.8132410676973854,0.5515795035181635,2024-42-704
24258,0.3864162353472414,0.7485816070475053,2024-43-704
24259,0.7767216176407046,0.6636644981228349,2024-44-704
24260,1.1649407009159385,0.5807294642475657,2024-45-704
24261,0.0,0.9556149281169565,2024-46-704
24262,0.8327157604445108,0.7780539063679066,2024-47-704
24263,1.179718458292962,0.6934643545015031,2024-48-704
24264,1.411803991763604,1.1253055604866145,2024-49-704
24265,0.0,1.1900297758841867,2024-50-704
24266,0.0,0.8308166961625545,2024-51-704
24267,0.0,0.7360124706676356,2024-52-704
24520,0.6736952793220834,0.6178006289601846,2024-1-705
24521,0.6229023186324181,0.9729010538669938,2024-2-705
24522,0.5335086131777778,0.7561060947020358,2024-3-705
24523,0.7249277543984037,0.725903058821983,2024-4-705
24524,0.804210027515459,0.9974777897984896,2024-5-705
24525,1.205059757708755,0.9086214494962671,2024-6-705
24526,1.353925586888804,1.3740142407824327,2024-7-705
24527,1.4250301926347135,1.3443100942558495,2024-8-705
24528,1.6765337656406047,1.6801780195078675,2024-9-705
24529,1.583419116312249,1.5912572564330096,2024-10-705
24530,2.6720638205539133,2.091397655654328,2024-11-705
24531,2.395166722082112,2.3196008811094537,2024-12-705
24532,2.57653819789832,2.1648523272972593,2024-13-705
24533,0.4615939036494013,2.5756549609930923,2024-14-705
24534,1.5909149693638185,2.009807781038683,2024-15-705
24535,1.065583654823436,1.6820625188730292,2024-16-705
24536,1.5909673812083334,1.6967465217222015,2024-17-705
24537,1.027218077170892,1.539574702617222,2024-18-705
24538,0.4000809958046146,1.2445793979570712,2024-19-705
24539,0.4086916154183858,0.9919796569987777,2024-20-705
24540,0.3141235186179181,0.8432491431708933,2024-21-705
24541,1.1683269823169349,0.9287499984553496,2024-22-705
24542,0.1792933794800428,0.980079346581898,2024-23-705
24543,0.3535890383997556,0.5865029515012153,2024-24-705
24544,0.0,0.4989270388114263,2024-25-705
24545,0.3128565567402925,0.44630030375399476,2024-26-705
24546,0.3103078557102025,0.7391481563766691,2024-27-705
24547,0.2985341850658254,0.501230577010649,2024-28-705
24548,0.0,0.47996353269540837,2024-29-705
24549,0.4580076352558485,0.23719801797612938,2024-30-705
24550,0.7646750513270729,0.3831999821133081,2024-31-705
24551,0.4185238252592944,0.5661630766702677,2024-32-705
24552,0.2137763121010637,0.6022818423858608,2024-33-705
24553,0.9943468379175155,0.43890452144915637,2024-34-705
24554,0.3987884678073521,0.6419086699003071,2024-35-705
24555,0.4517046374546073,0.6407818022623988,2024-36-705
24556,0.316240313684958,0.6147440933798413,2024-37-705
24557,0.0,0.5408504339940565,2024-38-705
24558,0.4508346898615472,0.37419345277114013,2024-39-705
24559,0.3827620618209398,0.5097594607089967,2024-40-705
24560,0.8206115970599216,0.6018489164871337,2024-41-705
24561,0.9847504682686395,0.693162133859393,2024-42-705
24562,0.194989480636042,0.8576117517913346,2024-43-705
24563,0.0,0.6633082346469628,2024-44-705
24564,0.4704028003211319,0.3965178903994665,2024-45-705
24565,0.3050122862375829,0.4146392716543462,2024-46-705
24566,0.8408588012973077,0.46700293159075446,2024-47-705
24567,0.5957097965921115,0.6966680381761947,2024-48-705
24568,0.0,0.7317628059623105,2024-49-705
24569,0.0,0.6495352799563601,2024-50-705
24570,0.0,0.5199892779608165,2024-51-705
24571,0.8843882497438781,0.2969848239022599,2024-52-705
24824,1.9959481952392155,3.8826780333101736,2024-1-706
24825,1.94238595220498,3.34371871683636,2024-2-706
24826,2.3565579860817536,2.769072775692516,2024-3-706
24827,1.553781342862543,2.76064436518782,2024-4-706
24828,2.036895702680506,2.355666394247816,2024-5-706
24829,0.7512214793664965,2.064240565248165,2024-6-706
24830,2.5317974412465856,2.0318221567540626,2024-7-706
24831,1.9983566335023035,2.045399975987995,2024-8-706
24832,3.1343933073753303,2.0008412866079746,2024-9-706
24833,3.391658017729771,2.333529762580093,2024-10-706
24834,2.7747418723252992,2.990148233289907,2024-11-706
24835,2.611285572107513,2.7921261836914937,2024-12-706
24836,2.5077876317785184,2.581308954965821,2024-13-706
24837,1.7969161549076478,2.7712779407145463,2024-14-706
24838,1.23850656435639,2.408080980349043,2024-15-706
24839,1.6589087727549363,1.9716803253537085,2024-16-706
24840,2.476565713705169,1.9697927581290737,2024-17-706
24841,2.398259278553206,1.9082159498142568,2024-18-706
24842,0.6226497195551747,2.2609287688340167,2024-19-706
24843,1.271965303651022,1.755792077640841,2024-20-706
24844,0.7331535370556544,1.3952405831067165,2024-21-706
24845,0.7270785180079234,1.3776878365542553,2024-22-706
24846,0.6972923236437557,0.9268476010357304,2024-23-706
24847,0.6875007061505611,0.9078138753727023,2024-24-706
24848,1.011554392846871,0.8329761123420674,2024-25-706
24849,0.8514421251420555,1.0181132060309097,2024-26-706
24850,1.206308876536752,1.1708541539670152,2024-27-706
24851,0.5802080644165093,1.20054848773673,2024-28-706
24852,0.2508902407204338,0.8822074802186168,2024-29-706
24853,0.2669878941532623,0.6441309552756683,2024-30-706
24854,0.5942763961484031,0.6198235295578796,2024-31-706
24855,0.4878395308547156,0.4445216551265987,2024-32-706
24856,0.4152590731518623,0.5019443551056175,2024-33-706
24857,0.0772523051163386,0.4661378157539542,2024-34-706
24858,0.5421359553958808,0.2216687479159234,2024-35-706
24859,0.0877154637968629,0.46345381428298615,2024-36-706
24860,0.1637425788170171,0.35913607516233526,2024-37-706
24861,0.3116160240079067,0.3535858124714739,2024-38-706
24862,0.2625562573691694,0.282478774812688,2024-39-706
24863,0.594369819618633,0.370919124927237,2024-40-706
24864,0.2123578698668858,0.5862955331730937,2024-41-706
24865,0.254806800915473,0.3811184903144702,2024-42-706
24866,0.3026923004184603,0.3864079306952306,2024-43-706
24867,0.3042255511877246,0.4723078678330186,2024-44-706
24868,0.0,0.3429922774840912,2024-45-706
24869,0.2366682335353699,0.11008286155247848,2024-46-706
24870,0.0,0.3797211680723268,2024-47-706
24871,0.0,0.1721480727529735,2024-48-706
24872,0.2765323983978671,0.3235982862963631,2024-49-706
24873,0.0,0.3066334199337103,2024-50-706
24874,1.294751429970047,0.22425586121430563,2024-51-706
24875,0.6857894749025168,1.1629947373176803,2024-52-706
252,4.1258752667965135,3.1485387167587344,2025-1-101
253,3.8396928786099584,3.4103262935082856,2025-2-101
254,5.846781238034461,3.4654516126621844,2025-3-101
255,5.795785237683699,4.17021497950377,2025-4-101
256,5.098400856500931,4.748282342066407,2025-5-101
257,5.447339633411045,4.723406763129045,2025-6-101
258,2.833922533479759,4.765928806911581,2025-7-101
259,6.119004009058746,3.754006707564347,2025-8-101
260,4.256912423342632,4.5198383686305785,2025-9-101
261,4.589714383198046,4.3272540235905925,2025-10-101
262,3.2046161713869528,4.067685862526886,2025-11-101
263,3.374399410175789,3.4648066727436775,2025-12-101
264,4.979423757596878,3.2834479785312305,2025-13-101
265,2.6442068325053896,3.8005645014540472,2025-14-101
266,5.38661777821956,3.1457891717684645,2025-15-101
267,3.326380411963841,3.8229619771231893,2025-16-101
268,3.847970536811536,3.6055811027969606,2025-17-101
269,2.938597744386004,3.5536609031358863,2025-18-101
270,1.763247147637811,2.952390060392256,2025-19-101
271,1.4406336927175647,2.6077046996966957,2025-20-101
272,2.9390402056306297,1.8965018003369487,2025-21-101
273,2.3993368681841285,2.097042684727051,2025-22-101
274,2.509188505831155,2.312299633011075,2025-23-101
275,1.7437608261728272,2.0161650591974603,2025-24-101
276,2.0997356783434364,1.9137900262600755,2025-25-101
277,2.8520228014917266,2.033818360310028,2025-26-101
278,2.807792381014107,2.322685250452299,2025-27-101
279,2.4275807787048724,2.330816850354612,2025-28-101
280,4.060298711423848,2.323331704593615,2025-29-101
281,3.4267383094170905,2.9259876391625523,2025-30-101
282,4.055874175870394,3.0319979183161347,2025-31-101
283,3.600802031852921,3.3183083931633592,2025-32-101
284,3.788762275630381,3.386407379434764,2025-33-101
285,5.222993988245048,3.3592467130723547,2025-34-101
286,4.901822600750496,4.108852529328537,2025-35-101
287,4.634680776890354,4.246028148455476,2025-36-101
288,6.178650800810204,4.228036184544159,2025-37-101
289,5.799020251499525,4.919954998884239,2025-38-101
290,5.36972993101729,5.283612170323035,2025-39-101
291,5.619214855094721,5.154501355517092,2025-40-101
292,4.630879248752112,5.2563942464217215,2025-41-101
293,3.875842006123064,4.741345436845674,2025-42-101
294,2.870500004519883,4.180417553690606,2025-43-101
295,2.363074235661512,3.458863817415614,2025-44-101
296,3.5829032831121235,2.7163963913627014,2025-45-101
297,2.9287541965767887,2.8657681244269835,2025-46-101
298,3.127663123382246,2.6854228235399136,2025-47-101
299,2.0896989402015462,2.607387964298053,2025-48-101
300,2.400981545935088,2.2290628512960513,2025-49-101
301,2.408141987487731,2.216862078064885,2025-50-101
302,2.357996906012202,2.171481998226106,2025-51-101
303,0.668994676571771,2.069447366139502,2025-52-101
556,0.9527110437459,-0.017337839389596876,2025-1-102
557,1.1212896306540874,0.41545612543282917,2025-2-102
558,0.0,0.7495781036668986,2025-3-102
559,2.877106089308921,0.28372123820075335,2025-4-102
560,1.0123349729623918,1.33160261236455,2025-5-102
561,0.0,1.2847099294229865,2025-6-102
562,0.0,0.6383522678986393,2025-7-102
563,0.0,0.13139246074997146,2025-8-102
564,1.0564324288384437,0.1750806139383987,2025-9-102
565,0.0,0.5383902635128723,2025-10-102
566,2.6507889448335225,0.09771971605050866,2025-11-102
567,0.0,1.1046523701992919,2025-12-102
568,1.235585651860536,0.6561709805914796,2025-13-102
569,0.0,0.8363380872475714,2025-14-102
570,0.0,0.4669904986272858,2025-15-102
571,0.0,0.3359752495285433,2025-16-102
572,0.0,0.1754464498603211,2025-17-102
573,0.0,0.06816892708114852,2025-18-102
574,2.9163248158962696,-0.13331687269279735,2025-19-102
575,1.4295989690171231,1.3139766459323516,2025-20-102
576,0.0,1.3672679576811866,2025-21-102
577,1.488008179166972,0.6569780060206747,2025-22-102
578,0.0,1.1745030709222752,2025-23-102
579,0.0,0.6550746218398222,2025-24-102
580,0.0,0.38212568273344794,2025-25-102
581,0.0,0.09800703914627795,2025-26-102
582,0.0,0.09326392310043208,2025-27-102
583,0.0,-0.039151130392230726,2025-28-102
584,0.0,0.06885484140299347,2025-29-102
585,1.64490217057889,0.05313625496852725,2025-30-102
586,0.5029342780811762,0.6039643011115612,2025-31-102
587,1.984406644813026,0.5416038217569522,2025-32-102
588,0.4474136064685306,1.1799705350873013,2025-33-102
589,1.5940959845747351,0.8000436152090293,2025-34-102
590,0.0,1.2575854202670795,2025-35-102
591,0.8840343942015642,0.6553662855065999,2025-36-102
592,1.7262558653050106,0.7058209955940871,2025-37-102
593,0.0,1.1307743271007467,2025-38-102
594,0.0,0.7378527996974419,2025-39-102
595,0.8195362625572855,0.38004001564421575,2025-40-102
596,1.6884305390252807,0.7249445491890449,2025-41-102
597,0.4367764729760637,1.049190644656002,2025-42-102
598,0.4447752589693775,0.7182511739832329,2025-43-102
599,0.3779513665174413,0.5668079464616718,2025-44-102
600,0.755917977074769,0.4213584842543907,2025-45-102
601,0.0,0.5965965960959277,2025-46-102
602,0.352410754765643,0.27472951169504745,2025-47-102
603,0.8633194868107443,0.17710488900984656,2025-48-102
604,1.151873160279168,0.3925702249411718,2025-49-102
605,0.0,0.6587617602535515,2025-50-102
606,0.0,0.31851146598492175,2025-51-102
607,0.0,0.1466286835222379,2025-52-102
860,1.6601442907391948,0.16797908764608693,2025-1-103
861,0.9769556489548916,0.7780219334245715,2025-2-103
862,1.8732659293424,1.0060554290434038,2025-3-103
863,1.3926603637882726,1.1812432699563167,2025-4-103
864,1.1760538876710214,1.2629693144087073,2025-5-103
865,0.6828871724863554,1.2379403026576847,2025-6-103
866,0.0,0.9538650097905296,2025-7-103
867,0.29403565064793,0.3942751860537531,2025-8-103
868,0.3068275214095928,0.2981711839122977,2025-9-103
869,0.4410756464259559,0.3695901482425936,2025-10-103
870,0.3849484181858317,0.233063605302672,2025-11-103
871,0.0,0.2564305230331665,2025-12-103
872,0.0,0.12200899158936329,2025-13-103
873,0.4234751687853588,0.07801357341108339,2025-14-103
874,1.4116193395722516,0.2236274230909926,2025-15-103
875,0.0,0.7354877216326057,2025-16-103
876,0.0,0.504551344813156,2025-17-103
877,0.0,0.22766369793034513,2025-18-103
878,0.0,-0.0009773520192786211,2025-19-103
879,0.0,0.28482236257817395,2025-20-103
880,0.0,-0.007693686039863534,2025-21-103
881,0.0,-0.05869230573697681,2025-22-103
882,0.5165497676602094,0.2156388909602931,2025-23-103
883,0.7179346242420305,0.1649168428267892,2025-24-103
884,1.2102629872600288,0.5097150042471833,2025-25-103
885,0.3161213889525061,0.8273499607855994,2025-26-103
886,0.2379851838346348,0.6606723004077033,2025-27-103
887,0.5829697023962614,0.41183700437343285,2025-28-103
888,1.0086563621190272,0.5994983032629544,2025-29-103
889,0.3185313475729891,0.7443840591777208,2025-30-103
890,0.2921777316927679,0.42254818167985264,2025-31-103
891,0.4323150287118431,0.2929739769364499,2025-32-103
892,0.2599262232034748,0.4858542355410551,2025-33-103
893,0.347287506563107,0.3815092525234913,2025-34-103
894,0.619447033178206,0.43697558231001654,2025-35-103
895,0.5135912507668794,0.48528959133279637,2025-36-103
896,0.3760862055387386,0.5485045244071707,2025-37-103
897,0.4842683425909793,0.5237019729829423,2025-38-103
898,0.3363061956058467,0.5424530961028786,2025-39-103
899,0.7141968735888692,0.5333004048013342,2025-40-103
900,0.3923776068199081,0.6870290183823846,2025-41-103
901,0.5075195420023774,0.43015423492236515,2025-42-103
902,0.0,0.44252076200474255,2025-43-103
903,0.1097929579008593,0.2842164238099596,2025-44-103
904,0.0,0.16513563861560487,2025-45-103
905,0.2008638916782771,-0.02884963834287646,2025-46-103
906,0.102375315500192,0.13553425786885576,2025-47-103
907,0.1253978696467362,0.09360619791781322,2025-48-103
908,0.3346229930107813,0.19324799722684005,2025-49-103
909,0.1926667188155293,0.35152975078037885,2025-50-103
910,0.0,0.23324620924488815,2025-51-103
911,0.1926767079128135,0.16053330144711797,2025-52-103
1164,0.0,1.4792313386395173,2025-1-104
1165,0.0,0.9344127903548813,2025-2-104
1166,0.0,0.5228900892529325,2025-3-104
1167,0.0,0.5437049147761045,2025-4-104
1168,0.0,0.33721375425829925,2025-5-104
1169,0.0,0.15760688732146744,2025-6-104
1170,0.0,0.13159844954849276,2025-7-104
1171,0.0,0.1268620772010639,2025-8-104
1172,0.0,0.06679270033818119,2025-9-104
1173,2.756695473542978,0.30902168745295855,2025-10-104
1174,2.405905739167072,1.1901372403506192,2025-11-104
1175,1.7882195685350784,1.7101702767378821,2025-12-104
1176,0.0,1.7462510164234222,2025-13-104
1177,0.0,1.121759897744272,2025-14-104
1178,0.0,0.6858378605012438,2025-15-104
1179,0.0,0.5499908637722054,2025-16-104
1180,3.151081013375162,0.2953264826542662,2025-17-104
1181,0.0,1.2947244932057183,2025-18-104
1182,0.0,0.6844752221974384,2025-19-104
1183,0.0,0.7159019543305033,2025-20-104
1184,0.0,0.4147539462311416,2025-21-104
1185,2.7012764163416043,0.2998057554140169,2025-22-104
1186,0.0,1.3572897244290196,2025-23-104
1187,2.2435491118158524,0.5950982314779367,2025-24-104
1188,0.0,1.2415924837255163,2025-25-104
1189,0.0,0.9894050954992281,2025-26-104
1190,0.0,0.577908486583845,2025-27-104
1191,0.0,0.184277099047788,2025-28-104
1192,0.0,0.32311140594231924,2025-29-104
1193,0.0,0.1881420758052249,2025-30-104
1194,0.0,-0.06640487996617295,2025-31-104
1195,0.0,-0.021196121989570882,2025-32-104
1196,0.0,0.19269113610911537,2025-33-104
1197,0.0,0.1853541569305045,2025-34-104
1198,0.0,0.04754724323159798,2025-35-104
1199,0.0,0.06587340097532213,2025-36-104
1200,0.0,0.022439130715080857,2025-37-104
1201,0.7566839401259398,0.05771902480435109,2025-38-104
1202,0.0,0.544326599642007,2025-39-104
1203,0.0,0.37907484518479406,2025-40-104
1204,0.0,0.16980576394358105,2025-41-104
1205,0.0,0.019163057110294757,2025-42-104
1206,0.0,0.08316491718726371,2025-43-104
1207,0.6862248608086069,-0.024219919295671577,2025-44-104
1208,1.3724871974208432,0.2599271493643387,2025-45-104
1209,0.0,0.5836506247583381,2025-46-104
1210,0.0,0.60789209973407,2025-47-104
1211,0.0,0.39066659733079034,2025-48-104
1212,0.0,0.2657079029049212,2025-49-104
1213,0.0,0.2892423233197544,2025-50-104
1214,0.0,0.19058364370627956,2025-51-104
1215,0.0,0.08359485508098574,2025-52-104
1468,0.0,0.11734510759454575,2025-1-105
1469,0.0,0.19952976584240445,2025-2-105
1470,0.0,0.3479410920767083,2025-3-105
1471,0.0,0.1657490239003847,2025-4-105
1472,0.0,0.12050359832280955,2025-5-105
1473,0.0,0.07539605207977162,2025-6-105
1474,0.0,0.09821188245466272,2025-7-105
1475,0.0,-0.033514456813922955,2025-8-105
1476,4.1717256643178935,0.05035872983692968,2025-9-105
1477,0.0,1.8816259391051542,2025-10-105
1478,0.0,1.1350652114193345,2025-11-105
1479,0.0,0.572361939881955,2025-12-105
1480,4.880260255059414,0.4651079305166044,2025-13-105
1481,0.0,2.4778867057852167,2025-14-105
1482,0.0,1.4117867399520228,2025-15-105
1483,0.0,0.6366904633899664,2025-16-105
1484,0.0,0.4955327127410545,2025-17-105
1485,0.0,0.5182936068326577,2025-18-105
1486,0.0,0.009679006724467643,2025-19-105
1487,0.0,0.10850374575182165,2025-20-105
1488,0.0,0.03655286584155326,2025-21-105
1489,0.0,0.047590445354280586,2025-22-105
1490,0.0,0.1662384598435801,2025-23-105
1491,0.0,-0.10104656387452104,2025-24-105
1492,0.0,0.0443721499133507,2025-25-105
1493,0.0,0.055294191862157005,2025-26-105
1494,0.0,0.10676182125373557,2025-27-105
1495,0.0,0.024452307751429814,2025-28-105
1496,0.0,0.10402468608629545,2025-29-105
1497,0.0,0.09686574044293739,2025-30-105
1498,0.0,0.05072154887004343,2025-31-105
1499,0.0,0.08547441503976072,2025-32-105
1500,0.0,0.0888261696471413,2025-33-105
1501,0.0,0.2000408998672477,2025-34-105
1502,0.0,0.13665384636931444,2025-35-105
1503,0.0,0.10391682058821416,2025-36-105
1504,0.0,0.10527279582145344,2025-37-105
1505,0.0,0.12945002456629795,2025-38-105
1506,0.0,0.23460108386809975,2025-39-105
1507,0.0,0.20915781943419176,2025-40-105
1508,0.0,0.26308787424129787,2025-41-105
1509,0.0,0.03898801047589351,2025-42-105
1510,0.0,0.1404609605523407,2025-43-105
1511,0.0,0.1489859943010342,2025-44-105
1512,0.0,0.09500142150384017,2025-45-105
1513,0.0,0.16955409149970424,2025-46-105
1514,0.0,0.08706960281091769,2025-47-105
1515,1.7081930500817546,0.10768996671072228,2025-48-105
1516,0.0,0.6523934726232131,2025-49-105
1517,0.0,0.34445253714082735,2025-50-105
1518,0.0,0.21000955709033653,2025-51-105
1519,0.0,0.18169586344784483,2025-52-105
1772,0.0,0.44777526607906293,2025-1-106
1773,0.634637256321219,0.3644125536349242,2025-2-106
1774,0.7301492705758831,0.5607386031385175,2025-3-106
1775,1.0856696239142003,0.6314287891858219,2025-4-106
1776,0.0,0.8097141929250975,2025-5-106
1777,0.0,0.42933421646690084,2025-6-106
1778,1.4477712364886242,0.2569265336138926,2025-7-106
1779,1.1462080927671972,0.7230345689794453,2025-8-106
1780,2.39220302805878,0.8419358771664954,2025-9-106
1781,1.719479705130899,1.5095715029662906,2025-10-106
1782,0.0,1.488457850836531,2025-11-106
1783,0.0,0.8798164813288756,2025-12-106
1784,0.0,0.46464635067463134,2025-13-106
1785,0.0,0.38642495959036316,2025-14-106
1786,0.0,0.13626944932698004,2025-15-106
1787,1.5577197263794942,0.03008759541460826,2025-16-106
1788,1.9657896191520832,0.7245218151001596,2025-17-106
1789,0.0,1.1748991124936492,2025-18-106
1790,0.0,0.5095587167024456,2025-19-106
1791,0.0,0.5773261874068855,2025-20-106
1792,0.0,0.2591076202279369,2025-21-106
1793,0.0,0.1804207607055719,2025-22-106
1794,0.0,0.17215010407250597,2025-23-106
1795,0.0,-0.17833263302506608,2025-24-106
1796,0.0,0.042684794660118985,2025-25-106
1797,0.0,0.03302602540858923,2025-26-106
1798,1.8562560694362744,-0.04933409474312889,2025-27-106
1799,0.0,0.6846221399154091,2025-28-106
1800,0.0,0.5351842162777849,2025-29-106
1801,0.0,0.2647706840404206,2025-30-106
1802,0.0,0.055529212803769656,2025-31-106
1803,0.0,0.1076480853663282,2025-32-106
1804,0.0,0.08988448347271283,2025-33-106
1805,0.9030824662895104,-0.05121520755927622,2025-34-106
1806,0.4832522640215755,0.5851310416691684,2025-35-106
1807,0.5008498682772273,0.5226353418542408,2025-36-106
1808,0.0,0.6105197272292482,2025-37-106
1809,0.0,0.5178595771360645,2025-38-106
1810,0.0,0.22965603133755608,2025-39-106
1811,0.0,0.24133978958980984,2025-40-106
1812,0.0,0.1958594614705319,2025-41-106
1813,0.4949986067647355,-0.1253628586768063,2025-42-106
1814,0.0,0.03220411694628722,2025-43-106
1815,0.0,-0.013268739438250465,2025-44-106
1816,0.0,0.03367187179524289,2025-45-106
1817,0.0,-0.20169950178849327,2025-46-106
1818,0.3994454422442953,0.04341330890435202,2025-47-106
1819,0.4892857591518111,0.20756114982212048,2025-48-106
1820,0.4352283141327807,0.3301508369505758,2025-49-106
1821,0.3758975714106082,0.343858742164852,2025-50-106
1822,0.0,0.3995352791018014,2025-51-106
1823,0.7518694242758142,0.2276462326229497,2025-52-106
2076,1.1765709475838468,1.0962307331773917,2025-1-107
2077,4.154413217592047,1.2761799744194176,2025-2-107
2078,0.0,2.6787494849234443,2025-3-107
2079,0.0,1.4937879059901553,2025-4-107
2080,0.0,0.6692047289259503,2025-5-107
2081,2.9042166923419312,0.5144058687435302,2025-6-107
2082,0.0,1.678302668331158,2025-7-107
2083,5.002218350816928,0.7834572564598761,2025-8-107
2084,5.219973105439558,2.2866747786282993,2025-9-107
2085,0.0,3.736302184056145,2025-10-107
2086,0.0,2.1922758435030945,2025-11-107
2087,2.4340094768729665,1.0645859006751683,2025-12-107
2088,0.0,1.749101171075404,2025-13-107
2089,3.602702324913394,1.1764200283961461,2025-14-107
2090,0.0,1.7261826497670654,2025-15-107
2091,0.0,1.139422535313991,2025-16-107
2092,0.0,0.8270924890590401,2025-17-107
2093,0.0,0.44874320057271744,2025-18-107
2094,0.0,0.24076791698014388,2025-19-107
2095,3.5331439144963346,0.4224493659552131,2025-20-107
2096,0.0,1.5544456859318778,2025-21-107
2097,0.0,0.9577079503806287,2025-22-107
2098,0.0,0.7760047586060277,2025-23-107
2099,0.0,0.37581002596077906,2025-24-107
2100,0.0,0.48126856314667554,2025-25-107
2101,2.690231803559981,0.1941548512592206,2025-26-107
2102,0.0,1.0559833662655014,2025-27-107
2103,0.0,0.6312825647235432,2025-28-107
2104,0.0,0.5531074012223068,2025-29-107
2105,0.0,0.458405927912922,2025-30-107
2106,0.0,0.24654558501007728,2025-31-107
2107,0.0,0.018523348419599017,2025-32-107
2108,0.0,0.13405696249015409,2025-33-107
2109,0.0,0.15318130175926414,2025-34-107
2110,0.0,0.2858538111874662,2025-35-107
2111,0.0,0.24551722835946377,2025-36-107
2112,0.0,0.1925237194549525,2025-37-107
2113,1.0306351526696576,0.20521104533930112,2025-38-107
2114,0.0,0.5963112149029902,2025-39-107
2115,0.0,0.5531001342838462,2025-40-107
2116,0.8351391453158644,0.41506548147519695,2025-41-107
2117,0.0,0.5568182993852263,2025-42-107
2118,0.0,0.4632276468432083,2025-43-107
2119,0.0,0.41351420273115125,2025-44-107
2120,0.0,0.06095907126564315,2025-45-107
2121,0.8551574054350628,0.12906263866027512,2025-46-107
2122,0.8717287035526282,0.4793359243272395,2025-47-107
2123,0.0,0.561801935472634,2025-48-107
2124,0.0,0.48670473757405575,2025-49-107
2125,0.0,0.3513791273686644,2025-50-107
2126,0.0,0.24804681928571137,2025-51-107
2127,4.922617510036539,0.18926001204262966,2025-52-107
2380,0.2418585040865095,0.08316274826663239,2025-1-108
2381,1.1386357637984867,0.21715691034379114,2025-2-108
2382,1.309981357620177,0.8473014759467121,2025-3-108
2383,0.0,0.8505249708609619,2025-4-108
2384,0.5140221514562857,0.4078354637856,2025-5-108
2385,0.5969500875432417,0.43143570578907875,2025-6-108
2386,0.0,0.5988303477398595,2025-7-108
2387,0.0,0.2538646460084528,2025-8-108
2388,0.5364468983145892,0.021401943294878656,2025-9-108
2389,0.771169704826469,0.2902957035976119,2025-10-108
2390,0.6730446456545429,0.4134094800747261,2025-11-108
2391,0.0,0.47797956610982695,2025-12-108
2392,0.0,0.2226006844639168,2025-13-108
2393,0.7404276707501001,0.18043830452630782,2025-14-108
2394,1.2340897514206983,0.433551603154844,2025-15-108
2395,0.0,0.7629256206423582,2025-16-108
2396,0.8815550011302316,0.4443362412797769,2025-17-108
2397,0.0,0.5237166792348285,2025-18-108
2398,0.0,0.2454255511419806,2025-19-108
2399,0.7260634321916103,0.35600098410944103,2025-20-108
2400,0.0,0.3737054385753452,2025-21-108
2401,0.7557520584293664,0.15456534569581393,2025-22-108
2402,0.0,0.545980135751508,2025-23-108
2403,0.0,0.10141438881891718,2025-24-108
2404,0.0,0.15949920919496396,2025-25-108
2405,0.5527922460731185,0.13045699900763152,2025-26-108
2406,0.4161620524145644,0.3552524277183947,2025-27-108
2407,0.0,0.28042595223695,2025-28-108
2408,0.0,0.16247313137845598,2025-29-108
2409,0.0,-0.024479445106615483,2025-30-108
2410,0.0,-0.08616117366297393,2025-31-108
2411,0.2520078948641993,0.002916802436588428,2025-32-108
2412,0.2272791880661445,0.13009780193165676,2025-33-108
2413,0.0,0.13488706153302166,2025-34-108
2414,0.2166619965391918,0.22451999680608448,2025-35-108
2415,0.0,0.11477623085058852,2025-36-108
2416,0.0,0.09906714509902026,2025-37-108
2417,0.6351984149753784,0.2278379627203042,2025-38-108
2418,0.1960560161456098,0.3644650584558252,2025-39-108
2419,0.0,0.35000845237401934,2025-40-108
2420,0.0,0.36996157615758474,2025-41-108
2421,0.2219079320615129,0.09833544726658883,2025-42-108
2422,0.2259754281193544,0.17113089377228408,2025-43-108
2423,0.0,0.33244833658912387,2025-44-108
2424,0.0,-0.00391177403974452,2025-45-108
2425,0.1756587959858069,0.07085329428514908,2025-46-108
2426,0.1790596661356562,0.23724814159126195,2025-47-108
2427,0.0,0.15393449984269592,2025-48-108
2428,0.1950949489436324,0.06508992091921151,2025-49-108
2429,0.0,0.1786799274020835,2025-50-108
2430,0.6144319738467828,0.13234674685713377,2025-51-108
2431,0.0,0.3258892076357732,2025-52-108
2684,1.6397336742388018,1.3732255447783082,2025-1-109
2685,1.2865140331050513,1.4001598970043625,2025-2-109
2686,0.7400036082603647,1.3343211709385374,2025-3-109
2687,1.1002290017187497,0.9906138381710414,2025-4-109
2688,0.0,0.940842789708907,2025-5-109
2689,2.697141915178607,0.4944137046361886,2025-6-109
2690,4.400442011188497,1.2661567275139567,2025-7-109
2691,1.1611860815126307,2.4177697367628115,2025-8-109
2692,3.6348868843126088,1.917622450364742,2025-9-109
2693,3.48330831762882,2.5051071361871786,2025-10-109
2694,0.0,2.8596339248122247,2025-11-109
2695,2.2592812062279584,1.6979070976607953,2025-12-109
2696,1.416786582257869,1.5081957532735224,2025-13-109
2697,1.671748257765839,1.515126294925746,2025-14-109
2698,0.0,1.4998443146716522,2025-15-109
2699,3.154016014868739,0.6844731461738003,2025-16-109
2700,0.0,1.710647374167834,2025-17-109
2701,2.089385978624572,1.0444914582898421,2025-18-109
2702,3.3428979094640514,1.0916540590327375,2025-19-109
2703,4.915850419914037,2.1959068613610624,2025-20-109
2704,2.387613352870464,3.3392619747793044,2025-21-109
2705,1.7053771096337726,2.7353060494709194,2025-22-109
2706,2.038060736657937,2.478847562785198,2025-23-109
2707,4.248686585232184,2.18629527122374,2025-24-109
2708,4.7745437880856425,3.0591352574509836,2025-25-109
2709,3.741113308139295,3.67121310963087,2025-26-109
2710,1.87749888097172,3.4675808222353623,2025-27-109
2711,3.8323805663058974,2.6217882617443644,2025-28-109
2712,1.5912970133965905,3.219778538104816,2025-29-109
2713,1.2562449740830703,2.53446948121809,2025-30-109
2714,0.0,1.6379170889253902,2025-31-109
2715,0.0,0.7434316163578314,2025-32-109
2716,0.5124655692362164,0.5191560453590813,2025-33-109
2717,0.9128862100259506,0.35020621260832185,2025-34-109
2718,1.4653734976005064,0.6240525349125554,2025-35-109
2719,0.5062029771078421,0.8555354954705243,2025-36-109
2720,1.4826158661975644,0.7152261328187994,2025-37-109
2721,0.0,1.0583226652250926,2025-38-109
2722,2.209394208492644,0.7200039281270889,2025-39-109
2723,2.3458512863118064,1.2967484035639343,2025-40-109
2724,1.159854322454521,1.9276340214554661,2025-41-109
2725,3.5002815656872937,1.419489562920464,2025-42-109
2726,3.0550216170998024,2.1135875569167695,2025-43-109
2727,3.028538457622421,2.6233118481390476,2025-44-109
2728,1.2979016585106662,2.6428445378386405,2025-45-109
2729,1.1871405072871812,1.8944830046060517,2025-46-109
2730,2.8234266228718963,1.6504355497298464,2025-47-109
2731,2.4701174292238,2.0225268297575094,2025-48-109
2732,1.7576248467531683,2.1797529910284137,2025-49-109
2733,2.6563215650264413,1.9222802806947143,2025-50-109
2734,2.7673460080518693,2.0396509293825122,2025-51-109
2735,0.0,2.3725358950291504,2025-52-109
2988,2.0914291090639145,5.6338756925055,2025-1-110
2989,2.4613264196700486,3.8828882004070913,2025-2-110
2990,3.3033828055535683,3.042685773351784,2025-3-110
2991,2.806491324046052,3.0217046120623072,2025-4-110
2992,2.9622574671357262,2.8771439690229945,2025-5-110
2993,3.43986674016513,2.5184717289907335,2025-6-110
2994,3.7414200244812346,2.662543375127502,2025-7-110
2995,1.4809038065825229,2.9702211759688035,2025-8-110
2996,5.408244590662777,2.2417781829979972,2025-9-110
2997,2.2211309519657667,3.455946642488095,2025-10-110
2998,4.845858815321903,2.8454937586698374,2025-11-110
2999,2.160881833794132,3.4469118123040894,2025-12-110
3000,1.8067477166764736,2.7311128032573935,2025-13-110
3001,0.0,2.3065104230590894,2025-14-110
3002,3.55291143692376,1.195421439306986,2025-15-110
3003,2.0109803669179853,2.1098553483737685,2025-16-110
3004,0.0,2.041646449227252,2025-17-110
3005,0.0,0.9660209168141174,2025-18-110
3006,1.0656581816288906,0.2539248155007596,2025-19-110
3007,2.089420411091745,0.948166669926727,2025-20-110
3008,1.5222152197516083,1.3656809069855624,2025-21-110
3009,1.0872417491118682,1.1706159586521054,2025-22-110
3010,1.2993209640976076,1.3283560358179922,2025-23-110
3011,3.6114897732545583,1.152569942559269,2025-24-110
3012,2.282862410941168,2.2824481485385784,2025-25-110
3013,0.0,2.297483833226419,2025-26-110
3014,2.3937706557106946,1.141689600281888,2025-27-110
3015,0.0,1.489263817727058,2025-28-110
3016,3.04319847905854,1.110642069001572,2025-29-110
3017,1.6016018860078265,1.6987024770817702,2025-30-110
3018,2.5707163431170583,1.417329751952988,2025-31-110
3019,2.5356116056682545,1.8973442881984273,2025-32-110
3020,4.246544541214965,2.151803021611439,2025-33-110
3021,2.90942228789247,2.944486843435678,2025-34-110
3022,3.113433983615552,2.9589715891027932,2025-35-110
3023,3.2264857669835254,2.819650832179925,2025-36-110
3024,3.779951004092181,2.9460088105678883,2025-37-110
3025,2.433444826363236,3.273273676281395,2025-38-110
3026,2.2530752153261617,2.7802898800387834,2025-39-110
3027,4.485353859279169,2.4794012407523254,2025-40-110
3028,2.217645711685516,3.2459880857097967,2025-41-110
3029,3.824248800916889,2.6387151453232445,2025-42-110
3030,2.596004650082734,2.9072712606503526,2025-43-110
3031,1.6543646307333113,2.6383954756943284,2025-44-110
3032,0.8271403631828568,2.1432035888549197,2025-45-110
3033,1.2609004396892034,1.3594512885783305,2025-46-110
3034,1.5422406142592564,1.2504057481321194,2025-47-110
3035,0.3148201456150223,1.2382560863608134,2025-48-110
3036,0.8400301390346772,0.6554086257397307,2025-49-110
3037,0.4836292161943491,0.5131283550372127,2025-50-110
3038,2.351227382813161,0.5146753399446555,2025-51-110
3039,2.9014814219727096,1.2531667678861962,2025-52-110
3292,0.0,0.48047959869058676,2025-1-111
3293,0.0,0.2122446332261605,2025-2-111
3294,0.6378035883893582,0.3038493585064318,2025-3-111
3295,0.0,0.15749608463558273,2025-4-111
3296,0.0,-0.05908727477326847,2025-5-111
3297,0.0,-0.06285344602291665,2025-6-111
3298,1.2644690155910128,0.03749078047671106,2025-7-111
3299,0.0,0.3446045601560961,2025-8-111
3300,0.0,0.2607869550981877,2025-9-111
3301,0.0,0.021698306698995973,2025-10-111
3302,0.0,-0.10648523201872018,2025-11-111
3303,0.0,-0.008278339306610372,2025-12-111
3304,0.0,-0.14735353866297518,2025-13-111
3305,0.0,0.027171084241860655,2025-14-111
3306,0.0,0.14318615882924712,2025-15-111
3307,0.0,0.11020970905594607,2025-16-111
3308,1.7162391836078663,0.07581191159398881,2025-17-111
3309,0.0,0.7113153310672804,2025-18-111
3310,0.0,0.24830415608568956,2025-19-111
3311,0.0,0.3122580555268877,2025-20-111
3312,0.0,0.1946025172088266,2025-21-111
3313,0.0,0.1728210660038988,2025-22-111
3314,0.0,0.28401860553619507,2025-23-111
3315,0.0,-0.19084604461434274,2025-24-111
3316,0.0,-0.061418387083162385,2025-25-111
3317,0.0,-0.029640017117834594,2025-26-111
3318,0.0,0.12925977465506433,2025-27-111
3319,0.0,0.05937010014233346,2025-28-111
3320,0.0,0.03296880476263464,2025-29-111
3321,0.0,0.04102313792058476,2025-30-111
3322,0.0,-0.11499142812065521,2025-31-111
3323,0.0,0.004028174032819631,2025-32-111
3324,0.0,-0.04679606430141248,2025-33-111
3325,0.393967076598821,-0.013786523186390731,2025-34-111
3326,0.0,0.1971677480747036,2025-35-111
3327,0.0,0.11666876570410578,2025-36-111
3328,0.0,-0.024812859957112687,2025-37-111
3329,0.0,0.13752365138954792,2025-38-111
3330,0.0,0.1640561199583983,2025-39-111
3331,0.0,0.19009656540535036,2025-40-111
3332,0.0,0.08381956537043644,2025-41-111
3333,0.4317566053429302,0.06206248773639467,2025-42-111
3334,0.0,0.14225920733154263,2025-43-111
3335,0.3736020524042719,0.28441783894813544,2025-44-111
3336,0.7472136518193269,0.17497947574960593,2025-45-111
3337,0.0,0.3951590302125817,2025-46-111
3338,0.3483476305563006,0.39270922686574494,2025-47-111
3339,0.0,0.20089598846335488,2025-48-111
3340,0.0,0.2889791250709881,2025-49-111
3341,0.0,0.14836710480734228,2025-50-111
3342,0.7968137235511968,0.006109048962901209,2025-51-111
3343,0.0,0.38997300101342813,2025-52-111
3596,0.0,1.1056565729130172,2025-1-112
3597,0.0,0.7701620617119749,2025-2-112
3598,0.0,0.8338399614643071,2025-3-112
3599,0.0,0.46180176768275805,2025-4-112
3600,0.0,0.3210592151188677,2025-5-112
3601,3.8019598198963886,0.18263935987041446,2025-6-112
3602,0.0,1.6906375927056128,2025-7-112
3603,0.0,1.188902197869543,2025-8-112
3604,0.0,0.7373095809222203,2025-9-112
3605,0.0,0.49447007353258354,2025-10-112
3606,0.0,0.38688073352218655,2025-11-112
3607,0.0,0.08730225113821444,2025-12-112
3608,0.0,-0.0010984204529005392,2025-13-112
3609,0.0,0.144550314507489,2025-14-112
3610,7.861830612873395,0.06981154236684128,2025-15-112
3611,0.0,3.3565547543889247,2025-16-112
3612,0.0,2.204497354117218,2025-17-112
3613,0.0,0.995862064339008,2025-18-112
3614,0.0,0.48142608969280065,2025-19-112
3615,0.0,0.9397182805369941,2025-20-112
3616,0.0,0.1210799401326822,2025-21-112
3617,4.81548204400725,-0.12225961066083602,2025-22-112
3618,0.0,2.2047281326188153,2025-23-112
3619,0.0,1.2035828054679434,2025-24-112
3620,0.0,0.6628207058131838,2025-25-112
3621,0.0,0.5191487137532584,2025-26-112
3622,0.0,0.3768329253124014,2025-27-112
3623,0.0,0.019502545901071366,2025-28-112
3624,0.0,0.02818498040117201,2025-29-112
3625,0.0,0.03539480740854706,2025-30-112
3626,0.0,0.012321995109991768,2025-31-112
3627,0.0,-0.11766228993573824,2025-32-112
3628,0.0,0.16145238877319334,2025-33-112
3629,0.0,0.18211060014488267,2025-34-112
3630,0.0,0.1383603143337453,2025-35-112
3631,0.0,0.24990289421568912,2025-36-112
3632,1.397514217266346,0.14863466720357266,2025-37-112
3633,0.0,0.7762573488046576,2025-38-112
3634,1.2497849318586496,0.5622270539415615,2025-39-112
3635,0.0,0.9352628662888637,2025-40-112
3636,0.0,0.608106011611524,2025-41-112
3637,0.0,0.43616413265532183,2025-42-112
3638,0.0,0.185306179885517,2025-43-112
3639,0.0,0.05233225000458819,2025-44-112
3640,2.448680600727681,0.08099987716722157,2025-45-112
3641,0.0,0.8004645447501819,2025-46-112
3642,0.0,0.4821424916596875,2025-47-112
3643,0.0,0.3157705084112734,2025-48-112
3644,0.0,0.22646949035331243,2025-49-112
3645,1.0744148056046838,0.2928761419439475,2025-50-112
3646,1.3059998358712364,0.6495881680678787,2025-51-112
3647,0.0,0.8162236852277185,2025-52-112
3900,2.778926407112824,0.7875037096586107,2025-1-113
3901,3.270711775704971,1.6377685920551845,2025-2-113
3902,0.0,2.304357897012244,2025-3-113
3903,0.7992971914831863,1.0493631471738665,2025-4-113
3904,0.843735893539309,0.8453141375920319,2025-5-113
3905,0.0,0.9056000204644118,2025-6-113
3906,2.131711544948698,0.4974150651170869,2025-7-113
3907,0.0,0.7598020945857409,2025-8-113
3908,0.0,0.4247372921033392,2025-9-113
3909,1.2658535188773503,0.26417639702437556,2025-10-113
3910,1.104788453688802,0.4833506141609537,2025-11-113
3911,0.0,0.8031146368081494,2025-12-113
3912,1.029968748802716,0.2922384768857841,2025-13-113
3913,0.0,0.46830004900737043,2025-14-113
3914,0.0,0.36072982352898664,2025-15-113
3915,2.2934090887619614,0.1868472140259222,2025-16-113
3916,0.0,1.0477041775783091,2025-17-113
3917,0.0,0.6349665708398406,2025-18-113
3918,0.0,0.10151028058228584,2025-19-113
3919,0.0,0.24599337630051132,2025-20-113
3920,0.0,0.16402694005172958,2025-21-113
3921,0.0,-0.09710077957930574,2025-22-113
3922,0.0,0.12272785383720208,2025-23-113
3923,0.0,-0.07929274198255554,2025-24-113
3924,0.0,0.04392281202814208,2025-25-113
3925,0.9074518059546436,0.0754380251184591,2025-26-113
3926,0.0,0.42274012437966957,2025-27-113
3927,0.557836238257466,0.15059818866324182,2025-28-113
3928,0.0,0.3399009406771544,2025-29-113
3929,0.457210791728264,0.1599353388241268,2025-30-113
3930,0.4193895004818067,0.1303195969253892,2025-31-113
3931,0.4137001331745459,0.1891901408543809,2025-32-113
3932,0.7462130223348536,0.2969027261905127,2025-33-113
3933,0.0,0.3633587936337378,2025-34-113
3934,0.3556797895803137,0.21934124254018694,2025-35-113
3935,0.3686283937735118,0.13856785215166367,2025-36-113
3936,0.3599179033374633,0.13678089755718337,2025-37-113
3937,0.0,0.3529449273432479,2025-38-113
3938,0.0,0.2516894480788253,2025-39-113
3939,0.0,0.07182946149664116,2025-40-113
3940,0.5632952388939845,0.04844169544966537,2025-41-113
3941,0.0,0.15139425732973144,2025-42-113
3942,0.7419605401457483,0.0034209285480211182,2025-43-113
3943,0.0,0.3979766737497419,2025-44-113
3944,0.3152623923967164,0.08843196782232254,2025-45-113
3945,1.7302771580739826,0.23811086653127755,2025-46-113
3946,0.0,0.8568595629990172,2025-47-113
3947,0.3600766622722313,0.43495343255799723,2025-48-113
3948,0.3202915445410281,0.2468214501760262,2025-49-113
3949,0.5532530067194679,0.24655688209182092,2025-50-113
3950,0.3362445732214809,0.38431810630608965,2025-51-113
3951,1.1065946273577671,0.2822913504724974,2025-52-113
4204,0.0,0.2007203284567266,2025-1-114
4205,0.6466029156165791,0.17898429666568483,2025-2-114
4206,0.0,0.7391318974972755,2025-3-114
4207,0.0,0.16790637985157753,2025-4-114
4208,0.0,0.08074321452627409,2025-5-114
4209,0.0,0.13552036282798785,2025-6-114
4210,1.475302632588209,0.15016512124825865,2025-7-114
4211,0.0,0.6766562163196128,2025-8-114
4212,0.0,0.5857975077075988,2025-9-114
4213,0.0,0.37357785629074103,2025-10-114
4214,0.0,0.15538545763580014,2025-11-114
4215,0.0,0.09737803225578257,2025-12-114
4216,0.0,0.023071130160096542,2025-13-114
4217,0.0,0.16562790109539716,2025-14-114
4218,0.0,0.12544134046695365,2025-15-114
4219,0.0,0.08531872713848843,2025-16-114
4220,0.0,0.17299367625617923,2025-17-114
4221,0.0,0.0647799920521952,2025-18-114
4222,0.0,-0.0764666236844107,2025-19-114
4223,0.0,0.22668217846447203,2025-20-114
4224,2.405344407816099,0.05934286134608846,2025-21-114
4225,0.0,0.9179260377371498,2025-22-114
4226,0.0,0.8174357475741407,2025-23-114
4227,0.0,0.21392626737107712,2025-24-114
4228,1.203059025925178,0.32310483496930864,2025-25-114
4229,0.0,0.8238050071151937,2025-26-114
4230,0.0,0.4237125799965553,2025-27-114
4231,0.0,0.12457183215390322,2025-28-114
4232,0.0,0.17205452173429192,2025-29-114
4233,0.6334484531557087,0.14731508923898762,2025-30-114
4234,0.0,0.16772630279677048,2025-31-114
4235,0.0,0.0608388140819367,2025-32-114
4236,0.0,0.05432425485996961,2025-33-114
4237,0.460526831903375,0.00830230958966327,2025-34-114
4238,0.0,0.3230195420236974,2025-35-114
4239,0.5108502560694234,0.0936172008584093,2025-36-114
4240,0.0,0.22377750675356967,2025-37-114
4241,0.0,0.22362908109180102,2025-38-114
4242,0.0,0.2109482550987517,2025-39-114
4243,0.4736969344697851,0.12269773622932478,2025-40-114
4244,0.0,0.4054212184305943,2025-41-114
4245,0.0,0.19433326151609687,2025-42-114
4246,0.0,0.021997024458125125,2025-43-114
4247,0.0,0.13643807836263366,2025-44-114
4248,0.0,-0.06942392266521868,2025-45-114
4249,0.3998089697027613,-0.0335245243652722,2025-46-114
4250,0.4075682693378251,0.17502366163836003,2025-47-114
4251,0.0,0.24615365890458618,2025-48-114
4252,0.0,0.14152980892703904,2025-49-114
4253,0.0,0.08577372994845311,2025-50-114
4254,0.0,0.047184020626799494,2025-51-114
4255,0.7672847732229292,0.1581867732517631,2025-52-114
4508,0.5533513705735907,-0.05385082893783433,2025-1-115
4509,0.6513270427615138,0.24432804332679203,2025-2-115
4510,0.7494006346933991,0.4544756568276932,2025-3-115
4511,0.0,0.3859433063431412,2025-4-115
4512,0.0,0.22588367041177937,2025-5-115
4513,0.0,0.12005281831255699,2025-6-115
4514,1.4863385853904432,0.07523591928652207,2025-7-115
4515,1.1768202365196934,0.5073597997744397,2025-8-115
4516,1.2281277535041055,0.763208867277867,2025-9-115
4517,0.0,0.9812745015661479,2025-10-115
4518,0.0,0.4662144585856127,2025-11-115
4519,1.1455417659491087,0.30348568869602577,2025-12-115
4520,0.0,0.5902832546682474,2025-13-115
4521,0.0,0.3151727512299145,2025-14-115
4522,0.0,0.0625471603942589,2025-15-115
4523,0.0,0.048720115306994494,2025-16-115
4524,0.0,0.1905304701605265,2025-17-115
4525,2.120716254111948,0.05466413959654948,2025-18-115
4526,0.0,0.7239519890785615,2025-19-115
4527,0.0,0.6587008374734564,2025-20-115
4528,0.0,0.24360943849468575,2025-21-115
4529,0.0,0.10469212855269594,2025-22-115
4530,0.0,0.3517004742838057,2025-23-115
4531,0.0,-0.060529716154862356,2025-24-115
4532,0.0,0.003508818863351415,2025-25-115
4533,0.0,0.04073514556002866,2025-26-115
4534,0.0,0.10846335234373461,2025-27-115
4535,0.0,-0.029786353606809923,2025-28-115
4536,0.0,0.08405576578162333,2025-29-115
4537,0.0,0.03514107239210107,2025-30-115
4538,0.0,-0.09244463373358203,2025-31-115
4539,0.5779995373482342,-0.0502776500396338,2025-32-115
4540,0.0,0.27390291410603296,2025-33-115
4541,0.0,0.07948747027359515,2025-34-115
4542,0.0,0.05251878100906349,2025-35-115
4543,0.0,-0.10105412256015067,2025-36-115
4544,0.0,-0.11536121397575361,2025-37-115
4545,0.0,0.0055145467745985055,2025-38-115
4546,0.0,0.08634366959481299,2025-39-115
4547,0.0,0.011028525962586633,2025-40-115
4548,0.0,-0.052816860283772415,2025-41-115
4549,0.0,-0.04808280511718954,2025-42-115
4550,0.0,-0.00582807682335873,2025-43-115
4551,0.0,0.1097767353508966,2025-44-115
4552,0.0,-0.027046120871883295,2025-45-115
4553,0.0,0.01616496836240522,2025-46-115
4554,0.0,0.1084338971377371,2025-47-115
4555,0.0,0.014415064325863813,2025-48-115
4556,0.0,0.059774148863025234,2025-49-115
4557,0.0,0.09741820431503923,2025-50-115
4558,0.0,0.0006183959167880282,2025-51-115
4559,0.0,0.006730774940757023,2025-52-115
4812,0.0,0.5720387187028273,2025-1-116
4813,0.0,0.4343726118984843,2025-2-116
4814,0.0,0.588461109142552,2025-3-116
4815,0.0,0.3884629520528432,2025-4-116
4816,0.0,0.12866981366518127,2025-5-116
4817,0.0,0.19542798199293065,2025-6-116
4818,0.0,0.27884345345771966,2025-7-116
4819,0.0,0.26799695830446824,2025-8-116
4820,0.0,0.14647511273203306,2025-9-116
4821,0.0,0.2773117400322339,2025-10-116
4822,0.0,0.19098685254569958,2025-11-116
4823,0.0,0.1626853738408065,2025-12-116
4824,0.0,0.17287023700926718,2025-13-116
4825,0.0,0.25463449096355306,2025-14-116
4826,0.0,0.1567611400767268,2025-15-116
4827,0.0,0.2583671043564769,2025-16-116
4828,0.0,0.32487960186042253,2025-17-116
4829,0.0,0.18136807326695237,2025-18-116
4830,0.0,0.031501312697436834,2025-19-116
4831,0.0,0.4203440665994851,2025-20-116
4832,0.0,0.24989276238800673,2025-21-116
4833,0.0,0.15412068209764118,2025-22-116
4834,0.0,0.5061232529597974,2025-23-116
4835,0.0,0.2651180251267299,2025-24-116
4836,0.0,0.2848489496251224,2025-25-116
4837,10.476197797384582,0.36160353965580505,2025-26-116
4838,0.0,4.461486305418534,2025-27-116
4839,0.0,2.7904363275624053,2025-28-116
4840,0.0,1.5729913495376264,2025-29-116
4841,0.0,1.0030198386245963,2025-30-116
4842,0.0,0.9432943600828894,2025-31-116
4843,0.0,0.188989212439735,2025-32-116
4844,0.0,0.020241022439948297,2025-33-116
4845,0.0,0.217195754294374,2025-34-116
4846,0.0,0.275638216991551,2025-35-116
4847,0.0,0.26098210580905146,2025-36-116
4848,0.0,0.26980954553263914,2025-37-116
4849,0.0,0.24108685909839678,2025-38-116
4850,0.0,0.33955636173119974,2025-39-116
4851,0.0,0.37216706006336253,2025-40-116
4852,0.0,0.4617133465659323,2025-41-116
4853,0.0,0.2615821468151873,2025-42-116
4854,0.0,0.26935718510543727,2025-43-116
4855,0.0,0.40186561169183044,2025-44-116
4856,0.0,0.2611093991700172,2025-45-116
4857,0.0,0.24870751639403654,2025-46-116
4858,0.0,0.48121890774067266,2025-47-116
4859,0.0,0.2664719134442003,2025-48-116
4860,0.0,0.20527239587080426,2025-49-116
4861,0.0,0.32860971608978096,2025-50-116
4862,0.0,0.26546613435699906,2025-51-116
4863,0.0,0.20786596892462417,2025-52-116
5116,0.0,0.229433141602156,2025-1-117
5117,0.0,0.20892004298517475,2025-2-117
5118,0.0,0.38172714539272934,2025-3-117
5119,0.0,0.11526808162261859,2025-4-117
5120,0.0,0.14226672063039192,2025-5-117
5121,0.0,0.08744561292953335,2025-6-117
5122,0.0,0.099764179728836,2025-7-117
5123,0.0,0.006852419158270839,2025-8-117
5124,0.0,0.0774202795000567,2025-9-117
5125,0.0,0.20861947166491757,2025-10-117
5126,0.0,0.09943114281224585,2025-11-117
5127,0.0,0.13240556917168067,2025-12-117
5128,0.0,0.13173089233130997,2025-13-117
5129,0.0,0.17920751770920518,2025-14-117
5130,0.0,0.18113059099021311,2025-15-117
5131,0.0,0.15079574459068634,2025-16-117
5132,0.0,0.17939829537873309,2025-17-117
5133,0.0,0.09574518537226262,2025-18-117
5134,0.0,0.043177223854901525,2025-19-117
5135,0.0,0.38356904473116626,2025-20-117
5136,0.0,0.09313896334657557,2025-21-117
5137,0.0,0.12481730793118673,2025-22-117
5138,0.0,0.12597127896148708,2025-23-117
5139,0.0,-0.07982956803012486,2025-24-117
5140,0.0,0.1966092091843895,2025-25-117
5141,0.0,0.08135497399149272,2025-26-117
5142,0.0,0.28064830633274485,2025-27-117
5143,0.0,0.09053932589321079,2025-28-117
5144,0.0,0.19710133416422349,2025-29-117
5145,0.0,0.16892590023680887,2025-30-117
5146,0.0,0.018559546027939522,2025-31-117
5147,0.0,0.08211584941995209,2025-32-117
5148,0.0,0.1859709744084136,2025-33-117
5149,0.0,0.20986982353483208,2025-34-117
5150,0.0,0.1373747224844174,2025-35-117
5151,0.0,0.25157649286885264,2025-36-117
5152,0.0,0.09293949835555737,2025-37-117
5153,0.0,0.15099637139973354,2025-38-117
5154,0.0,0.17854096217681226,2025-39-117
5155,0.0,0.1288124171999283,2025-40-117
5156,0.0,0.2468287243763283,2025-41-117
5157,0.0,0.028166411482717812,2025-42-117
5158,0.0,0.08422484338010583,2025-43-117
5159,0.0,0.21302041003174443,2025-44-117
5160,0.0,0.2313462887057437,2025-45-117
5161,0.0,0.11570327732121011,2025-46-117
5162,0.0,0.31197653211072063,2025-47-117
5163,0.0,0.16509600604286678,2025-48-117
5164,0.0,0.3279289295067701,2025-49-117
5165,0.0,0.26092901793927203,2025-50-117
5166,0.0,0.20165717511985792,2025-51-117
5167,0.0,0.15948726981556405,2025-52-117
5420,1.2797521506999323,0.7890509913252188,2025-1-118
5421,0.5020819613923595,0.9887796623855101,2025-2-118
5422,0.5776455747880854,0.8080293406816477,2025-3-118
5423,0.0,0.5125581782235701,2025-4-118
5424,1.813348303209725,0.2069365447560868,2025-5-118
5425,0.0,0.8169178601716709,2025-6-118
5426,0.0,0.4938221282003262,2025-7-118
5427,0.0,0.08053303660040045,2025-8-118
5428,0.9462856948333496,0.02778076875244695,2025-9-118
5429,0.0,0.542803123897049,2025-10-118
5430,1.1872781455950092,0.1540907817380579,2025-11-118
5431,0.0,0.4867432771032424,2025-12-118
5432,1.1068963012309971,0.279705891715917,2025-13-118
5433,0.0,0.6021334534515596,2025-14-118
5434,0.0,0.32030104184978203,2025-15-118
5435,1.2323916034829752,0.19909850128418727,2025-16-118
5436,0.0,0.6861799298078025,2025-17-118
5437,1.633083387572002,0.4262601890266816,2025-18-118
5438,2.6130650110102507,0.7004556645467335,2025-19-118
5439,0.0,1.6518131822152378,2025-20-118
5440,0.0,0.9289446107521754,2025-21-118
5441,0.0,0.3702069152567129,2025-22-118
5442,0.0,0.47046229630146597,2025-23-118
5443,0.0,0.15991444693716284,2025-24-118
5444,0.0,0.048069600244929234,2025-25-118
5445,0.9753678298520746,-0.031113674870084207,2025-26-118
5446,1.4686054727660158,0.45702344815090346,2025-27-118
5447,0.0,0.8069574350588278,2025-28-118
5448,0.622471852055808,0.603899720653851,2025-29-118
5449,0.4914499586340887,0.5617645103935687,2025-30-118
5450,0.9016019895620688,0.4115773594694673,2025-31-118
5451,0.0,0.5780489997916411,2025-32-118
5452,0.0,0.2851795975996163,2025-33-118
5453,0.0,0.08479000692373717,2025-34-118
5454,0.3823353236730243,0.11164931534064049,2025-35-118
5455,0.7925168321912427,0.07505380796341221,2025-36-118
5456,1.160697100759798,0.23245202958344302,2025-37-118
5457,1.1209583041576838,0.6606069044941658,2025-38-118
5458,1.0379766961111698,0.9479192541535019,2025-39-118
5459,0.0,0.9352125252003471,2025-40-118
5460,0.3027737309490397,0.4912882533513764,2025-41-118
5461,0.3916312722709649,0.3518159060802546,2025-42-118
5462,0.7976307166634415,0.3540266273596103,2025-43-118
5463,0.0,0.5954553880434065,2025-44-118
5464,0.0,0.19021133983844074,2025-45-118
5465,0.0,0.1383277366856881,2025-46-118
5466,0.6320666771467021,0.21384983775971922,2025-47-118
5467,0.3871135854843823,0.34197196800876906,2025-48-118
5468,0.0,0.3715480277136204,2025-49-118
5469,0.0,0.21271837096346957,2025-50-118
5470,0.0,0.07015065620104721,2025-51-118
5471,0.0,0.09251460438461756,2025-52-118
5724,0.0,0.46364582602299287,2025-1-119
5725,0.0,0.31131836352693576,2025-2-119
5726,0.3427765468922375,0.3574070274435802,2025-3-119
5727,0.0,0.2801664281469983,2025-4-119
5728,0.0,0.14244403647163528,2025-5-119
5729,1.2500488585634049,0.07815729167690844,2025-6-119
5730,0.0,0.5986524237599433,2025-7-119
5731,0.5383800134359902,0.3151727053328027,2025-8-119
5732,0.0,0.43600657374196106,2025-9-119
5733,0.0,0.40695808826303315,2025-10-119
5734,0.0,0.22432004897136426,2025-11-119
5735,0.5241494758491416,0.17389537048986503,2025-12-119
5736,0.0,0.32739305677518216,2025-13-119
5737,0.0,0.24489788780732746,2025-14-119
5738,0.0,0.19812629070042642,2025-15-119
5739,1.4645574158141554,0.1485279300932043,2025-16-119
5740,2.7726214763131813,0.8200477895032612,2025-17-119
5741,1.9411315223497128,1.6259824636488585,2025-18-119
5742,3.882856085500409,1.6523713671188496,2025-19-119
5743,3.807303126717132,2.7970668056155406,2025-20-119
5744,1.1097263874178953,3.094544148745573,2025-21-119
5745,0.0,2.2798649556116892,2025-22-119
5746,0.9476167995866523,1.2889474765874298,2025-23-119
5747,1.3172278759175775,0.8831256268470674,2025-24-119
5748,2.22080894434779,1.1136976671045624,2025-25-119
5749,0.0,1.2417273652035226,2025-26-119
5750,0.4368091372500902,0.6717688616314279,2025-27-119
5751,0.3567149863326294,0.4691527774362205,2025-28-119
5752,0.3703605189942329,0.5304645079539614,2025-29-119
5753,0.8773032218298762,0.5591845801905205,2025-30-119
5754,0.2682737829694315,0.44001070867868586,2025-31-119
5755,0.7939922772009014,0.39514218513665633,2025-32-119
5756,0.0,0.6498011181719892,2025-33-119
5757,0.0,0.33781745161080556,2025-34-119
5758,0.2276221922682905,0.36636295551247056,2025-35-119
5759,0.0,0.27647340406286547,2025-36-119
5760,0.2303860780529085,0.16690113045745314,2025-37-119
5761,0.0,0.3197455781316655,2025-38-119
5762,0.0,0.17843392115379053,2025-39-119
5763,0.4376745037922622,0.212547789026984,2025-40-119
5764,0.1803655560218041,0.4192034757424089,2025-41-119
5765,0.0,0.2320686897533104,2025-42-119
5766,0.0,0.32902999202920824,2025-43-119
5767,0.4039041661660163,0.1900585046294493,2025-44-119
5768,0.4039656379457506,0.4143870080976151,2025-45-119
5769,0.0,0.554416265982481,2025-46-119
5770,0.1883794695117875,0.2315302754085422,2025-47-119
5771,0.2307720963882367,0.24766976252823547,2025-48-119
5772,0.0,0.20466991176755844,2025-49-119
5773,0.1773288843896816,0.12152163522754589,2025-50-119
5774,0.0,0.29062764777196104,2025-51-119
5775,0.0,0.1377679830934011,2025-52-119
6028,0.0,0.24176253429644468,2025-1-120
6029,0.0,0.18897125026697947,2025-2-120
6030,0.0,0.1700468788465025,2025-3-120
6031,0.0,0.11629418723023943,2025-4-120
6032,0.0,0.0521838437549027,2025-5-120
6033,0.0,0.048386186051674995,2025-6-120
6034,0.0,0.07799408339398228,2025-7-120
6035,5.338286323693333,0.01642701479494124,2025-8-120
6036,0.0,2.217090981334726,2025-9-120
6037,0.0,1.5204999684859175,2025-10-120
6038,0.0,0.6206643731118351,2025-11-120
6039,0.0,0.4136696852700418,2025-12-120
6040,0.0,0.5128832011968822,2025-13-120
6041,0.0,0.20854479405955106,2025-14-120
6042,0.0,-0.021233234714190807,2025-15-120
6043,0.0,0.12286034249603806,2025-16-120
6044,0.0,0.23764009104042283,2025-17-120
6045,0.0,0.14160582702510582,2025-18-120
6046,0.0,-0.0013184873084359783,2025-19-120
6047,0.0,0.2710999629000257,2025-20-120
6048,0.0,0.09834852069449418,2025-21-120
6049,0.0,0.09525695489660913,2025-22-120
6050,0.0,0.28188996931110144,2025-23-120
6051,0.0,-0.005513990656613288,2025-24-120
6052,0.0,0.1870311350462912,2025-25-120
6053,0.0,0.16157384450028223,2025-26-120
6054,0.0,0.13707382660657486,2025-27-120
6055,0.0,0.09437936119840584,2025-28-120
6056,0.0,0.17599572986056244,2025-29-120
6057,0.0,0.10469935911874617,2025-30-120
6058,0.0,0.019756301576999702,2025-31-120
6059,0.0,0.0622907237420709,2025-32-120
6060,0.0,0.14637899316648628,2025-33-120
6061,0.0,0.09209445295998642,2025-34-120
6062,0.0,0.3125120063393291,2025-35-120
6063,0.0,0.15308553372620115,2025-36-120
6064,0.0,0.246584451385908,2025-37-120
6065,0.0,0.3154385600248487,2025-38-120
6066,0.0,0.157577471367779,2025-39-120
6067,0.0,0.26910548771588205,2025-40-120
6068,0.0,0.2958345501510904,2025-41-120
6069,0.0,0.06998100429073473,2025-42-120
6070,0.0,0.13500516639320692,2025-43-120
6071,0.0,0.13540931749185925,2025-44-120
6072,0.0,0.2074074790763918,2025-45-120
6073,0.0,0.1352663787998276,2025-46-120
6074,0.0,0.32924167553009676,2025-47-120
6075,0.0,0.2649583734520059,2025-48-120
6076,0.0,0.2568109390982719,2025-49-120
6077,0.0,0.22132875991395373,2025-50-120
6078,0.0,0.04015171745162793,2025-51-120
6079,0.0,0.12827821025960295,2025-52-120
6332,0.7251059497216249,0.9970669931338402,2025-1-201
6333,1.706720310793157,0.9291109827898411,2025-2-201
6334,0.701216380022457,1.3223804473526763,2025-3-201
6335,0.4170227205296558,0.8864868319638393,2025-4-201
6336,0.8803464859131047,0.6080930817305978,2025-5-201
6337,1.5334461568414368,0.6978674773056264,2025-6-201
6338,0.555964350976516,1.0559801462837228,2025-7-201
6339,0.2200605262884795,0.7065719994715373,2025-8-201
6340,0.4592386074524118,0.45760926829479154,2025-9-201
6341,1.320258849647563,0.5614792569060828,2025-10-201
6342,1.152180407904391,0.8110549104832669,2025-11-201
6343,0.642237372801866,0.9270934933660373,2025-12-201
6344,1.6109725379979647,0.6831035539040553,2025-13-201
6345,1.5840604892214436,1.0382256721181105,2025-14-201
6346,0.5279993333803387,1.32455748680377,2025-15-201
6347,1.4942788004240164,1.0406783661012868,2025-16-201
6348,0.7542252733997606,1.257114018510622,2025-17-201
6349,2.3757159558058407,1.1122721245229887,2025-18-201
6350,3.800995722324959,1.5109798680881281,2025-19-201
6351,1.242106521903338,2.6137375712422335,2025-20-201
6352,2.2623191865296195,2.0336920487775307,2025-21-201
6353,0.6463514543102418,2.0301677694624654,2025-22-201
6354,1.931095991326342,1.7646332448399564,2025-23-201
6355,1.341895237327141,1.6610985539792442,2025-24-201
6356,1.3571777695955536,1.4561302825994145,2025-25-201
6357,0.4726303780079822,1.403123984624112,2025-26-201
6358,1.4231446896759916,0.9820769650678196,2025-27-201
6359,1.016724321916204,1.0215422255002677,2025-28-201
6360,0.3015469677842665,1.0972088391177053,2025-29-201
6361,1.428323154761678,0.6454013624140914,2025-30-201
6362,0.5458602629409585,0.7147642331071364,2025-31-201
6363,0.6460944403527764,0.732787834132636,2025-32-201
6364,1.5537354720922023,0.7895602680433556,2025-33-201
6365,1.5568570450926311,1.0229669782591695,2025-34-201
6366,1.0181376975374303,1.5292105942651575,2025-35-201
6367,1.1510385556939289,1.178972163119534,2025-36-201
6368,1.123750093716151,1.2162040100413702,2025-37-201
6369,1.0851781258386148,1.280169821143033,2025-38-201
6370,1.4234020564716474,1.3452358659320804,2025-39-201
6371,0.8001024880261267,1.2957207376519553,2025-40-201
6372,0.6593173707498176,1.2437065494763653,2025-41-201
6373,0.5684904703361962,0.8423554884422588,2025-42-201
6374,1.3506886525185036,0.7439587560501479,2025-43-201
6375,1.3116452629878732,0.8838732164347536,2025-44-201
6376,1.1476437871961,0.9636628445807891,2025-45-201
6377,0.4498708404280223,1.0241823910145047,2025-46-201
6378,0.9935156797974576,0.6947258613832126,2025-47-201
6379,0.6552329483758137,0.90675655412042,2025-48-201
6380,1.4153452457223843,0.7225960778239451,2025-49-201
6381,1.1503951798460832,0.8722297059508974,2025-50-201
6382,1.136049394171809,0.9999189285829726,2025-51-201
6383,0.8627275992383646,1.0186793122608788,2025-52-201
6636,0.3670097343415845,0.38197487951812814,2025-1-202
6637,0.0,0.7194273045937538,2025-2-202
6638,0.0,0.6530123822382988,2025-3-202
6639,0.0,0.32209450270129125,2025-4-202
6640,0.0,0.05193592835774363,2025-5-202
6641,0.0,-0.029455427695288083,2025-6-202
6642,0.9850295711439272,-0.002413861337458023,2025-7-202
6643,0.7798016534378249,0.43934143986579377,2025-8-202
6644,0.0,0.6049022895759455,2025-9-202
6645,0.0,0.43758168875449843,2025-10-202
6646,0.0,0.10747400990016676,2025-11-202
6647,0.0,0.16241089675588138,2025-12-202
6648,0.0,0.060186227205354825,2025-13-202
6649,0.0,0.14040111480350892,2025-14-202
6650,0.0,0.16156137299134243,2025-15-202
6651,0.0,0.1410583022508325,2025-16-202
6652,0.0,0.23701060515507688,2025-17-202
6653,0.0,0.13118496251437228,2025-18-202
6654,1.1227020473909337,0.07934718209466585,2025-19-202
6655,0.0,0.8912769829729613,2025-20-202
6656,1.6038049998796735,0.47289344622554885,2025-21-202
6657,0.0,0.8258237757262679,2025-22-202
6658,0.0,0.6630787342253677,2025-23-202
6659,0.9513607732736084,0.264462092495345,2025-24-202
6660,2.4055424120890034,0.6752274771063902,2025-25-202
6661,0.0,1.5134515864250149,2025-26-202
6662,0.0,0.8288931624189549,2025-27-202
6663,1.0298410352594056,0.30956173365855943,2025-28-202
6664,0.5345268655619438,0.6907685456420458,2025-29-202
6665,0.4219872599559794,0.6346287403987868,2025-30-202
6666,0.0,0.21173453832177258,2025-31-202
6667,0.3817841880098317,0.03279951283992433,2025-32-202
6668,0.3443022147880427,0.4333890761991568,2025-33-202
6669,0.0,0.5025248994575533,2025-34-202
6670,0.3281826458408844,0.3085064689274839,2025-35-202
6671,0.0,0.44260869244878,2025-36-202
6672,0.0,0.27152428218428615,2025-37-202
6673,0.0,0.07124400465973846,2025-38-202
6674,0.5938114076470534,0.1042460452856897,2025-39-202
6675,0.0,0.24467850764220211,2025-40-202
6676,0.0,0.04770203763523262,2025-41-202
6677,0.0,-0.033996798040965226,2025-42-202
6678,0.0,-0.06534097728678412,2025-43-202
6679,0.290725985023941,0.1658272614137647,2025-44-202
6680,0.0,0.1040543123834412,2025-45-202
6681,0.2659151257409773,0.08264516981615744,2025-46-202
6682,0.5420973920962534,0.3828769099423118,2025-47-202
6683,0.3319885731300529,0.41239740302660755,2025-48-202
6684,0.0,0.43305193991994284,2025-49-202
6685,0.0,0.2704618195347487,2025-50-202
6686,0.0,0.1680425526029261,2025-51-202
6687,0.0,0.22503991101537613,2025-52-202
6940,0.0,0.509818393684043,2025-1-203
6941,0.9875103060156958,0.42989084326164917,2025-2-203
6942,0.0,0.8335284324070495,2025-3-203
6943,0.8445520458213953,0.22912523512377858,2025-4-203
6944,3.5658249259404817,0.5183779471553038,2025-5-203
6945,0.0,1.7695686751558997,2025-6-203
6946,1.126011154615421,1.06890822196637,2025-7-203
6947,0.0,0.818421686794422,2025-8-203
6948,0.0,0.5412901839887652,2025-9-203
6949,0.0,0.48962081267837754,2025-10-203
6950,1.1668766038438734,0.027701619813820466,2025-11-203
6951,0.8672582190210432,0.47258701617856,2025-12-203
6952,2.1754577444794623,0.5768473285622346,2025-13-203
6953,1.2834979795016614,1.166309825705295,2025-14-203
6954,0.0,1.24803771888233,2025-15-203
6955,0.0,0.7808666674142597,2025-16-203
6956,1.527894930073974,0.5355265163616701,2025-17-203
6957,0.0,0.9516428735460978,2025-18-203
6958,0.0,0.3942314321456474,2025-19-203
6959,0.0,0.3237211418563253,2025-20-203
6960,0.0,0.171878758821553,2025-21-203
6961,0.0,0.1164807682035951,2025-22-203
6962,0.0,0.3262847682416703,2025-23-203
6963,0.0,-0.07372102605224651,2025-24-203
6964,0.0,0.09126878611015732,2025-25-203
6965,0.957636794759328,0.03723961457451663,2025-26-203
6966,0.0,0.2314327838216993,2025-27-203
6967,0.0,0.1193272418614012,2025-28-203
6968,0.0,0.10735911477900739,2025-29-203
6969,0.4823850925155181,0.016902193430841983,2025-30-203
6970,0.0,0.12211136526747168,2025-31-203
6971,0.0,0.04875731086059365,2025-32-203
6972,0.787164204922153,0.23558186771956202,2025-33-203
6973,0.0,0.4709437105547707,2025-34-203
6974,0.3751559115183498,0.5491899594579412,2025-35-203
6975,0.0,0.47432304976167283,2025-36-203
6976,0.0,0.18306412600355504,2025-37-203
6977,0.0,0.25269265603872837,2025-38-203
6978,0.339403281340949,0.25978780842590454,2025-39-203
6979,0.0,0.3339059670096346,2025-40-203
6980,0.0,0.21974020162828412,2025-41-203
6981,0.0,0.08307336888759032,2025-42-203
6982,0.0,-0.10102345650349531,2025-43-203
6983,0.0,-0.12925357402799187,2025-44-203
6984,0.0,-0.08790804092213467,2025-45-203
6985,0.0,-0.16214400203013835,2025-46-203
6986,0.0,-0.18880313315804353,2025-47-203
6987,0.3795103138828709,0.012479854280311065,2025-48-203
6988,0.0,0.007682911892880284,2025-49-203
6989,0.0,0.007957197442923336,2025-50-203
6990,0.0,0.07533806097998419,2025-51-203
6991,0.0,0.031184149225181867,2025-52-203
7244,0.0,2.2214441283662194,2025-1-204
7245,0.0,1.612154406275831,2025-2-204
7246,0.0,0.9754703675426003,2025-3-204
7247,0.0,0.48764530947601814,2025-4-204
7248,0.0,0.5319082553586815,2025-5-204
7249,0.0,0.21500290264307442,2025-6-204
7250,0.0,0.014965279936605125,2025-7-204
7251,0.0,0.008663020875032235,2025-8-204
7252,0.0,0.04891127494091707,2025-9-204
7253,0.0,0.23019881071353965,2025-10-204
7254,0.0,0.106360707138069,2025-11-204
7255,0.0,0.08190319737414331,2025-12-204
7256,0.0,0.10359950904661896,2025-13-204
7257,0.0,0.1840447210543319,2025-14-204
7258,0.0,0.07616459661930386,2025-15-204
7259,0.0,0.19724880360398667,2025-16-204
7260,0.0,0.2930147803250104,2025-17-204
7261,0.0,0.16813423144830364,2025-18-204
7262,0.0,0.08399132624575456,2025-19-204
7263,0.0,0.43230177003943593,2025-20-204
7264,19.662427111228475,0.25456843135001206,2025-21-204
7265,0.0,8.125236276429039,2025-22-204
7266,16.78515318622945,5.4793841508155126,2025-23-204
7267,0.0,9.298169600046197,2025-24-204
7268,0.0,6.016547929045037,2025-25-204
7269,0.0,3.8498315654352666,2025-26-204
7270,0.0,1.5101626628592002,2025-27-204
7271,0.0,0.9098703484866006,2025-28-204
7272,0.0,0.25841201222786203,2025-29-204
7273,0.0,-0.2616355912322561,2025-30-204
7274,0.0,-0.1868680587388185,2025-31-204
7275,4.681747468590109,0.010938841174631397,2025-32-204
7276,0.0,2.1480700571499414,2025-33-204
7277,0.0,1.3721064807376198,2025-34-204
7278,0.0,0.8016967711728883,2025-35-204
7279,0.0,0.5866692245395876,2025-36-204
7280,4.072368203948691,0.5863426763277138,2025-37-204
7281,0.0,1.7958088049984726,2025-38-204
7282,0.0,1.0939684321542935,2025-39-204
7283,0.0,0.6524593753371752,2025-40-204
7284,0.0,0.3500361316424122,2025-41-204
7285,0.0,0.3231634503050118,2025-42-204
7286,0.0,0.002795392147650899,2025-43-204
7287,0.0,-0.0982551206110851,2025-44-204
7288,0.0,-0.06312626304175639,2025-45-204
7289,0.0,-0.013668055033918991,2025-46-204
7290,0.0,0.11941991860652845,2025-47-204
7291,0.0,0.1298357605271806,2025-48-204
7292,0.0,0.11092036720891729,2025-49-204
7293,0.0,0.22799428058469817,2025-50-204
7294,11.407749258372576,0.21175196978012545,2025-51-204
7295,0.0,4.77725740652874,2025-52-204
7548,1.1108354389105508,2.127649235010604,2025-1-205
7549,5.229458372650904,1.682576755319104,2025-2-205
7550,1.50404400138039,3.0733179071922225,2025-3-205
7551,0.0,2.368682327739405,2025-4-205
7552,0.0,1.2310721049366857,2025-5-205
7553,2.741220932453821,0.6594341634765291,2025-6-205
7554,0.0,1.5913017552969593,2025-7-205
7555,0.0,0.7137945774225145,2025-8-205
7556,0.0,0.1466141434368401,2025-9-205
7557,0.0,0.21472095857628282,2025-10-205
7558,0.0,0.21596692853972854,2025-11-205
7559,0.0,0.0229352776474101,2025-12-205
7560,0.0,-0.08382248991856289,2025-13-205
7561,0.0,0.058311381764957204,2025-14-205
7562,0.0,-0.020024235499261023,2025-15-205
7563,0.0,0.14645962127072676,2025-16-205
7564,4.0464531405349415,0.2134348332955931,2025-17-205
7565,8.497530412446423,1.7207497675730918,2025-18-205
7566,6.79800738727808,4.348982591687205,2025-19-205
7567,3.332348258853155,5.603888445077748,2025-20-205
7568,4.855695365930865,4.430583517404575,2025-21-205
7569,3.468345193880262,4.47542693507094,2025-22-205
7570,0.0,4.5482830253810675,2025-23-205
7571,0.0,2.237509497010408,2025-24-205
7572,0.0,0.9879461127732126,2025-25-205
7573,0.0,0.6329752835241889,2025-26-205
7574,1.909517258602568,0.20780652401429922,2025-27-205
7575,0.0,0.5759619579393005,2025-28-205
7576,1.6185404075075114,0.5477423264864413,2025-29-205
7577,1.277793956514044,0.9914829339065747,2025-30-205
7578,1.1720444804984111,0.9809652841806232,2025-31-205
7579,0.0,1.045045055659128,2025-32-205
7580,0.0,0.7339566641509949,2025-33-205
7581,0.0,0.4195058851012672,2025-34-205
7582,0.9938354606663148,0.35970305165216976,2025-35-205
7583,3.089922133978802,0.6796265330218478,2025-36-205
7584,0.0,1.5924221963959266,2025-37-205
7585,0.0,0.9135463644842887,2025-38-205
7586,1.7983627335463843,0.5031969804113631,2025-39-205
7587,2.864243798192348,1.061400929897668,2025-40-205
7588,0.7867823414804079,1.9529321541232785,2025-41-205
7589,2.0352675391759587,1.1887063898024617,2025-42-205
7590,2.0724962598822447,1.3451922517266557,2025-43-205
7591,0.0,1.795804369902775,2025-44-205
7592,0.8805409376777101,1.0146211369906386,2025-45-205
7593,0.8054230087397384,0.8328502461195045,2025-46-205
7594,0.0,0.8093078188005512,2025-47-205
7595,1.0055855779392748,0.4618213437421469,2025-48-205
7596,0.8944411401425693,0.5525740493035463,2025-49-205
7597,0.0,0.7771940361009051,2025-50-205
7598,1.877829001334788,0.4787063945565567,2025-51-205
7599,1.5449398059921997,0.9454265848895881,2025-52-205
7852,0.0,-0.0789827723452039,2025-1-206
7853,0.7931113991973412,0.029120182190849553,2025-2-206
7854,0.912431143557604,0.3790094853130417,2025-3-206
7855,1.3566441645010112,0.39656010162894817,2025-4-206
7856,0.0,0.8050334985312607,2025-5-206
7857,0.0,0.5012545764086023,2025-6-206
7858,0.0,0.2936413361174667,2025-7-206
7859,0.0,0.05056316212645906,2025-8-206
7860,1.4942919160663626,0.0259567353111243,2025-9-206
7861,2.148049566900148,0.632582751364408,2025-10-206
7862,0.0,1.1090589545429752,2025-11-206
7863,0.0,0.6852287639536141,2025-12-206
7864,0.0,0.3023860345642415,2025-13-206
7865,2.06214653519856,0.2532124143615989,2025-14-206
7866,0.0,1.0213599502608823,2025-15-206
7867,0.0,0.5167090038487226,2025-16-206
7868,0.0,0.29066101265446853,2025-17-206
7869,0.0,0.18994923039591793,2025-18-206
7870,0.0,0.060844643568711554,2025-19-206
7871,2.0217401313552945,0.18232545717795834,2025-20-206
7872,0.0,0.829291818585568,2025-21-206
7873,0.0,0.41491217001549574,2025-22-206
7874,0.0,0.4367552971575055,2025-23-206
7875,0.0,0.19058718509668005,2025-24-206
7876,0.0,0.30112216829123684,2025-25-206
7877,1.538957686272093,0.14584626720427118,2025-26-206
7878,1.1585427733937927,0.6449892868308442,2025-27-206
7879,0.0,0.7748263119017148,2025-28-206
7880,0.982005323870609,0.5548213145865474,2025-29-206
7881,0.0,0.6909501948305716,2025-30-206
7882,0.7111090419803288,0.2873461749973987,2025-31-206
7883,0.0,0.3842000280484027,2025-32-206
7884,0.0,0.29196890986640667,2025-33-206
7885,0.0,0.20804052094583325,2025-34-206
7886,0.0,0.22499654311188577,2025-35-206
7887,0.0,0.16607396941701025,2025-36-206
7888,1.220255228024521,0.10963488522809262,2025-37-206
7889,0.5892096721891916,0.5479857777679371,2025-38-206
7890,0.0,0.6940138718301598,2025-39-206
7891,0.0,0.4018257380661229,2025-40-206
7892,1.432112084557577,0.22604843040145794,2025-41-206
7893,0.0,0.7166581636776073,2025-42-206
7894,0.0,0.36963189411509356,2025-43-206
7895,0.0,0.04443407583591119,2025-44-206
7896,0.5342620364504479,-0.05878362540910942,2025-45-206
7897,0.0,0.23733122799832662,2025-46-206
7898,0.0,0.19600257004998756,2025-47-206
7899,0.6101357988184174,0.10945960946948308,2025-48-206
7900,0.0,0.23759814305792992,2025-49-206
7901,0.0,0.20370604729995767,2025-50-206
7902,0.0,0.07145742924882015,2025-51-206
7903,0.0,0.01940244713712236,2025-52-206
8156,1.5893208718542584,0.5552891559491777,2025-1-207
8157,1.8704626717384407,0.915307675587636,2025-2-207
8158,0.0,1.3290089063407509,2025-3-207
8159,0.0,0.6580719332008491,2025-4-207
8160,0.0,0.3698583935706975,2025-5-207
8161,0.0,0.2680047380655095,2025-6-207
8162,0.0,0.09758251956132036,2025-7-207
8163,0.0,-0.1704958994595367,2025-8-207
8164,0.0,-0.11662207856779183,2025-9-207
8165,0.0,0.037491014266657574,2025-10-207
8166,0.0,-0.07077933501179334,2025-11-207
8167,0.0,-0.03865400277636355,2025-12-207
8168,2.060125745767244,-0.049467516514285936,2025-13-207
8169,2.4308890963113887,0.8572606362312924,2025-14-207
8170,0.0,1.4762920545290115,2025-15-207
8171,0.0,0.9231441019116298,2025-16-207
8172,0.0,0.5942413873810807,2025-17-207
8173,0.0,0.40016115621590187,2025-18-207
8174,0.0,0.10209157038965444,2025-19-207
8175,0.0,0.1174945701762602,2025-20-207
8176,3.472106460155275,0.007838592114063347,2025-21-207
8177,0.0,1.3753738787842318,2025-22-207
8178,0.0,1.196002231272854,2025-23-207
8179,0.0,0.4986831233286535,2025-24-207
8180,0.0,0.47567433328911823,2025-25-207
8181,0.0,0.4600156944903925,2025-26-207
8182,1.36523892464909,0.15661303333706655,2025-27-207
8183,0.0,0.43211368476150347,2025-28-207
8184,0.0,0.4844252430889546,2025-29-207
8185,0.0,0.21423084124690517,2025-30-207
8186,0.0,-0.02666326985761369,2025-31-207
8187,0.0,-0.000454930552070687,2025-32-207
8188,0.0,0.06936751602156033,2025-33-207
8189,0.0,-0.05289181760480455,2025-34-207
8190,0.0,0.11793544809126066,2025-35-207
8191,0.0,0.10567767481384827,2025-36-207
8192,0.0,0.08071957216572956,2025-37-207
8193,0.694156335742644,0.05442715376079854,2025-38-207
8194,0.0,0.47393927031564176,2025-39-207
8195,0.0,0.3833045608089308,2025-40-207
8196,0.0,0.18627445673025866,2025-41-207
8197,0.0,0.04783724740392059,2025-42-207
8198,0.0,0.004634598308323357,2025-43-207
8199,0.0,-0.015526573411531075,2025-44-207
8200,0.6293212567984835,-0.06501484663948265,2025-45-207
8201,0.0,0.22971652846454438,2025-46-207
8202,0.5867331564538697,0.16204357273355807,2025-47-207
8203,0.0,0.2829346184742193,2025-48-207
8204,0.0,0.12166003598432651,2025-49-207
8205,0.0,0.09218878572944522,2025-50-207
8206,0.0,0.020568745639895525,2025-51-207
8207,1.104006145694426,0.015184864504127482,2025-52-207
8460,0.0,0.17950365080284292,2025-1-208
8461,0.0,0.21699201438809612,2025-2-208
8462,0.0,0.34690876385243785,2025-3-208
8463,1.920620963065541,-0.035016757554433786,2025-4-208
8464,2.0272130077916417,0.749942504492144,2025-5-208
8465,0.0,1.267976220558679,2025-6-208
8466,0.0,0.7154857416756912,2025-7-208
8467,0.0,0.2508900669338231,2025-8-208
8468,2.114897596497314,0.23154621580044232,2025-9-208
8469,0.0,1.0892149846518666,2025-10-208
8470,0.0,0.39157621341525306,2025-11-208
8471,0.0,0.14220675580379127,2025-12-208
8472,0.0,0.050457167982771445,2025-13-208
8473,2.917774707069788,0.15384966006793777,2025-14-208
8474,0.0,1.2154616434406145,2025-15-208
8475,0.0,0.7849357703314637,2025-16-208
8476,0.0,0.4750234600561939,2025-17-208
8477,3.6464354895507447,0.33035845781232764,2025-18-208
8478,0.0,1.6503270364032727,2025-19-208
8479,2.8596426685512526,1.1479600316057952,2025-20-208
8480,0.0,1.6008622776526304,2025-21-208
8481,0.0,0.9214995491627722,2025-22-208
8482,0.0,0.8901968425278719,2025-23-208
8483,0.0,0.1956673664606735,2025-24-208
8484,0.0,0.24032583421767806,2025-25-208
8485,0.0,0.0717050147185383,2025-26-208
8486,0.0,-0.13459663189440807,2025-27-208
8487,0.0,-0.10526677608564206,2025-28-208
8488,0.0,0.0004799612241848106,2025-29-208
8489,0.0,0.00864933002717394,2025-30-208
8490,0.0,-0.14718222770663303,2025-31-208
8491,0.0,-0.10626955017876338,2025-32-208
8492,0.894103633056196,0.005968926535674601,2025-33-208
8493,0.0,0.4146235163787705,2025-34-208
8494,2.5565421398969006,0.33963497171282664,2025-35-208
8495,0.8831206693154897,1.0771150798681806,2025-36-208
8496,0.0,1.0908391182597457,2025-37-208
8497,0.832565339985773,0.6556649833251826,2025-38-208
8498,0.0,0.9066019856930371,2025-39-208
8499,0.0,0.5608650922808855,2025-40-208
8500,0.0,0.17438007457746207,2025-41-208
8501,0.8722575516590964,0.07500389585699285,2025-42-208
8502,0.0,0.3317488942706568,2025-43-208
8503,0.0,0.28972719024718685,2025-44-208
8504,0.0,0.030970471106622544,2025-45-208
8505,0.0,-0.013906269838508623,2025-46-208
8506,0.0,0.0355918483892399,2025-47-208
8507,0.0,-0.012590687828188063,2025-48-208
8508,0.0,-0.10795884932471456,2025-49-208
8509,0.0,-0.11641280761599959,2025-50-208
8510,0.0,-0.07677253600290834,2025-51-208
8511,0.0,-0.02806533727209848,2025-52-208
8764,0.0,2.630704429616858,2025-1-209
8765,0.0,1.6788699214864704,2025-2-209
8766,0.0,1.1388995993523574,2025-3-209
8767,5.426412316134035,0.8085885668041781,2025-4-209
8768,2.863741278630094,2.6034828598116047,2025-5-209
8769,0.0,2.6246549064167537,2025-6-209
8770,0.0,1.4212910791570417,2025-7-209
8771,0.0,0.7446435135036211,2025-8-209
8772,0.0,0.6461329998997538,2025-9-209
8773,0.0,0.44265825680623794,2025-10-209
8774,0.0,-0.04413346693299469,2025-11-209
8775,2.784992373533877,-0.05460032982491647,2025-12-209
8776,3.4927996322211325,1.1773449542476782,2025-13-209
8777,0.0,2.2948753671166005,2025-14-209
8778,0.0,1.2638947664855504,2025-15-209
8779,0.0,0.7595236554078566,2025-16-209
8780,0.0,0.7201873828392475,2025-17-209
8781,0.0,0.3836690082411417,2025-18-209
8782,0.0,-0.0998308674871018,2025-19-209
8783,4.038735521818522,0.2260875334371668,2025-20-209
8784,0.0,1.7664716019966402,2025-21-209
8785,4.203001604854449,1.0998292615643002,2025-22-209
8786,0.0,2.5845083395932824,2025-23-209
8787,0.0,1.5120700541829075,2025-24-209
8788,0.0,1.1038024374467215,2025-25-209
8789,0.0,0.625821032168973,2025-26-209
8790,2.313211946930105,0.35733493897610646,2025-27-209
8791,1.8886369264263043,1.0385900965889205,2025-28-209
8792,0.0,1.5228714165328507,2025-29-209
8793,0.0,0.8628937789370352,2025-30-209
8794,0.0,0.42983467625809124,2025-31-209
8795,0.0,0.3978842844191127,2025-32-209
8796,1.2625110709389924,0.4090288344426545,2025-33-209
8797,1.124452976372044,0.6818411322562794,2025-34-209
8798,0.0,0.8291834685106549,2025-35-209
8799,1.246945994424397,0.5689503410726161,2025-36-209
8800,0.0,0.8707017428288539,2025-37-209
8801,1.1755274421275508,0.5200934944904437,2025-38-209
8802,0.0,0.9442250425956964,2025-39-209
8803,0.0,0.4506623550517629,2025-40-209
8804,0.0,0.396160920156705,2025-41-209
8805,0.0,0.34654390643402067,2025-42-209
8806,0.0,0.22370260254706187,2025-43-209
8807,0.0,0.21488421821901693,2025-44-209
8808,1.0653714889804409,0.12358425807605189,2025-45-209
8809,0.0,0.5908250718033001,2025-46-209
8810,0.9931787219016092,0.5883073787847231,2025-47-209
8811,0.0,0.7967828562900532,2025-48-209
8812,2.1637822345320945,0.39651819304363833,2025-49-209
8813,2.802886060134335,1.2453861330853093,2025-50-209
8814,5.677642207058975,1.9303284895515986,2025-51-209
8815,1.8683302066845209,3.490096678858112,2025-52-209
9068,0.1605144094879839,0.5495238586121366,2025-1-210
9069,0.566704073995096,0.7229140786336887,2025-2-210
9070,0.4346132552763228,0.9434929853905317,2025-3-210
9071,0.3230805500183558,0.5540817281841081,2025-4-210
9072,0.0,0.5314529308926478,2025-5-210
9073,0.0,0.16197603214342526,2025-6-210
9074,0.8613874878451759,0.27621022413537866,2025-7-210
9075,1.3637787921832731,0.5319718886844222,2025-8-210
9076,0.355746284185035,1.1658795805280149,2025-9-210
9077,0.5113535302448584,0.891904410109533,2025-10-210
9078,2.2312223443651527,0.5359393821310704,2025-11-210
9079,0.6632952058734726,1.360996606455807,2025-12-210
9080,0.0,1.0446505316366785,2025-13-210
9081,2.9446653304896,0.5993638145062485,2025-14-210
9082,0.8179118687020595,1.6291548460924985,2025-15-210
9083,0.925880560759456,1.5716410585243032,2025-16-210
9084,1.752451010788058,1.2994740758469587,2025-17-210
9085,0.0,1.3157316307732756,2025-18-210
9086,0.0,0.8929498009437322,2025-19-210
9087,0.4809755876947297,0.6735271078885776,2025-20-210
9088,0.7008067493808267,0.5090870580302309,2025-21-210
9089,0.5005452647934548,0.5466179119217031,2025-22-210
9090,0.0,0.6187008322082923,2025-23-210
9091,0.0,0.18139708344111316,2025-24-210
9092,0.3503166593724073,0.36478487580447005,2025-25-210
9093,0.7319596973985971,0.35291912353505517,2025-26-210
9094,0.2754957573264624,0.3762883160644477,2025-27-210
9095,0.4498641005074795,0.3144942878409994,2025-28-210
9096,0.0,0.3529794739408967,2025-29-210
9097,0.0,0.27345007412757405,2025-30-210
9098,0.5071657153046732,0.04083590056268327,2025-31-210
9099,0.1667447793218386,0.23526184922298488,2025-32-210
9100,0.1503678283737003,0.2176909397750426,2025-33-210
9101,0.1339258468122641,0.2710665462883809,2025-34-210
9102,0.1433152303232743,0.23915075887534476,2025-35-210
9103,0.2970349003708651,0.26711434582010873,2025-36-210
9104,0.579972891180366,0.26419344840613546,2025-37-210
9105,0.1400133171450217,0.4855538749604824,2025-38-210
9106,0.6481694927089537,0.5406452621044713,2025-39-210
9107,1.1010913988407371,0.4430953197351021,2025-40-210
9108,0.5670777986013803,0.9714830341902638,2025-41-210
9109,0.4400521913226786,0.8076816370751241,2025-42-210
9110,0.2987160594650255,0.6670591077055874,2025-43-210
9111,0.2538154982058668,0.6443943359857738,2025-44-210
9112,0.0,0.459241585292706,2025-45-210
9113,0.3482012474237748,0.377881160611759,2025-46-210
9114,0.3549077467570048,0.6168476103772185,2025-47-210
9115,0.57957668933343,0.4576039859278913,2025-48-210
9116,0.3866146767825676,0.6950566900472479,2025-49-210
9117,0.445165049848864,0.7045835606791235,2025-50-210
9118,1.217364849969143,0.5883471645059326,2025-51-210
9119,0.4451098591348578,1.0947732920057345,2025-52-210
9372,0.0,0.05051023490005213,2025-1-211
9373,0.0,0.2828863947206689,2025-2-211
9374,0.0,0.7206344562160222,2025-3-211
9375,0.0,0.32767660419450084,2025-4-211
9376,0.0,0.135271264551449,2025-5-211
9377,0.0,0.08866151308498316,2025-6-211
9378,0.0,0.071985977791726,2025-7-211
9379,0.0,-0.046023194620496755,2025-8-211
9380,0.0,0.26172278071411315,2025-9-211
9381,0.0,0.15835425279272963,2025-10-211
9382,0.0,-0.04577843891052291,2025-11-211
9383,0.0,0.06462667272018652,2025-12-211
9384,0.0,-0.019610676852809705,2025-13-211
9385,0.0,0.0352283306844976,2025-14-211
9386,0.0,0.11894667075085619,2025-15-211
9387,0.0,0.15396599685924517,2025-16-211
9388,0.0,0.22290439049914645,2025-17-211
9389,0.0,0.2129262127708672,2025-18-211
9390,0.0,0.09225245457850273,2025-19-211
9391,0.0,0.36891669723213005,2025-20-211
9392,0.0,0.23598643062483482,2025-21-211
9393,7.138409480099811,0.14989190979841138,2025-22-211
9394,0.0,3.171662718374473,2025-23-211
9395,0.0,1.7846008497269863,2025-24-211
9396,0.0,0.9653417763254227,2025-25-211
9397,0.0,0.6115092271481044,2025-26-211
9398,0.0,0.6468245616421038,2025-27-211
9399,0.0,0.09937516974198235,2025-28-211
9400,0.0,-0.08675074028902663,2025-29-211
9401,0.0,0.017672455243787022,2025-30-211
9402,0.0,-0.1303347917014943,2025-31-211
9403,0.0,-0.14028963974075825,2025-32-211
9404,0.0,0.0746876390830915,2025-33-211
9405,0.0,0.14887615184619785,2025-34-211
9406,0.0,0.14252531103231314,2025-35-211
9407,0.0,0.18018766098208516,2025-36-211
9408,0.0,0.09397636672303666,2025-37-211
9409,0.0,-0.0035846963492049966,2025-38-211
9410,0.0,0.10961011970582335,2025-39-211
9411,0.0,-0.00824682425595702,2025-40-211
9412,0.0,0.05132057776577481,2025-41-211
9413,0.0,0.10498446702792541,2025-42-211
9414,0.0,-0.11473190961324908,2025-43-211
9415,0.0,0.12306023936042032,2025-44-211
9416,0.0,-0.08964322318784834,2025-45-211
9417,0.0,-0.0869129237256514,2025-46-211
9418,0.0,-0.009399032849019218,2025-47-211
9419,0.0,-0.13174751709397525,2025-48-211
9420,0.0,0.024945454552259827,2025-49-211
9421,0.0,0.08212812118351365,2025-50-211
9422,0.0,0.18362035398580245,2025-51-211
9423,0.0,0.1733932450068254,2025-52-211
9676,0.0,-0.03992817086126643,2025-1-212
9677,0.0,0.14536821687921353,2025-2-212
9678,0.0,0.14027679557381678,2025-3-212
9679,0.0,-0.18343863187904064,2025-4-212
9680,0.0,-0.015623269550685492,2025-5-212
9681,0.0,0.04652465889237112,2025-6-212
9682,0.0,0.1791760523744682,2025-7-212
9683,0.0,0.005065082107290175,2025-8-212
9684,0.0,-0.012765673235876074,2025-9-212
9685,0.0,0.12320257959487246,2025-10-212
9686,0.0,0.032504740760573414,2025-11-212
9687,0.0,0.09656019430083063,2025-12-212
9688,0.0,-0.011210824293887534,2025-13-212
9689,0.0,0.05242300162722224,2025-14-212
9690,0.0,0.142631261228796,2025-15-212
9691,0.0,0.17257526658632893,2025-16-212
9692,0.0,0.21689872055165593,2025-17-212
9693,0.0,0.09121841461850322,2025-18-212
9694,0.0,-0.10114265139072609,2025-19-212
9695,0.0,0.18227205442794292,2025-20-212
9696,0.0,0.2098786392954235,2025-21-212
9697,0.0,0.11097073363599619,2025-22-212
9698,0.0,0.29784212768002705,2025-23-212
9699,0.0,-0.015342269488000104,2025-24-212
9700,0.0,0.003000854820788268,2025-25-212
9701,0.0,0.08921747813086423,2025-26-212
9702,0.0,0.02259100101479894,2025-27-212
9703,0.0,0.01871682152925014,2025-28-212
9704,0.0,0.0785091847083128,2025-29-212
9705,0.0,0.03046582760412142,2025-30-212
9706,0.0,-0.17274378948735492,2025-31-212
9707,0.0,-0.14083294810553926,2025-32-212
9708,0.0,0.10282576586502234,2025-33-212
9709,0.0,0.16613642601842282,2025-34-212
9710,0.0,0.3060663963989855,2025-35-212
9711,0.0,0.20907548825381672,2025-36-212
9712,0.0,0.1980888851140581,2025-37-212
9713,0.0,0.2062774244376785,2025-38-212
9714,0.0,0.24943463560588397,2025-39-212
9715,0.0,0.23356218131280848,2025-40-212
9716,0.0,0.22457984464483138,2025-41-212
9717,1.3609520397086932,0.11337755266702021,2025-42-212
9718,0.0,0.3896779828400725,2025-43-212
9719,0.0,0.39200183696995305,2025-44-212
9720,0.0,0.1373201344800603,2025-45-212
9721,0.0,0.007739995797252375,2025-46-212
9722,0.0,0.09624593338972076,2025-47-212
9723,0.0,-0.0316559024283285,2025-48-212
9724,0.0,-0.08432980234398979,2025-49-212
9725,0.0,0.0828237245792276,2025-50-212
9726,0.0,0.11335604295478574,2025-51-212
9727,0.0,0.03167247446614474,2025-52-212
9980,0.0,0.19046340959771324,2025-1-213
9981,0.0,0.39699419694861926,2025-2-213
9982,0.8069012032987694,0.21348970233871079,2025-3-213
9983,0.0,0.4005332915939924,2025-4-213
9984,0.0,0.18548913877046802,2025-5-213
9985,0.0,0.14066694033429106,2025-6-213
9986,0.0,0.25235704087697286,2025-7-213
9987,0.0,0.3004657710285482,2025-8-213
9988,0.0,0.06447760411605952,2025-9-213
9989,0.0,0.18765878964447535,2025-10-213
9990,0.0,0.08641936090547775,2025-11-213
9991,0.0,0.03437555673902781,2025-12-213
9992,0.0,-0.03766036586208066,2025-13-213
9993,1.8229998853791152,0.07063735372011815,2025-14-213
9994,0.0,0.7871575669606521,2025-15-213
9995,0.0,0.6495169412639865,2025-16-213
9996,0.0,0.48893962287372283,2025-17-213
9997,0.0,0.24627939454225356,2025-18-213
9998,0.0,0.21174883028842717,2025-19-213
9999,0.0,0.2481946999831106,2025-20-213
10000,0.0,0.15469668230579003,2025-21-213
10001,0.0,-0.0028077786278124517,2025-22-213
10002,0.0,0.1265688960429776,2025-23-213
10003,0.0,0.05400346578395898,2025-24-213
10004,0.0,0.03144445313675792,2025-25-213
10005,0.0,0.22295272367764196,2025-26-213
10006,0.0,0.020177021206688517,2025-27-213
10007,0.8358937994075308,0.0673057779345283,2025-28-213
10008,0.0,0.6126466227725023,2025-29-213
10009,0.0,0.17840443754491864,2025-30-213
10010,0.628308920760309,0.16468555492619974,2025-31-213
10011,0.0,0.3292180795767907,2025-32-213
10012,0.0,0.5710562990253313,2025-33-213
10013,0.0,0.28048529579087966,2025-34-213
10014,0.0,0.04946035424626438,2025-35-213
10015,0.0,0.18138080334416928,2025-36-213
10016,0.0,-0.03807907088174356,2025-37-213
10017,0.0,0.06678368163531778,2025-38-213
10018,0.0,0.17104847849388205,2025-39-213
10019,0.0,0.02871498735947231,2025-40-213
10020,0.0,0.07362700946493295,2025-41-213
10021,0.0,0.009819792175183473,2025-42-213
10022,0.0,0.035882590317475094,2025-43-213
10023,0.0,-0.07592062141540712,2025-44-213
10024,0.0,0.060925602196611806,2025-45-213
10025,0.0,0.11186391681289387,2025-46-213
10026,0.0,0.06755919369195529,2025-47-213
10027,1.077652763917814,0.1524373765904189,2025-48-213
10028,0.0,0.5507354654501893,2025-49-213
10029,0.4138936162806233,0.35124829760021514,2025-50-213
10030,0.5030611327127974,0.48570788154482347,2025-51-213
10031,0.8277412279632225,0.500619874589661,2025-52-213
10284,0.9120197874757864,0.8147488694855308,2025-1-214
10285,1.07318073937644,1.0819618545133116,2025-2-214
10286,0.0,0.9555927394414971,2025-3-214
10287,0.0,0.2618505842686357,2025-4-214
10288,0.0,0.022963842685313596,2025-5-214
10289,0.0,0.18766548273515093,2025-6-214
10290,0.0,0.47050496480855064,2025-7-214
10291,0.0,0.682655324753328,2025-8-214
10292,0.0,0.34787528502549925,2025-9-214
10293,0.0,0.46040802052365926,2025-10-214
10294,0.0,0.2949073227831901,2025-11-214
10295,0.0,0.30528985917692697,2025-12-214
10296,0.0,0.1486554500564119,2025-13-214
10297,0.0,0.4133779363159298,2025-14-214
10298,0.0,0.11599041648897956,2025-15-214
10299,0.0,0.21473632067104242,2025-16-214
10300,0.0,0.40570788502669997,2025-17-214
10301,0.0,0.19104112864730238,2025-18-214
10302,0.0,0.15826058557505285,2025-19-214
10303,0.0,0.4209019499171559,2025-20-214
10304,0.0,0.18550046601205006,2025-21-214
10305,0.0,-0.06445443264351791,2025-22-214
10306,0.0,0.1062887778826005,2025-23-214
10307,0.0,0.1094926319604248,2025-24-214
10308,3.96943526929924,0.2416275555978995,2025-25-214
10309,2.0732096443772163,1.7941734059493804,2025-26-214
10310,1.5604435008305368,1.9022209617916017,2025-27-214
10311,3.821665444991909,1.6347986348581451,2025-28-214
10312,5.288694541083887,2.5296718050931304,2025-29-214
10313,3.130886462441321,3.82303983616211,2025-30-214
10314,0.9570830957503632,3.4151429549523065,2025-31-214
10315,9.4388761114467,2.2272450495309606,2025-32-214
10316,3.404317129318793,5.221368277801018,2025-33-214
10317,0.7579255815101369,4.660367563147245,2025-34-214
10318,2.4328921757237105,2.5938339616733,2025-35-214
10319,0.0,2.3057977614286083,2025-36-214
10320,0.0,1.755609459485532,2025-37-214
10321,0.7919906109557797,0.7325835017726217,2025-38-214
10322,0.0,0.5736121487988385,2025-39-214
10323,0.778356346353314,0.2760775965709755,2025-40-214
10324,0.6413054963991497,0.35609518873036383,2025-41-214
10325,0.8293207120610364,0.45805375095371015,2025-42-214
10326,0.8443362482626054,0.6117488178830767,2025-43-214
10327,0.7173354643165799,0.768006108823894,2025-44-214
10328,0.0,0.6242683869525051,2025-45-214
10329,0.6559004106812767,0.5369762800235787,2025-46-214
10330,0.0,0.6227140852981892,2025-47-214
10331,0.0,0.36411463584414017,2025-48-214
10332,2.183983502379147,0.19333005546316528,2025-49-214
10333,1.885822355261826,1.1636056043154328,2025-50-214
10334,4.583480805626605,1.6888882638007425,2025-51-214
10335,1.256754999005908,3.003535821606877,2025-52-214
10588,0.0,0.88607091330808,2025-1-215
10589,0.0,0.8624497190637446,2025-2-215
10590,2.2993466155733806,0.7448150408420777,2025-3-215
10591,0.0,1.2176035141866248,2025-4-215
10592,0.0,0.8183261448461899,2025-5-215
10593,0.0,0.3195547897950738,2025-6-215
10594,0.0,0.4320525209272451,2025-7-215
10595,0.0,0.615942697400388,2025-8-215
10596,0.0,0.12007953967076124,2025-9-215
10597,0.0,0.23440532745737286,2025-10-215
10598,4.723426912813463,-0.042965885471702325,2025-11-215
10599,0.0,1.9856579535587129,2025-12-215
10600,0.0,1.2519567756744097,2025-13-215
10601,0.0,0.9810985657531739,2025-14-215
10602,0.0,0.5865613437067485,2025-15-215
10603,0.0,0.789348036123473,2025-16-215
10604,6.184768126123267,0.4995258252392851,2025-17-215
10605,0.0,2.6343118548899067,2025-18-215
10606,0.0,1.6769642442742647,2025-19-215
10607,0.0,1.1697212357238531,2025-20-215
10608,0.0,0.694234283034767,2025-21-215
10609,0.0,0.5992954944944148,2025-22-215
10610,0.0,0.26950223402602624,2025-23-215
10611,0.0,-0.04602795795135051,2025-24-215
10612,0.0,0.10686847382869535,2025-25-215
10613,0.0,0.23068484971889325,2025-26-215
10614,0.0,0.06544406219511134,2025-27-215
10615,2.382656742688828,0.1731976880120435,2025-28-215
10616,0.0,1.2676731919148794,2025-29-215
10617,0.0,0.8194851410007173,2025-30-215
10618,1.7910142623010172,0.38498551496667066,2025-31-215
10619,0.0,1.0431093669053304,2025-32-215
10620,0.0,0.8932088627882566,2025-33-215
10621,0.0,0.5159862294539218,2025-34-215
10622,0.0,0.27064897405849675,2025-35-215
10623,0.0,0.2420119087495013,2025-36-215
10624,0.0,0.17841377687355187,2025-37-215
10625,0.0,-0.10342365036425316,2025-38-215
10626,0.0,0.15432252208468167,2025-39-215
10627,0.0,0.22698172833638142,2025-40-215
10628,0.0,0.4464958573450616,2025-41-215
10629,1.5547978642236115,0.4077263383867905,2025-42-215
10630,0.0,0.7733647180261451,2025-43-215
10631,1.3453001216026987,0.5275234301048027,2025-44-215
10632,0.0,0.7605664006371207,2025-45-215
10633,0.0,0.696697917595917,2025-46-215
10634,0.0,0.4420780999412709,2025-47-215
10635,0.0,0.16650850845096798,2025-48-215
10636,0.0,0.21444922164618252,2025-49-215
10637,0.0,0.08578984437545745,2025-50-215
10638,1.434330567771012,0.22652710531591558,2025-51-215
10639,4.720176010984535,0.8903279580756976,2025-52-215
10892,1.8899668310961064,0.5915678345823182,2025-1-216
10893,4.447957155563672,1.4406874213766803,2025-2-216
10894,5.116274873054603,3.06771549040191,2025-3-216
10895,0.0,3.0382686689602805,2025-4-216
10896,4.013531062017913,2.108558067835676,2025-5-216
10897,0.0,2.4782810125973738,2025-6-216
10898,0.0,1.8443266986059639,2025-7-216
10899,0.0,0.7956897574344954,2025-8-216
10900,0.0,0.7545016822153001,2025-9-216
10901,0.0,0.537766913549746,2025-10-216
10902,0.0,-0.21591045854063728,2025-11-216
10903,3.9005608210654006,-0.0666931715893695,2025-12-216
10904,0.0,1.5278529641406562,2025-13-216
10905,0.0,1.3633010240385657,2025-14-216
10906,0.0,0.823670420189663,2025-15-216
10907,5.442489016602947,0.7955001431955868,2025-16-216
10908,0.0,3.012225199886351,2025-17-216
10909,0.0,1.822446740386504,2025-18-216
10910,0.0,0.8694730049070385,2025-19-216
10911,5.652210484926458,0.8801370784663938,2025-20-216
10912,0.0,3.073466757768072,2025-21-216
10913,0.0,1.7381406080571082,2025-22-216
10914,0.0,0.9244522836897362,2025-23-216
10915,0.0,0.4802769113790337,2025-24-216
10916,0.0,0.755021344608422,2025-25-216
10917,0.0,0.212630869982262,2025-26-216
10918,0.0,-0.0033136670212337016,2025-27-216
10919,5.282201497687332,0.0885454489522639,2025-28-216
10920,0.0,2.3295747906240827,2025-29-216
10921,6.491276711000976,1.300560868447588,2025-30-216
10922,5.953033461648418,3.1956709982925933,2025-31-216
10923,0.0,4.423861068602548,2025-32-216
10924,0.0,2.685454320436212,2025-33-216
10925,0.0,1.249936203237781,2025-34-216
10926,0.0,0.9475456723131752,2025-35-216
10927,0.0,0.5066227581978662,2025-36-216
10928,0.0,0.010539904284443402,2025-37-216
10929,0.0,-0.017323334542663327,2025-38-216
10930,0.0,0.333884649657754,2025-39-216
10931,0.0,0.2469213927221925,2025-40-216
10932,0.0,0.38350481745790965,2025-41-216
10933,0.0,0.26860740251130366,2025-42-216
10934,0.0,0.289155674889248,2025-43-216
10935,0.0,0.3092437899492072,2025-44-216
10936,0.0,0.2262456327752157,2025-45-216
10937,0.0,0.38084144086601546,2025-46-216
10938,0.0,0.256588433646771,2025-47-216
10939,1.6975402759125315,0.23829290523778457,2025-48-216
10940,0.0,0.9123969192853278,2025-49-216
10941,1.3035696481555543,0.5764669798267911,2025-50-216
10942,3.1683521559639862,1.002462873841124,2025-51-216
10943,2.606240399689711,2.3874794092080873,2025-52-216
11196,0.0,0.13184967218517296,2025-1-301
11197,0.4885257255659089,0.10832820977651914,2025-2-301
11198,0.0,0.4599474475349984,2025-3-301
11199,0.4178667677602981,0.13726110658950563,2025-4-301
11200,1.323321883880323,0.18093621990554487,2025-5-301
11201,0.0,0.645462500556882,2025-6-301
11202,0.0,0.41342148875982365,2025-7-301
11203,0.8823688022438078,0.07775873371921505,2025-8-301
11204,0.0,0.4366601148561643,2025-9-301
11205,0.0,0.3956072834215151,2025-10-301
11206,0.5776514030045304,0.03313220534871486,2025-11-301
11207,0.0,0.26005112993202284,2025-12-301
11208,1.0771025961600271,0.1840983998980582,2025-13-301
11209,1.2710550426824363,0.5619585066323844,2025-14-301
11210,0.0,0.870260223200126,2025-15-301
11211,0.5996240484348295,0.5445903679742228,2025-16-301
11212,0.7567124663506871,0.5945065596765617,2025-17-301
11213,0.0,0.6841153449763853,2025-18-301
11214,0.0,0.2986437134084561,2025-19-301
11215,0.6232837200935174,0.28160410649589473,2025-20-301
11216,0.0,0.3231240306507851,2025-21-301
11217,0.0,0.22879105751819606,2025-22-301
11218,0.7754393776024038,0.25636024876442187,2025-23-301
11219,0.0,0.3076880755793503,2025-24-301
11220,0.0,0.35344006020407737,2025-25-301
11221,0.0,0.16518358646941356,2025-26-301
11222,0.0,0.196144186997105,2025-27-301
11223,0.0,0.0804520481999973,2025-28-301
11224,0.6057934408787885,0.09838553952805751,2025-29-301
11225,0.0,0.21842976251026813,2025-30-301
11226,0.219364749663787,0.04307172521351155,2025-31-301
11227,0.0,0.1444657354396638,2025-32-301
11228,0.0,0.14678321923278004,2025-33-301
11229,0.0,0.09795418882807783,2025-34-301
11230,0.1860546972351753,0.14575045911035855,2025-35-301
11231,0.0,0.08143634188989524,2025-36-301
11232,0.0,0.08869204708840328,2025-37-301
11233,0.0,0.1499679178169132,2025-38-301
11234,0.0,0.09382667014157142,2025-39-301
11235,0.0,0.1363500329982822,2025-40-301
11236,0.0,0.1905325451789105,2025-41-301
11237,0.0,-0.044713392640114646,2025-42-301
11238,0.0,0.022460571386712536,2025-43-301
11239,0.0,0.07604874332265943,2025-44-301
11240,0.3298860653455405,-0.03585586451630163,2025-45-301
11241,0.0,0.1587953029839856,2025-46-301
11242,0.0,0.13192369839810292,2025-47-301
11243,0.0,0.039695888004081636,2025-48-301
11244,0.0,0.003314196422141036,2025-49-301
11245,0.1447423927294207,0.037479111274683063,2025-50-301
11246,0.0,0.04726521533438999,2025-51-301
11247,0.0,0.10455184656737648,2025-52-301
11500,0.5505904204491531,0.34615952439586883,2025-1-302
11501,0.6480399446549986,0.8695785628471375,2025-2-302
11502,0.0,1.3362324624409656,2025-3-302
11503,0.0,0.8502922405086265,2025-4-302
11504,0.0,0.27314815708383566,2025-5-302
11505,0.0,0.34533900780602256,2025-6-302
11506,0.0,0.6923721920558606,2025-7-302
11507,0.0,0.12409291305857872,2025-8-302
11508,1.2214375459402256,0.02023856926355827,2025-9-302
11509,0.0,0.5323742870866708,2025-10-302
11510,1.5325254665488988,-0.024684635044222247,2025-11-302
11511,0.0,0.8492196393942875,2025-12-302
11512,0.0,0.30389825966442974,2025-13-302
11513,1.686069251522243,0.5540169911889159,2025-14-302
11514,2.810277190991576,1.151658049366556,2025-15-302
11515,1.5908144995150726,1.7327560921585423,2025-16-302
11516,0.0,1.6229415028217007,2025-17-302
11517,0.0,0.8596255404667378,2025-18-302
11518,0.0,0.3682321410650422,2025-19-302
11519,0.0,0.7109619497628321,2025-20-302
11520,0.0,0.1396901386530487,2025-21-302
11521,0.0,-0.09902730459035047,2025-22-302
11522,0.0,0.1856939382151781,2025-23-302
11523,0.0,-0.07045810980922917,2025-24-302
11524,1.205097496786324,0.23166932915717586,2025-25-302
11525,0.0,0.5225105592531913,2025-26-302
11526,0.0,0.4907719235747309,2025-27-302
11527,0.0,0.21986018411523967,2025-28-302
11528,0.0,0.33901287252022994,2025-29-302
11529,0.0,0.23561411631794793,2025-30-302
11530,0.5819766185363575,0.005385425662879584,2025-31-302
11531,0.0,0.21106234526423595,2025-32-302
11532,0.0,0.2148766972695504,2025-33-302
11533,0.461210817400337,0.1279555923613015,2025-34-302
11534,0.0,0.38944471105961453,2025-35-302
11535,0.0,0.2878183445122169,2025-36-302
11536,0.0,0.07526936934959849,2025-37-302
11537,0.0,0.13351389316581452,2025-38-302
11538,0.0,0.09398397188715979,2025-39-302
11539,0.0,-0.026110087485266664,2025-40-302
11540,0.0,0.11865003176135402,2025-41-302
11541,0.0,0.0508304336295331,2025-42-302
11542,0.0,0.14244373341631567,2025-43-302
11543,0.0,0.2602931250255115,2025-44-302
11544,0.0,0.14250091903333162,2025-45-302
11545,0.0,0.33157905819587696,2025-46-302
11546,0.0,0.046083436890334006,2025-47-302
11547,0.0,0.03837759480616576,2025-48-302
11548,0.4446125371750533,-0.05699457882311032,2025-49-302
11549,0.0,0.2286381186915899,2025-50-302
11550,0.0,0.43943271542346407,2025-51-302
11551,0.0,0.7258833498565906,2025-52-302
11804,0.2966407943900143,0.19457868531000955,2025-1-303
11805,0.3491306056979508,0.34869654014459583,2025-2-303
11806,0.4016629716050431,0.39413800212268135,2025-3-303
11807,0.0,0.2333350944022461,2025-4-303
11808,0.0,0.0722682392996623,2025-5-303
11809,0.7321084847270977,0.050196300804155713,2025-6-303
11810,0.0,0.3887091202877131,2025-7-303
11811,0.0,0.13549867845503416,2025-8-303
11812,0.0,0.01182673285748792,2025-9-303
11813,0.9457181456849448,0.05420617309086784,2025-10-303
11814,0.0,0.34287007295953953,2025-11-303
11815,0.0,0.21127510259633264,2025-12-303
11816,0.769445392238904,0.05270402618597725,2025-13-303
11817,0.0,0.3937407362009788,2025-14-303
11818,0.0,0.2794423676757789,2025-15-303
11819,0.8566053577164326,0.12667540896114282,2025-16-303
11820,0.0,0.48828465904203533,2025-17-303
11821,0.0,0.31456324492409293,2025-18-303
11822,0.0,-0.007167934730410108,2025-19-303
11823,1.780542077539025,0.15993322011053057,2025-20-303
11824,0.0,0.7904928028746439,2025-21-303
11825,0.0,0.3894926259365705,2025-22-303
11826,0.0,0.384009630799624,2025-23-303
11827,0.7696196547600266,0.011280175196925812,2025-24-303
11828,0.0,0.5676708523968821,2025-25-303
11829,0.0,0.24419487718235489,2025-26-303
11830,1.0204588266215986,0.08901394462780676,2025-27-303
11831,0.8332370254868399,0.4571400990491272,2025-28-303
11832,1.2974976528369992,0.7175550509943687,2025-29-303
11833,1.0243628044844644,0.8248165079875042,2025-30-303
11834,0.6264057563808786,0.774865293170681,2025-31-303
11835,0.3089484140526019,0.7160307407871058,2025-32-303
11836,0.2786283205513266,0.6055631596542808,2025-33-303
11837,0.2481825983062592,0.41131324936737523,2025-34-303
11838,0.0,0.36293100268615863,2025-35-303
11839,0.2752691729616101,0.016943922150330915,2025-36-303
11840,0.0,0.03587024403473804,2025-37-303
11841,0.0,0.24417852623843017,2025-38-303
11842,0.0,0.14139691623139528,2025-39-303
11843,0.2551876848866434,0.11373499773635087,2025-40-303
11844,0.0,0.19667359375639848,2025-41-303
11845,0.0,-0.0064288581813019,2025-42-303
11846,0.5539805143761654,-0.037659077395073126,2025-43-303
11847,0.9415005177448909,0.2767598406555456,2025-44-303
11848,0.7061408959573685,0.3655311940519804,2025-45-303
11849,0.2153051903084148,0.5130263093354704,2025-46-303
11850,0.219470495297951,0.37961588711216443,2025-47-303
11851,1.0752991657930633,0.2650935015167717,2025-48-303
11852,0.0,0.6826215077374125,2025-49-303
11853,0.4130307616407596,0.42431631076326004,2025-50-303
11854,0.50203735445515,0.2804292066663946,2025-51-303
11855,0.0,0.37653054516262563,2025-52-303
12108,0.0,1.8653502079190458,2025-1-304
12109,0.0,1.1184796943593316,2025-2-304
12110,0.0,1.114274172305305,2025-3-304
12111,0.0,0.6857217700608169,2025-4-304
12112,0.0,0.5395681456798357,2025-5-304
12113,0.0,0.1874121043810597,2025-6-304
12114,0.0,0.28126124169497935,2025-7-304
12115,0.0,0.35956688584332863,2025-8-304
12116,0.0,0.4329147180788562,2025-9-304
12117,0.0,0.33875180545235883,2025-10-304
12118,0.0,0.10157352838721134,2025-11-304
12119,0.0,0.15031607782460643,2025-12-304
12120,0.0,0.11360529752620296,2025-13-304
12121,0.0,0.4154916774551801,2025-14-304
12122,0.0,0.2819107001032445,2025-15-304
12123,0.0,0.1556475530797391,2025-16-304
12124,0.0,0.22903760828376096,2025-17-304
12125,8.221651622401966,0.23941490858991799,2025-18-304
12126,0.0,3.318812855113771,2025-19-304
12127,0.0,2.415133027235743,2025-20-304
12128,0.0,1.0261707060984318,2025-21-304
12129,0.0,0.6783235837529161,2025-22-304
12130,0.0,1.1046053833962233,2025-23-304
12131,11.158211541532063,0.20827361923026677,2025-24-304
12132,0.0,4.6520377551498004,2025-25-304
12133,0.0,2.878809735258189,2025-26-304
12134,3.7001969907857752,1.5431557151976791,2025-27-304
12135,3.021718659428359,2.3966096314366396,2025-28-304
12136,0.0,3.275501934125113,2025-29-304
12137,0.0,1.372608944058226,2025-30-304
12138,0.0,0.33254968124416295,2025-31-304
12139,0.0,0.5118641633661614,2025-32-304
12140,0.0,0.45355970180880445,2025-33-304
12141,0.0,0.13195913089638278,2025-34-304
12142,0.0,0.11731879909541643,2025-35-304
12143,0.0,0.0327272765205473,2025-36-304
12144,0.0,0.07002909427163084,2025-37-304
12145,0.0,0.0401381109265353,2025-38-304
12146,0.0,0.04948366547205807,2025-39-304
12147,0.0,0.08088690061011095,2025-40-304
12148,3.055696983628385,0.191094246192688,2025-41-304
12149,0.0,1.2869584259665934,2025-42-304
12150,0.0,0.8690044446507889,2025-43-304
12151,1.710699148974033,0.46229283879711025,2025-44-304
12152,0.0,0.9707245035870187,2025-45-304
12153,0.0,0.8457934413048596,2025-46-304
12154,1.5957229402729356,0.3467218865783216,2025-47-304
12155,0.0,0.8461628921363831,2025-48-304
12156,0.0,0.5607413418966343,2025-49-304
12157,0.0,0.34744514142260297,2025-50-304
12158,0.0,0.18911719044937203,2025-51-304
12159,0.0,0.4259734774726296,2025-52-304
12412,0.4918679293474666,1.4127409148123322,2025-1-305
12413,0.5789950178162047,0.9654244267029143,2025-2-305
12414,1.3324409490313576,1.0250269864054806,2025-3-305
12415,4.95371559889359,0.9318906250390752,2025-4-305
12416,0.0,2.3982083738812134,2025-5-305
12417,3.64469083583913,1.4704285195428126,2025-6-305
12418,1.3217049233270437,2.384222164645504,2025-7-305
12419,0.0,2.1413643035513736,2025-8-305
12420,0.0,1.41433565990797,2025-9-305
12421,0.0,0.7586745523267007,2025-10-305
12422,0.0,0.46921337112188044,2025-11-305
12423,0.0,0.2921829012515935,2025-12-305
12424,0.0,0.07326092724730904,2025-13-305
12425,0.0,0.16897579487737713,2025-14-305
12426,0.0,0.2852202520359344,2025-15-305
12427,0.0,0.15857911574342642,2025-16-305
12428,0.0,0.13331619156445196,2025-17-305
12429,0.0,0.23405910966915466,2025-18-305
12430,0.0,-0.038538858346861105,2025-19-305
12431,2.961325081104923,0.3780281580427024,2025-20-305
12432,0.0,1.3212946650290935,2025-21-305
12433,0.0,0.8751858226816087,2025-22-305
12434,0.0,0.590103154405901,2025-23-305
12435,0.0,0.29003931739797717,2025-24-305
12436,0.0,0.44808169696996436,2025-25-305
12437,2.2565798810295514,-0.0035455443946164067,2025-26-305
12438,0.0,1.0543304000496132,2025-27-305
12439,0.0,0.6561919146253957,2025-28-305
12440,0.0,0.3446626405585651,2025-29-305
12441,0.0,0.31019708242494737,2025-30-305
12442,0.0,0.18561395002261805,2025-31-305
12443,0.5148134234551237,0.08068919077798187,2025-32-305
12444,0.0,0.30262334339956964,2025-33-305
12445,0.4136884054973323,0.29176864161735194,2025-34-305
12446,0.4427993231700737,0.44088507649983477,2025-35-305
12447,0.0,0.4686043281929281,2025-36-305
12448,0.4482017960436127,0.2567519519734983,2025-37-305
12449,0.0,0.4165418360203589,2025-38-305
12450,0.0,0.24651611056902456,2025-39-305
12451,0.0,0.22306587247080767,2025-40-305
12452,0.0,0.19795419789638335,2025-41-305
12453,0.0,0.11895411393610611,2025-42-305
12454,0.0,0.13170900177086386,2025-43-305
12455,0.0,0.15110231688366227,2025-44-305
12456,0.393035627609121,0.09868421194604793,2025-45-305
12457,0.0,0.39117611879453085,2025-46-305
12458,1.8329309947543195,0.2533450636452532,2025-47-305
12459,1.7963805987963248,0.8275722332290363,2025-48-305
12460,0.7990612611482364,1.264145443936062,2025-49-305
12461,1.3804465766048617,1.100390474312848,2025-50-305
12462,2.9368405640125967,1.2799605929440934,2025-51-305
12463,4.142839238557261,2.2509156191687314,2025-52-305
12716,0.0,0.018292901678773843,2025-1-306
12717,0.0,0.10446938530949801,2025-2-306
12718,0.0,0.3247437121500595,2025-3-306
12719,0.0,0.11059565546003225,2025-4-306
12720,0.0,0.014164334154329161,2025-5-306
12721,0.0,-0.006058148141768305,2025-6-306
12722,0.0,0.11637861515121672,2025-7-306
12723,0.0,0.0016623546939673606,2025-8-306
12724,0.0,0.03489613113726464,2025-9-306
12725,0.0,0.100274963106607,2025-10-306
12726,0.0,-0.04686744500699036,2025-11-306
12727,0.0,0.021099240692879828,2025-12-306
12728,0.0,0.013800682365644246,2025-13-306
12729,0.0,0.05807234673978323,2025-14-306
12730,11.3772859534015,0.08661737578606177,2025-15-306
12731,6.440473691910934,4.683334838368799,2025-16-306
12732,0.0,5.681346006801151,2025-17-306
12733,0.0,3.157344041899645,2025-18-306
12734,0.0,1.5532918811570835,2025-19-306
12735,0.0,1.5637663342147556,2025-20-306
12736,0.0,0.6231025091191186,2025-21-306
12737,0.0,-0.17651305042748544,2025-22-306
12738,0.0,0.02116480503640017,2025-23-306
12739,0.0,0.0005468233809717837,2025-24-306
12740,0.0,0.11043956659481446,2025-25-306
12741,0.0,0.01709006728122109,2025-26-306
12742,3.83861754722027,0.26084535343771165,2025-27-306
12743,0.0,1.6863036345550357,2025-28-306
12744,0.0,1.0807421815143465,2025-29-306
12745,0.0,0.5261772538807624,2025-30-306
12746,0.0,0.23253904665822378,2025-31-306
12747,0.0,0.37415003743367425,2025-32-306
12748,0.0,0.08471147659011247,2025-33-306
12749,0.0,-0.031170646419459436,2025-34-306
12750,0.0,0.08613507298232781,2025-35-306
12751,0.0,0.009582570491326381,2025-36-306
12752,0.0,0.005724037021169082,2025-37-306
12753,0.0,0.22704230704758777,2025-38-306
12754,0.0,0.17138294921481645,2025-39-306
12755,0.0,0.1390427745726972,2025-40-306
12756,0.0,0.21879975123929107,2025-41-306
12757,0.0,0.08108227578656635,2025-42-306
12758,0.0,0.13883109968058083,2025-43-306
12759,0.0,0.2553411940309257,2025-44-306
12760,0.0,0.12117728151959073,2025-45-306
12761,0.0,0.2529316417119928,2025-46-306
12762,0.0,0.13355492964001014,2025-47-306
12763,0.0,0.01289274062388257,2025-48-306
12764,0.0,0.06814971348911292,2025-49-306
12765,1.5556826460751014,0.07073181896867631,2025-50-306
12766,1.8910322301211315,0.8248845764371624,2025-51-306
12767,3.1118498574011,1.3189480521684847,2025-52-306
13020,0.0,0.1478908046918449,2025-1-307
13021,0.0,0.07551204427614178,2025-2-307
13022,0.0,0.19290601688235687,2025-3-307
13023,0.0,-0.059805397158525286,2025-4-307
13024,0.0,-0.21331447964744954,2025-5-307
13025,0.0,-0.13995796419172946,2025-6-307
13026,0.0,0.05541774599417271,2025-7-307
13027,0.0,-0.08875321659052804,2025-8-307
13028,0.0,-0.033873549853345564,2025-9-307
13029,0.0,0.0423463071076573,2025-10-307
13030,0.0,-0.1029418634719712,2025-11-307
13031,0.0,-0.015344487976612253,2025-12-307
13032,0.0,-0.051265130674230885,2025-13-307
13033,0.0,0.026193016694417093,2025-14-307
13034,0.0,0.08905065026872916,2025-15-307
13035,0.0,0.0738601436732198,2025-16-307
13036,0.0,0.12429034487651935,2025-17-307
13037,0.0,0.13470542706208977,2025-18-307
13038,0.0,-0.062135275899068754,2025-19-307
13039,0.0,0.19294700666914466,2025-20-307
13040,0.0,0.11796114697874716,2025-21-307
13041,0.0,0.06845049683739313,2025-22-307
13042,0.0,0.2941604561885358,2025-23-307
13043,0.0,-0.10171915828815647,2025-24-307
13044,0.0,0.030443594194112578,2025-25-307
13045,0.0,-0.009481066782261793,2025-26-307
13046,1.1945267323322972,0.0882871251827888,2025-27-307
13047,0.9754137460099792,0.5089794353401582,2025-28-307
13048,1.0126411149969048,0.6859811159699905,2025-29-307
13049,0.0,0.784083280004602,2025-30-307
13050,1.4667828063474413,0.28878567120088694,2025-31-307
13051,0.0,0.8171190372895445,2025-32-307
13052,0.0,0.4694061198731314,2025-33-307
13053,0.0,0.2184494549783098,2025-34-307
13054,0.0,0.11336182098716163,2025-35-307
13055,0.0,0.026068419014278588,2025-36-307
13056,0.0,-0.037398927291534934,2025-37-307
13057,0.0,0.10694590179803443,2025-38-307
13058,0.0,0.05052140963326446,2025-39-307
13059,0.5977904409858829,0.1227914829432486,2025-40-307
13060,0.0,0.19293541822434335,2025-41-307
13061,0.0,0.0963636430126773,2025-42-307
13062,0.0,0.16264322326053815,2025-43-307
13063,0.0,0.1989353808988643,2025-44-307
13064,0.0,0.10100195113594757,2025-45-307
13065,0.0,0.05119770256284717,2025-46-307
13066,0.0,0.09148423788419724,2025-47-307
13067,1.259933748405859,0.026620537666641297,2025-48-307
13068,0.5603769102504496,0.5932292940922756,2025-49-307
13069,0.0,0.614062726195498,2025-50-307
13070,0.0,0.3433490364088785,2025-51-307
13071,0.0,0.3907193659429299,2025-52-307
13324,0.0,1.1199930687979314,2025-1-308
13325,0.8807106907452121,0.6397115298465916,2025-2-308
13326,0.0,0.8274814917223434,2025-3-308
13327,0.0,0.3768111699116261,2025-4-308
13328,1.5904364990573994,0.088757619780927,2025-5-308
13329,0.0,0.587141428786142,2025-6-308
13330,0.0,0.37283693569833576,2025-7-308
13331,0.0,0.10948994680136181,2025-8-308
13332,0.0,0.0757190852750731,2025-9-308
13333,0.0,0.2399472233409623,2025-10-308
13334,6.248153945018158,-0.0004666295112192298,2025-11-308
13335,0.0,2.4877829735083976,2025-12-308
13336,0.0,1.581166492071009,2025-13-308
13337,0.0,0.7921029604102138,2025-14-308
13338,0.0,0.47335322590479323,2025-15-308
13339,0.0,0.5462931819350085,2025-16-308
13340,2.728274518678764,0.13182745396460716,2025-17-308
13341,0.0,0.9720569068634337,2025-18-308
13342,0.0,0.5711905808861778,2025-19-308
13343,0.0,0.5244988766442101,2025-20-308
13344,0.0,0.21774216914372102,2025-21-308
13345,0.0,0.20023959311758188,2025-22-308
13346,0.0,0.12305642224024915,2025-23-308
13347,0.0,-0.13124352303287523,2025-24-308
13348,0.0,0.08607599288337597,2025-25-308
13349,0.0,0.06303248721092114,2025-26-308
13350,0.0,0.12522598321324518,2025-27-308
13351,0.0,0.005247029490546451,2025-28-308
13352,2.1840746878521933,0.18826374204382312,2025-29-308
13353,1.7243666517553664,0.9512225295816142,2025-30-308
13354,0.0,1.2005321388855286,2025-31-308
13355,0.7801585261143442,0.5449494504525138,2025-32-308
13356,0.7036181785675072,0.6891107149226597,2025-33-308
13357,0.0,0.8045852379342979,2025-34-308
13358,0.0,0.6068456757573053,2025-35-308
13359,0.0,0.16623622845253105,2025-36-308
13360,0.0,0.14072288680885292,2025-37-308
13361,0.0,0.2233892457785439,2025-38-308
13362,0.0,0.06572326016704699,2025-39-308
13363,0.0,0.14268859249337706,2025-40-308
13364,0.5312102949773257,0.19957110804587996,2025-41-308
13365,0.0,0.17720717677928888,2025-42-308
13366,0.0,0.09406726017662137,2025-43-308
13367,0.0,-0.017476117040618577,2025-44-308
13368,0.5946489240232489,-0.02840898754742338,2025-45-308
13369,0.5439511648126039,0.14405356660029678,2025-46-308
13370,0.0,0.36333733841158866,2025-47-308
13371,0.0,0.16667806675039043,2025-48-308
13372,0.0,0.08533398871108311,2025-49-308
13373,0.5218159303068288,0.11411290588731937,2025-50-308
13374,0.0,0.2655454434439083,2025-51-308
13375,0.0,0.16785666740636596,2025-52-308
13628,0.2315354383421371,0.3172131536447038,2025-1-401
13629,0.5449927016167625,0.3355775766086603,2025-2-401
13630,0.9404636079254912,0.5594987601493885,2025-3-401
13631,0.4661017492977586,0.14141243770552336,2025-4-401
13632,0.4919907881856792,0.1717146364493889,2025-5-401
13633,0.0,0.37010387815730994,2025-6-401
13634,0.6214481512041872,0.37284805982348,2025-7-401
13635,0.0,0.48112165255283745,2025-8-401
13636,0.0,0.2782470962197623,2025-9-401
13637,0.7379449391996572,0.2221606181315824,2025-10-401
13638,0.0,0.3797583206605988,2025-11-401
13639,0.4786562949896251,0.18677683051162297,2025-12-401
13640,0.0,0.18147589428444033,2025-13-401
13641,0.0,0.3248967219282446,2025-14-401
13642,0.0,0.2314834304872776,2025-15-401
13643,0.6682827240966879,0.2953764024233836,2025-16-401
13644,1.6865994872960794,0.47158395791749097,2025-17-401
13645,0.8854548544225196,0.8909777736041858,2025-18-401
13646,0.0,0.6656369011460834,2025-19-401
13647,0.0,0.6790317231426585,2025-20-401
13648,0.0,0.3554321592486406,2025-21-401
13649,0.722788057692849,0.22834513548093227,2025-22-401
13650,2.5914307469374616,0.6936353204847565,2025-23-401
13651,0.6002682318094347,1.0591925212574678,2025-24-401
13652,0.5059347318964857,0.9196889127019634,2025-25-401
13653,0.0,0.6754889212151611,2025-26-401
13654,0.7958354497316543,0.4989294626134292,2025-27-401
13655,0.6498041108674473,0.6654214947754622,2025-28-401
13656,0.0,0.6261085646820307,2025-29-401
13657,2.928945793494704,0.1878276641814678,2025-30-401
13658,0.2442294073872504,1.067471560443847,2025-31-401
13659,0.4818083114889966,0.7371610601628429,2025-32-401
13660,0.4345099115483655,0.5552362669326448,2025-33-401
13661,1.1610558938157556,0.4935060538337729,2025-34-401
13662,0.4141737053214531,0.9249144173881979,2025-35-401
13663,0.8584605799267904,0.5369030501530455,2025-36-401
13664,0.0,0.5666977923040427,2025-37-401
13665,0.2023473907203217,0.38888994720587156,2025-38-401
13666,0.5620704875093827,0.35462740589655917,2025-39-401
13667,0.1989330793450932,0.38874447224679365,2025-40-401
13668,0.1639339611437016,0.36484241985283195,2025-41-401
13669,0.0,0.09937535452306967,2025-42-401
13670,0.2159087243537067,-0.04664115420783643,2025-43-401
13671,0.3669293108530301,0.2695321324268515,2025-44-401
13672,0.1834628304342645,0.19205062125895178,2025-45-401
13673,0.167810303902714,0.3051399359794251,2025-46-401
13674,0.0,0.2274019898364663,2025-47-401
13675,0.4190209472448699,-0.04606217015336611,2025-48-401
13676,0.1863522005852911,0.13603713768131342,2025-49-401
13677,0.0,0.10185085586775988,2025-50-401
13678,0.0,0.07456105905258781,2025-51-401
13679,0.6437429592107368,0.18457577715774665,2025-52-401
13932,0.6956657530056197,-0.15297886009413109,2025-1-402
13933,0.0,0.3826543208185771,2025-2-402
13934,0.0,0.552507556794179,2025-3-402
13935,0.0,0.052919509465304104,2025-4-402
13936,0.0,0.1284906018623314,2025-5-402
13937,0.0,0.09685030225209057,2025-6-402
13938,0.0,0.1640351025099689,2025-7-402
13939,0.0,0.05567916029482167,2025-8-402
13940,0.0,0.039586878341341114,2025-9-402
13941,0.0,0.1590530777279734,2025-10-402
13942,1.934190615019977,0.04915088728927253,2025-11-402
13943,0.0,0.8467682421741811,2025-12-402
13944,0.0,0.4653479814234298,2025-13-402
13945,0.0,0.34620262518265765,2025-14-402
13946,0.0,0.19511516918047644,2025-15-402
13947,0.0,0.32065069246564826,2025-16-402
13948,0.0,0.24568371731624739,2025-17-402
13949,0.0,0.09599263545853831,2025-18-402
13950,0.0,0.03789683143721101,2025-19-402
13951,0.0,0.363956122525369,2025-20-402
13952,0.0,0.14968669464793494,2025-21-402
13953,0.0,0.07251311956454642,2025-22-402
13954,0.0,0.35792727122224965,2025-23-402
13955,0.0,0.03221348036884342,2025-24-402
13956,0.0,0.14560202929670252,2025-25-402
13957,0.0,0.13396735547745897,2025-26-402
13958,0.0,0.15751161118257606,2025-27-402
13959,0.0,0.040149701896165624,2025-28-402
13960,0.0,0.14994466516166494,2025-29-402
13961,0.0,0.016759789393896884,2025-30-402
13962,0.0,-0.11975141252243948,2025-31-402
13963,0.0,-0.10106554685743574,2025-32-402
13964,0.0,0.05306622997281396,2025-33-402
13965,0.0,-0.007617952253389237,2025-34-402
13966,0.0,0.13761807236690204,2025-35-402
13967,0.0,0.09008742722776297,2025-36-402
13968,0.0,0.04543087385768674,2025-37-402
13969,0.0,0.005875077260584893,2025-38-402
13970,0.5620328992371473,-0.024747975467916294,2025-39-402
13971,0.0,0.2434480173407031,2025-40-402
13972,0.0,0.37710320697224964,2025-41-402
13973,0.0,0.1527707164882589,2025-42-402
13974,0.0,0.027083685828480197,2025-43-402
13975,0.0,0.09157008117289467,2025-44-402
13976,0.0,-0.0644751256310534,2025-45-402
13977,0.0,-0.0028646678969617145,2025-46-402
13978,0.0,-0.03373009972683194,2025-47-402
13979,0.0,-0.0011951200879596335,2025-48-402
13980,0.0,-0.08870668684047334,2025-49-402
13981,0.0,-0.008178598880311805,2025-50-402
13982,0.0,0.05073670405388109,2025-51-402
13983,0.0,0.2023182218502696,2025-52-402
14236,0.0,0.2880855590619452,2025-1-403
14237,0.0,0.21226934762842498,2025-2-403
14238,0.0,0.18507908743189305,2025-3-403
14239,0.0,-0.06429373640913227,2025-4-403
14240,0.0,-0.00911721358845119,2025-5-403
14241,0.0,0.0029178489012779973,2025-6-403
14242,0.0,0.03140670939344625,2025-7-403
14243,1.4408398385976615,-0.12735127899120902,2025-8-403
14244,0.0,0.504038344477595,2025-9-403
14245,0.0,0.4006782895941201,2025-10-403
14246,0.0,0.08517152772702774,2025-11-403
14247,0.0,0.07647037458274952,2025-12-403
14248,1.758464990127329,0.04630999103217026,2025-13-403
14249,0.0,0.6757185370452942,2025-14-403
14250,6.916867917551668,0.40978593279917486,2025-15-403
14251,0.0,3.036632875653071,2025-16-403
14252,2.4703952839826084,2.0237874507250746,2025-17-403
14253,0.0,2.0090210761734584,2025-18-403
14254,0.0,1.0238478266244422,2025-19-403
14255,0.0,0.9677208663723608,2025-20-403
14256,0.0,0.26054617989585527,2025-21-403
14257,0.0,-0.019695077467197564,2025-22-403
14258,2.530910837426504,0.22359075341652956,2025-23-403
14259,0.0,0.9662169761992697,2025-24-403
14260,0.0,0.7397858128226067,2025-25-403
14261,0.0,0.43744583087710076,2025-26-403
14262,1.166009086120049,0.3094205251079618,2025-27-403
14263,0.952082173360353,0.6741244290583528,2025-28-403
14264,0.0,0.7829491976811003,2025-29-403
14265,0.0,0.34974120351564364,2025-30-403
14266,0.0,0.06618103073614234,2025-31-403
14267,0.0,0.11000392080023358,2025-32-403
14268,0.0,0.12695196359236494,2025-33-403
14269,0.56715759381649,-0.053064510751473115,2025-34-403
14270,0.0,0.20688334129803798,2025-35-403
14271,0.0,0.05663923757871947,2025-36-403
14272,0.0,-0.027388947885505388,2025-37-403
14273,0.0,0.1640382152486517,2025-38-403
14274,0.0,0.2583919483452234,2025-39-403
14275,0.5831612983551147,0.09639183793588135,2025-40-403
14276,0.0,0.2894505890976059,2025-41-403
14277,0.0,0.11644045434089356,2025-42-403
14278,0.0,0.019422351212421196,2025-43-403
14279,0.5378823097279012,0.15901236809653108,2025-44-403
14280,0.0,0.20471926868958945,2025-45-403
14281,1.4760507757479395,0.20484952534397094,2025-46-403
14282,0.5015348477374522,0.7553012514504682,2025-47-403
14283,0.0,0.623507885427713,2025-48-403
14284,0.0,0.29742481466328363,2025-49-403
14285,0.0,0.1302366250591882,2025-50-403
14286,0.0,0.11492135358184097,2025-51-403
14287,0.943894727677495,0.0715228898492305,2025-52-403
14540,0.0,0.2610375578158851,2025-1-404
14541,1.772408588032542,0.22753753462959925,2025-2-404
14542,1.0194768104868128,1.134560602978406,2025-3-404
14543,0.0,0.8672719839617746,2025-4-404
14544,0.0,0.5181614335662247,2025-5-404
14545,0.0,0.2506676721018505,2025-6-404
14546,0.0,0.36378010214374346,2025-7-404
14547,0.0,0.1681834269293193,2025-8-404
14548,0.0,0.00923011893824488,2025-9-404
14549,2.3991911769799628,0.11349911267585411,2025-10-404
14550,0.0,0.9966855404637861,2025-11-404
14551,0.0,0.6572937231916769,2025-12-404
14552,0.0,0.2421906865622372,2025-13-404
14553,2.302770523353301,0.2869847213589264,2025-14-404
14554,0.0,1.1685846294351647,2025-15-404
14555,0.0,0.7419601726470908,2025-16-404
14556,0.0,0.4216709498244833,2025-17-404
14557,2.8778975700017773,0.28328741360368537,2025-18-404
14558,0.0,1.38586807066491,2025-19-404
14559,0.0,1.0828751437825075,2025-20-404
14560,0.0,0.3927670748881199,2025-21-404
14561,0.0,0.24259616315585764,2025-22-404
14562,0.0,0.5913408513323233,2025-23-404
14563,1.950542681238428,0.0626927886415054,2025-24-404
14564,0.0,0.8781908245653605,2025-25-404
14565,0.0,0.5970147495471058,2025-26-404
14566,1.29286294881645,0.34134459448327736,2025-27-404
14567,0.0,0.6859557773405066,2025-28-404
14568,0.0,0.651773732536366,2025-29-404
14569,0.0,0.21283300556297058,2025-30-404
14570,0.0,-0.08187041848783161,2025-31-404
14571,0.0,-0.05140521037892398,2025-32-404
14572,0.7056990009096271,0.04103741116616888,2025-33-404
14573,0.0,0.25824838309056597,2025-34-404
14574,0.6726140117203641,0.28200085289537036,2025-35-404
14575,0.0,0.39180327454261277,2025-36-404
14576,0.0,0.2544004088432704,2025-37-404
14577,0.0,0.17901758013840974,2025-38-404
14578,1.2168585673169012,0.11802360747337937,2025-39-404
14579,0.0,0.5712171800733455,2025-40-404
14580,0.0,0.5203554355179869,2025-41-404
14581,0.0,0.21635330606417302,2025-42-404
14582,0.0,0.08712372417771708,2025-43-404
14583,0.0,0.16031593069052696,2025-44-404
14584,0.0,-0.06678987782379453,2025-45-404
14585,0.544793573870787,-0.04773205109395717,2025-46-404
14586,0.0,0.19625294281329875,2025-47-404
14587,0.0,0.1475101345880706,2025-48-404
14588,0.0,-0.01447401319530539,2025-49-404
14589,0.0,0.020328338657722655,2025-50-404
14590,0.0,0.07607328937925151,2025-51-404
14591,0.0,0.18020946993037634,2025-52-404
14844,0.598345806733904,0.18351187255934276,2025-1-405
14845,0.0,0.47241114440170984,2025-2-405
14846,0.0,0.45976171575835834,2025-3-405
14847,0.0,0.02760829353674099,2025-4-405
14848,0.0,0.017979905524045936,2025-5-405
14849,0.0,0.08040487772560545,2025-6-405
14850,0.0,0.06641719384759837,2025-7-405
14851,1.2711877228869557,-0.1103060059359613,2025-8-405
14852,0.0,0.4778479530403139,2025-9-405
14853,0.0,0.39218677236141,2025-10-405
14854,0.0,0.08622509080237484,2025-11-405
14855,0.0,0.08880056008344828,2025-12-405
14856,0.0,0.04666245746352993,2025-13-405
14857,0.0,0.05239666864249548,2025-14-405
14858,0.0,0.03982863973117201,2025-15-405
14859,0.0,0.07435948007309212,2025-16-405
14860,0.0,0.18430669975719116,2025-17-405
14861,0.0,0.10815727530775932,2025-18-405
14862,0.0,-0.06675826036717614,2025-19-405
14863,0.0,0.21901619700792618,2025-20-405
14864,0.0,0.06009380057499736,2025-21-405
14865,0.0,-0.025369137482830206,2025-22-405
14866,0.0,0.27448450335327657,2025-23-405
14867,0.0,-0.06456076453768955,2025-24-405
14868,0.0,0.09918413935244574,2025-25-405
14869,0.0,0.13117620943213415,2025-26-405
14870,0.0,0.12124589640099248,2025-27-405
14871,0.0,0.03697854360100039,2025-28-405
14872,0.0,0.0877605085835651,2025-29-405
14873,0.0,0.0442274089052519,2025-30-405
14874,0.0,-0.10142738325876866,2025-31-405
14875,0.0,-0.10164379322246186,2025-32-405
14876,0.0,0.04480504040449351,2025-33-405
14877,0.0,-0.01795714299765816,2025-34-405
14878,0.0,0.05802238620564615,2025-35-405
14879,0.0,-0.03665318030352149,2025-36-405
14880,0.0,-0.09318665748892974,2025-37-405
14881,0.0,0.04757149206374267,2025-38-405
14882,0.0,0.20761192065047962,2025-39-405
14883,0.0,0.09609581371252618,2025-40-405
14884,0.0,0.03774162845055784,2025-41-405
14885,0.0,0.06388900436454814,2025-42-405
14886,0.0,-0.06462762558788504,2025-43-405
14887,0.0,0.08968045532613955,2025-44-405
14888,0.0,-0.04746866786389736,2025-45-405
14889,0.0,0.01714620346474982,2025-46-405
14890,0.0,0.1007130029399268,2025-47-405
14891,0.0,0.019613795723320004,2025-48-405
14892,0.0,-0.016008012528393678,2025-49-405
14893,0.0,-0.057197088679031616,2025-50-405
14894,0.0,-0.024683774288178917,2025-51-405
14895,0.0,0.07549418086277038,2025-52-405
15148,1.444580362067734,0.22769127088223173,2025-1-406
15149,0.0,0.7377290243360837,2025-2-406
15150,0.0,0.9053472875904017,2025-3-406
15151,2.90822270602788,0.21929214751590587,2025-4-406
15152,0.0,1.3143986490170152,2025-5-406
15153,0.0,0.9489838735262172,2025-6-406
15154,0.0,0.4017784295701906,2025-7-406
15155,0.0,0.2300356099971521,2025-8-406
15156,0.0,0.46220444684567397,2025-9-406
15157,0.0,0.23034927851715115,2025-10-406
15158,0.0,-0.02033363615525463,2025-11-406
15159,0.0,-0.05263019014219106,2025-12-406
15160,0.0,0.0033549098516996168,2025-13-406
15161,4.420773529240683,0.2047173146521022,2025-14-406
15162,0.0,1.9335823801875665,2025-15-406
15163,0.0,1.217003670925857,2025-16-406
15164,0.0,0.6827504154943522,2025-17-406
15165,0.0,0.3784036436310044,2025-18-406
15166,0.0,0.28137794085848733,2025-19-406
15167,0.0,0.2621404707474302,2025-20-406
15168,0.0,-0.04507171945826749,2025-21-406
15169,0.0,-0.08101786180953452,2025-22-406
15170,0.0,0.22511814088555948,2025-23-406
15171,0.0,-0.06216872834614473,2025-24-406
15172,3.157911038224593,0.1455208566299917,2025-25-406
15173,3.299330500307758,1.4009899658516922,2025-26-406
15174,0.0,2.2140105367905267,2025-27-406
15175,0.0,1.2646898819533825,2025-28-406
15176,0.0,0.7337863721064306,2025-29-406
15177,0.0,0.54130810175649,2025-30-406
15178,0.0,0.16042960368093862,2025-31-406
15179,1.5038449847301154,-0.19798203670775294,2025-32-406
15180,0.0,0.46405005268081545,2025-33-406
15181,2.416050075174605,0.3230358895951365,2025-34-406
15182,0.0,1.2421090784626372,2025-35-406
15183,0.0,0.6845233557056094,2025-36-406
15184,0.0,0.3838603054550641,2025-37-406
15185,0.0,0.2660283937072897,2025-38-406
15186,0.0,0.2948431901647207,2025-39-406
15187,0.0,0.10083775083233937,2025-40-406
15188,0.0,0.1070785062994466,2025-41-406
15189,0.0,0.03255208074334326,2025-42-406
15190,0.0,-0.04916132438944576,2025-43-406
15191,0.0,0.10388339981865313,2025-44-406
15192,0.0,-0.07749773271617788,2025-45-406
15193,0.0,-0.012853981286154559,2025-46-406
15194,0.0,0.02580534581189009,2025-47-406
15195,0.0,-0.055771324297571034,2025-48-406
15196,0.0,-0.04982394203908069,2025-49-406
15197,0.0,-0.00460655259523457,2025-50-406
15198,0.0,-0.012112873408965497,2025-51-406
15199,0.0,0.13322721760700917,2025-52-406
15452,1.2794476712555964,1.1082502868196344,2025-1-407
15453,0.0,1.2169165238456572,2025-2-407
15454,1.7324280477510676,0.780631176695906,2025-3-407
15455,0.0,0.9826000672755152,2025-4-407
15456,2.719072810424188,0.5899884656190877,2025-5-407
15457,0.0,1.3353164734523495,2025-6-407
15458,0.0,0.729129424612132,2025-7-407
15459,0.0,0.2446924538091083,2025-8-407
15460,0.0,0.11656289668026687,2025-9-407
15461,0.0,0.18444182406258958,2025-10-407
15462,0.0,-0.1290343056739942,2025-11-407
15463,0.0,-0.14304091939367436,2025-12-407
15464,0.0,-0.1352061076019646,2025-13-407
15465,0.0,-0.08841037025194853,2025-14-407
15466,0.0,-0.0622182047416886,2025-15-407
15467,0.0,-0.014904338494930336,2025-16-407
15468,0.0,0.06990996612510014,2025-17-407
15469,0.0,0.03570737287866255,2025-18-407
15470,3.916705528899832,-0.1777404729671619,2025-19-407
15471,0.0,1.708092832040679,2025-20-407
15472,0.0,1.0387387587832833,2025-21-407
15473,0.0,0.4065721801038332,2025-22-407
15474,0.0,0.5549671706070499,2025-23-407
15475,0.0,0.3534519620164587,2025-24-407
15476,0.0,0.1297619600433172,2025-25-407
15477,0.0,0.005140822108513188,2025-26-407
15478,0.0,0.01362479105490344,2025-27-407
15479,0.0,-0.0643116660673646,2025-28-407
15480,0.0,0.07823873351893618,2025-29-407
15481,0.0,0.08468189755888755,2025-30-407
15482,1.3509590868157213,-0.10232219325033665,2025-31-407
15483,10.660878082623633,0.4521882767610067,2025-32-407
15484,3.605488367524221,4.68278129005917,2025-33-407
15485,2.141013849073617,4.226662605250253,2025-34-407
15486,0.0,3.1785339003598923,2025-35-407
15487,2.3746896609623995,1.7977853135562238,2025-36-407
15488,2.318537999772148,2.3411550202781104,2025-37-407
15489,2.239097420420465,2.075889420765554,2025-38-407
15490,0.0,1.7754600162245153,2025-39-407
15491,0.0,0.8912062831773916,2025-40-407
15492,0.9071051404373016,0.7498006541148032,2025-41-407
15493,1.1732890482673486,0.7282376263125158,2025-42-407
15494,0.0,0.8158934998908199,2025-43-407
15495,1.0152766351259055,0.45500839544072835,2025-44-407
15496,2.030600511627304,0.6166867979173771,2025-45-407
15497,3.7148342657925935,1.2591534657456522,2025-46-407
15498,0.0,2.4164575651842153,2025-47-407
15499,1.1595658099734747,1.3234205811638364,2025-48-407
15500,2.062854506339219,1.1190398592957225,2025-49-407
15501,0.0,1.5691972639490475,2025-50-407
15502,0.0,0.8711761881137935,2025-51-407
15503,0.0,0.2797577657779141,2025-52-407
15756,0.0,0.7084723337011956,2025-1-408
15757,0.0,0.5295782904472964,2025-2-408
15758,2.0750386460918966,0.3798262266259461,2025-3-408
15759,0.0,0.840142677454055,2025-4-408
15760,0.0,0.6286904681738246,2025-5-408
15761,0.0,0.22324699072926057,2025-6-408
15762,0.0,0.06419247647316961,2025-7-408
15763,0.0,0.011578017171719468,2025-8-408
15764,0.0,-0.07413557183354347,2025-9-408
15765,0.0,-0.03624350404427035,2025-10-408
15766,0.0,-0.1192812562158363,2025-11-408
15767,0.0,-0.0457909672352097,2025-12-408
15768,0.0,-0.10180828915725315,2025-13-408
15769,0.0,-0.07374309081217256,2025-14-408
15770,7.813454462333623,-0.041633939494734706,2025-15-408
15771,0.0,3.170098928677078,2025-16-408
15772,5.580738905832078,2.078917880995559,2025-17-408
15773,0.0,3.189978598893554,2025-18-408
15774,0.0,1.8400593424318674,2025-19-408
15775,0.0,1.4444642174512805,2025-20-408
15776,0.0,0.5000280471430726,2025-21-408
15777,0.0,0.22419724371120509,2025-22-408
15778,5.715933483224909,0.2758640414612119,2025-23-408
15779,0.0,2.140256659498112,2025-24-408
15780,0.0,1.463647488077978,2025-25-408
15781,3.497528562348196,0.7138915448250116,2025-26-408
15782,0.0,1.812589284229654,2025-27-408
15783,0.0,1.2613427371116903,2025-28-408
15784,0.0,0.4621489884669806,2025-29-408
15785,0.0,0.0755009236179055,2025-30-408
15786,0.0,0.09014685462720229,2025-31-408
15787,1.5938991406579703,-0.119834291430029,2025-32-408
15788,0.0,0.601952648275452,2025-33-408
15789,0.0,0.29434942458612257,2025-34-408
15790,0.0,0.2455090287591537,2025-35-408
15791,0.0,0.09434573898312992,2025-36-408
15792,0.0,0.11697970943284708,2025-37-408
15793,0.0,0.07951634195873869,2025-38-408
15794,0.0,0.12580074297505517,2025-39-408
15795,1.3160775121481962,0.10972861358718633,2025-40-408
15796,0.0,0.7609231731323705,2025-41-408
15797,0.0,0.406990172480593,2025-42-408
15798,0.0,0.06287253460203424,2025-43-408
15799,0.0,0.07781231246422426,2025-44-408
15800,0.0,0.04088731164436821,2025-45-408
15801,0.0,-0.08003077451175522,2025-46-408
15802,0.0,-0.041253674255032236,2025-47-408
15803,0.0,-0.03027611632178062,2025-48-408
15804,0.0,-0.1305569800396944,2025-49-408
15805,0.0,-0.12290721254338033,2025-50-408
15806,0.0,-0.07940191912719974,2025-51-408
15807,0.0,-0.016807470129211577,2025-52-408
16060,0.0,0.09732998214921806,2025-1-409
16061,0.0,0.07378162058044002,2025-2-409
16062,0.0,0.08200619709148582,2025-3-409
16063,0.0,-0.15661134162990842,2025-4-409
16064,0.0,-0.07730330249915607,2025-5-409
16065,2.7457059459211086,-0.05407924621606597,2025-6-409
16066,0.0,1.079410358015652,2025-7-409
16067,0.0,0.5388096416850383,2025-8-409
16068,0.0,0.21754555902084305,2025-9-409
16069,0.0,0.2039356820511249,2025-10-409
16070,3.096322969615617,0.09213160791607766,2025-11-409
16071,0.0,1.1912730127543705,2025-12-409
16072,0.0,0.598430102852903,2025-13-409
16073,0.0,0.24793155416994406,2025-14-409
16074,0.0,0.17668333616840282,2025-15-409
16075,0.0,0.24500690567947891,2025-16-409
16076,0.0,0.12635634840352483,2025-17-409
16077,0.0,-0.04612745945716834,2025-18-409
16078,0.0,-0.15162877257329876,2025-19-409
16079,0.0,0.14484519886276226,2025-20-409
16080,0.0,0.012391646439321669,2025-21-409
16081,0.0,-0.08064499072919773,2025-22-409
16082,0.0,0.20327324247167122,2025-23-409
16083,0.0,-0.03872813269441666,2025-24-409
16084,0.0,0.06968109946430157,2025-25-409
16085,0.0,0.09727274404958497,2025-26-409
16086,0.0,0.07852589977140556,2025-27-409
16087,0.0,-0.04754144490140377,2025-28-409
16088,0.0,0.04081789763110688,2025-29-409
16089,1.2822764479880682,-0.009608334018538667,2025-30-409
16090,0.0,0.35472087577878963,2025-31-409
16091,0.0,0.20670254202915406,2025-32-409
16092,0.0,0.13767947774895462,2025-33-409
16093,0.0,0.01054744669878338,2025-34-409
16094,0.0,0.07138464995206206,2025-35-409
16095,1.0340759754546,-0.12282380341308508,2025-36-409
16096,0.0,0.2215528619348235,2025-37-409
16097,0.975137839902566,0.3059600442311676,2025-38-409
16098,0.0,0.6663883671538787,2025-39-409
16099,0.0,0.3745987982794433,2025-40-409
16100,0.0,0.24527452840319264,2025-41-409
16101,0.0,0.012394699237769258,2025-42-409
16102,1.040948655970834,-0.057160817945992815,2025-43-409
16103,0.8846055430844928,0.49677629463531403,2025-44-409
16104,0.884674402195462,0.5079848976918812,2025-45-409
16105,0.0,0.7232493037661943,2025-46-409
16106,0.8249697485875483,0.45788809673252306,2025-47-409
16107,1.010544535403223,0.5204508672383494,2025-48-409
16108,0.0,0.6771426751444188,2025-49-409
16109,0.7764027375065407,0.3461072152616962,2025-50-409
16110,0.0,0.4105617562888444,2025-51-409
16111,0.0,0.2893238358046558,2025-52-409
16364,0.0,1.2360282372020914,2025-1-410
16365,0.4163837348239487,1.1324858283933745,2025-2-410
16366,0.9578145146870444,1.7440827232049858,2025-3-410
16367,2.135651206477109,1.3359293249886757,2025-4-410
16368,0.0,1.6533537421362579,2025-5-410
16369,0.8722012788517487,0.7298138315609164,2025-6-410
16370,0.0,0.8976011130675872,2025-7-410
16371,1.5013842117887846,0.8655236705274467,2025-8-410
16372,2.349413983578156,1.9158459842757625,2025-9-410
16373,0.0,2.4418454656334854,2025-10-410
16374,0.0,1.3775773848895931,2025-11-410
16375,0.7296844165095235,0.7402143352802817,2025-12-410
16376,0.9149724337562228,0.9121587896424208,2025-13-410
16377,2.158804381228866,1.7679746731130175,2025-14-410
16378,0.0,1.817240521852884,2025-15-410
16379,3.0534118233129828,1.2431093389051988,2025-16-410
16380,0.0,2.1060844678712747,2025-17-410
16381,2.6958572394650964,1.2946980262925416,2025-18-410
16382,2.1561570572864674,1.8623527544600091,2025-19-410
16383,1.0566807291651483,2.3505218587126673,2025-20-410
16384,0.0,1.6726905814094177,2025-21-410
16385,0.0,0.8397732759249192,2025-22-410
16386,0.0,0.7217873880237873,2025-23-410
16387,0.9125079854963156,0.34057579422727124,2025-24-410
16388,1.537851637729026,0.591803691176778,2025-25-410
16389,1.606317986651562,0.8709566139307834,2025-26-410
16390,1.208948789155392,1.2842494559961488,2025-27-410
16391,0.0,1.2331446667984753,2025-28-410
16392,0.0,0.6918713394865539,2025-29-410
16393,0.4041942825046584,0.5512467115213566,2025-30-410
16394,0.3706510178197112,0.3128388565392525,2025-31-410
16395,0.7310335352573959,0.4419044484899536,2025-32-410
16396,0.0,0.5648396838981102,2025-33-410
16397,0.2934651751850619,0.3675974721592459,2025-34-410
16398,0.3139808304076993,0.5377320151276501,2025-35-410
16399,0.0,0.416338042007779,2025-36-410
16400,0.317538103539501,0.3815610228627345,2025-37-410
16401,0.0,0.4784170333530404,2025-38-410
16402,0.0,0.32657923558349056,2025-39-410
16403,0.6025149960187481,0.2538717121498647,2025-40-410
16404,0.2481966884119462,0.7312762630645623,2025-41-410
16405,0.3209409814390442,0.5234744567683363,2025-42-410
16406,0.0,0.4277479181603142,2025-43-410
16407,0.0,0.3816492376296252,2025-44-410
16408,0.8324949688366857,0.22432086878553115,2025-45-410
16409,0.0,0.7190080557012968,2025-46-410
16410,0.0,0.4979480696006946,2025-47-410
16411,0.3166703596864134,0.32905663488433445,2025-48-410
16412,0.5632001451772316,0.4293036931383045,2025-49-410
16413,0.9725590158871616,0.5617618789297748,2025-50-410
16414,0.8863671882359533,0.9505397053639789,2025-51-410
16415,0.4860385202897261,1.2196345526296917,2025-52-410
16668,15.827627455284183,0.6730097753494126,2025-1-501
16669,0.0,6.973588436805595,2025-2-501
16670,0.5638329854150161,4.26439048380217,2025-3-501
16671,0.0,2.1223834976854112,2025-4-501
16672,0.0,1.3940168173938854,2025-5-501
16673,1.0272951715859346,1.4466364541647354,2025-6-501
16674,0.0,0.7201344698575101,2025-7-501
16675,0.8844226478741478,-0.04682934756201851,2025-8-501
16676,0.9227753621898918,0.44980290639489373,2025-9-501
16677,0.0,0.843074041220244,2025-10-501
16678,1.1574117700017856,0.3907178015546475,2025-11-501
16679,24.084058244821914,0.6469733632586094,2025-12-501
16680,6.472251483857988,10.1025791608323,2025-13-501
16681,1.2727378007631986,8.995958024087242,2025-14-501
16682,0.0,5.038048338298298,2025-15-501
16683,0.0,2.940504830394749,2025-16-501
16684,0.0,2.8759384603257523,2025-17-501
16685,0.0,0.8381469053452658,2025-18-501
16686,0.0,-0.46615993186900107,2025-19-501
16687,0.0,-0.12818453455061762,2025-20-501
16688,0.0,0.08054064239607062,2025-21-501
16689,0.0,-0.006313777146302435,2025-22-501
16690,0.0,0.17412305089833235,2025-23-501
16691,1.0774217973339353,0.09610462090380611,2025-24-501
16692,0.9080143060559812,0.48725358837670985,2025-25-501
16693,0.0,0.8919452729194269,2025-26-501
16694,1.4280278535630455,0.4547734400704567,2025-27-501
16695,0.5829390997652641,0.9387959852503609,2025-28-501
16696,1.2101616580435193,1.0652882208125205,2025-29-501
16697,0.4776437218081253,1.1155753365660885,2025-30-501
16698,0.0,0.8247068090898098,2025-31-501
16699,0.4320604030007052,0.5324526092090961,2025-32-501
16700,0.7792149144191673,0.6410186073722013,2025-33-501
16701,0.3469899157530535,0.6796513380955393,2025-34-501
16702,1.1138999370589897,0.5308958071118135,2025-35-501
16703,0.7695204971168955,0.7711640493795713,2025-36-501
16704,2.629290642978241,0.8594687655455175,2025-37-501
16705,1.813478243305097,1.6324247264792402,2025-38-501
16706,1.3431723051022062,1.8338076227405098,2025-39-501
16707,0.7130117649438601,1.5663618300149864,2025-40-501
16708,0.8812667431358081,1.312261841817793,2025-41-501
16709,1.5196255495025668,1.1411181727934496,2025-42-501
16710,1.5472568447852464,1.178839952124518,2025-43-501
16711,2.9579081659973485,1.2955998616405289,2025-44-501
16712,1.643105357356871,2.079785873179692,2025-45-501
16713,1.20221874889022,1.8332110180676278,2025-46-501
16714,1.5316476803329782,1.7607290424223994,2025-47-501
16715,0.3751679980934364,1.5660861759635474,2025-48-501
16716,0.0,1.1069952040440465,2025-49-501
16717,0.2881352515713308,0.5880946026432001,2025-50-501
16718,0.7003639922460728,0.48220633466991103,2025-51-501
16719,0.5761466363125962,0.5689667423117073,2025-52-501
16972,0.0,0.7488883028268367,2025-1-502
16973,0.0,0.5928393297102766,2025-2-502
16974,0.0,0.229170425084691,2025-3-502
16975,1.1587825826581228,0.08165290574683692,2025-4-502
16976,0.0,0.6268039007048619,2025-5-502
16977,0.0,0.39564328978255636,2025-6-502
16978,0.0,0.24792416444244436,2025-7-502
16979,0.0,0.12254094775307789,2025-8-502
16980,0.0,0.17528901733745084,2025-9-502
16981,0.0,0.2173918233646437,2025-10-502
16982,0.0,0.017324577261625285,2025-11-502
16983,2.3802255942390773,0.0666580263928831,2025-12-502
16984,1.4926856903130394,1.0146158488626162,2025-13-502
16985,1.7613712889734738,1.4138904067879599,2025-14-502
16986,0.0,1.52129302022778,2025-15-502
16987,0.0,1.010692091113485,2025-16-502
16988,0.0,0.8265755168913902,2025-17-502
16989,0.0,0.407142223883735,2025-18-502
16990,1.76138215457267,0.1830006863268514,2025-19-502
16991,1.7268473788324925,0.9999053931475307,2025-20-502
16992,0.0,1.3312521607160444,2025-21-502
16993,0.0,0.8585942618114232,2025-22-502
16994,0.0,0.6712135765678487,2025-23-502
16995,0.0,0.4213887243540202,2025-24-502
16996,0.0,0.23786003724013471,2025-25-502
16997,0.0,0.08792901233734329,2025-26-502
16998,0.0,-0.0032101146477396814,2025-27-502
16999,0.8079804545604647,0.13282205927246682,2025-28-502
17000,0.0,0.4911131373677212,2025-29-502
17001,0.0,0.30925151426126607,2025-30-502
17002,0.0,0.18065310696999315,2025-31-502
17003,0.0,0.15339171762906112,2025-32-502
17004,0.0,0.37189637948780163,2025-33-502
17005,0.4812558819002585,0.2176637315067359,2025-34-502
17006,0.0,0.3827045457676317,2025-35-502
17007,0.5337564364371381,0.3168641289913777,2025-36-502
17008,0.0,0.44558051613729055,2025-37-502
17009,0.0,0.3418540660580579,2025-38-502
17010,0.9319554545908962,0.27332941617279516,2025-39-502
17011,0.0,0.5224588247319515,2025-40-502
17012,0.4077304448923025,0.49747809793069764,2025-41-502
17013,0.0,0.4168146547504955,2025-42-502
17014,1.0740214846345917,0.193024163745655,2025-43-502
17015,0.9126399436653956,0.7040300343667603,2025-44-502
17016,0.0,0.9956945731314888,2025-45-502
17017,1.2521764011626495,0.48885157714494776,2025-46-502
17018,0.4254576475498885,1.1799980658338514,2025-47-502
17019,0.52112263829524,0.8643466877325543,2025-48-502
17020,0.4635248352753274,0.6526859827505472,2025-49-502
17021,0.800633741218872,0.6186060153983695,2025-50-502
17022,0.0,0.9131701011249098,2025-51-502
17023,0.0,0.5068399557559016,2025-52-502
17276,0.4645319279182766,1.9464109899515512,2025-1-503
17277,1.093310877921502,1.5293277997793582,2025-2-503
17278,0.0,1.1263057615916194,2025-3-503
17279,0.0,0.616095281662513,2025-4-503
17280,1.973352622771699,0.46667433045304707,2025-5-503
17281,0.0,1.0071378610844481,2025-6-503
17282,2.492083164771353,0.6606939862150374,2025-7-503
17283,0.0,1.249925355736952,2025-8-503
17284,0.0,0.8239419703321773,2025-9-503
17285,0.0,0.6532782018755126,2025-10-503
17286,1.290759341130985,0.229322328899204,2025-11-503
17287,0.0,0.7580431050234351,2025-12-503
17288,0.0,0.4150466422215129,2025-13-503
17289,0.0,0.2798385523113842,2025-14-503
17290,0.0,0.2017964554015741,2025-15-503
17291,0.0,0.30185967817200987,2025-16-503
17292,0.0,0.30434931167114265,2025-17-503
17293,0.0,0.08932068388205217,2025-18-503
17294,0.0,0.07241963029927079,2025-19-503
17295,0.0,0.25327988291661985,2025-20-503
17296,0.0,0.22194271859166637,2025-21-503
17297,2.8939748515764445,0.2292495377666407,2025-22-503
17298,0.0,1.5133461310324916,2025-23-503
17299,0.0,0.9712305546191091,2025-24-503
17300,0.0,0.5438495858840231,2025-25-503
17301,0.0,0.488169143813764,2025-26-503
17302,0.7962004254332893,0.4316837092444321,2025-27-503
17303,0.6500337909553333,0.5207232802517293,2025-28-503
17304,0.6747193521422785,0.6529722802762788,2025-29-503
17305,2.130447643423978,0.56517566353328,2025-30-503
17306,2.442387576507546,1.2065876240670756,2025-31-503
17307,1.927104726460365,1.8319736188240883,2025-32-503
17308,1.7377413761426403,2.103398452196122,2025-33-503
17309,2.3214697330416434,1.7847889366412022,2025-34-503
17310,2.4840945977249347,2.1025142519509337,2025-35-503
17311,1.7160865117056137,2.282510524318032,2025-36-503
17312,2.094095993305654,1.9690420377225368,2025-37-503
17313,0.4044132796037727,1.9483921801560133,2025-38-503
17314,1.4976551677570544,1.4479844882041852,2025-39-503
17315,3.180049115019869,1.35878882591667,2025-40-503
17316,3.9304434625863727,2.225094846953828,2025-41-503
17317,7.201065142816486,2.854862363375399,2025-42-503
17318,4.744204186437492,4.423457490141768,2025-43-503
17319,4.763770596648357,4.597204034835139,2025-44-503
17320,5.496029082947963,4.763624141685811,2025-45-503
17321,7.707450492999446,5.004675004202803,2025-46-503
17322,5.806230128712815,6.514325997867114,2025-47-503
17323,4.182917369337882,5.799729164941959,2025-48-503
17324,6.324288110687453,4.7680301089526065,2025-49-503
17325,6.425012722285144,5.333731812052772,2025-50-503
17326,4.294683398484503,5.973550150683633,2025-51-503
17327,3.2117722637659,4.935180104407733,2025-52-503
17580,1.326913442781411,0.2275377986778021,2025-1-504
17581,0.0,0.9427653330514639,2025-2-504
17582,1.796357422149434,0.6414333424353635,2025-3-504
17583,0.0,0.9672268191807215,2025-4-504
17584,0.0,0.6886641229361391,2025-5-504
17585,0.0,0.436635932876709,2025-6-504
17586,0.0,0.40949563498964825,2025-7-504
17587,2.818264680440828,0.31627792028579726,2025-8-504
17588,0.0,1.3296277760203945,2025-9-504
17589,0.0,0.9395373183796858,2025-10-504
17590,0.0,0.3575123689076628,2025-11-504
17591,0.0,0.2691087032762244,2025-12-504
17592,0.0,0.2707325844073014,2025-13-504
17593,4.056544505095024,0.19989182276133421,2025-14-504
17594,0.0,1.6953850508493353,2025-15-504
17595,0.0,1.1984919329427448,2025-16-504
17596,0.0,0.8268460950509571,2025-17-504
17597,0.0,0.47691327871973666,2025-18-504
17598,4.055083407137924,0.41565575365281293,2025-19-504
17599,3.975285773027657,1.9514473020226033,2025-20-504
17600,0.0,2.7506794411742943,2025-21-504
17601,0.0,1.5138360048248227,2025-22-504
17602,0.0,0.9576419934369363,2025-23-504
17603,0.0,0.6439499153403758,2025-24-504
17604,0.0,0.28117646899982107,2025-25-504
17605,0.0,0.0788150448893643,2025-26-504
17606,0.0,-0.05330326787105544,2025-27-504
17607,0.0,0.17729446476095767,2025-28-504
17608,0.0,0.2747050240691117,2025-29-504
17609,0.0,0.17966497216098354,2025-30-504
17610,0.0,0.17060660812507733,2025-31-504
17611,0.0,0.1590588065116817,2025-32-504
17612,0.0,0.32499640158993903,2025-33-504
17613,1.1067348180710772,0.20166812042265403,2025-34-504
17614,1.184313057311049,0.6442211846871703,2025-35-504
17615,0.0,1.021615226741189,2025-36-504
17616,1.1981518936032425,0.6352427286575646,2025-37-504
17617,5.784935603985274,0.8641246021221562,2025-38-504
17618,0.0,3.1545919333323913,2025-39-504
17619,1.1373197381476288,1.893750961104861,2025-40-504
17620,0.9371666875717828,1.457184201607997,2025-41-504
17621,6.060272474169672,1.306915396344373,2025-42-504
17622,8.638947635801058,3.2798436084713742,2025-43-504
17623,3.145854526326738,5.422919892204761,2025-44-504
17624,3.14562309259056,4.408459304376777,2025-45-504
17625,5.754128958468236,3.696499823207071,2025-46-504
17626,4.887407152325297,4.876521454421541,2025-47-504
17627,2.3943642858527863,4.865088970243722,2025-48-504
17628,8.518270028709294,3.40441376368115,2025-49-504
17629,0.9195184053891872,5.1591602736233755,2025-50-504
17630,1.1175645865380686,3.684889817516322,2025-51-504
17631,1.8387666919332453,2.3424394123956045,2025-52-504
17884,0.0,1.4500169601789394,2025-1-505
17885,0.0,0.9960447853954745,2025-2-505
17886,0.0,0.5744147398772342,2025-3-505
17887,1.3743291944001736,0.22533195588943278,2025-4-505
17888,0.0,0.8001138729448203,2025-5-505
17889,0.0,0.4839419830277403,2025-6-505
17890,1.831635058490651,0.24024924971331318,2025-7-505
17891,0.0,0.8394626380411836,2025-8-505
17892,0.0,0.6631611171468963,2025-9-505
17893,0.0,0.42036604111096443,2025-10-505
17894,0.0,0.11729557555016268,2025-11-505
17895,0.0,0.20118523225675222,2025-12-505
17896,0.0,0.04067959020736733,2025-13-505
17897,0.0,0.10909751426593384,2025-14-505
17898,0.0,0.09959288816634804,2025-15-505
17899,0.0,0.1311158443730056,2025-16-505
17900,2.482165493566143,0.24347731199474376,2025-17-505
17901,0.0,1.0974312118698575,2025-18-505
17902,0.0,0.6823950409693824,2025-19-505
17903,4.086487138600817,0.42869601309929495,2025-20-505
17904,2.976864590946722,2.043000097953831,2025-21-505
17905,0.0,2.480795778319577,2025-22-505
17906,0.0,1.35024106019426,2025-23-505
17907,0.0,0.6477393372953659,2025-24-505
17908,1.4875669933684754,0.537168940675355,2025-25-505
17909,0.0,1.0738091731039425,2025-26-505
17910,2.339306462945548,0.2742402191832298,2025-27-505
17911,3.819584059257008,1.1075891393446835,2025-28-505
17912,6.937880075755284,2.5269161692237114,2025-29-505
17913,6.258811678817436,4.180849357199415,2025-30-505
17914,10.76247876013736,4.9810014491409005,2025-31-505
17915,6.3686848588064935,7.2145558220806745,2025-32-505
17916,5.1046094818369285,7.11611136451302,2025-33-505
17917,6.819081388304875,6.0880074541536615,2025-34-505
17918,6.6884870636651925,6.14082994820242,2025-35-505
17919,10.711046741541068,6.365774062833032,2025-36-505
17920,7.380692658374422,7.72929939992407,2025-37-505
17921,10.689876800867523,7.27560517230602,2025-38-505
17922,7.147521614460145,8.51415668966498,2025-39-505
17923,6.420699124707816,7.963417958639574,2025-40-505
17924,12.985401378486824,7.121645033163815,2025-41-505
17925,6.21963135670015,9.015758099402566,2025-42-505
17926,12.031690186815837,7.763657780042803,2025-43-505
17927,19.36858405899437,8.7961155724308,2025-44-505
17928,15.600164752830253,13.085663971327099,2025-45-505
17929,12.791315921257512,13.979329434485841,2025-46-505
17930,8.52390825571185,12.900806272430607,2025-47-505
17931,18.4217388127946,10.595189398526689,2025-48-505
17932,10.376047985128857,13.668802778601908,2025-49-505
17933,8.48824132784472,11.954820725479324,2025-50-505
17934,6.877118526441821,9.648369848116651,2025-51-505
17935,8.485738184710248,7.880011774001146,2025-52-505
18188,2.0734347451313866,0.9193380055922182,2025-1-506
18189,6.100685129048247,1.476943228325216,2025-2-506
18190,4.211093859210918,3.3484217808727204,2025-3-506
18191,6.2612338431957255,3.511485813567721,2025-4-506
18192,6.609082472804113,4.605600352117097,2025-5-506
18193,0.0,5.460723355332481,2025-6-506
18194,0.0,3.3280426167577977,2025-7-506
18195,0.0,1.6192152259603243,2025-8-506
18196,4.597629000463638,0.9689532505607665,2025-9-506
18197,0.0,2.558408177209797,2025-10-506
18198,0.0,1.0862205627925512,2025-11-506
18199,0.0,0.40799156533372416,2025-12-506
18200,0.0,0.31979242302456423,2025-13-506
18201,0.0,0.5127630143875895,2025-14-506
18202,0.0,0.14885242997692716,2025-15-506
18203,0.0,0.04279571996545051,2025-16-506
18204,0.0,0.27102102189064936,2025-17-506
18205,7.930934875148241,0.1522592470533336,2025-18-506
18206,0.0,3.2498859251273062,2025-19-506
18207,3.110172702428696,2.2742575856485185,2025-20-506
18208,0.0,2.379428975729123,2025-21-506
18209,0.0,1.4630341431756362,2025-22-506
18210,0.0,1.221242737704146,2025-23-506
18211,0.0,0.38888954208823356,2025-24-506
18212,0.0,0.08908343632130922,2025-25-506
18213,0.0,0.1027517945466968,2025-26-506
18214,0.0,-0.09289569304474843,2025-27-506
18215,0.0,0.07814934841536236,2025-28-506
18216,0.0,0.19659904853047339,2025-29-506
18217,1.1926359471233476,0.027593554928110997,2025-30-506
18218,0.0,0.5751112985893646,2025-31-506
18219,1.0790566287170993,0.37362807967174316,2025-32-506
18220,0.9731392395470512,0.8985177906195112,2025-33-506
18221,0.0,0.9878340639905188,2025-34-506
18222,0.0,0.6647628286643339,2025-35-506
18223,0.0,0.3502259350283855,2025-36-506
18224,0.0,0.271453075675289,2025-37-506
18225,0.9064203037041132,0.24980913619833656,2025-38-506
18226,0.0,0.5725749377477705,2025-39-506
18227,0.0,0.37161856931474135,2025-40-506
18228,2.2031203693435955,0.26339161207035555,2025-41-506
18229,3.799402098321107,1.14062695507962,2025-42-506
18230,1.9344562018183027,2.2875022724348826,2025-43-506
18231,1.6437904603662483,2.1937003804047395,2025-44-506
18232,4.109485757348438,1.886617407877235,2025-45-506
18233,6.766060136333515,2.8126910475592446,2025-46-506
18234,6.896821375936296,4.66448333770796,2025-47-506
18235,3.7544914142283954,5.271482872806029,2025-48-506
18236,5.844175944817565,4.475809956221401,2025-49-506
18237,9.373472919721117,4.9707089886901255,2025-50-506
18238,5.258399126781565,6.929437344085289,2025-51-506
18239,0.0,6.107273709835403,2025-52-506
18492,0.0,1.8129526887190064,2025-1-507
18493,0.0,1.117005381500934,2025-2-507
18494,2.282614359603377,0.5436937839252286,2025-3-507
18495,0.0,1.1796478085981734,2025-4-507
18496,0.0,0.861334824181943,2025-5-507
18497,0.0,0.3546868286203634,2025-6-507
18498,0.0,0.2500052013741154,2025-7-507
18499,0.0,0.22575663250940303,2025-8-507
18500,3.739766588646163,0.09496100567738552,2025-9-507
18501,0.0,1.6733422274693153,2025-10-507
18502,4.692364424490925,0.995980920314374,2025-11-507
18503,0.0,2.4409896650000817,2025-12-507
18504,4.374850640344635,1.5114805694088458,2025-13-507
18505,0.0,2.7614317792581127,2025-14-507
18506,8.605077597245026,1.6252024677583976,2025-15-507
18507,0.0,4.4479457113882965,2025-16-507
18508,0.0,2.8086639892465066,2025-17-507
18509,0.0,1.4254351534994179,2025-18-507
18510,0.0,0.6958378324283111,2025-19-507
18511,0.0,0.9178487097450638,2025-20-507
18512,0.0,0.2567028756846548,2025-21-507
18513,0.0,-0.07655339688786023,2025-22-507
18514,6.299923061404283,0.2905819478332017,2025-23-507
18515,4.378218735382204,2.629772685259426,2025-24-507
18516,0.0,3.5081891649854247,2025-25-507
18517,3.855985401619643,1.9894255309534299,2025-26-507
18518,0.0,2.4748306849394313,2025-27-507
18519,0.0,1.8522740519688505,2025-28-507
18520,0.0,0.9924715399175829,2025-29-507
18521,0.0,0.18260189153738304,2025-30-507
18522,0.0,0.2609256573821044,2025-31-507
18523,0.0,0.09490527267524795,2025-32-507
18524,1.5857404750065316,0.14938832069892216,2025-33-507
18525,0.0,0.8316030252762346,2025-34-507
18526,3.023523986026812,0.6075112012764267,2025-35-507
18527,0.0,1.5944031317121192,2025-36-507
18528,0.0,1.0310100534518354,2025-37-507
18529,1.477512566617294,0.5595345594750423,2025-38-507
18530,1.3681613588267,1.022165816546964,2025-39-507
18531,0.0,1.190696106583542,2025-40-507
18532,1.197305969690062,0.5978861602741722,2025-41-507
18533,0.0,0.8000917430018049,2025-42-507
18534,3.1543131525301136,0.43107217890076477,2025-43-507
18535,1.3402666927056957,1.6730264910622958,2025-44-507
18536,1.3403588807359164,1.5388815207530544,2025-45-507
18537,1.226099788516769,1.2921136539262432,2025-46-507
18538,1.249878482498955,1.3083362962682326,2025-47-507
18539,1.531021511732758,1.1639030820423093,2025-48-507
18540,0.0,1.2822977135476616,2025-49-507
18541,1.1762646000460502,0.6512722123890653,2025-50-507
18542,1.4298121487956348,0.9151047049061904,2025-51-507
18543,0.0,1.1872614798792989,2025-52-507
18796,0.0,1.0570740758241672,2025-1-508
18797,0.0,0.86296978079876,2025-2-508
18798,0.0,0.7235867116635519,2025-3-508
18799,2.743994800794792,-0.015683286003048913,2025-4-508
18800,0.0,1.1561481787706938,2025-5-508
18801,0.0,0.5544343001303791,2025-6-508
18802,0.0,0.4333585942851187,2025-7-508
18803,0.0,0.44555396525314506,2025-8-508
18804,0.0,0.3550077536757915,2025-9-508
18805,0.0,0.2989039155886646,2025-10-508
18806,0.0,0.08922950426095522,2025-11-508
18807,0.0,0.11334266322941278,2025-12-508
18808,0.0,0.08990460027404046,2025-13-508
18809,0.0,0.28174850280782004,2025-14-508
18810,0.0,0.23895894892112945,2025-15-508
18811,0.0,0.24631922902301784,2025-16-508
18812,0.0,0.36828463967462555,2025-17-508
18813,0.0,0.18208586478736644,2025-18-508
18814,0.0,0.10933617768205117,2025-19-508
18815,4.093272824967282,0.4025385103930903,2025-20-508
18816,5.964863936514524,1.8921769958630132,2025-21-508
18817,0.0,3.5831063131972103,2025-22-508
18818,0.0,2.2463523542527737,2025-23-508
18819,0.0,1.072633022378597,2025-24-508
18820,0.0,0.8669450627188782,2025-25-508
18821,3.1169677907654,0.6731136402923221,2025-26-508
18822,0.0,1.2941783470765882,2025-27-508
18823,0.0,0.7254082691212234,2025-28-508
18824,0.0,0.5236978636446369,2025-29-508
18825,0.0,0.2777103864021069,2025-30-508
18826,1.4407187281563738,0.28094261327199355,2025-31-508
18827,1.4212087929893638,0.7711303782868439,2025-32-508
18828,2.563572622824711,1.2027241872068426,2025-33-508
18829,0.0,1.606378011005912,2025-34-508
18830,0.0,1.0427290650773204,2025-35-508
18831,0.0,0.6786137941945047,2025-36-508
18832,2.4731960421878925,0.3041503480608059,2025-37-508
18833,0.0,1.305121783409104,2025-38-508
18834,4.423534586097939,0.770805151389033,2025-39-508
18835,1.1743004483931463,2.0382698496825444,2025-40-508
18836,0.9677729149972664,1.8688029045994492,2025-41-508
18837,7.510865341418766,1.5631275899053447,2025-42-508
18838,7.648751959912946,3.7665425136505313,2025-43-508
18839,1.0833127168076402,5.61890532985904,2025-44-508
18840,2.166764984334946,3.4994425146219412,2025-45-508
18841,0.9910250561028444,2.6192611171177167,2025-46-508
18842,0.0,2.4041458072938457,2025-47-508
18843,2.474949303568397,1.200010113412067,2025-48-508
18844,2.2015439959591694,1.263843398782394,2025-49-508
18845,7.605823355851821,1.771654025836805,2025-50-508
18846,0.0,4.193778594479792,2025-51-508
18847,1.901700593104093,2.759065587373544,2025-52-508
19100,2.952411585779295,3.4570273764009913,2025-1-509
19101,0.0,3.267744838808503,2025-2-509
19102,0.0,1.7842431868044901,2025-3-509
19103,0.0,0.9354684754491452,2025-4-509
19104,0.0,0.8864180005239761,2025-5-509
19105,0.0,0.44461029292701526,2025-6-509
19106,0.0,-0.014880363217304904,2025-7-509
19107,0.0,-0.0592103462388438,2025-8-509
19108,0.0,0.0659717997174496,2025-9-509
19109,9.420462218088954,0.223158954596397,2025-10-509
19110,0.0,3.905769920009389,2025-11-509
19111,0.0,2.461662067344986,2025-12-509
19112,0.0,1.2280123750846146,2025-13-509
19113,18.095523878561103,0.9548420251127377,2025-14-509
19114,0.0,8.239610666711219,2025-15-509
19115,0.0,4.895441749804877,2025-16-509
19116,0.0,2.153379140646294,2025-17-509
19117,0.0,1.3619621205427066,2025-18-509
19118,0.0,1.5940710886765335,2025-19-509
19119,0.0,0.45685914996903165,2025-20-509
19120,0.0,-0.19444370008620937,2025-21-509
19121,0.0,0.06799490632725891,2025-22-509
19122,0.0,0.33290508126133145,2025-23-509
19123,7.6763216046125695,0.13281240117535476,2025-24-509
19124,0.0,3.2076701458171994,2025-25-509
19125,0.0,2.1384627648058743,2025-26-509
19126,0.0,0.9173851301675322,2025-27-509
19127,0.0,0.597840204347682,2025-28-509
19128,0.0,0.7709054857137463,2025-29-509
19129,0.0,0.15337632093805054,2025-30-509
19130,0.0,-0.08259060359171344,2025-31-509
19131,0.0,0.0845317613477714,2025-32-509
19132,0.0,0.26233326770623067,2025-33-509
19133,0.0,0.19537206695225218,2025-34-509
19134,0.0,0.22284845318454405,2025-35-509
19135,0.0,0.28516507272273495,2025-36-509
19136,0.0,0.2091232425766416,2025-37-509
19137,2.592266316620768,0.03952790552086127,2025-38-509
19138,0.0,1.1376186590812811,2025-39-509
19139,0.0,0.7169299789183015,2025-40-509
19140,0.0,0.5816819964816832,2025-41-509
19141,0.0,0.45399250555483395,2025-42-509
19142,8.303300463114699,0.3479308846627326,2025-43-509
19143,0.0,3.623524043640965,2025-44-509
19144,0.0,2.216158955089369,2025-45-509
19145,0.0,0.9857471705304195,2025-46-509
19146,2.193852787416684,1.100307043244783,2025-47-509
19147,10.749845572483068,1.7164324659315864,2025-48-509
19148,9.562830029943024,5.051928329888442,2025-49-509
19149,0.0,6.8651693194455765,2025-50-509
19150,0.0,4.204423327070785,2025-51-509
19151,0.0,2.297123743652557,2025-52-509
19404,0.0,0.42700650294000864,2025-1-510
19405,0.0,0.38389501151522487,2025-2-510
19406,0.0,0.22608679949261123,2025-3-510
19407,0.0,0.0589665130697552,2025-4-510
19408,2.5757699519671533,0.09736953970768503,2025-5-510
19409,0.0,1.20503668496236,2025-6-510
19410,0.0,0.8694770906884604,2025-7-510
19411,2.5749009581425355,0.4420760246819908,2025-8-510
19412,5.373102342998235,1.34040514732915,2025-9-510
19413,0.0,3.289300908449132,2025-10-510
19414,0.0,1.7875570736937296,2025-11-510
19415,0.0,0.8892620261937196,2025-12-510
19416,0.0,0.6945035992021389,2025-13-510
19417,0.0,0.6573423999913077,2025-14-510
19418,0.0,0.1274881316110099,2025-15-510
19419,0.0,0.04948097793297168,2025-16-510
19420,0.0,0.28956377585826965,2025-17-510
19421,0.0,0.1727030824219653,2025-18-510
19422,0.0,0.13983299682285022,2025-19-510
19423,0.0,0.23066683364878626,2025-20-510
19424,0.0,0.2083042386530113,2025-21-510
19425,0.0,0.111076906583093,2025-22-510
19426,4.514176154920228,0.22204106478270014,2025-23-510
19427,9.4098567565428,2.0021202485926324,2025-24-510
19428,0.0,5.135259860503216,2025-25-510
19429,2.7614795551599536,3.2004854023306435,2025-26-510
19430,6.235912484054996,2.731158486684895,2025-27-510
19431,6.7881981642845695,4.381000835214181,2025-28-510
19432,0.0,5.62492246306129,2025-29-510
19433,6.952547020980423,2.527241955587523,2025-30-510
19434,3.825878039575223,4.0396160510654,2025-31-510
19435,1.2578036372874428,4.388849372275458,2025-32-510
19436,0.0,3.178088552427252,2025-33-510
19437,1.0101450912883203,1.277737108649151,2025-34-510
19438,0.0,1.3085704888371703,2025-35-510
19439,0.0,0.9951418743449927,2025-36-510
19440,1.0934659125388366,0.237778688913293,2025-37-510
19441,3.167579741092352,0.5691550017639561,2025-38-510
19442,4.887704730690174,1.9053161557840852,2025-39-510
19443,4.151348336699672,3.1303208189511835,2025-40-510
19444,5.130965871699004,3.7097754837427335,2025-41-510
19445,5.529776946381744,4.222013716579473,2025-42-510
19446,11.260630296467788,4.81075489720226,2025-43-510
19447,4.783785801422611,7.410212117127969,2025-44-510
19448,7.653220112856307,6.4752237389396825,2025-45-510
19449,4.374733334604286,6.458562113442366,2025-46-510
19450,7.134050876244815,5.71308095455585,2025-47-510
19451,9.829352360516753,6.078971385029029,2025-48-510
19452,7.770662333582222,7.225363222072306,2025-49-510
19453,5.03272021935811,7.315610835268124,2025-50-510
19454,8.155267499753835,6.174409851510414,2025-51-510
19455,18.44927878339905,6.848423834298763,2025-52-510
19708,0.0,0.6417162349999053,2025-1-511
19709,0.0,0.3633247088708772,2025-2-511
19710,0.0,0.18111560714184693,2025-3-511
19711,9.521127991674454,0.01855308487303331,2025-4-511
19712,10.050589601098393,3.9307368428630136,2025-5-511
19713,0.0,6.5837419886534825,2025-6-511
19714,0.0,3.735761898288383,2025-7-511
19715,0.0,1.8501843446775128,2025-8-511
19716,0.0,1.5220576506610772,2025-9-511
19717,0.0,1.067082090588557,2025-10-511
19718,0.0,-0.15211859217562718,2025-11-511
19719,0.0,-0.28426124156462684,2025-12-511
19720,0.0,0.0019977576562137944,2025-13-511
19721,0.0,0.2332826542776657,2025-14-511
19722,0.0,0.09770789014604975,2025-15-511
19723,0.0,0.14746293970494062,2025-16-511
19724,0.0,0.2797796031869657,2025-17-511
19725,0.0,0.08550962586128152,2025-18-511
19726,0.0,0.060227112392158055,2025-19-511
19727,0.0,0.2638700573500494,2025-20-511
19728,0.0,0.19051165529501035,2025-21-511
19729,0.0,0.17214840848102608,2025-22-511
19730,0.0,0.2860549479441392,2025-23-511
19731,0.0,0.12105029680624135,2025-24-511
19732,0.0,0.07622246202626626,2025-25-511
19733,10.812131669504462,0.1363504726812721,2025-26-511
19734,16.2797491639092,4.3752158895553865,2025-27-511
19735,0.0,9.398006407343782,2025-28-511
19736,0.0,5.460559596336909,2025-29-511
19737,0.0,2.6705905694272674,2025-30-511
19738,4.997189312062506,2.0945629940712154,2025-31-511
19739,0.0,3.5203963004566625,2025-32-511
19740,0.0,1.4002308376379173,2025-33-511
19741,0.0,0.23044508608829772,2025-34-511
19742,0.0,0.43662065629776703,2025-35-511
19743,0.0,0.5576367527367208,2025-36-511
19744,0.0,0.21176450857836138,2025-37-511
19745,0.0,-0.06128327537419853,2025-38-511
19746,0.0,0.17901294129337564,2025-39-511
19747,0.0,0.0506610880910332,2025-40-511
19748,0.0,0.24519334338061127,2025-41-511
19749,0.0,0.16368531700654065,2025-42-511
19750,0.0,-0.0357354248074655,2025-43-511
19751,3.756781542935888,0.14444578290356302,2025-44-511
19752,0.0,1.7226759276790036,2025-45-511
19753,0.0,0.98798368613921,2025-46-511
19754,0.0,0.8513631170470188,2025-47-511
19755,8.582274948501402,0.3038879950958594,2025-48-511
19756,11.451127484487571,3.7842612283669688,2025-49-511
19757,16.483497993160668,6.95513581440446,2025-50-511
19758,4.0072361668141845,10.830599461392598,2025-51-511
19759,6.594050704553284,7.913601678985097,2025-52-511
20012,0.2353159642977053,1.9656097474014484,2025-1-601
20013,0.8307989688049974,1.3979969696349526,2025-2-601
20014,0.0,1.190456315649511,2025-3-601
20015,0.0,0.7000855413315372,2025-4-601
20016,0.0,0.3842050611233153,2025-5-601
20017,0.5805335408251538,0.23313902221476523,2025-6-601
20018,0.6314215589552478,0.42115888777593735,2025-7-601
20019,0.4998469282299279,0.5133340775625488,2025-8-601
20020,1.564649106398915,0.4893825566691278,2025-9-601
20021,2.249055044000467,1.159931442835635,2025-10-601
20022,1.3084666400999996,1.6126489505440458,2025-11-601
20023,0.4862268262581291,1.4577679050213468,2025-12-601
20024,0.0,1.1532584130194738,2025-13-601
20025,0.7195338429485002,0.8744776434605155,2025-14-601
20026,0.0,0.7537326677453211,2025-15-601
20027,0.6787283342371478,0.5519938397195944,2025-16-601
20028,0.0,0.6394343242532936,2025-17-601
20029,0.0,0.29260493320791037,2025-18-601
20030,0.0,0.22238913382071102,2025-19-601
20031,0.0,0.4093474014368875,2025-20-601
20032,1.0274967665423311,0.2552453504414428,2025-21-601
20033,5.137192252696012,0.5874541970322176,2025-22-601
20034,3.5081273509332376,2.6494397553672546,2025-23-601
20035,3.6565693793148726,3.057437357253847,2025-24-601
20036,0.0,3.2602242279825435,2025-25-601
20037,2.146399278117767,1.9933258928269788,2025-26-601
20038,2.019664317989564,2.0591637221647927,2025-27-601
20039,0.6595934242660574,2.043007408086761,2025-28-601
20040,2.054037660605961,1.4512314899037289,2025-29-601
20041,1.351258540383962,1.5505313326225862,2025-30-601
20042,2.478710066414737,1.4764751735689026,2025-31-601
20043,2.689321562541537,1.9302108389514587,2025-32-601
20044,3.5275519572941434,2.2881813003531755,2025-33-601
20045,2.749107045267732,2.778561494842802,2025-34-601
20046,3.572244582956979,2.8143058110752293,2025-35-601
20047,3.919680002609553,3.158876823347575,2025-36-601
20048,1.2755582079512664,3.502312605891014,2025-37-601
20049,2.258208628573488,2.5664405727938977,2025-38-601
20050,3.231247614954873,2.3905451805021167,2025-39-601
20051,2.4216873299444663,2.719312183275824,2025-40-601
20052,2.494411174839225,2.5896220999638917,2025-41-601
20053,2.365813282888828,2.272384130434525,2025-42-601
20054,1.9709546696152576,2.1915996163265667,2025-43-601
20055,4.093710017538337,2.273234553681433,2025-44-601
20056,1.4885318021204923,2.8982422510198167,2025-45-601
20057,3.74403075505802,2.2188295008854633,2025-46-601
20058,2.9488420223668497,2.878166806955731,2025-47-601
20059,3.1867738201744578,2.8307041184228066,2025-48-601
20060,4.346049647603181,2.874253145303304,2025-49-601
20061,2.7740894270713,3.342368167856505,2025-50-601
20062,3.1732873412593974,3.268146106497347,2025-51-601
20063,2.9369164863045616,3.14992718112506,2025-52-601
20316,0.957878296104589,2.3814766405340615,2025-1-602
20317,2.2545082647146883,1.8876694254095558,2025-2-602
20318,1.2967318553193297,2.141138423032502,2025-3-602
20319,0.0,1.7406066519918655,2025-4-602
20320,2.034806085511785,0.8552167962846031,2025-5-602
20321,0.0,1.2786284425807526,2025-6-602
20322,5.139698063202128,0.8121540107811948,2025-7-602
20323,0.0,2.4224070070878607,2025-8-602
20324,4.245123755487438,1.3950144175195465,2025-9-602
20325,3.050926327793602,2.6167624649544585,2025-10-602
20326,2.6624029532007483,2.7527098319976924,2025-11-602
20327,3.957293665882987,2.779805252209374,2025-12-602
20328,2.481484294347286,3.0689026724297843,2025-13-602
20329,2.927905712200205,2.9598537398237923,2025-14-602
20330,9.758866824383007,2.8097329591955713,2025-15-602
20331,19.33198236638622,5.5392545031015965,2025-16-602
20332,10.454174957422932,11.279075107702266,2025-17-602
20333,14.634617968139766,10.723859750807806,2025-18-602
20334,8.780034867669569,11.698300845116405,2025-19-602
20335,5.738104068263903,10.972427177481068,2025-20-602
20336,20.90134250251885,8.76171954070422,2025-21-602
20337,26.87090432866395,12.82251163069864,2025-22-602
20338,17.839621774821765,18.57104518093265,2025-23-602
20339,17.35438289242719,17.432044778889974,2025-24-602
20340,20.894345364158514,16.44083830956613,2025-25-602
20341,10.91404356534314,18.441199280365403,2025-26-602
20342,8.215517451729726,15.180690937544915,2025-27-602
20343,20.12260794630839,10.878525458330506,2025-28-602
20344,13.92498689210998,13.984811481826556,2025-29-602
20345,5.496257312425659,13.837934227211568,2025-30-602
20346,7.057377350787529,9.19576707545759,2025-31-602
20347,6.960791492695639,7.459597722358917,2025-32-602
20348,6.277012345057995,7.753960945659435,2025-33-602
20349,7.986492617512715,6.698354167703488,2025-34-602
20350,5.9823767578224825,6.197303497803427,2025-35-602
20351,2.656891366446437,5.910558708435575,2025-36-602
20352,2.593795323171709,4.4447022836175964,2025-37-602
20353,4.174435774035882,3.3016713644315003,2025-38-602
20354,3.091923212912388,3.6842314619197083,2025-39-602
20355,0.8206825600732938,3.1791485127993906,2025-40-602
20356,2.0287447741371447,1.846748703184808,2025-41-602
20357,4.37298670486251,1.754433991452943,2025-42-602
20358,0.8905237335637816,2.8273622689663505,2025-43-602
20359,0.7566530198023196,2.029579627321078,2025-44-602
20360,1.5131831864496066,1.2728356452100291,2025-45-602
20361,3.4599603391918854,1.3632050826658817,2025-46-602
20362,2.821226652834761,2.4403287540604652,2025-47-602
20363,2.5914787526824825,2.4109663030930673,2025-48-602
20364,0.0,2.1903850997280885,2025-49-602
20365,2.653872055746832,1.3274333310670126,2025-50-602
20366,0.8063598486727913,1.9869813081922296,2025-51-602
20367,2.653441932570724,1.5617269501208078,2025-52-602
20620,0.6165904386078547,0.8844105659966244,2025-1-603
20621,0.0,0.8394864331611744,2025-2-603
20622,0.8347874745496245,0.5884274153475706,2025-3-603
20623,0.0,0.6719215275732418,2025-4-603
20624,0.0,0.5335155573813961,2025-5-603
20625,0.0,0.23427193146398984,2025-6-603
20626,0.0,0.16857307316039183,2025-7-603
20627,0.0,0.04873406370608957,2025-8-603
20628,0.0,0.1560886351364641,2025-9-603
20629,0.0,0.24405260384013183,2025-10-603
20630,0.0,0.07642293767424224,2025-11-603
20631,1.274296606763102,0.1792391432026601,2025-12-603
20632,0.0,0.6599892139344932,2025-13-603
20633,0.0,0.5029546097672808,2025-14-603
20634,6.285797020148965,0.4340055613930842,2025-15-603
20635,0.0,2.8958307987063923,2025-16-603
20636,2.2447531264974665,1.9692837545837336,2025-17-603
20637,0.0,1.8910281275423846,2025-18-603
20638,0.0,1.0553930546489267,2025-19-603
20639,0.0,1.028281021155024,2025-20-603
20640,2.69328558576542,0.25983102779892875,2025-21-603
20641,0.0,1.1641979163513125,2025-22-603
20642,2.298967894470497,0.921533124191269,2025-23-603
20643,1.59752591994631,1.1654330204968009,2025-24-603
20644,0.0,1.3529640640587899,2025-25-603
20645,0.0,0.8503216564613484,2025-26-603
20646,0.0,0.4716511956117835,2025-27-603
20647,0.0,0.20589988802622394,2025-28-603
20648,0.8974811667325814,0.19125690523600636,2025-29-603
20649,0.7085096742150895,0.5016566749248764,2025-30-603
20650,0.0,0.5025087918237965,2025-31-603
20651,0.0,0.39877050071434084,2025-32-603
20652,0.0,0.42255462503916563,2025-33-603
20653,0.0,0.24506569501249031,2025-34-603
20654,0.0,0.31753529306700545,2025-35-603
20655,1.1419320316795456,0.1532923927146237,2025-36-603
20656,0.0,0.4406943594813283,2025-37-603
20657,0.0,0.4609422817390537,2025-38-603
20658,0.9968064448875372,0.3110862966732796,2025-39-603
20659,0.0,0.7534091367076661,2025-40-603
20660,0.0,0.5092720147260636,2025-41-603
20661,1.1279884362518966,0.17227778106427571,2025-42-603
20662,0.5742884850242204,0.6874156025659671,2025-43-603
20663,0.0,0.8718235159627168,2025-44-603
20664,0.0,0.3990240387716152,2025-45-603
20665,0.0,0.33248748622489377,2025-46-603
20666,0.0,0.332679520047808,2025-47-603
20667,0.5571876451177665,0.16780292585861578,2025-48-603
20668,0.4955841847239728,0.4143400562111581,2025-49-603
20669,0.0,0.4928642209655899,2025-50-603
20670,0.0,0.3773217600920491,2025-51-603
20671,0.0,0.19780935007763434,2025-52-603
20924,0.0,4.055424943558464,2025-1-604
20925,0.0,2.396309890263759,2025-2-604
20926,0.0,1.2603351202674347,2025-3-604
20927,0.0,0.9517706940532472,2025-4-604
20928,0.0,0.5524792893666802,2025-5-604
20929,0.0,-0.04092789240043637,2025-6-604
20930,0.0,-0.0932813170262532,2025-7-604
20931,0.0,-0.0297147711467316,2025-8-604
20932,0.0,-0.008759045998878001,2025-9-604
20933,0.0,0.16773975600580782,2025-10-604
20934,0.0,0.04709051342193682,2025-11-604
20935,0.0,0.059355104254173785,2025-12-604
20936,0.0,0.06011682895466475,2025-13-604
20937,0.0,0.1604648448441992,2025-14-604
20938,0.0,0.10908159343410218,2025-15-604
20939,0.0,0.20479992354485377,2025-16-604
20940,0.0,0.252955178227522,2025-17-604
20941,0.0,0.13020327431575573,2025-18-604
20942,0.0,0.056225514518206676,2025-19-604
20943,0.0,0.35453431356638554,2025-20-604
20944,0.0,0.20014197796620203,2025-21-604
20945,0.0,0.08372979124370139,2025-22-604
20946,0.0,0.3442722373760351,2025-23-604
20947,5.880920168336951,0.054154137224116994,2025-24-604
20948,14.87050427587049,2.631534941990669,2025-25-604
20949,36.25191087825416,7.764573807959209,2025-26-604
20950,23.392319926552847,19.317684413538004,2025-27-604
20951,35.017286497714224,20.918433280787966,2025-28-604
20952,19.82816406331627,26.052859668398334,2025-29-604
20953,15.653966902925893,23.62192476026094,2025-30-604
20954,16.75170777319312,19.950975576410997,2025-31-604
20955,2.360565000762133,17.377269667119073,2025-32-604
20956,14.90211742608638,10.603720786498048,2025-33-604
20957,7.584914570234314,10.89980139760877,2025-34-604
20958,2.029317157712279,8.805873038149691,2025-35-604
20959,2.1031310653206137,5.565094993419486,2025-36-604
20960,2.0533728817494983,3.220081793821171,2025-37-604
20961,3.9659818020826862,2.838921463825261,2025-38-604
20962,0.0,3.2906759882614023,2025-39-604
20963,0.0,1.32906866473231,2025-40-604
20964,6.426547708448808,0.5763196744374368,2025-41-604
20965,2.0780656565238345,3.030712435593278,2025-42-604
20966,0.0,2.6702322353608725,2025-43-604
20967,5.394462275047093,1.435056883002024,2025-44-604
20968,1.798171639207036,2.8452993512959788,2025-45-604
20969,0.0,2.8309221423267372,2025-46-604
20970,3.353177758468649,1.3618788780909914,2025-47-604
20971,0.0,1.67461580173144,2025-48-604
20972,3.653270182705742,1.3262082547057092,2025-49-604
20973,1.5775638690024931,2.0422554553668375,2025-50-604
20974,5.752498913282846,1.7721550561998596,2025-51-604
20975,9.46556773962914,3.406219056570997,2025-52-604
21228,0.0,2.0547663065498307,2025-1-605
21229,4.054502241232646,1.2525875569344371,2025-2-605
21230,1.5550085049225415,2.561519693292066,2025-3-605
21231,4.624653310039166,2.1866804433763396,2025-4-605
21232,7.323237137327049,2.9083649541274985,2025-5-605
21233,5.670276051592747,4.619138644513943,2025-6-605
21234,15.421002165974574,5.230835535175736,2025-7-605
21235,0.0,9.141538413095175,2025-8-605
21236,0.0,5.5863132006976555,2025-9-605
21237,18.318961531877257,3.115813878203781,2025-10-605
21238,3.197870926473509,9.044234096435709,2025-11-605
21239,2.377077999939164,7.101113842725007,2025-12-605
21240,5.963547248285818,4.002692242720941,2025-13-605
21241,3.518910328857756,4.712060441592095,2025-14-605
21242,0.0,5.123965586598758,2025-15-605
21243,3.3205144160103512,2.4774630117587426,2025-16-605
21244,8.381339954087753,2.2183181532047147,2025-17-605
21245,8.801450740641984,5.014538871912157,2025-18-605
21246,7.041995655183345,6.4106045020996705,2025-19-605
21247,20.71420808660226,6.507404184328329,2025-20-605
21248,5.031189910928337,11.9797829836312,2025-21-605
21249,14.37653271989758,9.37552427885562,2025-22-605
21250,4.29593672060794,10.885694779169995,2025-23-605
21251,8.956997596325968,7.782900238031706,2025-24-605
21252,10.06715242098544,8.174134649947948,2025-25-605
21253,5.259583566073839,8.14677845358443,2025-26-605
21254,1.979968191325877,6.665291317777759,2025-27-605
21255,4.850596214223388,4.118735177025696,2025-28-605
21256,3.3573236248698253,4.168007296487193,2025-29-605
21257,1.325418440561928,4.010002421919427,2025-30-605
21258,2.431749185987329,2.3446988641237603,2025-31-605
21259,3.598428172934403,2.0257469760259674,2025-32-605
21260,4.327463707090448,2.936184289697487,2025-33-605
21261,0.9637448784405362,3.380167966560491,2025-34-605
21262,1.031499886233432,2.2259354327601475,2025-35-605
21263,0.0,1.6971861004009217,2025-36-605
21264,0.0,0.99658409408889,2025-37-605
21265,1.0082856601392916,0.7333776841224193,2025-38-605
21266,0.0,0.6864188073710414,2025-39-605
21267,0.9915299776105382,0.3517604700924353,2025-40-605
21268,0.0,0.6644595453723474,2025-41-605
21269,2.11418785520366,0.34002938859059784,2025-42-605
21270,0.0,1.1616772397405672,2025-43-605
21271,2.744720832272848,0.8287926097935057,2025-44-605
21272,0.9150166788173464,1.509124275395295,2025-45-605
21273,2.511176287898174,1.2802792107690268,2025-46-605
21274,0.8533361348836215,1.7892120871011112,2025-47-605
21275,2.090671739976904,1.402281485377189,2025-48-605
21276,0.9299102380895125,1.630939491207008,2025-49-605
21277,0.0,1.229566319651889,2025-50-605
21278,1.9527659111682736,0.843192724568379,2025-51-605
21279,0.0,1.2618779960902249,2025-52-605
21532,0.0,1.1351352036098499,2025-1-606
21533,0.0,0.9882069378279859,2025-2-606
21534,0.0,0.9783605512436608,2025-3-606
21535,0.0,0.49487662363335017,2025-4-606
21536,0.0,0.18279576418573695,2025-5-606
21537,0.0,0.11075438681046346,2025-6-606
21538,0.0,0.2536409399955428,2025-7-606
21539,0.0,0.21241880909496502,2025-8-606
21540,0.0,0.13779282061440168,2025-9-606
21541,3.092179671119446,0.2530600944425274,2025-10-606
21542,0.0,1.3489813596755014,2025-11-606
21543,0.0,0.9200555756301058,2025-12-606
21544,0.0,0.5663314131108528,2025-13-606
21545,0.0,0.523230292336269,2025-14-606
21546,0.0,0.4473333323333585,2025-15-606
21547,0.0,0.24483212393460319,2025-16-606
21548,0.0,0.13788325239250643,2025-17-606
21549,3.7084753042365466,0.19493219150826513,2025-18-606
21550,0.0,1.4951503451730157,2025-19-606
21551,0.0,1.2320384190767995,2025-20-606
21552,0.0,0.6172028062659893,2025-21-606
21553,0.0,0.35742431724106327,2025-22-606
21554,0.0,0.5339846074154375,2025-23-606
21555,0.0,0.14227439920975293,2025-24-606
21556,0.0,0.060465014385998606,2025-25-606
21557,0.0,0.15772829254070297,2025-26-606
21558,3.3313024792806845,0.17514325480604886,2025-27-606
21559,0.0,1.381920897345794,2025-28-606
21560,0.0,0.9938180445830231,2025-29-606
21561,0.0,0.5522076387930426,2025-30-606
21562,0.0,0.26235626755599106,2025-31-606
21563,0.0,0.2876498910003027,2025-32-606
21564,0.0,0.13619131408328466,2025-33-606
21565,0.0,0.08791121387914869,2025-34-606
21566,0.0,-0.05246386408555015,2025-35-606
21567,0.0,0.12735394546157042,2025-36-606
21568,0.0,-0.010393381515552358,2025-37-606
21569,0.0,0.08758830583903343,2025-38-606
21570,0.0,0.23437315553464388,2025-39-606
21571,0.0,0.1905863402172433,2025-40-606
21572,0.0,0.22856015212395975,2025-41-606
21573,0.0,0.044823968169616535,2025-42-606
21574,0.0,0.14297084128590642,2025-43-606
21575,0.0,0.045659496178613646,2025-44-606
21576,0.0,0.12802873163126438,2025-45-606
21577,0.0,0.05452540256321381,2025-46-606
21578,0.7151214759247927,0.07184744266110155,2025-47-606
21579,0.0,0.5420093853125506,2025-48-606
21580,0.0,0.34471464235763294,2025-49-606
21581,1.3454394980316295,0.28728820178120107,2025-50-606
21582,0.0,0.8381331965472987,2025-51-606
21583,1.3452469257191129,0.5879979827496563,2025-52-606
21836,0.0,3.089294405934976,2025-1-607
21837,2.4898734105773555,1.3804398371535411,2025-2-607
21838,0.0,1.9096178271308801,2025-3-607
21839,0.0,1.5852474371879386,2025-4-607
21840,0.0,0.9425081513895798,2025-5-607
21841,0.0,0.14148641298707976,2025-6-607
21842,0.0,0.04338288139377111,2025-7-607
21843,2.2493806001740047,-0.12732605821109733,2025-8-607
21844,2.347454261974573,0.5842232612193472,2025-9-607
21845,0.0,1.9684227561267424,2025-10-607
21846,0.0,1.2765212369893675,2025-11-607
21847,0.0,0.6021632181916559,2025-12-607
21848,0.0,0.5035526841030173,2025-13-607
21849,0.0,0.33875022014204725,2025-14-607
21850,0.0,-0.21933052051804358,2025-15-607
21851,3.0586216667240413,0.4629119419456612,2025-16-607
21852,0.0,1.4395541479168077,2025-17-607
21853,4.053621028084509,1.1199551090910735,2025-18-607
21854,0.0,2.196065874180147,2025-19-607
21855,0.0,1.028923607675229,2025-20-607
21856,0.0,0.8392504227997428,2025-21-607
21857,0.0,0.20904582431637087,2025-22-607
21858,0.0,0.558257307144884,2025-23-607
21859,0.0,0.3765619753273428,2025-24-607
21860,0.0,-0.2916985341786691,2025-25-607
21861,0.0,-0.3083663536008483,2025-26-607
21862,0.0,-0.19762054562163178,2025-27-607
21863,1.489309966582694,-0.31102730824240665,2025-28-607
21864,0.0,0.6104438257015445,2025-29-607
21865,0.0,0.5915328678308085,2025-30-607
21866,0.0,0.085510825414711,2025-31-607
21867,0.0,-0.2401901346624693,2025-32-607
21868,0.9965077157360708,0.022402144193609086,2025-33-607
21869,0.0,0.4614236577935795,2025-34-607
21870,0.0,0.24847835134049223,2025-35-607
21871,0.9847778883436864,0.3011704889758213,2025-36-607
21872,0.0,0.5342344060495678,2025-37-607
21873,0.0,0.23790971764909452,2025-38-607
21874,0.0,0.313383990372638,2025-39-607
21875,0.9132873957559912,0.24230366299940798,2025-40-607
21876,3.763526851408059,0.5384138048644929,2025-41-607
21877,0.9736740385924756,1.6156545735793921,2025-42-607
21878,2.974806765310581,1.4964705418073698,2025-43-607
21879,1.6854090793471714,2.0372659571841094,2025-44-607
21880,2.5284121772810426,1.865107287920192,2025-45-607
21881,1.5419942329979237,2.132185124992401,2025-46-607
21882,0.785988409109523,2.1611655757552577,2025-47-607
21883,0.962833199516677,0.9229350667296115,2025-48-607
21884,0.8565159035752081,1.0601506754877565,2025-49-607
21885,2.219416821390713,0.8704100706554219,2025-50-607
21886,0.0,0.9484198418834228,2025-51-607
21887,2.959921093324024,0.8544795166073975,2025-52-607
22140,0.0,0.1603933342827999,2025-1-608
22141,0.0,0.09201153600312728,2025-2-608
22142,0.0,0.19624592523867213,2025-3-608
22143,0.0,0.12337775123637185,2025-4-608
22144,0.0,0.11011688540417508,2025-5-608
22145,0.0,0.022077272307495788,2025-6-608
22146,0.0,0.10144791080599502,2025-7-608
22147,2.01933532789897,-0.08651389372425844,2025-8-608
22148,2.107546952725098,0.886068603858174,2025-9-608
22149,0.0,1.6030261998664554,2025-10-608
22150,0.0,0.7071065162358099,2025-11-608
22151,0.0,0.4988696266705249,2025-12-608
22152,2.4666979608879247,0.414835916808004,2025-13-608
22153,0.0,1.4552170576685115,2025-14-608
22154,0.0,0.8444445999579008,2025-15-608
22155,0.0,0.5701504238934184,2025-16-608
22156,0.0,0.5074566031005779,2025-17-608
22157,0.0,0.3517849079959289,2025-18-608
22158,0.0,0.0917574299061985,2025-19-608
22159,0.0,0.251874162470322,2025-20-608
22160,0.0,-0.05867167928512673,2025-21-608
22161,0.0,0.14043198800065992,2025-22-608
22162,0.0,0.20734365866907456,2025-23-608
22163,0.0,0.019673535813439447,2025-24-608
22164,0.0,0.01894407588596403,2025-25-608
22165,0.0,-0.056410314601776035,2025-26-608
22166,0.0,0.12112505306598509,2025-27-608
22167,0.0,-0.10344655596690644,2025-28-608
22168,0.0,0.0017573553730749758,2025-29-608
22169,0.0,0.09313924649129524,2025-30-608
22170,0.0,0.004676633037985711,2025-31-608
22171,0.0,0.06509867374976208,2025-32-608
22172,0.0,0.25925141281836295,2025-33-608
22173,0.0,0.11477363663232365,2025-34-608
22174,0.0,0.23804710635185233,2025-35-608
22175,0.8860896728419819,0.19748671454425593,2025-36-608
22176,0.0,0.3793357277449514,2025-37-608
22177,0.8357960980697426,0.4827313205027546,2025-38-608
22178,0.0,0.6405751046508037,2025-39-608
22179,0.0,0.4695768780224576,2025-40-608
22180,0.6775631842050386,0.4037245509899633,2025-41-608
22181,0.0,0.362580716008746,2025-42-608
22182,0.0,0.29010045577382826,2025-43-608
22183,0.0,0.3401026434866439,2025-44-608
22184,0.7589266667391061,0.0046365980914724325,2025-45-608
22185,0.6943254158192244,0.4405011235005376,2025-46-608
22186,0.0,0.6029660890345623,2025-47-608
22187,0.0,0.2132076339937149,2025-48-608
22188,0.0,0.19699156677806762,2025-49-608
22189,0.0,0.07722553027946066,2025-50-608
22190,0.0,0.06755146910162324,2025-51-608
22191,0.0,0.055753197960188405,2025-52-608
22444,0.0,0.9679375151680973,2025-1-609
22445,0.0,0.8859219277072761,2025-2-609
22446,0.0,0.7207742443917815,2025-3-609
22447,0.0,0.40746174747376196,2025-4-609
22448,0.0,0.3492345216262077,2025-5-609
22449,3.726764911298903,0.23021534285440892,2025-6-609
22450,8.10618441590658,1.7284375985852982,2025-7-609
22451,0.0,4.392990174988443,2025-8-609
22452,0.0,2.57609563138976,2025-9-609
22453,0.0,1.4891570954282225,2025-10-609
22454,0.0,0.9964957918442479,2025-11-609
22455,0.0,0.8218144932387956,2025-12-609
22456,0.0,0.17487365950384193,2025-13-609
22457,0.0,0.02504904527531404,2025-14-609
22458,0.0,0.034404517507265364,2025-15-609
22459,0.0,0.27301829010791434,2025-16-609
22460,5.492748928848439,0.23445326942155065,2025-17-609
22461,0.0,2.309374353870564,2025-18-609
22462,18.45035899698108,1.4030295534807184,2025-19-609
22463,9.043001085844203,8.487014707009335,2025-20-609
22464,6.587530968606724,8.913880968577724,2025-21-609
22465,4.704707267087003,7.58124114606587,2025-22-609
22466,16.86568860259703,6.288246812750164,2025-23-609
22467,3.9061838700732734,10.909808376988316,2025-24-609
22468,3.291885262459429,7.805131162995015,2025-25-609
22469,10.316377806153152,4.958883531285042,2025-26-609
22470,7.765124601451384,6.849021723083334,2025-27-609
22471,8.452531724247777,7.630651632004391,2025-28-609
22472,10.966553910729717,7.321864314652668,2025-29-609
22473,1.731306699874422,8.327554569167667,2025-30-609
22474,11.114550099552895,5.790825087071761,2025-31-609
22475,7.829801289363592,7.533017073378599,2025-32-609
22476,4.236117161038384,7.635469417019595,2025-33-609
22477,3.77259983382798,5.99534059846929,2025-34-609
22478,2.691167605108821,4.304676679855169,2025-35-609
22479,2.788619234641313,3.7627681222292844,2025-36-609
22480,4.083325912102177,3.2035155332229017,2025-37-609
22481,1.3142494216950495,3.0164046382646794,2025-38-609
22482,1.216719333813954,2.27222516917892,2025-39-609
22483,1.2917206493595843,1.6859455056297934,2025-40-609
22484,2.1286353080598,1.5191535013727495,2025-41-609
22485,0.0,1.7206369812704359,2025-42-609
22486,0.0,0.8687864934964028,2025-43-609
22487,1.1906306908957118,0.6606782586712812,2025-44-609
22488,0.0,0.8639567275501181,2025-45-609
22489,1.0887419152791855,0.6490167267710525,2025-46-609
22490,2.2192365091727155,0.9795500025372774,2025-47-609
22491,0.0,1.2416671699433117,2025-48-609
22492,0.0,0.8795572460136705,2025-49-609
22493,0.0,0.5043636481888646,2025-50-609
22494,2.536540087996,0.4527528047959761,2025-51-609
22495,12.519457797950349,1.3827839680338816,2025-52-609
22748,0.6355025042992684,0.8820866583123022,2025-1-610
22749,0.7479551861241317,0.8043418077377122,2025-2-610
22750,0.0,0.8160228935433289,2025-3-610
22751,1.2794573055848306,0.4379373818945428,2025-4-610
22752,4.051710217273649,0.7310563667753526,2025-5-610
22753,0.0,2.1157146470513584,2025-6-610
22754,11.942445070701366,1.4004642553609863,2025-7-610
22755,12.15598913621884,5.473641838310496,2025-8-610
22756,2.8188464256044026,8.460888629416608,2025-9-610
22757,0.0,6.27331946102131,2025-10-610
22758,3.536537375412473,3.1462355198194043,2025-11-610
22759,0.0,3.590894092651726,2025-12-610
22760,3.296927205737339,2.4330991114653253,2025-13-610
22761,0.0,2.137530328333808,2025-14-610
22762,0.0,0.9510591393969292,2025-15-610
22763,0.0,0.8190203310423884,2025-16-610
22764,0.0,0.5610535127800199,2025-17-610
22765,0.0,0.2881053220960935,2025-18-610
22766,1.945461368827124,-0.004765078518624621,2025-19-610
22767,0.0,0.9217279406286157,2025-20-610
22768,0.0,0.4598989702339976,2025-21-610
22769,1.9853045240108675,0.36380522675197857,2025-22-610
22770,0.0,1.1050036441373772,2025-23-610
22771,1.6488896400063826,0.7657422122634351,2025-24-610
22772,2.77962205087586,1.156367383756258,2025-25-610
22773,2.9041508792022963,1.7758505210891795,2025-26-610
22774,0.0,2.469828180500802,2025-27-610
22775,1.785206988299617,1.357401867064994,2025-28-610
22776,0.0,1.6096897305716147,2025-29-610
22777,0.0,1.1427400152286882,2025-30-610
22778,0.6710405979258853,0.5054485618259229,2025-31-610
22779,0.0,0.4306041773980581,2025-32-610
22780,2.3878680312380096,0.5222129747729388,2025-33-610
22781,0.5317376478946868,1.1192112072699478,2025-34-610
22782,0.5690664124359793,1.0325627848672823,2025-35-610
22783,0.0,0.8834221005803828,2025-36-610
22784,0.0,0.4554920943575925,2025-37-610
22785,0.0,0.5736416836595665,2025-38-610
22786,0.5149196882311711,0.33130956133923783,2025-39-610
22787,0.5467538561167452,0.4147688613682643,2025-40-610
22788,0.901153253447494,0.5622896798620458,2025-41-610
22789,0.0,0.6133266312619614,2025-42-610
22790,0.0,0.45099445170371877,2025-43-610
22791,1.008618076128723,0.32683508989089716,2025-44-610
22792,2.0172851401553835,0.5843340718581973,2025-45-610
22793,0.9226196336433812,1.2283030781731101,2025-46-610
22794,0.4702354316769489,1.0175439287696004,2025-47-610
22795,0.0,0.7504212955128811,2025-48-610
22796,0.5123339967659183,0.5253969477070456,2025-49-610
22797,0.0,0.5259525438995102,2025-50-610
22798,0.0,0.4386769876878831,2025-51-610
22799,0.8850049496489094,0.24892965757871455,2025-52-610
23052,1.1838306522506838,1.6816495364309123,2025-1-611
23053,0.0,1.4586253529211486,2025-2-611
23054,1.601985116496833,1.119573451006243,2025-3-611
23055,0.0,1.3981219683435187,2025-4-611
23056,5.025630594438495,0.6846207006226654,2025-5-611
23057,5.834579063931651,2.4238148533928303,2025-6-611
23058,3.172302441194159,3.9226786611459468,2025-7-611
23059,5.0214046070655085,3.5843200491479843,2025-8-611
23060,5.238258871212683,4.012544986892817,2025-9-611
23061,0.0,4.849317014883094,2025-10-611
23062,0.0,2.8337988724336016,2025-11-611
23063,0.0,1.28516422496899,2025-12-611
23064,0.0,0.8312603516187709,2025-13-611
23065,0.0,0.6489336937681518,2025-14-611
23066,0.0,0.05871864683337158,2025-15-611
23067,0.0,0.11095827982972373,2025-16-611
23068,8.58648729958182,0.3067889551964742,2025-17-611
23069,0.0,3.625074792650326,2025-18-611
23070,0.0,2.2733793929532737,2025-19-611
23071,0.0,1.451442713559001,2025-20-611
23072,0.0,0.9059674464980094,2025-21-611
23073,0.0,0.8865386855248649,2025-22-611
23074,0.0,0.5210954097465013,2025-23-611
23075,0.0,0.007575476903546985,2025-24-611
23076,0.0,0.16158640481264674,2025-25-611
23077,0.0,0.28275345177287303,2025-26-611
23078,0.0,0.18548953389235812,2025-27-611
23079,1.6492141219312804,0.1304229764657715,2025-28-611
23080,0.0,0.9506186257737844,2025-29-611
23081,0.0,0.7176650714623571,2025-30-611
23082,0.0,0.30914789094844997,2025-31-611
23083,0.0,0.2848402412533412,2025-32-611
23084,0.0,0.4711680884834165,2025-33-611
23085,0.0,0.19521580435364516,2025-34-611
23086,0.0,0.1669861919856136,2025-35-611
23087,0.0,0.27106756832429535,2025-36-611
23088,0.0,0.1520052553077429,2025-37-611
23089,0.0,0.11873752064900955,2025-38-611
23090,0.0,0.15926238438249818,2025-39-611
23091,0.0,0.2050122693498979,2025-40-611
23092,0.0,0.33298593925568765,2025-41-611
23093,0.0,0.28291409005800683,2025-42-611
23094,0.0,0.29706432712059516,2025-43-611
23095,2.781824814189028,0.44177453179173687,2025-44-611
23096,1.8540348369149329,1.5317595952040202,2025-45-611
23097,5.086199926183951,1.9178011339953822,2025-46-611
23098,1.7276818350778542,3.4240903947864187,2025-47-611
23099,3.1733517035588807,2.905266962301571,2025-48-611
23100,1.8812202681357808,2.794094680143272,2025-49-611
23101,1.62424007642592,2.687751575408204,2025-50-611
23102,0.9868338566930832,2.358498439245543,2025-51-611
23103,9.740044603410402,1.570952439616196,2025-52-611
23356,0.3671537216360188,0.6553846460254718,2025-1-701
23357,0.0,0.9490749919664225,2025-2-701
23358,0.0,0.4163474837603949,2025-3-701
23359,0.7394815209027203,0.1271598530111464,2025-4-701
23360,0.0,0.22799568835230266,2025-5-701
23361,0.9067416851146344,0.26809787200198976,2025-6-701
23362,0.9864329886442076,0.7980786886376883,2025-7-701
23363,0.0,1.1993319298991298,2025-8-701
23364,0.0,0.7326460173087219,2025-9-701
23365,2.343865571120473,0.42530981796229617,2025-10-701
23366,2.0458717600454706,1.2916202304590423,2025-11-701
23367,0.760407757441747,1.6882466983716795,2025-12-701
23368,2.861637745188061,1.2998107006436987,2025-13-701
23369,2.2515031286174123,1.8837625897703885,2025-14-701
23370,1.8765427243685715,2.3702135888701683,2025-15-701
23371,2.124716460467475,2.1200913871685714,2025-16-701
23372,0.0,1.9888975105270794,2025-17-701
23373,0.0,1.4924089499714528,2025-18-701
23374,0.0,0.7445099061617815,2025-19-701
23375,1.1047022283911996,0.8506139956820583,2025-20-701
23376,3.219915594296542,0.7896694717630465,2025-21-701
23377,2.300295228942117,1.7687970113424165,2025-22-701
23378,1.3747791286533158,2.4468311562471055,2025-23-701
23379,0.0,1.869450803528128,2025-24-701
23380,1.610953413636007,1.1092801671207746,2025-25-701
23381,0.8416728882738173,1.3463641815316638,2025-26-701
23382,0.0,1.2415929500164995,2025-27-701
23383,0.0,0.6189670502868422,2025-28-701
23384,1.074627765599467,0.3219211342869307,2025-29-701
23385,1.6970399964283145,0.8979122224013383,2025-30-701
23386,1.1676248913472236,1.2468540901745722,2025-31-701
23387,1.9198580712848088,1.2825217020139301,2025-32-701
23388,0.6926681291213879,1.5996052960137335,2025-33-701
23389,0.3085304850536634,1.2875631451762568,2025-34-701
23390,0.6604643978974715,0.9826984351413734,2025-35-701
23391,1.3691717403590855,0.841019491493771,2025-36-701
23392,0.668484776020527,1.04315036090205,2025-37-701
23393,1.9369917899033025,1.0692528374507342,2025-38-701
23394,0.0,1.3536333112980465,2025-39-701
23395,0.3174879635581664,0.9465826820541252,2025-40-701
23396,0.5233471375596344,0.7808673086991438,2025-41-701
23397,0.6770074876019901,0.7470205245476667,2025-42-701
23398,0.6894970803476763,0.7509269787301256,2025-43-701
23399,0.0,0.7420545857499633,2025-44-701
23400,0.8791093427404056,0.4966348911519932,2025-45-701
23401,0.5361580360572298,0.6841231127878056,2025-46-701
23402,1.0932041012800753,0.7228152675794719,2025-47-701
23403,0.6696089076303419,0.8280846075716923,2025-48-701
23404,0.2978452324461955,0.7102144292169675,2025-49-701
23405,0.2572692575066497,0.5396315562400968,2025-50-701
23406,0.6255014381768048,0.5379886773424091,2025-51-701
23407,1.5440870366064576,0.7757300221302621,2025-52-701
23660,0.0,0.337104590374267,2025-1-702
23661,0.0,0.5529510572353212,2025-2-702
23662,0.2944287411991238,0.9318656708812199,2025-3-702
23663,0.0,0.7240668829989121,2025-4-702
23664,0.4620558199895201,0.8953331048562501,2025-5-702
23665,0.0,1.0270423795822092,2025-6-702
23666,0.5836068709961707,0.4978813131066785,2025-7-702
23667,0.462005256203241,0.6821839757444663,2025-8-702
23668,1.4462245903055329,1.0755130409191602,2025-9-702
23669,0.6929573549547565,1.28246312330193,2025-10-702
23670,0.0,0.9052368906665089,2025-11-702
23671,0.8989061878408682,0.8696158085962649,2025-12-702
23672,0.0,0.7298180891798114,2025-13-702
23673,1.9954263709443207,0.4443372948891633,2025-14-702
23674,0.0,1.2338945758485393,2025-15-702
23675,0.0,0.8342525794361084,2025-16-702
23676,0.0,0.6637883116896761,2025-17-702
23677,1.6626132301355268,0.4781502107166997,2025-18-702
23678,1.3300422012444002,1.1224365652759771,2025-19-702
23679,0.0,1.3159724405339146,2025-20-702
23680,0.9499610535701816,0.8058674725478316,2025-21-702
23681,0.6785189446966254,0.9300499509619499,2025-22-702
23682,0.0,1.2894343852846655,2025-23-702
23683,0.5634747814632398,0.7991937939043838,2025-24-702
23684,0.4749114929583028,0.6212324282652115,2025-25-702
23685,1.488474503108383,0.5874549173870601,2025-26-702
23686,0.3734991957870255,1.095375530896224,2025-27-702
23687,0.609913142592599,0.6537874267699344,2025-28-702
23688,0.0,0.706686672166206,2025-29-702
23689,0.0,0.618909519759654,2025-30-702
23690,0.0,0.12545142509972362,2025-31-702
23691,0.6782779725276314,0.03301347023974799,2025-32-702
23692,0.4077847852552325,0.2906071651032982,2025-33-702
23693,0.3632054605687524,0.5103341341446983,2025-34-702
23694,0.5830199927185232,0.48092069252027714,2025-35-702
23695,0.4027997554779518,0.49451099028308365,2025-36-702
23696,0.5898784680683592,0.4520132379766004,2025-37-702
23697,0.1898780640434262,0.6474385377929786,2025-38-702
23698,0.5274206721597089,0.5109048047831332,2025-39-702
23699,0.7466594108566743,0.7227439213506046,2025-40-702
23700,0.1538203033271513,0.8199461783660769,2025-41-702
23701,0.1989462727699083,0.5778082194558981,2025-42-702
23702,0.607735424720796,0.44496807257369897,2025-43-702
23703,0.3442664509330118,0.6165099715052087,2025-44-702
23704,0.1721272302764559,0.5316766755370104,2025-45-702
23705,0.3148758167733,0.512295645691255,2025-46-702
23706,0.802372999845448,0.48607242273886064,2025-47-702
23707,0.589652414472718,0.7718809636352237,2025-48-702
23708,0.6992827396748048,0.7296669923967456,2025-49-702
23709,1.6607387275628238,0.6639124866730506,2025-50-702
23710,0.0,1.4008640623791915,2025-51-702
23711,0.0,0.8740715072945737,2025-52-702
23964,0.5929143105881756,1.4431633429605997,2025-1-703
23965,0.6978708028899215,1.134671372579609,2025-2-703
23966,1.6058498929260248,1.787184298193608,2025-3-703
23967,0.0,1.5892461491042442,2025-4-703
23968,0.0,1.1299121543422797,2025-5-703
23969,0.0,1.1609731928688,2025-6-703
23970,0.0,0.684728047114407,2025-7-703
23971,0.0,0.8736786116739423,2025-8-703
23972,0.0,0.9778993333625975,2025-9-703
23973,0.0,0.28403184949655425,2025-10-703
23974,0.0,0.4375033424077702,2025-11-703
23975,0.0,0.804129980904343,2025-12-703
23976,0.0,0.2645323284800414,2025-13-703
23977,0.0,0.141323604104853,2025-14-703
23978,0.0,0.48956366356184267,2025-15-703
23979,0.0,0.40002660132328605,2025-16-703
23980,0.0,0.23881892940690364,2025-17-703
23981,0.0,0.4301543688507635,2025-18-703
23982,0.0,0.18187039622697188,2025-19-703
23983,0.0,0.6574010005662215,2025-20-703
23984,0.0,0.5068295962673754,2025-21-703
23985,0.0,0.38481112495593617,2025-22-703
23986,0.0,0.6990978733663851,2025-23-703
23987,0.0,0.39331560064527915,2025-24-703
23988,0.0,0.41548104149498144,2025-25-703
23989,0.0,0.22789688682651488,2025-26-703
23990,0.0,0.27186408577970866,2025-27-703
23991,0.0,0.24514102285948614,2025-28-703
23992,0.0,0.23073234520922203,2025-29-703
23993,0.6836673125929204,0.2426816512121478,2025-30-703
23994,0.0,0.3971090618125277,2025-31-703
23995,0.6186550099177354,0.3819855040202318,2025-32-703
23996,1.1159454367031212,0.592201601968136,2025-33-703
23997,0.4970318006518875,0.9624068120437005,2025-34-703
23998,1.0639074355776426,0.8431421973961357,2025-35-703
23999,0.5513415258126836,0.9774818409503164,2025-36-703
24000,0.0,0.862224761323974,2025-37-703
24001,0.5199193324421085,0.7436186330864345,2025-38-703
24002,0.4814452305738542,0.6201730295494686,2025-39-703
24003,0.0,0.6479301645818853,2025-40-703
24004,0.4213318461323318,0.49945434157241075,2025-41-703
24005,0.0,0.4879358718249249,2025-42-703
24006,0.5550134642034252,0.3773842547657372,2025-43-703
24007,0.0,0.5574605387358452,2025-44-703
24008,0.9433858722576433,0.3520335145079704,2025-45-703
24009,0.8629763093521865,0.7460478949409621,2025-46-703
24010,0.4398611806529253,0.8758263593389214,2025-47-703
24011,0.5388078576826677,0.7381303811378457,2025-48-703
24012,0.4792936384016333,0.6527741349500209,2025-49-703
24013,0.8279368585362064,0.5773604815147223,2025-50-703
24014,0.5032061733502587,1.0337385976807527,2025-51-703
24015,0.0,0.9318771707486164,2025-52-703
24268,0.7378397900750634,0.43463620539557657,2025-1-704
24269,2.604826042431052,0.5399786253026326,2025-2-704
24270,1.9975594427729224,1.4993887067087153,2025-3-704
24271,1.4848477356768952,1.674080980417807,2025-4-704
24272,0.0,1.6551644496324902,2025-5-704
24273,1.8196949166983964,0.9134736416683302,2025-6-704
24274,0.0,1.5319184270295694,2025-7-704
24275,1.5665800821046998,1.038682148694984,2025-8-704
24276,0.0,1.2574139558088184,2025-9-704
24277,0.0,0.8862813066854671,2025-10-704
24278,0.0,0.5628818228904094,2025-11-704
24279,0.0,0.24555901134987357,2025-12-704
24280,0.0,0.2548904342964825,2025-13-704
24281,2.254239074699053,0.2125576348355156,2025-14-704
24282,0.0,1.1787863527872466,2025-15-704
24283,0.0,0.771027343864811,2025-16-704
24284,0.0,0.32742788060567285,2025-17-704
24285,0.0,0.36990945879072257,2025-18-704
24286,0.0,0.11341701031113494,2025-19-704
24287,0.0,0.396667620853865,2025-20-704
24288,0.0,0.2177586039670164,2025-21-704
24289,0.0,0.14790175466944877,2025-22-704
24290,0.0,0.32455298427289947,2025-23-704
24291,0.0,0.2824865041970479,2025-24-704
24292,0.0,0.23957189820865932,2025-25-704
24293,0.0,0.1419949784142387,2025-26-704
24294,0.0,0.23410094450522068,2025-27-704
24295,0.0,0.10681630341871884,2025-28-704
24296,1.0714941567496867,0.20741391984534252,2025-29-704
24297,0.0,0.6386389904327564,2025-30-704
24298,0.0,0.4197686422181405,2025-31-704
24299,0.0,0.4177136213662075,2025-32-704
24300,0.0,0.344019048046611,2025-33-704
24301,0.0,0.27139395387960763,2025-34-704
24302,1.972328468956048,0.22853232913183108,2025-35-704
24303,2.043794852807652,0.8081709651329633,2025-36-704
24304,0.6650574982225792,1.3043449979092723,2025-37-704
24305,0.0,1.2753146416350252,2025-38-704
24306,1.1890659908758745,0.785223319286026,2025-39-704
24307,0.0,1.0871789786726087,2025-40-704
24308,1.0401738843787245,0.8172406167401665,2025-41-704
24309,0.6726036548163687,0.7411818665415293,2025-42-704
24310,0.684822239591548,0.7199155204196697,2025-43-704
24311,0.0,0.900908077700806,2025-44-704
24312,0.5817768883220845,0.5590377587890181,2025-45-704
24313,0.5320805433775271,0.6625861375503878,2025-46-704
24314,0.5422949562341061,0.6695717986389971,2025-47-704
24315,0.0,0.5695733642152234,2025-48-704
24316,0.0,0.34660936719953617,2025-49-704
24317,2.0402413863990057,0.3462477784154083,2025-50-704
24318,1.8596579308049688,1.152605579046187,2025-51-704
24319,1.0198677587270444,1.6006383985544974,2025-52-704
24572,0.7456731893077604,0.5261659893576494,2025-1-705
24573,0.0,0.7712392119437639,2025-2-705
24574,2.019324327514648,0.5530815135046512,2025-3-705
24575,0.0,0.8082740096620482,2025-4-705
24576,0.0,0.6727267527575279,2025-5-705
24577,3.680566513938433,0.6641261992514136,2025-6-705
24578,2.0017451539073727,1.8393216813224136,2025-7-705
24579,0.0,2.2366742560778015,2025-8-705
24580,0.0,1.237851275077916,2025-9-705
24581,0.0,0.6174639756057542,2025-10-705
24582,4.149349744047232,0.7026428736666761,2025-11-705
24583,0.0,2.3442044715314427,2025-12-705
24584,0.0,1.1848192380193123,2025-13-705
24585,0.0,0.6388909576958912,2025-14-705
24586,0.0,0.6197237519440155,2025-15-705
24587,0.0,0.8008517549783762,2025-16-705
24588,0.0,0.393519973077634,2025-17-705
24589,0.0,0.33915423027595604,2025-18-705
24590,0.0,0.3150272450729611,2025-19-705
24591,0.0,0.8130383390825813,2025-20-705
24592,0.0,0.36159907416227743,2025-21-705
24593,2.3291451699930312,0.2421910272177218,2025-22-705
24594,0.0,1.5107449922550469,2025-23-705
24595,0.0,0.9676024003743317,2025-24-705
24596,1.63048332418175,0.5396362247108638,2025-25-705
24597,0.0,1.0329914983143922,2025-26-705
24598,0.0,0.9767921472179723,2025-27-705
24599,1.047150513440935,0.504056676425495,2025-28-705
24600,0.0,0.8095662415188809,2025-29-705
24601,0.0,0.7562143535680921,2025-30-705
24602,0.7872061273467656,0.2766671223795496,2025-31-705
24603,1.5530165359852783,0.5612332618125503,2025-32-705
24604,0.700297803922995,1.1421886610044303,2025-33-705
24605,0.0,0.9944907749143015,2025-34-705
24606,0.0,0.6359668956457114,2025-35-705
24607,1.3836850940977812,0.4396927891859552,2025-36-705
24608,0.0,0.9281331601417139,2025-37-705
24609,0.0,0.7221126595017557,2025-38-705
24610,1.2080369938955176,0.38299513417474573,2025-39-705
24611,0.6413557335605499,0.7859297756565192,2025-40-705
24612,0.5285330784252571,0.9074616847335137,2025-41-705
24613,0.6836225689905783,0.8027431415986026,2025-42-705
24614,0.6961389806009581,0.7095614935349708,2025-43-705
24615,0.0,0.8450236232716515,2025-44-705
24616,0.0,0.5389053687440808,2025-45-705
24617,0.0,0.3751647579080202,2025-46-705
24618,1.1031312576232637,0.3003091411586958,2025-47-705
24619,0.0,0.6635473889547066,2025-48-705
24620,0.6009354191148426,0.381035972962144,2025-49-705
24621,2.0759918443587404,0.4189929737383551,2025-50-705
24622,1.2616726294335103,1.3264292892812122,2025-51-705
24623,0.0,1.4695138165917276,2025-52-705
24876,0.0,0.9140790614063781,2025-1-706
24877,0.0,0.8981858368352486,2025-2-706
24878,0.0,1.51802380024553,2025-3-706
24879,0.0,0.6828561451627189,2025-4-706
24880,0.0,1.0710453956587866,2025-5-706
24881,2.8522539200720565,1.2305761279241378,2025-6-706
24882,1.5510886557686727,1.539706825236557,2025-7-706
24883,1.227836641355695,2.278328077819197,2025-8-706
24884,0.0,2.39527214901283,2025-9-706
24885,1.8414295124001547,1.2243643850367398,2025-10-706
24886,0.0,1.7520658481803728,2025-11-706
24887,0.0,1.4559568143807424,2025-12-706
24888,0.0,0.5310210554358263,2025-13-706
24889,0.0,0.5348647875066593,2025-14-706
24890,0.0,0.46634675860750685,2025-15-706
24891,5.000480506909171,0.3818645482805899,2025-16-706
24892,0.0,2.5007160291734882,2025-17-706
24893,2.208156190567835,1.7364878321125237,2025-18-706
24894,0.0,1.9077322614811738,2025-19-706
24895,0.0,1.377606458419879,2025-20-706
24896,0.0,0.9692523324930721,2025-21-706
24897,0.0,0.6100704373653638,2025-22-706
24898,0.0,0.6513500389242544,2025-23-706
24899,1.496264300821051,0.21162819333278882,2025-24-706
24900,1.2610261187407237,0.8776708243620426,2025-25-706
24901,1.3173741162354455,1.0622026357409946,2025-26-706
24902,0.9916440005086788,1.3100909116547887,2025-27-706
24903,1.6192398306793965,1.100153501342756,2025-28-706
24904,0.8403888410936772,1.4169308273621595,2025-29-706
24905,1.3268133634911825,1.375331819804067,2025-30-706
24906,0.6084507023618987,1.0001179633327189,2025-31-706
24907,0.0,0.788479106124128,2025-32-706
24908,0.0,0.5279588735977698,2025-33-706
24909,0.0,0.49762394134835564,2025-34-706
24910,0.5157569159234743,0.37357328570290815,2025-35-706
24911,0.0,0.4100831735397775,2025-36-706
24912,0.0,0.21377971866105538,2025-37-706
24913,0.0,0.32849089540243026,2025-38-706
24914,0.0,0.23197785318357622,2025-39-706
24915,0.4952575657693274,0.315193218280572,2025-40-706
24916,0.0,0.4301482567109849,2025-41-706
24917,0.0,0.28240903456398436,2025-42-706
24918,0.53739468745105,0.17882746706681008,2025-43-706
24919,0.0,0.5065666277976132,2025-44-706
24920,0.0,0.2955434666120199,2025-45-706
24921,0.0,0.2899784304742602,2025-46-706
24922,0.8512265109713734,0.24618774869691473,2025-47-706
24923,0.5212677789520175,0.5449410330472081,2025-48-706
24924,0.463613516767366,0.6279635012267388,2025-49-706
24925,0.0,0.45182532629810557,2025-50-706
24926,0.0,0.5816240810103419,2025-51-706
24927,0.0,0.4947075150672072,2025-52-706
