,actual,pred,week_canton
200,1.1595700118871033,0.4008287639116872,2024-1-101
201,1.3602308502111995,0.7084803022702998,2024-2-101
202,1.393506002624767,1.156300706667845,2024-3-101
203,1.2106315348727243,1.1554503620732577,2024-4-101
204,1.2397659514404118,1.1805371974696186,2024-5-101
205,1.2694818056791637,1.2410648492789316,2024-6-101
206,1.7394578453108842,1.2746950205823537,2024-7-101
207,0.9520540125921404,1.3250470726374552,2024-8-101
208,1.3786103036617974,1.0758255628059905,2024-9-101
209,0.9155302537138748,0.9856079665939025,2024-10-101
210,1.1444713717320594,1.0291831074258035,2024-11-101
211,0.8002091539691445,0.8876608863632113,2024-12-101
212,0.9932699866388288,0.9878711037494383,2024-13-101
213,1.2456725203565098,0.7514227743137576,2024-14-101
214,1.0222486542402756,0.9482348353994731,2024-15-101
215,0.8901342862114209,1.0730306157930334,2024-16-101
216,0.8860394147163677,0.939694613375772,2024-17-101
217,0.726122768479126,0.7848693143672505,2024-18-101
218,0.8227495588068642,0.6604457471155416,2024-19-101
219,0.3677126408624275,0.6723912060107642,2024-20-101
220,0.7267796982193242,0.3947200874687272,2024-21-101
221,0.6908234983550421,0.5739915996596925,2024-22-101
222,0.6222829659405439,0.541508143868246,2024-23-101
223,0.6136312763744666,0.4975479212804174,2024-24-101
224,0.6688844578200739,0.5402023561465643,2024-25-101
225,0.4022075702881277,0.583666832211336,2024-26-101
226,0.917572117953904,0.38791952112943145,2024-27-101
227,0.8060232822177731,0.6428157122600627,2024-28-101
228,0.8437961909060656,0.6643990267259978,2024-29-101
229,1.3102862742550816,0.5993152373477071,2024-30-101
230,0.9551374349373148,0.7081929851227317,2024-31-101
231,0.9686912510412942,0.9551819200714996,2024-32-101
232,2.405331456139684,0.8077641073105011,2024-33-101
233,2.1098119479725743,1.6426050373980974,2024-34-101
234,2.897527403619976,2.2583362419028132,2024-35-101
235,2.860960769631084,2.6706375564664357,2024-36-101
236,3.457019900764394,2.88626729804999,2024-37-101
237,3.715719224414356,3.1339354912135535,2024-38-101
238,4.000933555698498,3.4454438787070165,2024-39-101
239,3.4625783225570745,3.6510693854127396,2024-40-101
240,3.729463629320369,3.6249044859591133,2024-41-101
241,4.0744684904679245,3.9061254423857847,2024-42-101
242,3.4613344870659564,3.695337331146667,2024-43-101
243,4.437434127082788,3.639477394700443,2024-44-101
244,4.72005412955498,4.186806598934478,2024-45-101
245,4.904835092979193,4.8973931587980415,2024-46-101
246,3.8583111232614167,5.2207952004431135,2024-47-101
247,5.05830377747833,4.85558418842689,2024-48-101
248,3.898706732133284,5.117465471554391,2024-49-101
249,3.1381028934979853,4.508114322374734,2024-50-101
250,3.580234678489147,4.13768026381306,2024-51-101
251,3.3000878394404163,4.44082379390441,2024-52-101
504,0.4303084494898565,0.1704805138909523,2024-1-102
505,0.2984000481149812,0.1785865747702365,2024-2-102
506,0.2271795119386042,0.1704805138909523,2024-3-102
507,0.2315181404214686,0.17892982906718852,2024-4-102
508,0.0,0.1704805138909523,2024-5-102
509,0.3078870933833353,0.1793481158034897,2024-6-102
510,0.1729613264172646,0.1704805138909523,2024-7-102
511,0.0,0.1704805138909523,2024-8-102
512,0.0,0.1704805138909523,2024-9-102
513,0.0,0.1704805138909523,2024-10-102
514,0.5689249943017157,0.17765057386517585,2024-11-102
515,0.305982432180313,0.24893295538503377,2024-12-102
516,0.0,0.18982133315015406,2024-13-102
517,0.2948447663450736,0.19984731431600428,2024-14-102
518,0.3387352378018072,0.25455976507966954,2024-15-102
519,0.0,0.20702384477356806,2024-16-102
520,0.0,0.17309575688007747,2024-17-102
521,0.0,0.18385647643018527,2024-18-102
522,0.0,0.18359979814948194,2024-19-102
523,0.2610579447697203,0.18196335879261485,2024-20-102
524,0.0,0.17309575688007747,2024-21-102
525,0.2985163976770325,0.1754071612539491,2024-22-102
526,0.2290547732113247,0.17309575688007747,2024-23-102
527,0.2258630526526608,0.1754071612539491,2024-24-102
528,0.0,0.1754071612539491,2024-25-102
529,0.2997681766795776,0.17309575688007747,2024-26-102
530,0.1982179708786824,0.1754071612539491,2024-27-102
531,0.1906977524388611,0.17309575688007747,2024-28-102
532,0.0687245078626234,0.1704805138909523,2024-29-102
533,0.0,0.1704805138909523,2024-30-102
534,0.3489025452447098,0.1704805138909523,2024-31-102
535,0.2005108834601434,0.1704805138909523,2024-32-102
536,0.2731161148510016,0.1704805138909523,2024-33-102
537,0.3175900583483381,0.18154507205631368,2024-34-102
538,0.3184291735273319,0.1704805138909523,2024-35-102
539,0.2885466542193838,0.1793481158034897,2024-36-102
540,0.4713643777544432,0.1704805138909523,2024-37-102
541,0.768980475709619,0.18120181775936167,2024-38-102
542,0.6479851897471736,0.40264663286565266,2024-39-102
543,1.0595402656071389,0.4180542301293661,2024-40-102
544,0.8736834912468082,0.5674388130903548,2024-41-102
545,0.8387526569768913,0.8547437810472691,2024-42-102
546,0.8719256329004246,0.703542127959075,2024-43-102
547,0.8764373356671942,0.6639452968676669,2024-44-102
548,0.4507480664440057,0.7018171132503177,2024-45-102
549,0.9742295507059144,0.44190974948372064,2024-46-102
550,0.5371533401510818,0.6668608542263492,2024-47-102
551,0.1902747667665432,0.507555742534463,2024-48-102
552,0.2277395873941433,0.3438867731713068,2024-49-102
553,0.0,0.30688204543989606,2024-50-102
554,0.0,0.28211305638843986,2024-51-102
555,0.0,0.20605424115201199,2024-52-102
808,0.4997522565646985,0.1704805138909523,2024-1-103
809,0.3754378287837711,0.2059676651357633,2024-2-103
810,0.9564369633755267,0.1785865747702365,2024-3-103
811,0.336106074221221,0.44239814105159847,2024-4-103
812,0.2982940261320621,0.3676929905286521,2024-5-103
813,0.3128852903790725,0.31579541659696964,2024-6-103
814,0.3013200414998614,0.28046119779623946,2024-7-103
815,0.6342941906445481,0.20665000942482312,2024-8-103
816,0.6218722464310431,0.4402764903008838,2024-9-103
817,0.5139208711252715,0.39513199398282384,2024-10-103
818,0.7433679903231803,0.28039567497845375,2024-11-103
819,0.4442270154608288,0.5270434763589646,2024-12-103
820,0.238934715069937,0.33300760953393804,2024-13-103
821,0.0856123018048954,0.266724087163624,2024-14-103
822,0.0983569987084469,0.2920529636948137,2024-15-103
823,0.3952760899669416,0.21484264632035596,2024-16-103
824,0.5901707949370136,0.20019357019180994,2024-17-103
825,0.2857878748428693,0.2852104613714139,2024-18-103
826,0.2226191428699004,0.20646328522192314,2024-19-103
827,0.1516081313362174,0.19723207132687912,2024-20-103
828,0.2330561981782793,0.26509016006558817,2024-21-103
829,0.3900682173410306,0.20209719741057136,2024-22-103
830,0.3658171251626933,0.1785865747702365,2024-23-103
831,0.2951357645833892,0.1704805138909523,2024-24-103
832,0.2948935736589785,0.18712246596272145,2024-25-103
833,0.5803134984780995,0.17892982906718852,2024-26-103
834,0.2877953994730929,0.26986845396390136,2024-27-103
835,0.387629519269327,0.19868893506269142,2024-28-103
836,0.3392627662070907,0.20533813220616332,2024-29-103
837,0.7009042920786164,0.25622255815305084,2024-30-103
838,0.7700132339725283,0.4188491938841495,2024-31-103
839,0.7375358945448458,0.42588195031599196,2024-32-103
840,0.7534530747915085,0.48285631593295947,2024-33-103
841,0.959153079950586,0.5779702893016128,2024-34-103
842,1.442538935147457,0.669155754374425,2024-35-103
843,1.6758631158475708,0.9178758793544074,2024-36-103
844,1.838152266820228,1.2635402897967958,2024-37-103
845,2.047029360276688,1.6310358739053137,2024-38-103
846,2.3835658148316945,1.8789628686089532,2024-39-103
847,2.2958736355167813,2.3081403636547635,2024-40-103
848,2.6640843300652706,2.5030286484806976,2024-41-103
849,2.131321212278992,2.7242100215070506,2024-42-103
850,1.953370011386239,2.78688150693559,2024-43-103
851,1.7816839434255745,2.5512273212397627,2024-44-103
852,1.3526594549865307,1.6886848227204903,2024-45-103
853,0.9053736328683124,1.3897243269403985,2024-46-103
854,0.8839850430389175,1.0695389725533901,2024-47-103
855,0.4973304848507418,0.8661026316894026,2024-48-103
856,0.6613971300831415,0.5387889871048612,2024-49-103
857,0.6568523121147855,0.6048169677833076,2024-50-103
858,0.1032476785073302,0.5691126245462835,2024-51-103
859,0.164079898761685,0.2989845976350899,2024-52-103
1112,0.1561646067415673,0.4329799361378989,2024-1-104
1113,0.1804898249810805,0.3523178880425001,2024-2-104
1114,0.0,0.3042189325176712,2024-3-104
1115,0.0,0.27031892646348754,2024-4-104
1116,0.233030744924414,0.21589841817238561,2024-5-104
1117,0.0,0.18199869381383307,2024-6-104
1118,0.0,0.18910439947886307,2024-7-104
1119,0.3303457699185452,0.19729703637439588,2024-8-104
1120,0.0,0.19383632136342563,2024-9-104
1121,1.8353456803101336,0.18910439947886307,2024-10-104
1122,0.0,0.7795906075780513,2024-11-104
1123,0.0,0.7180565071392523,2024-12-104
1124,0.7466370420026884,0.3395634999925567,2024-13-104
1125,0.0,0.5633281342303328,2024-14-104
1126,0.0,0.244735643820737,2024-15-104
1127,0.61759167759616,0.2488799350981655,2024-16-104
1128,1.2294688878625908,0.46772501401698463,2024-17-104
1129,1.1907314535412363,0.6037762248860614,2024-18-104
1130,1.3913102810448157,1.016390235716334,2024-19-104
1131,0.4737554176125594,1.17901630248323,2024-20-104
1132,0.7282702247225931,0.8718543855759677,2024-21-104
1133,0.5417390554062742,0.6585673694792097,2024-22-104
1134,0.6235264750470699,0.45062851680863397,2024-23-104
1135,1.2296827475332834,0.4954703050082441,2024-24-104
1136,0.6701859440750935,0.7159743635027693,2024-25-104
1137,1.9947490389680589,0.8134556452265775,2024-26-104
1138,1.438921472414655,1.1958387821372343,2024-27-104
1139,1.2112965013853791,1.3384499060312978,2024-28-104
1140,0.6236217510751457,1.247704771245899,2024-29-104
1141,0.530968919425546,0.9211794060621601,2024-30-104
1142,0.7598546559514381,0.5639059300854509,2024-31-104
1143,0.3639031894233375,0.6552319248934032,2024-32-104
1144,0.2478380637335728,0.35423579634874097,2024-33-104
1145,0.2305580726587769,0.3549544658129957,2024-34-104
1146,0.4623374189782127,0.31301293227610155,2024-35-104
1147,0.52369088505289,0.2321971159472027,2024-36-104
1148,0.0,0.26585674216793165,2024-37-104
1149,0.6978302915190262,0.2116001798714144,2024-38-104
1150,0.6533709751086796,0.4045512874394561,2024-39-104
1151,0.4437776173547506,0.45915716637503623,2024-40-104
1152,0.7928607558280919,0.2991837828955801,2024-41-104
1153,0.761166144824976,0.5730770450668247,2024-42-104
1154,1.1303936815852131,0.5579210150180185,2024-43-104
1155,0.2272500057021137,0.6484874500087304,2024-44-104
1156,0.8181213116470059,0.7169695618744594,2024-45-104
1157,0.3536534410120068,0.6755948683872605,2024-46-104
1158,0.9749618770423828,0.41998369170033867,2024-47-104
1159,2.072166086535089,0.5527828482197102,2024-48-104
1160,1.6534588569227946,1.4872584234749326,2024-49-104
1161,0.0,1.2688705625651466,2024-50-104
1162,1.935857372034956,0.961934295485061,2024-51-104
1163,1.0254808185621105,1.6115288512915265,2024-52-104
1416,0.0,0.18999171527100564,2024-1-105
1417,0.0,0.1951390059874258,2024-2-105
1418,0.0,0.2403661669481614,2024-3-105
1419,0.0,0.20218336564104486,2024-4-105
1420,0.0,0.17480227527551814,2024-5-105
1421,0.0,0.1774175182646433,2024-6-105
1422,0.0,0.17709113845500823,2024-7-105
1423,0.0,0.17309575688007747,2024-8-105
1424,0.0,0.17309575688007747,2024-9-105
1425,0.0,0.17309575688007747,2024-10-105
1426,0.0,0.1774175182646433,2024-11-105
1427,0.0,0.17972892263851484,2024-12-105
1428,0.0,0.1754071612539491,2024-13-105
1429,0.0,0.17309575688007747,2024-14-105
1430,0.0,0.1774175182646433,2024-15-105
1431,0.0,0.17972892263851484,2024-16-105
1432,0.0,0.17748092424548992,2024-17-105
1433,0.0,0.17972892263851484,2024-18-105
1434,0.0,0.17972892263851484,2024-19-105
1435,0.0,0.1774175182646433,2024-20-105
1436,0.7905912157589721,0.17972892263851484,2024-21-105
1437,0.0,0.4070392937862761,2024-22-105
1438,0.0,0.2016670959168298,2024-23-105
1439,0.0,0.2443558123915675,2024-24-105
1440,0.0,0.2633972039090725,2024-25-105
1441,0.0,0.21589841817238561,2024-26-105
1442,0.0,0.17972892263851484,2024-27-105
1443,0.0,0.17972892263851484,2024-28-105
1444,0.0,0.18792155953404774,2024-29-105
1445,0.0,0.1774175182646433,2024-30-105
1446,0.0,0.1774175182646433,2024-31-105
1447,0.0,0.1774175182646433,2024-32-105
1448,0.0,0.1774175182646433,2024-33-105
1449,0.0,0.1774175182646433,2024-34-105
1450,0.0,0.1774175182646433,2024-35-105
1451,0.0,0.1774175182646433,2024-36-105
1452,0.0,0.1774175182646433,2024-37-105
1453,0.0,0.1774175182646433,2024-38-105
1454,0.0,0.1774175182646433,2024-39-105
1455,0.0,0.1774175182646433,2024-40-105
1456,0.0,0.1774175182646433,2024-41-105
1457,0.0,0.1774175182646433,2024-42-105
1458,0.0,0.1774175182646433,2024-43-105
1459,0.0,0.17480227527551814,2024-44-105
1460,0.0,0.1774175182646433,2024-45-105
1461,0.0,0.1774175182646433,2024-46-105
1462,0.0,0.21935606127894897,2024-47-105
1463,0.0,0.1774175182646433,2024-48-105
1464,0.0,0.17480227527551814,2024-49-105
1465,0.0,0.17480227527551814,2024-50-105
1466,0.0,0.17480227527551814,2024-51-105
1467,0.0,0.17480227527551814,2024-52-105
1720,0.1945424633997629,0.18982133315015406,2024-1-106
1721,0.2248508444064822,0.22544181693644688,2024-2-106
1722,0.0,0.25622255815305084,2024-3-106
1723,0.1308478564592278,0.20209719741057136,2024-4-106
1724,0.1451626937185733,0.1704805138909523,2024-5-106
1725,0.5220583033476354,0.1704805138909523,2024-6-106
1726,0.3910457823329034,0.2500521358817033,2024-7-106
1727,0.2057977034957798,0.19377601476572404,2024-8-106
1728,0.0,0.18820200161373482,2024-9-106
1729,0.2858575292535715,0.17892982906718852,2024-10-106
1730,0.6432102440209143,0.19786160425647914,2024-11-106
1731,0.3459447629214164,0.3876507971008317,2024-12-106
1732,0.4651909347286586,0.18982133315015406,2024-13-106
1733,0.3333714042501493,0.24179040247096617,2024-14-106
1734,0.3830078036456937,0.26467187332928693,2024-15-106
1735,0.7696319462539014,0.22288969395233693,2024-16-106
1736,0.3830444569576788,0.4135644729866192,2024-17-106
1737,0.0,0.238666557964186,2024-18-106
1738,0.577982012869274,0.25216764245207524,2024-19-106
1739,0.590439967206281,0.35431490608960325,2024-20-106
1740,0.0,0.3523766912303803,2024-21-106
1741,0.8439984754440675,0.22544049249861822,2024-22-106
1742,0.388576360330983,0.5486625022111644,2024-23-106
1743,0.5108968999005918,0.32410948103716686,2024-24-106
1744,0.7309283010377862,0.2748301480429082,2024-25-106
1745,1.0171604585534817,0.46957105625127854,2024-26-106
1746,1.0089065256401588,0.6180481063425917,2024-27-106
1747,0.647105248421844,0.8499391942459046,2024-28-106
1748,1.3992809987241654,0.7450185793870813,2024-29-106
1749,0.7446337753445893,0.7840020947492472,2024-30-106
1750,1.420865033429518,0.8641734572957891,2024-31-106
1751,1.2853591708533505,0.7746976295514978,2024-32-106
1752,0.9269155273093092,1.2603114341542803,2024-33-106
1753,0.7904489891337081,0.9736092708691203,2024-34-106
1754,0.6484586880817805,0.7971739327301397,2024-35-106
1755,0.5712993613568259,0.6815965201574243,2024-36-106
1756,0.5333092205119383,0.4740984707682592,2024-37-106
1757,1.160083016123865,0.4461596415365046,2024-38-106
1758,0.7331836675177645,0.7460280110405647,2024-39-106
1759,0.8299979254462554,0.792357143812473,2024-40-106
1760,0.4943074976440258,0.6732354092871169,2024-41-106
1761,0.9491167793717986,0.42761833545300654,2024-42-106
1762,0.563819141176719,0.6573768496802779,2024-43-106
1763,0.2833765573010229,0.5220027203492135,2024-44-106
1764,0.3400684805793611,0.3438408971144188,2024-45-106
1765,0.0,0.3209965001498842,2024-46-106
1766,0.2026404472671451,0.3382451975342536,2024-47-106
1767,0.0,0.3034720359568115,2024-48-106
1768,0.0,0.17447589546588307,2024-49-106
1769,0.0,0.18754075269902262,2024-50-106
1770,0.0,0.1786731507864852,2024-51-106
1771,0.639494523892552,0.1704805138909523,2024-52-106
2024,0.2122273276322889,0.9528043487132455,2024-1-107
2025,0.7358737876115242,0.4892276839865825,2024-2-107
2026,0.8403841878956876,0.6245221956949938,2024-3-107
2027,0.5709728810384626,0.5022165200315639,2024-4-107
2028,0.6334386349066812,0.35169295111951177,2024-5-107
2029,1.1390405954052942,0.5483483524448336,2024-6-107
2030,2.1329882865243066,0.7225829638442725,2024-7-107
2031,0.4490162313639008,1.7417096100564922,2024-8-107
2032,0.5282805009893723,0.9360071488113413,2024-9-107
2033,1.247390604847255,0.5878919597879887,2024-10-107
2034,2.806767544228036,0.8409028143157572,2024-11-107
2035,2.2643949269033654,2.0534143789770436,2024-12-107
2036,0.0,2.470592895284439,2024-13-107
2037,0.0,1.400911085247142,2024-14-107
2038,0.8356679789499599,0.5860882652621907,2024-15-107
2039,1.6792288417230783,0.6956232941302255,2024-16-107
2040,0.0,0.6278770317735209,2024-17-107
2041,1.6188758933417755,0.7567085114415708,2024-18-107
2042,4.413784707628537,0.6691651684898687,2024-19-107
2043,1.9323973994312889,2.128526968056611,2024-20-107
2044,2.970608654532968,2.1461933942870517,2024-21-107
2045,3.683005902137636,3.4002296237258225,2024-22-107
2046,3.673921648573193,3.1750330730511065,2024-23-107
2047,1.9507579791595315,3.504149250642521,2024-24-107
2048,4.328755675082178,2.748582318639121,2024-25-107
2049,2.712520562459501,3.1149474473821126,2024-26-107
2050,2.2013311530414224,3.049215104413277,2024-27-107
2051,2.3532018146471128,3.277086411473322,2024-28-107
2052,1.6961684799966528,2.5975226843729153,2024-29-107
2053,1.444201592131176,1.625447884449786,2024-30-107
2054,1.7223403894753735,1.6233267847921662,2024-31-107
2055,1.814713134153369,1.4013052909142225,2024-32-107
2056,3.033696902713545,1.426732322779221,2024-33-107
2057,1.7247083805157688,2.3337212945975985,2024-34-107
2058,2.8297963861295563,1.5634114047117598,2024-35-107
2059,3.2053992838840686,2.2428429558631326,2024-36-107
2060,3.823436426639303,3.0753100284664936,2024-37-107
2061,3.3222661317978286,3.399825091395753,2024-38-107
2062,4.266076169449912,3.4750730217159695,2024-39-107
2063,2.8171545752206755,3.647430594377033,2024-40-107
2064,1.9414173195405893,3.3213663699147498,2024-41-107
2065,0.7766067632920515,2.896774266225212,2024-42-107
2066,1.537804511250794,1.5172834798185209,2024-43-107
2067,2.782459091318753,0.9588396891736651,2024-44-107
2068,4.08114924685687,2.170997706924066,2024-45-107
2069,1.9246075442719968,3.2896037210849527,2024-46-107
2070,0.4421622345247589,2.8640853953221943,2024-47-107
2071,1.8795744398555017,1.8349595926502835,2024-48-107
2072,2.2497309360415745,1.3245727629776314,2024-49-107
2073,1.861941685377851,2.126652292904854,2024-50-107
2074,1.7560674802526235,1.916009842294167,2024-51-107
2075,0.0,1.4282804670755118,2024-52-107
2328,0.1746417441333576,0.1785865747702365,2024-1-108
2329,0.2018470894111426,0.1704805138909523,2024-2-108
2330,0.0576276219238938,0.17892982906718852,2024-3-108
2331,0.0587290838746844,0.1704805138909523,2024-4-108
2332,0.0651532304658932,0.1793481158034897,2024-5-108
2333,0.0,0.1704805138909523,2024-6-108
2334,0.0,0.1704805138909523,2024-7-108
2335,0.0,0.1704805138909523,2024-8-108
2336,0.1086677396269394,0.1704805138909523,2024-9-108
2337,0.1282927724162387,0.1704805138909523,2024-10-108
2338,0.0,0.1704805138909523,2024-11-108
2339,0.0,0.1704805138909523,2024-12-108
2340,0.0,0.1704805138909523,2024-13-108
2341,0.2992183361930163,0.1704805138909523,2024-14-108
2342,0.0,0.1704805138909523,2024-15-108
2343,0.0,0.1704805138909523,2024-16-108
2344,0.0,0.1704805138909523,2024-17-108
2345,0.1664802144085274,0.1704805138909523,2024-18-108
2346,0.0,0.1704805138909523,2024-19-108
2347,0.0,0.1704805138909523,2024-20-108
2348,0.0,0.1704805138909523,2024-21-108
2349,0.075745384620984,0.1704805138909523,2024-22-108
2350,0.0,0.1704805138909523,2024-23-108
2351,0.0573121187993546,0.1704805138909523,2024-24-108
2352,0.0,0.1704805138909523,2024-25-108
2353,0.1014235522948493,0.1704805138909523,2024-26-108
2354,0.0,0.1704805138909523,2024-27-108
2355,0.0483920368890186,0.1704805138909523,2024-28-108
2356,0.0348800298249455,0.1704805138909523,2024-29-108
2357,0.0371226374256629,0.1704805138909523,2024-30-108
2358,0.0354171091645567,0.1704805138909523,2024-31-108
2359,0.1696182426146135,0.1704805138909523,2024-32-108
2360,0.103968392622002,0.1704805138909523,2024-33-108
2361,0.1612005502421497,0.1704805138909523,2024-34-108
2362,0.0323258047543614,0.1704805138909523,2024-35-108
2363,0.0732317522433916,0.1704805138909523,2024-36-108
2364,0.0683610886457521,0.1704805138909523,2024-37-108
2365,0.1951697248672262,0.1704805138909523,2024-38-108
2366,0.0730948154108855,0.1704805138909523,2024-39-108
2367,0.0413728077898109,0.1704805138909523,2024-40-108
2368,0.0443508435982259,0.1704805138909523,2024-41-108
2369,0.1596687055615661,0.1704805138909523,2024-42-108
2370,0.2529314861309467,0.1704805138909523,2024-43-108
2371,0.1271221399849389,0.1704805138909523,2024-44-108
2372,0.1525519812592224,0.1704805138909523,2024-45-108
2373,0.098917561513144,0.1704805138909523,2024-46-108
2374,0.1818008864241448,0.1704805138909523,2024-47-108
2375,0.1931999613555461,0.1704805138909523,2024-48-108
2376,0.1156222020086533,0.1704805138909523,2024-49-108
2377,0.1275876431616973,0.1704805138909523,2024-50-108
2378,0.0,0.1704805138909523,2024-51-108
2379,0.0,0.1704805138909523,2024-52-108
2632,3.367340611806917,0.35184781906581575,2024-1-109
2633,2.06026639919516,1.8095793105905256,2024-2-109
2634,2.483367497536712,2.4225493478823097,2024-3-109
2635,1.9978804849396965,2.444280292263681,2024-4-109
2636,0.7387530903385899,2.0883814405597896,2024-5-109
2637,1.5939592417124169,1.3575737121025642,2024-6-109
2638,1.392820883881435,0.9081956979873302,2024-7-109
2639,1.675300846705502,1.3261123355589524,2024-8-109
2640,1.970867250633452,1.3077772349760037,2024-9-109
2641,1.4541436613611904,1.7348492010741667,2024-10-109
2642,1.963019356929384,1.4003330441525625,2024-11-109
2643,1.7595023351946537,1.73650382727533,2024-12-109
2644,2.365794651775048,1.462247016257123,2024-13-109
2645,1.0171573009874175,2.0132283075913535,2024-14-109
2646,1.1685038020499336,1.2921165166808455,2024-15-109
2647,1.1739195528403337,1.2617362155387493,2024-16-109
2648,3.8947171154104425,1.2477253671691624,2024-17-109
2649,1.1315302988646654,2.4545054432419993,2024-18-109
2650,2.05652796564912,1.385756835869631,2024-19-109
2651,3.000963912241529,2.449326135106947,2024-20-109
2652,2.9983701395900004,2.937443642434133,2024-21-109
2653,1.372467997913537,3.1356217037483867,2024-22-109
2654,2.895884096725531,1.9891250145716477,2024-23-109
2655,4.283052414138217,2.32318232428202,2024-24-109
2656,5.835370123184854,3.3075055516218055,2024-25-109
2657,7.0043620986411606,4.005059126007428,2024-26-109
2658,7.744121341266428,5.134306621384889,2024-27-109
2659,6.463883572930297,6.1605074656177035,2024-28-109
2660,7.580267652278096,5.969228886923947,2024-29-109
2661,7.310774543854437,5.979123225190623,2024-30-109
2662,6.092574917069832,6.010256871770273,2024-31-109
2663,5.988805392383831,5.860089186260057,2024-32-109
2664,4.000020047479418,5.332442530056577,2024-33-109
2665,5.544864076421403,4.903676776749416,2024-34-109
2666,6.07123607987856,4.853434648092159,2024-35-109
2667,3.8110604460240127,4.719219635983245,2024-36-109
2668,5.258663254675881,4.7992530435018725,2024-37-109
2669,4.488977340815241,4.800446563948764,2024-38-109
2670,2.314940852542463,3.9588641899200616,2024-39-109
2671,3.369082946378404,3.635103613645309,2024-40-109
2672,2.507870022875752,3.912434672255236,2024-41-109
2673,2.5278418807786927,2.9597647931941924,2024-42-109
2674,2.0020362487468675,2.943105399749499,2024-43-109
2675,2.2997526121700176,2.3734985640916846,2024-44-109
2676,2.242178046955129,2.58611718419001,2024-45-109
2677,0.6709690660506916,2.3446874101742328,2024-46-109
2678,1.4386026084029726,1.3434103563187958,2024-47-109
2679,1.5286950147807623,0.9269453669900113,2024-48-109
2680,1.3068507264009812,1.3350664573636721,2024-49-109
2681,1.1535922481132943,1.2900426964882161,2024-50-109
2682,2.0398153732692363,1.2165311086655024,2024-51-109
2683,1.2965802083225535,1.7714651119857425,2024-52-109
2936,0.316029094641131,0.1704805138909523,2024-1-110
2937,0.4382739111989142,0.18334349737842046,2024-2-110
2938,0.5004684465628798,0.1785865747702365,2024-3-110
2939,0.7649858123009068,0.1785865747702365,2024-4-110
2940,0.7543041319912913,0.3981436486738666,2024-5-110
2941,1.24322332851832,0.4408515966692365,2024-6-110
2942,0.2539472767281928,0.5851916069382199,2024-7-110
2943,0.8017980184420354,0.7330790908549887,2024-8-110
2944,0.7860367876534844,0.673286614808318,2024-9-110
2945,0.5567479452477532,0.6323447807697401,2024-10-110
2946,0.6263098216301682,0.3844205688931223,2024-11-110
2947,0.2245479313697624,0.5505681478035279,2024-12-110
2948,0.3019192734693153,0.3422040020230147,2024-13-110
2949,0.8653767772129658,0.35126795756544255,2024-14-110
2950,0.9941269103645868,0.5625123086325641,2024-15-110
2951,0.4993610067406905,0.5571309708455991,2024-16-110
2952,0.4970133475346132,0.4226869462322751,2024-17-110
2953,0.7219762547006161,0.39045506826835835,2024-18-110
2954,0.1874510585420219,0.5456281414348636,2024-19-110
2955,0.38294524279184,0.2437123164068073,2024-20-110
2956,0.441472495061163,0.2705945548888159,2024-21-110
2957,0.6567477452814674,0.2999023462933946,2024-22-110
2958,0.4199119143910124,0.43159464279393395,2024-23-110
2959,0.2484191096973622,0.21037209078060515,2024-24-110
2960,0.4738301109502717,0.24255194350421935,2024-25-110
2961,0.4395451627356424,0.29438492963014457,2024-26-110
2962,0.8718695832802008,0.21020325828985556,2024-27-110
2963,1.5376758181519463,0.4445492295390473,2024-28-110
2964,1.360101154760363,0.5795745030517189,2024-29-110
2965,1.2329903048385031,1.1878549360914774,2024-30-110
2966,1.5853684767311111,1.1604911616589964,2024-31-110
2967,2.54696943828006,1.3152661626611735,2024-32-110
2968,2.8519059197756103,2.0049232983322374,2024-33-110
2969,2.606317039886811,2.866484733092469,2024-34-110
2970,3.1262902342882635,2.7701390684459755,2024-35-110
2971,3.805130233228535,3.0658273505629356,2024-36-110
2972,3.798391799712165,3.399825091395753,2024-37-110
2973,4.365526986291736,3.5984927394374178,2024-38-110
2974,5.062707278081956,3.8055088355115627,2024-39-110
2975,6.387284563095222,4.430551355042009,2024-40-110
2976,4.54297366172506,5.57150161446441,2024-41-110
2977,6.449414988920889,5.903822253802914,2024-42-110
2978,5.928724332844976,5.412878377678848,2024-43-110
2979,5.86730530865491,6.4671614726614255,2024-44-110
2980,5.500319291019694,6.293918300064532,2024-45-110
2981,5.135331408657772,6.430185888630263,2024-46-110
2982,6.553768859709892,6.031475322639027,2024-47-110
2983,6.128403914793796,7.996044335832113,2024-48-110
2984,4.83414260051472,7.039403002685783,2024-49-110
2985,4.782167155241453,6.576866518754075,2024-50-110
2986,5.203595229278628,7.575884069112942,2024-51-110
2987,7.441973900012855,7.280689298961521,2024-52-110
3240,0.0851490703033982,0.1704805138909523,2024-1-111
3241,0.0,0.1704805138909523,2024-2-111
3242,0.0,0.1704805138909523,2024-3-111
3243,0.0,0.1704805138909523,2024-4-111
3244,0.0,0.1704805138909523,2024-5-111
3245,0.304604646200677,0.1704805138909523,2024-6-111
3246,0.0,0.1704805138909523,2024-7-111
3247,0.0,0.1704805138909523,2024-8-111
3248,0.0,0.1704805138909523,2024-9-111
3249,0.0,0.1704805138909523,2024-10-111
3250,0.2814135988634365,0.1704805138909523,2024-11-111
3251,0.0,0.1704805138909523,2024-12-111
3252,0.4070227881367862,0.1704805138909523,2024-13-111
3253,0.0,0.1785865747702365,2024-14-111
3254,0.0,0.1704805138909523,2024-15-111
3255,0.0,0.17892982906718852,2024-16-111
3256,0.3350945884159907,0.1704805138909523,2024-17-111
3257,0.0,0.1793481158034897,2024-18-111
3258,0.0,0.1704805138909523,2024-19-111
3259,0.0,0.1704805138909523,2024-20-111
3260,0.0,0.1704805138909523,2024-21-111
3261,0.0,0.1793481158034897,2024-22-111
3262,0.0,0.1704805138909523,2024-23-111
3263,0.0,0.1704805138909523,2024-24-111
3264,0.0,0.1704805138909523,2024-25-111
3265,0.0,0.1704805138909523,2024-26-111
3266,0.0980289084578568,0.1704805138909523,2024-27-111
3267,0.0,0.1704805138909523,2024-28-111
3268,0.0,0.1704805138909523,2024-29-111
3269,0.1446856531798885,0.1704805138909523,2024-30-111
3270,0.0690174242095513,0.1704805138909523,2024-31-111
3271,0.0,0.1704805138909523,2024-32-111
3272,0.0,0.1704805138909523,2024-33-111
3273,0.0,0.1704805138909523,2024-34-111
3274,0.0,0.1704805138909523,2024-35-111
3275,0.0,0.1704805138909523,2024-36-111
3276,0.1997927956944961,0.1704805138909523,2024-37-111
3277,0.1267534499802148,0.1704805138909523,2024-38-111
3278,0.1424112072103062,0.1704805138909523,2024-39-111
3279,0.0806049275740179,0.1704805138909523,2024-40-111
3280,0.0864047236475531,0.1704805138909523,2024-41-111
3281,0.0,0.1704805138909523,2024-42-111
3282,0.0,0.1704805138909523,2024-43-111
3283,0.1238208617592031,0.1704805138909523,2024-44-111
3284,0.1485865469847803,0.1704805138909523,2024-45-111
3285,0.0,0.1704805138909523,2024-46-111
3286,0.0,0.21241905690525806,2024-47-111
3287,0.376327288401525,0.1704805138909523,2024-48-111
3288,0.0,0.1785865747702365,2024-49-111
3289,0.0,0.1704805138909523,2024-50-111
3290,0.0,0.17892982906718852,2024-51-111
3291,1.117358260597645,0.1704805138909523,2024-52-111
3544,0.0,0.1704805138909523,2024-1-112
3545,0.0,0.17309575688007747,2024-2-112
3546,0.3664646571358263,0.17309575688007747,2024-3-112
3547,0.3734797381515649,0.17309575688007747,2024-4-112
3548,0.0,0.1785865747702365,2024-5-112
3549,0.4967200243327687,0.18154507205631368,2024-6-112
3550,0.0,0.18965113293559788,2024-7-112
3551,0.5874459561916311,0.18196335879261485,2024-8-112
3552,0.0,0.3045968619454106,2024-9-112
3553,0.8160006534738847,0.19243657613927923,2024-10-112
3554,0.0,0.4635682114941644,2024-11-112
3555,0.0,0.28112074710572754,2024-12-112
3556,0.0,0.27165073452662075,2024-13-112
3557,0.0,0.26514458709097827,2024-14-112
3558,0.0,0.2136504197793607,2024-15-112
3559,1.0985867940430902,0.18359979814948194,2024-16-112
3560,1.0935463579620666,0.4787232389951751,2024-17-112
3561,1.0591322463475876,0.9065006803024594,2024-18-112
3562,0.0,0.94970154142789,2024-19-112
3563,0.0,0.7871872037285434,2024-20-112
3564,0.0,0.46451591084566346,2024-21-112
3565,0.0,0.30424042360433334,2024-22-112
3566,0.0,0.21589841817238561,2024-23-112
3567,0.0,0.18359979814948194,2024-24-112
3568,0.2981388645557195,0.18792155953404774,2024-25-112
3569,0.0,0.18359979814948194,2024-26-112
3570,0.0,0.17972892263851484,2024-27-112
3571,0.0,0.17972892263851484,2024-28-112
3572,0.0,0.17480227527551814,2024-29-112
3573,0.0,0.1774175182646433,2024-30-112
3574,0.0,0.1725542768824932,2024-31-112
3575,0.0,0.17516951987161836,2024-32-112
3576,0.2205721288282613,0.17516951987161836,2024-33-112
3577,0.205200799048059,0.17309575688007747,2024-34-112
3578,0.2057518972547589,0.17309575688007747,2024-35-112
3579,0.0,0.1774175182646433,2024-36-112
3580,0.0,0.1774175182646433,2024-37-112
3581,0.4141156125458726,0.1774175182646433,2024-38-112
3582,0.0,0.18552357914392748,2024-39-112
3583,0.5267436773256505,0.1774175182646433,2024-40-112
3584,0.5646745111178532,0.2503664393315335,2024-41-112
3585,0.3388260682180202,0.26619615837206206,2024-42-112
3586,0.8051246584301763,0.22109942876613992,2024-43-112
3587,0.4046628980655886,0.4935563434496581,2024-44-112
3588,0.9712521635533342,0.32013056616377794,2024-45-112
3589,0.0,0.5302586042648543,2024-46-112
3590,0.0,0.47792732428581425,2024-47-112
3591,1.2301471125348529,0.3285792033402444,2024-48-112
3592,0.0,0.637508538266897,2024-49-112
3593,2.437270843096244,0.6690613605295178,2024-50-112
3594,2.2987091178636327,1.35002774130677,2024-51-112
3595,0.0,2.3186484574589983,2024-52-112
3848,0.9314321919679134,0.6337031104255547,2024-1-113
3849,0.4140514760603035,0.5674403179367351,2024-2-113
3850,0.8511322571165745,0.470880020245253,2024-3-113
3851,0.1927565185787656,0.660602425289369,2024-4-113
3852,0.4276847908556273,0.3359272699027857,2024-5-113
3853,0.2563497369522829,0.28460444749625124,2024-6-113
3854,0.0,0.273282796961121,2024-7-113
3855,0.3031574959216923,0.22329196149659217,2024-8-113
3856,0.1783349761593085,0.1786731507864852,2024-9-113
3857,0.4210853074925187,0.1793481158034897,2024-10-113
3858,0.0,0.1867792116657694,2024-11-113
3859,0.0,0.1704805138909523,2024-12-113
3860,0.3426184151607179,0.17892982906718852,2024-13-113
3861,0.7365892781610458,0.1704805138909523,2024-14-113
3862,0.0,0.3891268193087396,2024-15-113
3863,0.0,0.19827064832639024,2024-16-113
3864,0.0,0.23772264663313014,2024-17-113
3865,0.2732225750561343,0.2700168074285849,2024-18-113
3866,0.2128343899108108,0.21157665678781984,2024-19-113
3867,0.0,0.17309575688007747,2024-20-113
3868,0.1671145429081678,0.17309575688007747,2024-21-113
3869,0.1243134581245113,0.18128839377561035,2024-22-113
3870,0.095388924103222,0.17309575688007747,2024-23-113
3871,0.188123235877191,0.1754071612539491,2024-24-113
3872,0.0768975045463397,0.17309575688007747,2024-25-113
3873,0.4161489593945081,0.17309575688007747,2024-26-113
3874,0.2476609174157342,0.18120181775936167,2024-27-113
3875,0.3176928322673272,0.17309575688007747,2024-28-113
3876,0.4579753725915944,0.17892982906718852,2024-29-113
3877,0.3046392694924079,0.1785865747702365,2024-30-113
3878,0.174386631628208,0.1793481158034897,2024-31-113
3879,0.4454235070798193,0.18316694955343368,2024-32-113
3880,0.568803726166516,0.18314139175533486,2024-33-113
3881,0.7937283613822294,0.27833018357297445,2024-34-113
3882,0.7427852506363998,0.4437987930130114,2024-35-113
3883,1.0216591001126545,0.43148200089175714,2024-36-113
3884,1.2903164453340836,0.6896600539886275,2024-37-113
3885,1.3881159193696806,1.1174465217550045,2024-38-113
3886,1.259704919598922,1.2341789619337313,2024-39-113
3887,0.8827811793885345,1.245227689271883,2024-40-113
3888,1.3103003970432576,1.0046235654463251,2024-41-113
3889,1.0482817932381798,0.8870867067235741,2024-42-113
3890,1.8681658163162267,1.1112637500075004,2024-43-113
3891,1.6692176104125158,1.5281568723576573,2024-44-113
3892,1.2519627182927302,1.3374673992691117,2024-45-113
3893,1.1365191166834097,1.2693653929989026,2024-46-113
3894,1.342813123728905,1.1848024310239025,2024-47-113
3895,0.6342286566353533,1.3183989911325456,2024-48-113
3896,1.5182448492914953,0.9352646229709305,2024-49-113
3897,1.4659495050516524,0.8209918392830322,2024-50-113
3898,0.5925326175613864,1.2824200638101735,2024-51-113
3899,0.9416587989101513,0.928751035346848,2024-52-113
4152,0.0989398821938577,0.1704805138909523,2024-1-114
4153,0.0,0.1704805138909523,2024-2-114
4154,0.0,0.1704805138909523,2024-3-114
4155,0.0,0.17503533087605072,2024-4-114
4156,0.0,0.1704805138909523,2024-5-114
4157,0.0,0.1704805138909523,2024-6-114
4158,0.0,0.1704805138909523,2024-7-114
4159,0.0,0.1704805138909523,2024-8-114
4160,0.0,0.1704805138909523,2024-9-114
4161,0.0,0.1704805138909523,2024-10-114
4162,0.3272240025791495,0.1704805138909523,2024-11-114
4163,0.0,0.1704805138909523,2024-12-114
4164,0.0,0.1704805138909523,2024-13-114
4165,0.678455049681464,0.1704805138909523,2024-14-114
4166,0.0,0.3741518143767552,2024-15-114
4167,0.3916001530030542,0.19868893506269142,2024-16-114
4168,0.0,0.2377950208960354,2024-17-114
4169,0.0,0.25883780114217597,2024-18-114
4170,0.2941132669784977,0.2150993246010593,2024-19-114
4171,0.0,0.1704805138909523,2024-20-114
4172,0.6928554664783121,0.1793481158034897,2024-21-114
4173,0.0,0.382344451272288,2024-22-114
4174,0.0,0.19243657613927923,2024-23-114
4175,0.1300083010283834,0.23772264663313014,2024-24-114
4176,0.0,0.25622255815305084,2024-25-114
4177,0.0,0.20665000942482312,2024-26-114
4178,0.0,0.1704805138909523,2024-27-114
4179,0.0,0.1704805138909523,2024-28-114
4180,0.0,0.1786731507864852,2024-29-114
4181,0.0,0.1704805138909523,2024-30-114
4182,0.0803663681237918,0.1704805138909523,2024-31-114
4183,0.0,0.1704805138909523,2024-32-114
4184,0.1572934386409585,0.1704805138909523,2024-33-114
4185,0.2195017342290386,0.1704805138909523,2024-34-114
4186,0.0,0.1704805138909523,2024-35-114
4187,0.0831053359878585,0.1704805138909523,2024-36-114
4188,0.0,0.1704805138909523,2024-37-114
4189,0.1476692135993811,0.1704805138909523,2024-38-114
4190,0.0,0.1704805138909523,2024-39-114
4191,0.1878378198453907,0.1704805138909523,2024-40-114
4192,0.3020513807528667,0.1704805138909523,2024-41-114
4193,0.0,0.1704805138909523,2024-42-114
4194,0.143562119356171,0.1704805138909523,2024-43-114
4195,0.1443137756340997,0.1704805138909523,2024-44-114
4196,0.0,0.1704805138909523,2024-45-114
4197,0.2246100851010747,0.1704805138909523,2024-46-114
4198,0.2064151072258036,0.1704805138909523,2024-47-114
4199,0.0,0.1704805138909523,2024-48-114
4200,0.5251531342788872,0.1704805138909523,2024-49-114
4201,0.0,0.23722811817463132,2024-50-114
4202,0.0,0.1856699538864398,2024-51-114
4203,0.0,0.18820200161373482,2024-52-114
4456,0.1989532039460988,0.33421542278289734,2024-1-115
4457,0.1149820954580472,0.18982133315015406,2024-2-115
4458,0.0,0.22544181693644688,2024-3-115
4459,0.0,0.25622255815305084,2024-4-115
4460,0.1484937576398062,0.20209719741057136,2024-5-115
4461,0.0,0.1704805138909523,2024-6-115
4462,0.0,0.1704805138909523,2024-7-115
4463,0.2105625715515794,0.1786731507864852,2024-8-115
4464,0.2477491713618231,0.1704805138909523,2024-9-115
4465,0.2925153057411934,0.1704805138909523,2024-10-115
4466,0.0,0.1704805138909523,2024-11-115
4467,0.3540495297417367,0.1704805138909523,2024-12-115
4468,1.4283640392062016,0.1704805138909523,2024-13-115
4469,0.3412274036269955,0.4934057457513141,2024-14-115
4470,1.176179431069436,0.6965025591772742,2024-15-115
4471,0.0,0.5605462278351412,2024-16-115
4472,0.0,0.7478223089799405,2024-17-115
4473,0.3798285212046848,0.3556403299339613,2024-18-115
4474,0.0,0.3310193854116573,2024-19-115
4475,1.209194467408342,0.20665000942482312,2024-20-115
4476,0.2323719160358566,0.49620998826639473,2024-21-115
4477,0.0,0.6737437352282071,2024-22-115
4478,0.1326578440312549,0.33653107320816067,2024-23-115
4479,0.3924654914765721,0.3166609656089609,2024-24-115
4480,0.0,0.21475607030410732,2024-25-115
4481,0.0,0.17309575688007747,2024-26-115
4482,0.0,0.17892982906718852,2024-27-115
4483,0.1104960218130696,0.1786731507864852,2024-28-115
4484,0.1592994509960985,0.1793481158034897,2024-29-115
4485,0.1695551359246045,0.1704805138909523,2024-30-115
4486,0.161778173664293,0.1704805138909523,2024-31-115
4487,0.1549687264493036,0.1704805138909523,2024-32-115
4488,0.2374912056517195,0.1704805138909523,2024-33-115
4489,0.2946031572399242,0.1704805138909523,2024-34-115
4490,0.2954098094410644,0.1704805138909523,2024-35-115
4491,0.2509810573116751,0.1704805138909523,2024-36-115
4492,0.0781023167494642,0.1704805138909523,2024-37-115
4493,0.2229985693512607,0.1704805138909523,2024-38-115
4494,0.0,0.1704805138909523,2024-39-115
4495,0.3782369611017924,0.1704805138909523,2024-40-115
4496,0.506868781577901,0.1785865747702365,2024-41-115
4497,0.0,0.1785865747702365,2024-42-115
4498,0.0,0.17892982906718852,2024-43-115
4499,0.0,0.18820200161373482,2024-44-115
4500,0.0,0.1793481158034897,2024-45-115
4501,0.4523768827341207,0.19786160425647914,2024-46-115
4502,0.0,0.1785865747702365,2024-47-115
4503,0.6627727276204693,0.1704805138909523,2024-48-115
4504,0.2644491851678986,0.3865965111279222,2024-49-115
4505,0.2918396341883633,0.18982133315015406,2024-50-115
4506,0.0,0.2525404430921318,2024-51-115
4507,0.0,0.25622255815305084,2024-52-115
4760,0.0,0.7095253761982221,2024-1-116
4761,0.0,0.40969268980220974,2024-2-116
4762,0.0,0.36224121804347836,2024-3-116
4763,0.0,0.22304208226573777,2024-4-116
4764,0.0,0.1914571417746606,2024-5-116
4765,0.0,0.2020289582589585,2024-6-116
4766,0.0,0.20762164418869183,2024-7-116
4767,0.0,0.19383632136342563,2024-8-116
4768,0.0,0.19383632136342563,2024-9-116
4769,0.0,0.19383632136342563,2024-10-116
4770,0.0,0.19383632136342563,2024-11-116
4771,0.0,0.19383632136342563,2024-12-116
4772,0.0,0.19383632136342563,2024-13-116
4773,0.0,0.19383632136342563,2024-14-116
4774,0.0,0.19383632136342563,2024-15-116
4775,0.0,0.19383632136342563,2024-16-116
4776,0.0,0.19383632136342563,2024-17-116
4777,0.0,0.19383632136342563,2024-18-116
4778,0.0,0.19383632136342563,2024-19-116
4779,0.0,0.19383632136342563,2024-20-116
4780,0.0,0.19383632136342563,2024-21-116
4781,1.4399452804107726,0.19383632136342563,2024-22-116
4782,0.0,0.4908978437773272,2024-23-116
4783,0.0,0.7117418114426028,2024-24-116
4784,0.0,0.3306958980800193,2024-25-116
4785,0.0,0.3365450562699637,2024-26-116
4786,0.9559609580277622,0.2277740041503004,2024-27-116
4787,0.0,0.4339060978020109,2024-28-116
4788,0.0,0.3616933648828482,2024-29-116
4789,0.7054099882493545,0.31044726979602977,2024-30-116
4790,0.0,0.4861292542889879,2024-31-116
4791,0.644550209452441,0.244735643820737,2024-32-116
4792,0.0,0.4411826745318493,2024-33-116
4793,0.6124944394878902,0.2921739323448178,2024-34-116
4794,1.842264399001877,0.45896753342286395,2024-35-116
4795,0.0,0.9891077907420014,2024-36-116
4796,0.0,0.7416331869050677,2024-37-116
4797,1.8534932743526096,0.4202645062865078,2024-38-116
4798,0.0,1.1795056111700033,2024-39-116
4799,1.5714661880477363,0.7556551254756705,2024-40-116
4800,3.368974142687731,0.5579377847881308,2024-41-116
4801,3.03201511458098,1.877750809038002,2024-42-116
4802,2.4013762886793315,3.1032741221197386,2024-43-116
4803,1.2068527447276405,2.7365392266400024,2024-44-116
4804,0.0,1.9761302502694746,2024-45-116
4805,3.755934618759962,1.2078761402493494,2024-46-116
4806,3.451329321815641,2.2311652652659104,2024-47-116
4807,1.83376309059506,3.436501788198227,2024-48-116
4808,0.0,2.288364337301598,2024-49-116
4809,2.4217336806585816,1.6567534523933747,2024-50-116
4810,0.0,1.6391532118964098,2024-51-116
4811,0.0,1.071188352376191,2024-52-116
5064,0.0,0.1704805138909523,2024-1-117
5065,0.0,0.1704805138909523,2024-2-117
5066,0.0,0.1704805138909523,2024-3-117
5067,0.0,0.1704805138909523,2024-4-117
5068,0.0,0.1704805138909523,2024-5-117
5069,0.0,0.1704805138909523,2024-6-117
5070,0.0,0.1704805138909523,2024-7-117
5071,0.0,0.1704805138909523,2024-8-117
5072,0.0,0.1704805138909523,2024-9-117
5073,0.0,0.1704805138909523,2024-10-117
5074,0.0,0.1704805138909523,2024-11-117
5075,0.0,0.1704805138909523,2024-12-117
5076,0.0,0.1704805138909523,2024-13-117
5077,0.0,0.1704805138909523,2024-14-117
5078,0.0,0.1704805138909523,2024-15-117
5079,0.0,0.1704805138909523,2024-16-117
5080,0.0,0.1704805138909523,2024-17-117
5081,0.0,0.1704805138909523,2024-18-117
5082,0.0,0.1704805138909523,2024-19-117
5083,0.0,0.1704805138909523,2024-20-117
5084,0.0,0.1704805138909523,2024-21-117
5085,0.0,0.1704805138909523,2024-22-117
5086,0.0,0.1704805138909523,2024-23-117
5087,0.0,0.1704805138909523,2024-24-117
5088,0.0,0.1704805138909523,2024-25-117
5089,0.0,0.1704805138909523,2024-26-117
5090,0.0,0.1704805138909523,2024-27-117
5091,0.0,0.1704805138909523,2024-28-117
5092,0.0,0.1704805138909523,2024-29-117
5093,0.0,0.1704805138909523,2024-30-117
5094,0.0,0.1704805138909523,2024-31-117
5095,0.0,0.1704805138909523,2024-32-117
5096,0.0,0.1704805138909523,2024-33-117
5097,0.0,0.1704805138909523,2024-34-117
5098,0.0,0.1704805138909523,2024-35-117
5099,0.0,0.1704805138909523,2024-36-117
5100,0.0,0.1704805138909523,2024-37-117
5101,0.0,0.1704805138909523,2024-38-117
5102,0.0,0.1704805138909523,2024-39-117
5103,0.0,0.1704805138909523,2024-40-117
5104,0.0,0.1704805138909523,2024-41-117
5105,0.0,0.1704805138909523,2024-42-117
5106,0.0,0.1704805138909523,2024-43-117
5107,0.0,0.1704805138909523,2024-44-117
5108,0.0,0.1704805138909523,2024-45-117
5109,0.0,0.1704805138909523,2024-46-117
5110,0.0,0.1704805138909523,2024-47-117
5111,0.0,0.1704805138909523,2024-48-117
5112,0.0,0.1704805138909523,2024-49-117
5113,0.0,0.1704805138909523,2024-50-117
5114,0.0,0.2041415187188656,2024-51-117
5115,0.0,1.3022396547097352,2024-52-117
5368,0.2308393796403048,0.1704805138909523,2024-1-118
5369,0.0889343878218891,0.18820200161373482,2024-2-118
5370,0.3046953432372496,0.1704805138909523,2024-3-118
5371,0.207015912295195,0.19786160425647914,2024-4-118
5372,0.2296640921380123,0.1704805138909523,2024-5-118
5373,0.1376596944001832,0.1704805138909523,2024-6-118
5374,0.1546705472859456,0.1704805138909523,2024-7-118
5375,0.3255978249474026,0.1704805138909523,2024-8-118
5376,0.0,0.1704805138909523,2024-9-118
5377,0.2261322674719957,0.1704805138909523,2024-10-118
5378,0.0,0.1704805138909523,2024-11-118
5379,0.2736664688200134,0.1704805138909523,2024-12-118
5380,0.0,0.1793481158034897,2024-13-118
5381,0.2637212333266374,0.1704805138909523,2024-14-118
5382,0.0,0.17309575688007747,2024-15-118
5383,0.0,0.1704805138909523,2024-16-118
5384,0.0,0.17309575688007747,2024-17-118
5385,0.0,0.17309575688007747,2024-18-118
5386,0.4572312331717408,0.1704805138909523,2024-19-118
5387,0.0,0.1785865747702365,2024-20-118
5388,0.0,0.17309575688007747,2024-21-118
5389,0.1335353071821471,0.18316694955343368,2024-22-118
5390,0.3073985324750006,0.17309575688007747,2024-23-118
5391,0.0,0.2004768472456043,2024-24-118
5392,0.4130228499712964,0.1704805138909523,2024-25-118
5393,0.0894077689801874,0.18120181775936167,2024-26-118
5394,0.0,0.1704805138909523,2024-27-118
5395,0.0853205123708185,0.18348464605228687,2024-28-118
5396,0.1844948346053137,0.1704805138909523,2024-29-118
5397,0.3272664558733903,0.1793481158034897,2024-30-118
5398,0.3122355402282522,0.1704805138909523,2024-31-118
5399,0.3588885317227454,0.1704805138909523,2024-32-118
5400,0.0611072028115713,0.1704805138909523,2024-33-118
5401,0.3979361904747657,0.1704805138909523,2024-34-118
5402,0.0569999901181178,0.19590349185901013,2024-35-118
5403,0.7102219687006427,0.17503533087605072,2024-36-118
5404,0.5424503846305724,0.39610011227706793,2024-37-118
5405,0.2867981142993279,0.2565689374338331,2024-38-118
5406,0.5155825404878472,0.2591644455520299,2024-39-118
5407,0.5836643510136132,0.2925624876977029,2024-40-118
5408,0.9385293633653436,0.3747195668317536,2024-41-118
5409,0.1877153667802054,0.5007379648743207,2024-42-118
5410,0.2230235515641342,0.33354601420311064,2024-43-118
5411,0.3362767390881631,0.40973009775460084,2024-44-118
5412,0.5380699843954833,0.30295360112261777,2024-45-118
5413,0.5233498677040439,0.2780289945200412,2024-46-118
5414,0.3206269340570368,0.26486225492128573,2024-47-118
5415,1.192574799737761,0.2115840785047552,2024-48-118
5416,0.8156771906357329,0.6184859024169266,2024-49-118
5417,0.9001030599683315,0.8293910232369539,2024-50-118
5418,1.91007126202224,0.5807976726945765,2024-51-118
5419,0.5059229772486411,1.1081218926604495,2024-52-118
5672,0.1816313771100063,0.4643569563313957,2024-1-119
5673,0.4723883719035774,0.407849759845328,2024-2-119
5674,0.0599482154582269,0.3848776743619507,2024-3-119
5675,0.1222025177759547,0.29737620721621005,2024-4-119
5676,0.1355858134403554,0.22195168807642962,2024-5-119
5677,0.0812779385162926,0.1774175182646433,2024-6-119
5678,0.1826620060057402,0.20866948414113715,2024-7-119
5679,0.1922812007421035,0.18359979814948194,2024-8-119
5680,0.1131239075615198,0.1754071612539491,2024-9-119
5681,0.0,0.1754071612539491,2024-10-119
5682,0.0,0.1754071612539491,2024-11-119
5683,0.0,0.17748092424548992,2024-12-119
5684,0.0,0.1754071612539491,2024-13-119
5685,0.4675090537680962,0.1754071612539491,2024-14-119
5686,0.3581160038510749,0.187834983517799,2024-15-119
5687,0.179922255170756,0.17972892263851484,2024-16-119
5688,0.1791128155254324,0.18809359691643043,2024-17-119
5689,0.0,0.18817823781475107,2024-18-119
5690,0.4054846570288484,0.2071100130040416,2024-19-119
5691,0.1380893790904482,0.19445458703731147,2024-20-119
5692,0.0,0.1754071612539491,2024-21-119
5693,0.2369184041853062,0.18817823781475107,2024-22-119
5694,0.1212095064372277,0.17972892263851484,2024-23-119
5695,0.2390729894738572,0.1842747631664864,2024-24-119
5696,0.0977348963187506,0.17972892263851484,2024-25-119
5697,0.1586926509562781,0.17972892263851484,2024-26-119
5698,0.3673163522978064,0.17972892263851484,2024-27-119
5699,0.1009793728410331,0.17972892263851484,2024-28-119
5700,0.2183774970820217,0.17972892263851484,2024-29-119
5701,0.2711862491798332,0.18586683344087948,2024-30-119
5702,0.11089607608894,0.17972892263851484,2024-31-119
5703,0.3541077102238016,0.18628512017718066,2024-32-119
5704,0.144718451641784,0.1774175182646433,2024-33-119
5705,0.1683066877166726,0.17972892263851484,2024-34-119
5706,0.0675095489069412,0.18817823781475107,2024-35-119
5707,0.1147169418215111,0.17972892263851484,2024-36-119
5708,0.1070996658347126,0.18859652455105227,2024-37-119
5709,0.1019345360641229,0.1774175182646433,2024-38-119
5710,0.267266498414656,0.17972892263851484,2024-39-119
5711,0.1296812430475901,0.1774175182646433,2024-40-119
5712,0.2317201558613767,0.17972892263851484,2024-41-119
5713,0.1668640324906914,0.17972892263851484,2024-42-119
5714,0.2643606633591727,0.17972892263851484,2024-43-119
5715,0.1328819947270913,0.17972892263851484,2024-44-119
5716,0.398706954038048,0.1774175182646433,2024-45-119
5717,0.1034237680339565,0.18552357914392748,2024-46-119
5718,0.3802103643706188,0.1774175182646433,2024-47-119
5719,0.3030730067766748,0.19628429869403527,2024-48-119
5720,1.209319909879227,0.1774175182646433,2024-49-119
5721,0.5338504045206784,0.5058098924451735,2024-50-119
5722,0.0,0.6950606015069767,2024-51-119
5723,0.6002479167950107,0.34115526921852873,2024-52-119
5976,0.0,0.1704805138909523,2024-1-120
5977,0.524635095219647,0.1704805138909523,2024-2-120
5978,0.0,0.23722811817463132,2024-3-120
5979,0.0,0.1856699538864398,2024-4-120
5980,0.0,0.18820200161373482,2024-5-120
5981,0.0,0.21515119630386326,2024-6-120
5982,0.0,0.19786160425647914,2024-7-120
5983,0.0,0.1704805138909523,2024-8-120
5984,0.0,0.1704805138909523,2024-9-120
5985,0.0,0.17447589546588307,2024-10-120
5986,0.0,0.1704805138909523,2024-11-120
5987,0.0,0.1704805138909523,2024-12-120
5988,0.0,0.1704805138909523,2024-13-120
5989,0.0,0.1704805138909523,2024-14-120
5990,0.0,0.1704805138909523,2024-15-120
5991,0.0,0.1704805138909523,2024-16-120
5992,0.0,0.1704805138909523,2024-17-120
5993,0.0,0.1704805138909523,2024-18-120
5994,0.0,0.1704805138909523,2024-19-120
5995,0.0,0.1704805138909523,2024-20-120
5996,0.0,0.1704805138909523,2024-21-120
5997,0.0,0.1704805138909523,2024-22-120
5998,0.0,0.1704805138909523,2024-23-120
5999,0.0,0.1704805138909523,2024-24-120
6000,0.4868800944610563,0.1704805138909523,2024-25-120
6001,0.0,0.1785865747702365,2024-26-120
6002,0.0,0.1704805138909523,2024-27-120
6003,0.0,0.18820200161373482,2024-28-120
6004,0.0,0.1704805138909523,2024-29-120
6005,0.0,0.19786160425647914,2024-30-120
6006,0.3679917262388996,0.1704805138909523,2024-31-120
6007,0.0,0.1704805138909523,2024-32-120
6008,0.0,0.17447589546588307,2024-33-120
6009,0.0,0.17892982906718852,2024-34-120
6010,0.0,0.1704805138909523,2024-35-120
6011,0.0,0.1793481158034897,2024-36-120
6012,0.0,0.1704805138909523,2024-37-120
6013,0.0,0.1704805138909523,2024-38-120
6014,0.0,0.1704805138909523,2024-39-120
6015,0.0,0.1704805138909523,2024-40-120
6016,0.0,0.1704805138909523,2024-41-120
6017,0.0,0.1704805138909523,2024-42-120
6018,0.0,0.1704805138909523,2024-43-120
6019,0.0,0.1704805138909523,2024-44-120
6020,0.0,0.1704805138909523,2024-45-120
6021,0.0,0.1704805138909523,2024-46-120
6022,0.0,0.21241905690525806,2024-47-120
6023,0.0,0.1704805138909523,2024-48-120
6024,0.0,0.1704805138909523,2024-49-120
6025,0.0,0.1704805138909523,2024-50-120
6026,0.0,0.1704805138909523,2024-51-120
6027,0.0,0.1704805138909523,2024-52-120
6280,2.6468655523731552,0.5071515143392031,2024-1-201
6281,3.015573319896357,1.7400824410870355,2024-2-201
6282,2.626014101841289,3.0291854410180616,2024-3-201
6283,2.423554861657561,2.686285615825491,2024-4-201
6284,2.660454695426035,2.644760087308736,2024-5-201
6285,2.2155480547647963,2.459795121977427,2024-6-201
6286,2.790815109956242,2.586765539256518,2024-7-201
6287,2.1830677129246348,2.6807537573413236,2024-8-201
6288,1.540928906319646,2.5028789071494724,2024-9-201
6289,1.433215560869204,1.6617700718393547,2024-10-201
6290,1.5502929692607303,1.4305614193408978,2024-11-201
6291,1.934273396892001,1.373660212926029,2024-12-201
6292,1.1658696368978132,1.730236818059686,2024-13-201
6293,1.542329931527499,1.2828810312420413,2024-14-201
6294,2.5100741563815894,1.359639147556154,2024-15-201
6295,1.409188283683453,2.0080789646078205,2024-16-201
6296,1.5502192881562815,1.4907019874024516,2024-17-201
6297,1.5012801112815222,1.478371075419909,2024-18-201
6298,0.7795818157763051,1.3662056635307178,2024-19-201
6299,1.1944740916543273,1.0729932806312297,2024-20-201
6300,0.7431681033234595,0.8685754952418567,2024-21-201
6301,0.9429877862856842,0.9159017380958516,2024-22-201
6302,1.1476560191657987,0.7004916653104267,2024-23-201
6303,0.8609986840316544,0.9034056030458114,2024-24-201
6304,1.0054727351050798,0.941678464877682,2024-25-201
6305,0.9358394923208933,0.7506373373999535,2024-26-201
6306,0.8634074582248644,0.8405039288182258,2024-27-201
6307,1.0590163561314565,0.7531861366481472,2024-28-201
6308,1.4067941355540614,0.7842967815105848,2024-29-201
6309,1.481204033082163,1.1699535193760986,2024-30-201
6310,1.68653933598331,1.2634427707728941,2024-31-201
6311,1.5861955164143522,1.3203432267304906,2024-32-201
6312,1.3378811514423223,1.3309539709326323,2024-33-201
6313,1.6040457394206142,1.3387002244497666,2024-34-201
6314,1.455687614635706,1.3534579856098887,2024-35-201
6315,2.2140396335651467,1.3567082892406652,2024-36-201
6316,2.3744233239851567,1.9104364321971554,2024-37-201
6317,1.7015805391306609,2.322102763750901,2024-38-201
6318,1.4572643215726475,1.513120164336749,2024-39-201
6319,1.0110112523764123,1.4975588862453413,2024-40-201
6320,1.3688878177753667,1.2121302449420612,2024-41-201
6321,1.6654140831769475,1.1153880624548647,2024-42-201
6322,1.4364382114519458,1.3270504110205201,2024-43-201
6323,1.5527501855232186,1.3933740341161647,2024-44-201
6324,1.503656336559584,1.3265527901159226,2024-45-201
6325,1.3988064120911607,1.3484566110320977,2024-46-201
6326,1.5190366761007137,1.3994332000337868,2024-47-201
6327,1.2002731059897045,1.4188228119001614,2024-48-201
6328,1.5851254711366909,1.2874287790400845,2024-49-201
6329,1.8583493552160104,1.3242084507689733,2024-50-201
6330,1.7009755207245374,1.7012932748620353,2024-51-201
6331,0.6143167311053382,1.3704131196073954,2024-52-201
6584,0.2657220210579518,0.3608028658427633,2024-1-202
6585,0.153550122754091,0.2473978791847737,2024-2-202
6586,0.2630194194106747,0.3161105085615421,2024-3-202
6587,0.1786887774624147,0.29015064604654134,2024-4-202
6588,0.0991124490678395,0.20471244039969652,2024-5-202
6589,0.11880739311334,0.1774175182646433,2024-6-202
6590,0.0,0.18128839377561035,2024-7-202
6591,0.0,0.1858695693248002,2024-8-202
6592,0.1652744505144696,0.1754071612539491,2024-9-202
6593,0.0,0.17767693242926733,2024-10-202
6594,0.2194984051552504,0.17765783801499777,2024-11-202
6595,0.2360955097012957,0.18693297702042794,2024-12-202
6596,0.0,0.18478263809429724,2024-13-202
6597,0.0,0.18693297702042794,2024-14-202
6598,0.0,0.19125473840499382,2024-15-202
6599,0.2625574382029614,0.18249032813469518,2024-16-202
6600,0.0,0.18220105513586532,2024-17-202
6601,0.0,0.18693297702042794,2024-18-202
6602,0.0,0.18652281652043112,2024-19-202
6603,0.0,0.18900674001196882,2024-20-202
6604,0.0,0.17990874517626332,2024-21-202
6605,0.2302546671979347,0.17996924238886933,2024-22-202
6606,0.0883353470171456,0.18431347768130837,2024-23-202
6607,0.2613042921847706,0.1754071612539491,2024-24-202
6608,0.2136105138657096,0.17972892263851484,2024-25-202
6609,0.3853134957729471,0.1754071612539491,2024-26-202
6610,0.2292968721195364,0.187834983517799,2024-27-202
6611,0.2941191616944332,0.17972892263851484,2024-28-202
6612,0.1589880745094328,0.18817823781475107,2024-29-202
6613,0.1692012439707663,0.1774175182646433,2024-30-202
6614,0.0,0.1840371217841557,2024-31-202
6615,0.1030694807835308,0.1774175182646433,2024-32-202
6616,0.3158681970982115,0.17972892263851484,2024-33-202
6617,0.0979440662060731,0.17748092424548992,2024-34-202
6618,0.0,0.1754071612539491,2024-35-202
6619,0.2780642466540963,0.17972892263851484,2024-36-202
6620,0.2076451241911035,0.17972892263851484,2024-37-202
6621,0.0987986536345034,0.1842837396236132,2024-38-202
6622,0.0,0.17972892263851484,2024-39-202
6623,0.0628244879975442,0.17972892263851484,2024-40-202
6624,0.1346861425676546,0.17972892263851484,2024-41-202
6625,0.3232411560244859,0.17748092424548992,2024-42-202
6626,0.1920074546849631,0.17972892263851484,2024-43-202
6627,0.5789815500920004,0.17480227527551814,2024-44-202
6628,0.3473829306178837,0.2633064756135158,2024-45-202
6629,0.6006339119590747,0.19675833752384497,2024-46-202
6630,0.6899054215441139,0.4054225496070795,2024-47-202
6631,0.5864995518158056,0.4866920801517858,2024-48-202
6632,0.1754886346440983,0.3565559010704017,2024-49-202
6633,0.3872785814679664,0.3490578690778424,2024-50-202
6634,0.5478480562586786,0.3226968599878807,2024-51-202
6635,0.4352981197442656,0.37196367567767247,2024-52-202
6888,1.3669482964117496,0.20665000942482312,2024-1-203
6889,1.3165056374396535,0.5654029554318284,2024-2-203
6890,1.3029281547889395,1.0848526943355272,2024-3-203
6891,1.4298982636985886,1.1412371325833757,2024-4-203
6892,1.9261327488174853,1.2301701907082845,2024-5-203
6893,1.086530207778325,1.6336883105702713,2024-6-203
6894,1.2207126854651056,1.2106234709996546,2024-7-203
6895,0.9635836782360756,1.232441344480993,2024-8-203
6896,0.5668042849782641,1.0899575331697091,2024-9-203
6897,1.115220943019,0.6707230642193366,2024-10-203
6898,1.254602225456585,0.8014184130101459,2024-11-203
6899,2.4290372964913827,1.1325782050970525,2024-12-203
6900,1.0887025425307035,1.873682701512273,2024-13-203
6901,1.3002501710437322,1.2782935057070477,2024-14-203
6902,2.091250558736602,1.3766345036135141,2024-15-203
6903,0.6002820200384655,1.8531159073014902,2024-16-203
6904,1.1949597283389763,1.0693656561273972,2024-17-203
6905,0.5786305848955577,0.8366613790764696,2024-18-203
6906,0.2253575604195627,0.814348976572472,2024-19-203
6907,0.6906001589959653,0.4732520320558687,2024-20-203
6908,0.7077104696909513,0.5755659591297078,2024-21-203
6909,0.3948174327846018,0.5386515146217431,2024-22-203
6910,1.5146827031143373,0.3172046988749386,2024-23-203
6911,1.095249667252284,0.655084700088183,2024-24-203
6912,1.3023142039351268,1.0507147058202333,2024-25-203
6913,0.6166460440361679,1.1693620727390917,2024-26-203
6914,1.0484598570025447,0.915707339375571,2024-27-203
6915,0.9245910609968514,0.8177418908245266,2024-28-203
6916,1.393364687377067,0.933556568916488,2024-29-203
6917,0.5802544330203392,0.8835635608310092,2024-30-203
6918,0.7380886245668044,0.8336301439018864,2024-31-203
6919,0.9425702314152667,0.6687127420553718,2024-32-203
6920,1.263768662644866,0.6966057485079737,2024-33-203
6921,0.8397171467508014,0.8998757535956,2024-34-203
6922,1.3470473835640695,0.9368153416422392,2024-35-203
6923,0.7628690654176694,0.7950972112399805,2024-36-203
6924,0.5934106684203821,0.9153442821525178,2024-37-203
6925,0.7905742444578692,0.5823310237788697,2024-38-203
6926,0.3172174460140483,0.7010904424015412,2024-39-203
6927,0.5745297524783255,0.3631557648010034,2024-40-203
6928,1.000759778491389,0.4500715051217604,2024-41-203
6929,0.4618811377962177,0.6477468939412168,2024-42-203
6930,0.3292326548795011,0.42033559802551906,2024-43-203
6931,0.1103080025939652,0.38690382437417253,2024-44-203
6932,0.2647346291881959,0.31564003678509905,2024-45-203
6933,0.0,0.21484264632035596,2024-46-203
6934,0.6309182161716554,0.19786160425647914,2024-47-203
6935,0.5028314831135359,0.39285141353169245,2024-48-203
6936,0.6018160354945885,0.2061200309249711,2024-49-203
6937,0.4427075987666104,0.3844580503809834,2024-50-203
6938,0.0,0.3013909260143192,2024-51-203
6939,0.9951997726669986,0.23816078394171278,2024-52-203
7192,2.4394753088909904,3.18100112551322,2024-1-204
7193,3.759214120044678,2.9768088212015833,2024-2-204
7194,4.292919375898988,4.42775894311823,2024-3-204
7195,1.093711407259823,3.628274050735601,2024-4-204
7196,6.066566309561511,2.184067307298406,2024-5-204
7197,2.908891175482505,3.825583692500388,2024-6-204
7198,0.0,3.6738116626176054,2024-7-204
7199,1.7199026186894368,2.1144666365636264,2024-8-204
7200,0.0,0.9641520588914605,2024-9-204
7201,0.0,0.9985578846206552,2024-10-204
7202,0.0,0.4118228964897492,2024-11-204
7203,0.0,0.3447376931654967,2024-12-204
7204,0.0,0.2547598234570328,2024-13-204
7205,2.78536793826947,0.20762164418869183,2024-14-204
7206,3.1999535660315708,1.4209582255761948,2024-15-204
7207,0.0,2.780669531094519,2024-16-204
7208,0.0,1.3299892705430354,2024-17-204
7209,0.0,0.6096184998606112,2024-18-204
7210,2.4140580775321223,0.4313943689818528,2024-19-204
7211,0.0,1.6166913162643721,2024-20-204
7212,1.8953576164570904,0.7917616149117691,2024-21-204
7213,1.4098748870036513,0.9599281627598052,2024-22-204
7214,0.0,1.2597039108512624,2024-23-204
7215,0.0,0.8647028934422666,2024-24-204
7216,2.616088707579076,0.4739770362865184,2024-25-204
7217,0.9438072110205248,1.5998598431395923,2024-26-204
7218,0.0,0.9525027212251292,2024-27-204
7219,3.602313327350376,0.6564053828180004,2024-28-204
7220,1.2981981867060723,1.7138046869452004,2024-29-204
7221,1.3816229553714034,1.3075111612635049,2024-30-204
7222,0.6590530881094991,1.6150662833883553,2024-31-204
7223,0.6312427665949254,0.9833905078055903,2024-32-204
7224,0.0,0.6916922124715288,2024-33-204
7225,0.5998788116528735,0.43169593071567436,2024-34-204
7226,1.804364126070161,0.5083274216850414,2024-35-204
7227,0.6812548276321653,0.739680195646587,2024-36-204
7228,3.8155484166389,0.840028286231265,2024-37-204
7229,1.2103320183250348,1.7800871041150998,2024-38-204
7230,0.6799179246643888,1.422222727316033,2024-39-204
7231,0.0,1.5262226657627462,2024-40-204
7232,0.0,0.5622627510303865,2024-41-204
7233,0.9900525153121004,0.4521301680357668,2024-42-204
7234,1.1762216804346568,0.6309707110940443,2024-43-204
7235,0.0,0.7539991311071047,2024-44-204
7236,0.0,0.7591973710843289,2024-45-204
7237,1.8398375244635,0.42257523650516193,2024-46-204
7238,0.0,1.1190667737640763,2024-47-204
7239,0.0,0.7959940249178616,2024-48-204
7240,0.0,0.3237925957846562,2024-49-204
7241,0.0,0.33503928329562543,2024-50-204
7242,0.0,0.21916440770492177,2024-51-204
7243,5.334250542372215,0.1774175182646433,2024-52-204
7496,3.415742038890201,1.220690754667261,2024-1-205
7497,4.412122734536251,2.636455322006595,2024-2-205
7498,5.303658962089084,3.537419958262412,2024-3-205
7499,6.215547271718117,3.971408159422095,2024-4-205
7500,5.396226731249707,4.8896093716179205,2024-5-205
7501,4.3124036796126495,5.221515676085723,2024-6-205
7502,3.2300240348362923,4.679381882064977,2024-7-205
7503,4.24948628549775,4.037686999533706,2024-8-205
7504,7.999006500296778,4.296914787627184,2024-9-205
7505,7.082430206975302,4.307143303331744,2024-10-205
7506,3.9838537951915423,5.741628578027828,2024-11-205
7507,6.427709206395112,5.499461759296639,2024-12-205
7508,2.88095993599199,4.911750356718495,2024-13-205
7509,10.322433616884712,4.119539432346134,2024-14-205
7510,10.277589038239684,7.40226397639479,2024-15-205
7511,12.708407372000222,9.074828492199806,2024-16-205
7512,11.85867811453824,9.751233833981495,2024-17-205
7513,6.890830708404089,10.752590400187769,2024-18-205
7514,8.94596116301153,6.8640461909273816,2024-19-205
7515,8.529096066284422,8.998742163618147,2024-20-205
7516,10.301341720195426,7.481722256543335,2024-21-205
7517,13.235491629256837,9.444429533833153,2024-22-205
7518,11.491751025378733,10.736151636696443,2024-23-205
7519,13.96656441614895,11.013600769879732,2024-24-205
7520,10.124949233123704,11.794476126881245,2024-25-205
7521,14.688707640719286,11.590229506714222,2024-26-205
7522,15.262513816915492,12.342101534034589,2024-27-205
7523,14.015725161107524,14.663622558242263,2024-28-205
7524,11.544999577222985,13.659855449540782,2024-29-205
7525,10.75096405440266,12.436338536353126,2024-30-205
7526,9.931033432691937,11.062253404399273,2024-31-205
7527,9.200036075821664,10.201591218923262,2024-32-205
7528,5.893865631018823,9.341355564225873,2024-33-205
7529,7.853699624622357,6.7314568418843965,2024-34-205
7530,4.308565687687465,5.802773916591792,2024-35-205
7531,2.860798059889619,5.586822892619868,2024-36-205
7532,4.398345444587855,3.9266204704420447,2024-37-205
7533,2.0927870847804644,4.508502778601566,2024-38-205
7534,1.3435872086349976,3.030599737474307,2024-39-205
7535,1.330809272266915,2.186881847964467,2024-40-205
7536,2.2417172949577777,1.4368211431511992,2024-41-205
7537,1.711852551887391,2.2781761820070887,2024-42-205
7538,2.324267724651792,1.4765514447515755,2024-43-205
7539,0.8760909868641552,2.1822517628568407,2024-44-205
7540,1.0513065502601189,1.260657625687196,2024-45-205
7541,2.7266438484442035,0.9420762382850876,2024-46-205
7542,1.2527791712618694,1.9809212398722362,2024-47-205
7543,0.8875193142030001,1.2787417393602116,2024-48-205
7544,1.593370529928484,1.2065591811702132,2024-49-205
7545,1.7581975634688658,0.9500782414100151,2024-50-205
7546,2.4872000853469007,1.3622489423681017,2024-51-205
7547,2.635011585775016,2.0187616247504283,2024-52-205
7800,0.6092735862039578,1.4595846564483639,2024-1-206
7801,0.4224977079617069,0.9580398128901834,2024-2-206
7802,0.16082650643801,0.5134450805728052,2024-3-206
7803,0.3277905896281607,0.403125157353981,2024-4-206
7804,0.1818174429921609,0.3048367504380884,2024-5-206
7805,0.0,0.2102898343061042,2024-6-206
7806,0.4897443678634879,0.19015599568814778,2024-7-206
7807,0.0,0.19237189759550272,2024-8-206
7808,0.0,0.18754075269902262,2024-9-206
7809,0.0,0.18820200161373482,2024-10-206
7810,1.2081162548456486,0.17309575688007747,2024-11-206
7811,0.4331635979401,0.544401234674323,2024-12-206
7812,0.5824479404899088,0.6667763147197379,2024-13-206
7813,0.8347662716687821,0.38538943565630646,2024-14-206
7814,0.0,0.6054346675478685,2024-15-206
7815,0.0,0.2713612225737354,2024-16-206
7816,0.0,0.3346436971816376,2024-17-206
7817,0.0,0.2927658890356665,2024-18-206
7818,0.0,0.2197692936833527,2024-19-206
7819,0.0,0.1754071612539491,2024-20-206
7820,0.2840112289563793,0.18359979814948194,2024-21-206
7821,0.2112631651959995,0.18359979814948194,2024-22-206
7822,0.1621018444146917,0.17972892263851484,2024-23-206
7823,0.0,0.1754071612539491,2024-24-206
7824,0.0,0.1754071612539491,2024-25-206
7825,0.2828472370643181,0.17309575688007747,2024-26-206
7826,0.0,0.1754071612539491,2024-27-206
7827,0.1349454124595685,0.17309575688007747,2024-28-206
7828,0.1945255351956689,0.1704805138909523,2024-29-206
7829,0.5175641171769955,0.1704805138909523,2024-30-206
7830,0.0,0.1934522552389901,2024-31-206
7831,0.2837594008560395,0.1704805138909523,2024-32-206
7832,0.4831278693805333,0.18820200161373482,2024-33-206
7833,0.1797728432908989,0.1785865747702365,2024-34-206
7834,0.1802446921018927,0.19786160425647914,2024-35-206
7835,0.0,0.18820200161373482,2024-36-206
7836,0.1905738267144597,0.1704805138909523,2024-37-206
7837,0.1813556347719228,0.20185698583140982,2024-38-206
7838,0.0,0.1704805138909523,2024-39-206
7839,0.0,0.1704805138909523,2024-40-206
7840,0.1236227727035121,0.1704805138909523,2024-41-206
7841,0.2966953391771315,0.17309575688007747,2024-42-206
7842,0.0,0.1704805138909523,2024-43-206
7843,0.0,0.1704805138909523,2024-44-206
7844,0.425164304632151,0.1704805138909523,2024-45-206
7845,0.0,0.1785865747702365,2024-46-206
7846,0.0,0.1704805138909523,2024-47-206
7847,0.0,0.17892982906718852,2024-48-206
7848,0.0,0.1704805138909523,2024-49-206
7849,0.0,0.1793481158034897,2024-50-206
7850,0.0,0.1704805138909523,2024-51-206
7851,0.0,0.1704805138909523,2024-52-206
8104,1.439065090748023,0.30319993357157954,2024-1-207
8105,1.3305097692600134,0.5781846749341839,2024-2-207
8106,1.5193557812589762,1.1015295550520794,2024-3-207
8107,1.161225318936564,1.1616095456044304,2024-4-207
8108,0.8587785592406431,1.2012047957396772,2024-5-207
8109,0.514708674353309,1.0148801323050103,2024-6-207
8110,1.1565353260942488,0.5207432115893967,2024-7-207
8111,2.130136496820429,0.7894814134186499,2024-8-207
8112,1.0739896664800077,1.7936090118693209,2024-9-207
8113,0.8452470352533517,1.0902518767343818,2024-10-207
8114,1.9017549712264088,0.9778815174718016,2024-11-207
8115,0.0,1.2411896771746778,2024-12-207
8116,0.0,0.8536705916190225,2024-13-207
8117,0.9854458189518523,0.48630134300709815,2024-14-207
8118,1.6981298680756167,0.7510426048317869,2024-15-207
8119,2.843365809699115,0.8217869004961845,2024-16-207
8120,2.8300652783561064,1.9278694238269825,2024-17-207
8121,2.1926046514289528,2.6805095433427044,2024-18-207
8122,3.415756076063293,2.568744423629542,2024-19-207
8123,6.542100168564896,2.79624550008092,2024-20-207
8124,1.6760305362343464,3.720827432374759,2024-21-207
8125,2.9920468425080005,2.429449036944048,2024-22-207
8126,0.9565513139079622,3.452268325670511,2024-23-207
8127,1.8863578842103448,1.5095815557826953,2024-24-207
8128,0.6168154159817464,1.5467635048177104,2024-25-207
8129,2.169584068911023,1.0687114261951571,2024-26-207
8130,2.6483941409812912,1.7986947827904118,2024-27-207
8131,3.0255165662945966,2.503945760465758,2024-28-207
8132,1.4919906460723729,3.0442138088280677,2024-29-207
8133,1.7099626855691237,1.711926571292978,2024-30-207
8134,1.3982602408413596,1.809617651976574,2024-31-207
8135,1.00441363700355,1.3992599837181368,2024-32-207
8136,1.368052442104698,1.1599704341724333,2024-33-207
8137,2.0149553853717914,1.0901146718733514,2024-34-207
8138,1.8075381955087944,1.8103643033231183,2024-35-207
8139,1.5655822977967129,1.4207872152949508,2024-36-207
8140,1.1241286133078296,1.3576210375148718,2024-37-207
8141,1.2836699848591897,1.21980035812352,2024-38-207
8142,0.4807302249576165,1.329057876868618,2024-39-207
8143,0.9522956874090088,0.9044763544149884,2024-40-207
8144,1.166607010465311,0.7337108474219757,2024-41-207
8145,0.6999470441341946,0.9099598026647928,2024-42-207
8146,2.2867367437892394,0.8742013785355336,2024-43-207
8147,1.044758052400598,1.4953245929689933,2024-44-207
8148,1.504414733229038,1.1632062461150752,2024-45-207
8149,0.650288121108874,1.273053264206833,2024-46-207
8150,1.1950948445522256,1.0441025147362573,2024-47-207
8151,0.9524641485109036,0.8076763168385972,2024-48-207
8152,0.3799842069599791,1.0098371010132996,2024-49-207
8153,0.0,0.5999704780533012,2024-50-207
8154,0.5931170486950408,0.46228073806060893,2024-51-207
8155,0.9425272904645,0.4478474566705545,2024-52-207
8408,1.7304571777363034,0.29604834526974444,2024-1-208
8409,0.799939569940245,0.5918127107044078,2024-2-208
8410,0.9134552751421854,0.8380525238892694,2024-3-208
8411,0.4654164606127526,0.5457940497059866,2024-4-208
8412,0.7744219490021151,0.49912359017259517,2024-5-208
8413,0.3094249943687341,0.6410824297158159,2024-6-208
8414,1.0428762383840025,0.331971753493498,2024-7-208
8415,0.0,0.6265059388609951,2024-8-208
8416,2.1519832221689024,0.6378257290332392,2024-9-208
8417,0.0,1.3314563370002404,2024-10-208
8418,1.7146808122814614,0.8761368348122552,2024-11-208
8419,0.0,0.6826078283432733,2024-12-208
8420,0.0,0.8293481727499877,2024-13-208
8421,0.592292725269143,0.3614404141349379,2024-14-208
8422,0.0,0.44399437113977436,2024-15-208
8423,0.0,0.22599082868402484,2024-16-208
8424,0.680340461204828,0.2180819386472852,2024-17-208
8425,0.6588536160239622,0.4647244961918656,2024-18-208
8426,0.513185294093028,0.44352602079238096,2024-19-208
8427,0.5241939689442247,0.2676482210978226,2024-20-208
8428,0.4028717033413694,0.38044055202548566,2024-21-208
8429,0.8989840681215332,0.34160167918000844,2024-22-208
8430,0.2299167572937383,0.5089394874420773,2024-23-208
8431,1.1334835347665542,0.34079018982679193,2024-24-208
8432,0.5559380105885755,0.6149432381141247,2024-25-208
8433,1.4038794790968565,0.6941390308680516,2024-26-208
8434,1.19343747327163,0.6683869424757134,2024-27-208
8435,1.7221118720594986,1.1045728137082313,2024-28-208
8436,1.1032470844785058,1.2725347531605335,2024-29-208
8437,1.6143528927449693,1.18312046697032,2024-30-208
8438,1.540046325290901,1.2744304320985866,2024-31-208
8439,1.340885131696517,1.334953207127689,2024-32-208
8440,1.6436577071444074,1.3533966961390937,2024-33-208
8441,1.1467008439887827,1.3359982048077723,2024-34-208
8442,0.8941688758214956,1.2772047284555814,2024-35-208
8443,0.578712215504742,1.0201455744178405,2024-36-208
8444,1.2153903544184832,0.6285955434342755,2024-37-208
8445,0.7710238869254017,0.8143580845238434,2024-38-208
8446,0.8662122112884141,0.866701815955167,2024-39-208
8447,0.8170762218644607,0.6973716678085035,2024-40-208
8448,0.3503245397299734,0.7155712957499811,2024-41-208
8449,0.0,0.3991880400620806,2024-42-208
8450,0.2496915377041212,0.36521158033550705,2024-43-208
8451,0.0,0.30903400575869056,2024-44-208
8452,0.6022836113960136,0.21484264632035596,2024-45-208
8453,0.0,0.35248569306494054,2024-46-208
8454,0.7176315070186521,0.23995251305999254,2024-47-208
8455,0.0,0.41868611908880027,2024-48-208
8456,0.4563195540382444,0.2755633774122525,2024-49-208
8457,0.0,0.2748301480429082,2024-50-208
8458,0.712226890714203,0.25622255815305084,2024-51-208
8459,0.0,0.4276391263846463,2024-52-208
8712,0.7340028619060226,4.403617569757032,2024-1-209
8713,2.8275216829225425,2.3702937680093954,2024-2-209
8714,2.5829687654484124,2.8950533517974697,2024-3-209
8715,4.606114904159215,2.7718619400712665,2024-4-209
8716,2.189756165415838,3.334537529702174,2024-5-209
8717,1.749833046808695,2.7853873451394766,2024-6-209
8718,3.9316591531986216,2.1000878396917715,2024-7-209
8719,3.103340596275097,2.6623804703301888,2024-8-209
8720,1.2169128719192808,3.4410862552898065,2024-9-209
8721,3.59133695066416,2.1275059454410443,2024-10-209
8722,0.8079954432746386,2.5752558030478583,2024-11-209
8723,0.0,1.4141351598511858,2024-12-209
8724,1.1684660941926963,0.7829248484657354,2024-13-209
8725,0.0,0.8681580907649934,2024-14-209
8726,2.88544442492996,0.7643241268302934,2024-15-209
8727,0.966243148633788,1.9187875167078183,2024-16-209
8728,0.0,1.2302081148765702,2024-17-209
8729,0.0,0.7264497944079186,2024-18-209
8730,0.0,0.4761961190511176,2024-19-209
8731,0.7409300487042751,0.34186788026152704,2024-20-209
8732,1.7083087474781062,0.43857069879506133,2024-21-209
8733,2.5412857163168563,0.517939980700822,2024-22-209
8734,1.9497841795532185,1.697512044195339,2024-23-209
8735,2.883669945472361,2.1588369656569113,2024-24-209
8736,3.142949162531765,2.319261985516451,2024-25-209
8737,1.1337986670116278,2.9638410920996203,2024-26-209
8738,5.34120671203889,1.783830041146462,2024-27-209
8739,2.704266069013453,2.432126479764586,2024-28-209
8740,3.508157468020765,3.0797021339928454,2024-29-209
8741,2.281473641572993,3.8373453575614014,2024-30-209
8742,3.561424920383216,2.923790487238466,2024-31-209
8743,3.600381951676676,3.0151624993016326,2024-32-209
8744,2.3227795503966973,3.468471401077212,2024-33-209
8745,3.2409322836481547,3.002429368270225,2024-34-209
8746,1.6246023060892416,3.037242401784937,2024-35-209
8747,1.2266768684251992,1.7382255862753275,2024-36-209
8748,2.6715961018706893,1.8122566383362892,2024-37-209
8749,1.4526777465715597,2.1131951500407204,2024-38-209
8750,1.8359950315807056,1.5711645523261237,2024-39-209
8751,1.1545473311276897,1.7777382195886338,2024-40-209
8752,0.9900176938097636,1.290052211209349,2024-41-209
8753,1.1879385346042357,1.125222847930395,2024-42-209
8754,0.3528033444232516,1.011402309174983,2024-43-209
8755,1.41838898596019,0.8638996016112251,2024-44-209
8756,0.4254870995748984,0.7773260279465519,2024-45-209
8757,1.1034593261763803,0.7813536707280919,2024-46-209
8758,0.0,0.6460911209645819,2024-47-209
8759,0.0,0.7274989397227155,2024-48-209
8760,0.0,0.36107713339910874,2024-49-209
8761,0.7113432599847548,0.3295521683369151,2024-50-209
8762,4.024882348924446,0.43250479480844406,2024-51-209
8763,3.1978434142466163,1.9121842500189234,2024-52-209
9016,1.485313108200199,1.096056190419212,2024-1-210
9017,1.716524428719809,1.0128236770906396,2024-2-210
9018,1.9985218822631896,1.3418523730974912,2024-3-210
9019,2.036521501607111,1.7749429343369945,2024-4-210
9020,1.9549626830017943,2.1520093777557685,2024-5-210
9021,2.082958371592802,2.013653534852242,2024-6-210
9022,2.6326000698410943,2.138954711651184,2024-7-210
9023,1.970231216013789,2.411767339149,2024-8-210
9024,2.317773620466835,2.2035961319349022,2024-9-210
9025,2.821591639229956,2.393307795160072,2024-10-210
9026,1.5389534580738145,2.6116461942848805,2024-11-210
9027,2.0690513800905697,1.6188396849813822,2024-12-210
9028,0.9736789621120048,2.0635686340852284,2024-13-210
9029,1.7940698515825182,1.289691381913198,2024-14-210
9030,2.0609650761236606,1.0825582817547001,2024-15-210
9031,2.9906732111952388,1.9395600706426916,2024-16-210
9032,2.175190676660792,2.8602984571767034,2024-17-210
9033,2.217338648837872,2.7088378716471597,2024-18-210
9034,1.6407279176921958,2.543325976597691,2024-19-210
9035,1.234879235573972,1.5186389594893432,2024-20-210
9036,1.4913842340043335,1.3509227433523185,2024-21-210
9037,1.3109914570011545,1.3662201695474447,2024-22-210
9038,1.2379754992276166,1.357788409734747,2024-23-210
9039,1.068046995125135,1.26003052800377,2024-24-210
9040,1.1848721878536153,1.1432267243579006,2024-25-210
9041,1.1473321799685086,1.1721167147428273,2024-26-210
9042,0.937089911135336,1.2043144593905235,2024-27-210
9043,1.1590241982065286,0.9914483406433493,2024-28-210
9044,1.1833697686437563,0.8969758218975546,2024-29-210
9045,0.8642465822715852,1.2011174083049883,2024-30-210
9046,1.507583073549067,0.9670365763954751,2024-31-210
9047,1.0829024507808835,0.8346832402987981,2024-32-210
9048,0.6452693487170422,1.1557935184353247,2024-33-210
9049,1.0289590173851026,0.8934494648232567,2024-34-210
9050,0.8596606860027622,0.8164556579240246,2024-35-210
9051,0.7545816981581462,0.9256941234578919,2024-36-210
9052,0.7043252140071119,0.6572387364299505,2024-37-210
9053,0.9945097205072294,0.6146550288173043,2024-38-210
9054,0.8258153279278994,0.707710568593153,2024-39-210
9055,0.769800031106435,0.7753930312387841,2024-40-210
9056,1.060881181617345,0.6615856158249156,2024-41-210
9057,0.7425704738445871,0.7699724956410222,2024-42-210
9058,0.714116618819916,0.8173471733522512,2024-43-210
9059,0.3377660478660971,0.634354608389628,2024-44-210
9060,0.9119114499985989,0.3986487679051454,2024-45-210
9061,0.6569362385185354,0.6633587843858662,2024-46-210
9062,1.026176961928243,0.6009283422362283,2024-47-210
9063,0.833844867929006,0.6610414324324679,2024-48-210
9064,1.1514760338732974,0.8796497134690288,2024-49-210
9065,0.7623090608550489,0.7736412238859881,2024-50-210
9066,0.5990673746821725,0.9528433831134815,2024-51-210
9067,0.380778810216668,0.5763309023415233,2024-52-210
9320,0.0,0.1704805138909523,2024-1-211
9321,0.0,0.1704805138909523,2024-2-211
9322,0.0,0.1704805138909523,2024-3-211
9323,0.0,0.1704805138909523,2024-4-211
9324,0.0,0.1704805138909523,2024-5-211
9325,0.0,0.1704805138909523,2024-6-211
9326,0.0,0.1704805138909523,2024-7-211
9327,0.0,0.1704805138909523,2024-8-211
9328,0.0,0.1704805138909523,2024-9-211
9329,0.0,0.1704805138909523,2024-10-211
9330,0.0,0.1704805138909523,2024-11-211
9331,0.0,0.1704805138909523,2024-12-211
9332,0.0,0.1704805138909523,2024-13-211
9333,0.0,0.1704805138909523,2024-14-211
9334,0.0,0.17309575688007747,2024-15-211
9335,0.0,0.1754071612539491,2024-16-211
9336,0.0,0.17309575688007747,2024-17-211
9337,0.0,0.1754071612539491,2024-18-211
9338,0.0,0.1754071612539491,2024-19-211
9339,0.0,0.17309575688007747,2024-20-211
9340,0.0,0.17309575688007747,2024-21-211
9341,0.0,0.1754071612539491,2024-22-211
9342,0.0,0.17309575688007747,2024-23-211
9343,0.0,0.1754071612539491,2024-24-211
9344,0.0,0.1704805138909523,2024-25-211
9345,0.0,0.17309575688007747,2024-26-211
9346,0.0,0.1704805138909523,2024-27-211
9347,0.0,0.1704805138909523,2024-28-211
9348,0.0,0.1704805138909523,2024-29-211
9349,0.0,0.1704805138909523,2024-30-211
9350,0.0,0.1704805138909523,2024-31-211
9351,0.0,0.1704805138909523,2024-32-211
9352,0.0,0.1704805138909523,2024-33-211
9353,0.0,0.1704805138909523,2024-34-211
9354,0.0,0.1704805138909523,2024-35-211
9355,0.0,0.1704805138909523,2024-36-211
9356,0.3231165588685939,0.1704805138909523,2024-37-211
9357,0.0,0.1704805138909523,2024-38-211
9358,0.0,0.1704805138909523,2024-39-211
9359,0.0,0.1704805138909523,2024-40-211
9360,0.0,0.1704805138909523,2024-41-211
9361,0.0,0.1793481158034897,2024-42-211
9362,0.0,0.1704805138909523,2024-43-211
9363,0.0,0.1704805138909523,2024-44-211
9364,0.0,0.1704805138909523,2024-45-211
9365,0.0,0.1704805138909523,2024-46-211
9366,0.0,0.21241905690525806,2024-47-211
9367,0.0,0.1704805138909523,2024-48-211
9368,0.0,0.1704805138909523,2024-49-211
9369,0.0,0.1704805138909523,2024-50-211
9370,0.0,0.1704805138909523,2024-51-211
9371,0.0,0.1704805138909523,2024-52-211
9624,0.0,0.1704805138909523,2024-1-212
9625,0.3102726188148277,0.1793481158034897,2024-2-212
9626,1.4172946206213082,0.1704805138909523,2024-3-212
9627,3.249777928508004,0.48178783155332,2024-4-212
9628,2.403442050646028,1.781371166061443,2024-5-212
9629,1.4405529300358302,3.182870821719645,2024-6-212
9630,0.5394990097576426,2.5523059153986827,2024-7-212
9631,0.5678274680077964,1.3231683957019122,2024-8-212
9632,0.6680379144741581,0.5817622603056862,2024-9-212
9633,1.5773249601553183,0.6092393753706444,2024-10-212
9634,0.0,0.7357516369682225,2024-11-212
9635,0.0,0.7727329789637831,2024-12-212
9636,0.0,0.44240695608821556,2024-13-212
9637,0.0,0.37224206199233284,2024-14-212
9638,0.0,0.21484264632035596,2024-15-212
9639,0.0,0.1786731507864852,2024-16-212
9640,0.0,0.18128839377561035,2024-17-212
9641,1.023198231689303,0.1868810797053437,2024-18-212
9642,1.594048472903259,0.4751204838783518,2024-19-212
9643,1.628342702269382,1.0148601275229214,2024-20-212
9644,0.0,1.200748355396779,2024-21-212
9645,0.9309737909642288,0.9168688527509029,2024-22-212
9646,0.0,0.7598669079161157,2024-23-212
9647,0.0,0.4809316088936802,2024-24-212
9648,0.8637387803133117,0.32458382176531364,2024-25-212
9649,0.3116120665948509,0.5522482805930351,2024-26-212
9650,0.0,0.2542234361293804,2024-27-212
9651,0.0,0.25411421390836236,2024-28-212
9652,0.0,0.25622255815305084,2024-29-212
9653,0.0,0.21484264632035596,2024-30-212
9654,0.2175993793322516,0.17503533087605072,2024-31-212
9655,0.2084178551999372,0.1704805138909523,2024-32-212
9656,0.4258241274536739,0.1786731507864852,2024-33-212
9657,0.3961270819682113,0.1785865747702365,2024-34-212
9658,0.7943377297367967,0.1785865747702365,2024-35-212
9659,0.2249329698856281,0.4314445071402648,2024-36-212
9660,0.6299002074347664,0.20317940671937507,2024-37-212
9661,0.599434607904426,0.43910981638752633,2024-38-212
9662,0.2244935022998861,0.434803636083318,2024-39-212
9663,0.2541265457979298,0.2851992748098237,2024-40-212
9664,0.0,0.2922861446841922,2024-41-212
9665,0.0,0.28783924167266983,2024-42-212
9666,0.7767324885359518,0.2102898343061042,2024-43-212
9667,0.3903710640036714,0.41109898836398107,2024-44-212
9668,0.0,0.21102878931795593,2024-45-212
9669,0.0,0.24330004053953785,2024-46-212
9670,0.0,0.30661041634359265,2024-47-212
9671,0.0,0.20665000942482312,2024-48-212
9672,0.0,0.1793481158034897,2024-49-212
9673,0.0,0.1704805138909523,2024-50-212
9674,0.0,0.1786731507864852,2024-51-212
9675,0.0,0.1704805138909523,2024-52-212
9928,0.9716228072683584,0.202703923275963,2024-1-213
9929,0.0,0.46757285097334106,2024-2-213
9930,0.0,0.3640461071786457,2024-3-213
9931,0.0,0.3111222348130343,2024-4-213
9932,0.4831784620623703,0.2910016171413337,2024-5-213
9933,0.0,0.2358800650295846,2024-6-213
9934,0.0,0.19383632136342563,2024-7-213
9935,0.2282796927003567,0.20920506679041057,2024-8-213
9936,0.0,0.2020289582589585,2024-9-213
9937,0.0,0.22121741172895237,2024-10-213
9938,0.3566524697173394,0.19383632136342563,2024-11-213
9939,0.0,0.19383632136342563,2024-12-213
9940,0.0,0.19383632136342563,2024-13-213
9941,0.0,0.8521819148091668,2024-14-213
9942,0.0,0.19383632136342563,2024-15-213
9943,0.0,0.202703923275963,2024-16-213
9944,0.0,0.19383632136342563,2024-17-213
9945,0.0,0.19383632136342563,2024-18-213
9946,0.0,0.19383632136342563,2024-19-213
9947,0.0,0.19383632136342563,2024-20-213
9948,0.0,0.19383632136342563,2024-21-213
9949,0.1870300502099868,0.19383632136342563,2024-22-213
9950,0.1435027152561478,0.19383632136342563,2024-23-213
9951,0.1414957986392461,0.19383632136342563,2024-24-213
9952,0.1156677492526518,0.19383632136342563,2024-25-213
9953,0.0,0.19383632136342563,2024-26-213
9954,0.0,0.19383632136342563,2024-27-213
9955,0.0,0.19383632136342563,2024-28-213
9956,0.2582567273968435,0.19383632136342563,2024-29-213
9957,0.0,0.19383632136342563,2024-30-213
9958,0.0873996565692192,0.19383632136342563,2024-31-213
9959,0.0,0.19383632136342563,2024-32-213
9960,0.0,0.19383632136342563,2024-33-213
9961,0.0795440657860721,0.19383632136342563,2024-34-213
9962,0.0,0.19383632136342563,2024-35-213
9963,0.0903282986862954,0.19383632136342563,2024-36-213
9964,0.0,0.19383632136342563,2024-37-213
9965,0.0,0.19383632136342563,2024-38-213
9966,0.0901416939909721,0.19383632136342563,2024-39-213
9967,0.1020365398417986,0.19383632136342563,2024-40-213
9968,0.1093740283293921,0.19383632136342563,2024-41-213
9969,0.1312449112849254,0.19383632136342563,2024-42-213
9970,0.0,0.19383632136342563,2024-43-213
9971,0.0,0.19383632136342563,2024-44-213
9972,0.1880557499756396,0.19383632136342563,2024-45-213
9973,0.0,0.19383632136342563,2024-46-213
9974,0.0,0.19154401140382366,2024-47-213
9975,0.0,0.18910439947886307,2024-48-213
9976,0.0,0.19383632136342563,2024-49-213
9977,0.0,0.19383632136342563,2024-50-213
9978,0.0,0.19383632136342563,2024-51-213
9979,0.0,0.19383632136342563,2024-52-213
10232,0.0,3.415388788703835,2024-1-214
10233,0.5772579972013405,2.0859984169102326,2024-2-214
10234,0.4393917867252139,2.1442740489164294,2024-3-214
10235,0.0,0.49535033180750476,2024-4-214
10236,0.0,0.29721279460553857,2024-5-214
10237,0.0,0.29185424474615024,2024-6-214
10238,0.0,0.2392383277083108,2024-7-214
10239,0.3517396877110968,0.2164892461012292,2024-8-214
10240,1.2412066027044968,0.19383632136342563,2024-9-214
10241,0.0,0.4990904806728601,2024-10-214
10242,0.5492911707558782,0.6740220443478389,2024-11-214
10243,0.0,0.39269971038316226,2024-12-214
10244,0.0,0.34716308782959215,2024-13-214
10245,0.0,0.24314274957728532,2024-14-214
10246,1.3071221892734988,0.27093425661187476,2024-15-214
10247,0.6564950774403981,0.5657891858866343,2024-16-214
10248,0.6533221985972705,0.7706927658787464,2024-17-214
10249,0.6326063680740664,0.5086536421064333,2024-18-214
10250,0.0,0.5757825759191942,2024-19-214
10251,0.0,0.380385736003262,2024-20-214
10252,0.7733428427124955,0.36110309706556976,2024-21-214
10253,0.5751480589692018,0.5601407642514985,2024-22-214
10254,0.2206140591948637,0.34931009167423016,2024-23-214
10255,0.6524882405478711,0.27641339125290015,2024-24-214
10256,0.3555371776557778,0.5047777374666683,2024-25-214
10257,0.3847294272629064,0.33430425202722547,2024-26-214
10258,1.1445546973353375,0.2878331866338983,2024-27-214
10259,0.9174217237014216,0.6216727049873484,2024-28-214
10260,0.9255594355574788,0.8445006177133895,2024-29-214
10261,2.251088539154249,0.6516522253812118,2024-30-214
10262,0.9393972828730848,1.3871723930122954,2024-31-214
10263,3.084298187424359,1.0835558439547992,2024-32-214
10264,1.9688758946565748,2.2125958928100626,2024-33-214
10265,3.174105447596858,2.2100694532134293,2024-34-214
10266,0.8566499322266105,2.666359076062119,2024-35-214
10267,0.4157681623277623,1.3881228777856693,2024-36-214
10268,0.3880300443286235,0.6674496015993221,2024-37-214
10269,0.2461279483521831,0.5001126599459651,2024-38-214
10270,0.1382391198177988,0.351588109778881,2024-39-214
10271,0.7822833025405395,0.26320913863326895,2024-40-214
10272,2.0121803502399143,0.4544245628845941,2024-41-214
10273,0.0,1.032481664946779,2024-42-214
10274,0.7168981426316117,0.8082682287632893,2024-43-214
10275,1.6810759963690698,0.6109882653920984,2024-44-214
10276,1.4406577275336678,0.8242608622439882,2024-45-214
10277,1.120733841785159,1.2159142876091804,2024-46-214
10278,2.059349182045004,1.0945139636028431,2024-47-214
10279,1.823327692910221,1.6979006698282284,2024-48-214
10280,2.6182743290279373,1.4647650683454474,2024-49-214
10281,2.4071673847717823,2.0659222939385273,2024-50-214
10282,1.3618549616627638,2.7890378684162225,2024-51-214
10283,0.0,1.6600545392226858,2024-52-214
10536,0.3074438919908531,0.4940517123542161,2024-1-215
10537,0.7106342899415324,0.40761256557393793,2024-2-215
10538,0.0,0.5915348542866827,2024-3-215
10539,0.0,0.24873102539566772,2024-4-215
10540,0.9173756997412268,0.2512591146869306,2024-5-215
10541,0.0,0.5665377479629723,2024-6-215
10542,0.0,0.4441434905291098,2024-7-215
10543,0.0,0.30225463290049687,2024-8-215
10544,2.2945986280231057,0.28213401522879633,2024-9-215
10545,0.0,1.4565031479935378,2024-10-215
10546,1.0157959749321417,0.7917616149117691,2024-11-215
10547,1.0925983228923126,0.5996181796160125,2024-12-215
10548,1.4691131835499762,0.9812771098492257,2024-13-215
10549,0.0,1.1905016577794247,2024-14-215
10550,0.0,0.8870012462937643,2024-15-215
10551,0.0,0.47613381401324145,2024-16-215
10552,0.0,0.3842680618821046,2024-17-215
10553,0.0,0.2277740041503004,2024-18-215
10554,0.0,0.2020289582589585,2024-19-215
10555,0.0,0.2020289582589585,2024-20-215
10556,0.0,0.20762164418869183,2024-21-215
10557,0.5327557151672867,0.19383632136342563,2024-22-215
10558,0.0,0.2582725212732331,2024-23-215
10559,0.0,0.206646581770148,2024-24-215
10560,0.0,0.20920506679041057,2024-25-215
10561,0.0,0.2567406584803667,2024-26-215
10562,0.0,0.22121741172895237,2024-27-215
10563,0.0,0.19383632136342563,2024-28-215
10564,0.0,0.19383632136342563,2024-29-215
10565,0.0,0.1978317029383564,2024-30-215
10566,0.0,0.19383632136342563,2024-31-215
10567,0.2384724000518342,0.19383632136342563,2024-32-215
10568,0.0,0.19383632136342563,2024-33-215
10569,0.0,0.19383632136342563,2024-34-215
10570,0.0,0.19383632136342563,2024-35-215
10571,0.0,0.19383632136342563,2024-36-215
10572,0.2402137012645804,0.19383632136342563,2024-37-215
10573,0.0,0.19383632136342563,2024-38-215
10574,0.2568199170888279,0.19383632136342563,2024-39-215
10575,0.5814251083563907,0.19383632136342563,2024-40-215
10576,0.3116214531118256,0.2774138743384265,2024-41-215
10577,0.747877874743492,0.21079796103386222,2024-42-215
10578,0.0,0.4188410473015307,2024-43-215
10579,0.893051903719637,0.2921739323448178,2024-44-215
10580,0.5358213956960256,0.549310788025304,2024-45-215
10581,0.0,0.4297540992153028,2024-46-215
10582,0.0,0.303228545319619,2024-47-215
10583,0.6784835571823209,0.303316217962549,2024-48-215
10584,0.0,0.49149434297231187,2024-49-215
10585,0.0,0.24637168829492181,2024-50-215
10586,0.0,0.24811044223499512,2024-51-215
10587,2.014266036164672,0.28340492956991414,2024-52-215
10840,2.412904663679832,0.6496598577933637,2024-1-216
10841,2.3899205436175888,1.7558321447620653,2024-2-216
10842,0.4547954349196493,2.347723752600323,2024-3-216
10843,0.926796394294578,1.1514231812885576,2024-4-216
10844,1.0279756012980508,0.7821377795786701,2024-5-216
10845,1.848106076009128,0.9339066757599465,2024-6-216
10846,0.6920151806038354,1.524789264145386,2024-7-216
10847,2.9129208209858577,0.9663416976649745,2024-8-216
10848,1.713210575436312,1.902373147739339,2024-9-216
10849,4.044438030434425,1.4950045723930956,2024-10-216
10850,2.2746351810955736,2.4517180133273597,2024-11-216
10851,1.2231390452579023,2.770169566481467,2024-12-216
10852,0.0,2.0097764171751336,2024-13-216
10853,4.712789403753145,1.087879561393003,2024-14-216
10854,2.706684734528233,2.3205098462211855,2024-15-216
10855,4.078352758396337,3.0905904659741146,2024-16-216
10856,5.411654122300906,4.163578571210795,2024-17-216
10857,3.9301398090062047,3.9519478067453746,2024-18-216
10858,6.121774886830654,4.315419472517777,2024-19-216
10859,11.462800075663068,4.963844889045629,2024-20-216
10860,11.211273392326008,8.233145997276214,2024-21-216
10861,3.5735205429709227,9.294544014512665,2024-22-216
10862,6.396864072119912,6.81914203353188,2024-23-216
10863,9.00944123135958,5.3527303280047205,2024-24-216
10864,6.995770798086918,7.770176478116382,2024-25-216
10865,9.16411871661172,6.105829400644684,2024-26-216
10866,5.926822847781845,8.594586450430015,2024-27-216
10867,6.841082487302512,6.195730325397224,2024-28-216
10868,2.1910762067480407,5.417871579534834,2024-29-216
10869,2.3314801203736324,4.6270471770927495,2024-30-216
10870,3.3358733141239,3.5739015598343054,2024-31-216
10871,3.194561916333884,3.6721433269602386,2024-32-216
10872,2.719067124466766,3.3344897471684884,2024-33-216
10873,2.276099549992749,3.3431076008812175,2024-34-216
10874,1.2676051083270778,2.890819481672643,2024-35-216
10875,2.296870341137342,1.7248514188630382,2024-36-216
10876,2.143672739213837,1.9932940307603806,2024-37-216
10877,1.019819247124146,2.3171839144425928,2024-38-216
10878,0.5727974893226541,1.3016881278508712,2024-39-216
10879,2.2690293583384857,0.8855466356588191,2024-40-216
10880,0.3474093806687083,1.7056938745251535,2024-41-216
10881,1.667288683252821,0.9233603347479216,2024-42-216
10882,1.4853508690104218,0.8005924819732206,2024-43-216
10883,1.990346774453276,1.2864120415691493,2024-44-216
10884,1.1940103809181135,1.6611541295401375,2024-45-216
10885,0.7740631136519527,1.2722728030381278,2024-46-216
10886,0.0,1.0655731635536518,2024-47-216
10887,0.7556236423543543,1.084285393305201,2024-48-216
10888,2.7127126721623025,0.6971778194555515,2024-49-216
10889,2.992843521402026,1.7613497100859905,2024-50-216
10890,0.0,2.989537614004906,2024-51-216
10891,0.0,1.31159969628522,2024-52-216
11144,0.1122568353347781,0.1704805138909523,2024-1-301
11145,0.043248994144969,0.1704805138909523,2024-2-301
11146,0.0,0.1704805138909523,2024-3-301
11147,0.0,0.1704805138909523,2024-4-301
11148,0.1116887868544663,0.1704805138909523,2024-5-301
11149,0.0669463139458149,0.1704805138909523,2024-6-301
11150,0.0,0.1704805138909523,2024-7-301
11151,0.0791731919948052,0.1704805138909523,2024-8-301
11152,0.0,0.1704805138909523,2024-9-301
11153,0.0,0.1704805138909523,2024-10-301
11154,0.123729612847217,0.1704805138909523,2024-11-301
11155,0.0,0.1704805138909523,2024-12-301
11156,0.1789742902576476,0.1704805138909523,2024-13-301
11157,0.1282602564650375,0.1704805138909523,2024-14-301
11158,0.0,0.1704805138909523,2024-15-301
11159,0.0,0.1704805138909523,2024-16-301
11160,0.0,0.1704805138909523,2024-17-301
11161,0.0,0.1704805138909523,2024-18-301
11162,0.1111910543272586,0.1704805138909523,2024-19-301
11163,0.0,0.1704805138909523,2024-20-301
11164,0.0,0.1704805138909523,2024-21-301
11165,0.0,0.1704805138909523,2024-22-301
11166,0.04983770586498,0.1704805138909523,2024-23-301
11167,0.0982902731441042,0.1704805138909523,2024-24-301
11168,0.0,0.1704805138909523,2024-25-301
11169,0.0,0.1704805138909523,2024-26-301
11170,0.0,0.1704805138909523,2024-27-301
11171,0.0,0.1704805138909523,2024-28-301
11172,0.0,0.1704805138909523,2024-29-301
11173,0.0318370460601405,0.1704805138909523,2024-30-301
11174,0.0303750505204199,0.1704805138909523,2024-31-301
11175,0.029094869226141,0.1704805138909523,2024-32-301
11176,0.0297237694615233,0.1704805138909523,2024-33-301
11177,0.0,0.1704805138909523,2024-34-301
11178,0.0,0.1704805138909523,2024-35-301
11179,0.0,0.1704805138909523,2024-36-301
11180,0.0,0.1704805138909523,2024-37-301
11181,0.0,0.1704805138909523,2024-38-301
11182,0.0940505517733217,0.1704805138909523,2024-39-301
11183,0.0709804018153415,0.1704805138909523,2024-40-301
11184,0.0380456749847863,0.1704805138909523,2024-41-301
11185,0.0913149528319855,0.1704805138909523,2024-42-301
11186,0.162737431419931,0.1704805138909523,2024-43-301
11187,0.1635858350033293,0.1704805138909523,2024-44-301
11188,0.4580670781502795,0.1704805138909523,2024-45-301
11189,0.254593774782389,0.1785865747702365,2024-46-301
11190,0.0779882301180394,0.1704805138909523,2024-47-301
11191,0.0,0.18316694955343368,2024-48-301
11192,0.0,0.1704805138909523,2024-49-301
11193,0.7663012468280276,0.19786160425647914,2024-50-301
11194,0.3097426119632087,0.3911052824940993,2024-51-301
11195,0.2461276694463609,0.1947300915431389,2024-52-301
11448,0.2978411191099002,0.1704805138909523,2024-1-302
11449,0.3442455474727655,0.1704805138909523,2024-2-302
11450,0.1310462263550885,0.2440394443000698,2024-3-302
11451,0.1335538125911567,0.17503533087605072,2024-4-302
11452,0.1481658988749674,0.17892982906718852,2024-5-302
11453,0.1776211008889921,0.1704805138909523,2024-6-302
11454,0.1995712501070594,0.1793481158034897,2024-7-302
11455,0.2100605284647935,0.1704805138909523,2024-8-302
11456,0.2471438999797174,0.1704805138909523,2024-9-302
11457,0.0,0.1704805138909523,2024-10-302
11458,0.6565496387249806,0.1704805138909523,2024-11-302
11459,0.7062442597769192,0.3787831951882943,2024-12-302
11460,2.374231061772542,0.39812401444749596,2024-13-302
11461,0.0,1.2623872675631684,2024-14-302
11462,0.0,0.8620287217160809,2024-15-302
11463,0.0,0.4959389379392155,2024-16-302
11464,0.7820151204446388,0.3709646666047411,2024-17-302
11465,0.0,0.45823759835019884,2024-18-302
11466,0.2950036683511862,0.20292272843867173,2024-19-302
11467,0.3013647124442072,0.24330004053953785,2024-20-302
11468,0.0,0.270007880978317,2024-21-302
11469,0.0,0.20665000942482312,2024-22-302
11470,0.2644493073936023,0.1704805138909523,2024-23-302
11471,0.2607739135267862,0.1704805138909523,2024-24-302
11472,0.1065960633601283,0.1786731507864852,2024-25-302
11473,0.0,0.1704805138909523,2024-26-302
11474,0.0,0.1704805138909523,2024-27-302
11475,0.110103061643067,0.1704805138909523,2024-28-302
11476,0.0793618941816215,0.1704805138909523,2024-29-302
11477,0.0844663415247781,0.1704805138909523,2024-30-302
11478,0.0805874943235976,0.1704805138909523,2024-31-302
11479,0.0,0.1704805138909523,2024-32-302
11480,0.0,0.1704805138909523,2024-33-302
11481,0.0,0.1704805138909523,2024-34-302
11482,0.0,0.1704805138909523,2024-35-302
11483,0.0,0.1704805138909523,2024-36-302
11484,0.0,0.1704805138909523,2024-37-302
11485,0.0,0.1704805138909523,2024-38-302
11486,0.0,0.1704805138909523,2024-39-302
11487,0.1883157423348731,0.1704805138909523,2024-40-302
11488,0.1009376506374989,0.1704805138909523,2024-41-302
11489,0.2422643569186438,0.1704805138909523,2024-42-302
11490,0.2878349641586462,0.1704805138909523,2024-43-302
11491,0.2893353594269827,0.1704805138909523,2024-44-302
11492,0.0,0.1704805138909523,2024-45-302
11493,0.2251505708988603,0.1704805138909523,2024-46-302
11494,0.6207211906315824,0.21241905690525806,2024-47-302
11495,0.0,0.4234439723143983,2024-48-302
11496,0.0,0.18982133315015406,2024-49-302
11497,0.0,0.22544181693644688,2024-50-302
11498,0.4108810543726048,0.25622255815305084,2024-51-302
11499,0.0,0.21020325828985556,2024-52-302
11752,0.107183277065342,0.1704805138909523,2024-1-303
11753,0.2477563620615924,0.1704805138909523,2024-2-303
11754,0.0707337007173441,0.1704805138909523,2024-3-303
11755,0.1441691252983108,0.1704805138909523,2024-4-303
11756,0.0799683906469422,0.1704805138909523,2024-5-303
11757,0.0,0.1704805138909523,2024-6-303
11758,0.2154102242753689,0.1704805138909523,2024-7-303
11759,0.2267236966634956,0.1704805138909523,2024-8-303
11760,0.2667389782329029,0.1704805138909523,2024-9-303
11761,0.0,0.1704805138909523,2024-10-303
11762,0.0,0.1704805138909523,2024-11-303
11763,0.1905390179229072,0.1704805138909523,2024-12-303
11764,0.0,0.1704805138909523,2024-13-303
11765,0.0,0.1704805138909523,2024-14-303
11766,0.0,0.1704805138909523,2024-15-303
11767,0.0,0.1704805138909523,2024-16-303
11768,0.0,0.1704805138909523,2024-17-303
11769,0.2042955044849101,0.1704805138909523,2024-18-303
11770,0.3182771046063781,0.1704805138909523,2024-19-303
11771,0.3251281194392766,0.1704805138909523,2024-20-303
11772,0.0,0.1704805138909523,2024-21-303
11773,0.092944964562537,0.1704805138909523,2024-22-303
11774,0.1426353065910964,0.1704805138909523,2024-23-303
11775,0.0703238947754959,0.17503533087605072,2024-24-303
11776,0.2874511825680401,0.1793481158034897,2024-25-303
11777,0.1244463125737599,0.1704805138909523,2024-26-303
11778,0.0,0.1704805138909523,2024-27-303
11779,0.0,0.1704805138909523,2024-28-303
11780,0.0,0.1704805138909523,2024-29-303
11781,0.0455466314424026,0.1704805138909523,2024-30-303
11782,0.1303603032736541,0.1704805138909523,2024-31-303
11783,0.166481930321435,0.1704805138909523,2024-32-303
11784,0.1700741006063622,0.1704805138909523,2024-33-303
11785,0.0395537981793674,0.1704805138909523,2024-34-303
11786,0.1982917243775754,0.1704805138909523,2024-35-303
11787,0.1347626329139012,0.1704805138909523,2024-36-303
11788,0.0,0.1704805138909523,2024-37-303
11789,0.0798099660874438,0.1704805138909523,2024-38-303
11790,0.2241744325612171,0.1704805138909523,2024-39-303
11791,0.5582911507183971,0.1704805138909523,2024-40-303
11792,0.2176248612130285,0.2463177123959086,2024-41-303
11793,0.0652888094184675,0.18982133315015406,2024-42-303
11794,0.310267770119003,0.1927590060723111,2024-43-303
11795,0.2339051549750499,0.25194452209054435,2024-44-303
11796,0.3742559884671099,0.20209719741057136,2024-45-303
11797,0.485341999886322,0.1785865747702365,2024-46-303
11798,0.3344993751478926,0.1785865747702365,2024-47-303
11799,0.1184891731560086,0.19167728294781974,2024-48-303
11800,0.709098300944817,0.18820200161373482,2024-49-303
11801,1.095457253017534,0.3876507971008317,2024-50-303
11802,0.6641585370458393,0.5618036280941342,2024-51-303
11803,0.0,0.7875933266872107,2024-52-303
12056,3.077176735390932,3.550606254344035,2024-1-304
12057,4.001575297696687,2.893156709575125,2024-2-304
12058,1.5234546643427789,3.343277332734299,2024-3-304
12059,2.5879293082190866,2.070519925316685,2024-4-304
12060,1.1485415824508058,2.9803506887354785,2024-5-304
12061,0.6885022725181278,1.510338319554948,2024-6-304
12062,1.547323590515023,1.234579648460362,2024-7-304
12063,3.2576166133246414,0.9135766255128889,2024-8-304
12064,4.791348698365718,2.3950734680546013,2024-9-304
12065,5.6573223311330825,4.113953186741145,2024-10-304
12066,2.546186138174231,4.0349569618150385,2024-11-304
12067,9.587114403782811,3.7358410101735826,2024-12-304
12068,9.209377355956187,7.243481514010974,2024-13-304
12069,6.600445985903787,8.236732239234696,2024-14-304
12070,1.516800509942564,6.391460646834023,2024-15-304
12071,12.192979147794423,2.9017267540162317,2024-16-304
12072,12.13813132658024,8.432680246565898,2024-17-304
12073,8.817901925224879,10.10318179071821,2024-18-304
12074,14.884428351162873,8.15977863261549,2024-19-304
12075,7.018549866628883,10.760779941959187,2024-20-304
12076,8.092876228090343,6.713903863237383,2024-21-304
12077,9.365735632475042,6.697281532085159,2024-22-304
12078,6.160620753022735,9.168481136413233,2024-23-304
12079,7.594488826836913,6.357084332266741,2024-24-304
12080,8.693125501322514,5.738162756976691,2024-25-304
12081,4.9290754462361,7.290713928287612,2024-26-304
12082,8.001140144853244,6.089175769805718,2024-27-304
12083,6.415507415210222,5.44197525994827,2024-28-304
12084,9.866056997902952,5.859536686171436,2024-29-304
12085,8.532570980246577,8.361169876789548,2024-30-304
12086,5.949567450164508,7.68062093951529,2024-31-304
12087,10.798779660511606,6.362558043979911,2024-32-304
12088,9.194368293679252,9.267095516078065,2024-33-304
12089,10.835566455676892,9.270345860927987,2024-34-304
12090,11.437517870892526,9.870938312122979,2024-35-304
12091,7.774170497231602,10.328505898212056,2024-36-304
12092,5.443469684314296,7.035183600148104,2024-37-304
12093,3.741793531886457,6.217758043376253,2024-38-304
12094,6.468636997377915,5.225968942733363,2024-39-304
12095,3.295601179670296,4.958098031738935,2024-40-304
12096,3.9258162379477226,4.30129487404361,2024-41-304
12097,4.711699327495479,4.414380365523794,2024-42-304
12098,6.718218206421292,4.171548205686398,2024-43-304
12099,2.81411664219919,4.638742449694594,2024-44-304
12100,2.026473538321322,4.50114117429944,2024-45-304
12101,2.62831501759705,3.2708879734346716,2024-46-304
12102,2.415577353672803,2.9816150302403175,2024-47-304
12103,0.0,2.6339911312137754,2024-48-304
12104,0.0,1.5122299262898102,2024-49-304
12105,0.0,0.7706514296615397,2024-50-304
12106,3.199157096357917,0.40636581310157527,2024-51-304
12107,2.542354141787415,2.125067635642146,2024-52-304
12360,2.379440654359424,5.060086362797833,2024-1-305
12361,3.463595446320222,4.290307746075041,2024-2-305
12362,3.1415422401364705,3.9815975533308925,2024-3-305
12363,3.320644600768984,3.3267948282933064,2024-4-305
12364,3.026478738471496,3.4229987435673053,2024-5-305
12365,2.366468919530836,3.3210451935284078,2024-6-305
12366,1.772827274121654,2.917869538463005,2024-7-305
12367,4.665587821205598,2.085665414401112,2024-8-305
12368,5.050717738420291,2.549712665112592,2024-9-305
12369,5.704429247980537,4.008685697489742,2024-10-305
12370,6.126876932239449,4.8783680729636005,2024-11-305
12371,5.963679441425707,4.9818613227720725,2024-12-305
12372,11.81953060374587,5.49890098762154,2024-13-305
12373,7.86628493595434,8.826094264427804,2024-14-305
12374,7.648130881131687,6.897525882964597,2024-15-305
12375,8.733234757871392,6.302888265518942,2024-16-305
12376,7.650871823724055,7.2217618084427,2024-17-305
12377,9.432125387905,6.281068587631454,2024-18-305
12378,10.235334872714173,9.158498950800785,2024-19-305
12379,5.899002558146033,9.51155397343209,2024-20-305
12380,7.008259816274139,6.628062564598763,2024-21-305
12381,5.060690901643508,5.505850056228927,2024-22-305
12382,5.296011042218831,5.908776219748604,2024-23-305
12383,5.339116381211649,5.027018194313962,2024-24-305
12384,6.643089314313445,4.945278930919176,2024-25-305
12385,5.85563722892971,4.9698261881505985,2024-26-305
12386,6.624164923953034,5.710438620829102,2024-27-305
12387,7.844766642028175,5.2143439113132635,2024-28-305
12388,12.865515831590574,6.190663496243509,2024-29-305
12389,12.866983122958978,9.460859691404536,2024-30-305
12390,15.149566050504744,11.799088943894448,2024-31-305
12391,15.88846690337631,14.227762459583362,2024-32-305
12392,15.250008999151884,15.856320475815972,2024-33-305
12393,11.76961197315376,15.397550878084164,2024-34-305
12394,10.425632891120834,13.200182313679592,2024-35-305
12395,9.656763074433847,10.766730863137337,2024-36-305
12396,7.073930299917866,10.353547693689993,2024-37-305
12397,5.544788087783277,6.678903164281398,2024-38-305
12398,6.008262550961017,6.140661767039803,2024-39-305
12399,6.97048878097689,5.088288926704064,2024-40-305
12400,4.772113224974084,5.41085215424349,2024-41-305
12401,4.322692743447014,5.895056527767108,2024-42-305
12402,5.136432247350674,4.599413420052411,2024-43-305
12403,4.2601672623237405,4.811916285446701,2024-44-305
12404,1.859317077170068,4.460024259159618,2024-45-305
12405,5.42605718416126,3.0277246975287953,2024-46-305
12406,3.69407784509879,4.289873088508487,2024-47-305
12407,1.766820553364336,3.759962571153362,2024-48-305
12408,1.175024663407835,2.347851905770799,2024-49-305
12409,2.334262620302322,2.1643312908609524,2024-50-305
12410,2.9357534232521982,2.1638363006819192,2024-51-305
12411,0.5832731491621259,2.7774538868549894,2024-52-305
12664,0.0,0.1704805138909523,2024-1-306
12665,0.4639336585816576,0.1704805138909523,2024-2-306
12666,0.0,0.1785865747702365,2024-3-306
12667,0.0,0.1704805138909523,2024-4-306
12668,0.0,1.2723950581212378,2024-5-306
12669,0.0,0.1704805138909523,2024-6-306
12670,0.0,0.19786160425647914,2024-7-306
12671,0.0,0.1704805138909523,2024-8-306
12672,0.0,0.1704805138909523,2024-9-306
12673,0.0,0.1704805138909523,2024-10-306
12674,0.0,0.1704805138909523,2024-11-306
12675,0.0,0.1704805138909523,2024-12-306
12676,0.0,0.1704805138909523,2024-13-306
12677,0.0,0.1704805138909523,2024-14-306
12678,0.0,0.1704805138909523,2024-15-306
12679,0.0,0.1704805138909523,2024-16-306
12680,0.0,0.1704805138909523,2024-17-306
12681,0.0,0.1704805138909523,2024-18-306
12682,0.0,0.1704805138909523,2024-19-306
12683,0.0,0.1704805138909523,2024-20-306
12684,0.0,0.1704805138909523,2024-21-306
12685,0.0,0.1704805138909523,2024-22-306
12686,0.0,0.1704805138909523,2024-23-306
12687,0.0,0.1704805138909523,2024-24-306
12688,0.4311834089725926,0.1704805138909523,2024-25-306
12689,0.0,0.1785865747702365,2024-26-306
12690,0.0,0.1704805138909523,2024-27-306
12691,0.0,0.17892982906718852,2024-28-306
12692,0.0,0.1704805138909523,2024-29-306
12693,0.0,0.1793481158034897,2024-30-306
12694,0.0,0.1704805138909523,2024-31-306
12695,0.0,0.1704805138909523,2024-32-306
12696,0.0,0.1704805138909523,2024-33-306
12697,0.0,0.1704805138909523,2024-34-306
12698,0.0,0.1704805138909523,2024-35-306
12699,0.0,0.1704805138909523,2024-36-306
12700,0.0,0.1704805138909523,2024-37-306
12701,0.0,0.1704805138909523,2024-38-306
12702,0.0,0.1704805138909523,2024-39-306
12703,0.0,0.1704805138909523,2024-40-306
12704,0.0,0.1704805138909523,2024-41-306
12705,0.0,0.1704805138909523,2024-42-306
12706,0.0,0.1704805138909523,2024-43-306
12707,0.0,0.1704805138909523,2024-44-306
12708,0.0,0.1704805138909523,2024-45-306
12709,0.9111263116053264,0.1704805138909523,2024-46-306
12710,0.0,0.4246766533288161,2024-47-306
12711,0.0,0.304437249398424,2024-48-306
12712,0.0,0.2884143262314428,2024-49-306
12713,0.0,0.2631442807074659,2024-50-306
12714,0.0,0.20665000942482312,2024-51-306
12715,0.0,1.3022396547097352,2024-52-306
12968,0.0,0.1704805138909523,2024-1-307
12969,0.0,0.1704805138909523,2024-2-307
12970,0.1650279853597524,0.1704805138909523,2024-3-307
12971,0.168187258318212,0.1704805138909523,2024-4-307
12972,0.0,0.1704805138909523,2024-5-307
12973,0.0,0.1704805138909523,2024-6-307
12974,0.0,0.1704805138909523,2024-7-307
12975,0.0,0.1704805138909523,2024-8-307
12976,0.0,0.1704805138909523,2024-9-307
12977,0.0,0.1704805138909523,2024-10-307
12978,0.0,0.1704805138909523,2024-11-307
12979,0.0,0.1704805138909523,2024-12-307
12980,0.0,0.1704805138909523,2024-13-307
12981,0.0,0.1704805138909523,2024-14-307
12982,0.0,0.1704805138909523,2024-15-307
12983,0.0,0.1704805138909523,2024-16-307
12984,0.0,0.1704805138909523,2024-17-307
12985,0.0,0.1704805138909523,2024-18-307
12986,0.0,0.1704805138909523,2024-19-307
12987,0.0,0.1704805138909523,2024-20-307
12988,0.2917523216253876,0.1704805138909523,2024-21-307
12989,0.0,0.1704805138909523,2024-22-307
12990,0.0,0.1704805138909523,2024-23-307
12991,0.0,0.1704805138909523,2024-24-307
12992,0.0,0.1704805138909523,2024-25-307
12993,0.1453227279032229,0.1704805138909523,2024-26-307
12994,0.0,0.1704805138909523,2024-27-307
12995,0.0,0.1704805138909523,2024-28-307
12996,0.0999635710923563,0.1704805138909523,2024-29-307
12997,0.2127879986255062,0.1704805138909523,2024-30-307
12998,0.0,0.1704805138909523,2024-31-307
12999,0.0972316493662208,0.1704805138909523,2024-32-307
13000,0.0,0.1704805138909523,2024-33-307
13001,0.0,0.1704805138909523,2024-34-307
13002,0.0,0.1704805138909523,2024-35-307
13003,0.0,0.1704805138909523,2024-36-307
13004,0.0,0.1704805138909523,2024-37-307
13005,0.0,0.1704805138909523,2024-38-307
13006,0.0,0.1704805138909523,2024-39-307
13007,0.0,0.1704805138909523,2024-40-307
13008,0.1271532489028257,0.1704805138909523,2024-41-307
13009,0.0,0.1704805138909523,2024-42-307
13010,0.0,0.1704805138909523,2024-43-307
13011,0.0,0.1704805138909523,2024-44-307
13012,0.0,0.1704805138909523,2024-45-307
13013,0.0,0.1704805138909523,2024-46-307
13014,0.0,0.21241905690525806,2024-47-307
13015,0.277010510623432,0.1704805138909523,2024-48-307
13016,0.0,0.1704805138909523,2024-49-307
13017,0.0,0.1704805138909523,2024-50-307
13018,0.0,0.1704805138909523,2024-51-307
13019,0.0,0.1704805138909523,2024-52-307
13272,0.0,0.1704805138909523,2024-1-308
13273,0.0,0.1704805138909523,2024-2-308
13274,0.0,0.1793481158034897,2024-3-308
13275,0.5445664555014427,0.1704805138909523,2024-4-308
13276,0.0,0.23722811817463132,2024-5-308
13277,0.0,0.1856699538864398,2024-6-308
13278,0.0,0.18820200161373482,2024-7-308
13279,0.0,0.25194452209054435,2024-8-308
13280,0.0,0.19786160425647914,2024-9-308
13281,0.0,0.1704805138909523,2024-10-308
13282,0.0,0.1704805138909523,2024-11-308
13283,0.0,0.1786731507864852,2024-12-308
13284,0.0,0.1704805138909523,2024-13-308
13285,0.46250913263287,0.1704805138909523,2024-14-308
13286,0.531376671469072,0.1785865747702365,2024-15-308
13287,0.0,0.23722811817463132,2024-16-308
13288,0.0,0.19835638954892118,2024-17-308
13289,0.0,0.18820200161373482,2024-18-308
13290,0.4009504989862856,0.26513201432456296,2024-19-308
13291,0.0,0.2059676651357633,2024-20-308
13292,0.0,0.1704805138909523,2024-21-308
13293,0.0,0.17892982906718852,2024-22-308
13294,0.0,0.17447589546588307,2024-23-308
13295,0.0,0.1793481158034897,2024-24-308
13296,0.0,0.1704805138909523,2024-25-308
13297,0.0,0.1704805138909523,2024-26-308
13298,0.155538527965675,0.1704805138909523,2024-27-308
13299,0.149642905639475,0.1704805138909523,2024-28-308
13300,0.5393091565883635,0.1704805138909523,2024-29-308
13301,0.4591963932504749,0.23722811817463132,2024-30-308
13302,0.2190541419090807,0.19377601476572404,2024-31-308
13303,0.2098213241620626,0.18820200161373482,2024-32-308
13304,0.0,0.2504373596215176,2024-33-308
13305,0.0,0.19786160425647914,2024-34-308
13306,0.0,0.19786160425647914,2024-35-308
13307,0.113245598399098,0.1704805138909523,2024-36-308
13308,0.0,0.1786731507864852,2024-37-308
13309,0.0,0.1704805138909523,2024-38-308
13310,0.0,0.1704805138909523,2024-39-308
13311,0.255936192522765,0.1704805138909523,2024-40-308
13312,0.0,0.1704805138909523,2024-41-308
13313,0.0,0.1704805138909523,2024-42-308
13314,0.0,0.1704805138909523,2024-43-308
13315,0.1966132176922759,0.1704805138909523,2024-44-308
13316,0.0,0.1704805138909523,2024-45-308
13317,0.9179807216291266,0.1704805138909523,2024-46-308
13318,1.1247955552802875,0.4246766533288161,2024-47-308
13319,0.0,0.6039425515784774,2024-48-308
13320,0.7153790518581482,0.7524126532062121,2024-49-308
13321,0.7894275705171301,0.5901105961293015,2024-50-308
13322,1.1168131374507924,1.3319496870196799,2024-51-308
13323,1.7748789905200908,1.194585544859929,2024-52-308
13576,0.293288926823101,0.1704805138909523,2024-1-401
13577,0.3873840924998559,0.1704805138909523,2024-2-401
13578,0.4423741316629832,0.1785865747702365,2024-3-401
13579,0.2254041986309752,0.1785865747702365,2024-4-401
13580,0.1250243148831546,1.3106889698859714,2024-5-401
13581,0.5245408770062383,0.17892982906718852,2024-6-401
13582,0.0841889777596841,0.2507271008987078,2024-7-401
13583,1.2405100039344237,0.1990843124124804,2024-8-401
13584,0.0,0.5041407000876414,2024-9-401
13585,0.2461271523113652,0.6737437352282071,2024-10-401
13586,0.0,0.34423668177649197,2024-11-401
13587,0.0,0.31404572261983577,2024-12-401
13588,0.4004639674778743,0.20665000942482312,2024-13-401
13589,0.0,0.18258195634516725,2024-14-401
13590,0.1648382747753652,0.1704805138909523,2024-15-401
13591,0.0,0.18712246596272145,2024-16-401
13592,0.0,0.1704805138909523,2024-17-401
13593,0.0,0.1793481158034897,2024-18-401
13594,0.0,0.1704805138909523,2024-19-401
13595,0.0,0.1704805138909523,2024-20-401
13596,0.4881230759951189,0.1704805138909523,2024-21-401
13597,0.0,0.1785865747702365,2024-22-401
13598,0.1114368077203974,0.1704805138909523,2024-23-401
13599,0.0549402942204024,0.18820200161373482,2024-24-401
13600,0.0449126423167983,0.1704805138909523,2024-25-401
13601,0.0972171739435785,0.19786160425647914,2024-26-401
13602,0.1446337185848435,0.1704805138909523,2024-27-401
13603,0.0463807098075442,0.1704805138909523,2024-28-401
13604,0.1337149570620214,0.17447589546588307,2024-29-401
13605,0.1067291115622677,0.1704805138909523,2024-30-401
13606,0.0,0.1704805138909523,2024-31-401
13607,0.1625379272446097,0.1704805138909523,2024-32-401
13608,0.1328317519125784,0.1704805138909523,2024-33-401
13609,0.1235657248288838,0.1704805138909523,2024-34-401
13610,0.0,0.1704805138909523,2024-35-401
13611,0.4209704008456544,0.1704805138909523,2024-36-401
13612,0.2292226821588916,0.1785865747702365,2024-37-401
13613,0.2492937876416404,0.1704805138909523,2024-38-401
13614,0.1050310724803196,0.17892982906718852,2024-39-401
13615,0.3170477323187772,0.1704805138909523,2024-40-401
13616,0.1699265538528804,0.1793481158034897,2024-41-401
13617,0.3058643651088198,0.1704805138909523,2024-42-401
13618,0.3028110386917281,0.1704805138909523,2024-43-401
13619,0.3652422080801795,0.1704805138909523,2024-44-401
13620,0.1460952450678129,0.17503533087605072,2024-45-401
13621,0.5683588197177201,0.1704805138909523,2024-46-401
13622,0.1740899394797439,0.2593984083836839,2024-47-401
13623,0.2774953448622821,0.18982133315015406,2024-48-401
13624,0.6642470398546112,0.2060996732394165,2024-49-401
13625,0.4886360272907913,0.4568437050125359,2024-50-401
13626,0.5184251012643525,0.22954407754905726,2024-51-401
13627,0.0,1.229118276472483,2024-52-401
13880,0.2523240380682604,0.1704805138909523,2024-1-402
13881,0.1458023509005006,0.17503533087605072,2024-2-402
13882,0.166492317424938,0.17447589546588307,2024-3-402
13883,0.1696595102267638,0.1704805138909523,2024-4-402
13884,0.1882012173686375,0.1704805138909523,2024-5-402
13885,0.4511811856855749,0.1704805138909523,2024-6-402
13886,0.7603226539069035,0.1785865747702365,2024-7-402
13887,0.2667321907450362,0.3827078001111754,2024-8-402
13888,0.3137857118028849,0.20317940671937507,2024-9-402
13889,0.370421561026417,0.23510740364400498,2024-10-402
13890,0.0,0.28215225914644987,2024-11-402
13891,0.0,0.20665000942482312,2024-12-402
13892,0.0,0.17892982906718852,2024-13-402
13893,0.0,0.17503533087605072,2024-14-402
13894,0.0,0.18754075269902262,2024-15-402
13895,0.0,0.1704805138909523,2024-16-402
13896,0.0,0.1704805138909523,2024-17-402
13897,0.0,0.1704805138909523,2024-18-402
13898,0.0,0.1704805138909523,2024-19-402
13899,0.0,0.1704805138909523,2024-20-402
13900,0.0,0.1704805138909523,2024-21-402
13901,0.0,0.1704805138909523,2024-22-402
13902,0.3352423132749193,0.1704805138909523,2024-23-402
13903,0.0,0.1704805138909523,2024-24-402
13904,0.0,0.1704805138909523,2024-25-402
13905,0.0,0.1704805138909523,2024-26-402
13906,0.1450125834559977,0.1704805138909523,2024-27-402
13907,0.0,0.1793481158034897,2024-28-402
13908,0.0,0.1704805138909523,2024-29-402
13909,0.3209854892874918,0.1704805138909523,2024-30-402
13910,0.1020703995550683,0.1704805138909523,2024-31-402
13911,0.0977576271299733,0.1704805138909523,2024-32-402
13912,0.399438169638926,0.1704805138909523,2024-33-402
13913,0.0,0.1785865747702365,2024-34-402
13914,0.0931282983715027,0.17503533087605072,2024-35-402
13915,0.1054783136056436,0.17892982906718852,2024-36-402
13916,0.0,0.1704805138909523,2024-37-402
13917,0.2810600231416503,0.1793481158034897,2024-38-402
13918,0.0,0.1704805138909523,2024-39-402
13919,0.0,0.1704805138909523,2024-40-402
13920,0.127703525001354,0.1704805138909523,2024-41-402
13921,0.0,0.1704805138909523,2024-42-402
13922,0.1820400158178112,0.1704805138909523,2024-43-402
13923,0.1829686366954815,0.1704805138909523,2024-44-402
13924,0.0,0.1704805138909523,2024-45-402
13925,0.0,0.1704805138909523,2024-46-402
13926,0.0,0.1704805138909523,2024-47-402
13927,0.0,0.1704805138909523,2024-48-402
13928,0.0,0.1704805138909523,2024-49-402
13929,0.0,0.1704805138909523,2024-50-402
13930,0.0,0.1704805138909523,2024-51-402
13931,0.0,0.1704805138909523,2024-52-402
14184,0.2450133539494697,0.1704805138909523,2024-1-403
14185,0.283175405219389,0.1704805138909523,2024-2-403
14186,0.3233814278104431,0.1704805138909523,2024-3-403
14187,0.6591115842897158,0.1704805138909523,2024-4-403
14188,0.1827986690640343,0.3741518143767552,2024-5-403
14189,0.2191297966227825,0.18982133315015406,2024-6-403
14190,0.0,0.2296889600167512,2024-7-403
14191,0.0,0.26509016006558817,2024-8-403
14192,0.0,0.20665000942482312,2024-9-403
14193,0.3599117524737072,0.1704805138909523,2024-10-403
14194,0.4049067645487575,0.1704805138909523,2024-11-403
14195,0.0,0.1867792116657694,2024-12-403
14196,0.5856453383652839,0.17892982906718852,2024-13-403
14197,0.0,0.264818786416061,2024-14-403
14198,0.0,0.20130417805181658,2024-15-403
14199,0.0,0.2060996732394165,2024-16-403
14200,0.0,0.25883780114217597,2024-17-403
14201,0.0,0.20702384477356806,2024-18-403
14202,0.0,0.1754071612539491,2024-19-403
14203,0.0,0.17309575688007747,2024-20-403
14204,0.0,0.18128839377561035,2024-21-403
14205,0.2124449385208943,0.17309575688007747,2024-22-403
14206,0.0,0.17309575688007747,2024-23-403
14207,0.0,0.1754071612539491,2024-24-403
14208,0.0,0.17309575688007747,2024-25-403
14209,0.0,0.17309575688007747,2024-26-403
14210,0.4231881899268142,0.17309575688007747,2024-27-403
14211,0.1357106153621375,0.18120181775936167,2024-28-403
14212,0.2934473021970765,0.1704805138909523,2024-29-403
14213,0.0,0.17892982906718852,2024-30-403
14214,0.1986366267450579,0.1704805138909523,2024-31-403
14215,0.1902571038031703,0.1793481158034897,2024-32-403
14216,0.1943616189063186,0.1704805138909523,2024-33-403
14217,0.0904042942479283,0.1704805138909523,2024-34-403
14218,0.5438576591976946,0.1704805138909523,2024-35-403
14219,0.410682488081403,0.2418594989861704,2024-36-403
14220,0.0,0.19377601476572404,2024-37-403
14221,0.0,0.18820200161373482,2024-38-403
14222,0.1024730534734373,0.2603938372667805,2024-39-403
14223,0.0,0.19786160425647914,2024-40-403
14224,0.0,0.1793481158034897,2024-41-403
14225,0.0,0.17309575688007747,2024-42-403
14226,0.3545638579484375,0.1786731507864852,2024-43-403
14227,0.0,0.1704805138909523,2024-44-403
14228,0.0,0.1704805138909523,2024-45-403
14229,0.0,0.17892982906718852,2024-46-403
14230,0.2548332236596439,0.1704805138909523,2024-47-403
14231,0.270806578803942,0.1793481158034897,2024-48-403
14232,0.0,0.1704805138909523,2024-49-403
14233,0.7153276834230969,0.1704805138909523,2024-50-403
14234,0.5059722480902455,0.3741518143767552,2024-51-403
14235,0.0,0.19792739402943824,2024-52-403
14488,0.2730611607537409,0.1704805138909523,2024-1-404
14489,0.7889296821746956,0.1704805138909523,2024-2-404
14490,0.7207097764382212,0.40036980711552156,2024-3-404
14491,0.9180300445911986,0.39840139202894165,2024-4-404
14492,0.4073460997376016,0.5112775962013569,2024-5-404
14493,0.7324126469653072,0.4465424075660681,2024-6-404
14494,1.0971164256201895,0.6041004715175621,2024-7-404
14495,0.8659946148734139,0.7204525789700077,2024-8-404
14496,0.6791787954736141,0.8678387976395586,2024-9-404
14497,0.0,0.618472231437662,2024-10-404
14498,0.4509738030122285,0.4170798391229206,2024-11-404
14499,0.970115506969842,0.3678991975875375,2024-12-404
14500,0.0,0.5947331730333781,2024-13-404
14501,0.0,0.39004019993174205,2024-14-404
14502,0.5368702834720727,0.29660696312697565,2024-15-404
14503,0.0,0.35532652370460566,2024-16-404
14504,0.0,0.23003208631584346,2024-17-404
14505,0.5198670813517243,0.18820200161373482,2024-18-404
14506,0.0,0.27872267827480673,2024-19-404
14507,0.413617997852873,0.21604619181246318,2024-20-404
14508,0.0,0.19630806249301905,2024-21-404
14509,0.0,0.1704805138909523,2024-22-404
14510,0.1814195413427097,0.21030630100764605,2024-23-404
14511,0.1788795359538382,0.1704805138909523,2024-24-404
14512,0.0,0.1793481158034897,2024-25-404
14513,0.0,0.17447589546588307,2024-26-404
14514,0.15695309424124,0.1704805138909523,2024-27-404
14515,0.3019759152446409,0.1704805138909523,2024-28-404
14516,0.2176397673462328,0.1704805138909523,2024-29-404
14517,0.1158065818039084,0.1704805138909523,2024-30-404
14518,0.1104766628086707,0.1704805138909523,2024-31-404
14519,0.1058090992471679,0.1704805138909523,2024-32-404
14520,0.1080845380481788,0.1704805138909523,2024-33-404
14521,0.3016228972767202,0.1704805138909523,2024-34-404
14522,0.3023988856542567,0.1704805138909523,2024-35-404
14523,0.1141673902066455,0.1704805138909523,2024-36-404
14524,0.1065650229781565,0.1704805138909523,2024-37-404
14525,0.1014051427643076,0.1704805138909523,2024-38-404
14526,0.3417745301084109,0.1704805138909523,2024-39-404
14527,0.1289555227765752,0.1704805138909523,2024-40-404
14528,0.2764521221566355,0.1704805138909523,2024-41-404
14529,0.6634522832823931,0.17892982906718852,2024-42-404
14530,0.1970412567598127,0.3741518143767552,2024-43-404
14531,0.1980471441427469,0.19868893506269142,2024-44-404
14532,0.0,0.2296889600167512,2024-45-404
14533,0.6163211142697543,0.25622255815305084,2024-46-404
14534,0.5663211604800861,0.40149444903824294,2024-47-404
14535,1.203557865757865,0.27028991246664946,2024-48-404
14536,0.0,0.552225793809911,2024-49-404
14537,0.7946847566800319,0.6877032251983249,2024-50-404
14538,0.5620663624427061,0.659313095342298,2024-51-404
14539,0.0,0.421238680201323,2024-52-404
14792,0.0,0.1704805138909523,2024-1-405
14793,0.3758361252023526,0.1704805138909523,2024-2-405
14794,1.144473162024663,0.1785865747702365,2024-3-405
14795,0.0,0.48178783155332,2024-4-405
14796,0.4851571949853728,0.6483970145638901,2024-5-405
14797,0.1938511840140596,0.3155917475156962,2024-6-405
14798,0.0,0.32291332453237315,2024-7-405
14799,0.2292135325936103,0.22437149714760557,2024-8-405
14800,0.2696538701443588,0.1704805138909523,2024-9-405
14801,0.0,0.19786160425647914,2024-10-405
14802,0.0,0.1786731507864852,2024-11-405
14803,0.0,0.1704805138909523,2024-12-405
14804,0.0,0.1704805138909523,2024-13-405
14805,0.0,0.1704805138909523,2024-14-405
14806,0.0,0.1704805138909523,2024-15-405
14807,0.0,0.1704805138909523,2024-16-405
14808,0.0,0.17309575688007747,2024-17-405
14809,0.0,0.17309575688007747,2024-18-405
14810,0.0,0.1704805138909523,2024-19-405
14811,0.0,0.1704805138909523,2024-20-405
14812,0.0,0.1704805138909523,2024-21-405
14813,0.0,0.1704805138909523,2024-22-405
14814,0.1440865516491616,0.17309575688007747,2024-23-405
14815,0.0,0.17309575688007747,2024-24-405
14816,0.0,0.1704805138909523,2024-25-405
14817,0.0,0.1704805138909523,2024-26-405
14818,0.0,0.1704805138909523,2024-27-405
14819,0.0,0.1704805138909523,2024-28-405
14820,0.0,0.1704805138909523,2024-29-405
14821,0.0,0.1704805138909523,2024-30-405
14822,0.0,0.1704805138909523,2024-31-405
14823,0.0,0.1704805138909523,2024-32-405
14824,0.0,0.1704805138909523,2024-33-405
14825,0.0,0.1704805138909523,2024-34-405
14826,0.0,0.1704805138909523,2024-35-405
14827,0.0,0.1704805138909523,2024-36-405
14828,0.0,0.1704805138909523,2024-37-405
14829,0.0,0.1704805138909523,2024-38-405
14830,0.0,0.1704805138909523,2024-39-405
14831,0.0,0.1704805138909523,2024-40-405
14832,0.1098125588602955,0.1704805138909523,2024-41-405
14833,0.0,0.1704805138909523,2024-42-405
14834,0.0,0.1704805138909523,2024-43-405
14835,0.0,0.1704805138909523,2024-44-405
14836,0.0,0.1704805138909523,2024-45-405
14837,0.0,0.1704805138909523,2024-46-405
14838,0.0,0.1704805138909523,2024-47-405
14839,0.0,0.1704805138909523,2024-48-405
14840,0.0,0.1704805138909523,2024-49-405
14841,0.0,0.1704805138909523,2024-50-405
14842,0.0,0.1704805138909523,2024-51-405
14843,0.0,0.1704805138909523,2024-52-405
15096,0.2611745346331498,0.1704805138909523,2024-1-406
15097,0.0,0.1704805138909523,2024-2-406
15098,0.0,0.1704805138909523,2024-3-406
15099,0.0,0.1704805138909523,2024-4-406
15100,0.0,0.1704805138909523,2024-5-406
15101,0.0,0.1704805138909523,2024-6-406
15102,0.5248475940324098,0.1704805138909523,2024-7-406
15103,0.0,0.23722811817463132,2024-8-406
15104,0.0,0.1856699538864398,2024-9-406
15105,0.0,0.18820200161373482,2024-10-406
15106,0.0,0.21515119630386326,2024-11-406
15107,0.0,0.19786160425647914,2024-12-406
15108,0.0,0.1704805138909523,2024-13-406
15109,0.0,0.1704805138909523,2024-14-406
15110,0.0,0.17447589546588307,2024-15-406
15111,0.0,0.1704805138909523,2024-16-406
15112,0.0,0.1704805138909523,2024-17-406
15113,0.0,0.17309575688007747,2024-18-406
15114,0.0,0.1704805138909523,2024-19-406
15115,0.0,0.1704805138909523,2024-20-406
15116,0.0,0.1704805138909523,2024-21-406
15117,0.0,0.1704805138909523,2024-22-406
15118,0.0,0.17309575688007747,2024-23-406
15119,0.3426064108595119,0.17309575688007747,2024-24-406
15120,0.0,0.1704805138909523,2024-25-406
15121,0.0,0.1704805138909523,2024-26-406
15122,0.6013194622439928,0.17892982906718852,2024-27-406
15123,0.0,0.32497152296981363,2024-28-406
15124,0.0,0.19868893506269142,2024-29-406
15125,0.0,0.20654410042209378,2024-30-406
15126,0.2116766626193706,0.25622255815305084,2024-31-406
15127,0.0,0.20209719741057136,2024-32-406
15128,0.4142328039692634,0.1704805138909523,2024-33-406
15129,0.0,0.1785865747702365,2024-34-406
15130,0.0,0.1786731507864852,2024-35-406
15131,0.2188092541460019,0.17892982906718852,2024-36-406
15132,0.0,0.1704805138909523,2024-37-406
15133,0.0,0.1793481158034897,2024-38-406
15134,0.0,0.1704805138909523,2024-39-406
15135,0.0,0.1704805138909523,2024-40-406
15136,0.0,0.1704805138909523,2024-41-406
15137,0.0,0.1704805138909523,2024-42-406
15138,0.0,0.1704805138909523,2024-43-406
15139,0.0,0.1704805138909523,2024-44-406
15140,0.0,0.1704805138909523,2024-45-406
15141,0.0,0.1704805138909523,2024-46-406
15142,0.0,0.1704805138909523,2024-47-406
15143,0.0,0.1704805138909523,2024-48-406
15144,0.0,0.1704805138909523,2024-49-406
15145,0.7621264234963612,0.1704805138909523,2024-50-406
15146,0.0,0.3827078001111754,2024-51-406
15147,0.0,0.1947300915431389,2024-52-406
15400,1.3867432437410905,0.33277645866084654,2024-1-407
15401,0.8013729108051297,0.6495606085599565,2024-2-407
15402,0.6101066533043001,0.8408230299558239,2024-3-407
15403,1.2435190703364818,0.49093953818572494,2024-4-407
15404,1.3795242646616368,0.7114177747235043,2024-5-407
15405,0.8268573128978434,1.1885718746914318,2024-6-407
15406,0.464503429368782,0.950760006982557,2024-7-407
15407,0.4889003307693119,0.5039455969826241,2024-8-407
15408,0.5751891768556685,0.4298406172855654,2024-9-407
15409,0.6790573167849019,0.4024843505573573,2024-10-407
15410,0.7639558344425118,0.4638103897165051,2024-11-407
15411,0.0,0.4752412738560124,2024-12-407
15412,0.0,0.3837653775976375,2024-13-407
15413,1.5836862222629706,0.36327401131038045,2024-14-407
15414,0.9097182881627603,0.683796004364319,2024-15-407
15415,0.0,0.8520922708499242,2024-16-407
15416,0.9097571944619312,0.4495652868049125,2024-17-407
15417,0.0,0.7060283525990267,2024-18-407
15418,0.0,0.417861373768461,2024-19-407
15419,0.0,0.3271990647544388,2024-20-407
15420,0.0,0.2680709280704626,2024-21-407
15421,0.0,0.22536197961308602,2024-22-407
15422,0.0,0.18792155953404774,2024-23-407
15423,0.3032977537572553,0.1754071612539491,2024-24-407
15424,0.4958966476492391,0.18359979814948194,2024-25-407
15425,1.0734452845251374,0.18351322213323326,2024-26-407
15426,1.0647067202575784,0.4813100145609124,2024-27-407
15427,1.2803947375701703,0.885562292965224,2024-28-407
15428,0.1845743125141908,1.0765683155573622,2024-29-407
15429,0.58931694560377,0.8332297990822203,2024-30-407
15430,0.5622347124342205,0.5272237546067498,2024-31-407
15431,0.7180261769731161,0.4277760128742215,2024-32-407
15432,0.1833801179332774,0.46428990458287905,2024-33-407
15433,1.7059375567233306,0.3086497494782692,2024-34-407
15434,0.5131350235736353,0.724470080282446,2024-35-407
15435,0.5812275431723941,0.7372150168720226,2024-36-407
15436,0.5425630020116576,0.430512073386282,2024-37-407
15437,0.8605489822430455,0.41092092483198195,2024-38-407
15438,0.0,0.5295215094328097,2024-39-407
15439,0.6567038081863373,0.3382050257427372,2024-40-407
15440,0.7039646832641876,0.5570469307372311,2024-41-407
15441,0.5631845420672295,0.5240405589778815,2024-42-407
15442,1.0036465338586744,0.36792517916420664,2024-43-407
15443,1.0088428822156794,0.6402451822877927,2024-44-407
15444,1.2106389495508505,0.789269212758769,2024-45-407
15445,2.0933091677565745,0.9374670088208847,2024-46-407
15446,0.0,1.6862584036730615,2024-47-407
15447,0.5110529829656124,1.0718970846570148,2024-48-407
15448,0.0,0.5522267704021192,2024-49-407
15449,1.3499460346405625,0.3791573035002739,2024-50-407
15450,1.9097230757851504,0.6147246150480702,2024-51-407
15451,1.5174500374237732,1.513878813995795,2024-52-407
15704,0.5551841773864863,0.513679537584431,2024-1-408
15705,1.283255194994096,0.44257476829662357,2024-2-408
15706,3.2971239733518014,0.6206018933620302,2024-3-408
15707,0.3733247916609491,1.9656039139312873,2024-4-408
15708,3.727207834515368,0.9780896536098292,2024-5-408
15709,1.985681988859625,1.9034737831832809,2024-6-408
15710,0.0,2.43531589329817,2024-7-408
15711,1.7609437827080257,1.6547367738444185,2024-8-408
15712,2.07163510526172,0.8608779502796255,2024-9-408
15713,1.6304036214125837,1.8829522240962708,2024-10-408
15714,0.9170739571152282,1.326041195608355,2024-11-408
15715,0.9864022963995828,1.075085885332544,2024-12-408
15716,1.3263082601547835,0.9184510745102274,2024-13-408
15717,0.9504023462897416,1.0490461082429972,2024-14-408
15718,3.275472544197088,1.0142874218046594,2024-15-408
15719,4.3875704756682135,2.2634640076619505,2024-16-408
15720,1.0917574133726722,3.903430322373515,2024-17-408
15721,0.0,2.11108866093158,2024-18-408
15722,0.0,1.5349749190233803,2024-19-408
15723,0.0,0.5830675751527231,2024-20-408
15724,0.0,0.48438993394773183,2024-21-408
15725,0.0,0.2197692936833527,2024-22-408
15726,0.0,0.18919248407921527,2024-23-408
15727,0.0,0.18919248407921527,2024-24-408
15728,0.297427759760381,0.18359979814948194,2024-25-408
15729,0.3218975907486577,0.17309575688007747,2024-26-408
15730,0.0,0.1754071612539491,2024-27-408
15731,0.6142686178745448,0.17309575688007747,2024-28-408
15732,0.8854499948811944,0.3483236452257587,2024-29-408
15733,1.6490614539594552,0.4556353867860116,2024-30-408
15734,0.6742285250858774,0.6187709113051781,2024-31-408
15735,1.2915146873371344,0.885694090813219,2024-32-408
15736,1.5392049475190783,0.774449467446685,2024-33-408
15737,2.249988679928414,1.2858791476494138,2024-34-408
15738,1.845677378291636,1.9037222796189346,2024-35-408
15739,1.1613849021816225,1.9412877220797893,2024-36-408
15740,0.8672584095691932,1.3237676737400748,2024-37-408
15741,2.2695317154355226,1.0288681923300849,2024-38-408
15742,0.4635982287049833,1.7119024275088954,2024-39-408
15743,0.5247748503623415,0.9997558537520215,2024-40-408
15744,0.0,0.5727600176846029,2024-41-408
15745,0.3374988082325463,0.4100436187420648,2024-42-408
15746,0.400949283662904,0.2491873901520988,2024-43-408
15747,0.0,0.258830984444207,2024-44-408
15748,0.0,0.21450355632824816,2024-45-408
15749,0.6271024552523863,0.1927151518924547,2024-46-408
15750,0.0,0.37883622616064194,2024-47-408
15751,0.0,0.2026843166376221,2024-48-408
15752,0.0,0.22544181693644688,2024-49-408
15753,0.8086585880658674,0.25622255815305084,2024-50-408
15754,0.0,0.46199401892097336,2024-51-408
15755,1.8178165605712704,0.1947300915431389,2024-52-408
16008,0.6011106173604699,0.1704805138909523,2024-1-409
16009,0.2315923902836056,0.32497152296981363,2024-2-409
16010,0.2644899601106963,0.18982133315015406,2024-3-409
16011,0.0,0.20654410042209378,2024-4-409
16012,0.2990527890163127,0.25622255815305084,2024-5-409
16013,0.3585102823897664,0.20209719741057136,2024-6-409
16014,0.0,0.1704805138909523,2024-7-409
16015,0.4240005635548491,0.1704805138909523,2024-8-409
16016,0.0,0.19522852684200565,2024-9-409
16017,0.0,0.1704805138909523,2024-10-409
16018,0.0,0.18779743097972593,2024-11-409
16019,0.0,0.1704805138909523,2024-12-409
16020,0.9585444362215316,0.1793481158034897,2024-13-409
16021,0.0,0.4246766533288161,2024-14-409
16022,0.0,0.35000648366862847,2024-15-409
16023,0.0,0.2884143262314428,2024-16-409
16024,0.0,0.2657595236965911,2024-17-409
16025,0.0,0.21157665678781984,2024-18-409
16026,0.0,0.1754071612539491,2024-19-409
16027,0.0,0.17309575688007747,2024-20-409
16028,0.0,0.18128839377561035,2024-21-409
16029,0.3478978758979489,0.17309575688007747,2024-22-409
16030,0.0,0.17309575688007747,2024-23-409
16031,0.0,0.1754071612539491,2024-24-409
16032,0.0,0.18154507205631368,2024-25-409
16033,0.0,0.17309575688007747,2024-26-409
16034,0.2310702719646224,0.18196335879261485,2024-27-409
16035,0.0,0.17309575688007747,2024-28-409
16036,0.0,0.1704805138909523,2024-29-409
16037,0.0,0.1704805138909523,2024-30-409
16038,0.162727897594133,0.1704805138909523,2024-31-409
16039,0.1558722406502377,0.1704805138909523,2024-32-409
16040,0.1592441976552032,0.1704805138909523,2024-33-409
16041,0.296297079086922,0.1704805138909523,2024-34-409
16042,0.4456447295023185,0.1704805138909523,2024-35-409
16043,0.3365386235242576,0.1785865747702365,2024-36-409
16044,0.1570839361783682,0.1704805138909523,2024-37-409
16045,0.0,0.17892982906718852,2024-38-409
16046,0.5039242446130642,0.17892982906718852,2024-39-409
16047,0.3803204862538414,0.19200093329627704,2024-40-409
16048,0.2038561977186563,0.1874541766827739,2024-41-409
16049,0.0,0.19081724460285998,2024-42-409
16050,0.2906695557077365,0.17892982906718852,2024-43-409
16051,0.5843797241886354,0.19786160425647914,2024-44-409
16052,0.0,0.26986845396390136,2024-45-409
16053,0.0,0.18982133315015406,2024-46-409
16054,0.8358374688215675,0.20122745290180988,2024-47-409
16055,0.4441402925143793,0.5250730746374275,2024-48-409
16056,0.0,0.23445283594204208,2024-49-409
16057,0.5866598082672574,0.23510740364400498,2024-50-409
16058,0.0,0.36103771899468806,2024-51-409
16059,0.0,0.2341834655795577,2024-52-409
16312,1.231722545725201,0.519616414103952,2024-1-410
16313,1.1235759560870513,0.7941473695356894,2024-2-410
16314,1.1972502067429365,1.056797987185628,2024-3-410
16315,1.3069176805549727,1.1121328716553402,2024-4-410
16316,1.352836621662202,1.2168471902456046,2024-5-410
16317,1.5054813861122016,1.285486707104951,2024-6-410
16318,0.910546179621812,1.3014118430338686,2024-7-410
16319,0.8212401895333259,1.0482711828459754,2024-8-410
16320,0.6439512081175881,0.8044279480880735,2024-9-410
16321,2.280098706506237,0.6912169186270735,2024-10-410
16322,2.778186061890492,1.6286668302349536,2024-11-410
16323,2.298127314416804,2.456611212789498,2024-12-410
16324,1.5446885571674935,2.5274008931815124,2024-13-410
16325,0.8853203120481661,1.6319587795221624,2024-14-410
16326,2.0336778831176794,1.1952068455006892,2024-15-410
16327,1.2766744493718696,1.6248626258051113,2024-16-410
16328,0.5081697602969343,1.3386757049662286,2024-17-410
16329,1.4760767971669173,0.8911093756674141,2024-18-410
16330,0.5747520338197015,0.8733400897473977,2024-19-410
16331,0.5869683266130233,0.8557443359604118,2024-20-410
16332,1.0524042005544954,0.4649450744685359,2024-21-410
16333,0.2236119057078071,0.7661975424325785,2024-22-410
16334,0.2573016246619635,0.6675516856115737,2024-23-410
16335,0.5918482990386951,0.4425112850315736,2024-24-410
16336,0.1382034258642986,0.44507840591389836,2024-25-410
16337,0.14954161625,0.25852096664600316,2024-26-410
16338,0.3707094577816883,0.2264277733990877,2024-27-410
16339,0.4991684516141867,0.2915109904491983,2024-28-410
16340,0.2569201002152476,0.24175170265786172,2024-29-410
16341,0.1093442992099614,0.24422417955396747,2024-30-410
16342,0.3650182873015665,0.20920506679041057,2024-31-410
16343,0.2496618763698281,0.21089656017149586,2024-32-410
16344,0.4589638760903873,0.22121741172895237,2024-33-410
16345,0.4268460291725882,0.21039169741894603,2024-34-410
16346,0.3327790348252217,0.20194238224270983,2024-35-410
16347,0.2691686085883792,0.2193857405133751,2024-36-410
16348,0.3516725280969984,0.20228563653966183,2024-37-410
16349,0.5735620118232789,0.22121741172895237,2024-38-410
16350,0.2147489549956851,0.2850827387029434,2024-39-410
16351,0.2430334676884838,0.22811487812263578,2024-40-410
16352,0.1302265799851615,0.21823513650355483,2024-41-410
16353,0.1562330851234065,0.2840798945869186,2024-42-410
16354,0.1855641699086176,0.22545300488304462,2024-43-410
16355,0.4661860111483452,0.19383632136342563,2024-44-410
16356,1.2304258221785511,0.20194238224270983,2024-45-410
16357,0.870114606446549,0.5074998067141151,2024-46-410
16358,0.9325944157479996,0.8370256199367332,2024-47-410
16359,0.7077059179466334,0.5640357508696436,2024-48-410
16360,0.1693651627345214,0.681761310635412,2024-49-410
16361,1.1210366929312154,0.43045080118373663,2024-50-410
16362,1.3212204281679716,1.1928677486685026,2024-51-410
16363,1.259456843139165,1.1426150316049046,2024-52-410
16616,1.3636797296571854,0.5661551908699682,2024-1-501
16617,0.7879404647815751,0.7848999254232427,2024-2-501
16618,0.7997342247394587,0.8367514487411273,2024-3-501
16619,0.8149009622497969,0.5483988801749375,2024-4-501
16620,0.5649424573702437,0.6606331661572417,2024-5-501
16621,0.8125669887767221,0.47662297077212684,2024-6-501
16622,0.0,0.6530058611224707,2024-7-501
16623,0.9606472924145212,0.3466680873477321,2024-8-501
16624,0.3766826573717243,0.6539380769340981,2024-9-501
16625,0.0,0.45745076680577595,2024-10-501
16626,0.0,0.3443849525829046,2024-11-501
16627,0.0,0.2987759673005653,2024-12-501
16628,0.3616253018418799,0.23596664104583326,2024-13-501
16629,0.5182234236982646,0.21089656017149586,2024-14-501
16630,0.0,0.22780245717256753,2024-15-501
16631,0.0,0.21047827343519465,2024-16-501
16632,0.5951567865544248,0.20920506679041057,2024-17-501
16633,0.2881634292750536,0.33581514825627556,2024-18-501
16634,0.0,0.238179051399389,2024-19-501
16635,0.0,0.22268443800956964,2024-20-501
16636,0.3523475482631656,0.27521229267438124,2024-21-501
16637,0.0,0.22944838645797536,2024-22-501
16638,0.60317887919399,0.19383632136342563,2024-23-501
16639,0.1982322678891147,0.35221724285162664,2024-24-501
16640,0.0810175597753635,0.2189905979293951,2024-25-501
16641,0.0876760027409167,0.2434630774538002,2024-26-501
16642,0.1739014312038619,0.27521229267438124,2024-27-501
16643,0.1672820651568745,0.22545300488304462,2024-28-501
16644,0.180834126689968,0.19383632136342563,2024-29-501
16645,0.0641442807099878,0.19383632136342563,2024-30-501
16646,0.1835651878107651,0.2020289582589585,2024-31-501
16647,0.0585996973164478,0.19383632136342563,2024-32-501
16648,0.0,0.19383632136342563,2024-33-501
16649,0.0556753690831966,0.19383632136342563,2024-34-501
16650,0.0,0.19383632136342563,2024-35-501
16651,0.0,0.19383632136342563,2024-36-501
16652,0.0,0.19383632136342563,2024-37-501
16653,0.0,0.19383632136342563,2024-38-501
16654,0.2522713257659034,0.19383632136342563,2024-39-501
16655,0.1427688000787456,0.19383632136342563,2024-40-501
16656,0.5355811192631066,0.19383632136342563,2024-41-501
16657,0.642626981259915,0.2582725212732331,2024-42-501
16658,0.1090541809436267,0.40092344114123485,2024-43-501
16659,0.0,0.22616670646084716,2024-44-501
16660,0.2630216025476567,0.31101477935193617,2024-45-501
16661,0.0,0.30259338303990796,2024-46-501
16662,0.1566800812369824,0.21357741890512988,2024-47-501
16663,0.0,0.18687258673186702,2024-48-501
16664,0.5977018047590769,0.1954525233495913,2024-49-501
16665,0.0,0.34611612939525993,2024-50-501
16666,0.3109313996864659,0.21079796103386222,2024-51-501
16667,0.4940618618669576,0.22268443800956964,2024-52-501
16920,3.122626058354762,3.4209197190555782,2024-1-502
16921,2.1653680628858183,3.538313629592812,2024-2-502
16922,1.3737682925252417,2.6868175058953367,2024-3-502
16923,0.8399884943671366,1.9576284600960443,2024-4-502
16924,1.2424555915329727,1.1111344433097015,2024-5-502
16925,0.1861718524780523,0.9150773923616639,2024-6-502
16926,0.6275026057683726,0.822968965106787,2024-7-502
16927,0.8805977841204452,0.6163221112219248,2024-8-502
16928,0.2590000718523049,0.6935259375149407,2024-9-502
16929,0.917294483292309,0.3713513158750635,2024-10-502
16930,1.3759455673577303,0.6052713746378505,2024-11-502
16931,0.3700032024130211,0.8332315785182586,2024-12-502
16932,0.4975198191315868,0.7730769991718397,2024-13-502
16933,0.3565232945218051,0.4270996528246741,2024-14-502
16934,1.2287651086897784,0.37888317011524736,2024-15-502
16935,0.4115034818408937,0.6072042272111261,2024-16-502
16936,0.0,0.6878140530167246,2024-17-502
16937,0.0,0.366269625341079,2024-18-502
16938,0.3089911641385201,0.3594057751706434,2024-19-502
16939,0.0,0.2277740041503004,2024-20-502
16940,0.0,0.20669930485089374,2024-21-502
16941,0.541372241700651,0.19383632136342563,2024-22-502
16942,0.8307873894533677,0.2664651581687659,2024-23-502
16943,0.4095986443235934,0.4473351023271516,2024-24-502
16944,1.116146435055365,0.23918152573311618,2024-25-502
16945,0.3624041105800855,0.6254768017791865,2024-26-502
16946,0.5990769281035174,0.666807440661928,2024-27-502
16947,0.3458026883631359,0.48169189550985736,2024-28-502
16948,0.1661594858240607,0.35248436232106073,2024-29-502
16949,0.2652549306688073,0.26709590232274516,2024-30-502
16950,0.1687064108346619,0.3007218466586876,2024-31-502
16951,0.1615868915737758,0.22545300488304462,2024-32-502
16952,0.0,0.21089656017149586,2024-33-502
16953,0.0,0.19383632136342563,2024-34-502
16954,0.4618803363671398,0.2020289582589585,2024-35-502
16955,0.4359667995026608,0.20194238224270983,2024-36-502
16956,0.2441739450373473,0.20194238224270983,2024-37-502
16957,0.1549085526223491,0.206522757025907,2024-38-502
16958,0.8702136508552395,0.20228563653966183,2024-39-502
16959,0.0985075287983337,0.47094270388084014,2024-40-502
16960,0.3167835971341471,0.2453461148858321,2024-41-502
16961,0.2534271920555508,0.25648060212602186,2024-42-502
16962,0.3010805417222209,0.27521229267438124,2024-43-502
16963,0.6052657570215577,0.2277740041503004,2024-44-502
16964,0.0,0.34376792767539044,2024-45-502
16965,0.0,0.21306046805935858,2024-46-502
16966,0.8655183793219544,0.2381027134609006,2024-47-502
16967,0.0,0.5277046334124834,2024-48-502
16968,0.8256254370741867,0.25450918687777313,2024-49-502
16969,0.3036786977640745,0.5333388718551288,2024-50-502
16970,0.0,0.2928046546752962,2024-51-502
16971,0.6826902357704043,0.29338943436933823,2024-52-502
17224,0.3380657326497074,3.7589976722601404,2024-1-503
17225,0.2930026368765783,2.4721190127811665,2024-2-503
17226,0.2230402122389752,0.9472626332112539,2024-3-503
17227,0.3409036708763311,0.537094347103667,2024-4-503
17228,0.1260456583930558,0.38834557916442597,2024-5-503
17229,0.4532324141575679,0.2164892461012292,2024-6-503
17230,0.3394365952235474,0.22417702024421218,2024-7-503
17231,0.3572158314677515,0.20762164418869183,2024-8-503
17232,0.2101027440001157,0.2111532384521992,2024-9-503
17233,0.9920375457163172,0.20228563653966183,2024-10-503
17234,0.0,0.5069700745262616,2024-11-503
17235,0.6000861759663991,0.37291370909118304,2024-12-503
17236,0.4034013347570945,0.45324308488287046,2024-13-503
17237,0.2890438106043838,0.3072017157785172,2024-14-503
17238,0.0,0.2589032654272123,2024-15-503
17239,0.3335392621958232,0.28366160785061745,2024-16-503
17240,0.0,0.22545300488304462,2024-17-503
17241,0.3214459351008729,0.21089656017149586,2024-18-503
17242,0.2503607045596812,0.19383632136342563,2024-19-503
17243,0.5114308791921292,0.2020289582589585,2024-20-503
17244,0.3930381164371753,0.2108099841552472,2024-21-503
17245,0.2923288207181244,0.20194238224270983,2024-22-503
17246,0.6728306604764733,0.21375988377550892,2024-23-503
17247,0.663366245551446,0.40119387672228785,2024-24-503
17248,0.4518611939900408,0.4370872915820149,2024-25-503
17249,0.3911962965851095,0.2820457446972533,2024-26-503
17250,0.1939789153908365,0.3375924744252349,2024-27-503
17251,0.2798912879664866,0.3215946722124229,2024-28-503
17252,0.2689460937295,0.32095620580100764,2024-29-503
17253,0.2146459394951002,0.21165996147754051,2024-30-503
17254,0.1365022845887329,0.21089656017149586,2024-31-503
17255,0.3921794684303246,0.2020289582589585,2024-32-503
17256,0.6676446535954489,0.20194238224270983,2024-33-503
17257,0.1242012831288352,0.3927445615460517,2024-34-503
17258,0.1245125712758651,0.21924727621009843,2024-35-503
17259,0.2115236115521405,0.24811044223499512,2024-36-503
17260,0.1316168414609288,0.2840798945869186,2024-37-503
17261,0.2504713343568018,0.2277740041503004,2024-38-503
17262,0.0703441165038848,0.19383632136342563,2024-39-503
17263,0.4777182453764968,0.19383632136342563,2024-40-503
17264,0.1706757668252452,0.20540309725368008,2024-41-503
17265,0.4095745295811635,0.19383632136342563,2024-42-503
17266,0.4865323610571467,0.2146288179051912,2024-43-503
17267,0.4889838119139599,0.20194238224270983,2024-44-503
17268,0.8800692989574628,0.23777278778447275,2024-45-503
17269,0.950945573516914,0.46303627255862045,2024-46-503
17270,1.0484893316640256,0.5298044259506579,2024-47-503
17271,0.5570312842810599,0.9165247712608833,2024-48-503
17272,2.666479941855152,1.122336004378134,2024-49-503
17273,0.9806612385889596,1.5509784129374058,2024-50-503
17274,1.3871170992317632,1.107330241798669,2024-51-503
17275,2.2040795781183533,1.056020062776131,2024-52-503
17528,2.167890799426109,3.831349408026871,2024-1-504
17529,2.5053325982637444,3.428061207453514,2024-2-504
17530,1.9071984971236493,2.808558945041515,2024-3-504
17531,1.6195365619633806,2.2019749472512937,2024-4-504
17532,0.3592998791524965,1.6519625525265462,2024-5-504
17533,0.4306730839886371,1.0706091559806576,2024-6-504
17534,0.967666086620622,0.5419473911544572,2024-7-504
17535,1.018395294988417,0.7243250200705766,2024-8-504
17536,0.5990129765174255,0.7486712265033647,2024-9-504
17537,0.0,0.7475228022189039,2024-10-504
17538,0.0,0.4395664401643165,2024-11-504
17539,0.8555483301159431,0.3609862821178492,2024-12-504
17540,0.0,0.5829747276546976,2024-13-504
17541,0.0,0.24732340294646604,2024-14-504
17542,0.0,0.26467323902155465,2024-15-504
17543,0.9512244393648468,0.28340492956991414,2024-16-504
17544,0.0,0.499768397004301,2024-17-504
17545,0.0,0.3640461071786457,2024-18-504
17546,0.0,0.30225463290049687,2024-19-504
17547,0.0,0.2903266521243292,2024-20-504
17548,0.0,0.2277740041503004,2024-21-504
17549,0.0,0.19383632136342563,2024-22-504
17550,0.3199055100369069,0.19383632136342563,2024-23-504
17551,0.3154191253903043,0.2020289582589585,2024-24-504
17552,0.0,0.19383632136342563,2024-25-504
17553,0.0,0.19383632136342563,2024-26-504
17554,0.0,0.19383632136342563,2024-27-504
17555,0.5324255798025463,0.19839113834852398,2024-28-504
17556,0.0,0.26745871906987057,2024-29-504
17557,0.0,0.206646581770148,2024-30-504
17558,0.1947721699323017,0.20920506679041057,2024-31-504
17559,0.5596165512522706,0.2567406584803667,2024-32-504
17560,0.0,0.2993745866715762,2024-33-504
17561,0.1772430386979431,0.21079796103386222,2024-34-504
17562,0.1776949145691617,0.2137620712489868,2024-35-504
17563,0.0,0.27492963818680555,2024-36-504
17564,0.1878497517048586,0.22545300488304462,2024-37-504
17565,0.0,0.19383632136342563,2024-38-504
17566,0.200814131251385,0.19383632136342563,2024-39-504
17567,0.0,0.2020289582589585,2024-40-504
17568,0.2436383581429598,0.19383632136342563,2024-41-504
17569,0.0,0.19383632136342563,2024-42-504
17570,0.0,0.19383632136342563,2024-43-504
17571,0.0,0.19383632136342563,2024-44-504
17572,0.8376718824155572,0.19383632136342563,2024-45-504
17573,0.5431034876762237,0.42997002493533093,2024-46-504
17574,0.0,0.2732280959059368,2024-47-504
17575,0.5302644006020362,0.26183756234665695,2024-48-504
17576,0.6346142298745898,0.3550172380111736,2024-49-504
17577,0.0,0.5080517225835295,2024-50-504
17578,0.0,0.2535477968263739,2024-51-504
17579,0.0,0.31101477935193617,2024-52-504
17832,0.3733774185155677,0.5634589833282587,2024-1-505
17833,0.7191057439669121,0.39690760058616975,2024-2-505
17834,0.8210743961432607,0.4462901176337101,2024-3-505
17835,0.6692934945749915,0.46476478634151497,2024-4-505
17836,0.3711854469838201,0.4826609458960543,2024-5-505
17837,0.8897738196504217,0.3803557112854105,2024-6-505
17838,0.7496468542323962,0.6461949245628804,2024-7-505
17839,0.7888885299366486,0.5845143755620142,2024-8-505
17840,0.3093230603253212,0.543906726858114,2024-9-505
17841,1.4604798809525097,0.3742094093612865,2024-10-505
17842,1.6428010948896894,1.5310373156587382,2024-11-505
17843,1.7667898560980069,1.2091739313912202,2024-12-505
17844,1.1876692713831154,1.2793388116179913,2024-13-505
17845,1.2764389348884932,1.830885107841537,2024-14-505
17846,1.954943661343897,1.6189801650007036,2024-15-505
17847,0.9818969998674708,2.0114857511204067,2024-16-505
17848,0.0,1.6418905194645421,2024-17-505
17849,0.473119443383793,1.99038311069408,2024-18-505
17850,0.0,0.4957721516686877,2024-19-505
17851,0.0,0.3382723480310391,2024-20-505
17852,0.8676601667983009,0.24865307670831455,2024-21-505
17853,0.0,0.45294542007482486,2024-22-505
17854,0.4950778034813248,0.27764492616408765,2024-23-505
17855,0.162699709914337,0.2727792999008389,2024-24-505
17856,0.0,0.27521229267438124,2024-25-505
17857,0.2878215992790996,0.24314274957728532,2024-26-505
17858,0.4281447500093451,0.19383632136342563,2024-27-505
17859,0.5491097500298795,0.22932347260823657,2024-28-505
17860,0.0989287438129895,0.27163996343697017,2024-29-505
17861,0.1052700625549852,0.2150958969463842,2024-30-505
17862,0.1004152335622525,0.21320044836534133,2024-31-505
17863,0.288489999189219,0.2798018585244122,2024-32-505
17864,0.0,0.22545300488304462,2024-33-505
17865,0.0,0.19383632136342563,2024-34-505
17866,0.0,0.19383632136342563,2024-35-505
17867,0.1037190360191296,0.2020289582589585,2024-36-505
17868,0.0968029517758354,0.19383632136342563,2024-37-505
17869,0.1842134897010466,0.19383632136342563,2024-38-505
17870,0.103468331615054,0.19383632136342563,2024-39-505
17871,0.1171079887180864,0.19383632136342563,2024-40-505
17872,0.3765436685179888,0.19383632136342563,2024-41-505
17873,0.3011906342183796,0.20194238224270983,2024-42-505
17874,0.1788860829692139,0.19383632136342563,2024-43-505
17875,0.1797817513413739,0.20228563653966183,2024-44-505
17876,0.0,0.19383632136342563,2024-45-505
17877,0.2796851431505852,0.200411613316361,2024-46-505
17878,0.0,0.18454231834394275,2024-47-505
17879,0.0,0.18687258673186702,2024-48-505
17880,0.0,0.19383632136342563,2024-49-505
17881,1.8024286720252751,0.19383632136342563,2024-50-505
17882,0.0,0.5046791689975457,2024-51-505
17883,2.430470187659522,0.7180565071392523,2024-52-505
18136,4.500000207702543,0.8680736761642938,2024-1-506
18137,3.683905956495645,2.4574515521006113,2024-2-506
18138,2.474638154677539,3.5854514969937923,2024-3-506
18139,2.5218434821446065,3.3860995748959466,2024-4-506
18140,2.797594434142266,2.910788187842536,2024-5-506
18141,1.0060671493555,2.8829804538653088,2024-6-506
18142,3.014211941556701,1.6305999840904262,2024-7-506
18143,1.189669147829667,2.402989883908082,2024-8-506
18144,0.0,1.4597688109792357,2024-9-506
18145,0.0,1.617179293031089,2024-10-506
18146,0.0,0.5486021379141586,2024-11-506
18147,1.9994262893682024,0.4018227231146005,2024-12-506
18148,0.0,1.2292339773912286,2024-13-506
18149,0.0,0.7794953430496888,2024-14-506
18150,1.4755358374863974,0.3798121222116601,2024-15-506
18151,0.0,0.7367030807542438,2024-16-506
18152,0.0,0.7478677994564444,2024-17-506
18153,0.0,0.3306958980800193,2024-18-506
18154,0.556556855867837,0.3365450562699637,2024-19-506
18155,2.27409827185448,0.3197165019181904,2024-20-506
18156,2.184821006582191,1.3434764572376345,2024-21-506
18157,2.275253259001087,2.110330625243475,2024-22-506
18158,2.493982807221808,2.1917546032272774,2024-23-506
18159,0.7377532901612978,2.33100525011022,2024-24-506
18160,0.8041399660656597,1.3031811511875386,2024-25-506
18161,0.217580602612621,0.8191400559740054,2024-26-506
18162,0.215804510144085,0.4791476716581419,2024-27-506
18163,0.4152261010369157,0.388773418800129,2024-28-506
18164,1.3467432415347376,0.3310413591658063,2024-29-506
18165,0.6370139833060541,0.5976580322596587,2024-30-506
18166,0.75965774640862,0.7696832464389455,2024-31-506
18167,0.1455198101338932,0.5370201789343804,2024-32-506
18168,0.5946266115489477,0.40725657217181543,2024-33-506
18169,0.968018247105807,0.491415905285832,2024-34-506
18170,1.1092081102581397,0.6109147436206599,2024-35-506
18171,0.7852317590020571,0.7504115742766545,2024-36-506
18172,0.7329799947266352,0.8903758329197663,2024-37-506
18173,1.5345524980389074,0.6504557308489468,2024-38-506
18174,0.4702084443868493,0.7956810205158736,2024-39-506
18175,0.8871198960499337,0.7748701410351754,2024-40-506
18176,1.1411301648194263,0.6876091511250175,2024-41-506
18177,1.3693566767915095,0.8373827825614053,2024-42-506
18178,0.8134215583029741,1.1919903109252785,2024-43-506
18179,0.8176147388252288,0.9432465690439439,2024-44-506
18180,0.6540920197280929,0.741071008205246,2024-45-506
18181,1.272331846724506,0.6413217218677473,2024-46-506
18182,1.5588936182297284,0.7538497288896753,2024-47-506
18183,2.4848691552019573,1.245724157093869,2024-48-506
18184,2.9740788090289243,1.9965680962566847,2024-49-506
18185,1.640871640120663,2.851515415822756,2024-50-506
18186,0.0,1.7024247870707567,2024-51-506
18187,0.0,1.573339023524999,2024-52-506
18440,11.541771514071277,12.66905119984864,2024-1-507
18441,8.425392464290546,11.777447207723439,2024-2-507
18442,5.612944155035461,7.892505771696279,2024-3-507
18443,11.849466541983526,6.461297681577496,2024-4-507
18444,12.23947751555576,9.706828372939176,2024-5-507
18445,8.151602887301848,11.120720103244466,2024-6-507
18446,6.7166729744589375,7.345455629030363,2024-7-507
18447,5.141671469655146,6.381396160187044,2024-8-507
18448,2.2685448767645107,5.938750890696501,2024-9-507
18449,2.6783326102434555,4.1880376921837055,2024-10-507
18450,2.008891461977238,3.9163151261435725,2024-11-507
18451,2.16097716259888,2.498988505480682,2024-12-507
18452,0.0,2.625779927594107,2024-13-507
18453,2.0825314071386134,1.3163400139109007,2024-14-507
18454,0.0,1.8151941967730978,2024-15-507
18455,0.0,1.0678304078453313,2024-16-507
18456,0.0,0.4300874392209809,2024-17-507
18457,0.0,0.3628383065329044,2024-18-507
18458,0.0,0.24997465416566844,2024-19-507
18459,1.8444561726820328,0.20762164418869183,2024-20-507
18460,0.0,0.9014834845764426,2024-21-507
18461,0.0,0.7236491930689856,2024-22-507
18462,0.0,0.3306958980800193,2024-23-507
18463,0.3990298929942359,0.3365450562699637,2024-24-507
18464,0.3262261582698146,0.2358800650295846,2024-25-507
18465,0.3531009539602271,0.19383632136342563,2024-26-507
18466,0.0,0.20228563653966183,2024-27-507
18467,0.3369722768201231,0.20762164418869183,2024-28-507
18468,0.9715657732108114,0.2111532384521992,2024-29-507
18469,0.0,0.4591235357971049,2024-30-507
18470,0.2466486087058837,0.3813630242674192,2024-31-507
18471,0.0,0.30225463290049687,2024-32-507
18472,0.0,0.2910016171413337,2024-33-507
18473,0.2245470495128496,0.2277740041503004,2024-34-507
18474,0.2251517217987494,0.19383632136342563,2024-35-507
18475,0.2550412600072707,0.19383632136342563,2024-36-507
18476,0.2380866676525484,0.2020289582589585,2024-37-507
18477,0.0,0.19383632136342563,2024-38-507
18478,0.7637726524366173,0.19383632136342563,2024-39-507
18479,1.1528593884473988,0.40828708066692676,2024-40-507
18480,0.6179428556456218,0.5286441028162833,2024-41-507
18481,0.3707917513871575,0.7739566480816183,2024-42-507
18482,2.202721047415735,0.4330604444556684,2024-43-507
18483,1.771384582852359,1.3817232272291562,2024-44-507
18484,2.1258107215365256,1.2986818786008083,2024-45-507
18485,1.3784633266930058,1.8489183950337864,2024-46-507
18486,0.6333924646707123,1.431250111236278,2024-47-507
18487,1.346260172713128,1.019790861220132,2024-48-507
18488,1.6114181997027426,1.4057974716195603,2024-49-507
18489,0.8891206888093137,1.3176247466318565,2024-50-507
18490,1.2578687145436451,0.988883869551321,2024-51-507
18491,1.9990788537424184,0.8528101631153342,2024-52-507
18744,0.4912841694589628,0.5603911834867812,2024-1-508
18745,1.7034951560073426,0.41224673666853384,2024-2-508
18746,0.6484855326812052,0.7410133213931819,2024-3-508
18747,0.9913488851617794,0.8239734207061643,2024-4-508
18748,0.0,0.5706201141704095,2024-5-508
18749,0.0,0.5667489588489263,2024-6-508
18750,0.0,0.41294110901653724,2024-7-508
18751,0.5197640419549447,0.30901877686385265,2024-8-508
18752,0.0,0.26324501103485326,2024-9-508
18753,0.7219861461393167,0.20840186182455947,2024-10-508
18754,0.8122859570408913,0.41749711353254787,2024-11-508
18755,0.0,0.46408450926974376,2024-12-508
18756,0.0,0.2982626047228538,2024-13-508
18757,0.0,0.3303870876048613,2024-14-508
18758,0.0,0.30914997546125594,2024-15-508
18759,0.0,0.23176938572523112,2024-16-508
18760,0.0,0.19383632136342563,2024-17-508
18761,0.0,0.19770719687439275,2024-18-508
18762,0.0,0.2020289582589585,2024-19-508
18763,0.0,0.19383632136342563,2024-20-508
18764,0.0,0.19383632136342563,2024-21-508
18765,0.0,0.19383632136342563,2024-22-508
18766,0.0,0.19154401140382366,2024-23-508
18767,0.6453228945122826,0.18423050656082907,2024-24-508
18768,0.2637893690534407,0.3740057820096018,2024-25-508
18769,0.0,0.19474798051315076,2024-26-508
18770,0.0,0.23893736876431373,2024-27-508
18771,0.0,0.2633972039090725,2024-28-508
18772,0.1963991415682151,0.2113456061581339,2024-29-508
18773,0.2090325852622037,0.17972892263851484,2024-30-508
18774,0.5983040770711613,0.17972892263851484,2024-31-508
18775,0.1910304419827872,0.32737734985880995,2024-32-508
18776,0.5854823160525223,0.19906974189771656,2024-33-508
18777,1.2709235687500997,0.2972865337938072,2024-34-508
18778,0.1820483084168565,0.6240358707407784,2024-35-508
18779,0.8248579165697065,0.6831506533935768,2024-36-508
18780,0.1925046045103501,0.6181290790274288,2024-37-508
18781,0.7328173764926383,0.36988087532543834,2024-38-508
18782,1.852618833475372,0.48327288547742886,2024-39-508
18783,1.1651568834930857,1.0145917281019812,2024-40-508
18784,2.2483101267784487,1.105010268246266,2024-41-508
18785,0.8993816910918209,1.5828653103071817,2024-42-508
18786,1.7809411182313997,1.1546276545848948,2024-43-508
18787,1.0741415581029905,0.9721782837978928,2024-44-508
18788,1.718736600025497,1.1450107840519086,2024-45-508
18789,2.228985692796928,1.248888573753402,2024-46-508
18790,1.5362912347101765,1.9522331897294822,2024-47-508
18791,1.6326646876033624,1.4982063954799605,2024-48-508
18792,0.6514068909426984,1.3959396636834898,2024-49-508
18793,1.437679660657609,1.0743664267554522,2024-50-508
18794,0.0,0.8554574463683252,2024-51-508
18795,1.616203405514009,0.8500131879696666,2024-52-508
19048,3.184920292655188,2.9201929954312407,2024-1-509
19049,1.2271147729588818,3.499069472878637,2024-2-509
19050,2.1022195927482734,2.2622624968972356,2024-3-509
19051,2.8567535739725263,2.065535467115243,2024-4-509
19052,0.7923716869009653,2.6941125750067307,2024-5-509
19053,0.94994713294059,1.3446721409127844,2024-6-509
19054,0.0,0.8486410522928598,2024-7-509
19055,1.123563725060407,0.6691794397399211,2024-8-509
19056,0.0,0.768591322046825,2024-9-509
19057,0.0,0.6827860970304651,2024-10-509
19058,0.0,0.36345631298787384,2024-11-509
19059,0.0,0.334809438133388,2024-12-509
19060,0.0,0.23596664104583326,2024-13-509
19061,0.0,0.2020289582589585,2024-14-509
19062,0.0,0.19383632136342563,2024-15-509
19063,0.0,0.2020289582589585,2024-16-509
19064,0.0,0.19383632136342563,2024-17-509
19065,0.0,0.19383632136342563,2024-18-509
19066,0.0,0.19383632136342563,2024-19-509
19067,0.0,0.19383632136342563,2024-20-509
19068,1.2398863859260345,0.19383632136342563,2024-21-509
19069,0.0,0.4908978437773272,2024-22-509
19070,0.0,0.6740220443478389,2024-23-509
19071,0.6980302680299768,0.3306958980800193,2024-24-509
19072,0.0,0.5194957337133561,2024-25-509
19073,0.0,0.24238290152493946,2024-26-509
19074,0.0,0.2465876251385635,2024-27-509
19075,0.5895718364310218,0.2682485580428226,2024-28-509
19076,0.0,0.3338353302174123,2024-29-509
19077,0.4523451173739575,0.21079796103386222,2024-30-509
19078,3.021178316164748,0.22396201779407396,2024-31-509
19079,0.4134299051050854,1.587482239341813,2024-32-509
19080,0.0,0.7917616149117691,2024-33-509
19081,0.0,0.4520772383887752,2024-34-509
19082,0.0,0.420342157256493,2024-35-509
19083,0.0,0.2570309014071266,2024-36-509
19084,0.4167243724995007,0.202703923275963,2024-37-509
19085,0.0,0.19721046035814724,2024-38-509
19086,0.0,0.20532933422908983,2024-39-509
19087,0.0,0.19075982077318293,2024-40-509
19088,0.0,0.18458027677226496,2024-41-509
19089,0.0,0.1911781075094841,2024-42-509
19090,0.0,0.18687258673186702,2024-43-509
19091,0.0,0.18910439947886307,2024-44-509
19092,0.0,0.186812089519261,2024-45-509
19093,1.206841647903305,0.18196073538551083,2024-46-509
19094,0.0,0.4816417991861666,2024-47-509
19095,1.178751128733303,0.7709902289477456,2024-48-509
19096,0.0,1.154923288460359,2024-49-509
19097,0.0,0.7421887294891039,2024-50-509
19098,0.0,0.35963915828900384,2024-51-509
19099,7.002597080051613,0.32599213088273205,2024-52-509
19352,4.853603400018031,14.018553423013692,2024-1-510
19353,3.314316964683332,6.765872909938653,2024-2-510
19354,2.6199684726168946,5.421870098188588,2024-3-510
19355,1.1865082562864404,3.7819014090371543,2024-4-510
19356,2.961220308546713,3.5888877890711752,2024-5-510
19357,1.971832401455755,3.1168286535205825,2024-6-510
19358,1.329077105789354,2.280004596228439,2024-7-510
19359,0.9324615271810258,1.8345026531363515,2024-8-510
19360,0.548443529242958,1.1188163324395268,2024-9-510
19361,0.0,0.7080200247473534,2024-10-510
19362,0.7282336628035716,0.4860249438225366,2024-11-510
19363,1.566439839442343,0.5564614302742021,2024-12-510
19364,1.0530218851222009,0.7275424890976077,2024-13-510
19365,1.509015514091568,1.016886609618144,2024-14-510
19366,0.866706827247928,1.1415731781748537,2024-15-510
19367,1.74131335760982,1.038164929540146,2024-16-510
19368,0.0,0.8352106675115811,2024-17-510
19369,0.0,0.8648727122316765,2024-18-510
19370,0.0,0.4542021890733824,2024-19-510
19371,0.0,0.3842680618821046,2024-20-510
19372,0.5129847910214825,0.23596664104583326,2024-21-510
19373,0.7630823673814091,0.22392868163668986,2024-22-510
19374,1.1708850668859858,0.4106843538399832,2024-23-510
19375,0.5772073274911684,0.540587570940807,2024-24-510
19376,0.7077110649347385,0.7358135316207876,2024-25-510
19377,0.2552903518715584,0.6232699670306431,2024-26-510
19378,0.5063551684829046,0.3936279880887012,2024-27-510
19379,0.0,0.3746788296640451,2024-28-510
19380,0.0,0.3108243577689309,2024-29-510
19381,0.0,0.2513353864728181,2024-30-510
19382,0.1781619217566354,0.2020289582589585,2024-31-510
19383,0.1706238067249055,0.22941004862448522,2024-32-510
19384,0.174281969401745,0.2020289582589585,2024-33-510
19385,0.4863237551160601,0.19383632136342563,2024-34-510
19386,0.4875438261910571,0.2059377638176406,2024-35-510
19387,0.5521653011594709,0.20194238224270983,2024-36-510
19388,1.2025158924474777,0.28273086092149524,2024-37-510
19389,0.1634595922049885,0.5482510358702892,2024-38-510
19390,0.183628974574577,0.6904963627812282,2024-39-510
19391,0.4156856759886274,0.43517492369399513,2024-40-510
19392,0.8910814437586441,0.36802627965550677,2024-41-510
19393,1.0691768278217442,0.49557114168369887,2024-42-510
19394,0.3175187616961498,0.57890601781171,2024-43-510
19395,0.3191193922553628,0.6780577583351787,2024-44-510
19396,0.3829000122256433,0.42668392597890714,2024-45-510
19397,0.0,0.3311189124382254,2024-46-510
19398,1.824713238226816,0.2184800011308175,2024-47-510
19399,0.0,0.5235286503892942,2024-48-510
19400,1.7402125661913854,0.7249409565272422,2024-49-510
19401,0.0,0.5911585284051848,2024-50-510
19402,0.0,0.8240030038199351,2024-51-510
19403,0.0,0.3646335808668941,2024-52-510
19656,0.0,0.6832592360316263,2024-1-511
19657,0.0,0.3580769884455461,2024-2-511
19658,0.0,0.33649617215213645,2024-3-511
19659,0.0,0.2277740041503004,2024-4-511
19660,0.0,0.1978317029383564,2024-5-511
19661,0.0,0.19383632136342563,2024-6-511
19662,0.0,0.20762164418869183,2024-7-511
19663,0.0,0.19383632136342563,2024-8-511
19664,0.0,0.19383632136342563,2024-9-511
19665,0.0,0.19383632136342563,2024-10-511
19666,0.0,0.19383632136342563,2024-11-511
19667,0.0,0.19383632136342563,2024-12-511
19668,0.0,0.19383632136342563,2024-13-511
19669,0.0,0.19383632136342563,2024-14-511
19670,3.3584700402621017,0.19383632136342563,2024-15-511
19671,0.0,1.5892115605680903,2024-16-511
19672,0.0,0.7923667558470479,2024-17-511
19673,3.2531023804528965,0.47557830268120177,2024-18-511
19674,0.0,1.6101737151781892,2024-19-511
19675,0.0,0.8526333607497588,2024-20-511
19676,1.9898246855695207,0.46475751062417237,2024-21-511
19677,0.0,1.1506570704224877,2024-22-511
19678,0.0,0.845354633882133,2024-23-511
19679,0.0,0.3716194853161273,2024-24-511
19680,0.0,0.3490529837076382,2024-25-511
19681,0.0,0.25844322876257203,2024-26-511
19682,0.0,0.19383632136342563,2024-27-511
19683,0.0,0.18910439947886307,2024-28-511
19684,0.6817102053963445,0.20762164418869183,2024-29-511
19685,0.0,0.44158852880080635,2024-30-511
19686,0.0,0.21079796103386222,2024-31-511
19687,0.0,0.24811044223499512,2024-32-511
19688,0.0,0.27521229267438124,2024-33-511
19689,0.0,0.2277740041503004,2024-34-511
19690,0.6318476327727266,0.19383632136342563,2024-35-511
19691,0.0,0.3851211602698404,2024-36-511
19692,0.0,0.2189905979293951,2024-37-511
19693,0.0,0.24811044223499512,2024-38-511
19694,0.0,0.27521229267438124,2024-39-511
19695,0.0,0.2231606949234426,2024-40-511
19696,0.0,0.18910439947886307,2024-41-511
19697,0.0,0.18910439947886307,2024-42-511
19698,1.2361162194224955,0.19729703637439588,2024-43-511
19699,0.0,0.4908978437773272,2024-44-511
19700,0.0,0.6740220443478389,2024-45-511
19701,0.0,0.32840358812041726,2024-46-511
19702,1.7770885747421017,0.3631589113901632,2024-47-511
19703,1.888542575160285,0.5787820240666681,2024-48-511
19704,0.0,1.626154722643077,2024-49-511
19705,0.0,0.8767404781552378,2024-50-511
19706,0.0,0.48002226886637445,2024-51-511
19707,0.0,0.3806792621206413,2024-52-511
19960,1.4511354354630832,4.9081670606063925,2024-1-601
19961,1.2824433102004735,2.700566850953532,2024-2-601
19962,2.1966406162899825,2.0221460544363583,2024-3-601
19963,2.066240244688735,2.0660966722721414,2024-4-601
19964,2.6740635701187765,2.294735125221354,2024-5-601
19965,3.73952961281258,2.62187932847271,2024-6-601
19966,2.057726881106091,3.260200211253171,2024-7-601
19967,2.436345702316513,2.7325372076974905,2024-8-601
19968,1.8046031199413768,2.6997572353503134,2024-9-601
19969,1.5037547925630452,1.6007735752040453,2024-10-601
19970,1.4096940731422742,1.5648886907889312,2024-11-601
19971,1.3646050393352651,2.4594787359437054,2024-12-601
19972,2.85412357745424,2.112652964393432,2024-13-601
19973,0.8764938896757065,2.2326872588749342,2024-14-601
19974,1.0068945363492394,1.2651719858035824,2024-15-601
19975,0.5057725785995886,1.4937769436985966,2024-16-601
19976,0.8389883942817736,0.6904784218863276,2024-17-601
19977,0.4874940350574043,0.6881215981116457,2024-18-601
19978,0.8859940983206218,0.3709241891481212,2024-19-601
19979,0.3878567285124732,0.5722520298571377,2024-20-601
19980,0.794903256602443,0.40763226014248793,2024-21-601
19981,0.2956294705731302,0.5538029849685352,2024-22-601
19982,0.7938804818642038,0.343749419667007,2024-23-601
19983,0.670938001239409,0.5481503437802265,2024-24-601
19984,0.9597979356193092,0.510001016102181,2024-25-601
19985,1.0882015484573515,0.5784113590134445,2024-26-601
19986,0.6867994441484834,0.8083823037575723,2024-27-601
19987,0.3775382206161416,0.8583343859495756,2024-28-601
19988,0.5441936599572454,0.4727425819179379,2024-29-601
19989,0.506737597775611,0.44565974325913355,2024-30-601
19990,0.5869997696218691,0.3467082488190315,2024-31-601
19991,0.2976326718666757,0.35975854800447743,2024-32-601
19992,0.5404994354580155,0.3203248805173665,2024-33-601
19993,0.6598886438591446,0.31852314495979284,2024-34-601
19994,0.4410541285126771,0.5237324029609778,2024-35-601
19995,0.392496963235219,0.26588945085975035,2024-36-601
19996,0.066610522447136,0.32731347712675324,2024-37-601
19997,0.4753855989960244,0.3150380797910748,2024-38-601
19998,0.2492343415926143,0.25252201710135364,2024-39-601
19999,0.3627191463544546,0.20725067988946616,2024-40-601
20000,0.4751899704520365,0.2235829958339772,2024-41-601
20001,0.259179697358976,0.20775583954947763,2024-42-601
20002,1.0468488682218449,0.22493480502062593,2024-43-601
20003,0.5570390193791513,0.5085348459628344,2024-44-601
20004,0.2970704897694025,0.6487537120161181,2024-45-601
20005,0.7704328947514221,0.3592972878968003,2024-46-601
20006,0.530943676975136,0.5352891079038934,2024-47-601
20007,0.4701517187962013,0.3934571758877198,2024-48-601
20008,0.3376084176023559,0.29926799678595817,2024-49-601
20009,1.3658778924833943,0.2882018585126011,2024-50-601
20010,1.053876651231751,0.6880750950414743,2024-51-601
20011,3.0702276572609746,0.9938564859027101,2024-52-601
20264,3.480104818150677,2.270517687952706,2024-1-602
20265,2.8152173651445214,3.2548261615482286,2024-2-602
20266,3.2146025254194703,3.1564515443050003,2024-3-602
20267,6.317317475176035,3.171339244609228,2024-4-602
20268,4.412124580260101,3.596214659074022,2024-5-602
20269,4.355230355391104,4.071360188923904,2024-6-602
20270,4.193780814376253,4.457454635409926,2024-7-602
20271,4.045774067273123,4.392941770372071,2024-8-602
20272,6.057318593322703,4.435365743149102,2024-9-602
20273,2.553707731675506,4.7748855253307,2024-10-602
20274,1.7236034406733685,3.7422798375331605,2024-11-602
20275,3.089665829221804,2.281004026687197,2024-12-602
20276,0.8308212708594768,2.6981148514559226,2024-13-602
20277,2.381257349766756,1.4047952202683862,2024-14-602
20278,0.6838601055162706,1.893174066564029,2024-15-602
20279,0.6869963035185219,1.2584831096674363,2024-16-602
20280,0.6837418611447862,0.6908981989011121,2024-17-602
20281,0.6621252083902313,0.6877538212847419,2024-18-602
20282,1.0314322617516485,0.6034585826734084,2024-19-602
20283,0.0,0.7647508703959136,2024-20-602
20284,0.0,0.6862427092249554,2024-21-602
20285,0.9033260035133291,0.44483228429882926,2024-22-602
20286,0.4620388383495611,0.6280806899846257,2024-23-602
20287,1.1388812107883244,0.35818352052063185,2024-24-602
20288,0.9309442756120924,0.5598521842665319,2024-25-602
20289,2.014956681646073,0.8849354256348018,2024-26-602
20290,1.598670763551019,1.3312451609265055,2024-27-602
20291,1.9223221900663487,1.3798560229019055,2024-28-602
20292,1.801026853807269,1.6461949863359624,2024-29-602
20293,1.0320115952563385,1.433750790911528,2024-30-602
20294,1.2657591355032474,1.237923561260411,2024-31-602
20295,3.097944213085388,1.2739925102825815,2024-32-602
20296,1.2382648649515555,2.2166380146789795,2024-33-602
20297,1.663713767868389,1.3068126308050798,2024-34-602
20298,1.0264217946933496,1.6698973709509397,2024-35-602
20299,0.7265638235327246,1.2099040725383545,2024-36-602
20300,0.4068950258420291,0.9517803950661592,2024-37-602
20301,1.2905985711420664,0.5123997890751206,2024-38-602
20302,1.8848541611513967,0.7672905288376414,2024-39-602
20303,0.9846727587534247,1.613848984691919,2024-40-602
20304,1.0554233070462995,1.0527183257045072,2024-41-602
20305,0.6332004728613553,0.8693301572835951,2024-42-602
20306,0.7522002597541736,0.9078279456307606,2024-43-602
20307,0.0,0.6743994134955684,2024-44-602
20308,0.0,0.38793818088815535,2024-45-602
20309,1.176271936193274,0.38035809161002715,2024-46-602
20310,0.7205382182586005,0.6932583797211177,2024-47-602
20311,1.9140621150426336,0.8447773138729392,2024-48-602
20312,1.374419935932793,0.9494679256839014,2024-49-602
20313,3.0329468870648912,1.268278562506366,2024-50-602
20314,2.86009906606174,2.0270134203632906,2024-51-602
20315,2.2723678441276727,2.819851367333842,2024-52-602
20568,2.3464994494837703,0.4942295237566985,2024-1-603
20569,2.1952921432706285,1.6175338389806715,2024-2-603
20570,1.9170028905449457,2.230091201044976,2024-3-603
20571,3.456189941918264,1.9335477875723959,2024-4-603
20572,6.000988909046448,2.2367062876458883,2024-5-603
20573,6.793665093167067,3.6614654740227057,2024-6-603
20574,9.203883179080488,4.379544779909216,2024-7-603
20575,4.016439695506461,7.614517461904952,2024-8-603
20576,8.894189329927203,5.747156956254728,2024-9-603
20577,6.234181102504503,7.826937671541288,2024-10-603
20578,8.120523236572298,5.6672324788746575,2024-11-603
20579,7.94030779482072,6.058001208273776,2024-12-603
20580,4.80437111704626,6.436093927373562,2024-13-603
20581,9.180463377663065,6.032446010041267,2024-14-603
20582,6.591528393314565,8.035752902350755,2024-15-603
20583,6.622070987986931,6.093371724665519,2024-16-603
20584,9.227418196870026,6.032444758218478,2024-17-603
20585,10.2127020816279,8.34326781190524,2024-18-603
20586,12.263721830559904,9.2259885722265,2024-19-603
20587,14.896935447223262,10.075080535490912,2024-20-603
20588,11.1890530515764,12.161109405634567,2024-21-603
20589,11.419490728328364,11.2527500575872,2024-22-603
20590,8.910287756955405,10.961397281715138,2024-23-603
20591,8.346334550828232,9.341624597613396,2024-24-603
20592,9.336439863950512,7.415753861485029,2024-25-603
20593,7.124951743656211,8.947396978538514,2024-26-603
20594,5.781691363988136,6.360901475812202,2024-27-603
20595,5.932811864379099,6.213452454663611,2024-28-603
20596,4.275934480120145,5.169484570458654,2024-29-603
20597,2.65446704993291,4.791927646721402,2024-30-603
20598,2.170562867095964,3.7430665824232148,2024-31-603
20599,2.0788796786616226,3.37990811490252,2024-32-603
20600,0.7963531247495975,2.702846081150368,2024-33-603
20601,1.1523255956218,1.4038980506621614,2024-34-603
20602,0.9077374389018676,0.9503580357620395,2024-35-603
20603,0.9346633509943444,1.031921616048586,2024-36-603
20604,0.6979467969193779,0.7929518348288456,2024-37-603
20605,0.3320795466811491,0.7211672491189686,2024-38-603
20606,0.8394360388249091,0.4455651606336845,2024-39-603
20607,0.4223097447315576,0.6654716286304159,2024-40-603
20608,0.3395055319757623,0.33810670998275855,2024-41-603
20609,0.271593809660892,0.28871794482097113,2024-42-603
20610,0.4839751838500984,0.2911765290686971,2024-43-603
20611,0.3243005974902484,0.245497785257189,2024-44-603
20612,0.1945727585843529,0.19902097419358106,2024-45-603
20613,0.0,0.2063180122738347,2024-46-603
20614,0.2318437815080313,0.18792155953404774,2024-47-603
20615,0.7390867064453521,0.2071100130040416,2024-48-603
20616,0.0,0.39120058230028043,2024-49-603
20617,0.9760280016212274,0.19906974189771656,2024-50-603
20618,0.0,0.4940105399336962,2024-51-603
20619,1.4626668973607009,0.41867186418273517,2024-52-603
20872,1.2292233287516312,7.04673149320133,2024-1-604
20873,1.89424043046966,2.590138465951712,2024-2-604
20874,2.163188879315813,2.8764690158102812,2024-3-604
20875,2.204489895780352,2.4451918899239162,2024-4-604
20876,0.6113951558721441,2.395524069570672,2024-5-604
20877,2.1987277148927653,1.3882291798206117,2024-6-604
20878,2.470340273996309,1.9688760675758537,2024-7-604
20879,1.7333804979396534,2.5221792112690085,2024-8-604
20880,1.0196503327246151,1.4399205638994357,2024-9-604
20881,1.2037712699064302,1.3546388736941217,2024-10-604
20882,2.7085245110019107,1.2259123955643774,2024-11-604
20883,5.826826019364723,1.9848743910220505,2024-12-604
20884,7.835054417292298,3.3866488335397134,2024-13-604
20885,2.807337383380199,4.44534406916905,2024-14-604
20886,1.612610115345434,4.730235145248941,2024-15-604
20887,4.860507221788148,2.3209709829035488,2024-16-604
20888,3.2253133759308747,2.5933474973005968,2024-17-604
20889,3.1236593970682422,3.5340326329679015,2024-18-604
20890,4.866402769223284,3.8553526140402083,2024-19-604
20891,1.24278208104152,3.7796930542407723,2024-20-604
20892,0.9552099255788142,2.7118293001912632,2024-21-604
20893,4.9738185061822495,1.7683618789667264,2024-22-604
20894,9.268507050509966,2.624525515687574,2024-23-604
20895,12.364949929257122,6.7899421688653305,2024-24-604
20896,14.94281484002353,8.848450240668555,2024-25-604
20897,16.17290923419897,11.811542593816874,2024-26-604
20898,13.682096652302592,15.25424921869145,2024-27-604
20899,12.255121873209037,13.786073578315861,2024-28-604
20900,5.234396044329206,13.07393687999039,2024-29-604
20901,4.1781074152581,7.041481787486273,2024-30-604
20902,2.3252008101762534,5.355569528907694,2024-31-604
20903,1.908942761391505,3.8866244707195317,2024-32-604
20904,1.300076639712337,3.476179418296419,2024-33-604
20905,1.81412180417889,1.9085330095320652,2024-34-604
20906,0.6063003358154645,1.576845638753907,2024-35-604
20907,2.403619560835069,1.0111884497961103,2024-36-604
20908,0.0,1.8491308898995562,2024-37-604
20909,0.915082610139886,1.0449097815441597,2024-38-604
20910,0.3427079843482847,0.7395607198613154,2024-39-604
20911,0.0,0.49445263763653236,2024-40-604
20912,0.0,0.34812879022463933,2024-41-604
20913,0.0,0.2925535644649899,2024-42-604
20914,0.0,0.2240910550679185,2024-43-604
20915,0.5959472916595046,0.20238184737631837,2024-44-604
20916,0.0,0.31403131728280587,2024-45-604
20917,0.0,0.20726237879324944,2024-46-604
20918,0.0,0.21092978158045642,2024-47-604
20919,0.0,0.2633972039090725,2024-48-604
20920,0.0,0.2113456061581339,2024-49-604
20921,0.0,0.17711367964938968,2024-50-604
20922,6.768204370640171,0.17480227527551814,2024-51-604
20923,5.377901323868703,1.6461647195992597,2024-52-604
21176,0.0,0.20920506679041057,2024-1-605
21177,0.2385509662845984,0.19383632136342563,2024-2-605
21178,0.2724489848996079,0.22121741172895237,2024-3-605
21179,0.8330379573568497,0.19383632136342563,2024-4-605
21180,0.0,0.42533864412379185,2024-5-605
21181,0.3693473102552903,0.2197021010017778,2024-6-605
21182,0.0,0.2593651755662148,2024-7-605
21183,0.0,0.27521229267438124,2024-8-605
21184,0.5140081171317937,0.2362233193265366,2024-9-605
21185,1.8206589027012432,0.21014335881142365,2024-10-605
21186,0.682827148042035,0.5277786474268558,2024-11-605
21187,0.0,0.8174095384346635,2024-12-605
21188,4.939116994138063,0.34357841226542873,2024-13-605
21189,0.707956429339256,1.7552871805079673,2024-14-605
21190,0.8134220228189981,1.0322817405556488,2024-15-605
21191,3.269275367670376,1.1628433666243616,2024-16-605
21192,6.508901575428829,1.908183745274967,2024-17-605
21193,13.396859795212409,4.407421044395915,2024-18-605
21194,17.189811715830846,7.565501402107445,2024-19-605
21195,25.71511554259321,13.392067230900615,2024-20-605
21196,27.480708816316184,17.317076105574078,2024-21-605
21197,25.82398390744183,19.724514446356185,2024-22-605
21198,29.17495406018485,21.478800129791676,2024-23-605
21199,24.971256880076936,22.375579576640597,2024-24-605
21200,16.421690376916725,21.195974623909304,2024-25-605
21201,21.61867001115598,18.314131582586008,2024-26-605
21202,12.86684588208362,19.68338080661034,2024-27-605
21203,7.106989868530581,16.02070869028263,2024-28-605
21204,5.949297340795526,7.027231480693639,2024-29-605
21205,5.804640336873279,6.171958098724178,2024-30-605
21206,3.1887868210082377,5.392427030326636,2024-31-605
21207,1.6076723859625583,4.525524861248192,2024-32-605
21208,1.478270131133765,2.841053343289638,2024-33-605
21209,0.4584428527471674,2.034563490530848,2024-34-605
21210,1.3790992043527153,1.1905317879935613,2024-35-605
21211,0.5207515281681966,0.888373799592643,2024-36-605
21212,0.8102612333198729,0.7975889628642657,2024-37-605
21213,0.30846329185427,0.6096452030620833,2024-38-605
21214,0.3466052030359669,0.39693043636452147,2024-39-605
21215,0.392400637229542,0.29898212029907156,2024-40-605
21216,1.0517022646008136,0.32448476674445836,2024-41-605
21217,1.0097541952096412,0.5825120091782816,2024-42-605
21218,0.5998825500459074,0.8874348001858188,2024-43-605
21219,1.5076159892415746,0.6449755590347741,2024-44-605
21220,0.3618708395785419,0.7095228143898035,2024-45-605
21221,0.4693267754868853,0.8053909817983298,2024-46-605
21222,0.4313245003864126,0.4541156130571336,2024-47-605
21223,0.4584071281231375,0.38471711584510304,2024-48-605
21224,1.646163649442023,0.2567591375875988,2024-49-605
21225,2.422229645038299,0.6349458513068986,2024-50-605
21226,5.140463708651376,1.7423162760780684,2024-51-605
21227,0.0,3.09517625646168,2024-52-605
21480,0.1762228189111456,0.284581764404032,2024-1-606
21481,0.0,0.23543993356824658,2024-2-606
21482,0.2325470811642984,0.2902983836137904,2024-3-606
21483,0.2369662512767497,0.28835734199998564,2024-4-606
21484,0.0,0.22121741172895237,2024-5-606
21485,0.3150739321817243,0.19383632136342563,2024-6-606
21486,0.0,0.2020289582589585,2024-7-606
21487,0.3725204588260799,0.2020289582589585,2024-8-606
21488,0.0,0.20194238224270983,2024-9-606
21489,1.034627867093512,0.19383632136342563,2024-10-606
21490,1.1638713548251909,0.5018660090752326,2024-11-606
21491,0.6259019239413601,0.9621050992558986,2024-12-606
21492,0.0,0.8342879458210127,2024-13-606
21493,0.6030077677051712,0.43187610613079924,2024-14-606
21494,0.0,0.5444672743001113,2024-15-606
21495,0.6958934346724346,0.32611161513169257,2024-16-606
21496,0.0,0.4569597572919319,2024-17-606
21497,0.0,0.3003665692403507,2024-18-606
21498,0.0,0.29106843510208247,2024-19-606
21499,0.5336121675999452,0.28340492956991414,2024-20-606
21500,0.8202036058612144,0.29684158487164697,2024-21-606
21501,0.3050330288326585,0.446341541426047,2024-22-606
21502,1.1701673394485708,0.23107546485383199,2024-23-606
21503,0.2307510960996386,0.6302890369602308,2024-24-606
21504,0.7544924323825503,0.6874136798241292,2024-25-606
21505,0.4082656007827979,0.5565935972292819,2024-26-606
21506,1.822064855686511,0.3511836483905315,2024-27-606
21507,0.9737638658136932,0.6408903870650348,2024-28-606
21508,0.8421525165802889,0.9360044104811923,2024-29-606
21509,0.5974676341807587,0.7233547523707813,2024-30-606
21510,0.4274672633329358,0.5809136829889906,2024-31-606
21511,0.2729317029610997,0.3985621918888967,2024-32-606
21512,0.836383986865307,0.34619072900293285,2024-33-606
21513,0.6483266359597395,0.5972465933064514,2024-34-606
21514,0.3899877062588622,0.46583951642987564,2024-35-606
21515,0.2944643513298758,0.29338705404472165,2024-36-606
21516,0.4122745469274996,0.33767905044148366,2024-37-606
21517,0.0,0.3338979884123092,2024-38-606
21518,0.1469091661371664,0.22545300488304462,2024-39-606
21519,0.332575562630072,0.2111532384521992,2024-40-606
21520,0.0,0.2020289582589585,2024-41-606
21521,0.4277401105218625,0.21089656017149586,2024-42-606
21522,0.2540664956382283,0.20194238224270983,2024-43-606
21523,0.5107151725506986,0.19383632136342563,2024-44-606
21524,0.0,0.2192592993314834,2024-45-606
21525,0.0,0.19383632136342563,2024-46-606
21526,0.0,0.25771890175765155,2024-47-606
21527,0.3879243170967369,0.18687258673186702,2024-48-606
21528,0.4642632727888973,0.22932347260823657,2024-49-606
21529,0.5122533960247692,0.20194238224270983,2024-50-606
21530,1.4491973279057604,0.46304682822412974,2024-51-606
21531,1.151410628527152,0.5836241401467605,2024-52-606
21784,0.0,0.2013395130730348,2024-1-607
21785,0.439531822063313,0.21549186271537668,2024-2-607
21786,0.2509939290471357,0.2785864316691028,2024-3-607
21787,0.0,0.22545300488304462,2024-4-607
21788,0.0,0.20228563653966183,2024-5-607
21789,0.6805179495390804,0.1914571417746606,2024-6-607
21790,0.7646601320023254,0.4098048003541219,2024-7-607
21791,1.609794207761155,0.4182621869509084,2024-8-607
21792,0.4735231883378704,0.5553058543355881,2024-9-607
21793,2.236338160594118,0.7748701410351754,2024-10-607
21794,0.629042231874311,1.387608534202931,2024-11-607
21795,0.0,1.0054966326879222,2024-12-607
21796,1.8200196583206707,0.43332788862341254,2024-13-607
21797,0.6521870622101223,0.8561803236519474,2024-14-607
21798,0.0,0.8685227010564741,2024-15-607
21799,0.7529305344974654,0.3833877326805807,2024-16-607
21800,0.0,0.6119961500813563,2024-17-607
21801,0.0,0.34931109098523955,2024-18-607
21802,0.5655527418462102,0.28868925551331737,2024-19-607
21803,1.155562707138339,0.3424441182636277,2024-20-607
21804,0.8882615103836441,0.611891085321181,2024-21-607
21805,1.3216223843661956,0.8219779733608246,2024-22-607
21806,1.2677389773579948,0.7484082923628358,2024-23-607
21807,0.2500385507231327,1.2224765976365157,2024-24-607
21808,1.839847902457792,0.8353850471971838,2024-25-607
21809,1.991503711321981,1.1600212154495575,2024-26-607
21810,1.097487886978635,1.758209361430333,2024-27-607
21811,0.6335718801201738,1.130032513588428,2024-28-607
21812,1.5223448950127194,0.9561818274781547,2024-29-607
21813,3.078676819452183,0.8842646770692401,2024-30-607
21814,1.3914344909853558,2.410369471559734,2024-31-607
21815,1.4809662657789937,1.3149010160372263,2024-32-607
21816,2.1182937571600737,1.6720047958367952,2024-33-607
21817,0.8446198898843613,1.85754227515176,2024-34-607
21818,0.9880897293668572,1.1887941950301883,2024-35-607
21819,1.2792159804146075,0.8009912039608079,2024-36-607
21820,0.4478371796412723,1.0491874332437447,2024-37-607
21821,0.7103732132960773,0.8210499210826363,2024-38-607
21822,0.9578525411033804,0.6405489019694458,2024-39-607
21823,1.265142122313931,0.6887747562097107,2024-40-607
21824,0.1937597725903951,0.8577143624750586,2024-41-607
21825,1.3952337742633107,0.791238628765444,2024-42-607
21826,2.210372759162319,0.7749468483577868,2024-43-607
21827,2.499779966368405,1.8721108588850097,2024-44-607
21828,0.6666860547894312,2.3200922564614608,2024-45-607
21829,1.7293080149477895,1.239829829933768,2024-46-607
21830,3.973199782769883,0.9202644922273682,2024-47-607
21831,3.800400710517928,2.5447580645419903,2024-48-607
21832,2.0218387078863014,3.611122240770316,2024-49-607
21833,1.1156277954622404,3.019394598328217,2024-50-607
21834,3.945974748858887,1.905739294078919,2024-51-607
21835,5.017175184945912,2.6278738804054416,2024-52-607
22088,0.1699073993377312,0.1856699538864398,2024-1-608
22089,0.0,0.18820200161373482,2024-2-608
22090,0.0,0.23775092395903624,2024-3-608
22091,0.0,0.19786160425647914,2024-4-608
22092,0.0,0.1704805138909523,2024-5-608
22093,0.0,0.1704805138909523,2024-6-608
22094,0.0,0.17447589546588307,2024-7-608
22095,0.0,0.1704805138909523,2024-8-608
22096,0.0,0.1704805138909523,2024-9-608
22097,0.0,0.1704805138909523,2024-10-608
22098,0.0,0.1704805138909523,2024-11-608
22099,0.0,0.17309575688007747,2024-12-608
22100,0.0,0.1704805138909523,2024-13-608
22101,0.0,0.1704805138909523,2024-14-608
22102,0.0,0.17309575688007747,2024-15-608
22103,0.0,0.17309575688007747,2024-16-608
22104,0.0,0.17309575688007747,2024-17-608
22105,0.6495710686718028,0.17309575688007747,2024-18-608
22106,0.506077402116033,0.3741518143767552,2024-19-608
22107,0.5170585893544749,0.2005426370185634,2024-20-608
22108,0.3974838504868468,0.250922644827746,2024-21-608
22109,0.2957252735546091,0.28436151112898905,2024-22-608
22110,0.0,0.2218924481248947,2024-23-608
22111,0.0,0.20892616242184045,2024-24-608
22112,0.1830112137338278,0.2004768472456043,2024-25-608
22113,0.3962226647442861,0.19015599568814778,2024-26-608
22114,0.0,0.1851971993342924,2024-27-608
22115,0.3782198536419808,0.17447589546588307,2024-28-608
22116,0.1363286827550285,0.18703588994647272,2024-29-608
22117,0.0,0.1704805138909523,2024-30-608
22118,0.0,0.18779743097972593,2024-31-608
22119,0.1326547665680608,0.1704805138909523,2024-32-608
22120,0.1355408970583919,0.18196335879261485,2024-33-608
22121,0.2522242096960062,0.1704805138909523,2024-34-608
22122,0.0,0.1704805138909523,2024-35-608
22123,0.0,0.1704805138909523,2024-36-608
22124,0.0,0.1704805138909523,2024-37-608
22125,0.0,0.1704805138909523,2024-38-608
22126,0.0,0.1704805138909523,2024-39-608
22127,0.1619925977495408,0.1704805138909523,2024-40-608
22128,0.0,0.1704805138909523,2024-41-608
22129,0.0,0.1704805138909523,2024-42-608
22130,0.0,0.1704805138909523,2024-43-608
22131,0.0,0.1704805138909523,2024-44-608
22132,0.2988945683042673,0.1704805138909523,2024-45-608
22133,0.0,0.1704805138909523,2024-46-608
22134,0.0,0.1704805138909523,2024-47-608
22135,0.3787191168546439,0.1704805138909523,2024-48-608
22136,0.0,0.1785865747702365,2024-49-608
22137,0.5003671957835272,0.1704805138909523,2024-50-608
22138,0.0,0.18703588994647272,2024-51-608
22139,0.0,0.1704805138909523,2024-52-608
22392,0.0,1.795919413701996,2024-1-609
22393,0.3181955615638653,0.8254182625697881,2024-2-609
22394,0.3633167807410835,0.5117578585320056,2024-3-609
22395,2.961564112655964,0.41484635153957855,2024-4-609
22396,0.0,1.856206129677432,2024-5-609
22397,0.9842996687104184,0.7917616149117691,2024-6-609
22398,1.1057189691935358,0.7539942076105534,2024-7-609
22399,1.7454062313253087,1.787343614452835,2024-8-609
22400,0.0,1.1871159777978113,2024-9-609
22401,0.8078293605526468,0.8870012462937643,2024-10-609
22402,0.9086792694618776,0.873890023446354,2024-11-609
22403,1.9545289625132671,2.301118560995767,2024-12-609
22404,1.3138757994204566,1.4214225777105685,2024-13-609
22405,2.824167241032636,1.2217781963052072,2024-14-609
22406,0.0,1.9909793037281007,2024-15-609
22407,1.086249180649914,1.7829264106221265,2024-16-609
22408,0.0,0.8456324702873718,2024-17-609
22409,0.0,0.7816237885540818,2024-18-609
22410,0.8152939648919384,0.37187164017797564,2024-19-609
22411,0.8327095498957113,0.5887770601403065,2024-20-609
22412,0.6399260747974974,0.5141619699804584,2024-21-609
22413,0.4759434060938941,0.47683839542053674,2024-22-609
22414,0.0,0.35770278654760695,2024-23-609
22415,1.4399681553188728,0.37161673322835836,2024-24-609
22416,0.0,0.701214361911363,2024-25-609
22417,1.2736867650919528,0.7255338201114888,2024-26-609
22418,0.3157764919738443,0.633342799752126,2024-27-609
22419,4.859938152546092,0.7597550616048763,2024-28-609
22420,1.5322629427644583,2.0178276356717886,2024-29-609
22421,1.6304851673151086,1.4701605118316305,2024-30-609
22422,2.666219785468371,1.811550516067853,2024-31-609
22423,1.276665206310904,1.8646311343156532,2024-32-609
22424,0.8693305345221787,1.5105969260170014,2024-33-609
22425,0.6064350762046761,1.25174584647246,2024-34-609
22426,0.6079373722634529,0.6937677104645624,2024-35-609
22427,1.3769895536694072,0.6085697548026388,2024-36-609
22428,0.0,0.761826196982637,2024-37-609
22429,0.0,0.7211277075034487,2024-38-609
22430,0.0,0.45188118980612674,2024-39-609
22431,0.0,0.3681128556717555,2024-40-609
22432,0.0,0.23596664104583326,2024-41-609
22433,0.0,0.2020289582589585,2024-42-609
22434,0.0,0.2020289582589585,2024-43-609
22435,0.0,0.20762164418869183,2024-44-609
22436,0.4773032800328976,0.19383632136342563,2024-45-609
22437,0.6188735596336022,0.20194238224270983,2024-46-609
22438,0.5686126488494293,0.37000460677483993,2024-47-609
22439,0.0,0.3684313262047212,2024-48-609
22440,1.4459916904171444,0.2608249388251274,2024-49-609
22441,0.0,0.6876481726177138,2024-50-609
22442,0.0,0.8208928315625573,2024-51-609
22443,1.792703689415335,0.36231258159963836,2024-52-609
22696,0.4591729562477714,0.21079796103386222,2024-1-610
22697,0.2653477519410709,0.2682327774787522,2024-2-610
22698,0.1515124396281619,0.27521229267438124,2024-3-610
22699,0.3088129412405683,0.24046043981278176,2024-4-610
22700,0.5138828881801416,0.19383632136342563,2024-5-610
22701,0.4106810204626271,0.2375244491769504,2024-6-610
22702,0.0,0.2101350191382427,2024-7-610
22703,0.9713045116894844,0.20920506679041057,2024-8-610
22704,1.4284212577251552,0.46986512123942953,2024-9-610
22705,0.3372737482969721,0.7930517458805126,2024-10-610
22706,0.3794415356316223,0.8148116997312114,2024-11-610
22707,0.8162960198479585,0.4270996528246741,2024-12-610
22708,1.6464647327162425,0.6679325878736293,2024-13-610
22709,3.932939746026031,0.6356802857079233,2024-14-610
22710,1.3555228444431076,2.1534808428832712,2024-15-610
22711,1.8158503851419048,1.3558569008282635,2024-16-610
22712,2.711168008938001,2.0675163747314675,2024-17-610
22713,3.500986594501254,2.0544609463673207,2024-18-610
22714,2.3862525630037354,4.160330164026325,2024-19-610
22715,3.134088996921032,3.757155027659424,2024-20-610
22716,4.014832595099913,3.3259086073161073,2024-21-610
22717,7.76492703845012,3.9427412852285526,2024-22-610
22718,5.0414934070958894,5.150500632457494,2024-23-610
22719,6.025768450624986,5.513659075970995,2024-24-610
22720,6.157649219246891,5.124877469738456,2024-25-610
22721,3.1990088139084776,5.303632630309377,2024-26-610
22722,3.70179783723244,4.617678263403573,2024-27-610
22723,5.596436791551445,4.2491240310716005,2024-28-610
22724,3.20866769941298,3.9395138079840617,2024-29-610
22725,3.610066694174451,3.6951411737023925,2024-30-610
22726,2.3271406065877773,4.1256513573014235,2024-31-610
22727,1.8723463303198056,3.1387788345913354,2024-32-610
22728,1.7305846191361862,2.571729215760176,2024-33-610
22729,0.932058549359885,1.5772293962402284,2024-34-610
22730,1.52922248517733,1.1221592382978414,2024-35-610
22731,0.6736140333608727,1.0265369908682813,2024-36-610
22732,1.2576086000702082,1.0281240427805087,2024-37-610
22733,1.196802689754647,0.8163433354952824,2024-38-610
22734,2.016991313708434,1.1910269677948506,2024-39-610
22735,2.8269057755046583,1.7664596088844817,2024-40-610
22736,1.0489679504490232,2.438406063650454,2024-41-610
22737,1.3986569589459787,1.3289687506638124,2024-42-610
22738,1.495522362073288,1.4479971155090001,2024-43-610
22739,1.3362370869059983,1.3809270630136354,2024-44-610
22740,1.6035223465528832,1.3283852997204157,2024-45-610
22741,0.5198707812669275,1.3061629406413109,2024-46-610
22742,1.194325916264524,1.031969146249291,2024-47-610
22743,1.2691961190717878,0.8274483940286522,2024-48-610
22744,1.5191049298108756,1.3347384659022874,2024-49-610
22745,1.6762932404310935,1.247127517929431,2024-50-610
22746,1.4228385370580636,1.3308548688594712,2024-51-610
22747,0.0,1.3362209149555178,2024-52-610
23000,1.738190952845854,2.492342832561561,2024-1-611
23001,1.506239917601658,2.0655639995120825,2024-2-611
23002,1.432986644167351,1.6744013444864543,2024-3-611
23003,1.1679271651483147,1.4350327565653702,2024-4-611
23004,0.9714510407989302,1.3190969351044481,2024-5-611
23005,0.7761183412610869,1.0884315676066165,2024-6-611
23006,0.871732872508851,0.8600016766469,2024-7-611
23007,2.75171388791198,0.7429927998596167,2024-8-611
23008,3.775788805213925,1.7909233098418602,2024-9-611
23009,4.45626224148384,3.729575748848376,2024-10-611
23010,2.8639266577695537,4.145522778571442,2024-11-611
23011,2.30973897629921,3.7530928132717905,2024-12-611
23012,4.139826413834554,3.5208134606893076,2024-13-611
23013,0.7414388102303445,3.624138671999481,2024-14-611
23014,1.7031022699188831,1.5420818841400337,2024-15-611
23015,5.131728292508388,2.36135041342837,2024-16-611
23016,2.5532069487766846,2.990044492211877,2024-17-611
23017,0.0,4.012135198973104,2024-18-611
23018,1.9250140039048125,2.275354048651623,2024-19-611
23019,2.6211417981673835,1.4024250413630432,2024-20-611
23020,2.014027446434992,2.548397425234749,2024-21-611
23021,1.4977162405677926,2.317486277844837,2024-22-611
23022,1.723300114443798,1.5662540052834693,2024-23-611
23023,1.1325164841075943,1.4449985076563159,2024-24-611
23024,2.5452911724455545,1.2388456841111515,2024-25-611
23025,2.503639851662036,1.9503000191634974,2024-26-611
23026,3.22724339342407,2.6497254766151057,2024-27-611
23027,3.82013503128866,3.1606296198163766,2024-28-611
23028,2.752597116212224,3.4916705076323455,2024-29-611
23029,4.209916998993931,3.177332897910875,2024-30-611
23030,2.6186192669689974,3.56548245462889,2024-31-611
23031,1.6715975386799058,3.0773812777680023,2024-32-611
23032,1.877859816523242,2.1900961456519763,2024-33-611
23033,1.111338262220099,1.9323638097519478,2024-34-611
23034,0.9548027740267764,1.291276709729374,2024-35-611
23035,0.1801954967473464,1.089801199436468,2024-36-611
23036,0.0,0.6458987123920091,2024-37-611
23037,0.0,0.4776178679899951,2024-38-611
23038,0.0,0.3298570208409373,2024-39-611
23039,0.0,0.2415593269755666,2024-40-611
23040,0.435827318166027,0.20762164418869183,2024-41-611
23041,0.0,0.2101350191382427,2024-42-611
23042,0.3104910826865455,0.2020289582589585,2024-43-611
23043,0.6240068320285846,0.20228563653966183,2024-44-611
23044,0.3742984166514917,0.3792986097943227,2024-45-611
23045,0.0,0.2254793138660818,2024-46-611
23046,0.8915593976831505,0.2346902256840094,2024-47-611
23047,0.9471603067140985,0.5540081411365995,2024-48-611
23048,0.0,0.5630790803452179,2024-49-611
23049,0.0,0.43419281990467995,2024-50-611
23050,3.5361564223360227,0.3905523267658677,2024-51-611
23051,1.4044731301925022,1.8883976265820388,2024-52-611
23304,0.5269388620006304,1.1748340489294127,2024-1-701
23305,0.9136464285108076,0.8840680982566615,2024-2-701
23306,0.4347978193968119,0.6883729901879184,2024-3-701
23307,0.0886323204757089,0.4985343903479815,2024-4-701
23308,0.0983392937159189,0.851711535094953,2024-5-701
23309,0.5895034917537524,0.2989746862492288,2024-6-701
23310,0.3974514151658594,0.3255772122258868,2024-7-701
23311,0.5578433436215632,0.2205803187672418,2024-8-701
23312,0.1640970224166622,0.2727113518805979,2024-9-701
23313,0.5812671011137516,0.2922053294840215,2024-10-701
23314,0.4360179423284353,0.31054272822617346,2024-11-701
23315,0.7036002397706962,0.28825900414156763,2024-12-701
23316,1.2616408795106258,0.4327981366176717,2024-13-701
23317,0.4521155166620853,0.6382662373597028,2024-14-701
23318,0.5194876699863026,0.8392669507659148,2024-15-701
23319,1.043992216182117,0.4506481982269462,2024-16-701
23320,1.299121940337982,0.7442743006392618,2024-17-701
23321,0.5033414786487911,1.1042120125786519,2024-18-701
23322,0.196068651411611,0.8013855512605964,2024-19-701
23323,0.4006324587923434,0.4450930854885382,2024-20-701
23324,0.1539859261096482,0.3792003515910048,2024-21-701
23325,0.0,0.20665000942482312,2024-22-701
23326,0.0,0.2129215439967712,2024-23-701
23327,0.2601064449771391,0.18128839377561035,2024-24-701
23328,0.0708891662303308,0.19574868161788106,2024-25-701
23329,0.0,0.17709113845500823,2024-26-701
23330,0.0761209318162845,0.1754071612539491,2024-27-701
23331,0.1464857362574893,0.17309575688007747,2024-28-701
23332,0.1583949582038187,0.1704805138909523,2024-29-701
23333,0.1685990567171386,0.1704805138909523,2024-30-701
23334,0.2681204791414718,0.1704805138909523,2024-31-701
23335,0.0,0.1704805138909523,2024-32-701
23336,0.0,0.1704805138909523,2024-33-701
23337,0.1464940786129917,0.1704805138909523,2024-34-701
23338,0.097933990219486,0.1704805138909523,2024-35-701
23339,0.0554721944278032,0.1704805138909523,2024-36-701
23340,0.0517889013765826,0.1704805138909523,2024-37-701
23341,0.049291351941817,0.1704805138909523,2024-38-701
23342,0.0553882845626367,0.1704805138909523,2024-39-701
23343,0.1254174983182232,0.1704805138909523,2024-40-701
23344,0.0672305761038069,0.17309575688007747,2024-41-701
23345,0.0,0.17309575688007747,2024-42-701
23346,0.0,0.1704805138909523,2024-43-701
23347,0.0,0.1704805138909523,2024-44-701
23348,0.2313609273308794,0.1704805138909523,2024-45-701
23349,0.0,0.21241905690525806,2024-46-701
23350,0.413678570964769,0.1704805138909523,2024-47-701
23351,0.4396690196963549,0.1785865747702365,2024-48-701
23352,0.8771838206402136,0.1785865747702365,2024-49-701
23353,0.1936153510813583,0.5914943492150813,2024-50-701
23354,0.0,0.25625945207839523,2024-51-701
23355,0.4353940252566327,0.2491964929956336,2024-52-701
23608,0.6699130710781626,0.5933003078559768,2024-1-702
23609,0.4098778757094591,0.5016221361936843,2024-2-702
23610,0.5720590535480747,0.37476302535567724,2024-3-702
23611,0.688941074442807,0.44335737375608203,2024-4-702
23612,0.5878810755855888,0.5428896898222761,2024-5-702
23613,1.4093685175267492,0.37320432096635714,2024-6-702
23614,0.9500315706649072,0.6897828807844587,2024-7-702
23615,1.0831919630836395,0.9236852907882523,2024-8-702
23616,1.6663846532675122,0.8846461340263099,2024-9-702
23617,1.3886001261759378,1.2606275551276949,2024-10-702
23618,1.3017622409354976,1.4800129278875838,2024-11-702
23619,1.1201285406508743,1.2907834000146052,2024-12-702
23620,0.5647887318186728,1.17414354528783,2024-13-702
23621,0.8094229954639358,0.8644574665243993,2024-14-702
23622,1.0848358578819863,0.7367756979168714,2024-15-702
23623,0.0,0.7772808725542536,2024-16-702
23624,0.7748228676975302,0.6998967519637627,2024-17-702
23625,1.6507975636254988,0.6494221665462477,2024-18-702
23626,0.7013644133199564,0.7744312404950269,2024-19-702
23627,0.7164198571330984,0.8533792329724786,2024-20-702
23628,0.8259232427079445,0.5994501327491102,2024-21-702
23629,0.2730405895912111,0.7341959634051558,2024-22-702
23630,0.4713632091402919,0.4011411983790111,2024-23-702
23631,0.6196908279643103,0.3746788296640451,2024-24-702
23632,0.2955002322056614,0.5144867145109313,2024-25-702
23633,0.2741219224217214,0.2712074023084845,2024-26-702
23634,0.0453123665169247,0.25205593605022364,2024-27-702
23635,0.0435907925925147,0.3107860199354408,2024-28-702
23636,0.4712567267876408,0.23364564177857752,2024-29-702
23637,0.2006079448598669,0.20194238224270983,2024-30-702
23638,0.2551700843048111,0.19383632136342563,2024-31-702
23639,0.2443924659912609,0.21471539392143982,2024-32-702
23640,0.3744770532168156,0.19383632136342563,2024-33-702
23641,0.4064031496304881,0.22932347260823657,2024-34-702
23642,0.2910385311667882,0.20194238224270983,2024-35-702
23643,0.2966755258657985,0.20228563653966183,2024-36-702
23644,0.1230771384530063,0.20228563653966183,2024-37-702
23645,0.3220779242713553,0.202703923275963,2024-38-702
23646,0.2631614646029455,0.202703923275963,2024-39-702
23647,0.111707065210744,0.19383632136342563,2024-40-702
23648,0.0798261053395448,0.19383632136342563,2024-41-702
23649,0.2873634539870595,0.19383632136342563,2024-42-702
23650,0.227590071202721,0.202703923275963,2024-43-702
23651,0.1715661309595081,0.19383632136342563,2024-44-702
23652,0.4117436441023238,0.19383632136342563,2024-45-702
23653,0.1779753657200097,0.20194238224270983,2024-46-702
23654,0.3270778956277135,0.23348255441812932,2024-47-702
23655,0.2606706948008039,0.19755371465509922,2024-48-702
23656,0.727950603140563,0.19383632136342563,2024-49-702
23657,1.2622130303214802,0.39688024157402646,2024-50-702
23658,0.0,0.5857553347399809,2024-51-702
23659,0.0,0.7172288656352559,2024-52-702
23912,2.028703613476828,0.516107355968926,2024-1-703
23913,1.727779886615414,1.5246380510915112,2024-2-703
23914,1.550394449099908,1.233955441081551,2024-3-703
23915,2.2983330983544272,1.2431181647639946,2024-4-703
23916,2.231129051721763,1.6603948540212357,2024-5-703
23917,2.101586811502213,2.178191511635222,2024-6-703
23918,1.502684493588438,2.279366406733217,2024-7-703
23919,1.8076648879400248,1.495358201842261,2024-8-703
23920,1.5951308752870104,1.4640824857226244,2024-9-703
23921,1.5694141395224044,1.390041457895021,2024-10-703
23922,3.5314749573323563,1.3888197084918743,2024-11-703
23923,3.798876597196512,2.3325342636363597,2024-12-703
23924,3.575962526963643,3.519760928458072,2024-13-703
23925,4.759382638293389,3.6728170257696138,2024-14-703
23926,3.365052023678384,4.053457636718919,2024-15-703
23927,3.381057038489588,3.6160268181295687,2024-16-703
23928,1.6828051731594595,3.905234028701562,2024-17-703
23929,3.6672275663333886,2.189119461389248,2024-18-703
23930,1.9045427687648568,2.5817790612964653,2024-19-703
23931,0.3242769989163778,2.2669933289887454,2024-20-703
23932,0.0,1.7564980940523716,2024-21-703
23933,0.9271340570097086,0.6596342495809213,2024-22-703
23934,0.711444843155191,0.7602282617064016,2024-23-703
23935,0.5612606745377046,0.5695743983931445,2024-24-703
23936,0.3441474643489255,0.4027473679617317,2024-25-703
23937,0.0,0.37030377104800416,2024-26-703
23938,0.6158204392090305,0.34286104817208335,2024-27-703
23939,0.4739943808004896,0.49485646412061646,2024-28-703
23940,0.2562459866619898,0.25052070543276544,2024-29-703
23941,0.5454672905227234,0.26092353796276097,2024-30-703
23942,0.4336920093463452,0.36052756514220285,2024-31-703
23943,0.4985075922650674,0.25456196306458406,2024-32-703
23944,0.6790592941458238,0.24469221803522148,2024-33-703
23945,0.0,0.4801995734931815,2024-34-703
23946,0.1583639406228079,0.26174043372190675,2024-35-703
23947,0.3587781938770179,0.25697804414753245,2024-36-703
23948,0.0837327297507278,0.30259338303990796,2024-37-703
23949,0.4781326276796008,0.23596664104583326,2024-38-703
23950,0.2686169526253555,0.21039169741894603,2024-39-703
23951,0.3040965463466802,0.1978317029383564,2024-40-703
23952,0.3260003213035,0.2235829958339772,2024-41-703
23953,0.2608213166968527,0.19383632136342563,2024-42-703
23954,0.0,0.22121741172895237,2024-43-703
23955,0.1557560879174405,0.19383632136342563,2024-44-703
23956,0.1869223928948322,0.19383632136342563,2024-45-703
23957,0.7272567726643543,0.202703923275963,2024-46-703
23958,0.89112525289881,0.3834505585265688,2024-47-703
23959,1.4205636191890836,0.45101510431421643,2024-48-703
23960,0.8501871308080039,0.6524934833597222,2024-49-703
23961,0.3127377354011089,0.9074932344184183,2024-50-703
23962,0.4424451656845012,0.46644451124815234,2024-51-703
23963,1.4063344865613516,0.7608192150570673,2024-52-703
24216,0.0,0.904197582225429,2024-1-704
24217,0.3103462917557402,0.7725587366613037,2024-2-704
24218,0.0,0.4342143191926826,2024-3-704
24219,0.5416192520722165,0.36664937606259956,2024-4-704
24220,0.4005146125993227,0.2780289945200412,2024-5-704
24221,0.2400259795871293,0.2019686516612569,2024-6-704
24222,0.5392811885922623,0.20356469848349118,2024-7-704
24223,1.1350509822957426,0.34092676437572567,2024-8-704
24224,1.001395697940112,0.5755819549256791,2024-9-704
24225,0.3940206000186892,0.907292586556743,2024-10-704
24226,0.4432201536792341,0.5448066881475002,2024-11-704
24227,0.0,0.46615120578580077,2024-12-704
24228,0.0,0.3077630914175728,2024-13-704
24229,0.4592051655685483,0.2150993246010593,2024-14-704
24230,0.0,0.35154699453576216,2024-15-704
24231,2.1195623241611408,0.19208750931252577,2024-16-704
24232,0.5273630129168354,1.152659052601099,2024-17-704
24233,0.0,0.817651526204657,2024-18-704
24234,0.7954806529617957,0.39828006537998045,2024-19-704
24235,0.0,0.6485567229821113,2024-20-704
24236,0.0,0.29967010964785895,2024-21-704
24237,0.9288152204247412,0.26248849400953167,2024-22-704
24238,0.3562954624970543,0.5373438245054932,2024-23-704
24239,0.1756410284750118,0.348528548242371,2024-24-704
24240,0.4307033299035294,0.29502495079549873,2024-25-704
24241,0.0,0.28231489975211144,2024-26-704
24242,0.1540784170927732,0.2197692936833527,2024-27-704
24243,0.2964235210094012,0.1904126739688511,2024-28-704
24244,0.7476788467304551,0.17309575688007747,2024-29-704
24245,0.568303716995837,0.3973194562042724,2024-30-704
24246,0.7589519841805957,0.26827377464423546,2024-31-704
24247,0.4153337263550318,0.4693087429837163,2024-32-704
24248,0.636352125502766,0.313666961047067,2024-33-704
24249,0.4932467524469384,0.5510744477746407,2024-34-704
24250,1.0878557356337937,0.3263506799765169,2024-35-704
24251,0.3360094875195533,0.6349152649022501,2024-36-704
24252,0.3136120089212103,0.6464524295789869,2024-37-704
24253,0.2984052975193595,0.34991025004068915,2024-38-704
24254,0.7821865279445505,0.3422571593293728,2024-39-704
24255,0.5058972969282969,0.4584708585531785,2024-40-704
24256,0.5422267342128784,0.22251163421961845,2024-41-704
24257,0.8132410676973854,0.31329853076220915,2024-42-704
24258,0.3864162353472414,0.5639568438925359,2024-43-704
24259,0.7767216176407046,0.2593423786682015,2024-44-704
24260,1.1649407009159385,0.582409528042727,2024-45-704
24261,0.0,0.6991402763911688,2024-46-704
24262,0.8327157604445108,0.7426439393618591,2024-47-704
24263,1.179718458292962,0.6356114259381345,2024-48-704
24264,1.411803991763604,0.775865547187086,2024-49-704
24265,0.0,1.1651328660112048,2024-50-704
24266,0.0,0.824863761886385,2024-51-704
24267,0.0,0.4952748152543829,2024-52-704
24520,0.6736952793220834,0.30303028457367526,2024-1-705
24521,0.6229023186324181,0.48567179249679426,2024-2-705
24522,0.5335086131777778,0.43226810221675593,2024-3-705
24523,0.7249277543984037,0.32515498228907097,2024-4-705
24524,0.804210027515459,0.5373936100490089,2024-5-705
24525,1.205059757708755,0.6234977496476519,2024-6-705
24526,1.353925586888804,0.7316622133632307,2024-7-705
24527,1.4250301926347135,1.183168969729934,2024-8-705
24528,1.6765337656406047,1.2378435498916276,2024-9-705
24529,1.583419116312249,1.3484128786730016,2024-10-705
24530,2.6720638205539133,1.3362760297357164,2024-11-705
24531,2.395166722082112,2.0354992103094136,2024-12-705
24532,2.57653819789832,2.569497251217577,2024-13-705
24533,0.4615939036494013,2.530731057521466,2024-14-705
24534,1.5909149693638185,1.4562300266721377,2024-15-705
24535,1.065583654823436,0.924797970052149,2024-16-705
24536,1.5909673812083334,1.19541659622797,2024-17-705
24537,1.027218077170892,1.2113018471305814,2024-18-705
24538,0.4000809958046146,1.1490931898685686,2024-19-705
24539,0.4086916154183858,0.7937103480127573,2024-20-705
24540,0.3141235186179181,0.5023355846359826,2024-21-705
24541,1.1683269823169349,0.32452101319190724,2024-22-705
24542,0.1792933794800428,0.6198856742674398,2024-23-705
24543,0.3535890383997556,0.6784892419143124,2024-24-705
24544,0.0,0.34775613688808965,2024-25-705
24545,0.3128565567402925,0.34105098913723486,2024-26-705
24546,0.3103078557102025,0.2362233193265366,2024-27-705
24547,0.2985341850658254,0.19383632136342563,2024-28-705
24548,0.0,0.202703923275963,2024-29-705
24549,0.4580076352558485,0.2020289582589585,2024-30-705
24550,0.7646750513270729,0.20649719922780818,2024-31-705
24551,0.4185238252592944,0.41284189765202517,2024-32-705
24552,0.2137763121010637,0.23649921596861262,2024-33-705
24553,0.9943468379175155,0.2512591146869306,2024-34-705
24554,0.3987884678073521,0.6092114915386638,2024-35-705
24555,0.4517046374546073,0.39843863188171247,2024-36-705
24556,0.316240313684958,0.31922829569231853,2024-37-705
24557,0.0,0.2905833304050325,2024-38-705
24558,0.4508346898615472,0.24441595622206944,2024-39-705
24559,0.3827620618209398,0.2108099841552472,2024-40-705
24560,0.8206115970599216,0.21976602235682471,2024-41-705
24561,0.9847504682686395,0.4511667939921983,2024-42-705
24562,0.194989480636042,0.5035275326544851,2024-43-705
24563,0.0,0.4426178057374505,2024-44-705
24564,0.4704028003211319,0.3924982061239899,2024-45-705
24565,0.3050122862375829,0.32417775889495526,2024-46-705
24566,0.8408588012973077,0.2184800011308175,2024-47-705
24567,0.5957097965921115,0.4368838956302322,2024-48-705
24568,0.0,0.35355669871127143,2024-49-705
24569,0.0,0.3037944816184268,2024-50-705
24570,0.0,0.30168122973176015,2024-51-705
24571,0.8843882497438781,0.30914997546125594,2024-52-705
24824,1.9959481952392155,3.088278340175254,2024-1-706
24825,1.94238595220498,2.4964831779160637,2024-2-706
24826,2.3565579860817536,2.858186985436709,2024-3-706
24827,1.553781342862543,2.4423261003373185,2024-4-706
24828,2.036895702680506,1.6351810714426733,2024-5-706
24829,0.7512214793664965,2.006490872403901,2024-6-706
24830,2.5317974412465856,1.1819381676583598,2024-7-706
24831,1.9983566335023035,1.865283989936252,2024-8-706
24832,3.1343933073753303,2.205382847801162,2024-9-706
24833,3.391658017729771,2.680152767117065,2024-10-706
24834,2.7747418723252992,3.266185853778786,2024-11-706
24835,2.611285572107513,3.068331007836751,2024-12-706
24836,2.5077876317785184,2.8868517828127955,2024-13-706
24837,1.7969161549076478,2.82758600400375,2024-14-706
24838,1.23850656435639,1.8395997703937343,2024-15-706
24839,1.6589087727549363,1.5892984643353947,2024-16-706
24840,2.476565713705169,1.3835585496235843,2024-17-706
24841,2.398259278553206,2.038837121236911,2024-18-706
24842,0.6226497195551747,2.5451854054297955,2024-19-706
24843,1.271965303651022,1.3932341610957197,2024-20-706
24844,0.7331535370556544,0.9263007491061829,2024-21-706
24845,0.7270785180079234,0.9129794029543742,2024-22-706
24846,0.6972923236437557,0.6425526741723049,2024-23-706
24847,0.6875007061505611,0.6354091200477283,2024-24-706
24848,1.011554392846871,0.5989251048486274,2024-25-706
24849,0.8514421251420555,0.7515503739144473,2024-26-706
24850,1.206308876536752,0.7910643474478144,2024-27-706
24851,0.5802080644165093,0.7704441728004529,2024-28-706
24852,0.2508902407204338,0.7951891319611393,2024-29-706
24853,0.2669878941532623,0.4670847032587919,2024-30-706
24854,0.5942763961484031,0.3876772950600687,2024-31-706
24855,0.4878395308547156,0.45236159885954585,2024-32-706
24856,0.4152590731518623,0.2587133423282983,2024-33-706
24857,0.0772523051163386,0.23898313578438665,2024-34-706
24858,0.5421359553958808,0.298773674996899,2024-35-706
24859,0.0877154637968629,0.3111625376761602,2024-36-706
24860,0.1637425788170171,0.23402767213567477,2024-37-706
24861,0.3116160240079067,0.21807266870294792,2024-38-706
24862,0.2625562573691694,0.27912689350740766,2024-39-706
24863,0.594369819618633,0.2252127933038831,2024-40-706
24864,0.2123578698668858,0.3223161655321991,2024-41-706
24865,0.254806800915473,0.21079796103386222,2024-42-706
24866,0.3026923004184603,0.2354318918902008,2024-43-706
24867,0.3042255511877246,0.27521229267438124,2024-44-706
24868,0.0,0.22545300488304462,2024-45-706
24869,0.2366682335353699,0.19383632136342563,2024-46-706
24870,0.0,0.19154401140382366,2024-47-706
24871,0.0,0.1950652236273999,2024-48-706
24872,0.2765323983978671,0.1914571417746606,2024-49-706
24873,0.0,0.186812089519261,2024-50-706
24874,1.294751429970047,0.18910439947886307,2024-51-706
24875,0.6857894749025168,0.4886055338177252,2024-52-706
252,4.1258752667965135,3.7081575641192432,2025-1-101
253,3.8396928786099584,3.560937443319082,2025-2-101
254,5.846781238034461,3.6444890584773733,2025-3-101
255,5.795785237683699,4.685225519142268,2025-4-101
256,5.098400856500931,4.472307865861226,2025-5-101
257,5.447339633411045,5.136556534346681,2025-6-101
258,2.833922533479759,4.994955021103134,2025-7-101
259,6.119004009058746,3.966256123595197,2025-8-101
260,4.256912423342632,4.551779061641586,2025-9-101
261,4.589714383198046,4.048032160455892,2025-10-101
262,3.2046161713869528,4.597409552836556,2025-11-101
263,3.374399410175789,4.099062617021664,2025-12-101
264,4.979423757596878,4.006998500698109,2025-13-101
265,2.6442068325053896,3.9874881532511313,2025-14-101
266,5.38661777821956,3.6079482409036836,2025-15-101
267,3.326380411963841,4.509173315052271,2025-16-101
268,3.847970536811536,4.636113425028582,2025-17-101
269,2.938597744386004,4.358410902532818,2025-18-101
270,1.763247147637811,4.286430916536369,2025-19-101
271,1.4406336927175647,2.2732569511923018,2025-20-101
272,2.9390402056306297,1.8041446542862798,2025-21-101
273,2.3993368681841285,2.4682345463152715,2025-22-101
274,2.509188505831155,2.849092098326595,2025-23-101
275,1.7437608261728272,2.6526072615659073,2025-24-101
276,2.0997356783434364,1.7347322650407193,2025-25-101
277,2.8520228014917266,2.1022144658322013,2025-26-101
278,2.807792381014107,2.715194386289804,2025-27-101
279,2.4275807787048724,2.9609209444582807,2025-28-101
280,4.060298711423848,2.7656661359674963,2025-29-101
281,3.4267383094170905,3.0948687067990392,2025-30-101
282,4.055874175870394,3.4761702408852186,2025-31-101
283,3.600802031852921,4.121302950072257,2025-32-101
284,3.788762275630381,3.6341119420224635,2025-33-101
285,5.222993988245048,4.129065102990783,2025-34-101
286,4.901822600750496,3.998718942513934,2025-35-101
287,4.634680776890354,4.203081368665424,2025-36-101
288,6.178650800810204,4.826005473941891,2025-37-101
289,5.799020251499525,4.880134701994617,2025-38-101
290,5.36972993101729,5.229658472244642,2025-39-101
291,5.619214855094721,5.204636683473609,2025-40-101
292,4.630879248752112,5.032140343640717,2025-41-101
293,3.875842006123064,4.8418214013607175,2025-42-101
294,2.870500004519883,4.643649771872807,2025-43-101
295,2.363074235661512,3.95036150892155,2025-44-101
296,3.5829032831121235,3.239830055160578,2025-45-101
297,2.9287541965767887,3.2738524716165704,2025-46-101
298,3.127663123382246,3.383149410893717,2025-47-101
299,2.0896989402015462,3.3066270128218975,2025-48-101
300,2.400981545935088,2.8888037070233787,2025-49-101
301,2.408141987487731,2.6497577238241274,2025-50-101
302,2.357996906012202,2.4221829641494796,2025-51-101
303,0.668994676571771,2.5114777990669404,2025-52-101
556,0.9527110437459,0.1704805138909523,2025-1-102
557,1.1212896306540874,0.43750067103588797,2025-2-102
558,0.0,0.6418287564535134,2025-3-102
559,2.877106089308921,0.7385911319221282,2025-4-102
560,1.0123349729623918,1.4657365983540225,2025-5-102
561,0.0,1.2147498472871983,2025-6-102
562,0.0,0.7947778502145482,2025-7-102
563,0.0,0.46090842802643855,2025-8-102
564,1.0564324288384437,0.3333025953827255,2025-9-102
565,0.0,0.5625680475585946,2025-10-102
566,2.6507889448335225,0.6064407406389148,2025-11-102
567,0.0,1.3186683592709014,2025-12-102
568,1.235585651860536,0.8761368348122552,2025-13-102
569,0.0,0.6936609278868775,2025-14-102
570,0.0,0.791798664118476,2025-15-102
571,0.0,0.36405565712406307,2025-16-102
572,0.0,0.3248536025044938,2025-17-102
573,0.0,0.20926525241394828,2025-18-102
574,2.9163248158962696,0.1868810797053437,2025-19-102
575,1.4295989690171231,1.578773860941928,2025-20-102
576,0.0,1.1829993710318976,2025-21-102
577,1.488008179166972,1.256664428260426,2025-22-102
578,0.0,0.7831934292588576,2025-23-102
579,0.0,0.8553131832835965,2025-24-102
580,0.0,0.3556403299339613,2025-25-102
581,0.0,0.322287243633196,2025-26-102
582,0.0,0.23625107172068074,2025-27-102
583,0.0,0.18426583671621855,2025-28-102
584,0.0,0.1704805138909523,2025-29-102
585,1.64490217057889,0.18426583671621855,2025-30-102
586,0.5029342780811762,0.48178783155332,2025-31-102
587,1.984406644813026,0.7085410063358328,2025-32-102
588,0.4474136064685306,0.9695667924281607,2025-33-102
589,1.5940959845747351,0.8926787331507636,2025-34-102
590,0.0,0.7054087398144803,2025-35-102
591,0.8840343942015642,0.8293481727499877,2025-36-102
592,1.7262558653050106,0.5860979849856288,2025-37-102
593,0.0,0.8325982956797514,2025-38-102
594,0.0,0.7773337660126377,2025-39-102
595,0.8195362625572855,0.41771199512301166,2025-40-102
596,1.6884305390252807,0.6680944681507782,2025-41-102
597,0.4367764729760637,0.6217182587938246,2025-42-102
598,0.4447752589693775,0.7543971070676992,2025-43-102
599,0.3779513665174413,0.4215115764370059,2025-44-102
600,0.755917977074769,0.38879743804785305,2025-45-102
601,0.0,0.4456554116082453,2025-46-102
602,0.352410754765643,0.21204700863191245,2025-47-102
603,0.8633194868107443,0.25932964205470355,2025-48-102
604,1.151873160279168,0.5421333134454978,2025-49-102
605,0.0,0.6110683574572077,2025-50-102
606,0.0,0.7151910614210096,2025-51-102
607,0.0,0.41146523758560105,2025-52-102
860,1.6601442907391948,0.35659741746964263,2025-1-103
861,0.9769556489548916,0.7000309870940636,2025-2-103
862,1.8732659293424,0.9078621667796014,2025-3-103
863,1.3926603637882726,1.0454017712542822,2025-4-103
864,1.1760538876710214,1.2856428029697997,2025-5-103
865,0.6828871724863554,1.2235963174754747,2025-6-103
866,0.0,0.94124655436784,2025-7-103
867,0.29403565064793,0.5006077546927068,2025-8-103
868,0.3068275214095928,0.4191193134171561,2025-9-103
869,0.4410756464259559,0.30058469058245435,2025-10-103
870,0.3849484181858317,0.2285413931293735,2025-11-103
871,0.0,0.19237189759550272,2025-12-103
872,0.0,0.18712246596272145,2025-13-103
873,0.4234751687853588,0.19167728294781974,2025-14-103
874,1.4116193395722516,0.19200093329627704,2025-15-103
875,0.0,0.4952868142773965,2025-16-103
876,0.0,0.6645065435444195,2025-17-103
877,0.0,0.3168555914109652,2025-18-103
878,0.0,0.33115484554573327,2025-19-103
879,0.0,0.20665000942482312,2025-20-103
880,0.0,0.1704805138909523,2025-21-103
881,0.0,0.1704805138909523,2025-22-103
882,0.5165497676602094,0.18426583671621855,2025-23-103
883,0.7179346242420305,0.1934522552389901,2025-24-103
884,1.2102629872600288,0.3741518143767552,2025-25-103
885,0.3161213889525061,0.5231080853128447,2025-26-103
886,0.2379851838346348,0.7195998359600735,2025-27-103
887,0.5829697023962614,0.4299787260385904,2025-28-103
888,1.0086563621190272,0.42106919880484717,2025-29-103
889,0.3185313475729891,0.5384264312697133,2025-30-103
890,0.2921777316927679,0.4220402859722137,2025-31-103
891,0.4323150287118431,0.3823490073890743,2025-32-103
892,0.2599262232034748,0.31105966200190194,2025-33-103
893,0.347287506563107,0.20665000942482312,2025-34-103
894,0.619447033178206,0.18348464605228687,2025-35-103
895,0.5135912507668794,0.38398381161915507,2025-36-103
896,0.3760862055387386,0.23394932895633005,2025-37-103
897,0.4842683425909793,0.23354787781573108,2025-38-103
898,0.3363061956058467,0.2909177086676548,2025-39-103
899,0.7141968735888692,0.21054651258680754,2025-40-103
900,0.3923776068199081,0.4238857732766035,2025-41-103
901,0.5075195420023774,0.21524431111821182,2025-42-103
902,0.0,0.2787871917843488,2025-43-103
903,0.1097929579008593,0.27753485681675505,2025-44-103
904,0.0,0.22437149714760557,2025-45-103
905,0.2008638916782771,0.1793481158034897,2025-46-103
906,0.102375315500192,0.19786160425647914,2025-47-103
907,0.1253978696467362,0.1786731507864852,2025-48-103
908,0.3346229930107813,0.1704805138909523,2025-49-103
909,0.1926667188155293,0.17447589546588307,2025-50-103
910,0.0,0.1704805138909523,2025-51-103
911,0.1926767079128135,0.1704805138909523,2025-52-103
1164,0.0,1.1560192003953502,2025-1-104
1165,0.0,0.8118489775194097,2025-2-104
1166,0.0,0.47056795566050214,2025-3-104
1167,0.0,0.3179623404487529,2025-4-104
1168,0.0,0.2247570936346551,2025-5-104
1169,0.0,0.1774175182646433,2025-6-104
1170,0.0,0.19120284108990948,2025-7-104
1171,0.0,0.18792155953404774,2025-8-104
1172,0.0,0.17972892263851484,2025-9-104
1173,2.756695473542978,0.18199869381383307,2025-10-104
1174,2.405905739167072,1.3470327312595733,2025-11-104
1175,1.7882195685350784,2.3834543625735307,2025-12-104
1176,0.0,1.5425008085686227,2025-13-104
1177,0.0,1.2447369814062283,2025-14-104
1178,0.0,0.516330046263495,2025-15-104
1179,0.0,0.37889806624694033,2025-16-104
1180,3.151081013375162,0.22304208226573777,2025-17-104
1181,0.0,1.8367591028172336,2025-18-104
1182,0.0,0.8194210145199365,2025-19-104
1183,0.0,0.46604684522434203,2025-20-104
1184,0.0,0.38453977508256204,2025-21-104
1185,2.7012764163416043,0.2442761833766735,2025-22-104
1186,0.0,1.5418689052898271,2025-23-104
1187,2.2435491118158524,0.7894088726159716,2025-24-104
1188,0.0,1.2068614868239564,2025-25-104
1189,0.0,1.0232133883376562,2025-26-104
1190,0.0,0.43010203725516194,2025-27-104
1191,0.0,0.34196981682689204,2025-28-104
1192,0.0,0.22431374536248747,2025-29-104
1193,0.0,0.1983655995975312,2025-30-104
1194,0.0,0.17972892263851484,2025-31-104
1195,0.0,0.19351424546378104,2025-32-104
1196,0.0,0.17972892263851484,2025-33-104
1197,0.0,0.17972892263851484,2025-34-104
1198,0.0,0.17972892263851484,2025-35-104
1199,0.0,0.17972892263851484,2025-36-104
1200,0.0,0.17972892263851484,2025-37-104
1201,0.7566839401259398,0.17972892263851484,2025-38-104
1202,0.0,0.3825617677440219,2025-39-104
1203,0.0,0.2039785002907014,2025-40-104
1204,0.0,0.2443558123915675,2025-41-104
1205,0.0,0.2633972039090725,2025-42-104
1206,0.0,0.21589841817238561,2025-43-104
1207,0.6862248608086069,0.17972892263851484,2025-44-104
1208,1.3724871974208432,0.3798283324851193,2025-45-104
1209,0.0,0.5134332021184419,2025-46-104
1210,0.0,0.7103626442762859,2025-47-104
1211,0.0,0.4074608770552138,2025-48-104
1212,0.0,0.35738986390972827,2025-49-104
1213,0.0,0.21358701379851408,2025-50-104
1214,0.0,0.17972892263851484,2025-51-104
1215,0.0,0.18561015516017615,2025-52-104
1468,0.0,0.1725542768824932,2025-1-105
1469,0.0,0.1704805138909523,2025-2-105
1470,0.0,0.1704805138909523,2025-3-105
1471,0.0,0.1704805138909523,2025-4-105
1472,0.0,0.1704805138909523,2025-5-105
1473,0.0,0.1704805138909523,2025-6-105
1474,0.0,0.1704805138909523,2025-7-105
1475,0.0,0.1704805138909523,2025-8-105
1476,4.1717256643178935,0.1704805138909523,2025-9-105
1477,0.0,1.6353734990006905,2025-10-105
1478,0.0,0.7877026091773787,2025-11-105
1479,0.0,0.5793306185380187,2025-12-105
1480,4.880260255059414,0.4206396292763681,2025-13-105
1481,0.0,2.0310477150849833,2025-14-105
1482,0.0,0.8115169242163316,2025-15-105
1483,0.0,0.6152770388614184,2025-16-105
1484,0.0,0.4498175961963373,2025-17-105
1485,0.0,0.26035992639877814,2025-18-105
1486,0.0,0.1774175182646433,2025-19-105
1487,0.0,0.17748092424548992,2025-20-105
1488,0.0,0.19120284108990948,2025-21-105
1489,0.0,0.1774175182646433,2025-22-105
1490,0.0,0.1774175182646433,2025-23-105
1491,0.0,0.1774175182646433,2025-24-105
1492,0.0,0.1774175182646433,2025-25-105
1493,0.0,0.1774175182646433,2025-26-105
1494,0.0,0.1774175182646433,2025-27-105
1495,0.0,0.1774175182646433,2025-28-105
1496,0.0,0.1774175182646433,2025-29-105
1497,0.0,0.1774175182646433,2025-30-105
1498,0.0,0.1774175182646433,2025-31-105
1499,0.0,0.1774175182646433,2025-32-105
1500,0.0,0.1774175182646433,2025-33-105
1501,0.0,0.1774175182646433,2025-34-105
1502,0.0,0.17972892263851484,2025-35-105
1503,0.0,0.1774175182646433,2025-36-105
1504,0.0,0.1774175182646433,2025-37-105
1505,0.0,0.1774175182646433,2025-38-105
1506,0.0,0.1774175182646433,2025-39-105
1507,0.0,0.17309575688007747,2025-40-105
1508,0.0,0.17309575688007747,2025-41-105
1509,0.0,0.17516951987161836,2025-42-105
1510,0.0,0.1774175182646433,2025-43-105
1511,0.0,0.1774175182646433,2025-44-105
1512,0.0,0.17972892263851484,2025-45-105
1513,0.0,0.17480227527551814,2025-46-105
1514,0.0,0.17480227527551814,2025-47-105
1515,1.7081930500817546,0.17309575688007747,2025-48-105
1516,0.0,0.48178783155332,2025-49-105
1517,0.0,0.7085410063358328,2025-50-105
1518,0.0,0.318929354402506,2025-51-105
1519,0.0,0.32453524202622097,2025-52-105
1772,0.0,0.3741518143767552,2025-1-106
1773,0.634637256321219,0.18982133315015406,2025-2-106
1774,0.7301492705758831,0.4243830325248906,2025-3-106
1775,1.0856696239142003,0.4804625603342439,2025-4-106
1776,0.0,0.6189644821899684,2025-5-106
1777,0.0,0.6874378446750594,2025-6-106
1778,1.4477712364886242,0.4248444144181295,2025-7-106
1779,1.1462080927671972,0.7517964863460189,2025-8-106
1780,2.39220302805878,1.075770837648478,2025-9-106
1781,1.719479705130899,1.6306786798310342,2025-10-106
1782,0.0,1.47173553605297,2025-11-106
1783,0.0,1.4375112713678861,2025-12-106
1784,0.0,0.5030514776912429,2025-13-106
1785,0.0,0.36687206635716846,2025-14-106
1786,0.0,0.2204353322500893,2025-15-106
1787,1.5577197263794942,0.1786731507864852,2025-16-106
1788,1.9657896191520832,0.4958030189243705,2025-17-106
1789,0.0,1.4890771085281387,2025-18-106
1790,0.0,0.8904533748584156,2025-19-106
1791,0.0,0.49529764195580567,2025-20-106
1792,0.0,0.3709646666047411,2025-21-106
1793,0.0,0.21506533661492497,2025-22-106
1794,0.0,0.1704805138909523,2025-23-106
1795,0.0,0.18426583671621855,2025-24-106
1796,0.0,0.18426583671621855,2025-25-106
1797,0.0,0.1704805138909523,2025-26-106
1798,1.8562560694362744,0.1704805138909523,2025-27-106
1799,0.0,0.885732484675147,2025-28-106
1800,0.0,0.718909915313491,2025-29-106
1801,0.0,0.3168555914109652,2025-30-106
1802,0.0,0.322287243633196,2025-31-106
1803,0.0,0.20665000942482312,2025-32-106
1804,0.0,0.1704805138909523,2025-33-106
1805,0.9030824662895104,0.1704805138909523,2025-34-106
1806,0.4832522640215755,0.4328692902243489,2025-35-106
1807,0.5008498682772273,0.3125433102777082,2025-36-106
1808,0.0,0.5885080241339845,2025-37-106
1809,0.0,0.28086576843024835,2025-38-106
1810,0.0,0.22437149714760557,2025-39-106
1811,0.0,0.19786160425647914,2025-40-106
1812,0.0,0.19786160425647914,2025-41-106
1813,0.4949986067647355,0.1786731507864852,2025-42-106
1814,0.0,0.1785865747702365,2025-43-106
1815,0.0,0.17447589546588307,2025-44-106
1816,0.0,0.18820200161373482,2025-45-106
1817,0.0,0.1704805138909523,2025-46-106
1818,0.3994454422442953,0.19786160425647914,2025-47-106
1819,0.4892857591518111,0.1785865747702365,2025-48-106
1820,0.4352283141327807,0.1785865747702365,2025-49-106
1821,0.3758975714106082,0.19103127152140348,2025-50-106
1822,0.0,0.19630806249301905,2025-51-106
1823,0.7518694242758142,0.18779743097972593,2025-52-106
2076,1.1765709475838468,1.0075644890646156,2025-1-107
2077,4.154413217592047,0.8700756618959238,2025-2-107
2078,0.0,2.3741674138222475,2025-3-107
2079,0.0,0.9682148506374518,2025-4-107
2080,0.0,0.7077531679894516,2025-5-107
2081,2.9042166923419312,0.46797920464637977,2025-6-107
2082,0.0,1.9949698628791668,2025-7-107
2083,5.002218350816928,0.7870974682420999,2025-8-107
2084,5.219973105439558,1.8244409757442577,2025-9-107
2085,0.0,3.9327027233703626,2025-10-107
2086,0.0,2.0893806269299158,2025-11-107
2087,2.4340094768729665,0.8922371751987237,2025-12-107
2088,0.0,1.6506187990492343,2025-13-107
2089,3.602702324913394,0.9043328465190352,2025-14-107
2090,0.0,2.0241620059024292,2025-15-107
2091,0.0,1.1883674350532802,2025-16-107
2092,0.0,0.6600819017062817,2025-17-107
2093,0.0,0.3997251231673413,2025-18-107
2094,0.0,0.248423995207396,2025-19-107
2095,3.5331439144963346,0.18919248407921527,2025-20-107
2096,0.0,1.7271805049553846,2025-21-107
2097,0.0,0.8194210145199365,2025-22-107
2098,0.0,0.6155070515109853,2025-23-107
2099,0.0,0.4358219282273283,2025-24-107
2100,0.0,0.248423995207396,2025-25-107
2101,2.690231803559981,0.17972892263851484,2025-26-107
2102,0.0,1.4749019287289702,2025-27-107
2103,0.0,0.7950015585457048,2025-28-107
2104,0.0,0.4055013928585398,2025-29-107
2105,0.0,0.35016270139277716,2025-30-107
2106,0.0,0.21975434259559098,2025-31-107
2107,0.0,0.17309575688007747,2025-32-107
2108,0.0,0.1774175182646433,2025-33-107
2109,0.0,0.18919248407921527,2025-34-107
2110,0.0,0.17748092424548992,2025-35-107
2111,0.0,0.1754071612539491,2025-36-107
2112,0.0,0.17972892263851484,2025-37-107
2113,1.0306351526696576,0.17972892263851484,2025-38-107
2114,0.0,0.47497445151119844,2025-39-107
2115,0.0,0.6022924806381795,2025-40-107
2116,0.8351391453158644,0.3101009296255372,2025-41-107
2117,0.0,0.5360132978632903,2025-42-107
2118,0.0,0.2378999974315472,2025-43-107
2119,0.0,0.23772264663313014,2025-44-107
2120,0.0,0.26114920551604753,2025-45-107
2121,0.8551574054350628,0.21484264632035596,2025-46-107
2122,0.8717287035526282,0.40915748240734023,2025-47-107
2123,0.0,0.43922961053504417,2025-48-107
2124,0.0,0.3113253257122098,2025-49-107
2125,0.0,0.32868617833431996,2025-50-107
2126,0.0,0.29239205368692156,2025-51-107
2127,4.922617510036539,0.20926525241394828,2025-52-107
2380,0.2418585040865095,0.1704805138909523,2025-1-108
2381,1.1386357637984867,0.1704805138909523,2025-2-108
2382,1.309981357620177,0.4751204838783518,2025-3-108
2383,0.0,1.056964716634044,2025-4-108
2384,0.5140221514562857,0.7875935425917107,2025-5-108
2385,0.5969500875432417,0.45901874370426354,2025-6-108
2386,0.0,0.4770306117880193,2025-7-108
2387,0.0,0.2437123164068073,2025-8-108
2388,0.5364468983145892,0.2016813728328939,2025-9-108
2389,0.771169704826469,0.36317527050932846,2025-10-108
2390,0.6730446456545429,0.46559223743135,2025-11-108
2391,0.0,0.416122879751724,2025-12-108
2392,0.0,0.3257140145462213,2025-13-108
2393,0.7404276707501001,0.35100473153990935,2025-14-108
2394,1.2340897514206983,0.5126049683735091,2025-15-108
2395,0.0,0.5933768780618844,2025-16-108
2396,0.8815550011302316,0.7103626442762859,2025-17-108
2397,0.0,0.6322802137257558,2025-18-108
2398,0.0,0.4217479431090458,2025-19-108
2399,0.7260634321916103,0.276498386616967,2025-20-108
2400,0.0,0.47575541494693463,2025-21-108
2401,0.7557520584293664,0.2341834655795577,2025-22-108
2402,0.0,0.4511740272335927,2025-23-108
2403,0.0,0.27619409974273085,2025-24-108
2404,0.0,0.27946953607340863,2025-25-108
2405,0.5527922460731185,0.25622255815305084,2025-26-108
2406,0.4161620524145644,0.2871185887413185,2025-27-108
2407,0.0,0.2061200309249711,2025-28-108
2408,0.0,0.1927590060723111,2025-29-108
2409,0.0,0.2685864741623134,2025-30-108
2410,0.0,0.20209719741057136,2025-31-108
2411,0.2520078948641993,0.1793481158034897,2025-32-108
2412,0.2272791880661445,0.1704805138909523,2025-33-108
2413,0.0,0.1786731507864852,2025-34-108
2414,0.2166619965391918,0.1704805138909523,2025-35-108
2415,0.0,0.1704805138909523,2025-36-108
2416,0.0,0.1704805138909523,2025-37-108
2417,0.6351984149753784,0.1704805138909523,2025-38-108
2418,0.1960560161456098,0.36952788592526004,2025-39-108
2419,0.0,0.18982133315015406,2025-40-108
2420,0.0,0.2296889600167512,2025-41-108
2421,0.2219079320615129,0.25622255815305084,2025-42-108
2422,0.2259754281193544,0.20209719741057136,2025-43-108
2423,0.0,0.1704805138909523,2025-44-108
2424,0.0,0.1704805138909523,2025-45-108
2425,0.1756587959858069,0.1786731507864852,2025-46-108
2426,0.1790596661356562,0.1704805138909523,2025-47-108
2427,0.0,0.1704805138909523,2025-48-108
2428,0.1950949489436324,0.1704805138909523,2025-49-108
2429,0.0,0.1704805138909523,2025-50-108
2430,0.6144319738467828,0.1704805138909523,2025-51-108
2431,0.0,0.3483236452257587,2025-52-108
2684,1.6397336742388018,1.3447941213561705,2025-1-109
2685,1.2865140331050513,1.341613437921353,2025-2-109
2686,0.7400036082603647,1.3298916767397362,2025-3-109
2687,1.1002290017187497,0.9834337364618737,2025-4-109
2688,0.0,0.8422127955971949,2025-5-109
2689,2.697141915178607,0.7675154029370571,2025-6-109
2690,4.400442011188497,1.7361973121736298,2025-7-109
2691,1.1611860815126307,3.2651027959470955,2025-8-109
2692,3.6348868843126088,1.6983028143819907,2025-9-109
2693,3.48330831762882,3.0938149654625766,2025-10-109
2694,0.0,4.209923688767265,2025-11-109
2695,2.2592812062279584,2.0831278502417008,2025-12-109
2696,1.416786582257869,1.7928558272342274,2025-13-109
2697,1.671748257765839,1.4231297931350597,2025-14-109
2698,0.0,1.3744498915276098,2025-15-109
2699,3.154016014868739,0.9670943110113509,2025-16-109
2700,0.0,2.0422154597089217,2025-17-109
2701,2.089385978624572,1.1091537846570416,2025-18-109
2702,3.3428979094640514,1.5015824635694002,2025-19-109
2703,4.915850419914037,2.7711857915126346,2025-20-109
2704,2.387613352870464,3.9322013434359473,2025-21-109
2705,1.7053771096337726,3.185798934515441,2025-22-109
2706,2.038060736657937,2.153274736937285,2025-23-109
2707,4.248686585232184,2.0797611039447426,2025-24-109
2708,4.7745437880856425,2.9994740753760465,2025-25-109
2709,3.741113308139295,3.9441619061965127,2025-26-109
2710,1.87749888097172,4.664849495108262,2025-27-109
2711,3.8323805663058974,2.9854975900629253,2025-28-109
2712,1.5912970133965905,2.938864069529913,2025-29-109
2713,1.2562449740830703,1.7154167360922186,2025-30-109
2714,0.0,1.8796050692237258,2025-31-109
2715,0.0,0.9786891296733506,2025-32-109
2716,0.5124655692362164,0.5513992650392688,2025-33-109
2717,0.9128862100259506,0.38792234132884823,2025-34-109
2718,1.4653734976005064,0.4916415985103629,2025-35-109
2719,0.5062029771078421,0.6582101369257036,2025-36-109
2720,1.4826158661975644,0.8315325215884591,2025-37-109
2721,0.0,0.7601990924069169,2025-38-109
2722,2.209394208492644,0.80812103591065,2025-39-109
2723,2.3458512863118064,1.49464950326057,2025-40-109
2724,1.159854322454521,2.2332299301069396,2025-41-109
2725,3.5002815656872937,1.2005069407257227,2025-42-109
2726,3.0550216170998024,1.9315059199782487,2025-43-109
2727,3.028538457622421,3.2753431561712603,2025-44-109
2728,1.2979016585106662,3.1196796660944277,2025-45-109
2729,1.1871405072871812,2.0261411891883165,2025-46-109
2730,2.8234266228718963,1.7363147516994286,2025-47-109
2731,2.4701174292238,2.127384193569772,2025-48-109
2732,1.7576248467531683,2.6033484590398994,2025-49-109
2733,2.6563215650264413,1.707710181861413,2025-50-109
2734,2.7673460080518693,2.155039815837429,2025-51-109
2735,0.0,2.7373227789341525,2025-52-109
2988,2.0914291090639145,6.434242900390112,2025-1-110
2989,2.4613264196700486,6.249396419739045,2025-2-110
2990,3.3033828055535683,6.561609338800898,2025-3-110
2991,2.806491324046052,3.7649558537583863,2025-4-110
2992,2.9622574671357262,3.7965247087217717,2025-5-110
2993,3.43986674016513,4.055206616454552,2025-6-110
2994,3.7414200244812346,3.8369460494586503,2025-7-110
2995,1.4809038065825229,3.768808882350164,2025-8-110
2996,5.408244590662777,3.670650453922606,2025-9-110
2997,2.2211309519657667,3.2439986766490265,2025-10-110
2998,4.845858815321903,3.4061535513433734,2025-11-110
2999,2.160881833794132,6.675309043312011,2025-12-110
3000,1.8067477166764736,3.446308341157116,2025-13-110
3001,0.0,2.2955933516500586,2025-14-110
3002,3.55291143692376,1.2229534907907031,2025-15-110
3003,2.0109803669179853,2.3702626195174137,2025-16-110
3004,0.0,2.439114771490467,2025-17-110
3005,0.0,1.6793050654590291,2025-18-110
3006,1.0656581816288906,0.5682043408392123,2025-19-110
3007,2.089420411091745,0.8283110208802966,2025-20-110
3008,1.5222152197516083,1.7586585759585813,2025-21-110
3009,1.0872417491118682,1.2619944572401554,2025-22-110
3010,1.2993209640976076,1.1684796312190908,2025-23-110
3011,3.6114897732545583,1.274562384263123,2025-24-110
3012,2.282862410941168,2.240484700320314,2025-25-110
3013,0.0,2.736559469203261,2025-26-110
3014,2.3937706557106946,2.423338229240809,2025-27-110
3015,0.0,1.7589791593197086,2025-28-110
3016,3.04319847905854,1.1098498407104898,2025-29-110
3017,1.6016018860078265,2.081685344422241,2025-30-110
3018,2.5707163431170583,1.506055661405602,2025-31-110
3019,2.5356116056682545,2.0700973610957014,2025-32-110
3020,4.246544541214965,3.0385398196478453,2025-33-110
3021,2.90942228789247,3.757436599597983,2025-34-110
3022,3.113433983615552,3.7597595810696642,2025-35-110
3023,3.2264857669835254,3.756771407135144,2025-36-110
3024,3.779951004092181,3.442812939098993,2025-37-110
3025,2.433444826363236,3.399825091395753,2025-38-110
3026,2.2530752153261617,4.26828681771324,2025-39-110
3027,4.485353859279169,2.995652243651277,2025-40-110
3028,2.217645711685516,3.136580344016883,2025-41-110
3029,3.824248800916889,3.281397448487287,2025-42-110
3030,2.596004650082734,4.5632100814374015,2025-43-110
3031,1.6543646307333113,3.7983725640414434,2025-44-110
3032,0.8271403631828568,3.255833757229576,2025-45-110
3033,1.2609004396892034,1.943322359615688,2025-46-110
3034,1.5422406142592564,0.9101329481177065,2025-47-110
3035,0.3148201456150223,1.3301893405464376,2025-48-110
3036,0.8400301390346772,0.8978097999426375,2025-49-110
3037,0.4836292161943491,0.7457963732757896,2025-50-110
3038,2.351227382813161,0.40390560582406304,2025-51-110
3039,2.9014814219727096,1.7772487618669484,2025-52-110
3292,0.0,0.4886194666024283,2025-1-111
3293,0.0,0.6623895907989058,2025-2-111
3294,0.6378035883893582,0.9251894799292877,2025-3-111
3295,0.0,0.5654719610528486,2025-4-111
3296,0.0,0.22599082868402484,2025-5-111
3297,0.0,0.2296889600167512,2025-6-111
3298,1.2644690155910128,0.25622255815305084,2025-7-111
3299,0.0,0.5734179369064233,2025-8-111
3300,0.0,0.6645065435444195,2025-9-111
3301,0.0,0.3168555914109652,2025-10-111
3302,0.0,0.3222383595153687,2025-11-111
3303,0.0,0.20665000942482312,2025-12-111
3304,0.0,0.1704805138909523,2025-13-111
3305,0.0,0.1704805138909523,2025-14-111
3306,0.0,0.1786731507864852,2025-15-111
3307,0.0,0.1704805138909523,2025-16-111
3308,1.7162391836078663,0.1704805138909523,2025-17-111
3309,0.0,0.48178783155332,2025-18-111
3310,0.0,0.7085410063358328,2025-19-111
3311,0.0,0.3168555914109652,2025-20-111
3312,0.0,0.322287243633196,2025-21-111
3313,0.0,0.20665000942482312,2025-22-111
3314,0.0,0.1704805138909523,2025-23-111
3315,0.0,0.1704805138909523,2025-24-111
3316,0.0,0.18426583671621855,2025-25-111
3317,0.0,0.1704805138909523,2025-26-111
3318,0.0,0.1704805138909523,2025-27-111
3319,0.0,0.1704805138909523,2025-28-111
3320,0.0,0.1704805138909523,2025-29-111
3321,0.0,0.1704805138909523,2025-30-111
3322,0.0,0.1704805138909523,2025-31-111
3323,0.0,0.1704805138909523,2025-32-111
3324,0.0,0.1704805138909523,2025-33-111
3325,0.393967076598821,0.1704805138909523,2025-34-111
3326,0.0,0.1785865747702365,2025-35-111
3327,0.0,0.1704805138909523,2025-36-111
3328,0.0,0.17892982906718852,2025-37-111
3329,0.0,0.1704805138909523,2025-38-111
3330,0.0,0.1793481158034897,2025-39-111
3331,0.0,0.1704805138909523,2025-40-111
3332,0.0,0.1704805138909523,2025-41-111
3333,0.4317566053429302,0.1704805138909523,2025-42-111
3334,0.0,0.1785865747702365,2025-43-111
3335,0.3736020524042719,0.1704805138909523,2025-44-111
3336,0.7472136518193269,0.18703588994647272,2025-45-111
3337,0.0,0.3848341653298123,2025-46-111
3338,0.3483476305563006,0.20713825023892762,2025-47-111
3339,0.0,0.23510740364400498,2025-48-111
3340,0.0,0.26509016006558817,2025-49-111
3341,0.0,0.2150993246010593,2025-50-111
3342,0.7968137235511968,0.1704805138909523,2025-51-111
3343,0.0,0.4306988109656286,2025-52-111
3596,0.0,1.1602066119863599,2025-1-112
3597,0.0,0.5286066009039052,2025-2-112
3598,0.0,0.3793799937948429,2025-3-112
3599,0.0,0.2232579735104578,2025-4-112
3600,0.0,0.1704805138909523,2025-5-112
3601,3.8019598198963886,0.18426583671621855,2025-6-112
3602,0.0,1.6461647195992597,2025-7-112
3603,0.0,0.7877026091773787,2025-8-112
3604,0.0,0.5793306185380187,2025-9-112
3605,0.0,0.412141516688704,2025-10-112
3606,0.0,0.24611259083352446,2025-11-112
3607,0.0,0.17309575688007747,2025-12-112
3608,0.0,0.17309575688007747,2025-13-112
3609,0.0,0.1868810797053437,2025-14-112
3610,7.861830612873395,0.1754071612539491,2025-15-112
3611,0.0,1.6348393698758337,2025-16-112
3612,0.0,0.858148005372739,2025-17-112
3613,0.0,0.71992917641058,2025-18-112
3614,0.0,0.43609567935191784,2025-19-112
3615,0.0,0.32675975510258426,2025-20-112
3616,0.0,0.17748092424548992,2025-21-112
3617,4.81548204400725,0.1754071612539491,2025-22-112
3618,0.0,2.54075772972721,2025-23-112
3619,0.0,0.8115169242163316,2025-24-112
3620,0.0,0.750403199781975,2025-25-112
3621,0.0,0.4360322733710712,2025-26-112
3622,0.0,0.25597475903336575,2025-27-112
3623,0.0,0.17516951987161836,2025-28-112
3624,0.0,0.17480227527551814,2025-29-112
3625,0.0,0.19120284108990948,2025-30-112
3626,0.0,0.17309575688007747,2025-31-112
3627,0.0,0.1704805138909523,2025-32-112
3628,0.0,0.17516951987161836,2025-33-112
3629,0.0,0.17309575688007747,2025-34-112
3630,0.0,0.1754071612539491,2025-35-112
3631,0.0,0.17309575688007747,2025-36-112
3632,1.397514217266346,0.1774175182646433,2025-37-112
3633,0.0,0.4816417991861666,2025-38-112
3634,1.2497849318586496,0.6645065435444195,2025-39-112
3635,0.0,0.551339899089992,2025-40-112
3636,0.0,0.7525923030972543,2025-41-112
3637,0.0,0.3556403299339613,2025-42-112
3638,0.0,0.3166609656089609,2025-43-112
3639,0.0,0.20926525241394828,2025-44-112
3640,2.448680600727681,0.18426583671621855,2025-45-112
3641,0.0,1.2631167302843915,2025-46-112
3642,0.0,0.7870974682420999,2025-47-112
3643,0.0,0.4011796314739741,2025-48-112
3644,0.0,0.3347951710708703,2025-49-112
3645,1.0744148056046838,0.21506533661492497,2025-50-112
3646,1.3059998358712364,0.4751204838783518,2025-51-112
3647,0.0,1.0181866974677531,2025-52-112
3900,2.778926407112824,0.755917978238649,2025-1-113
3901,3.270711775704971,1.7673253507809292,2025-2-113
3902,0.0,3.575463803288003,2025-3-113
3903,0.7992971914831863,1.3668810415828165,2025-4-113
3904,0.843735893539309,0.8391870153691338,2025-5-113
3905,0.0,0.7495980421190328,2025-6-113
3906,2.131711544948698,0.33829872666925354,2025-7-113
3907,0.0,1.3010467961274028,2025-8-113
3908,0.0,0.8414064891277355,2025-9-113
3909,1.2658535188773503,0.4232641145902873,2025-10-113
3910,1.104788453688802,0.7343209769459267,2025-11-113
3911,0.0,1.0423406177280499,2025-12-113
3912,1.029968748802716,0.7601525084990045,2025-13-113
3913,0.0,0.7134748705987088,2025-14-113
3914,0.0,0.6945526843538232,2025-15-113
3915,2.2934090887619614,0.3462704251594081,2025-16-113
3916,0.0,1.359324112905957,2025-17-113
3917,0.0,0.7870974682420999,2025-18-113
3918,0.0,0.38938809004215647,2025-19-113
3919,0.0,0.3347951710708703,2025-20-113
3920,0.0,0.2232579735104578,2025-21-113
3921,0.0,0.1704805138909523,2025-22-113
3922,0.0,0.1704805138909523,2025-23-113
3923,0.0,0.1868810797053437,2025-24-113
3924,0.0,0.1704805138909523,2025-25-113
3925,0.9074518059546436,0.1704805138909523,2025-26-113
3926,0.0,0.4246766533288161,2025-27-113
3927,0.557836238257466,0.304437249398424,2025-28-113
3928,0.0,0.34879440996173267,2025-29-113
3929,0.457210791728264,0.2824850999666676,2025-30-113
3930,0.4193895004818067,0.23703456248546606,2025-31-113
3931,0.4137001331745459,0.2600505829698286,2025-32-113
3932,0.7462130223348536,0.22288969395233693,2025-33-113
3933,0.0,0.399256322042887,2025-34-113
3934,0.3556797895803137,0.225651738691917,2025-35-113
3935,0.3686283937735118,0.25216764245207524,2025-36-113
3936,0.3599179033374633,0.2731962209448724,2025-37-113
3937,0.0,0.2150993246010593,2025-38-113
3938,0.0,0.17892982906718852,2025-39-113
3939,0.0,0.18779743097972593,2025-40-113
3940,0.5632952388939845,0.18754075269902262,2025-41-113
3941,0.0,0.26243193810911025,2025-42-113
3942,0.7419605401457483,0.18982133315015406,2025-43-113
3943,0.0,0.3935530292398536,2025-44-113
3944,0.3152623923967164,0.271285341349746,2025-45-113
3945,1.7302771580739826,0.266724087163624,2025-46-113
3946,0.0,0.5980255192511914,2025-47-113
3947,0.3600766622722313,0.7085410063358328,2025-48-113
3948,0.3202915445410281,0.3250482283064981,2025-49-113
3949,0.5532530067194679,0.3268420606182943,2025-50-113
3950,0.3362445732214809,0.30376054081308745,2025-51-113
3951,1.1065946273577671,0.18982133315015406,2025-52-113
4204,0.0,0.21515119630386326,2025-1-114
4205,0.6466029156165791,0.19786160425647914,2025-2-114
4206,0.0,0.3741518143767552,2025-3-114
4207,0.0,0.18982133315015406,2025-4-114
4208,0.0,0.23368434159168194,2025-5-114
4209,0.0,0.25622255815305084,2025-6-114
4210,1.475302632588209,0.20209719741057136,2025-7-114
4211,0.0,0.48178783155332,2025-8-114
4212,0.0,0.7085410063358328,2025-9-114
4213,0.0,0.3250482283064981,2025-10-114
4214,0.0,0.322287243633196,2025-11-114
4215,0.0,0.20665000942482312,2025-12-114
4216,0.0,0.1704805138909523,2025-13-114
4217,0.0,0.1704805138909523,2025-14-114
4218,0.0,0.18426583671621855,2025-15-114
4219,0.0,0.1704805138909523,2025-16-114
4220,0.0,0.1704805138909523,2025-17-114
4221,0.0,0.1704805138909523,2025-18-114
4222,0.0,0.1704805138909523,2025-19-114
4223,0.0,0.1704805138909523,2025-20-114
4224,2.405344407816099,0.1704805138909523,2025-21-114
4225,0.0,1.2357439120141513,2025-22-114
4226,0.0,0.7870974682420999,2025-23-114
4227,0.0,0.39856438848484893,2025-24-114
4228,1.203059025925178,0.3347951710708703,2025-25-114
4229,0.0,0.5829879399542375,2025-26-114
4230,0.0,0.6645065435444195,2025-27-114
4231,0.0,0.3168555914109652,2025-28-114
4232,0.0,0.327831045445102,2025-29-114
4233,0.6334484531557087,0.20665000942482312,2025-30-114
4234,0.0,0.36533724343656554,2025-31-114
4235,0.0,0.18982133315015406,2025-32-114
4236,0.0,0.23788159691228408,2025-33-114
4237,0.460526831903375,0.25622255815305084,2025-34-114
4238,0.0,0.21020325828985556,2025-35-114
4239,0.5108502560694234,0.1704805138909523,2025-36-114
4240,0.0,0.19127301043271794,2025-37-114
4241,0.0,0.1786731507864852,2025-38-114
4242,0.0,0.21558309197926157,2025-39-114
4243,0.4736969344697851,0.1704805138909523,2025-40-114
4244,0.0,0.2059676651357633,2025-41-114
4245,0.0,0.1704805138909523,2025-42-114
4246,0.0,0.18316694955343368,2025-43-114
4247,0.0,0.17447589546588307,2025-44-114
4248,0.0,0.19786160425647914,2025-45-114
4249,0.3998089697027613,0.1704805138909523,2025-46-114
4250,0.4075682693378251,0.1785865747702365,2025-47-114
4251,0.0,0.1785865747702365,2025-48-114
4252,0.0,0.17892982906718852,2025-49-114
4253,0.0,0.17892982906718852,2025-50-114
4254,0.0,0.1793481158034897,2025-51-114
4255,0.7672847732229292,0.1793481158034897,2025-52-114
4508,0.5533513705735907,0.20665000942482312,2025-1-115
4509,0.6513270427615138,0.2509490932074477,2025-2-115
4510,0.7494006346933991,0.40394656492301356,2025-3-115
4511,0.0,0.4233062807532823,2025-4-115
4512,0.0,0.33049378747554486,2025-5-115
4513,0.0,0.3524661314257224,2025-6-115
4514,1.4863385853904432,0.28783924167266983,2025-7-115
4515,1.1768202365196934,0.5697781120251422,2025-8-115
4516,1.2281277535041055,1.0379991024684287,2025-9-115
4517,0.0,1.0909642911685136,2025-10-115
4518,0.0,0.8794801498872511,2025-11-115
4519,1.1455417659491087,0.4870821783588501,2025-12-115
4520,0.0,0.751227686825106,2025-13-115
4521,0.0,0.6617352622467908,2025-14-115
4522,0.0,0.3156783235319449,2025-15-115
4523,0.0,0.3222383595153687,2025-16-115
4524,0.0,0.21484264632035596,2025-17-115
4525,2.120716254111948,0.1704805138909523,2025-18-115
4526,0.0,1.1440876273612242,2025-19-115
4527,0.0,0.7870974682420999,2025-20-115
4528,0.0,0.3657014856794175,2025-21-115
4529,0.0,0.3347951710708703,2025-22-115
4530,0.0,0.21506533661492497,2025-23-115
4531,0.0,0.1704805138909523,2025-24-115
4532,0.0,0.1704805138909523,2025-25-115
4533,0.0,0.18426583671621855,2025-26-115
4534,0.0,0.1704805138909523,2025-27-115
4535,0.0,0.1704805138909523,2025-28-115
4536,0.0,0.1704805138909523,2025-29-115
4537,0.0,0.1704805138909523,2025-30-115
4538,0.0,0.1704805138909523,2025-31-115
4539,0.5779995373482342,0.1704805138909523,2025-32-115
4540,0.0,0.25053935288026524,2025-33-115
4541,0.0,0.18982133315015406,2025-34-115
4542,0.0,0.19723207132687912,2025-35-115
4543,0.0,0.25622255815305084,2025-36-115
4544,0.0,0.20209719741057136,2025-37-115
4545,0.0,0.1704805138909523,2025-38-115
4546,0.0,0.1704805138909523,2025-39-115
4547,0.0,0.1786731507864852,2025-40-115
4548,0.0,0.1704805138909523,2025-41-115
4549,0.0,0.1704805138909523,2025-42-115
4550,0.0,0.1704805138909523,2025-43-115
4551,0.0,0.1704805138909523,2025-44-115
4552,0.0,0.1704805138909523,2025-45-115
4553,0.0,0.1704805138909523,2025-46-115
4554,0.0,0.1704805138909523,2025-47-115
4555,0.0,0.1704805138909523,2025-48-115
4556,0.0,0.1704805138909523,2025-49-115
4557,0.0,0.1704805138909523,2025-50-115
4558,0.0,0.1704805138909523,2025-51-115
4559,0.0,0.1704805138909523,2025-52-115
4812,0.0,0.44167088839241053,2025-1-116
4813,0.0,0.35833672261059013,2025-2-116
4814,0.0,0.25615091880297003,2025-3-116
4815,0.0,0.1983655995975312,2025-4-116
4816,0.0,0.18687258673186702,2025-5-116
4817,0.0,0.2028897223041292,2025-6-116
4818,0.0,0.18910439947886307,2025-7-116
4819,0.0,0.19383632136342563,2025-8-116
4820,0.0,0.1914571417746606,2025-9-116
4821,0.0,0.19383632136342563,2025-10-116
4822,0.0,0.19383632136342563,2025-11-116
4823,0.0,0.19383632136342563,2025-12-116
4824,0.0,0.19383632136342563,2025-13-116
4825,0.0,0.19383632136342563,2025-14-116
4826,0.0,0.19383632136342563,2025-15-116
4827,0.0,0.19383632136342563,2025-16-116
4828,0.0,0.19383632136342563,2025-17-116
4829,0.0,0.19383632136342563,2025-18-116
4830,0.0,0.19383632136342563,2025-19-116
4831,0.0,0.19383632136342563,2025-20-116
4832,0.0,0.19383632136342563,2025-21-116
4833,0.0,0.19383632136342563,2025-22-116
4834,0.0,0.19383632136342563,2025-23-116
4835,0.0,0.19383632136342563,2025-24-116
4836,0.0,0.1914571417746606,2025-25-116
4837,10.476197797384582,0.18910439947886307,2025-26-116
4838,0.0,4.829167244828451,2025-27-116
4839,0.0,0.9144350744433248,2025-28-116
4840,0.0,1.0653855440350506,2025-29-116
4841,0.0,0.44542684462568904,2025-30-116
4842,0.0,0.34295710246506483,2025-31-116
4843,0.0,0.19383632136342563,2025-32-116
4844,0.0,0.19383632136342563,2025-33-116
4845,0.0,0.20762164418869183,2025-34-116
4846,0.0,0.19383632136342563,2025-35-116
4847,0.0,0.19383632136342563,2025-36-116
4848,0.0,0.19383632136342563,2025-37-116
4849,0.0,0.1914571417746606,2025-38-116
4850,0.0,0.19383632136342563,2025-39-116
4851,0.0,0.1914571417746606,2025-40-116
4852,0.0,0.19383632136342563,2025-41-116
4853,0.0,0.186812089519261,2025-42-116
4854,0.0,0.18458027677226496,2025-43-116
4855,0.0,0.18910439947886307,2025-44-116
4856,0.0,0.18927424022850536,2025-45-116
4857,0.0,0.18458027677226496,2025-46-116
4858,0.0,0.18454231834394275,2025-47-116
4859,0.0,0.18458027677226496,2025-48-116
4860,0.0,0.18458027677226496,2025-49-116
4861,0.0,0.18231050559694673,2025-50-116
4862,0.0,0.18458027677226496,2025-51-116
4863,0.0,0.18231050559694673,2025-52-116
5116,0.0,0.1704805138909523,2025-1-117
5117,0.0,0.1704805138909523,2025-2-117
5118,0.0,0.1704805138909523,2025-3-117
5119,0.0,0.1704805138909523,2025-4-117
5120,0.0,0.1704805138909523,2025-5-117
5121,0.0,0.1704805138909523,2025-6-117
5122,0.0,0.1704805138909523,2025-7-117
5123,0.0,0.1704805138909523,2025-8-117
5124,0.0,0.1704805138909523,2025-9-117
5125,0.0,0.1704805138909523,2025-10-117
5126,0.0,0.1704805138909523,2025-11-117
5127,0.0,0.1704805138909523,2025-12-117
5128,0.0,0.1704805138909523,2025-13-117
5129,0.0,0.1704805138909523,2025-14-117
5130,0.0,0.1704805138909523,2025-15-117
5131,0.0,0.1704805138909523,2025-16-117
5132,0.0,0.1704805138909523,2025-17-117
5133,0.0,0.1704805138909523,2025-18-117
5134,0.0,0.1704805138909523,2025-19-117
5135,0.0,0.1704805138909523,2025-20-117
5136,0.0,0.1704805138909523,2025-21-117
5137,0.0,0.1704805138909523,2025-22-117
5138,0.0,0.1704805138909523,2025-23-117
5139,0.0,0.1704805138909523,2025-24-117
5140,0.0,0.1704805138909523,2025-25-117
5141,0.0,0.1704805138909523,2025-26-117
5142,0.0,0.1704805138909523,2025-27-117
5143,0.0,0.1704805138909523,2025-28-117
5144,0.0,0.1704805138909523,2025-29-117
5145,0.0,0.1704805138909523,2025-30-117
5146,0.0,0.1704805138909523,2025-31-117
5147,0.0,0.1704805138909523,2025-32-117
5148,0.0,0.1704805138909523,2025-33-117
5149,0.0,0.1704805138909523,2025-34-117
5150,0.0,0.1704805138909523,2025-35-117
5151,0.0,0.1704805138909523,2025-36-117
5152,0.0,0.1704805138909523,2025-37-117
5153,0.0,0.1704805138909523,2025-38-117
5154,0.0,0.1704805138909523,2025-39-117
5155,0.0,0.1704805138909523,2025-40-117
5156,0.0,0.1704805138909523,2025-41-117
5157,0.0,0.1704805138909523,2025-42-117
5158,0.0,0.1704805138909523,2025-43-117
5159,0.0,0.1704805138909523,2025-44-117
5160,0.0,0.1704805138909523,2025-45-117
5161,0.0,0.1704805138909523,2025-46-117
5162,0.0,0.1704805138909523,2025-47-117
5163,0.0,0.1704805138909523,2025-48-117
5164,0.0,0.1704805138909523,2025-49-117
5165,0.0,0.1704805138909523,2025-50-117
5166,0.0,0.1704805138909523,2025-51-117
5167,0.0,0.1704805138909523,2025-52-117
5420,1.2797521506999323,0.8382470980326086,2025-1-118
5421,0.5020819613923595,0.8051808747646895,2025-2-118
5422,0.5776455747880854,0.7783742569216905,2025-3-118
5423,0.0,0.4317677059081238,2025-4-118
5424,1.813348303209725,0.37644921546754206,2025-5-118
5425,0.0,0.6361063619326304,2025-6-118
5426,0.0,0.7322953218591706,2025-7-118
5427,0.0,0.35246765650551504,2025-8-118
5428,0.9462856948333496,0.3304798805287289,2025-9-118
5429,0.0,0.4838415880729374,2025-10-118
5430,1.1872781455950092,0.3542037389892306,2025-11-118
5431,0.0,0.5466980554052548,2025-12-118
5432,1.1068963012309971,0.6858577705197597,2025-13-118
5433,0.0,0.6310579830497476,2025-14-118
5434,0.0,0.7032681931585938,2025-15-118
5435,1.2323916034829752,0.3436551821702829,2025-16-118
5436,0.0,0.6687942940440675,2025-17-118
5437,1.633083387572002,0.6690613605295178,2025-18-118
5438,2.6130650110102507,0.5617523313442192,2025-19-118
5439,0.0,1.6717305724387073,2025-20-118
5440,0.0,0.9259418510103795,2025-21-118
5441,0.0,0.5314212703869614,2025-22-118
5442,0.0,0.3814689555444978,2025-23-118
5443,0.0,0.2232579735104578,2025-24-118
5444,0.0,0.1704805138909523,2025-25-118
5445,0.9753678298520746,0.18426583671621855,2025-26-118
5446,1.4686054727660158,0.4328692902243489,2025-27-118
5447,0.0,0.6958863871101354,2025-28-118
5448,0.622471852055808,0.8222953299046718,2025-29-118
5449,0.4914499586340887,0.5849606131470076,2025-30-118
5450,0.9016019895620688,0.3807061299705161,2025-31-118
5451,0.0,0.5304542100173331,2025-32-118
5452,0.0,0.3689053909471255,2025-33-118
5453,0.0,0.28868962517379054,2025-34-118
5454,0.3823353236730243,0.30431069389825877,2025-35-118
5455,0.7925168321912427,0.21475607030410732,2025-36-118
5456,1.160697100759798,0.4153779630489624,2025-37-118
5457,1.1209583041576838,0.5285626032097316,2025-38-118
5458,1.0379766961111698,1.0063289477401913,2025-39-118
5459,0.0,1.0126564284395527,2025-40-118
5460,0.3027737309490397,0.8075536264414006,2025-41-118
5461,0.3916312722709649,0.47043285363581516,2025-42-118
5462,0.7976307166634415,0.3074198371206208,2025-43-118
5463,0.0,0.48056201830627565,2025-44-118
5464,0.0,0.21137204361490794,2025-45-118
5465,0.0,0.24330004053953785,2025-46-118
5466,0.6320666771467021,0.273282796961121,2025-47-118
5467,0.3871135854843823,0.40613811978197534,2025-48-118
5468,0.0,0.19792739402943824,2025-49-118
5469,0.0,0.2296889600167512,2025-50-118
5470,0.0,0.27286451022481983,2025-51-118
5471,0.0,0.20209719741057136,2025-52-118
5724,0.0,0.4749993140598213,2025-1-119
5725,0.0,0.2955092371451336,2025-2-119
5726,0.3427765468922375,0.2339251907876205,2025-3-119
5727,0.0,0.2584705565460757,2025-4-119
5728,0.0,0.2102898343061042,2025-5-119
5729,1.2500488585634049,0.18292521064211928,2025-6-119
5730,0.0,0.4865545695810807,2025-7-119
5731,0.5383800134359902,0.6690613605295178,2025-8-119
5732,0.0,0.37629984143502926,2025-9-119
5733,0.0,0.3266529162694121,2025-10-119
5734,0.0,0.22698674013673073,2025-11-119
5735,0.5241494758491416,0.2403661669481614,2025-12-119
5736,0.0,0.27185583234082233,2025-13-119
5737,0.0,0.19647783377109784,2025-14-119
5738,0.0,0.1951390059874258,2025-15-119
5739,1.4645574158141554,0.21918918870266083,2025-16-119
5740,2.7726214763131813,0.544401234674323,2025-17-119
5741,1.9411315223497128,1.7148673015129965,2025-18-119
5742,3.882856085500409,1.904565652658926,2025-19-119
5743,3.807303126717132,2.262350142483204,2025-20-119
5744,1.1097263874178953,3.548811687739542,2025-21-119
5745,0.0,2.161999769254079,2025-22-119
5746,0.9476167995866523,1.537444364342011,2025-23-119
5747,1.3172278759175775,0.8265728161172509,2025-24-119
5748,2.22080894434779,0.9536419564888395,2025-25-119
5749,0.0,1.9861507194044348,2025-26-119
5750,0.4368091372500902,0.9864819673325385,2025-27-119
5751,0.3567149863326294,0.5831692327438164,2025-28-119
5752,0.3703605189942329,0.3863319492562956,2025-29-119
5753,0.8773032218298762,0.23467586767881538,2025-30-119
5754,0.2682737829694315,0.46058671208893176,2025-31-119
5755,0.7939922772009014,0.28554554257463616,2025-32-119
5756,0.0,0.5016383744995364,2025-33-119
5757,0.0,0.2922363474112899,2025-34-119
5758,0.2276221922682905,0.2805253079254383,2025-35-119
5759,0.0,0.2633972039090725,2025-36-119
5760,0.2303860780529085,0.21589841817238561,2025-37-119
5761,0.0,0.18561015516017615,2025-38-119
5762,0.0,0.1774175182646433,2025-39-119
5763,0.4376745037922622,0.18359979814948194,2025-40-119
5764,0.1803655560218041,0.18351322213323326,2025-41-119
5765,0.0,0.17516951987161836,2025-42-119
5766,0.0,0.18817823781475107,2025-43-119
5767,0.4039041661660163,0.17972892263851484,2025-44-119
5768,0.4039656379457506,0.19670258543033645,2025-45-119
5769,0.0,0.187834983517799,2025-46-119
5770,0.1883794695117875,0.18586683344087948,2025-47-119
5771,0.2307720963882367,0.18586683344087948,2025-48-119
5772,0.0,0.18142187879503055,2025-49-119
5773,0.1773288843896816,0.18628512017718066,2025-50-119
5774,0.0,0.17480227527551814,2025-51-119
5775,0.0,0.1774175182646433,2025-52-119
6028,0.0,0.1704805138909523,2025-1-120
6029,0.0,0.1704805138909523,2025-2-120
6030,0.0,0.1704805138909523,2025-3-120
6031,0.0,0.1704805138909523,2025-4-120
6032,0.0,0.1704805138909523,2025-5-120
6033,0.0,0.1704805138909523,2025-6-120
6034,0.0,0.1704805138909523,2025-7-120
6035,5.338286323693333,0.1704805138909523,2025-8-120
6036,0.0,1.6461647195992597,2025-9-120
6037,0.0,0.7877026091773787,2025-10-120
6038,0.0,0.600503711794127,2025-11-120
6039,0.0,0.4311690319889211,2025-12-120
6040,0.0,0.25335951604424056,2025-13-120
6041,0.0,0.1704805138909523,2025-14-120
6042,0.0,0.1704805138909523,2025-15-120
6043,0.0,0.18426583671621855,2025-16-120
6044,0.0,0.1704805138909523,2025-17-120
6045,0.0,0.1704805138909523,2025-18-120
6046,0.0,0.1704805138909523,2025-19-120
6047,0.0,0.1704805138909523,2025-20-120
6048,0.0,0.1704805138909523,2025-21-120
6049,0.0,0.1704805138909523,2025-22-120
6050,0.0,0.1704805138909523,2025-23-120
6051,0.0,0.1704805138909523,2025-24-120
6052,0.0,0.1704805138909523,2025-25-120
6053,0.0,0.1704805138909523,2025-26-120
6054,0.0,0.1704805138909523,2025-27-120
6055,0.0,0.1704805138909523,2025-28-120
6056,0.0,0.1704805138909523,2025-29-120
6057,0.0,0.1704805138909523,2025-30-120
6058,0.0,0.1704805138909523,2025-31-120
6059,0.0,0.1704805138909523,2025-32-120
6060,0.0,0.1704805138909523,2025-33-120
6061,0.0,0.1704805138909523,2025-34-120
6062,0.0,0.1704805138909523,2025-35-120
6063,0.0,0.1704805138909523,2025-36-120
6064,0.0,0.1704805138909523,2025-37-120
6065,0.0,0.1704805138909523,2025-38-120
6066,0.0,0.1704805138909523,2025-39-120
6067,0.0,0.1704805138909523,2025-40-120
6068,0.0,0.1704805138909523,2025-41-120
6069,0.0,0.1704805138909523,2025-42-120
6070,0.0,0.1704805138909523,2025-43-120
6071,0.0,0.1704805138909523,2025-44-120
6072,0.0,0.1704805138909523,2025-45-120
6073,0.0,0.1704805138909523,2025-46-120
6074,0.0,0.1704805138909523,2025-47-120
6075,0.0,0.1704805138909523,2025-48-120
6076,0.0,0.1704805138909523,2025-49-120
6077,0.0,0.1704805138909523,2025-50-120
6078,0.0,0.1704805138909523,2025-51-120
6079,0.0,0.1704805138909523,2025-52-120
6332,0.7251059497216249,1.009365660468669,2025-1-201
6333,1.706720310793157,0.7103736570030691,2025-2-201
6334,0.701216380022457,0.8425012707637685,2025-3-201
6335,0.4170227205296558,0.8964361723599269,2025-4-201
6336,0.8803464859131047,0.46577471074167404,2025-5-201
6337,1.5334461568414368,0.7460289734311918,2025-6-201
6338,0.555964350976516,0.7965989977642054,2025-7-201
6339,0.2200605262884795,0.7991043932773926,2025-8-201
6340,0.4592386074524118,0.43491956825530836,2025-9-201
6341,1.320258849647563,0.39759156299267445,2025-10-201
6342,1.152180407904391,0.7018734053123474,2025-11-201
6343,0.642237372801866,1.0593696237294123,2025-12-201
6344,1.6109725379979647,0.8677247698960643,2025-13-201
6345,1.5840604892214436,0.7956149619322131,2025-14-201
6346,0.5279993333803387,1.2873115138509272,2025-15-201
6347,1.4942788004240164,0.9139309256143838,2025-16-201
6348,0.7542252733997606,0.837739543199477,2025-17-201
6349,2.3757159558058407,0.9535999733391278,2025-18-201
6350,3.800995722324959,1.6261468699543347,2025-19-201
6351,1.242106521903338,2.8313282838442255,2025-20-201
6352,2.2623191865296195,1.4856019055656764,2025-21-201
6353,0.6463514543102418,2.1489467938407922,2025-22-201
6354,1.931095991326342,1.205553449352473,2025-23-201
6355,1.341895237327141,1.2793220992563348,2025-24-201
6356,1.3571777695955536,1.3294204409188906,2025-25-201
6357,0.4726303780079822,1.305612341681683,2025-26-201
6358,1.4231446896759916,0.896542894310024,2025-27-201
6359,1.016724321916204,0.8237553642119225,2025-28-201
6360,0.3015469677842665,1.0940226953115404,2025-29-201
6361,1.428323154761678,0.7125335791088905,2025-30-201
6362,0.5458602629409585,0.800097537985931,2025-31-201
6363,0.6460944403527764,0.7656776259230931,2025-32-201
6364,1.5537354720922023,0.5468978903855228,2025-33-201
6365,1.5568570450926311,0.7107702715515639,2025-34-201
6366,1.0181376975374303,1.246245282480609,2025-35-201
6367,1.1510385556939289,1.1333238637816179,2025-36-201
6368,1.123750093716151,1.1310129594921232,2025-37-201
6369,1.0851781258386148,1.1847235037479569,2025-38-201
6370,1.4234020564716474,1.1407397132876436,2025-39-201
6371,0.8001024880261267,1.3040158702690132,2025-40-201
6372,0.6593173707498176,1.032086897685678,2025-41-201
6373,0.5684904703361962,0.6750704288581351,2025-42-201
6374,1.3506886525185036,0.487580251587363,2025-43-201
6375,1.3116452629878732,0.7707187158895225,2025-44-201
6376,1.1476437871961,1.187913871647392,2025-45-201
6377,0.4498708404280223,1.1583399891065436,2025-46-201
6378,0.9935156797974576,0.8557448565954384,2025-47-201
6379,0.6552329483758137,0.7581544921353222,2025-48-201
6380,1.4153452457223843,0.6981660090399502,2025-49-201
6381,1.1503951798460832,0.6765604183487974,2025-50-201
6382,1.136049394171809,1.23368975449799,2025-51-201
6383,0.8627275992383646,1.0971366723535747,2025-52-201
6636,0.3670097343415845,0.23384201346157923,2025-1-202
6637,0.0,0.19639463850926775,2025-2-202
6638,0.0,0.2800693190639759,2025-3-202
6639,0.0,0.21450355632824816,2025-4-202
6640,0.0,0.1793481158034897,2025-5-202
6641,0.0,0.1793481158034897,2025-6-202
6642,0.9850295711439272,0.1786731507864852,2025-7-202
6643,0.7798016534378249,0.44397850065797895,2025-8-202
6644,0.0,0.5460177958496881,2025-9-202
6645,0.0,0.31120002138772734,2025-10-202
6646,0.0,0.33038641344964376,2025-11-202
6647,0.0,0.30432039410979916,2025-12-202
6648,0.0,0.2208706598073027,2025-13-202
6649,0.0,0.18455379743166286,2025-14-202
6650,0.0,0.1903936920313982,2025-15-202
6651,0.0,0.18583161089647793,2025-16-202
6652,0.0,0.17767693242926733,2025-17-202
6653,0.0,0.17767693242926733,2025-18-202
6654,1.1227020473909337,0.1754071612539491,2025-19-202
6655,0.0,0.4729006885196575,2025-20-202
6656,1.6038049998796735,0.6368868976536777,2025-21-202
6657,0.0,0.5476753111320959,2025-22-202
6658,0.0,0.7949114993226796,2025-23-202
6659,0.9513607732736084,0.359962091318527,2025-24-202
6660,2.4055424120890034,0.6286391137388829,2025-25-202
6661,0.0,1.6465698687978272,2025-26-202
6662,0.0,0.8756720920712247,2025-27-202
6663,1.0298410352594056,0.49142981527689256,2025-28-202
6664,0.5345268655619438,0.8070588471169896,2025-29-202
6665,0.4219872599559794,0.6556640518453682,2025-30-202
6666,0.0,0.3336390663998475,2025-31-202
6667,0.3817841880098317,0.2916736483149064,2025-32-202
6668,0.3443022147880427,0.3091243597558436,2025-33-202
6669,0.0,0.2027882516194758,2025-34-202
6670,0.3281826458408844,0.1947978413342635,2025-35-202
6671,0.0,0.19204911332571814,2025-36-202
6672,0.0,0.19259190612598298,2025-37-202
6673,0.0,0.18859652455105227,2025-38-202
6674,0.5938114076470534,0.17972892263851484,2025-39-202
6675,0.0,0.3196339865398239,2025-40-202
6676,0.0,0.19474798051315076,2025-41-202
6677,0.0,0.20429661582201905,2025-42-202
6678,0.0,0.26114920551604753,2025-43-202
6679,0.290725985023941,0.20702384477356806,2025-44-202
6680,0.0,0.1754071612539491,2025-45-202
6681,0.2659151257409773,0.1704805138909523,2025-46-202
6682,0.5420973920962534,0.18128839377561035,2025-47-202
6683,0.3319885731300529,0.23984336116375649,2025-48-202
6684,0.0,0.18798135826031143,2025-49-202
6685,0.0,0.19081724460285998,2025-50-202
6686,0.0,0.25194452209054435,2025-51-202
6687,0.0,0.2004768472456043,2025-52-202
6940,0.0,0.6021977810904813,2025-1-203
6941,0.9875103060156958,0.3820780091044395,2025-2-203
6942,0.0,0.5496215224180233,2025-3-203
6943,0.8445520458213953,0.42559358673715025,2025-4-203
6944,3.5658249259404817,0.5663357013185754,2025-5-203
6945,0.0,1.8846523113778224,2025-6-203
6946,1.126011154615421,0.8139175276954573,2025-7-203
6947,0.0,0.7830487230558392,2025-8-203
6948,0.0,0.8083900867572379,2025-9-203
6949,0.0,0.39131040047451704,2025-10-203
6950,1.1668766038438734,0.3093815456604791,2025-11-203
6951,0.8672582190210432,0.5815735040374982,2025-12-203
6952,2.1754577444794623,0.7987921916039918,2025-13-203
6953,1.2834979795016614,1.1815848038062031,2025-14-203
6954,0.0,1.3006670622023158,2025-15-203
6955,0.0,0.8970663775910801,2025-16-203
6956,1.527894930073974,0.5056667206803681,2025-17-203
6957,0.0,0.7680402698710245,2025-18-203
6958,0.0,0.7196358414075068,2025-19-203
6959,0.0,0.3276634712956233,2025-20-203
6960,0.0,0.3386878094475873,2025-21-203
6961,0.0,0.2197692936833527,2025-22-203
6962,0.0,0.1754071612539491,2025-23-203
6963,0.0,0.17309575688007747,2025-24-203
6964,0.0,0.18919248407921527,2025-25-203
6965,0.957636794759328,0.17309575688007747,2025-26-203
6966,0.0,0.4224568579701218,2025-27-203
6967,0.0,0.35000648366862847,2025-28-203
6968,0.0,0.2884143262314428,2025-29-203
6969,0.4823850925155181,0.2631442807074659,2025-30-203
6970,0.0,0.21475607030410732,2025-31-203
6971,0.0,0.1704805138909523,2025-32-203
6972,0.787164204922153,0.19081724460285998,2025-33-203
6973,0.0,0.4199342372323426,2025-34-203
6974,0.3751559115183498,0.22703782927166233,2025-35-203
6975,0.0,0.24582870751241434,2025-36-203
6976,0.0,0.25883780114217597,2025-37-203
6977,0.0,0.21771456759018445,2025-38-203
6978,0.339403281340949,0.17309575688007747,2025-39-203
6979,0.0,0.18196335879261485,2025-40-203
6980,0.0,0.1786731507864852,2025-41-203
6981,0.0,0.18154507205631368,2025-42-203
6982,0.0,0.17309575688007747,2025-43-203
6983,0.0,0.18196335879261485,2025-44-203
6984,0.0,0.1704805138909523,2025-45-203
6985,0.0,0.1704805138909523,2025-46-203
6986,0.0,0.1704805138909523,2025-47-203
6987,0.3795103138828709,0.17309575688007747,2025-48-203
6988,0.0,0.1785865747702365,2025-49-203
6989,0.0,0.1704805138909523,2025-50-203
6990,0.0,0.17892982906718852,2025-51-203
6991,0.0,0.1704805138909523,2025-52-203
7244,0.0,1.6967170298294902,2025-1-204
7245,0.0,0.8171096101460649,2025-2-204
7246,0.0,0.6195988002459842,2025-3-204
7247,0.0,0.4383436777449428,2025-4-204
7248,0.0,0.26260792479180306,2025-5-204
7249,0.0,0.17968728943996154,2025-6-204
7250,0.0,0.18652281652043112,2025-7-204
7251,0.0,0.20274775127065794,2025-8-204
7252,0.0,0.18423050656082907,2025-9-204
7253,0.0,0.18910439947886307,2025-10-204
7254,0.0,0.19158832297040074,2025-11-204
7255,0.0,0.19383632136342563,2025-12-204
7256,0.0,0.19383632136342563,2025-13-204
7257,0.0,0.19383632136342563,2025-14-204
7258,0.0,0.19383632136342563,2025-15-204
7259,0.0,0.19383632136342563,2025-16-204
7260,0.0,0.19383632136342563,2025-17-204
7261,0.0,0.19383632136342563,2025-18-204
7262,0.0,0.19383632136342563,2025-19-204
7263,0.0,0.19383632136342563,2025-20-204
7264,19.662427111228475,0.19383632136342563,2025-21-204
7265,0.0,5.062443911515971,2025-22-204
7266,16.78515318622945,1.920693932195234,2025-23-204
7267,0.0,6.453469097928693,2025-24-204
7268,0.0,3.3300404693887997,2025-25-204
7269,0.0,2.404628229263783,2025-26-204
7270,0.0,0.8955355782572998,2025-27-204
7271,0.0,1.0894025524697433,2025-28-204
7272,0.0,0.20065790955713322,2025-29-204
7273,0.0,0.1914571417746606,2025-30-204
7274,0.0,0.20762164418869183,2025-31-204
7275,4.681747468590109,0.18910439947886307,2025-32-204
7276,0.0,1.6880046120372276,2025-33-204
7277,0.0,0.8161810708860007,2025-34-204
7278,0.0,0.7033987496287053,2025-35-204
7279,0.0,0.477401181300577,2025-36-204
7280,4.072368203948691,0.26981202122135073,2025-37-204
7281,0.0,1.9211308204778106,2025-38-204
7282,0.0,0.8161810708860007,2025-39-204
7283,0.0,0.6111424665920068,2025-40-204
7284,0.0,0.4274308447902606,2025-41-204
7285,0.0,0.2527457565919618,2025-42-204
7286,0.0,0.17972892263851484,2025-43-204
7287,0.0,0.18199869381383307,2025-44-204
7288,0.0,0.195746058210777,2025-45-204
7289,0.0,0.17972892263851484,2025-46-204
7290,0.0,0.17972892263851484,2025-47-204
7291,0.0,0.17972892263851484,2025-48-204
7292,0.0,0.17972892263851484,2025-49-204
7293,0.0,0.17972892263851484,2025-50-204
7294,11.407749258372576,0.17972892263851484,2025-51-204
7295,0.0,3.1905214244210716,2025-52-204
7548,1.1108354389105508,2.601331109962808,2025-1-205
7549,5.229458372650904,1.5319384085480856,2025-2-205
7550,1.50404400138039,2.3753972884783163,2025-3-205
7551,0.0,1.6292547109832518,2025-4-205
7552,0.0,1.730043323581466,2025-5-205
7553,2.741220932453821,0.5771707003939733,2025-6-205
7554,0.0,1.7830367878200784,2025-7-205
7555,0.0,0.8440591516987588,2025-8-205
7556,0.0,0.4093722683695069,2025-9-205
7557,0.0,0.36396979700033666,2025-10-205
7558,0.0,0.23833938793810813,2025-11-205
7559,0.0,0.17990874517626332,2025-12-205
7560,0.0,0.18220105513586532,2025-13-205
7561,0.0,0.1960468102973271,2025-14-205
7562,0.0,0.17767693242926733,2025-15-205
7563,0.0,0.17990874517626332,2025-16-205
7564,4.0464531405349415,0.17996924238886933,2025-17-205
7565,8.497530412446423,1.6353734990006905,2025-18-205
7566,6.79800738727808,4.369208562892755,2025-19-205
7567,3.332348258853155,5.497450356394957,2025-20-205
7568,4.855695365930865,5.560353153364058,2025-21-205
7569,3.468345193880262,4.620933608935356,2025-22-205
7570,0.0,3.660144167803926,2025-23-205
7571,0.0,2.3877221658928964,2025-24-205
7572,0.0,0.9166892659866099,2025-25-205
7573,0.0,0.5005677673107825,2025-26-205
7574,1.909517258602568,0.27748357750566927,2025-27-205
7575,0.0,1.0423360206433463,2025-28-205
7576,1.6185404075075114,0.748251143747438,2025-29-205
7577,1.277793956514044,0.5942195827009962,2025-30-205
7578,1.1720444804984111,1.2108796828557977,2025-31-205
7579,0.0,1.1651997072752787,2025-32-205
7580,0.0,0.8701553387848387,2025-33-205
7581,0.0,0.4896974213479753,2025-34-205
7582,0.9938354606663148,0.37117518673499444,2025-35-205
7583,3.089922133978802,0.5135176499548803,2025-36-205
7584,0.0,1.8943751364110337,2025-37-205
7585,0.0,0.8756720920712247,2025-38-205
7586,1.7983627335463843,0.5477124111394978,2025-39-205
7587,2.864243798192348,0.8502761141772605,2025-40-205
7588,0.7867823414804079,2.1399167212096053,2025-41-205
7589,2.0352675391759587,1.0584040322699655,2025-42-205
7590,2.0724962598822447,1.2330764725151797,2025-43-205
7591,0.0,2.1706966639274814,2025-44-205
7592,0.8805409376777101,1.0859464428946837,2025-45-205
7593,0.8054230087397384,0.8146567864159256,2025-46-205
7594,0.0,0.7782803078191377,2025-47-205
7595,1.0055855779392748,0.3343472879714491,2025-48-205
7596,0.8944411401425693,0.6312800901229426,2025-49-205
7597,0.0,0.7364727425846566,2025-50-205
7598,1.877829001334788,0.4266050755908145,2025-51-205
7599,1.5449398059921997,1.0078773380025419,2025-52-205
7852,0.0,0.1704805138909523,2025-1-206
7853,0.7931113991973412,0.1704805138909523,2025-2-206
7854,0.912431143557604,0.41137727776603455,2025-3-206
7855,1.3566441645010112,0.44892623098100237,2025-4-206
7856,0.0,0.674089380996967,2025-5-206
7857,0.0,0.7866838117803456,2025-6-206
7858,0.0,0.4456888537613494,2025-7-206
7859,0.0,0.3502152181537065,2025-8-206
7860,1.4942919160663626,0.20665000942482312,2025-9-206
7861,2.148049566900148,0.4958030189243705,2025-10-206
7862,0.0,1.57587553853894,2025-11-206
7863,0.0,0.9064995345765047,2025-12-206
7864,0.0,0.5160986734662307,2025-13-206
7865,2.06214653519856,0.3735799095938663,2025-14-206
7866,0.0,1.4447422183253777,2025-15-206
7867,0.0,0.7894088726159716,2025-16-206
7868,0.0,0.3765093655640755,2025-17-206
7869,0.0,0.35350714125913335,2025-18-206
7870,0.0,0.21999198397792172,2025-19-206
7871,2.0217401313552945,0.1754071612539491,2025-20-206
7872,0.0,1.0399112415291885,2025-21-206
7873,0.0,0.7804238823097529,2025-22-206
7874,0.0,0.3683167286685427,2025-23-206
7875,0.0,0.33741041405999544,2025-24-206
7876,0.0,0.21768057960405013,2025-25-206
7877,1.538957686272093,0.1704805138909523,2025-26-206
7878,1.1585427733937927,0.4853905866701433,2025-27-206
7879,0.0,1.0321765519929114,2025-28-206
7880,0.982005323870609,0.7982975219999239,2025-29-206
7881,0.0,0.7111586981259194,2025-30-206
7882,0.7111090419803288,0.5074681157785613,2025-31-206
7883,0.0,0.517130544819275,2025-32-206
7884,0.0,0.2824850999666676,2025-33-206
7885,0.0,0.2876774649922671,2025-34-206
7886,0.0,0.2644151950485837,2025-35-206
7887,0.0,0.20926525241394828,2025-36-206
7888,1.220255228024521,0.1786731507864852,2025-37-206
7889,0.5892096721891916,0.4876103820288376,2025-38-206
7890,0.0,0.7164005952162269,2025-39-206
7891,0.0,0.3321172851851397,2025-40-206
7892,1.432112084557577,0.33128916274089343,2025-41-206
7893,0.0,0.683796004364319,2025-42-206
7894,0.0,0.7010573761623725,2025-43-206
7895,0.0,0.3168555914109652,2025-44-206
7896,0.5342620364504479,0.3304798805287289,2025-45-206
7897,0.0,0.2862216314155741,2025-46-206
7898,0.0,0.1856699538864398,2025-47-206
7899,0.6101357988184174,0.18820200161373482,2025-48-206
7900,0.0,0.41135636672317427,2025-49-206
7901,0.0,0.21720242351568078,2025-50-206
7902,0.0,0.22544181693644688,2025-51-206
7903,0.0,0.25622255815305084,2025-52-206
8156,1.5893208718542584,0.5201887465147137,2025-1-207
8157,1.8704626717384407,0.7238393393639186,2025-2-207
8158,0.0,1.502894768053242,2025-3-207
8159,0.0,0.9133181003252393,2025-4-207
8160,0.0,0.49054355025356855,2025-5-207
8161,0.0,0.35845673916706666,2025-6-207
8162,0.0,0.21484264632035596,2025-7-207
8163,0.0,0.1786731507864852,2025-8-207
8164,0.0,0.18426583671621855,2025-9-207
8165,0.0,0.1868810797053437,2025-10-207
8166,0.0,0.17536552805539574,2025-11-207
8167,0.0,0.1754071612539491,2025-12-207
8168,2.060125745767244,0.17536552805539574,2025-13-207
8169,2.4308890963113887,1.102182009589148,2025-14-207
8170,0.0,2.0457948819281615,2025-15-207
8171,0.0,0.9622238630467354,2025-16-207
8172,0.0,0.5465444408137611,2025-17-207
8173,0.0,0.38430664115783963,2025-18-207
8174,0.0,0.21999198397792172,2025-19-207
8175,0.0,0.1754071612539491,2025-20-207
8176,3.472106460155275,0.18919248407921527,2025-21-207
8177,0.0,1.5892115605680903,2025-22-207
8178,0.0,0.8138283285902032,2025-23-207
8179,0.0,0.5561728487091162,2025-24-207
8180,0.0,0.38845494745773707,2025-25-207
8181,0.0,0.248423995207396,2025-26-207
8182,1.36523892464909,0.17309575688007747,2025-27-207
8183,0.0,0.4853905866701433,2025-28-207
8184,0.0,0.6700992294741528,2025-29-207
8185,0.0,0.3215445973916312,2025-30-207
8186,0.0,0.3166609656089609,2025-31-207
8187,0.0,0.20665000942482312,2025-32-207
8188,0.0,0.17309575688007747,2025-33-207
8189,0.0,0.17309575688007747,2025-34-207
8190,0.0,0.18919248407921527,2025-35-207
8191,0.0,0.17309575688007747,2025-36-207
8192,0.0,0.17972892263851484,2025-37-207
8193,0.694156335742644,0.17309575688007747,2025-38-207
8194,0.0,0.3719320190180609,2025-39-207
8195,0.0,0.19243657613927923,2025-40-207
8196,0.0,0.23510740364400498,2025-41-207
8197,0.0,0.25883780114217597,2025-42-207
8198,0.0,0.21157665678781984,2025-43-207
8199,0.0,0.17309575688007747,2025-44-207
8200,0.6293212567984835,0.1704805138909523,2025-45-207
8201,0.0,0.37352988033209833,2025-46-207
8202,0.5867331564538697,0.18982133315015406,2025-47-207
8203,0.0,0.3282315380981824,2025-48-207
8204,0.0,0.2755633774122525,2025-49-207
8205,0.0,0.2288487548464981,2025-50-207
8206,0.0,0.25622255815305084,2025-51-207
8207,1.104006145694426,0.20209719741057136,2025-52-207
8460,0.0,0.1980139700456869,2025-1-208
8461,0.0,0.26248849400953167,2025-2-208
8462,0.0,0.2644151950485837,2025-3-208
8463,1.920620963065541,0.20665000942482312,2025-4-208
8464,2.0272130077916417,0.9131975015347397,2025-5-208
8465,0.0,1.7682130477915232,2025-6-208
8466,0.0,0.9582916647537482,2025-7-208
8467,0.0,0.5157278764258243,2025-8-208
8468,2.114897596497314,0.3709646666047411,2025-9-208
8469,0.0,1.6700387557783614,2025-10-208
8470,0.0,0.7870974682420999,2025-11-208
8471,0.0,0.3738941225749503,2025-12-208
8472,0.0,0.34858049389613655,2025-13-208
8473,2.917774707069788,0.21506533661492497,2025-14-208
8474,0.0,1.7003491960815484,2025-15-208
8475,0.0,0.7870974682420999,2025-16-208
8476,0.0,0.4067570253803817,2025-17-208
8477,3.6464354895507447,0.36728995301610295,2025-18-208
8478,0.0,1.8708092068040338,2025-19-208
8479,2.8596426685512526,0.8115169242163316,2025-20-208
8480,0.0,1.6304900314573434,2025-21-208
8481,0.0,1.1440889011051467,2025-22-208
8482,0.0,0.47991521540423904,2025-23-208
8483,0.0,0.357262882119459,2025-24-208
8484,0.0,0.22316327521426194,2025-25-208
8485,0.0,0.18426583671621855,2025-26-208
8486,0.0,0.1704805138909523,2025-27-208
8487,0.0,0.18426583671621855,2025-28-208
8488,0.0,0.1704805138909523,2025-29-208
8489,0.0,0.1704805138909523,2025-30-208
8490,0.0,0.1704805138909523,2025-31-208
8491,0.0,0.1704805138909523,2025-32-208
8492,0.894103633056196,0.1704805138909523,2025-33-208
8493,0.0,0.4246766533288161,2025-34-208
8494,2.5565421398969006,0.2785357760226423,2025-35-208
8495,0.8831206693154897,1.3118501948807244,2025-36-208
8496,0.0,1.006749093768893,2025-37-208
8497,0.832565339985773,0.6514635534882656,2025-38-208
8498,0.0,0.6827421986659974,2025-39-208
8499,0.0,0.3295623531645057,2025-40-208
8500,0.0,0.27946953607340863,2025-41-208
8501,0.8722575516590964,0.25622255815305084,2025-42-208
8502,0.0,0.48056201830627565,2025-43-208
8503,0.0,0.23148603514193092,2025-44-208
8504,0.0,0.24032889108309619,2025-45-208
8505,0.0,0.2644151950485837,2025-46-208
8506,0.0,0.20665000942482312,2025-47-208
8507,0.0,0.1704805138909523,2025-48-208
8508,0.0,0.1704805138909523,2025-49-208
8509,0.0,0.1786731507864852,2025-50-208
8510,0.0,0.1704805138909523,2025-51-208
8511,0.0,0.1704805138909523,2025-52-208
8764,0.0,3.3590547421797203,2025-1-209
8765,0.0,1.9021245113344778,2025-2-209
8766,0.0,0.6773357212255842,2025-3-209
8767,5.426412316134035,0.4598263802113271,2025-4-209
8768,2.863741278630094,2.2735534521539655,2025-5-209
8769,0.0,3.211355941677598,2025-6-209
8770,0.0,1.8722948309348755,2025-7-209
8771,0.0,0.6251434746565124,2025-8-209
8772,0.0,0.45216788416251885,2025-9-209
8773,0.0,0.25357018639615636,2025-10-209
8774,0.0,0.19383632136342563,2025-11-209
8775,2.784992373533877,0.20762164418869183,2025-12-209
8776,3.4927996322211325,1.4246052104688034,2025-13-209
8777,0.0,3.0245001796684114,2025-14-209
8778,0.0,1.3466375479595363,2025-15-209
8779,0.0,0.7030343992926208,2025-16-209
8780,0.0,0.44013912270848465,2025-17-209
8781,0.0,0.2646213425698765,2025-18-209
8782,0.0,0.19383632136342563,2025-19-209
8783,4.038735521818522,0.20762164418869183,2025-20-209
8784,0.0,1.6529828839894365,2025-21-209
8785,4.203001604854449,0.8161810708860007,2025-22-209
8786,0.0,2.8047085762508175,2025-23-209
8787,0.0,1.1987019706269861,2025-24-209
8788,0.0,0.7279655273473271,2025-25-209
8789,0.0,0.4322821989240109,2025-26-209
8790,2.313211946930105,0.2646213425698765,2025-27-209
8791,1.8886369264263043,1.4084566751916885,2025-28-209
8792,0.0,1.8174288095685631,2025-29-209
8793,0.0,0.9779223456655208,2025-30-209
8794,0.0,0.48695280239764116,2025-31-209
8795,0.0,0.39140599368461465,2025-32-209
8796,1.2625110709389924,0.2277740041503004,2025-33-209
8797,1.124452976372044,0.4967203942528448,2025-34-209
8798,0.0,0.9631968501779424,2025-35-209
8799,1.246945994424397,0.7808539183857345,2025-36-209
8800,0.0,0.7152435261706591,2025-37-209
8801,1.1755274421275508,0.7575723683259349,2025-38-209
8802,0.0,0.6460754321017219,2025-39-209
8803,0.0,0.7421887294891039,2025-40-209
8804,0.0,0.37282621776242697,2025-41-209
8805,0.0,0.33649617215213645,2025-42-209
8806,0.0,0.2277740041503004,2025-43-209
8807,0.0,0.2020289582589585,2025-44-209
8808,1.0653714889804409,0.19383632136342563,2025-45-209
8809,0.0,0.49242313299789187,2025-46-209
8810,0.9931787219016092,0.6159562414423341,2025-47-209
8811,0.0,0.5391600176741733,2025-48-209
8812,2.1637822345320945,0.43734090028756545,2025-49-209
8813,2.802886060134335,1.3753376263863668,2025-50-209
8814,5.677642207058975,2.4146769831883876,2025-51-209
8815,1.8683302066845209,3.2175910356473127,2025-52-209
9068,0.1605144094879839,0.4429506640468939,2025-1-210
9069,0.566704073995096,0.34847187363370075,2025-2-210
9070,0.4346132552763228,0.4000343135225756,2025-3-210
9071,0.3230805500183558,0.2587133423282983,2025-4-210
9072,0.0,0.23082231005705706,2025-5-210
9073,0.0,0.2875762086836438,2025-6-210
9074,0.8613874878451759,0.23364564177857752,2025-7-210
9075,1.3637787921832731,0.44582416023432336,2025-8-210
9076,0.355746284185035,0.5500412385404396,2025-9-210
9077,0.5113535302448584,0.7268272768972938,2025-10-210
9078,2.2312223443651527,0.420177930270259,2025-11-210
9079,0.6632952058734726,1.4171748419100185,2025-12-210
9080,0.0,0.8924454382842276,2025-13-210
9081,2.9446653304896,0.4082578077490752,2025-14-210
9082,0.8179118687020595,1.706285400768614,2025-15-210
9083,0.925880560759456,1.0287551979107001,2025-16-210
9084,1.752451010788058,0.6475324220423346,2025-17-210
9085,0.0,0.9229352103173314,2025-18-210
9086,0.0,0.8876491068712223,2025-19-210
9087,0.4809755876947297,0.4611239116277976,2025-20-210
9088,0.7008067493808267,0.3785887999361226,2025-21-210
9089,0.5005452647934548,0.4594906141151764,2025-22-210
9090,0.0,0.24246540423566426,2025-23-210
9091,0.0,0.2594517515824635,2025-24-210
9092,0.3503166593724073,0.33174745129215916,2025-25-210
9093,0.7319596973985971,0.2277740041503004,2025-26-210
9094,0.2754957573264624,0.42012565191157836,2025-27-210
9095,0.4498641005074795,0.21924727621009843,2025-28-210
9096,0.0,0.26755781246174765,2025-29-210
9097,0.0,0.28807527616184936,2025-30-210
9098,0.5071657153046732,0.2362233193265366,2025-31-210
9099,0.1667447793218386,0.20194238224270983,2025-32-210
9100,0.1503678283737003,0.21165996147754051,2025-33-210
9101,0.1339258468122641,0.21739770368594338,2025-34-210
9102,0.1433152303232743,0.19383632136342563,2025-35-210
9103,0.2970349003708651,0.22121741172895237,2025-36-210
9104,0.579972891180366,0.19383632136342563,2025-37-210
9105,0.1400133171450217,0.2774138743384265,2025-38-210
9106,0.6481694927089537,0.214793342608793,2025-39-210
9107,1.1010913988407371,0.4081586963484735,2025-40-210
9108,0.5670777986013803,0.6219530781086038,2025-41-210
9109,0.4400521913226786,0.6962747162209593,2025-42-210
9110,0.2987160594650255,0.4236905396811153,2025-43-210
9111,0.2538154982058668,0.3613520531695214,2025-44-210
9112,0.0,0.32151389147051856,2025-45-210
9113,0.3482012474237748,0.22545300488304462,2025-46-210
9114,0.3549077467570048,0.215443316784999,2025-47-210
9115,0.57957668933343,0.19964977867019343,2025-48-210
9116,0.3866146767825676,0.2986872072217347,2025-49-210
9117,0.445165049848864,0.22735333708938263,2025-50-210
9118,1.217364849969143,0.23520879929537641,2025-51-210
9119,0.4451098591348578,0.6331270824656232,2025-52-210
9372,0.0,0.1704805138909523,2025-1-211
9373,0.0,0.1704805138909523,2025-2-211
9374,0.0,0.1704805138909523,2025-3-211
9375,0.0,0.1704805138909523,2025-4-211
9376,0.0,0.1704805138909523,2025-5-211
9377,0.0,0.1704805138909523,2025-6-211
9378,0.0,0.1704805138909523,2025-7-211
9379,0.0,0.1704805138909523,2025-8-211
9380,0.0,0.1704805138909523,2025-9-211
9381,0.0,0.1704805138909523,2025-10-211
9382,0.0,0.1704805138909523,2025-11-211
9383,0.0,0.1704805138909523,2025-12-211
9384,0.0,0.1704805138909523,2025-13-211
9385,0.0,0.1704805138909523,2025-14-211
9386,0.0,0.17309575688007747,2025-15-211
9387,0.0,0.1754071612539491,2025-16-211
9388,0.0,0.1754071612539491,2025-17-211
9389,0.0,0.17309575688007747,2025-18-211
9390,0.0,0.17309575688007747,2025-19-211
9391,0.0,0.1704805138909523,2025-20-211
9392,0.0,0.1704805138909523,2025-21-211
9393,7.138409480099811,0.1704805138909523,2025-22-211
9394,0.0,1.6461647195992597,2025-23-211
9395,0.0,0.8558366009988676,2025-24-211
9396,0.0,0.8281257066566137,2025-25-211
9397,0.0,0.4311690319889211,2025-26-211
9398,0.0,0.2822845589509589,2025-27-211
9399,0.0,0.1704805138909523,2025-28-211
9400,0.0,0.1704805138909523,2025-29-211
9401,0.0,0.18426583671621855,2025-30-211
9402,0.0,0.1704805138909523,2025-31-211
9403,0.0,0.1704805138909523,2025-32-211
9404,0.0,0.1704805138909523,2025-33-211
9405,0.0,0.1704805138909523,2025-34-211
9406,0.0,0.1704805138909523,2025-35-211
9407,0.0,0.1704805138909523,2025-36-211
9408,0.0,0.1704805138909523,2025-37-211
9409,0.0,0.1704805138909523,2025-38-211
9410,0.0,0.1704805138909523,2025-39-211
9411,0.0,0.1704805138909523,2025-40-211
9412,0.0,0.1704805138909523,2025-41-211
9413,0.0,0.1704805138909523,2025-42-211
9414,0.0,0.1704805138909523,2025-43-211
9415,0.0,0.1704805138909523,2025-44-211
9416,0.0,0.1704805138909523,2025-45-211
9417,0.0,0.1704805138909523,2025-46-211
9418,0.0,0.1704805138909523,2025-47-211
9419,0.0,0.1704805138909523,2025-48-211
9420,0.0,0.1704805138909523,2025-49-211
9421,0.0,0.1704805138909523,2025-50-211
9422,0.0,0.1704805138909523,2025-51-211
9423,0.0,0.1704805138909523,2025-52-211
9676,0.0,0.1704805138909523,2025-1-212
9677,0.0,0.1704805138909523,2025-2-212
9678,0.0,0.1704805138909523,2025-3-212
9679,0.0,0.1704805138909523,2025-4-212
9680,0.0,0.1704805138909523,2025-5-212
9681,0.0,0.1704805138909523,2025-6-212
9682,0.0,0.1704805138909523,2025-7-212
9683,0.0,0.1704805138909523,2025-8-212
9684,0.0,0.1704805138909523,2025-9-212
9685,0.0,0.1704805138909523,2025-10-212
9686,0.0,0.1704805138909523,2025-11-212
9687,0.0,0.1704805138909523,2025-12-212
9688,0.0,0.1704805138909523,2025-13-212
9689,0.0,0.1704805138909523,2025-14-212
9690,0.0,0.1704805138909523,2025-15-212
9691,0.0,0.1704805138909523,2025-16-212
9692,0.0,0.1704805138909523,2025-17-212
9693,0.0,0.1704805138909523,2025-18-212
9694,0.0,0.1704805138909523,2025-19-212
9695,0.0,0.1704805138909523,2025-20-212
9696,0.0,0.1704805138909523,2025-21-212
9697,0.0,0.1704805138909523,2025-22-212
9698,0.0,0.1704805138909523,2025-23-212
9699,0.0,0.1704805138909523,2025-24-212
9700,0.0,0.1704805138909523,2025-25-212
9701,0.0,0.1704805138909523,2025-26-212
9702,0.0,0.1704805138909523,2025-27-212
9703,0.0,0.1704805138909523,2025-28-212
9704,0.0,0.1704805138909523,2025-29-212
9705,0.0,0.1704805138909523,2025-30-212
9706,0.0,0.1704805138909523,2025-31-212
9707,0.0,0.1704805138909523,2025-32-212
9708,0.0,0.1704805138909523,2025-33-212
9709,0.0,0.1704805138909523,2025-34-212
9710,0.0,0.1704805138909523,2025-35-212
9711,0.0,0.1704805138909523,2025-36-212
9712,0.0,0.1704805138909523,2025-37-212
9713,0.0,0.1704805138909523,2025-38-212
9714,0.0,0.1704805138909523,2025-39-212
9715,0.0,0.1704805138909523,2025-40-212
9716,0.0,0.1704805138909523,2025-41-212
9717,1.3609520397086932,0.1704805138909523,2025-42-212
9718,0.0,0.48178783155332,2025-43-212
9719,0.0,0.6645065435444195,2025-44-212
9720,0.0,0.3168555914109652,2025-45-212
9721,0.0,0.31404572261983577,2025-46-212
9722,0.0,0.20665000942482312,2025-47-212
9723,0.0,0.1704805138909523,2025-48-212
9724,0.0,0.1704805138909523,2025-49-212
9725,0.0,0.18426583671621855,2025-50-212
9726,0.0,0.1704805138909523,2025-51-212
9727,0.0,0.1704805138909523,2025-52-212
9980,0.0,0.19383632136342563,2025-1-213
9981,0.0,0.19383632136342563,2025-2-213
9982,0.8069012032987694,0.19383632136342563,2025-3-213
9983,0.0,0.42533864412379185,2025-4-213
9984,0.0,0.21570671942684705,2025-5-213
9985,0.0,0.2512591146869306,2025-6-213
9986,0.0,0.27521229267438124,2025-7-213
9987,0.0,0.2277740041503004,2025-8-213
9988,0.0,0.19383632136342563,2025-9-213
9989,0.0,0.19383632136342563,2025-10-213
9990,0.0,0.2020289582589585,2025-11-213
9991,0.0,0.19383632136342563,2025-12-213
9992,0.0,0.19383632136342563,2025-13-213
9993,1.8229998853791152,0.19383632136342563,2025-14-213
9994,0.0,0.5000477881860066,2025-15-213
9995,0.0,0.7180565071392523,2025-16-213
9996,0.0,0.3306958980800193,2025-17-213
9997,0.0,0.3365450562699637,2025-18-213
9998,0.0,0.2277740041503004,2025-19-213
9999,0.0,0.19383632136342563,2025-20-213
10000,0.0,0.19383632136342563,2025-21-213
10001,0.0,0.20762164418869183,2025-22-213
10002,0.0,0.19383632136342563,2025-23-213
10003,0.0,0.19383632136342563,2025-24-213
10004,0.0,0.19383632136342563,2025-25-213
10005,0.0,0.19383632136342563,2025-26-213
10006,0.0,0.19383632136342563,2025-27-213
10007,0.8358937994075308,0.19383632136342563,2025-28-213
10008,0.0,0.42533864412379185,2025-29-213
10009,0.0,0.21570671942684705,2025-30-213
10010,0.628308920760309,0.2512591146869306,2025-31-213
10011,0.0,0.4619024635414671,2025-32-213
10012,0.0,0.244735643820737,2025-33-213
10013,0.0,0.24811044223499512,2025-34-213
10014,0.0,0.27521229267438124,2025-35-213
10015,0.0,0.23364564177857752,2025-36-213
10016,0.0,0.19383632136342563,2025-37-213
10017,0.0,0.19383632136342563,2025-38-213
10018,0.0,0.2020289582589585,2025-39-213
10019,0.0,0.19383632136342563,2025-40-213
10020,0.0,0.19383632136342563,2025-41-213
10021,0.0,0.19383632136342563,2025-42-213
10022,0.0,0.19383632136342563,2025-43-213
10023,0.0,0.19383632136342563,2025-44-213
10024,0.0,0.19383632136342563,2025-45-213
10025,0.0,0.19383632136342563,2025-46-213
10026,0.0,0.19383632136342563,2025-47-213
10027,1.077652763917814,0.19383632136342563,2025-48-213
10028,0.0,0.484230496102359,2025-49-213
10029,0.4138936162806233,0.6239447816853609,2025-50-213
10030,0.5030611327127974,0.3294320541847503,2025-51-213
10031,0.8277412279632225,0.3007218585868104,2025-52-213
10284,0.9120197874757864,1.167302363212687,2025-1-214
10285,1.07318073937644,0.8013609454499894,2025-2-214
10286,0.0,0.842560221700031,2025-3-214
10287,0.0,0.9899581000107913,2025-4-214
10288,0.0,0.4178163240663697,2025-5-214
10289,0.0,0.3367981743842075,2025-6-214
10290,0.0,0.2415593269755666,2025-7-214
10291,0.0,0.19383632136342563,2025-8-214
10292,0.0,0.2020289582589585,2025-9-214
10293,0.0,0.2020289582589585,2025-10-214
10294,0.0,0.19383632136342563,2025-11-214
10295,0.0,0.19383632136342563,2025-12-214
10296,0.0,0.19383632136342563,2025-13-214
10297,0.0,0.19383632136342563,2025-14-214
10298,0.0,0.19383632136342563,2025-15-214
10299,0.0,0.19383632136342563,2025-16-214
10300,0.0,0.19383632136342563,2025-17-214
10301,0.0,0.19383632136342563,2025-18-214
10302,0.0,0.19383632136342563,2025-19-214
10303,0.0,0.19383632136342563,2025-20-214
10304,0.0,0.19383632136342563,2025-21-214
10305,0.0,0.19383632136342563,2025-22-214
10306,0.0,0.19383632136342563,2025-23-214
10307,0.0,0.19383632136342563,2025-24-214
10308,3.96943526929924,0.19383632136342563,2025-25-214
10309,2.0732096443772163,1.6461647195992597,2025-26-214
10310,1.5604435008305368,3.1442301915646818,2025-27-214
10311,3.821665444991909,1.914968489671348,2025-28-214
10312,5.288694541083887,1.9021662354170212,2025-29-214
10313,3.130886462441321,4.863454848755332,2025-30-214
10314,0.9570830957503632,4.648206604848684,2025-31-214
10315,9.4388761114467,2.1825778509984937,2025-32-214
10316,3.404317129318793,5.930148602257946,2025-33-214
10317,0.7579255815101369,4.936647011248424,2025-34-214
10318,2.4328921757237105,2.117143719963559,2025-35-214
10319,0.0,2.2292243194252435,2025-36-214
10320,0.0,1.29575018940212,2025-37-214
10321,0.7919906109557797,0.5720143231852713,2025-38-214
10322,0.0,0.6958368447875101,2025-39-214
10323,0.778356346353314,0.29382897940835845,2025-40-214
10324,0.6413054963991497,0.48029725714634725,2025-41-214
10325,0.8293207120610364,0.5023245838536221,2025-42-214
10326,0.8443362482626054,0.5565001549092926,2025-43-214
10327,0.7173354643165799,0.597550170578819,2025-44-214
10328,0.0,0.5857705043538396,2025-45-214
10329,0.6559004106812767,0.38940604608347457,2025-46-214
10330,0.0,0.5681781423529247,2025-47-214
10331,0.0,0.33430425202722547,2025-48-214
10332,2.183983502379147,0.2902407619174027,2025-49-214
10333,1.885822355261826,1.2472639576040754,2025-50-214
10334,4.583480805626605,1.8261720778461343,2025-51-214
10335,1.256754999005908,2.2608396214684374,2025-52-214
10588,0.0,1.1641690163511536,2025-1-215
10589,0.0,0.8073094405687885,2025-2-215
10590,2.2993466155733806,1.1381022595623462,2025-3-215
10591,0.0,1.6645115602446896,2025-4-215
10592,0.0,0.8215729072289613,2025-5-215
10593,0.0,0.3924205168265525,2025-6-215
10594,0.0,0.3490529837076382,2025-7-215
10595,0.0,0.24997465416566844,2025-8-215
10596,0.0,0.19383632136342563,2025-9-215
10597,0.0,0.19383632136342563,2025-10-215
10598,4.723426912813463,0.20762164418869183,2025-11-215
10599,0.0,1.6461647195992597,2025-12-215
10600,0.0,0.7923667558470479,2025-13-215
10601,0.0,0.6265021025413472,2025-14-215
10602,0.0,0.49054582700225524,2025-15-215
10603,0.0,0.27448351076971783,2025-16-215
10604,6.184768126123267,0.19383632136342563,2025-17-215
10605,0.0,1.9727004685521694,2025-18-215
10606,0.0,0.842279118559317,2025-19-215
10607,0.0,0.6350689263888608,2025-20-215
10608,0.0,0.44542684462568904,2025-21-215
10609,0.0,0.27448351076971783,2025-22-215
10610,0.0,0.19383632136342563,2025-23-215
10611,0.0,0.19383632136342563,2025-24-215
10612,0.0,0.20762164418869183,2025-25-215
10613,0.0,0.19383632136342563,2025-26-215
10614,0.0,0.19383632136342563,2025-27-215
10615,2.382656742688828,0.19383632136342563,2025-28-215
10616,0.0,1.2508407083512572,2025-29-215
10617,0.0,0.7917616149117691,2025-30-215
10618,1.7910142623010172,0.3924205168265525,2025-31-215
10619,0.0,0.7509877962216142,2025-32-215
10620,0.0,0.7478677994564444,2025-33-215
10621,0.0,0.3306958980800193,2025-34-215
10622,0.0,0.3365450562699637,2025-35-215
10623,0.0,0.2415593269755666,2025-36-215
10624,0.0,0.19383632136342563,2025-37-215
10625,0.0,0.19383632136342563,2025-38-215
10626,0.0,0.20762164418869183,2025-39-215
10627,0.0,0.19383632136342563,2025-40-215
10628,0.0,0.19383632136342563,2025-41-215
10629,1.5547978642236115,0.19383632136342563,2025-42-215
10630,0.0,0.4908978437773272,2025-43-215
10631,1.3453001216026987,0.7180565071392523,2025-44-215
10632,0.0,0.5603169643768959,2025-45-215
10633,0.0,0.7684742710065394,2025-46-215
10634,0.0,0.3646335808668941,2025-47-215
10635,0.0,0.3283035352566037,2025-48-215
10636,0.0,0.2277740041503004,2025-49-215
10637,0.0,0.20762164418869183,2025-50-215
10638,1.434330567771012,0.19383632136342563,2025-51-215
10639,4.720176010984535,0.4990904806728601,2025-52-215
10892,1.8899668310961064,0.7783498336546988,2025-1-216
10893,4.447957155563672,1.2710790304515935,2025-2-216
10894,5.116274873054603,3.1665045561008807,2025-3-216
10895,0.0,3.8825766550081555,2025-4-216
10896,4.013531062017913,2.252612377547411,2025-5-216
10897,0.0,3.3707031488976056,2025-6-216
10898,0.0,1.2771993728220536,2025-7-216
10899,0.0,0.7152282846872099,2025-8-216
10900,0.0,0.48268839153817905,2025-9-216
10901,0.0,0.29160716187660896,2025-10-216
10902,0.0,0.20762164418869183,2025-11-216
10903,3.9005608210654006,0.19383632136342563,2025-12-216
10904,0.0,1.701783073749155,2025-13-216
10905,0.0,0.7923667558470479,2025-14-216
10906,0.0,0.605329009285239,2025-15-216
10907,5.442489016602947,0.4237840863363468,2025-16-216
10908,0.0,2.1177520993738472,2025-17-216
10909,0.0,0.8161810708860007,2025-18-216
10910,0.0,0.6265021025413472,2025-19-216
10911,5.652210484926458,0.5043311498275213,2025-20-216
10912,0.0,2.0418389356835527,2025-21-216
10913,0.0,0.9030863144976601,2025-22-216
10914,0.0,0.6781175450303781,2025-23-216
10915,0.0,0.4592121674509552,2025-24-216
10916,0.0,0.27448351076971783,2025-25-216
10917,0.0,0.1914571417746606,2025-26-216
10918,0.0,0.19383632136342563,2025-27-216
10919,5.282201497687332,0.20762164418869183,2025-28-216
10920,0.0,1.6461647195992597,2025-29-216
10921,6.491276711000976,0.8161810708860007,2025-30-216
10922,5.953033461648418,3.2811312234554966,2025-31-216
10923,0.0,4.465520218420172,2025-32-216
10924,0.0,2.289917998522745,2025-33-216
10925,0.0,0.8175280292917843,2025-34-216
10926,0.0,0.526074034031981,2025-35-216
10927,0.0,0.3014693300764503,2025-36-216
10928,0.0,0.19383632136342563,2025-37-216
10929,0.0,0.20524246459992676,2025-38-216
10930,0.0,0.20762164418869183,2025-39-216
10931,0.0,0.19383632136342563,2025-40-216
10932,0.0,0.19383632136342563,2025-41-216
10933,0.0,0.19383632136342563,2025-42-216
10934,0.0,0.19383632136342563,2025-43-216
10935,0.0,0.19383632136342563,2025-44-216
10936,0.0,0.19383632136342563,2025-45-216
10937,0.0,0.1914571417746606,2025-46-216
10938,0.0,0.186812089519261,2025-47-216
10939,1.6975402759125315,0.18687258673186702,2025-48-216
10940,0.0,0.4838736119331626,2025-49-216
10941,1.3035696481555543,0.7157037648434548,2025-50-216
10942,3.1683521559639862,0.5603169643768959,2025-51-216
10943,2.606240399689711,1.762705905525799,2025-52-216
11196,0.0,0.23510740364400498,2025-1-301
11197,0.4885257255659089,0.25622255815305084,2025-2-301
11198,0.0,0.21475607030410732,2025-3-301
11199,0.4178667677602981,0.17503533087605072,2025-4-301
11200,1.323321883880323,0.19630806249301905,2025-5-301
11201,0.0,0.5107453286668528,2025-6-301
11202,0.0,0.6690613605295178,2025-7-301
11203,0.8823688022438078,0.3168555914109652,2025-8-301
11204,0.0,0.6078647945180885,2025-9-301
11205,0.0,0.3010603161527966,2025-10-301
11206,0.5776514030045304,0.24032889108309619,2025-11-301
11207,0.0,0.33818915866480814,2025-12-301
11208,1.0771025961600271,0.239776151509291,2025-13-301
11209,1.2710550426824363,0.4975187417881103,2025-14-301
11210,0.0,1.0501897550280597,2025-15-301
11211,0.5996240484348295,0.7921483595768088,2025-16-301
11212,0.7567124663506871,0.5410969444012844,2025-17-301
11213,0.0,0.5989440954598038,2025-18-301
11214,0.0,0.2839392412014862,2025-19-301
11215,0.6232837200935174,0.3208494479061034,2025-20-301
11216,0.0,0.502570421837061,2025-21-301
11217,0.0,0.2341834655795577,2025-22-301
11218,0.7754393776024038,0.22544181693644688,2025-23-301
11219,0.0,0.5157791568202899,2025-24-301
11220,0.0,0.23453941195829076,2025-25-301
11221,0.0,0.23510740364400498,2025-26-301
11222,0.0,0.25622255815305084,2025-27-301
11223,0.0,0.21484264632035596,2025-28-301
11224,0.6057934408787885,0.1704805138909523,2025-29-301
11225,0.0,0.3307940734453312,2025-30-301
11226,0.219364749663787,0.1980139700456869,2025-31-301
11227,0.0,0.22066166781780525,2025-32-301
11228,0.0,0.25622255815305084,2025-33-301
11229,0.0,0.20209719741057136,2025-34-301
11230,0.1860546972351753,0.1704805138909523,2025-35-301
11231,0.0,0.1704805138909523,2025-36-301
11232,0.0,0.1786731507864852,2025-37-301
11233,0.0,0.1704805138909523,2025-38-301
11234,0.0,0.1704805138909523,2025-39-301
11235,0.0,0.1704805138909523,2025-40-301
11236,0.0,0.1704805138909523,2025-41-301
11237,0.0,0.1704805138909523,2025-42-301
11238,0.0,0.1704805138909523,2025-43-301
11239,0.0,0.1704805138909523,2025-44-301
11240,0.3298860653455405,0.1704805138909523,2025-45-301
11241,0.0,0.1704805138909523,2025-46-301
11242,0.0,0.1704805138909523,2025-47-301
11243,0.0,0.1704805138909523,2025-48-301
11244,0.0,0.1704805138909523,2025-49-301
11245,0.1447423927294207,0.1793481158034897,2025-50-301
11246,0.0,0.1704805138909523,2025-51-301
11247,0.0,0.1704805138909523,2025-52-301
11500,0.5505904204491531,0.1704805138909523,2025-1-302
11501,0.6480399446549986,0.2967055705864505,2025-2-302
11502,0.0,0.5508188292361055,2025-3-302
11503,0.0,0.5925411556334285,2025-4-302
11504,0.0,0.31115296821634325,2025-5-302
11505,0.0,0.28783924167266983,2025-6-302
11506,0.0,0.33836517475807837,2025-7-302
11507,0.0,0.21959667217803322,2025-8-302
11508,1.2214375459402256,0.1786731507864852,2025-9-302
11509,0.0,0.4899804684488529,2025-10-302
11510,1.5325254665488988,0.6645065435444195,2025-11-302
11511,0.0,0.5535596944486864,2025-12-302
11512,0.0,0.7998795148972898,2025-13-302
11513,1.686069251522243,0.3530250869448361,2025-14-302
11514,2.810277190991576,0.6892733346281232,2025-15-302
11515,1.5908144995150726,2.1782508342895386,2025-16-302
11516,0.0,1.296229903291163,2025-17-302
11517,0.0,1.8764727450355807,2025-18-302
11518,0.0,0.5217484035265325,2025-19-302
11519,0.0,0.36687206635716846,2025-20-302
11520,0.0,0.20665000942482312,2025-21-302
11521,0.0,0.18426583671621855,2025-22-302
11522,0.0,0.18426583671621855,2025-23-302
11523,0.0,0.18426583671621855,2025-24-302
11524,1.205097496786324,0.1704805138909523,2025-25-302
11525,0.0,0.48178783155332,2025-26-302
11526,0.0,0.6645065435444195,2025-27-302
11527,0.0,0.3168555914109652,2025-28-302
11528,0.0,0.31404572261983577,2025-29-302
11529,0.0,0.20665000942482312,2025-30-302
11530,0.5819766185363575,0.1704805138909523,2025-31-302
11531,0.0,0.2621920217153424,2025-32-302
11532,0.0,0.1980139700456869,2025-33-302
11533,0.461210817400337,0.19723207132687912,2025-34-302
11534,0.0,0.264328619032335,2025-35-302
11535,0.0,0.20209719741057136,2025-36-302
11536,0.0,0.18316694955343368,2025-37-302
11537,0.0,0.1704805138909523,2025-38-302
11538,0.0,0.20605424115201199,2025-39-302
11539,0.0,0.1704805138909523,2025-40-302
11540,0.0,0.1704805138909523,2025-41-302
11541,0.0,0.1704805138909523,2025-42-302
11542,0.0,0.1704805138909523,2025-43-302
11543,0.0,0.1704805138909523,2025-44-302
11544,0.0,0.1704805138909523,2025-45-302
11545,0.0,0.1704805138909523,2025-46-302
11546,0.0,0.1704805138909523,2025-47-302
11547,0.0,0.1704805138909523,2025-48-302
11548,0.4446125371750533,0.1704805138909523,2025-49-302
11549,0.0,0.1785865747702365,2025-50-302
11550,0.0,0.1704805138909523,2025-51-302
11551,0.0,0.17892982906718852,2025-52-302
11804,0.2966407943900143,0.408489424672685,2025-1-303
11805,0.3491306056979508,0.38410394123687736,2025-2-303
11806,0.4016629716050431,0.29239205368692156,2025-3-303
11807,0.0,0.21475607030410732,2025-4-303
11808,0.0,0.18712246596272145,2025-5-303
11809,0.7321084847270977,0.18712246596272145,2025-6-303
11810,0.0,0.39584343399636457,2025-7-303
11811,0.0,0.19868893506269142,2025-8-303
11812,0.0,0.23510740364400498,2025-9-303
11813,0.9457181456849448,0.25622255815305084,2025-10-303
11814,0.0,0.4798462064980067,2025-11-303
11815,0.0,0.35000648366862847,2025-12-303
11816,0.769445392238904,0.2884143262314428,2025-13-303
11817,0.0,0.5205633837329592,2025-14-303
11818,0.0,0.23089958707700967,2025-15-303
11819,0.8566053577164326,0.23510740364400498,2025-16-303
11820,0.0,0.5262642443014061,2025-17-303
11821,0.0,0.2390922239725425,2025-18-303
11822,0.0,0.24032889108309619,2025-19-303
11823,1.780542077539025,0.25622255815305084,2025-20-303
11824,0.0,0.5871206933293545,2025-21-303
11825,0.0,0.7085410063358328,2025-22-303
11826,0.0,0.3168555914109652,2025-23-303
11827,0.7696196547600266,0.3304798805287289,2025-24-303
11828,0.0,0.4339856646169389,2025-25-303
11829,0.0,0.1947300915431389,2025-26-303
11830,1.0204588266215986,0.23510740364400498,2025-27-303
11831,0.8332370254868399,0.5995508084717561,2025-28-303
11832,1.2974976528369992,0.7535322233349206,2025-29-303
11833,1.0243628044844644,0.5743235054354902,2025-30-303
11834,0.6264057563808786,1.0384668516851259,2025-31-303
11835,0.3089484140526019,0.8252839497841846,2025-32-303
11836,0.2786283205513266,0.4877764780234351,2025-33-303
11837,0.2481825983062592,0.3542750792868312,2025-34-303
11838,0.0,0.30058469058245435,2025-35-303
11839,0.2752691729616101,0.2102898343061042,2025-36-303
11840,0.0,0.18882065370131687,2025-37-303
11841,0.0,0.1786731507864852,2025-38-303
11842,0.0,0.1786731507864852,2025-39-303
11843,0.2551876848866434,0.1704805138909523,2025-40-303
11844,0.0,0.1704805138909523,2025-41-303
11845,0.0,0.1704805138909523,2025-42-303
11846,0.5539805143761654,0.1704805138909523,2025-43-303
11847,0.9415005177448909,0.2463177123959086,2025-44-303
11848,0.7061408959573685,0.4486488533995567,2025-45-303
11849,0.2153051903084148,0.517997721930273,2025-46-303
11850,0.219470495297951,0.3851400282052094,2025-47-303
11851,1.0752991657930633,0.3593878539801375,2025-48-303
11852,0.0,0.670613098360933,2025-49-303
11853,0.4130307616407596,0.6189840978670401,2025-50-303
11854,0.50203735445515,0.3237843844112291,2025-51-303
11855,0.0,0.29230394054977793,2025-52-303
12108,0.0,2.712610556034658,2025-1-304
12109,0.0,1.9743622563251353,2025-2-304
12110,0.0,1.1408098898862635,2025-3-304
12111,0.0,0.40726513779035367,2025-4-304
12112,0.0,0.21506533661492497,2025-5-304
12113,0.0,0.1704805138909523,2025-6-304
12114,0.0,0.18426583671621855,2025-7-304
12115,0.0,0.18426583671621855,2025-8-304
12116,0.0,0.1704805138909523,2025-9-304
12117,0.0,0.1704805138909523,2025-10-304
12118,0.0,0.1704805138909523,2025-11-304
12119,0.0,0.1704805138909523,2025-12-304
12120,0.0,0.1704805138909523,2025-13-304
12121,0.0,0.1704805138909523,2025-14-304
12122,0.0,0.1704805138909523,2025-15-304
12123,0.0,0.1704805138909523,2025-16-304
12124,0.0,0.1704805138909523,2025-17-304
12125,8.221651622401966,0.1704805138909523,2025-18-304
12126,0.0,1.8858807389270031,2025-19-304
12127,0.0,0.8558366009988676,2025-20-304
12128,0.0,0.7051558493432886,2025-21-304
12129,0.0,0.47628801436548734,2025-22-304
12130,0.0,0.3218331077395875,2025-23-304
12131,11.158211541532063,0.17309575688007747,2025-24-304
12132,0.0,4.989154371448827,2025-25-304
12133,0.0,1.0518696696313143,2025-26-304
12134,3.7001969907857752,0.856985475822366,2025-27-304
12135,3.021718659428359,2.315246326150037,2025-28-304
12136,0.0,3.295254164630154,2025-29-304
12137,0.0,1.871154467256907,2025-30-304
12138,0.0,0.6260018916629314,2025-31-304
12139,0.0,0.4747861996282876,2025-32-304
12140,0.0,0.23506143465980428,2025-33-304
12141,0.0,0.17309575688007747,2025-34-304
12142,0.0,0.18426583671621855,2025-35-304
12143,0.0,0.1868810797053437,2025-36-304
12144,0.0,0.17309575688007747,2025-37-304
12145,0.0,0.1704805138909523,2025-38-304
12146,0.0,0.17309575688007747,2025-39-304
12147,0.0,0.1704805138909523,2025-40-304
12148,3.055696983628385,0.1704805138909523,2025-41-304
12149,0.0,1.5803089677037958,2025-42-304
12150,0.0,0.7870974682420999,2025-43-304
12151,1.710699148974033,0.44323135429761146,2025-44-304
12152,0.0,0.7398084813425352,2025-45-304
12153,0.0,0.7688076112385437,2025-46-304
12154,1.5957229402729356,0.3168555914109652,2025-47-304
12155,0.0,0.7033332587736723,2025-48-304
12156,0.0,0.7332064515838925,2025-49-304
12157,0.0,0.3168555914109652,2025-50-304
12158,0.0,0.322287243633196,2025-51-304
12159,0.0,0.2204353322500893,2025-52-304
12412,0.4918679293474666,1.3683012263118526,2025-1-305
12413,0.5789950178162047,0.6137492668785041,2025-2-305
12414,1.3324409490313576,0.7137017985041147,2025-3-305
12415,4.95371559889359,0.8080364168489773,2025-4-305
12416,0.0,2.3221139800396196,2025-5-305
12417,3.64469083583913,1.0764701660967446,2025-6-305
12418,1.3217049233270437,3.0106879120141548,2025-7-305
12419,0.0,1.5108022867412294,2025-8-305
12420,0.0,1.5389492805905405,2025-9-305
12421,0.0,0.5193584465707604,2025-10-305
12422,0.0,0.40084787939854877,2025-11-305
12423,0.0,0.23363582873155558,2025-12-305
12424,0.0,0.1704805138909523,2025-13-305
12425,0.0,0.18426583671621855,2025-14-305
12426,0.0,0.18426583671621855,2025-15-305
12427,0.0,0.17309575688007747,2025-16-305
12428,0.0,0.1704805138909523,2025-17-305
12429,0.0,0.1704805138909523,2025-18-305
12430,0.0,0.1704805138909523,2025-19-305
12431,2.961325081104923,0.1704805138909523,2025-20-305
12432,0.0,1.5599504911513031,2025-21-305
12433,0.0,0.7870974682420999,2025-22-305
12434,0.0,0.4110122985984177,2025-23-305
12435,0.0,0.36990519600522814,2025-24-305
12436,0.0,0.23506143465980428,2025-25-305
12437,2.2565798810295514,0.17309575688007747,2025-26-305
12438,0.0,1.194438120180412,2025-27-305
12439,0.0,0.7926901541718331,2025-28-305
12440,0.0,0.3785802101574983,2025-29-305
12441,0.0,0.33741041405999544,2025-30-305
12442,0.0,0.21506533661492497,2025-31-305
12443,0.5148134234551237,0.1704805138909523,2025-32-305
12444,0.0,0.19171419870194711,2025-33-305
12445,0.4136884054973323,0.1868810797053437,2025-34-305
12446,0.4427993231700737,0.1989233054821442,2025-35-305
12447,0.0,0.18120181775936167,2025-36-305
12448,0.4482017960436127,0.20892616242184045,2025-37-305
12449,0.0,0.18965113293559788,2025-38-305
12450,0.0,0.18196335879261485,2025-39-305
12451,0.0,0.19895481215728497,2025-40-305
12452,0.0,0.1704805138909523,2025-41-305
12453,0.0,0.186510115406118,2025-42-305
12454,0.0,0.17309575688007747,2025-43-305
12455,0.0,0.17309575688007747,2025-44-305
12456,0.393035627609121,0.1754071612539491,2025-45-305
12457,0.0,0.18120181775936167,2025-46-305
12458,1.8329309947543195,0.17309575688007747,2025-47-305
12459,1.7963805987963248,0.5233016800188879,2025-48-305
12460,0.7990612611482364,1.1744331714518002,2025-49-305
12461,1.3804465766048617,0.9630044593331374,2025-50-305
12462,2.9368405640125967,0.7571525924310794,2025-51-305
12463,4.142839238557261,2.0191163571360176,2025-52-305
12716,0.0,0.1704805138909523,2025-1-306
12717,0.0,0.1786731507864852,2025-2-306
12718,0.0,0.1704805138909523,2025-3-306
12719,0.0,0.1704805138909523,2025-4-306
12720,0.0,0.1704805138909523,2025-5-306
12721,0.0,0.1704805138909523,2025-6-306
12722,0.0,0.1704805138909523,2025-7-306
12723,0.0,0.1704805138909523,2025-8-306
12724,0.0,0.1704805138909523,2025-9-306
12725,0.0,0.1704805138909523,2025-10-306
12726,0.0,0.1704805138909523,2025-11-306
12727,0.0,0.1704805138909523,2025-12-306
12728,0.0,0.1704805138909523,2025-13-306
12729,0.0,0.1704805138909523,2025-14-306
12730,11.3772859534015,0.1704805138909523,2025-15-306
12731,6.440473691910934,4.018029998582727,2025-16-306
12732,0.0,6.7880864221982495,2025-17-306
12733,0.0,3.6894476215944905,2025-18-306
12734,0.0,0.8068417149319856,2025-19-306
12735,0.0,0.6273054210308018,2025-20-306
12736,0.0,0.25335951604424056,2025-21-306
12737,0.0,0.1704805138909523,2025-22-306
12738,0.0,0.18426583671621855,2025-23-306
12739,0.0,0.18426583671621855,2025-24-306
12740,0.0,0.1704805138909523,2025-25-306
12741,0.0,0.1704805138909523,2025-26-306
12742,3.83861754722027,0.1704805138909523,2025-27-306
12743,0.0,1.6461647195992597,2025-28-306
12744,0.0,0.9273832632597495,2025-29-306
12745,0.0,0.5793306185380187,2025-30-306
12746,0.0,0.40952627369957884,2025-31-306
12747,0.0,0.2434973478443993,2025-32-306
12748,0.0,0.1704805138909523,2025-33-306
12749,0.0,0.1704805138909523,2025-34-306
12750,0.0,0.18426583671621855,2025-35-306
12751,0.0,0.1704805138909523,2025-36-306
12752,0.0,0.1704805138909523,2025-37-306
12753,0.0,0.1704805138909523,2025-38-306
12754,0.0,0.1704805138909523,2025-39-306
12755,0.0,0.1704805138909523,2025-40-306
12756,0.0,0.1704805138909523,2025-41-306
12757,0.0,0.1704805138909523,2025-42-306
12758,0.0,0.1704805138909523,2025-43-306
12759,0.0,0.1704805138909523,2025-44-306
12760,0.0,0.1704805138909523,2025-45-306
12761,0.0,0.1704805138909523,2025-46-306
12762,0.0,0.1704805138909523,2025-47-306
12763,0.0,0.1704805138909523,2025-48-306
12764,0.0,0.1704805138909523,2025-49-306
12765,1.5556826460751014,0.1704805138909523,2025-50-306
12766,1.8910322301211315,0.5350420716299364,2025-51-306
12767,3.1118498574011,1.450249158983486,2025-52-306
13020,0.0,0.1704805138909523,2025-1-307
13021,0.0,0.1704805138909523,2025-2-307
13022,0.0,0.1704805138909523,2025-3-307
13023,0.0,0.1704805138909523,2025-4-307
13024,0.0,0.1704805138909523,2025-5-307
13025,0.0,0.1704805138909523,2025-6-307
13026,0.0,0.1704805138909523,2025-7-307
13027,0.0,0.1704805138909523,2025-8-307
13028,0.0,0.1704805138909523,2025-9-307
13029,0.0,0.1704805138909523,2025-10-307
13030,0.0,0.1704805138909523,2025-11-307
13031,0.0,0.1704805138909523,2025-12-307
13032,0.0,0.1704805138909523,2025-13-307
13033,0.0,0.1704805138909523,2025-14-307
13034,0.0,0.1704805138909523,2025-15-307
13035,0.0,0.1704805138909523,2025-16-307
13036,0.0,0.1704805138909523,2025-17-307
13037,0.0,0.1704805138909523,2025-18-307
13038,0.0,0.1704805138909523,2025-19-307
13039,0.0,0.1704805138909523,2025-20-307
13040,0.0,0.1704805138909523,2025-21-307
13041,0.0,0.1704805138909523,2025-22-307
13042,0.0,0.1704805138909523,2025-23-307
13043,0.0,0.1704805138909523,2025-24-307
13044,0.0,0.1704805138909523,2025-25-307
13045,0.0,0.1704805138909523,2025-26-307
13046,1.1945267323322972,0.1704805138909523,2025-27-307
13047,0.9754137460099792,0.48178783155332,2025-28-307
13048,1.0126411149969048,0.8710766974805446,2025-29-307
13049,0.0,0.7062297385486508,2025-30-307
13050,1.4667828063474413,0.6432468375350391,2025-31-307
13051,0.0,0.7562898173019993,2025-32-307
13052,0.0,0.7541755623199562,2025-33-307
13053,0.0,0.3530250869448361,2025-34-307
13054,0.0,0.3304798805287289,2025-35-307
13055,0.0,0.21484264632035596,2025-36-307
13056,0.0,0.1786731507864852,2025-37-307
13057,0.0,0.1704805138909523,2025-38-307
13058,0.0,0.18426583671621855,2025-39-307
13059,0.5977904409858829,0.1704805138909523,2025-40-307
13060,0.0,0.3144957069826111,2025-41-307
13061,0.0,0.18982133315015406,2025-42-307
13062,0.0,0.2016813728328939,2025-43-307
13063,0.0,0.25622255815305084,2025-44-307
13064,0.0,0.20209719741057136,2025-45-307
13065,0.0,0.1704805138909523,2025-46-307
13066,0.0,0.1704805138909523,2025-47-307
13067,1.259933748405859,0.1786731507864852,2025-48-307
13068,0.5603769102504496,0.48178783155332,2025-49-307
13069,0.0,0.6858234098231891,2025-50-307
13070,0.0,0.3321172851851397,2025-51-307
13071,0.0,0.33128916274089343,2025-52-307
13324,0.0,1.1280875115421036,2025-1-308
13325,0.8807106907452121,0.8595283199032453,2025-2-308
13326,0.0,0.7359306427806699,2025-3-308
13327,0.0,0.42671425001263086,2025-4-308
13328,1.5904364990573994,0.28469102351249986,2025-5-308
13329,0.0,1.3467698783053914,2025-6-308
13330,0.0,0.7085410063358328,2025-7-308
13331,0.0,0.3250482283064981,2025-8-308
13332,0.0,0.322287243633196,2025-9-308
13333,0.0,0.21484264632035596,2025-10-308
13334,6.248153945018158,0.1704805138909523,2025-11-308
13335,0.0,1.7328366465027594,2025-12-308
13336,0.0,0.837614971889648,2025-13-308
13337,0.0,0.6882594926886005,2025-14-308
13338,0.0,0.4311690319889211,2025-15-308
13339,0.0,0.25335951604424056,2025-16-308
13340,2.728274518678764,0.1704805138909523,2025-17-308
13341,0.0,1.5790868243613536,2025-18-308
13342,0.0,0.8219832874527558,2025-19-308
13343,0.0,0.39856438848484893,2025-20-308
13344,0.0,0.34529946001062706,2025-21-308
13345,0.0,0.21506533661492497,2025-22-308
13346,0.0,0.1704805138909523,2025-23-308
13347,0.0,0.1704805138909523,2025-24-308
13348,0.0,0.18426583671621855,2025-25-308
13349,0.0,0.1704805138909523,2025-26-308
13350,0.0,0.1704805138909523,2025-27-308
13351,0.0,0.1704805138909523,2025-28-308
13352,2.1840746878521933,0.1704805138909523,2025-29-308
13353,1.7243666517553664,1.1548788479597931,2025-30-308
13354,0.0,1.2159901698998878,2025-31-308
13355,0.7801585261143442,0.9291784639790183,2025-32-308
13356,0.7036181785675072,0.7130157350683204,2025-33-308
13357,0.0,0.6095601275887804,2025-34-308
13358,0.0,0.29061771843707745,2025-35-308
13359,0.0,0.3208494479061034,2025-36-308
13360,0.0,0.3061773765121877,2025-37-308
13361,0.0,0.2204353322500893,2025-38-308
13362,0.0,0.1704805138909523,2025-39-308
13363,0.0,0.1786731507864852,2025-40-308
13364,0.5312102949773257,0.1786731507864852,2025-41-308
13365,0.0,0.23722811817463132,2025-42-308
13366,0.0,0.1856699538864398,2025-43-308
13367,0.0,0.18820200161373482,2025-44-308
13368,0.5946489240232489,0.23775092395903624,2025-45-308
13369,0.5439511648126039,0.3355322320036882,2025-46-308
13370,0.0,0.2565689374338331,2025-47-308
13371,0.0,0.21687081282838136,2025-48-308
13372,0.0,0.277939427450764,2025-49-308
13373,0.5218159303068288,0.28356120561016335,2025-50-308
13374,0.0,0.2692405893516972,2025-51-308
13375,0.0,0.1856699538864398,2025-52-308
13628,0.2315354383421371,0.2739440458758333,2025-1-401
13629,0.5449927016167625,0.23256413404313847,2025-2-401
13630,0.9404636079254912,0.3111791323660028,2025-3-401
13631,0.4661017492977586,0.5311764630431806,2025-4-401
13632,0.4919907881856792,0.355979897028159,2025-5-401
13633,0.0,0.3819797768852498,2025-6-401
13634,0.6214481512041872,0.30720718831040467,2025-7-401
13635,0.0,0.42385960750475765,2025-8-401
13636,0.0,0.21720242351568078,2025-9-401
13637,0.7379449391996572,0.2610155441975065,2025-10-401
13638,0.0,0.4799967289236322,2025-11-401
13639,0.4786562949896251,0.22143801666977306,2025-12-401
13640,0.0,0.24720884609821986,2025-13-401
13641,0.0,0.25622255815305084,2025-14-401
13642,0.0,0.22752908198283733,2025-15-401
13643,0.6682827240966879,0.1704805138909523,2025-16-401
13644,1.6865994872960794,0.41198683602933867,2025-17-401
13645,0.8854548544225196,0.5135792344855953,2025-18-401
13646,0.0,0.8858190413655678,2025-19-401
13647,0.0,0.46992651078787234,2025-20-401
13648,0.0,0.4140168499256996,2025-21-401
13649,0.722788057692849,0.29931377624133665,2025-22-401
13650,2.5914307469374616,0.4207752411976827,2025-23-401
13651,0.6002682318094347,1.4595894678238546,2025-24-401
13652,0.5059347318964857,0.8691690362164818,2025-25-401
13653,0.0,0.5052924177138948,2025-26-401
13654,0.7958354497316543,0.40802442476076983,2025-27-401
13655,0.6498041108674473,0.5978662125426425,2025-28-401
13656,0.0,0.4404720068356172,2025-29-401
13657,2.928945793494704,0.2900219501642663,2025-30-401
13658,0.2442294073872504,1.6202430300793866,2025-31-401
13659,0.4818083114889966,0.8358138031980024,2025-32-401
13660,0.4345099115483655,0.4422825144586826,2025-33-401
13661,1.1610558938157556,0.3753960138953871,2025-34-401
13662,0.4141737053214531,0.6217111484345252,2025-35-401
13663,0.8584605799267904,0.6644189241257946,2025-36-401
13664,0.0,0.5546567053363215,2025-37-401
13665,0.2023473907203217,0.35992201478851926,2025-38-401
13666,0.5620704875093827,0.276498386616967,2025-39-401
13667,0.1989330793450932,0.3416439504290106,2025-40-401
13668,0.1639339611437016,0.22599082868402484,2025-41-401
13669,0.0,0.20095164296784396,2025-42-401
13670,0.2159087243537067,0.25194452209054435,2025-43-401
13671,0.3669293108530301,0.2102898343061042,2025-44-401
13672,0.1834628304342645,0.1704805138909523,2025-45-401
13673,0.167810303902714,0.1704805138909523,2025-46-401
13674,0.0,0.18712246596272145,2025-47-401
13675,0.4190209472448699,0.1704805138909523,2025-48-401
13676,0.1863522005852911,0.1874541766827739,2025-49-401
13677,0.0,0.1704805138909523,2025-50-401
13678,0.0,0.17892982906718852,2025-51-401
13679,0.6437429592107368,0.1704805138909523,2025-52-401
13932,0.6956657530056197,0.1704805138909523,2025-1-402
13933,0.0,0.3741518143767552,2025-2-402
13934,0.0,0.18982133315015406,2025-3-402
13935,0.0,0.23510740364400498,2025-4-402
13936,0.0,0.25622255815305084,2025-5-402
13937,0.0,0.20665000942482312,2025-6-402
13938,0.0,0.1704805138909523,2025-7-402
13939,0.0,0.1704805138909523,2025-8-402
13940,0.0,0.1786731507864852,2025-9-402
13941,0.0,0.1704805138909523,2025-10-402
13942,1.934190615019977,0.1704805138909523,2025-11-402
13943,0.0,0.8907754351676591,2025-12-402
13944,0.0,0.7454938942646774,2025-13-402
13945,0.0,0.35777917864707315,2025-14-402
13946,0.0,0.3347951710708703,2025-15-402
13947,0.0,0.20665000942482312,2025-16-402
13948,0.0,0.1704805138909523,2025-17-402
13949,0.0,0.1704805138909523,2025-18-402
13950,0.0,0.18426583671621855,2025-19-402
13951,0.0,0.1704805138909523,2025-20-402
13952,0.0,0.1704805138909523,2025-21-402
13953,0.0,0.1704805138909523,2025-22-402
13954,0.0,0.1704805138909523,2025-23-402
13955,0.0,0.1704805138909523,2025-24-402
13956,0.0,0.1704805138909523,2025-25-402
13957,0.0,0.1704805138909523,2025-26-402
13958,0.0,0.1704805138909523,2025-27-402
13959,0.0,0.1704805138909523,2025-28-402
13960,0.0,0.1704805138909523,2025-29-402
13961,0.0,0.1704805138909523,2025-30-402
13962,0.0,0.1704805138909523,2025-31-402
13963,0.0,0.1704805138909523,2025-32-402
13964,0.0,0.1704805138909523,2025-33-402
13965,0.0,0.1704805138909523,2025-34-402
13966,0.0,0.1704805138909523,2025-35-402
13967,0.0,0.1704805138909523,2025-36-402
13968,0.0,0.1704805138909523,2025-37-402
13969,0.0,0.1704805138909523,2025-38-402
13970,0.5620328992371473,0.1704805138909523,2025-39-402
13971,0.0,0.2463177123959086,2025-40-402
13972,0.0,0.18982133315015406,2025-41-402
13973,0.0,0.1927590060723111,2025-42-402
13974,0.0,0.25194452209054435,2025-43-402
13975,0.0,0.20209719741057136,2025-44-402
13976,0.0,0.1704805138909523,2025-45-402
13977,0.0,0.1704805138909523,2025-46-402
13978,0.0,0.1786731507864852,2025-47-402
13979,0.0,0.1704805138909523,2025-48-402
13980,0.0,0.1704805138909523,2025-49-402
13981,0.0,0.1704805138909523,2025-50-402
13982,0.0,0.1704805138909523,2025-51-402
13983,0.0,0.1704805138909523,2025-52-402
14236,0.0,0.23510740364400498,2025-1-403
14237,0.0,0.2739440458758333,2025-2-403
14238,0.0,0.20665000942482312,2025-3-403
14239,0.0,0.19786160425647914,2025-4-403
14240,0.0,0.1704805138909523,2025-5-403
14241,0.0,0.1786731507864852,2025-6-403
14242,0.0,0.17447589546588307,2025-7-403
14243,1.4408398385976615,0.1704805138909523,2025-8-403
14244,0.0,0.48178783155332,2025-9-403
14245,0.0,0.7022263106391834,2025-10-403
14246,0.0,0.3168555914109652,2025-11-403
14247,0.0,0.322287243633196,2025-12-403
14248,1.758464990127329,0.20665000942482312,2025-13-403
14249,0.0,0.49093777596199945,2025-14-403
14250,6.916867917551668,0.7085410063358328,2025-15-403
14251,0.0,1.6353734990006905,2025-16-403
14252,2.4703952839826084,1.1275487487543832,2025-17-403
14253,0.0,2.3995389322069487,2025-18-403
14254,0.0,1.2240136859089052,2025-19-403
14255,0.0,0.6027707986176187,2025-20-403
14256,0.0,0.35908478283589323,2025-21-403
14257,0.0,0.21506533661492497,2025-22-403
14258,2.530910837426504,0.18426583671621855,2025-23-403
14259,0.0,1.3258125949768618,2025-24-403
14260,0.0,0.7926901541718331,2025-25-403
14261,0.0,0.39856438848484893,2025-26-403
14262,1.166009086120049,0.34529946001062706,2025-27-403
14263,0.952082173360353,0.5829879399542375,2025-28-403
14264,0.0,0.8396459471267887,2025-29-403
14265,0.0,0.4909372657545147,2025-30-403
14266,0.0,0.4306640545409898,2025-31-403
14267,0.0,0.29931377624133665,2025-32-403
14268,0.0,0.20665000942482312,2025-33-403
14269,0.56715759381649,0.17309575688007747,2025-34-403
14270,0.0,0.25451034929144145,2025-35-403
14271,0.0,0.1980139700456869,2025-36-403
14272,0.0,0.1927590060723111,2025-37-403
14273,0.0,0.25194452209054435,2025-38-403
14274,0.0,0.20209719741057136,2025-39-403
14275,0.5831612983551147,0.1704805138909523,2025-40-403
14276,0.0,0.2563694712398249,2025-41-403
14277,0.0,0.20062921303481207,2025-42-403
14278,0.0,0.19723207132687912,2025-43-403
14279,0.5378823097279012,0.25883780114217597,2025-44-403
14280,0.0,0.2734761825057894,2025-45-403
14281,1.4760507757479395,0.1856699538864398,2025-46-403
14282,0.5015348477374522,0.49950931927610237,2025-47-403
14283,0.0,0.7220410545228175,2025-48-403
14284,0.0,0.34423668177649197,2025-49-403
14285,0.0,0.3349736792956773,2025-50-403
14286,0.0,0.20665000942482312,2025-51-403
14287,0.943894727677495,0.20185698583140982,2025-52-403
14540,0.0,0.29061771843707745,2025-1-404
14541,1.772408588032542,0.2866936872299424,2025-2-404
14542,1.0194768104868128,0.6956800210353045,2025-3-404
14543,0.0,1.0562966146435828,2025-4-404
14544,0.0,0.6929316433453974,2025-5-404
14545,0.0,0.45319678684067766,2025-6-404
14546,0.0,0.30750641313686944,2025-7-404
14547,0.0,0.20665000942482312,2025-8-404
14548,0.0,0.1704805138909523,2025-9-404
14549,2.3991911769799628,0.18426583671621855,2025-10-404
14550,0.0,1.2357439120141513,2025-11-404
14551,0.0,0.7870974682420999,2025-12-404
14552,0.0,0.39856438848484893,2025-13-404
14553,2.302770523353301,0.3347951710708703,2025-14-404
14554,0.0,1.5134766741685308,2025-15-404
14555,0.0,0.7870974682420999,2025-16-404
14556,0.0,0.3785802101574983,2025-17-404
14557,2.8778975700017773,0.34858049389613655,2025-18-404
14558,0.0,1.6938432493114612,2025-19-404
14559,0.0,0.7870974682420999,2025-20-404
14560,0.0,0.39856438848484893,2025-21-404
14561,0.0,0.3710482049447252,2025-22-404
14562,0.0,0.23244619167067915,2025-23-404
14563,1.950542681238428,0.1704805138909523,2025-24-404
14564,0.0,0.9419981953137733,2025-25-404
14565,0.0,0.7510865801944107,2025-26-404
14566,1.29286294881645,0.35777917864707315,2025-27-404
14567,0.0,0.7284984264704092,2025-28-404
14568,0.0,0.6988726528467101,2025-29-404
14569,0.0,0.3168555914109652,2025-30-404
14570,0.0,0.31404572261983577,2025-31-404
14571,0.0,0.2204353322500893,2025-32-404
14572,0.7056990009096271,0.1704805138909523,2025-33-404
14573,0.0,0.37997436485227276,2025-34-404
14574,0.6726140117203641,0.20360665597542024,2025-35-404
14575,0.0,0.4344254046036396,2025-36-404
14576,0.0,0.2755633774122525,2025-37-404
14577,0.0,0.26585845555062204,2025-38-404
14578,1.2168585673169012,0.25622255815305084,2025-39-404
14579,0.0,0.5756006625006598,2025-40-404
14580,0.0,0.6645065435444195,2025-41-404
14581,0.0,0.3168555914109652,2025-42-404
14582,0.0,0.3222383595153687,2025-43-404
14583,0.0,0.20665000942482312,2025-44-404
14584,0.0,0.1704805138909523,2025-45-404
14585,0.544793573870787,0.1704805138909523,2025-46-404
14586,0.0,0.2454207550701642,2025-47-404
14587,0.0,0.1856699538864398,2025-48-404
14588,0.0,0.18820200161373482,2025-49-404
14589,0.0,0.25194452209054435,2025-50-404
14590,0.0,0.19786160425647914,2025-51-404
14591,0.0,0.1704805138909523,2025-52-404
14844,0.598345806733904,0.1704805138909523,2025-1-405
14845,0.0,0.3144957069826111,2025-2-405
14846,0.0,0.18982133315015406,2025-3-405
14847,0.0,0.20654410042209378,2025-4-405
14848,0.0,0.25622255815305084,2025-5-405
14849,0.0,0.20209719741057136,2025-6-405
14850,0.0,0.1704805138909523,2025-7-405
14851,1.2711877228869557,0.1704805138909523,2025-8-405
14852,0.0,0.4899804684488529,2025-9-405
14853,0.0,0.6645065435444195,2025-10-405
14854,0.0,0.3168555914109652,2025-11-405
14855,0.0,0.31404572261983577,2025-12-405
14856,0.0,0.20665000942482312,2025-13-405
14857,0.0,0.1704805138909523,2025-14-405
14858,0.0,0.1704805138909523,2025-15-405
14859,0.0,0.1786731507864852,2025-16-405
14860,0.0,0.1704805138909523,2025-17-405
14861,0.0,0.1704805138909523,2025-18-405
14862,0.0,0.1704805138909523,2025-19-405
14863,0.0,0.1704805138909523,2025-20-405
14864,0.0,0.1704805138909523,2025-21-405
14865,0.0,0.1704805138909523,2025-22-405
14866,0.0,0.1704805138909523,2025-23-405
14867,0.0,0.1704805138909523,2025-24-405
14868,0.0,0.1704805138909523,2025-25-405
14869,0.0,0.1704805138909523,2025-26-405
14870,0.0,0.1704805138909523,2025-27-405
14871,0.0,0.1704805138909523,2025-28-405
14872,0.0,0.1704805138909523,2025-29-405
14873,0.0,0.1704805138909523,2025-30-405
14874,0.0,0.1704805138909523,2025-31-405
14875,0.0,0.1704805138909523,2025-32-405
14876,0.0,0.1704805138909523,2025-33-405
14877,0.0,0.1704805138909523,2025-34-405
14878,0.0,0.1704805138909523,2025-35-405
14879,0.0,0.1704805138909523,2025-36-405
14880,0.0,0.1704805138909523,2025-37-405
14881,0.0,0.1704805138909523,2025-38-405
14882,0.0,0.1704805138909523,2025-39-405
14883,0.0,0.1704805138909523,2025-40-405
14884,0.0,0.1704805138909523,2025-41-405
14885,0.0,0.1704805138909523,2025-42-405
14886,0.0,0.1704805138909523,2025-43-405
14887,0.0,0.1704805138909523,2025-44-405
14888,0.0,0.1704805138909523,2025-45-405
14889,0.0,0.1704805138909523,2025-46-405
14890,0.0,0.1704805138909523,2025-47-405
14891,0.0,0.1704805138909523,2025-48-405
14892,0.0,0.1704805138909523,2025-49-405
14893,0.0,0.1704805138909523,2025-50-405
14894,0.0,0.1704805138909523,2025-51-405
14895,0.0,0.1704805138909523,2025-52-405
15148,1.444580362067734,0.23510740364400498,2025-1-406
15149,0.0,0.5980255192511914,2025-2-406
15150,0.0,0.7831393111346369,2025-3-406
15151,2.90822270602788,0.3168555914109652,2025-4-406
15152,0.0,1.5909352207498157,2025-5-406
15153,0.0,0.7958808989399021,2025-6-406
15154,0.0,0.39856438848484893,2025-7-406
15155,0.0,0.36728995301610295,2025-8-406
15156,0.0,0.2462315144959453,2025-9-406
15157,0.0,0.1704805138909523,2025-10-406
15158,0.0,0.1704805138909523,2025-11-406
15159,0.0,0.18426583671621855,2025-12-406
15160,0.0,0.1704805138909523,2025-13-406
15161,4.420773529240683,0.1704805138909523,2025-14-406
15162,0.0,1.6353734990006905,2025-15-406
15163,0.0,0.8115169242163316,2025-16-406
15164,0.0,0.600503711794127,2025-17-406
15165,0.0,0.41802438628724287,2025-18-406
15166,0.0,0.3402357651322162,2025-19-406
15167,0.0,0.1704805138909523,2025-20-406
15168,0.0,0.1704805138909523,2025-21-406
15169,0.0,0.18426583671621855,2025-22-406
15170,0.0,0.1704805138909523,2025-23-406
15171,0.0,0.1704805138909523,2025-24-406
15172,3.157911038224593,0.1704805138909523,2025-25-406
15173,3.299330500307758,1.5803089677037958,2025-26-406
15174,0.0,3.075674196944847,2025-27-406
15175,0.0,1.7284363642859386,2025-28-406
15176,0.0,0.6320075320889463,2025-29-406
15177,0.0,0.4454939778744669,2025-30-406
15178,0.0,0.23244619167067915,2025-31-406
15179,1.5038449847301154,0.1704805138909523,2025-32-406
15180,0.0,0.4958030189243705,2025-33-406
15181,2.416050075174605,0.7141336922655662,2025-34-406
15182,0.0,1.2467388375451285,2025-35-406
15183,0.0,1.01092174747348,2025-36-406
15184,0.0,0.4347338840187195,2025-37-406
15185,0.0,0.3347951710708703,2025-38-406
15186,0.0,0.21506533661492497,2025-39-406
15187,0.0,0.18426583671621855,2025-40-406
15188,0.0,0.1704805138909523,2025-41-406
15189,0.0,0.18426583671621855,2025-42-406
15190,0.0,0.1704805138909523,2025-43-406
15191,0.0,0.1704805138909523,2025-44-406
15192,0.0,0.1704805138909523,2025-45-406
15193,0.0,0.1704805138909523,2025-46-406
15194,0.0,0.1704805138909523,2025-47-406
15195,0.0,0.1704805138909523,2025-48-406
15196,0.0,0.1704805138909523,2025-49-406
15197,0.0,0.1704805138909523,2025-50-406
15198,0.0,0.1704805138909523,2025-51-406
15199,0.0,0.1704805138909523,2025-52-406
15452,1.2794476712555964,1.2582431276353763,2025-1-407
15453,0.0,1.2879112292770385,2025-2-407
15454,1.7324280477510676,0.9159852107438988,2025-3-407
15455,0.0,0.8313983027196641,2025-4-407
15456,2.719072810424188,0.8086629455950921,2025-5-407
15457,0.0,1.7161839668919665,2025-6-407
15458,0.0,1.0736394936111364,2025-7-407
15459,0.0,0.44292652091425244,2025-8-407
15460,0.0,0.3534920969061599,2025-9-407
15461,0.0,0.21768057960405013,2025-10-407
15462,0.0,0.1868810797053437,2025-11-407
15463,0.0,0.17309575688007747,2025-12-407
15464,0.0,0.1868810797053437,2025-13-407
15465,0.0,0.17309575688007747,2025-14-407
15466,0.0,0.1754071612539491,2025-15-407
15467,0.0,0.1754071612539491,2025-16-407
15468,0.0,0.1754071612539491,2025-17-407
15469,0.0,0.1754071612539491,2025-18-407
15470,3.916705528899832,0.1754071612539491,2025-19-407
15471,0.0,1.6461647195992597,2025-20-407
15472,0.0,0.8138283285902032,2025-21-407
15473,0.0,0.5941039456053102,2025-22-407
15474,0.0,0.5646929078587509,2025-23-407
15475,0.0,0.24611259083352446,2025-24-407
15476,0.0,0.1754071612539491,2025-25-407
15477,0.0,0.17309575688007747,2025-26-407
15478,0.0,0.1868810797053437,2025-27-407
15479,0.0,0.17309575688007747,2025-28-407
15480,0.0,0.1704805138909523,2025-29-407
15481,0.0,0.17309575688007747,2025-30-407
15482,1.3509590868157213,0.17309575688007747,2025-31-407
15483,10.660878082623633,0.4795680361946257,2025-32-407
15484,3.605488367524221,4.204448946242663,2025-33-407
15485,2.141013849073617,4.652931683275142,2025-34-407
15486,0.0,3.621657675671212,2025-35-407
15487,2.3746896609623995,2.365028952460247,2025-36-407
15488,2.318537999772148,2.0123601518007574,2025-37-407
15489,2.239097420420465,2.4372416643014394,2025-38-407
15490,0.0,2.4458647750031104,2025-39-407
15491,0.0,1.2470695783717836,2025-40-407
15492,0.9071051404373016,0.5945845570048768,2025-41-407
15493,1.1732890482673486,0.7253027044419476,2025-42-407
15494,0.0,0.7179988489656028,2025-43-407
15495,1.0152766351259055,0.7456289909126973,2025-44-407
15496,2.030600511627304,0.6851999297023162,2025-45-407
15497,3.7148342657925935,1.590198069939723,2025-46-407
15498,0.0,2.989256472351319,2025-47-407
15499,1.1595658099734747,1.1177201013984641,2025-48-407
15500,2.062854506339219,0.97289758654761,2025-49-407
15501,0.0,1.8618806354214719,2025-50-407
15502,0.0,0.9569273235327028,2025-51-407
15503,0.0,0.5079512139889643,2025-52-407
15756,0.0,0.5373927344506133,2025-1-408
15757,0.0,0.7267026359294373,2025-2-408
15758,2.0750386460918966,0.3530250869448361,2025-3-408
15759,0.0,1.249446168166473,2025-4-408
15760,0.0,0.8169087605592921,2025-5-408
15761,0.0,0.3738941225749503,2025-6-408
15762,0.0,0.3347951710708703,2025-7-408
15763,0.0,0.22885065944019115,2025-8-408
15764,0.0,0.1704805138909523,2025-9-408
15765,0.0,0.1704805138909523,2025-10-408
15766,0.0,0.1868810797053437,2025-11-408
15767,0.0,0.1704805138909523,2025-12-408
15768,0.0,0.1704805138909523,2025-13-408
15769,0.0,0.17309575688007747,2025-14-408
15770,7.813454462333623,0.17309575688007747,2025-15-408
15771,0.0,1.6348393698758337,2025-16-408
15772,5.580738905832078,0.858148005372739,2025-17-408
15773,0.0,3.2548900120420883,2025-18-408
15774,0.0,1.3780274456275519,2025-19-408
15775,0.0,0.9933824653645575,2025-20-408
15776,0.0,0.4337842749780463,2025-21-408
15777,0.0,0.25597475903336575,2025-22-408
15778,5.715933483224909,0.1868810797053437,2025-23-408
15779,0.0,1.8889798979622652,2025-24-408
15780,0.0,0.9170402352710652,2025-25-408
15781,3.497528562348196,0.6152770388614184,2025-26-408
15782,0.0,1.6741087354969326,2025-27-408
15783,0.0,0.8782626453605384,2025-28-408
15784,0.0,0.537077760257259,2025-29-408
15785,0.0,0.3835283000947403,2025-30-408
15786,0.0,0.2704831671511317,2025-31-408
15787,1.5938991406579703,0.1704805138909523,2025-32-408
15788,0.0,0.4853905866701433,2025-33-408
15789,0.0,0.7141336922655662,2025-34-408
15790,0.0,0.3194708344000904,2025-35-408
15791,0.0,0.32490248662232113,2025-36-408
15792,0.0,0.20926525241394828,2025-37-408
15793,0.0,0.17309575688007747,2025-38-408
15794,0.0,0.17309575688007747,2025-39-408
15795,1.3160775121481962,0.1868810797053437,2025-40-408
15796,0.0,0.48178783155332,2025-41-408
15797,0.0,0.6645065435444195,2025-42-408
15798,0.0,0.3168555914109652,2025-43-408
15799,0.0,0.3166609656089609,2025-44-408
15800,0.0,0.20665000942482312,2025-45-408
15801,0.0,0.1704805138909523,2025-46-408
15802,0.0,0.1704805138909523,2025-47-408
15803,0.0,0.1868810797053437,2025-48-408
15804,0.0,0.1704805138909523,2025-49-408
15805,0.0,0.1704805138909523,2025-50-408
15806,0.0,0.1704805138909523,2025-51-408
15807,0.0,0.1704805138909523,2025-52-408
16060,0.0,0.21064642985291965,2025-1-409
16061,0.0,0.25622255815305084,2025-2-409
16062,0.0,0.2102898343061042,2025-3-409
16063,0.0,0.1704805138909523,2025-4-409
16064,0.0,0.1704805138909523,2025-5-409
16065,2.7457059459211086,0.1786731507864852,2025-6-409
16066,0.0,1.3294320645506112,2025-7-409
16067,0.0,0.7870974682420999,2025-8-409
16068,0.0,0.39856438848484893,2025-9-409
16069,0.0,0.34529946001062706,2025-10-409
16070,3.096322969615617,0.21506533661492497,2025-11-409
16071,0.0,1.7578061869996884,2025-12-409
16072,0.0,0.7870974682420999,2025-13-409
16073,0.0,0.45910984085065104,2025-14-409
16074,0.0,0.3773987893572336,2025-15-409
16075,0.0,0.23506143465980428,2025-16-409
16076,0.0,0.17309575688007747,2025-17-409
16077,0.0,0.1704805138909523,2025-18-409
16078,0.0,0.1868810797053437,2025-19-409
16079,0.0,0.1704805138909523,2025-20-409
16080,0.0,0.1704805138909523,2025-21-409
16081,0.0,0.1704805138909523,2025-22-409
16082,0.0,0.1704805138909523,2025-23-409
16083,0.0,0.17309575688007747,2025-24-409
16084,0.0,0.1704805138909523,2025-25-409
16085,0.0,0.1704805138909523,2025-26-409
16086,0.0,0.1704805138909523,2025-27-409
16087,0.0,0.1704805138909523,2025-28-409
16088,0.0,0.1704805138909523,2025-29-409
16089,1.2822764479880682,0.1704805138909523,2025-30-409
16090,0.0,0.48178783155332,2025-31-409
16091,0.0,0.6645065435444195,2025-32-409
16092,0.0,0.3168555914109652,2025-33-409
16093,0.0,0.3166609656089609,2025-34-409
16094,0.0,0.20665000942482312,2025-35-409
16095,1.0340759754546,0.1704805138909523,2025-36-409
16096,0.0,0.4809430343538694,2025-37-409
16097,0.975137839902566,0.6064407406389148,2025-38-409
16098,0.0,0.5179636280060006,2025-39-409
16099,0.0,0.42559358673715025,2025-40-409
16100,0.0,0.32458382176531364,2025-41-409
16101,0.0,0.2657595236965911,2025-42-409
16102,1.040948655970834,0.20665000942482312,2025-43-409
16103,0.8846055430844928,0.4810933254151904,2025-44-409
16104,0.884674402195462,0.7765504246871504,2025-45-409
16105,0.0,0.5918446841951609,2025-46-409
16106,0.8249697485875483,0.4044006584994456,2025-47-409
16107,1.010544535403223,0.6412549947392062,2025-48-409
16108,0.0,0.7053624135712177,2025-49-409
16109,0.7764027375065407,0.4856690299440131,2025-50-409
16110,0.0,0.6075858541524876,2025-51-409
16111,0.0,0.3274779547265495,2025-52-409
16364,0.0,1.2073250819309116,2025-1-410
16365,0.4163837348239487,0.8878342461614873,2025-2-410
16366,0.9578145146870444,0.9688561380866105,2025-3-410
16367,2.135651206477109,0.7138349087000853,2025-4-410
16368,0.0,1.6862843049393683,2025-5-410
16369,0.8722012788517487,0.884909283755012,2025-6-410
16370,0.0,0.6837934379594551,2025-7-410
16371,1.5013842117887846,0.43492407557984897,2025-8-410
16372,2.349413983578156,0.629601191016254,2025-9-410
16373,0.0,1.8453340144505859,2025-10-410
16374,0.0,0.9064995345765047,2025-11-410
16375,0.7296844165095235,0.5313863644909098,2025-12-410
16376,0.9149724337562228,0.618691198875687,2025-13-410
16377,2.158804381228866,0.5212635144995185,2025-14-410
16378,0.0,1.3628661842642977,2025-15-410
16379,3.0534118233129828,0.9243884270271271,2025-16-410
16380,0.0,1.8480388690983438,2025-17-410
16381,2.6958572394650964,1.1034270144598401,2025-18-410
16382,2.1561570572864674,1.7339247314294115,2025-19-410
16383,1.0566807291651483,2.4067300855613376,2025-20-410
16384,0.0,1.4009741906505349,2025-21-410
16385,0.0,0.9430408810026681,2025-22-410
16386,0.0,0.5069601414889418,2025-23-410
16387,0.9125079854963156,0.35147284451250543,2025-24-410
16388,1.537851637729026,0.4973983105842857,2025-25-410
16389,1.606317986651562,0.6473655142053168,2025-26-410
16390,1.208948789155392,1.2383365387699563,2025-27-410
16391,0.0,1.2412843790321082,2025-28-410
16392,0.0,0.9710520361187769,2025-29-410
16393,0.4041942825046584,0.49540679163571866,2025-30-410
16394,0.3706510178197112,0.37034727892276254,2025-31-410
16395,0.7310335352573959,0.24407270192511746,2025-32-410
16396,0.0,0.41617036921153255,2025-33-410
16397,0.2934651751850619,0.23303259903536463,2025-34-410
16398,0.3139808304076993,0.26831935349500086,2025-35-410
16399,0.0,0.2840798945869186,2025-36-410
16400,0.317538103539501,0.2277740041503004,2025-37-410
16401,0.0,0.19383632136342563,2025-38-410
16402,0.0,0.19383632136342563,2025-39-410
16403,0.6025149960187481,0.20658377524405686,2025-40-410
16404,0.2481966884119462,0.34376792767539044,2025-41-410
16405,0.3209409814390442,0.21535277801896058,2025-42-410
16406,0.0,0.2249655826403376,2025-43-410
16407,0.0,0.27521229267438124,2025-44-410
16408,0.8324949688366857,0.22545300488304462,2025-45-410
16409,0.0,0.4369565583217859,2025-46-410
16410,0.0,0.2202615364119454,2025-47-410
16411,0.3166703596864134,0.2570725719936984,2025-48-410
16412,0.5632001451772316,0.27521229267438124,2025-49-410
16413,0.9725590158871616,0.30355199950415906,2025-50-410
16414,0.8863671882359533,0.45559965935700986,2025-51-410
16415,0.4860385202897261,0.6084675108284178,2025-52-410
16668,15.827627455284183,0.2833183535536654,2025-1-501
16669,0.0,3.660428282109872,2025-2-501
16670,0.5638329854150161,0.9441345041518815,2025-3-501
16671,0.0,0.752804495866752,2025-4-501
16672,0.0,0.49514390181091394,2025-5-501
16673,1.0272951715859346,0.9168777457884453,2025-6-501
16674,0.0,0.6040727116455631,2025-7-501
16675,0.8844226478741478,0.6140513940528255,2025-8-501
16676,0.9227753621898918,0.5329135348297432,2025-9-501
16677,0.0,0.6146538761024979,2025-10-501
16678,1.1574117700017856,0.41827078228218073,2025-11-501
16679,24.084058244821914,0.663419161254212,2025-12-501
16680,6.472251483857988,4.175524602955823,2025-13-501
16681,1.2727378007631986,5.733534862907906,2025-14-501
16682,0.0,2.614974944239571,2025-15-501
16683,0.0,2.274942459909499,2025-16-501
16684,0.0,1.0573032584188338,2025-17-501
16685,0.0,0.9693863047550133,2025-18-501
16686,0.0,0.23596664104583326,2025-19-501
16687,0.0,0.20762164418869183,2025-20-501
16688,0.0,0.20762164418869183,2025-21-501
16689,0.0,0.2020289582589585,2025-22-501
16690,0.0,0.19383632136342563,2025-23-501
16691,1.0774217973339353,0.19383632136342563,2025-24-501
16692,0.9080143060559812,0.484230496102359,2025-25-501
16693,0.0,0.7859205108842074,2025-26-501
16694,1.4280278535630455,0.44277024780938024,2025-27-501
16695,0.5829390997652641,0.6843566753721178,2025-28-501
16696,1.2101616580435193,0.7595004307548997,2025-29-501
16697,0.4776437218081253,0.6632158930646722,2025-30-501
16698,0.0,0.7597550616048763,2025-31-501
16699,0.4320604030007052,0.4542021890733824,2025-32-501
16700,0.7792149144191673,0.3889053522135209,2025-33-501
16701,0.3469899157530535,0.4723139792911097,2025-34-501
16702,1.1138999370589897,0.26532244779387615,2025-35-501
16703,0.7695204971168955,0.5622009189000279,2025-36-501
16704,2.629290642978241,0.8117159372750016,2025-37-501
16705,1.813478243305097,1.5031889324744945,2025-38-501
16706,1.3431723051022062,1.4630574912471552,2025-39-501
16707,0.7130117649438601,1.4480878701468705,2025-40-501
16708,0.8812667431358081,0.974907377398583,2025-41-501
16709,1.5196255495025668,0.7744645901800347,2025-42-501
16710,1.5472568447852464,0.884605707587933,2025-43-501
16711,2.9579081659973485,1.2413510038585185,2025-44-501
16712,1.643105357356871,2.1769622984577692,2025-45-501
16713,1.20221874889022,1.5424243320727644,2025-46-501
16714,1.5316476803329782,1.7243699361150238,2025-47-501
16715,0.3751679980934364,1.3644839901616974,2025-48-501
16716,0.0,1.0017785309466227,2025-49-501
16717,0.2881352515713308,0.500138056636533,2025-50-501
16718,0.7003639922460728,0.39271737705834076,2025-51-501
16719,0.5761466363125962,0.4594906141151764,2025-52-501
16972,0.0,0.47071703448165686,2025-1-502
16973,0.0,0.244735643820737,2025-2-502
16974,0.0,0.2594517515824635,2025-3-502
16975,1.1587825826581228,0.27521229267438124,2025-4-502
16976,0.0,0.5848489483976863,2025-5-502
16977,0.0,0.6646972332454264,2025-6-502
16978,0.0,0.3306958980800193,2025-7-502
16979,0.0,0.33649617215213645,2025-8-502
16980,0.0,0.2277740041503004,2025-9-502
16981,0.0,0.19383632136342563,2025-10-502
16982,0.0,0.19383632136342563,2025-11-502
16983,2.3802255942390773,0.2020289582589585,2025-12-502
16984,1.4926856903130394,1.2400494877526882,2025-13-502
16985,1.7613712889734738,1.196066113843966,2025-14-502
16986,0.0,1.4052223405723046,2025-15-502
16987,0.0,0.9670943110113509,2025-16-502
16988,0.0,0.5038221188258205,2025-17-502
16989,0.0,0.3704827390568385,2025-18-502
16990,1.76138215457267,0.2277740041503004,2025-19-502
16991,1.7268473788324925,0.5140629755570572,2025-20-502
16992,0.0,1.1528462044173005,2025-21-502
16993,0.0,0.8712342967667795,2025-22-502
16994,0.0,0.46146910884884407,2025-23-502
16995,0.0,0.3704827390568385,2025-24-502
16996,0.0,0.2277740041503004,2025-25-502
16997,0.0,0.19383632136342563,2025-26-502
16998,0.0,0.20762164418869183,2025-27-502
16999,0.8079804545604647,0.20762164418869183,2025-28-502
17000,0.0,0.42533864412379185,2025-29-502
17001,0.0,0.21570671942684705,2025-30-502
17002,0.0,0.2512591146869306,2025-31-502
17003,0.0,0.27521229267438124,2025-32-502
17004,0.0,0.2277740041503004,2025-33-502
17005,0.4812558819002585,0.19383632136342563,2025-34-502
17006,0.0,0.20194238224270983,2025-35-502
17007,0.5337564364371381,0.2020289582589585,2025-36-502
17008,0.0,0.273641266700218,2025-37-502
17009,0.0,0.206646581770148,2025-38-502
17010,0.9319554545908962,0.23658615715593728,2025-39-502
17011,0.0,0.5243836386186279,2025-40-502
17012,0.4077304448923025,0.35047341688082595,2025-41-502
17013,0.0,0.3103606937797811,2025-42-502
17014,1.0740214846345917,0.28213401522879633,2025-43-502
17015,0.9126399436653956,0.5736983068912399,2025-44-502
17016,0.0,0.8087492911479777,2025-45-502
17017,1.2521764011626495,0.4516378497219176,2025-46-502
17018,0.4254576475498885,0.6925493122676505,2025-47-502
17019,0.52112263829524,0.7036602134809565,2025-48-502
17020,0.4635248352753274,0.4003181187454634,2025-49-502
17021,0.800633741218872,0.35485086197257515,2025-50-502
17022,0.0,0.5212519059240044,2025-51-502
17023,0.0,0.24545339389739862,2025-52-502
17276,0.4645319279182766,1.8281580527920829,2025-1-503
17277,1.093310877921502,1.0253501934638525,2025-2-503
17278,0.0,0.8308037562462297,2025-3-503
17279,0.0,0.7485148335226782,2025-4-503
17280,1.973352622771699,0.37187164017797564,2025-5-503
17281,0.0,1.206210420975614,2025-6-503
17282,2.492083164771353,0.75575072686408,2025-7-503
17283,0.0,1.419391964844516,2025-8-503
17284,0.0,1.0257410792850263,2025-9-503
17285,0.0,0.46295034202641233,2025-10-503
17286,1.290759341130985,0.35955727264739495,2025-11-503
17287,0.0,0.5956886899067662,2025-12-503
17288,0.0,0.6796147302775721,2025-13-503
17289,0.0,0.3306958980800193,2025-14-503
17290,0.0,0.34208885808186984,2025-15-503
17291,0.0,0.2277740041503004,2025-16-503
17292,0.0,0.19383632136342563,2025-17-503
17293,0.0,0.19383632136342563,2025-18-503
17294,0.0,0.20762164418869183,2025-19-503
17295,0.0,0.19383632136342563,2025-20-503
17296,0.0,0.19383632136342563,2025-21-503
17297,2.8939748515764445,0.19383632136342563,2025-22-503
17298,0.0,1.5300793763617804,2025-23-503
17299,0.0,0.7917616149117691,2025-24-503
17300,0.0,0.41240469515390293,2025-25-503
17301,0.0,0.3715206947562269,2025-26-503
17302,0.7962004254332893,0.25357018639615636,2025-27-503
17303,0.6500337909553333,0.42533864412379185,2025-28-503
17304,0.6747193521422785,0.41580612927345145,2025-29-503
17305,2.130447643423978,0.47192963702755203,2025-30-503
17306,2.442387576507546,1.2071978065273834,2025-31-503
17307,1.927104726460365,2.163280689398822,2025-32-503
17308,1.7377413761426403,1.9157622927710949,2025-33-503
17309,2.3214697330416434,1.5845531740673742,2025-34-503
17310,2.4840945977249347,1.9528665064024997,2025-35-503
17311,1.7160865117056137,2.3460100985373393,2025-36-503
17312,2.094095993305654,1.6125460798224478,2025-37-503
17313,0.4044132796037727,2.08002737371271,2025-38-503
17314,1.4976551677570544,1.1291053568284983,2025-39-503
17315,3.180049115019869,0.8815841551904885,2025-40-503
17316,3.9304434625863727,2.273770542283839,2025-41-503
17317,7.201065142816486,3.447483939459164,2025-42-503
17318,4.744204186437492,3.9462435817184387,2025-43-503
17319,4.763770596648357,5.424514247813691,2025-44-503
17320,5.496029082947963,4.987755635239123,2025-45-503
17321,7.707450492999446,4.893343941528107,2025-46-503
17322,5.806230128712815,5.228356092887855,2025-47-503
17323,4.182917369337882,5.901712372865127,2025-48-503
17324,6.324288110687453,4.783853742952264,2025-49-503
17325,6.425012722285144,4.875224987544848,2025-50-503
17326,4.294683398484503,5.360992675413395,2025-51-503
17327,3.2117722637659,5.24743984230046,2025-52-503
17580,1.326913442781411,0.3107860199354408,2025-1-504
17581,0.0,0.5825279491304305,2025-2-504
17582,1.796357422149434,0.6740220443478389,2025-3-504
17583,0.0,0.5734622903605062,2025-4-504
17584,0.0,0.8070422734049116,2025-5-504
17585,0.0,0.3646335808668941,2025-6-504
17586,0.0,0.3365450562699637,2025-7-504
17587,2.818264680440828,0.2277740041503004,2025-8-504
17588,0.0,1.6189603847367138,2025-9-504
17589,0.0,0.7917616149117691,2025-10-504
17590,0.0,0.4205973320494359,2025-11-504
17591,0.0,0.35955727264739495,2025-12-504
17592,0.0,0.23618933134040226,2025-13-504
17593,4.056544505095024,0.19383632136342563,2025-14-504
17594,0.0,1.7595978454000323,2025-15-504
17595,0.0,0.7979594417767811,2025-16-504
17596,0.0,0.605329009285239,2025-17-504
17597,0.0,0.4237840863363468,2025-18-504
17598,4.055083407137924,0.2646213425698765,2025-19-504
17599,3.975285773027657,1.8742670171850129,2025-20-504
17600,0.0,4.774844183059371,2025-21-504
17601,0.0,1.9126560923158888,2025-22-504
17602,0.0,0.7790667961514788,2025-23-504
17603,0.0,0.49456910754279754,2025-24-504
17604,0.0,0.2646213425698765,2025-25-504
17605,0.0,0.19383632136342563,2025-26-504
17606,0.0,0.20762164418869183,2025-27-504
17607,0.0,0.20762164418869183,2025-28-504
17608,0.0,0.19383632136342563,2025-29-504
17609,0.0,0.19383632136342563,2025-30-504
17610,0.0,0.19383632136342563,2025-31-504
17611,0.0,0.19383632136342563,2025-32-504
17612,0.0,0.19383632136342563,2025-33-504
17613,1.1067348180710772,0.19383632136342563,2025-34-504
17614,1.184313057311049,0.484230496102359,2025-35-504
17615,0.0,0.9649285082116303,2025-36-504
17616,1.1981518936032425,0.7782687314892981,2025-37-504
17617,5.784935603985274,0.7162723649238057,2025-38-504
17618,0.0,2.0996836064552773,2025-39-504
17619,1.1373197381476288,1.103050313865095,2025-40-504
17620,0.9371666875717828,0.8898867232997599,2025-41-504
17621,6.060272474169672,1.1376458015257185,2025-42-504
17622,8.638947635801058,2.3898104696610663,2025-43-504
17623,3.145854526326738,5.149183549426287,2025-44-504
17624,3.14562309259056,5.051543236141755,2025-45-504
17625,5.754128958468236,4.180405199190443,2025-46-504
17626,4.887407152325297,3.722179930673487,2025-47-504
17627,2.3943642858527863,4.083067843154577,2025-48-504
17628,8.518270028709294,3.724581001965916,2025-49-504
17629,0.9195184053891872,5.658342874366054,2025-50-504
17630,1.1175645865380686,1.9889363385440342,2025-51-504
17631,1.8387666919332453,1.330684014141018,2025-52-504
17884,0.0,1.2402531926850962,2025-1-505
17885,0.0,1.0132331518473519,2025-2-505
17886,0.0,0.4463423779407777,2025-3-505
17887,1.3743291944001736,0.3490529837076382,2025-4-505
17888,0.0,0.5956886899067662,2025-5-505
17889,0.0,0.6796147302775721,2025-6-505
17890,1.831635058490651,0.3306958980800193,2025-7-505
17891,0.0,0.6855783419037401,2025-8-505
17892,0.0,0.7268399378370546,2025-9-505
17893,0.0,0.3306958980800193,2025-10-505
17894,0.0,0.9555664826357527,2025-11-505
17895,0.0,0.2415593269755666,2025-12-505
17896,0.0,0.8437325996329307,2025-13-505
17897,0.0,0.8437325996329307,2025-14-505
17898,0.0,0.8575179224581967,2025-15-505
17899,0.0,0.19383632136342563,2025-16-505
17900,2.482165493566143,0.8437325996329307,2025-17-505
17901,0.0,1.2566310854243594,2025-18-505
17902,0.0,0.7917616149117691,2025-19-505
17903,4.086487138600817,0.41240469515390293,2025-20-505
17904,2.976864590946722,1.652781109970585,2025-21-505
17905,0.0,4.965686855366797,2025-22-505
17906,0.0,2.2456303152763355,2025-23-505
17907,0.0,0.6282571783418784,2025-24-505
17908,1.4875669933684754,0.4661181096845878,2025-25-505
17909,0.0,0.6072574476794925,2025-26-505
17910,2.339306462945548,0.7180565071392523,2025-27-505
17911,3.819584059257008,1.3021769417767701,2025-28-505
17912,6.937880075755284,2.9044709179702495,2025-29-505
17913,6.258811678817436,4.448326217474677,2025-30-505
17914,10.76247876013736,4.675763049730528,2025-31-505
17915,6.3686848588064935,7.784225358811098,2025-32-505
17916,5.1046094818369285,6.284036474954041,2025-33-505
17917,6.819081388304875,5.973001189528011,2025-34-505
17918,6.6884870636651925,5.169803447118259,2025-35-505
17919,10.711046741541068,5.775430419182287,2025-36-505
17920,7.380692658374422,8.142636951484683,2025-37-505
17921,10.689876800867523,6.3676948648079135,2025-38-505
17922,7.147521614460145,9.437880115191062,2025-39-505
17923,6.420699124707816,6.312478589350324,2025-40-505
17924,12.985401378486824,6.2581801980486125,2025-41-505
17925,6.21963135670015,9.446790222435439,2025-42-505
17926,12.031690186815837,6.571501960892172,2025-43-505
17927,19.36858405899437,9.871407000667226,2025-44-505
17928,15.600164752830253,15.142052580193086,2025-45-505
17929,12.791315921257512,16.559955386876627,2025-46-505
17930,8.52390825571185,14.361727191564526,2025-47-505
17931,18.4217388127946,8.79350107015157,2025-48-505
17932,10.376047985128857,13.043105593338119,2025-49-505
17933,8.48824132784472,13.59783290159914,2025-50-505
17934,6.877118526441821,8.026699425411191,2025-51-505
17935,8.485738184710248,6.3809876477699845,2025-52-505
18188,2.0734347451313866,0.5570174651042603,2025-1-506
18189,6.100685129048247,1.556133188127727,2025-2-506
18190,4.211093859210918,3.133661695220108,2025-3-506
18191,6.2612338431957255,4.03448781375531,2025-4-506
18192,6.609082472804113,5.0188525400603075,2025-5-506
18193,0.0,5.18336433305193,2025-6-506
18194,0.0,2.6233350725535085,2025-7-506
18195,0.0,0.9205419987963274,2025-8-506
18196,4.597629000463638,0.5398593568572472,2025-9-506
18197,0.0,2.519078830420668,2025-10-506
18198,0.0,0.846376140922596,2025-11-506
18199,0.0,0.6346947394368802,2025-12-506
18200,0.0,0.446067521749277,2025-13-506
18201,0.0,0.27448351076971783,2025-14-506
18202,0.0,0.19383632136342563,2025-15-506
18203,0.0,0.19383632136342563,2025-16-506
18204,0.0,0.20762164418869183,2025-17-506
18205,7.930934875148241,0.19383632136342563,2025-18-506
18206,0.0,1.8034465736360414,2025-19-506
18207,3.110172702428696,0.8605007476685367,2025-20-506
18208,0.0,2.9670878059449945,2025-21-506
18209,0.0,1.2834501504906999,2025-22-506
18210,0.0,0.9231942613939123,2025-23-506
18211,0.0,0.38904135900487624,2025-24-506
18212,0.0,0.25357018639615636,2025-25-506
18213,0.0,0.20762164418869183,2025-26-506
18214,0.0,0.19383632136342563,2025-27-506
18215,0.0,0.20762164418869183,2025-28-506
18216,0.0,0.19383632136342563,2025-29-506
18217,1.1926359471233476,0.19383632136342563,2025-30-506
18218,0.0,0.4908978437773272,2025-31-506
18219,1.0790566287170993,0.6740220443478389,2025-32-506
18220,0.9731392395470512,0.5585603261932475,2025-33-506
18221,0.0,0.9265269286420221,2025-34-506
18222,0.0,0.5200302474036413,2025-35-506
18223,0.0,0.40103410924459754,2025-36-506
18224,0.0,0.31607169801567103,2025-37-506
18225,0.9064203037041132,0.23596664104583326,2025-38-506
18226,0.0,0.44446057016209095,2025-39-506
18227,0.0,0.3249221266220683,2025-40-506
18228,2.2031203693435955,0.296878889624398,2025-41-506
18229,3.799402098321107,1.1985847755537207,2025-42-506
18230,1.9344562018183027,2.6929429573765655,2025-43-506
18231,1.6437904603662483,2.107973733503184,2025-44-506
18232,4.109485757348438,1.8312854849613143,2025-45-506
18233,6.766060136333515,2.248755851144104,2025-46-506
18234,6.896821375936296,3.969685115329004,2025-47-506
18235,3.7544914142283954,5.568585893335589,2025-48-506
18236,5.844175944817565,6.274674437382516,2025-49-506
18237,9.373472919721117,4.788906757823434,2025-50-506
18238,5.258399126781565,7.458412051390517,2025-51-506
18239,0.0,6.195628539170518,2025-52-506
18492,0.0,1.6712258698378357,2025-1-507
18493,0.0,0.9705346249165339,2025-2-507
18494,2.282614359603377,0.5410616438726409,2025-3-507
18495,0.0,1.6717172165432068,2025-4-507
18496,0.0,0.8271655931586944,2025-5-507
18497,0.0,0.40061315372208545,2025-6-507
18498,0.0,0.35724562060317105,2025-7-507
18499,0.0,0.24997465416566844,2025-8-507
18500,3.739766588646163,0.19383632136342563,2025-9-507
18501,0.0,1.685925809230921,2025-10-507
18502,4.692364424490925,0.7979594417767811,2025-11-507
18503,0.0,1.8734973587227302,2025-12-507
18504,4.374850640344635,1.1561405583797981,2025-13-507
18505,0.0,3.2341727544472456,2025-14-507
18506,8.605077597245026,1.1748876555880332,2025-15-507
18507,0.0,4.102927686387116,2025-16-507
18508,0.0,1.332397646194761,2025-17-507
18509,0.0,1.0063723583628934,2025-18-507
18510,0.0,0.4592121674509552,2025-19-507
18511,0.0,0.34295710246506483,2025-20-507
18512,0.0,0.20762164418869183,2025-21-507
18513,0.0,0.19383632136342563,2025-22-507
18514,6.299923061404283,0.20762164418869183,2025-23-507
18515,4.378218735382204,1.6461647195992597,2025-24-507
18516,0.0,4.77238834284511,2025-25-507
18517,3.855985401619643,2.2231780346371584,2025-26-507
18518,0.0,3.0879430617562122,2025-27-507
18519,0.0,1.265447691771193,2025-28-507
18520,0.0,0.7730885021461128,2025-29-507
18521,0.0,0.4237840863363468,2025-30-507
18522,0.0,0.29160716187660896,2025-31-507
18523,0.0,0.20762164418869183,2025-32-507
18524,1.5857404750065316,0.19383632136342563,2025-33-507
18525,0.0,0.4990904806728601,2025-34-507
18526,3.023523986026812,0.7180565071392523,2025-35-507
18527,0.0,1.5695177471052266,2025-36-507
18528,0.0,1.0703582120552746,2025-37-507
18529,1.477512566617294,0.48839410076441486,2025-38-507
18530,1.3681613588267,0.7420402940895313,2025-39-507
18531,0.0,1.1882162493576334,2025-40-507
18532,1.197305969690062,0.7969634473662637,2025-41-507
18533,0.0,0.7307483079568988,2025-42-507
18534,3.1543131525301136,0.8468026577145047,2025-43-507
18535,1.3402666927056957,2.052812909758933,2025-44-507
18536,1.3403588807359164,1.427627660443419,2025-45-507
18537,1.226099788516769,1.6155654158490467,2025-46-507
18538,1.249878482498955,1.2349881092733321,2025-47-507
18539,1.531021511732758,1.2838435185324004,2025-48-507
18540,0.0,1.3014118430338686,2025-49-507
18541,1.1762646000460502,0.951189232975097,2025-50-507
18542,1.4298121487956348,0.8260597152303804,2025-51-507
18543,0.0,1.2641720728090753,2025-52-507
18796,0.0,0.7658317990660047,2025-1-508
18797,0.0,0.8415278193594833,2025-2-508
18798,0.0,0.36383296682949406,2025-3-508
18799,2.743994800794792,0.34099921382145904,2025-4-508
18800,0.0,1.6361621716890407,2025-5-508
18801,0.0,0.7926901541718331,2025-6-508
18802,0.0,0.4055013928585398,2025-7-508
18803,0.0,0.36879937835179355,2025-8-508
18804,0.0,0.22914600508196806,2025-9-508
18805,0.0,0.18679299510499145,2025-10-508
18806,0.0,0.19383632136342563,2025-11-508
18807,0.0,0.20762164418869183,2025-12-508
18808,0.0,0.19383632136342563,2025-13-508
18809,0.0,0.19383632136342563,2025-14-508
18810,0.0,0.19383632136342563,2025-15-508
18811,0.0,0.19383632136342563,2025-16-508
18812,0.0,0.19383632136342563,2025-17-508
18813,0.0,0.19383632136342563,2025-18-508
18814,0.0,0.19383632136342563,2025-19-508
18815,4.093272824967282,0.19383632136342563,2025-20-508
18816,5.964863936514524,1.6353734990006905,2025-21-508
18817,0.0,3.829541875802284,2025-22-508
18818,0.0,2.1766080116801,2025-23-508
18819,0.0,0.804383383590106,2025-24-508
18820,0.0,0.5113605116983896,2025-25-508
18821,3.1169677907654,0.26260792479180306,2025-26-508
18822,0.0,1.9131664396352264,2025-27-508
18823,0.0,0.8008326908623964,2025-28-508
18824,0.0,0.46604684522434203,2025-29-508
18825,0.0,0.3868095462578803,2025-30-508
18826,1.4407187281563738,0.24169460041824162,2025-31-508
18827,1.4212087929893638,0.4816417991861666,2025-32-508
18828,2.563572622824711,1.1111879675568632,2025-33-508
18829,0.0,1.6698070724804075,2025-34-508
18830,0.0,1.12801591377323,2025-35-508
18831,0.0,0.5724540073029825,2025-36-508
18832,2.4731960421878925,0.38864360130051945,2025-37-508
18833,0.0,1.6184178627943382,2025-38-508
18834,4.423534586097939,0.7950015585457048,2025-39-508
18835,1.1743004483931463,1.709243630910594,2025-40-508
18836,0.9677729149972664,1.3834209278049787,2025-41-508
18837,7.510865341418766,1.5939156868495075,2025-42-508
18838,7.648751959912946,2.1000996911680025,2025-43-508
18839,1.0833127168076402,5.392089092969847,2025-44-508
18840,2.166764984334946,2.359929852500155,2025-45-508
18841,0.9910250561028444,2.858222789913029,2025-46-508
18842,0.0,1.4076288891526034,2025-47-508
18843,2.474949303568397,0.8588528703091701,2025-48-508
18844,2.2015439959591694,2.03969936954649,2025-49-508
18845,7.605823355851821,2.462866599581495,2025-50-508
18846,0.0,3.4636010978453906,2025-51-508
18847,1.901700593104093,1.506611643946983,2025-52-508
19100,2.952411585779295,2.0305829637989117,2025-1-509
19101,0.0,4.146145906815945,2025-2-509
19102,0.0,1.9541466959969798,2025-3-509
19103,0.0,0.6307132852777592,2025-4-509
19104,0.0,0.4621949550591629,2025-5-509
19105,0.0,0.24883826451159374,2025-6-509
19106,0.0,0.19383632136342563,2025-7-509
19107,0.0,0.20762164418869183,2025-8-509
19108,0.0,0.20762164418869183,2025-9-509
19109,9.420462218088954,0.19383632136342563,2025-10-509
19110,0.0,3.0800992913842826,2025-11-509
19111,0.0,0.8437421177788714,2025-12-509
19112,0.0,0.7473045967477537,2025-13-509
19113,18.095523878561103,0.44542684462568904,2025-14-509
19114,0.0,3.7434712190423913,2025-15-509
19115,0.0,1.9107706849644859,2025-16-509
19116,0.0,0.7473045967477537,2025-17-509
19117,0.0,0.4592121674509552,2025-18-509
19118,0.0,0.7621025779799955,2025-19-509
19119,0.0,0.19383632136342563,2025-20-509
19120,0.0,0.19383632136342563,2025-21-509
19121,0.0,0.20762164418869183,2025-22-509
19122,0.0,0.19383632136342563,2025-23-509
19123,7.6763216046125695,0.19383632136342563,2025-24-509
19124,0.0,1.7125025737126711,2025-25-509
19125,0.0,0.858148005372739,2025-26-509
19126,0.0,0.8644543303235763,2025-27-509
19127,0.0,0.44542684462568904,2025-28-509
19128,0.0,0.3010293740876711,2025-29-509
19129,0.0,0.19383632136342563,2025-30-509
19130,0.0,0.19383632136342563,2025-31-509
19131,0.0,0.20762164418869183,2025-32-509
19132,0.0,0.19383632136342563,2025-33-509
19133,0.0,0.19383632136342563,2025-34-509
19134,0.0,0.19383632136342563,2025-35-509
19135,0.0,0.1914571417746606,2025-36-509
19136,0.0,0.19154401140382366,2025-37-509
19137,2.592266316620768,0.18910439947886307,2025-38-509
19138,0.0,1.3140820076277202,2025-39-509
19139,0.0,0.7894088726159716,2025-40-509
19140,0.0,0.40773320560553594,2025-41-509
19141,0.0,0.3524741057666488,2025-42-509
19142,8.303300463114699,0.22431374536248747,2025-43-509
19143,0.0,2.427110490036105,2025-44-509
19144,0.0,0.858148005372739,2025-45-509
19145,0.0,1.0537927491841776,2025-46-509
19146,2.193852787416684,0.4383436777449428,2025-47-509
19147,10.749845572483068,1.5246232647044806,2025-48-509
19148,9.562830029943024,5.322456280182492,2025-49-509
19149,0.0,7.918523842273519,2025-50-509
19150,0.0,2.709099368267312,2025-51-509
19151,0.0,1.063819824253185,2025-52-509
19404,0.0,0.3365450562699637,2025-1-510
19405,0.0,0.2277740041503004,2025-2-510
19406,0.0,0.20762164418869183,2025-3-510
19407,0.0,0.19383632136342563,2025-4-510
19408,2.5757699519671533,0.20762164418869183,2025-5-510
19409,0.0,1.3140820076277202,2025-6-510
19410,0.0,0.7917616149117691,2025-7-510
19411,2.5749009581425355,0.41240469515390293,2025-8-510
19412,5.373102342998235,1.3938854515005645,2025-9-510
19413,0.0,3.198805851737845,2025-10-510
19414,0.0,1.3670828470872207,2025-11-510
19415,0.0,0.7621057324243433,2025-12-510
19416,0.0,0.5015651774279316,2025-13-510
19417,0.0,0.27448351076971783,2025-14-510
19418,0.0,0.19383632136342563,2025-15-510
19419,0.0,0.20762164418869183,2025-16-510
19420,0.0,0.20762164418869183,2025-17-510
19421,0.0,0.19383632136342563,2025-18-510
19422,0.0,0.19383632136342563,2025-19-510
19423,0.0,0.19383632136342563,2025-20-510
19424,0.0,0.19383632136342563,2025-21-510
19425,0.0,0.19383632136342563,2025-22-510
19426,4.514176154920228,0.19383632136342563,2025-23-510
19427,9.4098567565428,1.6353734990006905,2025-24-510
19428,0.0,5.43327495774902,2025-25-510
19429,2.7614795551599536,2.167203799602787,2025-26-510
19430,6.235912484054996,2.8138759126063353,2025-27-510
19431,6.7881981642845695,3.5816446475197994,2025-28-510
19432,0.0,4.729685416012368,2025-29-510
19433,6.952547020980423,2.5931590344630724,2025-30-510
19434,3.825878039575223,3.90860082196733,2025-31-510
19435,1.2578036372874428,4.352088827075659,2025-32-510
19436,0.0,2.1499993010565475,2025-33-510
19437,1.0101450912883203,1.7182281793189451,2025-34-510
19438,0.0,0.8946570302118616,2025-35-510
19439,0.0,0.6407318977182903,2025-36-510
19440,1.0934659125388366,0.3361923156873717,2025-37-510
19441,3.167579741092352,0.6279086976162341,2025-38-510
19442,4.887704730690174,2.1051636523761723,2025-39-510
19443,4.151348336699672,3.4820158796486775,2025-40-510
19444,5.130965871699004,3.6500217946701925,2025-41-510
19445,5.529776946381744,4.810419808415993,2025-42-510
19446,11.260630296467788,4.824121602159417,2025-43-510
19447,4.783785801422611,7.526255245550244,2025-44-510
19448,7.653220112856307,6.429110089311869,2025-45-510
19449,4.374733334604286,5.550639045171275,2025-46-510
19450,7.134050876244815,5.48550642909084,2025-47-510
19451,9.829352360516753,5.06275011318668,2025-48-510
19452,7.770662333582222,8.349072284797307,2025-49-510
19453,5.03272021935811,6.693518217967752,2025-50-510
19454,8.155267499753835,6.119869473717192,2025-51-510
19455,18.44927878339905,5.461898127776015,2025-52-510
19708,0.0,0.2277740041503004,2025-1-511
19709,0.0,0.18910439947886307,2025-2-511
19710,0.0,0.2028897223041292,2025-3-511
19711,9.521127991674454,0.20762164418869183,2025-4-511
19712,10.050589601098393,2.744536657159732,2025-5-511
19713,0.0,6.835935513844041,2025-6-511
19714,0.0,2.340779291702711,2025-7-511
19715,0.0,0.8988376070215542,2025-8-511
19716,0.0,0.5378670308962693,2025-9-511
19717,0.0,0.34295710246506483,2025-10-511
19718,0.0,0.19383632136342563,2025-11-511
19719,0.0,0.20762164418869183,2025-12-511
19720,0.0,0.20762164418869183,2025-13-511
19721,0.0,0.19383632136342563,2025-14-511
19722,0.0,0.19383632136342563,2025-15-511
19723,0.0,0.19383632136342563,2025-16-511
19724,0.0,0.19383632136342563,2025-17-511
19725,0.0,0.19383632136342563,2025-18-511
19726,0.0,0.19383632136342563,2025-19-511
19727,0.0,0.19383632136342563,2025-20-511
19728,0.0,0.19383632136342563,2025-21-511
19729,0.0,0.19383632136342563,2025-22-511
19730,0.0,0.19383632136342563,2025-23-511
19731,0.0,0.19383632136342563,2025-24-511
19732,0.0,0.19383632136342563,2025-25-511
19733,10.812131669504462,0.19383632136342563,2025-26-511
19734,16.2797491639092,4.8228187578547725,2025-27-511
19735,0.0,10.849304064196058,2025-28-511
19736,0.0,4.004823661346084,2025-29-511
19737,0.0,0.8988376070215542,2025-30-511
19738,4.997189312062506,0.6546471627943475,2025-31-511
19739,0.0,2.775802321134142,2025-32-511
19740,0.0,0.8848538426267567,2025-33-511
19741,0.0,0.7138836964838401,2025-34-511
19742,0.0,0.4592121674509552,2025-35-511
19743,0.0,0.27448351076971783,2025-36-511
19744,0.0,0.19383632136342563,2025-37-511
19745,0.0,0.19383632136342563,2025-38-511
19746,0.0,0.20762164418869183,2025-39-511
19747,0.0,0.19383632136342563,2025-40-511
19748,0.0,0.19383632136342563,2025-41-511
19749,0.0,0.18916483181505858,2025-42-511
19750,0.0,0.186812089519261,2025-43-511
19751,3.756781542935888,0.18910439947886307,2025-44-511
19752,0.0,1.705777961579354,2025-45-511
19753,0.0,0.8416424261093028,2025-46-511
19754,0.0,0.65694445177427,2025-47-511
19755,8.582274948501402,0.4237840863363468,2025-48-511
19756,11.451127484487571,2.738944545270867,2025-49-511
19757,16.483497993160668,6.892205685650305,2025-50-511
19758,4.0072361668141845,11.165687323373588,2025-51-511
19759,6.594050704553284,6.669181599438096,2025-52-511
20012,0.2353159642977053,1.95079772258898,2025-1-601
20013,0.8307989688049974,1.1231311079131618,2025-2-601
20014,0.0,0.7433847801468884,2025-3-601
20015,0.0,0.4377530940463947,2025-4-601
20016,0.0,0.31099297971966133,2025-5-601
20017,0.5805335408251538,0.2889976154996474,2025-6-601
20018,0.6314215589552478,0.32999812530789085,2025-7-601
20019,0.4998469282299279,0.4100455722900256,2025-8-601
20020,1.564649106398915,0.24330283705327563,2025-9-601
20021,2.249055044000467,0.6576510871781425,2025-10-601
20022,1.3084666400999996,1.7487392629250997,2025-11-601
20023,0.4862268262581291,1.2340806041559127,2025-12-601
20024,0.0,0.9958757201187047,2025-13-601
20025,0.7195338429485002,0.516107355968926,2025-14-601
20026,0.0,0.5834773476945652,2025-15-601
20027,0.6787283342371478,0.24873102539566772,2025-16-601
20028,0.0,0.49280301900969886,2025-17-601
20029,0.0,0.30595925517008404,2025-18-601
20030,0.0,0.29583344784713606,2025-19-601
20031,0.0,0.279207674249312,2025-20-601
20032,1.0274967665423311,0.2277740041503004,2025-21-601
20033,5.137192252696012,0.49242313299789187,2025-22-601
20034,3.5081273509332376,1.950813888445024,2025-23-601
20035,3.6565693793148726,3.861313641782863,2025-24-601
20036,0.0,4.10909542604985,2025-25-601
20037,2.146399278117767,2.123690481821194,2025-26-601
20038,2.019664317989564,1.8226569548604343,2025-27-601
20039,0.6595934242660574,2.1545467595222103,2025-28-601
20040,2.054037660605961,1.0858966271181216,2025-29-601
20041,1.351258540383962,1.3941725799318194,2025-30-601
20042,2.478710066414737,1.359464826082658,2025-31-601
20043,2.689321562541537,2.003616221274793,2025-32-601
20044,3.5275519572941434,2.6520996363242477,2025-33-601
20045,2.749107045267732,3.0876469562828586,2025-34-601
20046,3.572244582956979,3.03929866268673,2025-35-601
20047,3.919680002609553,3.257753255213379,2025-36-601
20048,1.2755582079512664,3.5929473107666094,2025-37-601
20049,2.258208628573488,2.170735369250435,2025-38-601
20050,3.231247614954873,2.7735278895639226,2025-39-601
20051,2.4216873299444663,2.950582697438337,2025-40-601
20052,2.494411174839225,2.783118184940256,2025-41-601
20053,2.365813282888828,2.705799806558226,2025-42-601
20054,1.9709546696152576,2.7349132784127357,2025-43-601
20055,4.093710017538337,2.2430832031506522,2025-44-601
20056,1.4885318021204923,2.8381045040196233,2025-45-601
20057,3.74403075505802,1.6569068630973376,2025-46-601
20058,2.9488420223668497,3.568067464753052,2025-47-601
20059,3.1867738201744578,3.341858077918481,2025-48-601
20060,4.346049647603181,3.2554513090749184,2025-49-601
20061,2.7740894270713,3.4717709929836382,2025-50-601
20062,3.1732873412593974,3.248872305721905,2025-51-601
20063,2.9369164863045616,3.7601766116748796,2025-52-601
20316,0.957878296104589,2.728687123083847,2025-1-602
20317,2.2545082647146883,1.6249921740605626,2025-2-602
20318,1.2967318553193297,1.7373257135000295,2025-3-602
20319,0.0,1.379958895823959,2025-4-602
20320,2.034806085511785,0.9773105958770507,2025-5-602
20321,0.0,1.5780484465243645,2025-6-602
20322,5.139698063202128,0.9712072286755478,2025-7-602
20323,0.0,2.236694573202838,2025-8-602
20324,4.245123755487438,1.1072855954671805,2025-9-602
20325,3.050926327793602,3.2963943167975107,2025-10-602
20326,2.6624029532007483,3.4004529912258787,2025-11-602
20327,3.957293665882987,3.2980851004257534,2025-12-602
20328,2.481484294347286,3.1184287350217272,2025-13-602
20329,2.927905712200205,3.015180307378893,2025-14-602
20330,9.758866824383007,3.593444639338082,2025-15-602
20331,19.33198236638622,5.911827240772141,2025-16-602
20332,10.454174957422932,9.103858071450912,2025-17-602
20333,14.634617968139766,10.331243785112001,2025-18-602
20334,8.780034867669569,12.509626405887005,2025-19-602
20335,5.738104068263903,8.736755228053724,2025-20-602
20336,20.90134250251885,6.395559521757312,2025-21-602
20337,26.87090432866395,13.272596863380052,2025-22-602
20338,17.839621774821765,17.715531434306556,2025-23-602
20339,17.35438289242719,15.835761411857908,2025-24-602
20340,20.894345364158514,17.369142551717047,2025-25-602
20341,10.91404356534314,19.500925973135832,2025-26-602
20342,8.215517451729726,14.666865347972465,2025-27-602
20343,20.12260794630839,7.503712932863659,2025-28-602
20344,13.92498689210998,13.543005693655891,2025-29-602
20345,5.496257312425659,13.98738819917213,2025-30-602
20346,7.057377350787529,6.922018062773926,2025-31-602
20347,6.960791492695639,5.595903242908358,2025-32-602
20348,6.277012345057995,5.921678868036406,2025-33-602
20349,7.986492617512715,5.918894136493045,2025-34-602
20350,5.9823767578224825,5.856230481089287,2025-35-602
20351,2.656891366446437,5.977175874473642,2025-36-602
20352,2.593795323171709,4.079987130600276,2025-37-602
20353,4.174435774035882,3.5713413806274197,2025-38-602
20354,3.091923212912388,3.7252917752461165,2025-39-602
20355,0.8206825600732938,3.452187101621302,2025-40-602
20356,2.0287447741371447,2.1724122944127355,2025-41-602
20357,4.37298670486251,1.9360278363641399,2025-42-602
20358,0.8905237335637816,3.0558702982996073,2025-43-602
20359,0.7566530198023196,1.406342175266402,2025-44-602
20360,1.5131831864496066,0.9811566833219615,2025-45-602
20361,3.4599603391918854,0.91732296212613,2025-46-602
20362,2.821226652834761,2.366404158469274,2025-47-602
20363,2.5914787526824825,3.0316793537984927,2025-48-602
20364,0.0,2.8949031015467157,2025-49-602
20365,2.653872055746832,1.5907937646088335,2025-50-602
20366,0.8063598486727913,1.8476344637580422,2025-51-602
20367,2.653441932570724,1.2415334869807257,2025-52-602
20620,0.6165904386078547,0.628719753034406,2025-1-603
20621,0.0,0.8272108066073314,2025-2-603
20622,0.8347874745496245,0.3752237850927015,2025-3-603
20623,0.0,0.642249128976188,2025-4-603
20624,0.0,0.3305914429057438,2025-5-603
20625,0.0,0.277531967048282,2025-6-603
20626,0.0,0.26341897669136577,2025-7-603
20627,0.0,0.22968374099765182,2025-8-603
20628,0.0,0.1858695693248002,2025-9-603
20629,0.0,0.17767693242926733,2025-10-603
20630,0.0,0.1903936920313982,2025-11-603
20631,1.274296606763102,0.18220105513586532,2025-12-603
20632,0.0,0.4840921589012237,2025-13-603
20633,0.0,0.6714404613894069,2025-14-603
20634,6.285797020148965,0.3237764101386273,2025-15-603
20635,0.0,1.6353734990006905,2025-16-603
20636,2.2447531264974665,0.858148005372739,2025-17-603
20637,0.0,2.1391498985465223,2025-18-603
20638,0.0,1.165855919279071,2025-19-603
20639,0.0,0.5402450380665651,2025-20-603
20640,2.69328558576542,0.34422340235618143,2025-21-603
20641,0.0,1.9434884014612006,2025-22-603
20642,2.298967894470497,0.8242946918266274,2025-23-603
20643,1.59752591994631,1.2905535881896895,2025-24-603
20644,0.0,1.3966350635800333,2025-25-603
20645,0.0,1.0022274565942546,2025-26-603
20646,0.0,0.4739770362865184,2025-27-603
20647,0.0,0.3763164832885084,2025-28-603
20648,0.8974811667325814,0.23682740509100395,2025-29-603
20649,0.7085096742150895,0.44446057016209095,2025-30-603
20650,0.0,0.48569393221593976,2025-31-603
20651,0.0,0.2916998528122399,2025-32-603
20652,0.0,0.3395568085523014,2025-33-603
20653,0.0,0.30183647061826147,2025-34-603
20654,0.0,0.21816818934770385,2025-35-603
20655,1.1419320316795456,0.18423050656082907,2025-36-603
20656,0.0,0.4935137615888469,2025-37-603
20657,0.0,0.6555597730715119,2025-38-603
20658,0.9968064448875372,0.316654503757099,2025-39-603
20659,0.0,0.6124053500773886,2025-40-603
20660,0.0,0.3931109779776935,2025-41-603
20661,1.1279884362518966,0.2953513306051338,2025-42-603
20662,0.5742884850242204,0.6127523260891425,2025-43-603
20663,0.0,0.6807601094874332,2025-44-603
20664,0.0,0.3319161975312736,2025-45-603
20665,0.0,0.3407335796722334,2025-46-603
20666,0.0,0.307759336338476,2025-47-603
20667,0.5571876451177665,0.2113456061581339,2025-48-603
20668,0.4955841847239728,0.25325471676959954,2025-49-603
20669,0.0,0.21536843967253363,2025-50-603
20670,0.0,0.21020005171540648,2025-51-603
20671,0.0,0.27684065556934845,2025-52-603
20924,0.0,4.387267557551721,2025-1-604
20925,0.0,2.261763735238705,2025-2-604
20926,0.0,0.8152962165447883,2025-3-604
20927,0.0,0.5212226798982309,2025-4-604
20928,0.0,0.26260792479180306,2025-5-604
20929,0.0,0.1774175182646433,2025-6-604
20930,0.0,0.19576492222482972,2025-7-604
20931,0.0,0.1980158293860953,2025-8-604
20932,0.0,0.17968728943996154,2025-9-604
20933,0.0,0.18652281652043112,2025-10-604
20934,0.0,0.18951455997885985,2025-11-604
20935,0.0,0.19383632136342563,2025-12-604
20936,0.0,0.19383632136342563,2025-13-604
20937,0.0,0.19383632136342563,2025-14-604
20938,0.0,0.19383632136342563,2025-15-604
20939,0.0,0.19383632136342563,2025-16-604
20940,0.0,0.19383632136342563,2025-17-604
20941,0.0,0.19383632136342563,2025-18-604
20942,0.0,0.19383632136342563,2025-19-604
20943,0.0,0.18910439947886307,2025-20-604
20944,0.0,0.19383632136342563,2025-21-604
20945,0.0,0.18910439947886307,2025-22-604
20946,0.0,0.18910439947886307,2025-23-604
20947,5.880920168336951,0.18196073538551083,2025-24-604
20948,14.87050427587049,1.6461647195992597,2025-25-604
20949,36.25191087825416,7.79663721218319,2025-26-604
20950,23.392319926552847,26.7093032271085,2025-27-604
20951,35.017286497714224,17.263917729884163,2025-28-604
20952,19.82816406331627,33.08484862945727,2025-29-604
20953,15.653966902925893,21.566893177203664,2025-30-604
20954,16.75170777319312,18.001781315668172,2025-31-604
20955,2.360565000762133,18.24980950518588,2025-32-604
20956,14.90211742608638,6.336146432119076,2025-33-604
20957,7.584914570234314,11.300847331063963,2025-34-604
20958,2.029317157712279,5.620303740790458,2025-35-604
20959,2.1031310653206137,4.381449767389643,2025-36-604
20960,2.0533728817494983,3.6665837483752215,2025-37-604
20961,3.9659818020826862,2.7851879353694087,2025-38-604
20962,0.0,3.443367897251733,2025-39-604
20963,0.0,1.3537237979193688,2025-40-604
20964,6.426547708448808,0.7985291119875996,2025-41-604
20965,2.0780656565238345,2.967020630308895,2025-42-604
20966,0.0,2.7136185645017923,2025-43-604
20967,5.394462275047093,1.893264293671776,2025-44-604
20968,1.798171639207036,1.8510663466788104,2025-45-604
20969,0.0,1.5965110961364786,2025-46-604
20970,3.353177758468649,1.7050384479895035,2025-47-604
20971,0.0,2.1659740376042764,2025-48-604
20972,3.653270182705742,1.2400275365151825,2025-49-604
20973,1.5775638690024931,2.179242050476363,2025-50-604
20974,5.752498913282846,1.587656968097845,2025-51-604
20975,9.46556773962914,2.544879176717455,2025-52-604
21228,0.0,1.5380831904809815,2025-1-605
21229,4.054502241232646,0.8647280833184215,2025-2-605
21230,1.5550085049225415,2.3315368644171186,2025-3-605
21231,4.624653310039166,1.331779844439283,2025-4-605
21232,7.323237137327049,3.276844700387766,2025-5-605
21233,5.670276051592747,4.033985955942884,2025-6-605
21234,15.421002165974574,5.570517866897007,2025-7-605
21235,0.0,7.537002624598131,2025-8-605
21236,0.0,3.8624680096696715,2025-9-605
21237,18.318961531877257,1.584014882707462,2025-10-605
21238,3.197870926473509,8.942614889784346,2025-11-605
21239,2.377077999939164,4.907402157547251,2025-12-605
21240,5.963547248285818,4.061918025669541,2025-13-605
21241,3.518910328857756,3.298387896500567,2025-14-605
21242,0.0,4.365008298038872,2025-15-605
21243,3.3205144160103512,2.548945832826522,2025-16-605
21244,8.381339954087753,2.619114646322483,2025-17-605
21245,8.801450740641984,4.6448837582205895,2025-18-605
21246,7.041995655183345,5.90954329480174,2025-19-605
21247,20.71420808660226,6.20202680138743,2025-20-605
21248,5.031189910928337,12.247641642087718,2025-21-605
21249,14.37653271989758,6.635442990967635,2025-22-605
21250,4.29593672060794,11.42476624200173,2025-23-605
21251,8.956997596325968,6.273831777086944,2025-24-605
21252,10.06715242098544,8.271528612985053,2025-25-605
21253,5.259583566073839,9.093943996558021,2025-26-605
21254,1.979968191325877,7.196934124848906,2025-27-605
21255,4.850596214223388,4.021146078117822,2025-28-605
21256,3.3573236248698253,4.5988186848958135,2025-29-605
21257,1.325418440561928,3.6939862945084427,2025-30-605
21258,2.431749185987329,2.427413629026097,2025-31-605
21259,3.598428172934403,2.8319088517089734,2025-32-605
21260,4.327463707090448,3.1548488959842818,2025-33-605
21261,0.9637448784405362,3.646045619210814,2025-34-605
21262,1.031499886233432,2.0762668900710524,2025-35-605
21263,0.0,1.2875085130997075,2025-36-605
21264,0.0,0.9596394882604504,2025-37-605
21265,1.0082856601392916,0.4886013452728206,2025-38-605
21266,0.0,0.6534940323747033,2025-39-605
21267,0.9915299776105382,0.44853742139264274,2025-40-605
21268,0.0,0.5441556034841709,2025-41-605
21269,2.11418785520366,0.4415381556081675,2025-42-605
21270,0.0,1.3861288469849358,2025-43-605
21271,2.744720832272848,0.8808009814819244,2025-44-605
21272,0.9150166788173464,1.570567176787871,2025-45-605
21273,2.511176287898174,1.282382258777134,2025-46-605
21274,0.8533361348836215,1.7101794083885276,2025-47-605
21275,2.090671739976904,1.252357850319471,2025-48-605
21276,0.9299102380895125,1.505080443208208,2025-49-605
21277,0.0,1.1443377229573266,2025-50-605
21278,1.9527659111682736,0.6266655937812895,2025-51-605
21279,0.0,1.3239313741349046,2025-52-605
21532,0.0,1.0584672438569938,2025-1-606
21533,0.0,0.8014306449327373,2025-2-606
21534,0.0,0.4888501992143706,2025-3-606
21535,0.0,0.36224121804347836,2025-4-606
21536,0.0,0.2277740041503004,2025-5-606
21537,0.0,0.1978317029383564,2025-6-606
21538,0.0,0.20762164418869183,2025-7-606
21539,0.0,0.2020289582589585,2025-8-606
21540,0.0,0.19383632136342563,2025-9-606
21541,3.092179671119446,0.19383632136342563,2025-10-606
21542,0.0,1.5695177471052266,2025-11-606
21543,0.0,0.7917616149117691,2025-12-606
21544,0.0,0.46475751062417237,2025-13-606
21545,0.0,0.38904135900487624,2025-14-606
21546,0.0,0.25357018639615636,2025-15-606
21547,0.0,0.19383632136342563,2025-16-606
21548,0.0,0.19383632136342563,2025-17-606
21549,3.7084753042365466,0.20762164418869183,2025-18-606
21550,0.0,1.6935601345668174,2025-19-606
21551,0.0,0.8161810708860007,2025-20-606
21552,0.0,0.7305917135310867,2025-21-606
21553,0.0,0.4237840863363468,2025-22-606
21554,0.0,0.2646213425698765,2025-23-606
21555,0.0,0.19383632136342563,2025-24-606
21556,0.0,0.19383632136342563,2025-25-606
21557,0.0,0.20762164418869183,2025-26-606
21558,3.3313024792806845,0.19383632136342563,2025-27-606
21559,0.0,1.6000027811666593,2025-28-606
21560,0.0,0.8161810708860007,2025-29-606
21561,0.0,0.46475751062417237,2025-30-606
21562,0.0,0.39778611273150816,2025-31-606
21563,0.0,0.25357018639615636,2025-32-606
21564,0.0,0.19383632136342563,2025-33-606
21565,0.0,0.19383632136342563,2025-34-606
21566,0.0,0.20762164418869183,2025-35-606
21567,0.0,0.19383632136342563,2025-36-606
21568,0.0,0.19383632136342563,2025-37-606
21569,0.0,0.19383632136342563,2025-38-606
21570,0.0,0.19383632136342563,2025-39-606
21571,0.0,0.19383632136342563,2025-40-606
21572,0.0,0.19383632136342563,2025-41-606
21573,0.0,0.19383632136342563,2025-42-606
21574,0.0,0.19383632136342563,2025-43-606
21575,0.0,0.19383632136342563,2025-44-606
21576,0.0,0.19383632136342563,2025-45-606
21577,0.0,0.19383632136342563,2025-46-606
21578,0.7151214759247927,0.19383632136342563,2025-47-606
21579,0.0,0.38811318073451256,2025-48-606
21580,0.0,0.21079796103386222,2025-49-606
21581,1.3454394980316295,0.2512591146869306,2025-50-606
21582,0.0,0.6027694585240557,2025-51-606
21583,1.3452469257191129,0.6785768613329372,2025-52-606
21836,0.0,3.9441619061965127,2025-1-607
21837,2.4898734105773555,2.221329209352787,2025-2-607
21838,0.0,2.7044834504327806,2025-3-607
21839,0.0,1.200317258346548,2025-4-607
21840,0.0,0.5339230565023766,2025-5-607
21841,0.0,0.36774990954292774,2025-6-607
21842,0.0,0.25356933584453817,2025-7-607
21843,2.2493806001740047,0.2005974123445272,2025-8-607
21844,2.347454261974573,1.17601092626128,2025-9-607
21845,0.0,2.0634042669169075,2025-10-607
21846,0.0,1.0183402878228602,2025-11-607
21847,0.0,0.5357016550330513,2025-12-607
21848,0.0,0.39140599368461465,2025-13-607
21849,0.0,0.23618933134040226,2025-14-607
21850,0.0,0.1914571417746606,2025-15-607
21851,3.0586216667240413,0.20524246459992676,2025-16-607
21852,0.0,1.635855601218637,2025-17-607
21853,4.053621028084509,0.7917616149117691,2025-18-607
21854,0.0,1.7738511961752994,2025-19-607
21855,0.0,1.1652270755235166,2025-20-607
21856,0.0,0.6476820192622154,2025-21-607
21857,0.0,0.46890306871291293,2025-22-607
21858,0.0,0.25988942068531384,2025-23-607
21859,0.0,0.2028897223041292,2025-24-607
21860,0.0,0.186812089519261,2025-25-607
21861,0.0,0.1983655995975312,2025-26-607
21862,0.0,0.186812089519261,2025-27-607
21863,1.489309966582694,0.186812089519261,2025-28-607
21864,0.0,0.4839341091457686,2025-29-607
21865,0.0,0.7180565071392523,2025-30-607
21866,0.0,0.3306958980800193,2025-31-607
21867,0.0,0.3365450562699637,2025-32-607
21868,0.9965077157360708,0.2228132416031034,2025-33-607
21869,0.0,0.4506263621727419,2025-34-607
21870,0.0,0.3594010549232462,2025-35-607
21871,0.9847778883436864,0.30577578024766267,2025-36-607
21872,0.0,0.5731161046775491,2025-37-607
21873,0.0,0.38684869790212745,2025-38-607
21874,0.0,0.2975831433521298,2025-39-607
21875,0.9132873957559912,0.2751702805972377,2025-40-607
21876,3.763526851408059,0.49274416516013636,2025-41-607
21877,0.9736740385924756,2.0667881596619417,2025-42-607
21878,2.974806765310581,1.070448808989145,2025-43-607
21879,1.6854090793471714,1.9930222010176706,2025-44-607
21880,2.5284121772810426,1.5373520937003209,2025-45-607
21881,1.5419942329979237,2.290585638507558,2025-46-607
21882,0.785988409109523,1.5240353440839245,2025-47-607
21883,0.962833199516677,1.3108310689264167,2025-48-607
21884,0.8565159035752081,0.8355425784529085,2025-49-607
21885,2.219416821390713,0.8623346561640299,2025-50-607
21886,0.0,1.6355240641015132,2025-51-607
21887,2.959921093324024,0.924409071881075,2025-52-607
22140,0.0,0.1970696035262722,2025-1-608
22141,0.0,0.1704805138909523,2025-2-608
22142,0.0,0.19786160425647914,2025-3-608
22143,0.0,0.1704805138909523,2025-4-608
22144,0.0,0.1704805138909523,2025-5-608
22145,0.0,0.17447589546588307,2025-6-608
22146,0.0,0.1704805138909523,2025-7-608
22147,2.01933532789897,0.1704805138909523,2025-8-608
22148,2.107546952725098,1.0140959799475888,2025-9-608
22149,0.0,1.9400012862375586,2025-10-608
22150,0.0,0.9622238630467354,2025-11-608
22151,0.0,0.5157278764258243,2025-12-608
22152,2.4666979608879247,0.3793799937948429,2025-13-608
22153,0.0,1.6419903715430715,2025-14-608
22154,0.0,0.7870974682420999,2025-15-608
22155,0.0,0.4067570253803817,2025-16-608
22156,0.0,0.35908478283589323,2025-17-608
22157,0.0,0.21506533661492497,2025-18-608
22158,0.0,0.1704805138909523,2025-19-608
22159,0.0,0.1704805138909523,2025-20-608
22160,0.0,0.18426583671621855,2025-21-608
22161,0.0,0.1704805138909523,2025-22-608
22162,0.0,0.1704805138909523,2025-23-608
22163,0.0,0.1704805138909523,2025-24-608
22164,0.0,0.1704805138909523,2025-25-608
22165,0.0,0.1704805138909523,2025-26-608
22166,0.0,0.1704805138909523,2025-27-608
22167,0.0,0.1704805138909523,2025-28-608
22168,0.0,0.1704805138909523,2025-29-608
22169,0.0,0.1704805138909523,2025-30-608
22170,0.0,0.1704805138909523,2025-31-608
22171,0.0,0.1704805138909523,2025-32-608
22172,0.0,0.1704805138909523,2025-33-608
22173,0.0,0.17309575688007747,2025-34-608
22174,0.0,0.1704805138909523,2025-35-608
22175,0.8860896728419819,0.1704805138909523,2025-36-608
22176,0.0,0.4246766533288161,2025-37-608
22177,0.8357960980697426,0.25634760150028507,2025-38-608
22178,0.0,0.4731062538606254,2025-39-608
22179,0.0,0.283115822297146,2025-40-608
22180,0.6775631842050386,0.2712768991778758,2025-41-608
22181,0.0,0.46112174107504234,2025-42-608
22182,0.0,0.22599082868402484,2025-43-608
22183,0.0,0.23788159691228408,2025-44-608
22184,0.7589266667391061,0.25622255815305084,2025-45-608
22185,0.6943254158192244,0.43841219994108704,2025-46-608
22186,0.0,0.39840139202894165,2025-47-608
22187,0.0,0.25444822290320673,2025-48-608
22188,0.0,0.3290420848016364,2025-49-608
22189,0.0,0.29239205368692156,2025-50-608
22190,0.0,0.20665000942482312,2025-51-608
22191,0.0,0.1704805138909523,2025-52-608
22444,0.0,0.6907620585570973,2025-1-609
22445,0.0,0.7268399378370546,2025-2-609
22446,0.0,0.33888853497555227,2025-3-609
22447,0.0,0.3365450562699637,2025-4-609
22448,0.0,0.2415593269755666,2025-5-609
22449,3.726764911298903,0.19383632136342563,2025-6-609
22450,8.10618441590658,1.7591982403199524,2025-7-609
22451,0.0,4.081252113711056,2025-8-609
22452,0.0,2.0635203344656605,2025-9-609
22453,0.0,1.0825319350790552,2025-10-609
22454,0.0,0.5162118658321397,2025-11-609
22455,0.0,0.34295710246506483,2025-12-609
22456,0.0,0.19383632136342563,2025-13-609
22457,0.0,0.20762164418869183,2025-14-609
22458,0.0,0.20762164418869183,2025-15-609
22459,0.0,0.19383632136342563,2025-16-609
22460,5.492748928848439,0.19383632136342563,2025-17-609
22461,0.0,1.6461647195992597,2025-18-609
22462,18.45035899698108,0.8161810708860007,2025-19-609
22463,9.043001085844203,6.156047635939592,2025-20-609
22464,6.587530968606724,9.692478991686835,2025-21-609
22465,4.704707267087003,6.3885709574838225,2025-22-609
22466,16.86568860259703,6.031241714219427,2025-23-609
22467,3.9061838700732734,11.53949886488724,2025-24-609
22468,3.291885262459429,6.276966077688203,2025-25-609
22469,10.316377806153152,5.284055950430607,2025-26-609
22470,7.765124601451384,8.525553260317478,2025-27-609
22471,8.452531724247777,5.493971397992758,2025-28-609
22472,10.966553910729717,8.220298126933965,2025-29-609
22473,1.731306699874422,10.050067393875944,2025-30-609
22474,11.114550099552895,3.5158788147348288,2025-31-609
22475,7.829801289363592,9.529937545721946,2025-32-609
22476,4.236117161038384,6.246816104858924,2025-33-609
22477,3.77259983382798,5.820186081835138,2025-34-609
22478,2.691167605108821,4.6766123635135255,2025-35-609
22479,2.788619234641313,3.856965115066846,2025-36-609
22480,4.083325912102177,3.3546923086122367,2025-37-609
22481,1.3142494216950495,3.4550486903482196,2025-38-609
22482,1.216719333813954,2.0183432714735496,2025-39-609
22483,1.2917206493595843,1.8250034026768298,2025-40-609
22484,2.1286353080598,1.3839416507484663,2025-41-609
22485,0.0,1.9246664137720921,2025-42-609
22486,0.0,1.1285274092824433,2025-43-609
22487,1.1906306908957118,0.5489839509049851,2025-44-609
22488,0.0,0.8414845954360537,2025-45-609
22489,1.0887419152791855,0.7139808395798627,2025-46-609
22490,2.2192365091727155,0.5667529630887802,2025-47-609
22491,0.0,1.517088785372725,2025-48-609
22492,0.0,0.9724324280635962,2025-49-609
22493,0.0,0.5039207499728997,2025-50-609
22494,2.536540087996,0.38299066649451285,2025-51-609
22495,12.519457797950349,1.6763649868446573,2025-52-609
22748,0.6355025042992684,0.9452119838655959,2025-1-610
22749,0.7479551861241317,0.6791946017588428,2025-2-610
22750,0.0,0.620640129796108,2025-3-610
22751,1.2794573055848306,0.30720240158783935,2025-4-610
22752,4.051710217273649,0.655064311612405,2025-5-610
22753,0.0,2.041328741754337,2025-6-610
22754,11.942445070701366,0.9491420913191254,2025-7-610
22755,12.15598913621884,4.005612162735531,2025-8-610
22756,2.8188464256044026,8.461123918946354,2025-9-610
22757,0.0,6.219767291922126,2025-10-610
22758,3.536537375412473,2.515120017909617,2025-11-610
22759,0.0,2.7516695293538347,2025-12-610
22760,3.296927205737339,2.7385281605203557,2025-13-610
22761,0.0,2.5849097715532734,2025-14-610
22762,0.0,1.3305834028071468,2025-15-610
22763,0.0,0.539554810151868,2025-16-610
22764,0.0,0.41157143555677445,2025-17-610
22765,0.0,0.25357018639615636,2025-18-610
22766,1.945461368827124,0.20762164418869183,2025-19-610
22767,0.0,0.9370886446737778,2025-20-610
22768,0.0,0.75575072686408,2025-21-610
22769,1.9853045240108675,0.3716194853161273,2025-22-610
22770,0.0,1.1339560406940992,2025-23-610
22771,1.6488896400063826,0.7799693332515389,2025-24-610
22772,2.77962205087586,0.5929302481008264,2025-25-610
22773,2.9041508792022963,1.7463497405325017,2025-26-610
22774,0.0,2.842167416529922,2025-27-610
22775,1.785206988299617,1.5306858977551523,2025-28-610
22776,0.0,0.9405854645735535,2025-29-610
22777,0.0,0.9092955145939797,2025-30-610
22778,0.6710405979258853,0.39042976311274996,2025-31-610
22779,0.0,0.5651395352889791,2025-32-610
22780,2.3878680312380096,0.25852096664600316,2025-33-610
22781,0.5317376478946868,1.386797753175758,2025-34-610
22782,0.5690664124359793,0.8594834117725695,2025-35-610
22783,0.0,0.5279033066503367,2025-36-610
22784,0.0,0.37588274929428495,2025-37-610
22785,0.0,0.32349248359747257,2025-38-610
22786,0.5149196882311711,0.3065079838729343,2025-39-610
22787,0.5467538561167452,0.24176004233104265,2025-40-610
22788,0.901153253447494,0.27205784409849926,2025-41-610
22789,0.0,0.47081240709521127,2025-42-610
22790,0.0,0.3204585432397431,2025-43-610
22791,1.008618076128723,0.36951104141554025,2025-44-610
22792,2.0172851401553835,0.618553575758524,2025-45-610
22793,0.9226196336433812,1.4158394912974643,2025-46-610
22794,0.4702354316769489,0.9851766622366231,2025-47-610
22795,0.0,0.5927980086295414,2025-48-610
22796,0.5123339967659183,0.48766609078940365,2025-49-610
22797,0.0,0.3413976723822176,2025-50-610
22798,0.0,0.2277740041503004,2025-51-610
22799,0.8850049496489094,0.24477879405147018,2025-52-610
23052,1.1838306522506838,1.2181720169123056,2025-1-611
23053,0.0,1.563703558861971,2025-2-611
23054,1.601985116496833,0.9243393235325751,2025-3-611
23055,0.0,0.8295304185727278,2025-4-611
23056,5.025630594438495,0.8158257041027138,2025-5-611
23057,5.834579063931651,2.275734694886767,2025-6-611
23058,3.172302441194159,3.9704029825328706,2025-7-611
23059,5.0214046070655085,4.0387352036516875,2025-8-611
23060,5.238258871212683,4.733136529540989,2025-9-611
23061,0.0,4.078985486806028,2025-10-611
23062,0.0,2.4527177291044167,2025-11-611
23063,0.0,0.8598810392687608,2025-12-611
23064,0.0,0.5530598533387133,2025-13-611
23065,0.0,0.3014693300764503,2025-14-611
23066,0.0,0.20762164418869183,2025-15-611
23067,0.0,0.20762164418869183,2025-16-611
23068,8.58648729958182,0.37018936132891084,2025-17-611
23069,0.0,3.151795185995649,2025-18-611
23070,0.0,0.9210468555193299,2025-19-611
23071,0.0,1.0883209529164297,2025-20-611
23072,0.0,0.49054582700225524,2025-21-611
23073,0.0,0.34295710246506483,2025-22-611
23074,0.0,0.19383632136342563,2025-23-611
23075,0.0,0.19383632136342563,2025-24-611
23076,0.0,0.20762164418869183,2025-25-611
23077,0.0,0.19383632136342563,2025-26-611
23078,0.0,0.19383632136342563,2025-27-611
23079,1.6492141219312804,0.19383632136342563,2025-28-611
23080,0.0,0.4908978437773272,2025-29-611
23081,0.0,0.8044910806805039,2025-30-611
23082,0.0,0.3306958980800193,2025-31-611
23083,0.0,0.3365450562699637,2025-32-611
23084,0.0,0.2277740041503004,2025-33-611
23085,0.0,0.19383632136342563,2025-34-611
23086,0.0,0.19383632136342563,2025-35-611
23087,0.0,0.20762164418869183,2025-36-611
23088,0.0,0.19383632136342563,2025-37-611
23089,0.0,0.19383632136342563,2025-38-611
23090,0.0,0.19383632136342563,2025-39-611
23091,0.0,0.19383632136342563,2025-40-611
23092,0.0,0.19383632136342563,2025-41-611
23093,0.0,0.19383632136342563,2025-42-611
23094,0.0,0.19383632136342563,2025-43-611
23095,2.781824814189028,0.19383632136342563,2025-44-611
23096,1.8540348369149329,1.4265852891990283,2025-45-611
23097,5.086199926183951,1.8456009249128749,2025-46-611
23098,1.7276818350778542,2.212469884988644,2025-47-611
23099,3.1733517035588807,1.7447771578660975,2025-48-611
23100,1.8812202681357808,3.213629934145287,2025-49-611
23101,1.62424007642592,2.2823135283563487,2025-50-611
23102,0.9868338566930832,1.893077198312419,2025-51-611
23103,9.740044603410402,1.2132115425492283,2025-52-611
23356,0.3671537216360188,0.2731962209448724,2025-1-701
23357,0.0,0.20665000942482312,2025-2-701
23358,0.0,0.2636627155416596,2025-3-701
23359,0.7394815209027203,0.33266682896567884,2025-4-701
23360,0.0,0.4600011330157154,2025-5-701
23361,0.9067416851146344,0.19868893506269142,2025-6-701
23362,0.9864329886442076,0.4849502435557004,2025-7-701
23363,0.0,0.6394157206768416,2025-8-701
23364,0.0,0.476314766169636,2025-9-701
23365,2.343865571120473,0.38107809304795653,2025-10-701
23366,2.0458717600454706,1.4912632027680608,2025-11-701
23367,0.760407757441747,2.15630225363113,2025-12-701
23368,2.861637745188061,1.18154970981661,2025-13-701
23369,2.2515031286174123,1.5570186081183448,2025-14-701
23370,1.8765427243685715,2.4584464794009957,2025-15-701
23371,2.124716460467475,2.175482906643386,2025-16-701
23372,0.0,2.0581373389281126,2025-17-701
23373,0.0,1.2150855438620645,2025-18-701
23374,0.0,0.8875190671037169,2025-19-701
23375,1.1047022283911996,0.3791573035002739,2025-20-701
23376,3.219915594296542,0.5816004259632075,2025-21-701
23377,2.300295228942117,1.9866149212839819,2025-22-701
23378,1.3747791286533158,2.5511837271438695,2025-23-701
23379,0.0,1.9526534393820107,2025-24-701
23380,1.610953413636007,1.0457642526458242,2025-25-701
23381,0.8416728882738173,0.8805770761396542,2025-26-701
23382,0.0,0.976941717741484,2025-27-701
23383,0.0,0.39017160670533046,2025-28-701
23384,1.074627765599467,0.38641118977800387,2025-29-701
23385,1.6970399964283145,0.6933046358362976,2025-30-701
23386,1.1676248913472236,1.0844807811248012,2025-31-701
23387,1.9198580712848088,1.1868922112261497,2025-32-701
23388,0.6926681291213879,1.4649830507543529,2025-33-701
23389,0.3085304850536634,1.0574910397335184,2025-34-701
23390,0.6604643978974715,0.532157144858672,2025-35-701
23391,1.3691717403590855,0.6620449638940046,2025-36-701
23392,0.668484776020527,0.7323061032351204,2025-37-701
23393,1.9369917899033025,0.8198963799441608,2025-38-701
23394,0.0,1.0367895653784784,2025-39-701
23395,0.3174879635581664,0.9073775008660171,2025-40-701
23396,0.5233471375596344,0.4878833553385751,2025-41-701
23397,0.6770074876019901,0.4265920831437613,2025-42-701
23398,0.6894970803476763,0.4441573180887028,2025-43-701
23399,0.0,0.42860219930082866,2025-44-701
23400,0.8791093427404056,0.30156387903036513,2025-45-701
23401,0.5361580360572298,0.634219767688153,2025-46-701
23402,1.0932041012800753,0.4194593159021518,2025-47-701
23403,0.6696089076303419,0.6249726800719266,2025-48-701
23404,0.2978452324461955,0.7702935810864378,2025-49-701
23405,0.2572692575066497,0.43437992290807387,2025-50-701
23406,0.6255014381768048,0.38350817296406625,2025-51-701
23407,1.5440870366064576,0.4989305969557799,2025-52-701
23660,0.0,0.40969268980220974,2025-1-702
23661,0.0,0.404179761057784,2025-2-702
23662,0.2944287411991238,0.269712547164606,2025-3-702
23663,0.0,0.19383632136342563,2025-4-702
23664,0.4620558199895201,0.35531389622728865,2025-5-702
23665,0.0,0.2101350191382427,2025-6-702
23666,0.5836068709961707,0.19383632136342563,2025-7-702
23667,0.462005256203241,0.43528179758044666,2025-8-702
23668,1.4462245903055329,0.21890402191314642,2025-9-702
23669,0.6929573549547565,0.5841858839122405,2025-10-702
23670,0.0,0.8265741625671148,2025-11-702
23671,0.8989061878408682,0.3751950957850477,2025-12-702
23672,0.0,0.6889959670997383,2025-13-702
23673,1.9954263709443207,0.39911797888486494,2025-14-702
23674,0.0,1.162267146121438,2025-15-702
23675,0.0,0.8318132364421521,2025-16-702
23676,0.0,0.41374980499853486,2025-17-702
23677,1.6626132301355268,0.35724562060317105,2025-18-702
23678,1.3300422012444002,0.5956886899067662,2025-19-702
23679,0.0,1.1043744425690087,2025-20-702
23680,0.9499610535701816,0.8076223331023362,2025-21-702
23681,0.6785189446966254,0.7151218043894539,2025-22-702
23682,0.0,0.6740955021985855,2025-23-702
23683,0.5634747814632398,0.3490748298727811,2025-24-702
23684,0.4749114929583028,0.39645282264448317,2025-25-702
23685,1.488474503108383,0.3480029988362429,2025-26-702
23686,0.3734991957870255,0.6088307247983341,2025-27-702
23687,0.609913142592599,0.7362181367328566,2025-28-702
23688,0.0,0.5051104759016765,2025-29-702
23689,0.0,0.39471142863142483,2025-30-702
23690,0.0,0.2778009819415655,2025-31-702
23691,0.6782779725276314,0.2922725314824514,2025-32-702
23692,0.4077847852552325,0.43018379554118824,2025-33-702
23693,0.3632054605687524,0.23268934473841263,2025-34-702
23694,0.5830199927185232,0.24811044223499512,2025-35-702
23695,0.4027997554779518,0.37151700876807814,2025-36-702
23696,0.5898784680683592,0.26129101987625736,2025-37-702
23697,0.1898780640434262,0.32535004994606576,2025-38-702
23698,0.5274206721597089,0.30949084943359134,2025-39-702
23699,0.7466594108566743,0.32275873811388506,2025-40-702
23700,0.1538203033271513,0.5077086285655126,2025-41-702
23701,0.1989462727699083,0.2577833899804661,2025-42-702
23702,0.607735424720796,0.3040422003251406,2025-43-702
23703,0.3442664509330118,0.4532415812103387,2025-44-702
23704,0.1721272302764559,0.2529282807162698,2025-45-702
23705,0.3148758167733,0.23908315003604907,2025-46-702
23706,0.802372999845448,0.2876569894255481,2025-47-702
23707,0.589652414472718,0.4887553759719536,2025-48-702
23708,0.6992827396748048,0.32717493239552603,2025-49-702
23709,1.6607387275628238,0.4639668646778034,2025-50-702
23710,0.0,0.6614133952781642,2025-51-702
23711,0.0,0.802684238554275,2025-52-702
23964,0.5929143105881756,0.7601795790516996,2025-1-703
23965,0.6978708028899215,0.7594434143296929,2025-2-703
23966,1.6058498929260248,1.3269352255424836,2025-3-703
23967,0.0,0.9917231831687999,2025-4-703
23968,0.0,0.8987658695537207,2025-5-703
23969,0.0,0.4436885529105938,2025-6-703
23970,0.0,0.3704827390568385,2025-7-703
23971,0.0,0.385565586445831,2025-8-703
23972,0.0,0.19729703637439588,2025-9-703
23973,0.0,0.2020289582589585,2025-10-703
23974,0.0,0.20762164418869183,2025-11-703
23975,0.0,0.19383632136342563,2025-12-703
23976,0.0,0.19383632136342563,2025-13-703
23977,0.0,0.19383632136342563,2025-14-703
23978,0.0,0.19383632136342563,2025-15-703
23979,0.0,0.19154401140382366,2025-16-703
23980,0.0,0.18910439947886307,2025-17-703
23981,0.0,0.18910439947886307,2025-18-703
23982,0.0,0.18910439947886307,2025-19-703
23983,0.0,0.19383632136342563,2025-20-703
23984,0.0,0.19383632136342563,2025-21-703
23985,0.0,0.19383632136342563,2025-22-703
23986,0.0,0.19383632136342563,2025-23-703
23987,0.0,0.19383632136342563,2025-24-703
23988,0.0,0.19383632136342563,2025-25-703
23989,0.0,0.19383632136342563,2025-26-703
23990,0.0,0.19383632136342563,2025-27-703
23991,0.0,0.19383632136342563,2025-28-703
23992,0.0,0.19383632136342563,2025-29-703
23993,0.6836673125929204,0.19383632136342563,2025-30-703
23994,0.0,0.38811318073451256,2025-31-703
23995,0.6186550099177354,0.21079796103386222,2025-32-703
23996,1.1159454367031212,0.43236810359165956,2025-33-703
23997,0.4970318006518875,0.6173216972970647,2025-34-703
23998,1.0639074355776426,0.6722224908341393,2025-35-703
23999,0.5513415258126836,0.6685716238298073,2025-36-703
24000,0.0,0.7013245340152581,2025-37-703
24001,0.5199193324421085,0.37633882717328326,2025-38-703
24002,0.4814452305738542,0.368379286707154,2025-39-703
24003,0.0,0.3311625878340177,2025-40-703
24004,0.4213318461323318,0.2490143872055624,2025-41-703
24005,0.0,0.22130650924462553,2025-42-703
24006,0.5550134642034252,0.22941004862448522,2025-43-703
24007,0.0,0.3160165387433452,2025-44-703
24008,0.9433858722576433,0.21079796103386222,2025-45-703
24009,0.8629763093521865,0.47170483434497357,2025-46-703
24010,0.4398611806529253,0.6245454960121266,2025-47-703
24011,0.5388078576826677,0.3693071761048989,2025-48-703
24012,0.4792936384016333,0.3996481772673057,2025-49-703
24013,0.8279368585362064,0.3361628696277011,2025-50-703
24014,0.5032061733502587,0.5154293554484868,2025-51-703
24015,0.0,0.31281791161159417,2025-52-703
24268,0.7378397900750634,0.36664937606259956,2025-1-704
24269,2.604826042431052,0.42447105876428476,2025-2-704
24270,1.9975594427729224,1.4348358471291482,2025-3-704
24271,1.4848477356768952,2.011726288731957,2025-4-704
24272,0.0,2.0667195534211533,2025-5-704
24273,1.8196949166983964,1.0407978636634652,2025-6-704
24274,0.0,0.9030544285025576,2025-7-704
24275,1.5665800821046998,0.8379323282278424,2025-8-704
24276,0.0,0.6584189619203555,2025-9-704
24277,0.0,0.8224329312420465,2025-10-704
24278,0.0,0.3612177238403689,2025-11-704
24279,0.0,0.33607256645846223,2025-12-704
24280,0.0,0.20665000942482312,2025-13-704
24281,2.254239074699053,0.18426583671621855,2025-14-704
24282,0.0,1.1621945585322961,2025-15-704
24283,0.0,0.7926901541718331,2025-16-704
24284,0.0,0.3785802101574983,2025-17-704
24285,0.0,0.3347951710708703,2025-18-704
24286,0.0,0.21506533661492497,2025-19-704
24287,0.0,0.1704805138909523,2025-20-704
24288,0.0,0.1704805138909523,2025-21-704
24289,0.0,0.18426583671621855,2025-22-704
24290,0.0,0.1704805138909523,2025-23-704
24291,0.0,0.17309575688007747,2025-24-704
24292,0.0,0.17309575688007747,2025-25-704
24293,0.0,0.1704805138909523,2025-26-704
24294,0.0,0.17309575688007747,2025-27-704
24295,0.0,0.17309575688007747,2025-28-704
24296,1.0714941567496867,0.1704805138909523,2025-29-704
24297,0.0,0.4729006885196575,2025-30-704
24298,0.0,0.6064407406389148,2025-31-704
24299,0.0,0.307485686636412,2025-32-704
24300,0.0,0.2727006772398612,2025-33-704
24301,0.0,0.20665000942482312,2025-34-704
24302,1.972328468956048,0.1704805138909523,2025-35-704
24303,2.043794852807652,0.9599484400610931,2025-36-704
24304,0.6650574982225792,1.842753830950936,2025-37-704
24305,0.0,1.0172614879768314,2025-38-704
24306,1.1890659908758745,0.5224944986786636,2025-39-704
24307,0.0,0.856042676450912,2025-40-704
24308,1.0401738843787245,0.707709471337902,2025-41-704
24309,0.6726036548163687,0.6288381876910533,2025-42-704
24310,0.684822239591548,0.810225822739663,2025-43-704
24311,0.0,0.547384681691341,2025-44-704
24312,0.5817768883220845,0.3525014259771245,2025-45-704
24313,0.5320805433775271,0.44770898658578717,2025-46-704
24314,0.5422949562341061,0.3939197379259992,2025-47-704
24315,0.0,0.31823193541441247,2025-48-704
24316,0.0,0.2973261227668536,2025-49-704
24317,2.0402413863990057,0.29528173209697056,2025-50-704
24318,1.8596579308049688,1.29675077037308,2025-51-704
24319,1.0198677587270444,1.7575151248930319,2025-52-704
24572,0.7456731893077604,0.48223052899734775,2025-1-705
24573,0.0,0.4618988374523496,2025-2-705
24574,2.019324327514648,0.6957726203889706,2025-3-705
24575,0.0,1.103899664110533,2025-4-705
24576,0.0,0.8120414086640031,2025-5-705
24577,3.680566513938433,0.4134794751353463,2025-6-705
24578,2.0017451539073727,2.3457048868751538,2025-7-705
24579,0.0,2.4916806593690226,2025-8-705
24580,0.0,1.6494937731418369,2025-9-705
24581,0.0,0.5591844510404814,2025-10-705
24582,4.149349744047232,0.4336233277393552,2025-11-705
24583,0.0,2.2448465698886255,2025-12-705
24584,0.0,0.7923667558470479,2025-13-705
24585,0.0,0.6135216461807719,2025-14-705
24586,0.0,0.49118650412584314,2025-15-705
24587,0.0,0.2623290326102745,2025-16-705
24588,0.0,0.18910439947886307,2025-17-705
24589,0.0,0.18910439947886307,2025-18-705
24590,0.0,0.2028897223041292,2025-19-705
24591,0.0,0.19383632136342563,2025-20-705
24592,0.0,0.19383632136342563,2025-21-705
24593,2.3291451699930312,0.19383632136342563,2025-22-705
24594,0.0,1.242569448033307,2025-23-705
24595,0.0,0.7917616149117691,2025-24-705
24596,1.63048332418175,0.3924205168265525,2025-25-705
24597,0.0,0.7285104438587109,2025-26-705
24598,0.0,0.7478677994564444,2025-27-705
24599,1.047150513440935,0.3306958980800193,2025-28-705
24600,0.0,0.6988977238457,2025-29-705
24601,0.0,0.6451765036754922,2025-30-705
24602,0.7872061273467656,0.32132599330546613,2025-31-705
24603,1.5530165359852783,0.5426434664536036,2025-32-705
24604,0.700297803922995,0.6109772932386481,2025-33-705
24605,0.0,0.8533792329724786,2025-34-705
24606,0.0,0.4249543835763843,2025-35-705
24607,1.3836850940977812,0.42416264513816293,2025-36-705
24608,0.0,0.6972042763531959,2025-37-705
24609,0.0,0.6785768613329372,2025-38-705
24610,1.2080369938955176,0.33888853497555227,2025-39-705
24611,0.6413557335605499,0.6855061321259963,2025-40-705
24612,0.5285330784252571,0.7769479872647606,2025-41-705
24613,0.6836225689905783,0.40040741930036744,2025-42-705
24614,0.6961389806009581,0.5780756811756544,2025-43-705
24615,0.0,0.5554018060027581,2025-44-705
24616,0.0,0.36274177499392724,2025-45-705
24617,0.0,0.360016176363413,2025-46-705
24618,1.1031312576232637,0.31734261235678884,2025-47-705
24619,0.0,0.5647143251510433,2025-48-705
24620,0.6009354191148426,0.6329394554225382,2025-49-705
24621,2.0759918443587404,0.45941210520541376,2025-50-705
24622,1.2616726294335103,1.1867398856841684,2025-51-705
24623,0.0,1.159916470648448,2025-52-705
24876,0.0,0.7961541211020488,2025-1-706
24877,0.0,0.6751000707614904,2025-2-706
24878,0.0,0.7520311550714041,2025-3-706
24879,0.0,0.30914997546125594,2025-4-706
24880,0.0,0.29223136096081637,2025-5-706
24881,2.8522539200720565,0.19383632136342563,2025-6-706
24882,1.5510886557686727,1.8519373140439164,2025-7-706
24883,1.227836641355695,1.196066113843966,2025-8-706
24884,0.0,1.5616352381664547,2025-9-706
24885,1.8414295124001547,1.0144623257845744,2025-10-706
24886,0.0,1.1822467854343037,2025-11-706
24887,0.0,0.8158257041027138,2025-12-706
24888,0.0,0.3646335808668941,2025-13-706
24889,0.0,0.35033037909523,2025-14-706
24890,0.0,0.2415593269755666,2025-15-706
24891,5.000480506909171,0.2020289582589585,2025-16-706
24892,0.0,1.685925809230921,2025-17-706
24893,2.208156190567835,0.8495878543348337,2025-18-706
24894,0.0,2.117364809622494,2025-19-706
24895,0.0,1.0566882834411255,2025-20-706
24896,0.0,0.5104177308278603,2025-21-706
24897,0.0,0.3490529837076382,2025-22-706
24898,0.0,0.23618933134040226,2025-23-706
24899,1.496264300821051,0.20762164418869183,2025-24-706
24900,1.2610261187407237,0.4967203942528448,2025-25-706
24901,1.3173741162354455,1.0945686612438303,2025-26-706
24902,0.9916440005086788,1.134154106286489,2025-27-706
24903,1.6192398306793965,1.0603941917303472,2025-28-706
24904,0.8403888410936772,1.0063623518558915,2025-29-706
24905,1.3268133634911825,1.0257481773805137,2025-30-706
24906,0.6084507023618987,0.7956880050422498,2025-31-706
24907,0.0,0.8538030066996071,2025-32-706
24908,0.0,0.4670847032587919,2025-33-706
24909,0.0,0.41889814364093797,2025-34-706
24910,0.5157569159234743,0.31734261235678884,2025-35-706
24911,0.0,0.2555453651563088,2025-36-706
24912,0.0,0.2020289582589585,2025-37-706
24913,0.0,0.22299038961567672,2025-38-706
24914,0.0,0.2020289582589585,2025-39-706
24915,0.4952575657693274,0.22121741172895237,2025-40-706
24916,0.0,0.20194238224270983,2025-41-706
24917,0.0,0.19383632136342563,2025-42-706
24918,0.53739468745105,0.21320044836534133,2025-43-706
24919,0.0,0.2582725212732331,2025-44-706
24920,0.0,0.23402767213567477,2025-45-706
24921,0.0,0.20920506679041057,2025-46-706
24922,0.8512265109713734,0.2567406584803667,2025-47-706
24923,0.5212677789520175,0.45661457499122576,2025-48-706
24924,0.463613516767366,0.2543670693687459,2025-49-706
24925,0.0,0.27219943407699215,2025-50-706
24926,0.0,0.2945764196762969,2025-51-706
24927,0.0,0.24046043981278176,2025-52-706
