,actual,pred,week_canton
200,1.1595700118871033,0.13439332553621675,2024-1-101
201,1.3602308502111995,0.7931622205280757,2024-2-101
202,1.393506002624767,0.8437560175649463,2024-3-101
203,1.2106315348727243,1.195990912448215,2024-4-101
204,1.2397659514404118,1.1321510499602747,2024-5-101
205,1.2694818056791637,1.1657901103589925,2024-6-101
206,1.7394578453108842,1.181879913659405,2024-7-101
207,0.9520540125921404,1.3966813598121586,2024-8-101
208,1.3786103036617974,1.1349534381789854,2024-9-101
209,0.9155302537138748,1.1486974571890447,2024-10-101
210,1.1444713717320594,1.1352880314139258,2024-11-101
211,0.8002091539691445,1.0370104809165852,2024-12-101
212,0.9932699866388288,0.8547961583341552,2024-13-101
213,1.2456725203565098,0.9075835180939953,2024-14-101
214,1.0222486542402756,1.000975002230296,2024-15-101
215,0.8901342862114209,0.9131717504643795,2024-16-101
216,0.8860394147163677,0.9406782710722714,2024-17-101
217,0.726122768479126,0.8495873675604898,2024-18-101
218,0.8227495588068642,0.9124385944272875,2024-19-101
219,0.3677126408624275,0.8643344944005455,2024-20-101
220,0.7267796982193242,0.4111966782839679,2024-21-101
221,0.6908234983550421,0.5924641582097968,2024-22-101
222,0.6222829659405439,0.6256427246635388,2024-23-101
223,0.6136312763744666,0.49963633740419655,2024-24-101
224,0.6688844578200739,0.6320243981995695,2024-25-101
225,0.4022075702881277,0.6282608013400576,2024-26-101
226,0.917572117953904,0.48007415910154316,2024-27-101
227,0.8060232822177731,0.6537987762989033,2024-28-101
228,0.8437961909060656,0.6408940787016695,2024-29-101
229,1.3102862742550816,0.7715833577990179,2024-30-101
230,0.9551374349373148,0.9695006472504191,2024-31-101
231,0.9686912510412942,0.8525565428768886,2024-32-101
232,2.405331456139684,0.9195542329158076,2024-33-101
233,2.1098119479725743,1.5082182268052873,2024-34-101
234,2.897527403619976,1.7051042100373652,2024-35-101
235,2.860960769631084,1.8443345272820895,2024-36-101
236,3.457019900764394,2.416188737906436,2024-37-101
237,3.715719224414356,3.049665819472527,2024-38-101
238,4.000933555698498,3.5835300815697817,2024-39-101
239,3.4625783225570745,3.8021258797613866,2024-40-101
240,3.729463629320369,3.275268522234251,2024-41-101
241,4.0744684904679245,3.2895295354504617,2024-42-101
242,3.4613344870659564,3.482320240169563,2024-43-101
243,4.437434127082788,3.1385705078318766,2024-44-101
244,4.72005412955498,3.3628865313732987,2024-45-101
245,4.904835092979193,3.7918057351263927,2024-46-101
246,3.8583111232614167,4.258889832787384,2024-47-101
247,5.05830377747833,3.9087283405517965,2024-48-101
248,3.898706732133284,4.244022047675314,2024-49-101
249,3.1381028934979853,3.8722978421403322,2024-50-101
250,3.580234678489147,3.33638194281552,2024-51-101
251,3.3000878394404163,3.2680618683220333,2024-52-101
504,0.4303084494898565,-0.2129513949798887,2024-1-102
505,0.2984000481149812,0.3255799484327633,2024-2-102
506,0.2271795119386042,0.14428679351775897,2024-3-102
507,0.2315181404214686,0.31764872401526245,2024-4-102
508,0.0,0.18658326500639033,2024-5-102
509,0.3078870933833353,0.11278126627264018,2024-6-102
510,0.1729613264172646,0.20357837721650707,2024-7-102
511,0.0,0.23105324654923132,2024-8-102
512,0.0,0.07584499940065914,2024-9-102
513,0.0,0.01900017930579012,2024-10-102
514,0.5689249943017157,0.11029319243254354,2024-11-102
515,0.305982432180313,0.28304589372409394,2024-12-102
516,0.0,0.24905316097205943,2024-13-102
517,0.2948447663450736,0.19381449830979913,2024-14-102
518,0.3387352378018072,0.21069446968638095,2024-15-102
519,0.0,0.2032641520324472,2024-16-102
520,0.0,0.17364727788251666,2024-17-102
521,0.0,0.06543008424028574,2024-18-102
522,0.0,0.18385213277894008,2024-19-102
523,0.2610579447697203,0.11767745524562245,2024-20-102
524,0.0,-0.040362635525942325,2024-21-102
525,0.2985163976770325,0.05640251602625934,2024-22-102
526,0.2290547732113247,0.1660707236570198,2024-23-102
527,0.2258630526526608,0.13097646247511285,2024-24-102
528,0.0,0.22685154277052,2024-25-102
529,0.2997681766795776,0.13405942990013187,2024-26-102
530,0.1982179708786824,0.1570623945277343,2024-27-102
531,0.1906977524388611,0.21551080767408848,2024-28-102
532,0.0687245078626234,0.1256222894184177,2024-29-102
533,0.0,0.1735307151542802,2024-30-102
534,0.3489025452447098,0.056015649561917735,2024-31-102
535,0.2005108834601434,0.06074948574748684,2024-32-102
536,0.2731161148510016,0.19999233130438765,2024-33-102
537,0.3175900583483381,0.2076706563758839,2024-34-102
538,0.3184291735273319,0.22640260583234617,2024-35-102
539,0.2885466542193838,-0.06230740743814689,2024-36-102
540,0.4713643777544432,0.22242132728847253,2024-37-102
541,0.768980475709619,0.6170901577173682,2024-38-102
542,0.6479851897471736,0.9840690448246464,2024-39-102
543,1.0595402656071389,0.9973116356057324,2024-40-102
544,0.8736834912468082,0.7235893949155809,2024-41-102
545,0.8387526569768913,0.7543545816779389,2024-42-102
546,0.8719256329004246,0.7658602190422878,2024-43-102
547,0.8764373356671942,0.6382188289433907,2024-44-102
548,0.4507480664440057,0.5490894073174689,2024-45-102
549,0.9742295507059144,0.44327176044821914,2024-46-102
550,0.5371533401510818,0.8110263918775474,2024-47-102
551,0.1902747667665432,0.6299040742050184,2024-48-102
552,0.2277395873941433,0.43986139824162107,2024-49-102
553,0.0,0.28831962664740807,2024-50-102
554,0.0,0.1232248744016895,2024-51-102
555,0.0,0.02000529409646057,2024-52-102
808,0.4997522565646985,-0.09515602717884053,2024-1-103
809,0.3754378287837711,0.4022587650098858,2024-2-103
810,0.9564369633755267,0.26985085073087944,2024-3-103
811,0.336106074221221,0.718817527202229,2024-4-103
812,0.2982940261320621,0.4887715912592767,2024-5-103
813,0.3128852903790725,0.3988936349754161,2024-6-103
814,0.3013200414998614,0.43356172726354747,2024-7-103
815,0.6342941906445481,0.41575713281363236,2024-8-103
816,0.6218722464310431,0.457960843817964,2024-9-103
817,0.5139208711252715,0.5327967574401579,2024-10-103
818,0.7433679903231803,0.6265806248935832,2024-11-103
819,0.4442270154608288,0.6828079532250129,2024-12-103
820,0.238934715069937,0.5224026750129025,2024-13-103
821,0.0856123018048954,0.4342238908623608,2024-14-103
822,0.0983569987084469,0.24847717567008354,2024-15-103
823,0.3952760899669416,0.13157191240668908,2024-16-103
824,0.5901707949370136,0.31689123314921086,2024-17-103
825,0.2857878748428693,0.39850448117136616,2024-18-103
826,0.2226191428699004,0.5107675536008143,2024-19-103
827,0.1516081313362174,0.46833084130525815,2024-20-103
828,0.2330561981782793,0.09520605937212401,2024-21-103
829,0.3900682173410306,0.15222713575406643,2024-22-103
830,0.3658171251626933,0.33223975589038834,2024-23-103
831,0.2951357645833892,0.27512869978029897,2024-24-103
832,0.2948935736589785,0.30532529402874276,2024-25-103
833,0.5803134984780995,0.27397773288864025,2024-26-103
834,0.2877953994730929,0.4106283590672114,2024-27-103
835,0.387629519269327,0.3111839318005275,2024-28-103
836,0.3392627662070907,0.2855786686311831,2024-29-103
837,0.7009042920786164,0.39292679496346816,2024-30-103
838,0.7700132339725283,0.4348351781436979,2024-31-103
839,0.7375358945448458,0.5666762648310001,2024-32-103
840,0.7534530747915085,0.6830989049136327,2024-33-103
841,0.959153079950586,0.7118910300815866,2024-34-103
842,1.442538935147457,0.7860714269392245,2024-35-103
843,1.6758631158475708,0.7314246670730733,2024-36-103
844,1.838152266820228,1.3049693306008154,2024-37-103
845,2.047029360276688,1.800574490031048,2024-38-103
846,2.3835658148316945,2.1786148300487294,2024-39-103
847,2.2958736355167813,2.460587332175155,2024-40-103
848,2.6640843300652706,2.0279975558105785,2024-41-103
849,2.131321212278992,2.2070238140737315,2024-42-103
850,1.953370011386239,2.2252852497009803,2024-43-103
851,1.7816839434255745,1.917715450186829,2024-44-103
852,1.3526594549865307,1.7523352026309573,2024-45-103
853,0.9053736328683124,1.4675077536917855,2024-46-103
854,0.8839850430389175,1.4226576902079553,2024-47-103
855,0.4973304848507418,1.1067360855893233,2024-48-103
856,0.6613971300831415,0.7216717422862686,2024-49-103
857,0.6568523121147855,0.6844946998575618,2024-50-103
858,0.1032476785073302,0.59486611328077,2024-51-103
859,0.164079898761685,0.43385655229570175,2024-52-103
1112,0.1561646067415673,0.5110590877486627,2024-1-104
1113,0.1804898249810805,0.5548030982115341,2024-2-104
1114,0.0,0.5821193974927625,2024-3-104
1115,0.0,0.44227189979536363,2024-4-104
1116,0.233030744924414,0.31270560536869874,2024-5-104
1117,0.0,0.3379825509144536,2024-6-104
1118,0.0,0.24995903894145333,2024-7-104
1119,0.3303457699185452,0.21705458003491174,2024-8-104
1120,0.0,0.29323318483198124,2024-9-104
1121,1.8353456803101336,0.18906497226845365,2024-10-104
1122,0.0,1.0017056049015653,2024-11-104
1123,0.0,0.7089840302888826,2024-12-104
1124,0.7466370420026884,0.4564859284232705,2024-13-104
1125,0.0,0.6625871264859011,2024-14-104
1126,0.0,0.40405261570339934,2024-15-104
1127,0.61759167759616,0.24956475545859613,2024-16-104
1128,1.2294688878625908,0.5486271846252174,2024-17-104
1129,1.1907314535412363,0.7972465128491726,2024-18-104
1130,1.3913102810448157,1.125720136261757,2024-19-104
1131,0.4737554176125594,1.3048619328733,2024-20-104
1132,0.7282702247225931,0.8492540866971018,2024-21-104
1133,0.5417390554062742,0.8908937085362691,2024-22-104
1134,0.6235264750470699,0.6227334662416097,2024-23-104
1135,1.2296827475332834,0.5917031659052359,2024-24-104
1136,0.6701859440750935,0.8797550241530748,2024-25-104
1137,1.9947490389680589,0.7225941714988013,2024-26-104
1138,1.438921472414655,1.2711824507191694,2024-27-104
1139,1.2112965013853791,1.4132449897291253,2024-28-104
1140,0.6236217510751457,1.287930458979766,2024-29-104
1141,0.530968919425546,1.0856941957502089,2024-30-104
1142,0.7598546559514381,0.8343634947522421,2024-31-104
1143,0.3639031894233375,0.8110169204999897,2024-32-104
1144,0.2478380637335728,0.7051255800543199,2024-33-104
1145,0.2305580726587769,0.5103484811046912,2024-34-104
1146,0.4623374189782127,0.4023357888108784,2024-35-104
1147,0.52369088505289,0.06707953554674484,2024-36-104
1148,0.0,0.49967800066506585,2024-37-104
1149,0.6978302915190262,0.6311911838381379,2024-38-104
1150,0.6533709751086796,0.9840368821843981,2024-39-104
1151,0.4437776173547506,1.0616043875446064,2024-40-104
1152,0.7928607558280919,0.5470135015420667,2024-41-104
1153,0.761166144824976,0.559829504468414,2024-42-104
1154,1.1303936815852131,0.7531423053784856,2024-43-104
1155,0.2272500057021137,0.7787643708325676,2024-44-104
1156,0.8181213116470059,0.3972444045342576,2024-45-104
1157,0.3536534410120068,0.5191400449330476,2024-46-104
1158,0.9749618770423828,0.8971664935385486,2024-47-104
1159,2.072166086535089,0.8900271234117062,2024-48-104
1160,1.6534588569227946,1.5579015385809964,2024-49-104
1161,0.0,1.655179074390156,2024-50-104
1162,1.935857372034956,0.9556205311627302,2024-51-104
1163,1.0254808185621105,1.3990523586545969,2024-52-104
1416,0.0,0.14755379462755602,2024-1-105
1417,0.0,0.3323544100602791,2024-2-105
1418,0.0,0.2410246613887802,2024-3-105
1419,0.0,0.28175905709602567,2024-4-105
1420,0.0,0.15973426888845144,2024-5-105
1421,0.0,0.19302454891314058,2024-6-105
1422,0.0,0.22660557304127127,2024-7-105
1423,0.0,0.19833855332097494,2024-8-105
1424,0.0,0.15970029743517677,2024-9-105
1425,0.0,0.1438006461852973,2024-10-105
1426,0.0,0.24366476698112727,2024-11-105
1427,0.0,0.2261809071339932,2024-12-105
1428,0.0,0.1664062646378982,2024-13-105
1429,0.0,0.20673938712057294,2024-14-105
1430,0.0,0.17766369039762664,2024-15-105
1431,0.0,0.13479105700763105,2024-16-105
1432,0.0,0.20531350150471084,2024-17-105
1433,0.0,0.16546012235213003,2024-18-105
1434,0.0,0.2960152462819702,2024-19-105
1435,0.0,0.38725166806890476,2024-20-105
1436,0.7905912157589721,-0.017288202776238215,2024-21-105
1437,0.0,0.41618030953726903,2024-22-105
1438,0.0,0.3926396842571065,2024-23-105
1439,0.0,0.157226936488838,2024-24-105
1440,0.0,0.1833778431653832,2024-25-105
1441,0.0,0.17084642136954187,2024-26-105
1442,0.0,0.12517958463492518,2024-27-105
1443,0.0,0.14754654642206888,2024-28-105
1444,0.0,0.08561280975272867,2024-29-105
1445,0.0,0.21276586402617526,2024-30-105
1446,0.0,0.13447751160034183,2024-31-105
1447,0.0,0.05216470187225353,2024-32-105
1448,0.0,0.1344869866285987,2024-33-105
1449,0.0,0.09397205091953131,2024-34-105
1450,0.0,0.13326628065646762,2024-35-105
1451,0.0,-0.20604799171225707,2024-36-105
1452,0.0,-0.08348364675584485,2024-37-105
1453,0.0,0.28366911399861927,2024-38-105
1454,0.0,0.4936869296205968,2024-39-105
1455,0.0,0.38176743271908087,2024-40-105
1456,0.0,0.04079989865773426,2024-41-105
1457,0.0,0.037748260913331055,2024-42-105
1458,0.0,0.091888049463275,2024-43-105
1459,0.0,0.013691914867677069,2024-44-105
1460,0.0,0.05693889834368493,2024-45-105
1461,0.0,0.06898934533271306,2024-46-105
1462,0.0,0.28167220488168365,2024-47-105
1463,0.0,0.05055573801436819,2024-48-105
1464,0.0,0.15204001280719226,2024-49-105
1465,0.0,0.03489486463017455,2024-50-105
1466,0.0,0.15785675359917106,2024-51-105
1467,0.0,0.17288638240270882,2024-52-105
1720,0.1945424633997629,0.05554203922229606,2024-1-106
1721,0.2248508444064822,0.32189343484901767,2024-2-106
1722,0.0,0.2257159174880371,2024-3-106
1723,0.1308478564592278,0.22182751095405762,2024-4-106
1724,0.1451626937185733,0.1392573544723107,2024-5-106
1725,0.5220583033476354,0.1657221264881611,2024-6-106
1726,0.3910457823329034,0.35875993577317133,2024-7-106
1727,0.2057977034957798,0.4358125647833093,2024-8-106
1728,0.0,0.3119157144142958,2024-9-106
1729,0.2858575292535715,0.18824629264379467,2024-10-106
1730,0.6432102440209143,0.32609392252109504,2024-11-106
1731,0.3459447629214164,0.4523579888622965,2024-12-106
1732,0.4651909347286586,0.3973101615094702,2024-13-106
1733,0.3333714042501493,0.48780445767999037,2024-14-106
1734,0.3830078036456937,0.41492710201857874,2024-15-106
1735,0.7696319462539014,0.3783114370863714,2024-16-106
1736,0.3830444569576788,0.6178118918066375,2024-17-106
1737,0.0,0.4565336925822644,2024-18-106
1738,0.577982012869274,0.4245946511738471,2024-19-106
1739,0.590439967206281,0.49376328561831895,2024-20-106
1740,0.0,0.2760102500245649,2024-21-106
1741,0.8439984754440675,0.34632210883638603,2024-22-106
1742,0.388576360330983,0.415568478050943,2024-23-106
1743,0.5108968999005918,0.40256375563267843,2024-24-106
1744,0.7309283010377862,0.5100674513382865,2024-25-106
1745,1.0171604585534817,0.42638026187625166,2024-26-106
1746,1.0089065256401588,0.682767963383757,2024-27-106
1747,0.647105248421844,0.8538988145589603,2024-28-106
1748,1.3992809987241654,0.6781201510943877,2024-29-106
1749,0.7446337753445893,1.0860491239555903,2024-30-106
1750,1.420865033429518,0.8256594206925174,2024-31-106
1751,1.2853591708533505,1.0471557786842212,2024-32-106
1752,0.9269155273093092,1.258304149029642,2024-33-106
1753,0.7904489891337081,1.0331492063466245,2024-34-106
1754,0.6484586880817805,0.8593848830201409,2024-35-106
1755,0.5712993613568259,0.43554215158510856,2024-36-106
1756,0.5333092205119383,0.5420132437514427,2024-37-106
1757,1.160083016123865,0.7618256745502994,2024-38-106
1758,0.7331836675177645,1.2566539898427616,2024-39-106
1759,0.8299979254462554,1.1168187503725753,2024-40-106
1760,0.4943074976440258,0.681702295196788,2024-41-106
1761,0.9491167793717986,0.5370899137104445,2024-42-106
1762,0.563819141176719,0.6717639129365931,2024-43-106
1763,0.2833765573010229,0.5268172786249072,2024-44-106
1764,0.3400684805793611,0.24028734269352148,2024-45-106
1765,0.0,0.44856991543465985,2024-46-106
1766,0.2026404472671451,0.6809546969657423,2024-47-106
1767,0.0,0.12386755663398541,2024-48-106
1768,0.0,0.3171226766092001,2024-49-106
1769,0.0,0.04002202970412294,2024-50-106
1770,0.0,0.03775087465213112,2024-51-106
1771,0.639494523892552,0.14889569057630303,2024-52-106
2024,0.2122273276322889,0.7210461276815898,2024-1-107
2025,0.7358737876115242,0.7158811651841592,2024-2-107
2026,0.8403841878956876,0.7744672081070785,2024-3-107
2027,0.5709728810384626,0.8244582207574713,2024-4-107
2028,0.6334386349066812,0.7876922124561632,2024-5-107
2029,1.1390405954052942,0.7948591541629448,2024-6-107
2030,2.1329882865243066,0.9939320838188354,2024-7-107
2031,0.4490162313639008,1.567285166976061,2024-8-107
2032,0.5282805009893723,1.1631144552796007,2024-9-107
2033,1.247390604847255,0.8926059801810692,2024-10-107
2034,2.806767544228036,1.1997159268479807,2024-11-107
2035,2.2643949269033654,1.8320107253044522,2024-12-107
2036,0.0,2.055732586601664,2024-13-107
2037,0.0,1.2912997277685194,2024-14-107
2038,0.8356679789499599,0.7687817208913443,2024-15-107
2039,1.6792288417230783,0.6778474503547094,2024-16-107
2040,0.0,1.1162756135101835,2024-17-107
2041,1.6188758933417755,0.7193021562932608,2024-18-107
2042,4.413784707628537,1.2994021800465385,2024-19-107
2043,1.9323973994312889,2.6399856073047614,2024-20-107
2044,2.970608654532968,2.231639353987723,2024-21-107
2045,3.683005902137636,2.656619987092811,2024-22-107
2046,3.673921648573193,3.0395204426214195,2024-23-107
2047,1.9507579791595315,3.148301206787746,2024-24-107
2048,4.328755675082178,2.5955550962625065,2024-25-107
2049,2.712520562459501,3.110703653806456,2024-26-107
2050,2.2013311530414224,2.8495004507098436,2024-27-107
2051,2.3532018146471128,2.4714206433169528,2024-28-107
2052,1.6961684799966528,2.3941533317148664,2024-29-107
2053,1.444201592131176,2.0194718288252425,2024-30-107
2054,1.7223403894753735,1.7144319344015417,2024-31-107
2055,1.814713134153369,1.6304009913103745,2024-32-107
2056,3.033696902713545,1.7927677373114417,2024-33-107
2057,1.7247083805157688,2.2646747302375987,2024-34-107
2058,2.8297963861295563,1.9958341680070737,2024-35-107
2059,3.2053992838840686,2.00245800187462,2024-36-107
2060,3.823436426639303,2.6272235235098793,2024-37-107
2061,3.3222661317978286,3.3300412491071025,2024-38-107
2062,4.266076169449912,3.6929962217617334,2024-39-107
2063,2.8171545752206755,3.9756176029931636,2024-40-107
2064,1.9414173195405893,3.190933022259493,2024-41-107
2065,0.7766067632920515,2.517810867305604,2024-42-107
2066,1.537804511250794,1.7052124910758493,2024-43-107
2067,2.782459091318753,1.3785878158114242,2024-44-107
2068,4.08114924685687,1.6973987398545685,2024-45-107
2069,1.9246075442719968,2.737333296030891,2024-46-107
2070,0.4421622345247589,2.794541463817786,2024-47-107
2071,1.8795744398555017,1.6172595703432378,2024-48-107
2072,2.2497309360415745,1.7754174856730118,2024-49-107
2073,1.861941685377851,1.9305012147203278,2024-50-107
2074,1.7560674802526235,1.8143541205523972,2024-51-107
2075,0.0,1.9845789849089868,2024-52-107
2328,0.1746417441333576,0.028809195527938147,2024-1-108
2329,0.2018470894111426,0.4312693770910724,2024-2-108
2330,0.0576276219238938,0.13471761776244495,2024-3-108
2331,0.0587290838746844,0.2378003965085339,2024-4-108
2332,0.0651532304658932,0.09164921531301129,2024-5-108
2333,0.0,0.1465873912885246,2024-6-108
2334,0.0,0.08746117055692781,2024-7-108
2335,0.0,0.11678599325870032,2024-8-108
2336,0.1086677396269394,0.05474312889368549,2024-9-108
2337,0.1282927724162387,0.07737624911772556,2024-10-108
2338,0.0,0.23630693050959017,2024-11-108
2339,0.0,0.1265885419905144,2024-12-108
2340,0.0,0.0034831791401770396,2024-13-108
2341,0.2992183361930163,0.08305262024325799,2024-14-108
2342,0.0,0.14583743579217445,2024-15-108
2343,0.0,0.03707421482049633,2024-16-108
2344,0.0,0.07874650177232678,2024-17-108
2345,0.1664802144085274,0.02074162395079071,2024-18-108
2346,0.0,0.20747827688514708,2024-19-108
2347,0.0,0.18577662437325226,2024-20-108
2348,0.0,-0.1807229866912159,2024-21-108
2349,0.075745384620984,-0.01918658402610074,2024-22-108
2350,0.0,0.009365827436887741,2024-23-108
2351,0.0573121187993546,-0.12907764516238096,2024-24-108
2352,0.0,0.02454682437898814,2024-25-108
2353,0.1014235522948493,-0.03847481800633257,2024-26-108
2354,0.0,0.008240413306989769,2024-27-108
2355,0.0483920368890186,0.06872305309233506,2024-28-108
2356,0.0348800298249455,-0.02471952862189508,2024-29-108
2357,0.0371226374256629,0.06619705550348365,2024-30-108
2358,0.0354171091645567,0.005572672208111085,2024-31-108
2359,0.1696182426146135,-0.023425515976638778,2024-32-108
2360,0.103968392622002,0.14097524775706383,2024-33-108
2361,0.1612005502421497,0.1599346234301675,2024-34-108
2362,0.0323258047543614,0.13669397382859805,2024-35-108
2363,0.0732317522433916,-0.18060410772374924,2024-36-108
2364,0.0683610886457521,0.054654420634745016,2024-37-108
2365,0.1951697248672262,0.36292646902108894,2024-38-108
2366,0.0730948154108855,0.625738224926968,2024-39-108
2367,0.0413728077898109,0.5372839386887971,2024-40-108
2368,0.0443508435982259,0.11497825028742892,2024-41-108
2369,0.1596687055615661,0.08847061476756513,2024-42-108
2370,0.2529314861309467,0.1028989251334469,2024-43-108
2371,0.1271221399849389,0.056410995655518326,2024-44-108
2372,0.1525519812592224,-0.029485931875132376,2024-45-108
2373,0.098917561513144,0.0898424493283777,2024-46-108
2374,0.1818008864241448,0.3144445866395803,2024-47-108
2375,0.1931999613555461,0.07480295831617245,2024-48-108
2376,0.1156222020086533,0.2633167093025216,2024-49-108
2377,0.1275876431616973,0.22650450077941586,2024-50-108
2378,0.0,0.12949775584541723,2024-51-108
2379,0.0,0.1757073579207632,2024-52-108
2632,3.367340611806917,0.060760889310942146,2024-1-109
2633,2.06026639919516,1.725524894066085,2024-2-109
2634,2.483367497536712,1.6900755667045235,2024-3-109
2635,1.9978804849396965,2.1322377872300384,2024-4-109
2636,0.7387530903385899,2.0336194476761196,2024-5-109
2637,1.5939592417124169,1.3600144387692679,2024-6-109
2638,1.392820883881435,1.3798073547315897,2024-7-109
2639,1.675300846705502,1.3686180430264492,2024-8-109
2640,1.970867250633452,1.3624171250153658,2024-9-109
2641,1.4541436613611904,1.5826088844906416,2024-10-109
2642,1.963019356929384,1.5885012032174197,2024-11-109
2643,1.7595023351946537,1.6646861041654817,2024-12-109
2644,2.365794651775048,1.5997799392300136,2024-13-109
2645,1.0171573009874175,1.861257076572786,2024-14-109
2646,1.1685038020499336,1.4535955391008788,2024-15-109
2647,1.1739195528403337,1.1984272141949868,2024-16-109
2648,3.8947171154104425,1.2101754828107119,2024-17-109
2649,1.1315302988646654,2.186791052991013,2024-18-109
2650,2.05652796564912,1.93954863174335,2024-19-109
2651,3.000963912241529,1.900072742683026,2024-20-109
2652,2.9983701395900004,2.1782163878201226,2024-21-109
2653,1.372467997913537,2.3803456776631053,2024-22-109
2654,2.895884096725531,1.8826037450915756,2024-23-109
2655,4.283052414138217,2.2016216768328274,2024-24-109
2656,5.835370123184854,3.032608856881017,2024-25-109
2657,7.0043620986411606,4.036059575128418,2024-26-109
2658,7.744121341266428,5.2797454280588605,2024-27-109
2659,6.463883572930297,6.3000891598561255,2024-28-109
2660,7.580267652278096,6.157992981480135,2024-29-109
2661,7.310774543854437,6.58845270886383,2024-30-109
2662,6.092574917069832,6.607359947173953,2024-31-109
2663,5.988805392383831,5.947298597607145,2024-32-109
2664,4.000020047479418,5.745430454311939,2024-33-109
2665,5.544864076421403,4.70761250869833,2024-34-109
2666,6.07123607987856,4.680053625803042,2024-35-109
2667,3.8110604460240127,4.713031485038193,2024-36-109
2668,5.258663254675881,4.18706283949809,2024-37-109
2669,4.488977340815241,4.72347055700217,2024-38-109
2670,2.314940852542463,4.750370573729424,2024-39-109
2671,3.369082946378404,3.558963462319758,2024-40-109
2672,2.507870022875752,3.0651180354243683,2024-41-109
2673,2.5278418807786927,2.5762164491983808,2024-42-109
2674,2.0020362487468675,2.354137226632095,2024-43-109
2675,2.2997526121700176,1.9677682071879148,2024-44-109
2676,2.242178046955129,1.8213355225860175,2024-45-109
2677,0.6709690660506916,1.8231462302592716,2024-46-109
2678,1.4386026084029726,1.6376048624738435,2024-47-109
2679,1.5286950147807623,1.3463674831937618,2024-48-109
2680,1.3068507264009812,1.3724949274391907,2024-49-109
2681,1.1535922481132943,1.3110584800383824,2024-50-109
2682,2.0398153732692363,1.17927597658937,2024-51-109
2683,1.2965802083225535,1.5110834602374221,2024-52-109
2936,0.316029094641131,-0.09748552401505073,2024-1-110
2937,0.4382739111989142,0.3201171430654588,2024-2-110
2938,0.5004684465628798,0.22874123248147205,2024-3-110
2939,0.7649858123009068,0.5075160193208422,2024-4-110
2940,0.7543041319912913,0.5146688541905989,2024-5-110
2941,1.24322332851832,0.6348278375642837,2024-6-110
2942,0.2539472767281928,0.9027337140331048,2024-7-110
2943,0.8017980184420354,0.6785874994759724,2024-8-110
2944,0.7860367876534844,0.6417410901956333,2024-9-110
2945,0.5567479452477532,0.6743209970334423,2024-10-110
2946,0.6263098216301682,0.6736647243167471,2024-11-110
2947,0.2245479313697624,0.6458180336231643,2024-12-110
2948,0.3019192734693153,0.39319060581962184,2024-13-110
2949,0.8653767772129658,0.3600129248706606,2024-14-110
2950,0.9941269103645868,0.5299726097048834,2024-15-110
2951,0.4993610067406905,0.6772625898772944,2024-16-110
2952,0.4970133475346132,0.6700156470504108,2024-17-110
2953,0.7219762547006161,0.5482430831349646,2024-18-110
2954,0.1874510585420219,0.7516628869548263,2024-19-110
2955,0.38294524279184,0.4925692793634009,2024-20-110
2956,0.441472495061163,0.23305161231589622,2024-21-110
2957,0.6567477452814674,0.38795124683989946,2024-22-110
2958,0.4199119143910124,0.398881238725601,2024-23-110
2959,0.2484191096973622,0.3118966791200798,2024-24-110
2960,0.4738301109502717,0.31035148598605355,2024-25-110
2961,0.4395451627356424,0.30147529839944065,2024-26-110
2962,0.8718695832802008,0.2722863912794292,2024-27-110
2963,1.5376758181519463,0.5503899871946507,2024-28-110
2964,1.360101154760363,0.9665711397772053,2024-29-110
2965,1.2329903048385031,1.127981099476309,2024-30-110
2966,1.5853684767311111,1.1474941189088914,2024-31-110
2967,2.54696943828006,1.3415462760725387,2024-32-110
2968,2.8519059197756103,1.7791410082503853,2024-33-110
2969,2.606317039886811,2.253382042550226,2024-34-110
2970,3.1262902342882635,2.3363754916010144,2024-35-110
2971,3.805130233228535,2.333134487903534,2024-36-110
2972,3.798391799712165,3.030080317226544,2024-37-110
2973,4.365526986291736,3.572457698757246,2024-38-110
2974,5.062707278081956,4.158607441058131,2024-39-110
2975,6.387284563095222,4.675190415127017,2024-40-110
2976,4.54297366172506,4.94166586528903,2024-41-110
2977,6.449414988920889,4.664278002530876,2024-42-110
2978,5.928724332844976,5.209384069002548,2024-43-110
2979,5.86730530865491,5.097300972411057,2024-44-110
2980,5.500319291019694,4.895877737536636,2024-45-110
2981,5.135331408657772,4.936007461842613,2024-46-110
2982,6.553768859709892,4.964669666011976,2024-47-110
2983,6.128403914793796,5.287659696946753,2024-48-110
2984,4.83414260051472,5.436689336690514,2024-49-110
2985,4.782167155241453,5.014455087971432,2024-50-110
2986,5.203595229278628,4.663815834380719,2024-51-110
2987,7.441973900012855,4.685408120816395,2024-52-110
3240,0.0851490703033982,-0.10543792951498165,2024-1-111
3241,0.0,0.31391370334697233,2024-2-111
3242,0.0,-0.0552639452976984,2024-3-111
3243,0.0,0.035295020180916126,2024-4-111
3244,0.0,0.011514296343591246,2024-5-111
3245,0.304604646200677,0.13916229836335836,2024-6-111
3246,0.0,0.1632726407264078,2024-7-111
3247,0.0,0.11553557565593009,2024-8-111
3248,0.0,0.18857928189479733,2024-9-111
3249,0.0,0.13414013439902495,2024-10-111
3250,0.2814135988634365,0.2250376006781042,2024-11-111
3251,0.0,0.28006822259924036,2024-12-111
3252,0.4070227881367862,0.10283259647116672,2024-13-111
3253,0.0,0.31397346699989137,2024-14-111
3254,0.0,0.21908983664852155,2024-15-111
3255,0.0,0.06361885810559054,2024-16-111
3256,0.3350945884159907,0.14874751970265387,2024-17-111
3257,0.0,0.17677822717896718,2024-18-111
3258,0.0,0.26882302854627926,2024-19-111
3259,0.0,0.2700031658850989,2024-20-111
3260,0.0,-0.15381735089050608,2024-21-111
3261,0.0,-0.035271271527125725,2024-22-111
3262,0.0,0.07175070729667099,2024-23-111
3263,0.0,-0.09854547670993075,2024-24-111
3264,0.0,0.012188079947240027,2024-25-111
3265,0.0,-0.025283871917272993,2024-26-111
3266,0.0980289084578568,0.07047311651139021,2024-27-111
3267,0.0,0.07915322965940674,2024-28-111
3268,0.0,-0.07467740033319403,2024-29-111
3269,0.1446856531798885,0.03940719061271847,2024-30-111
3270,0.0690174242095513,0.05656644156068924,2024-31-111
3271,0.0,-0.05537589591907155,2024-32-111
3272,0.0,0.037880381186003564,2024-33-111
3273,0.0,0.045610808738939745,2024-34-111
3274,0.0,0.0056505276324991804,2024-35-111
3275,0.0,-0.3300731754273367,2024-36-111
3276,0.1997927956944961,-0.00842132761456793,2024-37-111
3277,0.1267534499802148,0.3964672540740284,2024-38-111
3278,0.1424112072103062,0.6148127031722698,2024-39-111
3279,0.0806049275740179,0.5708118775204089,2024-40-111
3280,0.0864047236475531,0.1427697313155888,2024-41-111
3281,0.0,0.07685540630945442,2024-42-111
3282,0.0,0.07063460563720425,2024-43-111
3283,0.1238208617592031,0.054843094531909165,2024-44-111
3284,0.1485865469847803,0.12445723769931472,2024-45-111
3285,0.0,0.1858303181664599,2024-46-111
3286,0.0,0.6050934735349927,2024-47-111
3287,0.376327288401525,0.33731370024452834,2024-48-111
3288,0.0,0.4414878549578719,2024-49-111
3289,0.0,0.2831989567268599,2024-50-111
3290,0.0,-0.023756182734793407,2024-51-111
3291,1.117358260597645,-0.01288635326344556,2024-52-111
3544,0.0,-0.014829117151258231,2024-1-112
3545,0.0,0.18798527466974202,2024-2-112
3546,0.3664646571358263,0.30347632226530485,2024-3-112
3547,0.3734797381515649,0.43528168123590893,2024-4-112
3548,0.0,0.5329639629910692,2024-5-112
3549,0.4967200243327687,0.38161099567664436,2024-6-112
3550,0.0,0.47255296366422916,2024-7-112
3551,0.5874459561916311,0.35022248908595444,2024-8-112
3552,0.0,0.43344041837383673,2024-9-112
3553,0.8160006534738847,0.30655020376416675,2024-10-112
3554,0.0,0.6293121504611652,2024-11-112
3555,0.0,0.438999056932732,2024-12-112
3556,0.0,0.2837093550171462,2024-13-112
3557,0.0,0.29140677874942755,2024-14-112
3558,0.0,0.20215855789479686,2024-15-112
3559,1.0985867940430902,0.17399016476187923,2024-16-112
3560,1.0935463579620666,0.686597874847809,2024-17-112
3561,1.0591322463475876,0.8793921785686363,2024-18-112
3562,0.0,1.168611756510538,2024-19-112
3563,0.0,0.7199433925066893,2024-20-112
3564,0.0,0.19538187161415643,2024-21-112
3565,0.0,0.19317078064024018,2024-22-112
3566,0.0,0.048742243585404355,2024-23-112
3567,0.0,0.04553739211406893,2024-24-112
3568,0.2981388645557195,0.08786157381955384,2024-25-112
3569,0.0,0.2822929992637644,2024-26-112
3570,0.0,0.15368045729401236,2024-27-112
3571,0.0,0.10351410327088983,2024-28-112
3572,0.0,0.11514635085226244,2024-29-112
3573,0.0,0.10563403501475599,2024-30-112
3574,0.0,0.04854965880768969,2024-31-112
3575,0.0,0.08237464140235529,2024-32-112
3576,0.2205721288282613,0.09332726413898673,2024-33-112
3577,0.205200799048059,0.27794118789455213,2024-34-112
3578,0.2057518972547589,0.2805169668079164,2024-35-112
3579,0.0,0.002713913133145729,2024-36-112
3580,0.0,0.19471066721948127,2024-37-112
3581,0.4141156125458726,0.3514310645441452,2024-38-112
3582,0.0,0.8252505583183505,2024-39-112
3583,0.5267436773256505,0.6857077013853884,2024-40-112
3584,0.5646745111178532,0.40228409469007786,2024-41-112
3585,0.3388260682180202,0.5314923626570531,2024-42-112
3586,0.8051246584301763,0.4054131032514575,2024-43-112
3587,0.4046628980655886,0.39902990223839807,2024-44-112
3588,0.9712521635533342,0.43415436252476236,2024-45-112
3589,0.0,0.3208802116920839,2024-46-112
3590,0.0,0.3311731530885278,2024-47-112
3591,1.2301471125348529,0.06421739961213557,2024-48-112
3592,0.0,0.5453944611623177,2024-49-112
3593,2.437270843096244,0.32709575874483854,2024-50-112
3594,2.2987091178636327,1.2572448424343479,2024-51-112
3595,0.0,1.9032131117144366,2024-52-112
3848,0.9314321919679134,0.3781995185950655,2024-1-113
3849,0.4140514760603035,0.860437269261334,2024-2-113
3850,0.8511322571165745,0.45289596491234074,2024-3-113
3851,0.1927565185787656,0.686827575991307,2024-4-113
3852,0.4276847908556273,0.3476552118616847,2024-5-113
3853,0.2563497369522829,0.3342961942842707,2024-6-113
3854,0.0,0.3081180497080179,2024-7-113
3855,0.3031574959216923,0.16969559761145692,2024-8-113
3856,0.1783349761593085,0.15827474885934822,2024-9-113
3857,0.4210853074925187,0.1170261166351636,2024-10-113
3858,0.0,0.322551720776737,2024-11-113
3859,0.0,0.17633600063616794,2024-12-113
3860,0.3426184151607179,0.005084780813384704,2024-13-113
3861,0.7365892781610458,0.1757139417992074,2024-14-113
3862,0.0,0.34768167136158024,2024-15-113
3863,0.0,0.1424321036048546,2024-16-113
3864,0.0,0.12815624647706925,2024-17-113
3865,0.2732225750561343,0.023026918816188235,2024-18-113
3866,0.2128343899108108,0.20449933291523792,2024-19-113
3867,0.0,0.17234409282548524,2024-20-113
3868,0.1671145429081678,-0.19655160987728615,2024-21-113
3869,0.1243134581245113,-0.03704624795482614,2024-22-113
3870,0.095388924103222,-0.03277991087151433,2024-23-113
3871,0.188123235877191,-0.10522746670586258,2024-24-113
3872,0.0768975045463397,0.08270064363595564,2024-25-113
3873,0.4161489593945081,0.012394544248769623,2024-26-113
3874,0.2476609174157342,0.11866003890681676,2024-27-113
3875,0.3176928322673272,0.15718919848924773,2024-28-113
3876,0.4579753725915944,0.11349516129491577,2024-29-113
3877,0.3046392694924079,0.2764862275218428,2024-30-113
3878,0.174386631628208,0.24054763775395382,2024-31-113
3879,0.4454235070798193,0.16820567290974664,2024-32-113
3880,0.568803726166516,0.34023227181027327,2024-33-113
3881,0.7937283613822294,0.40353088645576796,2024-34-113
3882,0.7427852506363998,0.5331485287849663,2024-35-113
3883,1.0216591001126545,0.2782857361198432,2024-36-113
3884,1.2903164453340836,0.713501210848525,2024-37-113
3885,1.3881159193696806,1.1937512639886614,2024-38-113
3886,1.259704919598922,1.5300197885753493,2024-39-113
3887,0.8827811793885345,1.5362146756920596,2024-40-113
3888,1.3103003970432576,0.9142166035164543,2024-41-113
3889,1.0482817932381798,0.9490905021903293,2024-42-113
3890,1.8681658163162267,0.930864327700247,2024-43-113
3891,1.6692176104125158,1.1063210235211978,2024-44-113
3892,1.2519627182927302,1.2150153938268367,2024-45-113
3893,1.1365191166834097,1.1338026967676809,2024-46-113
3894,1.342813123728905,1.24387858910662,2024-47-113
3895,0.6342286566353533,1.104492899653121,2024-48-113
3896,1.5182448492914953,0.7896882790445738,2024-49-113
3897,1.4659495050516524,0.9589272200929999,2024-50-113
3898,0.5925326175613864,1.0749587752765206,2024-51-113
3899,0.9416587989101513,0.8602925020301255,2024-52-113
4152,0.0989398821938577,-0.04498970149190784,2024-1-114
4153,0.0,0.3553183852302847,2024-2-114
4154,0.0,-0.008565680464922787,2024-3-114
4155,0.0,0.032743192102212326,2024-4-114
4156,0.0,0.024289966503450833,2024-5-114
4157,0.0,0.11047123453709473,2024-6-114
4158,0.0,0.02924584260881935,2024-7-114
4159,0.0,0.050925033195448055,2024-8-114
4160,0.0,0.06402924518867881,2024-9-114
4161,0.0,0.05712654335304501,2024-10-114
4162,0.3272240025791495,0.16116516391647384,2024-11-114
4163,0.0,0.24905363937722924,2024-12-114
4164,0.0,0.10295275496410461,2024-13-114
4165,0.678455049681464,0.13976642071364942,2024-14-114
4166,0.0,0.3681930004760329,2024-15-114
4167,0.3916001530030542,0.17115326756638516,2024-16-114
4168,0.0,0.3399448431253579,2024-17-114
4169,0.0,0.17603477506005183,2024-18-114
4170,0.2941132669784977,0.23418956512342093,2024-19-114
4171,0.0,0.22627943541719187,2024-20-114
4172,0.6928554664783121,-0.15712809266294658,2024-21-114
4173,0.0,0.2585055187837835,2024-22-114
4174,0.0,0.08778511911483722,2024-23-114
4175,0.1300083010283834,-0.012470139029144844,2024-24-114
4176,0.0,0.15668992466752318,2024-25-114
4177,0.0,0.014924829624542113,2024-26-114
4178,0.0,-0.00447216785588278,2024-27-114
4179,0.0,0.02681063636023162,2024-28-114
4180,0.0,-0.09131644078349899,2024-29-114
4181,0.0,0.04612006245052669,2024-30-114
4182,0.0803663681237918,0.01601321360150698,2024-31-114
4183,0.0,-0.011908923756120737,2024-32-114
4184,0.1572934386409585,0.028923846981849355,2024-33-114
4185,0.2195017342290386,0.10488256696287523,2024-34-114
4186,0.0,0.1513060791983717,2024-35-114
4187,0.0831053359878585,-0.25861323970897265,2024-36-114
4188,0.0,0.0361733891938969,2024-37-114
4189,0.1476692135993811,0.3269383802998157,2024-38-114
4190,0.0,0.6397832178432968,2024-39-114
4191,0.1878378198453907,0.5333779541633636,2024-40-114
4192,0.3020513807528667,0.17855069225708486,2024-41-114
4193,0.0,0.23954752231570164,2024-42-114
4194,0.143562119356171,0.14044587221661997,2024-43-114
4195,0.1443137756340997,0.0985288062668126,2024-44-114
4196,0.0,-0.021051657441540028,2024-45-114
4197,0.2246100851010747,0.16117227266075929,2024-46-114
4198,0.2064151072258036,0.4741983986190724,2024-47-114
4199,0.0,0.23616389925640147,2024-48-114
4200,0.5251531342788872,0.2092904042999656,2024-49-114
4201,0.0,0.31262949938582796,2024-50-114
4202,0.0,0.12870122158454478,2024-51-114
4203,0.0,0.058304624314824194,2024-52-114
4456,0.1989532039460988,0.0721548259228656,2024-1-115
4457,0.1149820954580472,0.4357537307397187,2024-2-115
4458,0.0,0.04703579476440112,2024-3-115
4459,0.0,0.16282468696455143,2024-4-115
4460,0.1484937576398062,0.009250277186381384,2024-5-115
4461,0.0,0.10581646072197481,2024-6-115
4462,0.0,0.05472593050036112,2024-7-115
4463,0.2105625715515794,0.06449679908454908,2024-8-115
4464,0.2477491713618231,0.10109631255470786,2024-9-115
4465,0.2925153057411934,0.14798003288900818,2024-10-115
4466,0.0,0.3143739242960577,2024-11-115
4467,0.3540495297417367,0.18561948259519423,2024-12-115
4468,1.4283640392062016,0.17912857059429332,2024-13-115
4469,0.3412274036269955,0.7415260048640406,2024-14-115
4470,1.176179431069436,0.5616979166279502,2024-15-115
4471,0.0,0.740724087396182,2024-16-115
4472,0.0,0.5127732948683973,2024-17-115
4473,0.3798285212046848,0.18538476856620878,2024-18-115
4474,0.0,0.41213466447896896,2024-19-115
4475,1.209194467408342,0.2505062839594704,2024-20-115
4476,0.2323719160358566,0.36790355990565293,2024-21-115
4477,0.0,0.4060463629029816,2024-22-115
4478,0.1326578440312549,0.1989598779572691,2024-23-115
4479,0.3924654914765721,0.05297420808835063,2024-24-115
4480,0.0,0.22547476797845034,2024-25-115
4481,0.0,0.0929317705228998,2024-26-115
4482,0.0,-0.009184418759109692,2024-27-115
4483,0.1104960218130696,0.029684762771388984,2024-28-115
4484,0.1592994509960985,0.013559881536843621,2024-29-115
4485,0.1695551359246045,0.10119304213023428,2024-30-115
4486,0.161778173664293,0.12422758210145324,2024-31-115
4487,0.1549687264493036,0.12350585637502487,2024-32-115
4488,0.2374912056517195,0.182575861703291,2024-33-115
4489,0.2946031572399242,0.23138637367415393,2024-34-115
4490,0.2954098094410644,0.22508631868807183,2024-35-115
4491,0.2509810573116751,-0.06448651496206015,2024-36-115
4492,0.0781023167494642,0.1873956207326537,2024-37-115
4493,0.2229985693512607,0.4370711428580558,2024-38-115
4494,0.0,0.6355387482507318,2024-39-115
4495,0.3782369611017924,0.4837460228636362,2024-40-115
4496,0.506868781577901,0.173287974242191,2024-41-115
4497,0.0,0.281370706151886,2024-42-115
4498,0.0,0.16556720499147082,2024-43-115
4499,0.0,0.03254826759415996,2024-44-115
4500,0.0,-0.12094640267012702,2024-45-115
4501,0.4523768827341207,-0.1212479338653698,2024-46-115
4502,0.0,0.24559221381488583,2024-47-115
4503,0.6627727276204693,0.02135220368882651,2024-48-115
4504,0.2644491851678986,0.30057422226830377,2024-49-115
4505,0.2918396341883633,0.25236166139872773,2024-50-115
4506,0.0,0.12552616020971608,2024-51-115
4507,0.0,0.1330758019452536,2024-52-115
4760,0.0,0.5092596104785606,2024-1-116
4761,0.0,0.48999812659163944,2024-2-116
4762,0.0,0.4396171171600235,2024-3-116
4763,0.0,0.35347920048798,2024-4-116
4764,0.0,0.27921364717168473,2024-5-116
4765,0.0,0.27904912476867116,2024-6-116
4766,0.0,0.2790671297709155,2024-7-116
4767,0.0,0.2693295153370956,2024-8-116
4768,0.0,0.2427881276982523,2024-9-116
4769,0.0,0.2170110742696979,2024-10-116
4770,0.0,0.3031647486726916,2024-11-116
4771,0.0,0.29148820496764916,2024-12-116
4772,0.0,0.2905854123840732,2024-13-116
4773,0.0,0.26114731380779876,2024-14-116
4774,0.0,0.28872046335926804,2024-15-116
4775,0.0,0.24661192419796973,2024-16-116
4776,0.0,0.2901943429748144,2024-17-116
4777,0.0,0.19275464316224733,2024-18-116
4778,0.0,0.3748762631080279,2024-19-116
4779,0.0,0.37769260215673106,2024-20-116
4780,0.0,0.1076860611206425,2024-21-116
4781,1.4399452804107726,0.26006985468485366,2024-22-116
4782,0.0,0.7264352798843847,2024-23-116
4783,0.0,0.45543215911655754,2024-24-116
4784,0.0,0.3081057453789824,2024-25-116
4785,0.0,0.24511885980071269,2024-26-116
4786,0.9559609580277622,0.15668879394406965,2024-27-116
4787,0.0,0.6202063621684746,2024-28-116
4788,0.0,0.4521763011084775,2024-29-116
4789,0.7054099882493545,0.36701690688318445,2024-30-116
4790,0.0,0.6414777269557135,2024-31-116
4791,0.644550209452441,0.28085947629902797,2024-32-116
4792,0.0,0.470431141492174,2024-33-116
4793,0.6124944394878902,0.36778475525605003,2024-34-116
4794,1.842264399001877,0.4362254594287315,2024-35-116
4795,0.0,0.8787525494912799,2024-36-116
4796,0.0,0.6892651207332597,2024-37-116
4797,1.8534932743526096,0.6921486795398359,2024-38-116
4798,0.0,1.7260947423389863,2024-39-116
4799,1.5714661880477363,1.2969576908282612,2024-40-116
4800,3.368974142687731,1.136143001394799,2024-41-116
4801,3.03201511458098,2.0811762766944115,2024-42-116
4802,2.4013762886793315,2.5287080372342947,2024-43-116
4803,1.2068527447276405,2.5418128705340544,2024-44-116
4804,0.0,1.7992707289710284,2024-45-116
4805,3.755934618759962,0.8499505523888671,2024-46-116
4806,3.451329321815641,2.1874168144064465,2024-47-116
4807,1.83376309059506,2.631206317543156,2024-48-116
4808,0.0,2.4648102630914197,2024-49-116
4809,2.4217336806585816,1.560268383631671,2024-50-116
4810,0.0,1.818997899213272,2024-51-116
4811,0.0,1.0903854540146924,2024-52-116
5064,0.0,0.00843111963382337,2024-1-117
5065,0.0,0.3056890102781501,2024-2-117
5066,0.0,0.1576036688526965,2024-3-117
5067,0.0,0.29343335241105584,2024-4-117
5068,0.0,0.19286886019156624,2024-5-117
5069,0.0,0.22865317906471916,2024-6-117
5070,0.0,0.2591521629152651,2024-7-117
5071,0.0,0.25593866447661917,2024-8-117
5072,0.0,0.1936104458895278,2024-9-117
5073,0.0,0.18486541747656293,2024-10-117
5074,0.0,0.2778765826848718,2024-11-117
5075,0.0,0.26745743144971756,2024-12-117
5076,0.0,0.1906077668735806,2024-13-117
5077,0.0,0.25419084838497186,2024-14-117
5078,0.0,0.20619547487195888,2024-15-117
5079,0.0,0.16392165485883758,2024-16-117
5080,0.0,0.2523547551755455,2024-17-117
5081,0.0,0.21479772363766936,2024-18-117
5082,0.0,0.28850162746448016,2024-19-117
5083,0.0,0.24796792831839654,2024-20-117
5084,0.0,-0.01944780181839123,2024-21-117
5085,0.0,0.04953728396302903,2024-22-117
5086,0.0,0.07213137490690724,2024-23-117
5087,0.0,0.17811984417917082,2024-24-117
5088,0.0,0.07831943137745268,2024-25-117
5089,0.0,0.024578437324233704,2024-26-117
5090,0.0,0.112605697772304,2024-27-117
5091,0.0,0.1731487557772431,2024-28-117
5092,0.0,0.15585384004428904,2024-29-117
5093,0.0,0.24313735386947533,2024-30-117
5094,0.0,0.18313109348420853,2024-31-117
5095,0.0,0.14088958367658,2024-32-117
5096,0.0,0.14948206492882665,2024-33-117
5097,0.0,0.06259859167132276,2024-34-117
5098,0.0,0.18369352801278283,2024-35-117
5099,0.0,-0.07782297275231609,2024-36-117
5100,0.0,-0.005310623943129089,2024-37-117
5101,0.0,0.39620507614612577,2024-38-117
5102,0.0,0.6623386626936504,2024-39-117
5103,0.0,0.5477873219256431,2024-40-117
5104,0.0,0.15744664923751217,2024-41-117
5105,0.0,0.12906038649707607,2024-42-117
5106,0.0,0.017576027047059295,2024-43-117
5107,0.0,-0.04507159732046184,2024-44-117
5108,0.0,-0.05216348341290922,2024-45-117
5109,0.0,-0.18604286340716802,2024-46-117
5110,0.0,0.07956638388734327,2024-47-117
5111,0.0,0.057827375655669755,2024-48-117
5112,0.0,0.11374139404059824,2024-49-117
5113,0.0,0.10679424548187466,2024-50-117
5114,0.0,0.17212570520419512,2024-51-117
5115,0.0,0.14655694521057683,2024-52-117
5368,0.2308393796403048,-0.06438480206099717,2024-1-118
5369,0.0889343878218891,0.33161287576959175,2024-2-118
5370,0.3046953432372496,0.020557294082722555,2024-3-118
5371,0.207015912295195,0.24548135825550854,2024-4-118
5372,0.2296640921380123,0.139296354659604,2024-5-118
5373,0.1376596944001832,0.19697356343266137,2024-6-118
5374,0.1546705472859456,0.1833718396313898,2024-7-118
5375,0.3255978249474026,0.1957916735862122,2024-8-118
5376,0.0,0.20187288912826895,2024-9-118
5377,0.2261322674719957,0.09492862751144693,2024-10-118
5378,0.0,0.24092032101598604,2024-11-118
5379,0.2736664688200134,0.14716722284644423,2024-12-118
5380,0.0,0.12378571783901426,2024-13-118
5381,0.2637212333266374,0.10558995249467817,2024-14-118
5382,0.0,0.10622589577397823,2024-15-118
5383,0.0,0.03755930058194945,2024-16-118
5384,0.0,0.07605503947230019,2024-17-118
5385,0.0,0.025384445459607274,2024-18-118
5386,0.4572312331717408,0.13137233262018233,2024-19-118
5387,0.0,0.3307692643736547,2024-20-118
5388,0.0,-0.08193882308060307,2024-21-118
5389,0.1335353071821471,-0.009712956141950668,2024-22-118
5390,0.3073985324750006,0.08103747680960993,2024-23-118
5391,0.0,0.01390170159786952,2024-24-118
5392,0.4130228499712964,0.08409131779809598,2024-25-118
5393,0.0894077689801874,0.19965969263364658,2024-26-118
5394,0.0,0.11447182795504385,2024-27-118
5395,0.0853205123708185,0.03974421603197187,2024-28-118
5396,0.1844948346053137,0.043652166099741097,2024-29-118
5397,0.3272664558733903,0.16092938017758662,2024-30-118
5398,0.3122355402282522,0.1774120119791095,2024-31-118
5399,0.3588885317227454,0.22658594444365054,2024-32-118
5400,0.0611072028115713,0.32632133222732296,2024-33-118
5401,0.3979361904747657,0.24414582655571848,2024-34-118
5402,0.0569999901181178,0.2591897859586525,2024-35-118
5403,0.7102219687006427,-0.15566461360226747,2024-36-118
5404,0.5424503846305724,0.3045952802598322,2024-37-118
5405,0.2867981142993279,0.717114225528799,2024-38-118
5406,0.5155825404878472,0.7988860222564934,2024-39-118
5407,0.5836643510136132,0.7922730228438748,2024-40-118
5408,0.9385293633653436,0.43581569713244817,2024-41-118
5409,0.1877153667802054,0.5872215462382437,2024-42-118
5410,0.2230235515641342,0.43004487765158617,2024-43-118
5411,0.3362767390881631,0.24668649326564707,2024-44-118
5412,0.5380699843954833,0.13907780698435235,2024-45-118
5413,0.5233498677040439,0.23084858820279908,2024-46-118
5414,0.3206269340570368,0.47807885490644964,2024-47-118
5415,1.192574799737761,0.27774662712790277,2024-48-118
5416,0.8156771906357329,0.6759386042340109,2024-49-118
5417,0.9001030599683315,0.6617078445375297,2024-50-118
5418,1.91007126202224,0.5943639184733698,2024-51-118
5419,0.5059229772486411,1.1741317893880967,2024-52-118
5672,0.1816313771100063,0.6186191024073642,2024-1-119
5673,0.4723883719035774,0.6831692785639918,2024-2-119
5674,0.0599482154582269,0.5454112554217219,2024-3-119
5675,0.1222025177759547,0.497300323713172,2024-4-119
5676,0.1355858134403554,0.23820262212852783,2024-5-119
5677,0.0812779385162926,0.3350365420851982,2024-6-119
5678,0.1826620060057402,0.29206451425889157,2024-7-119
5679,0.1922812007421035,0.35797052374242755,2024-8-119
5680,0.1131239075615198,0.32463252352943284,2024-9-119
5681,0.0,0.26616827239408014,2024-10-119
5682,0.0,0.27503054021068774,2024-11-119
5683,0.0,0.268713676677684,2024-12-119
5684,0.0,0.14409578156937197,2024-13-119
5685,0.4675090537680962,0.15920875019688907,2024-14-119
5686,0.3581160038510749,0.3215785438953426,2024-15-119
5687,0.179922255170756,0.3890126762921218,2024-16-119
5688,0.1791128155254324,0.4166424723668456,2024-17-119
5689,0.0,0.42750663952302137,2024-18-119
5690,0.4054846570288484,0.3831069713812293,2024-19-119
5691,0.1380893790904482,0.45482958781809435,2024-20-119
5692,0.0,0.15736911996627412,2024-21-119
5693,0.2369184041853062,0.07419236596091028,2024-22-119
5694,0.1212095064372277,0.14738753784188596,2024-23-119
5695,0.2390729894738572,0.18094298036345424,2024-24-119
5696,0.0977348963187506,0.18140684389933792,2024-25-119
5697,0.1586926509562781,0.2411520440527417,2024-26-119
5698,0.3673163522978064,0.24310339058414232,2024-27-119
5699,0.1009793728410331,0.3554689774297001,2024-28-119
5700,0.2183774970820217,0.4137262341124497,2024-29-119
5701,0.2711862491798332,0.4797176104215357,2024-30-119
5702,0.11089607608894,0.4236048086159785,2024-31-119
5703,0.3541077102238016,0.350401066503348,2024-32-119
5704,0.144718451641784,0.40976116378061,2024-33-119
5705,0.1683066877166726,0.35516995614598224,2024-34-119
5706,0.0675095489069412,0.29066618008631395,2024-35-119
5707,0.1147169418215111,-0.008792477310492375,2024-36-119
5708,0.1070996658347126,0.20161488785666037,2024-37-119
5709,0.1019345360641229,0.44826642808024364,2024-38-119
5710,0.267266498414656,0.6651608138613851,2024-39-119
5711,0.1296812430475901,0.7432355273034482,2024-40-119
5712,0.2317201558613767,0.14890286764175775,2024-41-119
5713,0.1668640324906914,0.25664785618318975,2024-42-119
5714,0.2643606633591727,0.3762913326924874,2024-43-119
5715,0.1328819947270913,0.06883267338382848,2024-44-119
5716,0.398706954038048,0.004912080838253452,2024-45-119
5717,0.1034237680339565,0.4003882083350544,2024-46-119
5718,0.3802103643706188,0.34542709763682666,2024-47-119
5719,0.3030730067766748,0.4106291598943024,2024-48-119
5720,1.209319909879227,0.5568469938902523,2024-49-119
5721,0.5338504045206784,0.7896963575874367,2024-50-119
5722,0.0,0.791881862723324,2024-51-119
5723,0.6002479167950107,0.4851894545392609,2024-52-119
5976,0.0,-0.01765055337978816,2024-1-120
5977,0.524635095219647,0.25668647275889445,2024-2-120
5978,0.0,0.34291061771221176,2024-3-120
5979,0.0,0.38789923751592437,2024-4-120
5980,0.0,0.2037451600141268,2024-5-120
5981,0.0,0.21169897200214083,2024-6-120
5982,0.0,0.18927362649520518,2024-7-120
5983,0.0,0.184540905677673,2024-8-120
5984,0.0,0.1654888735466672,2024-9-120
5985,0.0,0.146895798342777,2024-10-120
5986,0.0,0.251090303417301,2024-11-120
5987,0.0,0.22834548633719698,2024-12-120
5988,0.0,0.15158900242917472,2024-13-120
5989,0.0,0.180247348712669,2024-14-120
5990,0.0,0.15512465737061887,2024-15-120
5991,0.0,0.13732175921501988,2024-16-120
5992,0.0,0.2116266209812121,2024-17-120
5993,0.0,0.1612886495297292,2024-18-120
5994,0.0,0.2926341634719699,2024-19-120
5995,0.0,0.2748884769521548,2024-20-120
5996,0.0,-0.004865037655884086,2024-21-120
5997,0.0,0.26111866114123816,2024-22-120
5998,0.0,0.16610115435164252,2024-23-120
5999,0.0,0.1865808918199401,2024-24-120
6000,0.4868800944610563,0.22000123771690427,2024-25-120
6001,0.0,0.23595781452116116,2024-26-120
6002,0.0,0.25176321470214424,2024-27-120
6003,0.0,0.15201844572469247,2024-28-120
6004,0.0,0.0937531767930222,2024-29-120
6005,0.0,0.18040696549365598,2024-30-120
6006,0.3679917262388996,0.028920440459279995,2024-31-120
6007,0.0,0.24880523184556858,2024-32-120
6008,0.0,0.34302239544053004,2024-33-120
6009,0.0,0.1603781978080041,2024-34-120
6010,0.0,0.09589493814432393,2024-35-120
6011,0.0,-0.21146022029624323,2024-36-120
6012,0.0,0.008277510116655229,2024-37-120
6013,0.0,0.3445982098209448,2024-38-120
6014,0.0,0.5705213020633857,2024-39-120
6015,0.0,0.5506982637179896,2024-40-120
6016,0.0,0.14445488226056347,2024-41-120
6017,0.0,0.07100390090862962,2024-42-120
6018,0.0,0.18728282355984605,2024-43-120
6019,0.0,-0.11084533125604068,2024-44-120
6020,0.0,-0.1026165716404035,2024-45-120
6021,0.0,0.05012040799963269,2024-46-120
6022,0.0,0.3200354341401257,2024-47-120
6023,0.0,0.15052911220123977,2024-48-120
6024,0.0,0.18409098016101055,2024-49-120
6025,0.0,0.0982931892451353,2024-50-120
6026,0.0,0.1261805973926966,2024-51-120
6027,0.0,0.18185712123244024,2024-52-120
6280,2.6468655523731552,-0.0697828941322205,2024-1-201
6281,3.015573319896357,1.5198219280190335,2024-2-201
6282,2.626014101841289,1.8998007626704343,2024-3-201
6283,2.423554861657561,2.522056741858277,2024-4-201
6284,2.660454695426035,2.1549578398491533,2024-5-201
6285,2.2155480547647963,2.490503241797912,2024-6-201
6286,2.790815109956242,2.285834514398278,2024-7-201
6287,2.1830677129246348,2.3903616271107193,2024-8-201
6288,1.540928906319646,2.2438188854136483,2024-9-201
6289,1.433215560869204,1.8291232376059807,2024-10-201
6290,1.5502929692607303,1.6750487794065902,2024-11-201
6291,1.934273396892001,1.5102134975197796,2024-12-201
6292,1.1658696368978132,1.7032053224877646,2024-13-201
6293,1.542329931527499,1.9165006160901665,2024-14-201
6294,2.5100741563815894,1.9072526910951988,2024-15-201
6295,1.409188283683453,1.6656875533246573,2024-16-201
6296,1.5502192881562815,1.7117841243111236,2024-17-201
6297,1.5012801112815222,1.535535216949656,2024-18-201
6298,0.7795818157763051,1.6061713369909172,2024-19-201
6299,1.1944740916543273,1.226687846018877,2024-20-201
6300,0.7431681033234595,1.0315105509601143,2024-21-201
6301,0.9429877862856842,0.8638486614557221,2024-22-201
6302,1.1476560191657987,0.8202091781131943,2024-23-201
6303,0.8609986840316544,0.8713605430984782,2024-24-201
6304,1.0054727351050798,0.9429869342338059,2024-25-201
6305,0.9358394923208933,0.7477669182731931,2024-26-201
6306,0.8634074582248644,0.8011217469660199,2024-27-201
6307,1.0590163561314565,0.7768608861109039,2024-28-201
6308,1.4067941355540614,1.203840781502745,2024-29-201
6309,1.481204033082163,1.2393102146539814,2024-30-201
6310,1.68653933598331,1.4443649433670582,2024-31-201
6311,1.5861955164143522,1.0159242641996875,2024-32-201
6312,1.3378811514423223,1.5484169361145994,2024-33-201
6313,1.6040457394206142,1.3457382083705418,2024-34-201
6314,1.455687614635706,1.366295307195564,2024-35-201
6315,2.2140396335651467,1.0784740188393924,2024-36-201
6316,2.3744233239851567,1.5841755362716166,2024-37-201
6317,1.7015805391306609,2.180894021304428,2024-38-201
6318,1.4572643215726475,2.4025033838482646,2024-39-201
6319,1.0110112523764123,1.4849991056861347,2024-40-201
6320,1.3688878177753667,1.2658817376282943,2024-41-201
6321,1.6654140831769475,1.1861354520357303,2024-42-201
6322,1.4364382114519458,1.1141653763418913,2024-43-201
6323,1.5527501855232186,1.3688896396030665,2024-44-201
6324,1.503656336559584,1.0575165018395294,2024-45-201
6325,1.3988064120911607,1.825744087275542,2024-46-201
6326,1.5190366761007137,1.5131664937618643,2024-47-201
6327,1.2002731059897045,1.585986933507519,2024-48-201
6328,1.5851254711366909,1.2309292961347598,2024-49-201
6329,1.8583493552160104,1.2382453556512973,2024-50-201
6330,1.7009755207245374,1.4482038736447773,2024-51-201
6331,0.6143167311053382,1.6016267366856916,2024-52-201
6584,0.2657220210579518,0.04642567110122697,2024-1-202
6585,0.153550122754091,0.7214396718190241,2024-2-202
6586,0.2630194194106747,0.19925355286088964,2024-3-202
6587,0.1786887774624147,0.5257595998081671,2024-4-202
6588,0.0991124490678395,0.10858986122263603,2024-5-202
6589,0.11880739311334,0.3960008342620398,2024-6-202
6590,0.0,0.2577806915938161,2024-7-202
6591,0.0,0.18058149384338695,2024-8-202
6592,0.1652744505144696,0.17238403570938698,2024-9-202
6593,0.0,0.21855200057366353,2024-10-202
6594,0.2194984051552504,0.30709004584959965,2024-11-202
6595,0.2360955097012957,0.2949906487136644,2024-12-202
6596,0.0,0.42085688316216485,2024-13-202
6597,0.0,0.8075889408050587,2024-14-202
6598,0.0,0.7273128842980978,2024-15-202
6599,0.2625574382029614,-0.006837346647710962,2024-16-202
6600,0.0,0.3107974399777794,2024-17-202
6601,0.0,0.2231908154693053,2024-18-202
6602,0.0,0.3015857672461366,2024-19-202
6603,0.0,0.3059834885109525,2024-20-202
6604,0.0,0.10984504474951706,2024-21-202
6605,0.2302546671979347,0.11580783018199148,2024-22-202
6606,0.0883353470171456,0.24516285975667673,2024-23-202
6607,0.2613042921847706,0.09386762878055277,2024-24-202
6608,0.2136105138657096,0.3462973734946634,2024-25-202
6609,0.3853134957729471,0.22036175096814425,2024-26-202
6610,0.2292968721195364,0.17606577471762075,2024-27-202
6611,0.2941191616944332,0.03456828361847397,2024-28-202
6612,0.1589880745094328,0.6687268344359725,2024-29-202
6613,0.1692012439707663,0.5036177341104919,2024-30-202
6614,0.0,0.4790700395262454,2024-31-202
6615,0.1030694807835308,-0.07901297895873305,2024-32-202
6616,0.3158681970982115,0.1819191246869798,2024-33-202
6617,0.0979440662060731,0.1900531969512561,2024-34-202
6618,0.0,0.16978511936682006,2024-35-202
6619,0.2780642466540963,-0.2542269418043881,2024-36-202
6620,0.2076451241911035,0.17379222048068543,2024-37-202
6621,0.0987986536345034,0.553727558268207,2024-38-202
6622,0.0,0.8641967213506401,2024-39-202
6623,0.0628244879975442,0.040700524680103545,2024-40-202
6624,0.1346861425676546,0.24225449450853698,2024-41-202
6625,0.3232411560244859,0.35240717864565474,2024-42-202
6626,0.1920074546849631,0.1810084708496419,2024-43-202
6627,0.5789815500920004,0.589376835419092,2024-44-202
6628,0.3473829306178837,0.3406347054683496,2024-45-202
6629,0.6006339119590747,1.109846725527273,2024-46-202
6630,0.6899054215441139,0.9528580775747684,2024-47-202
6631,0.5864995518158056,0.8630112819347643,2024-48-202
6632,0.1754886346440983,0.9846776003698426,2024-49-202
6633,0.3872785814679664,0.4412287408383073,2024-50-202
6634,0.5478480562586786,0.35436823440053244,2024-51-202
6635,0.4352981197442656,0.7018763871567073,2024-52-202
6888,1.3669482964117496,-0.29548300696123286,2024-1-203
6889,1.3165056374396535,0.8961991575858398,2024-2-203
6890,1.3029281547889395,0.867118360485633,2024-3-203
6891,1.4298982636985886,1.3573468244278124,2024-4-203
6892,1.9261327488174853,1.0400265351668556,2024-5-203
6893,1.086530207778325,1.567208953789801,2024-6-203
6894,1.2207126854651056,1.3376991504702325,2024-7-203
6895,0.9635836782360756,1.2171700863457062,2024-8-203
6896,0.5668042849782641,1.081014338785884,2024-9-203
6897,1.115220943019,0.7678589588369162,2024-10-203
6898,1.254602225456585,0.9493959237492633,2024-11-203
6899,2.4290372964913827,1.0155579006983195,2024-12-203
6900,1.0887025425307035,1.6585161800733603,2024-13-203
6901,1.3002501710437322,1.9026804238050556,2024-14-203
6902,2.091250558736602,1.7701967698284164,2024-15-203
6903,0.6002820200384655,1.4397521504907151,2024-16-203
6904,1.1949597283389763,1.203469495947127,2024-17-203
6905,0.5786305848955577,1.055788871761272,2024-18-203
6906,0.2253575604195627,0.9650502014039871,2024-19-203
6907,0.6906001589959653,0.5694100276613797,2024-20-203
6908,0.7077104696909513,0.5161019731921593,2024-21-203
6909,0.3948174327846018,0.5560346948473868,2024-22-203
6910,1.5146827031143373,0.46367932261450884,2024-23-203
6911,1.095249667252284,0.837805567663806,2024-24-203
6912,1.3023142039351268,1.0233235148997357,2024-25-203
6913,0.6166460440361679,0.9412143630323049,2024-26-203
6914,1.0484598570025447,0.767587199696066,2024-27-203
6915,0.9245910609968514,0.7702697025518846,2024-28-203
6916,1.393364687377067,1.14811721952827,2024-29-203
6917,0.5802544330203392,1.1663275279408531,2024-30-203
6918,0.7380886245668044,0.9659477950856042,2024-31-203
6919,0.9425702314152667,0.25502104680688964,2024-32-203
6920,1.263768662644866,0.8955646699701332,2024-33-203
6921,0.8397171467508014,0.9153743557370709,2024-34-203
6922,1.3470473835640695,0.842005433899486,2024-35-203
6923,0.7628690654176694,0.7680362699687766,2024-36-203
6924,0.5934106684203821,0.866530099764642,2024-37-203
6925,0.7905742444578692,0.9454835289677269,2024-38-203
6926,0.3172174460140483,1.3590330594255433,2024-39-203
6927,0.5745297524783255,0.4569749056528871,2024-40-203
6928,1.000759778491389,0.5388585112185287,2024-41-203
6929,0.4618811377962177,0.7028198290734262,2024-42-203
6930,0.3292326548795011,0.4497717239398671,2024-43-203
6931,0.1103080025939652,0.6707650973948307,2024-44-203
6932,0.2647346291881959,0.08163971334879316,2024-45-203
6933,0.0,0.8456448123731439,2024-46-203
6934,0.6309182161716554,0.5818517015258706,2024-47-203
6935,0.5028314831135359,0.6585401884678297,2024-48-203
6936,0.6018160354945885,0.6312744602994422,2024-49-203
6937,0.4427075987666104,0.5662552916007672,2024-50-203
6938,0.0,0.5338223491493005,2024-51-203
6939,0.9951997726669986,0.4373234225089323,2024-52-203
7192,2.4394753088909904,2.5224442119974286,2024-1-204
7193,3.759214120044678,3.0320745529889903,2024-2-204
7194,4.292919375898988,3.2274289838055177,2024-3-204
7195,1.093711407259823,3.9575510741256075,2024-4-204
7196,6.066566309561511,2.2800041261158133,2024-5-204
7197,2.908891175482505,3.935725507484058,2024-6-204
7198,0.0,3.5403423854627274,2024-7-204
7199,1.7199026186894368,1.818085431699993,2024-8-204
7200,0.0,1.821369442782411,2024-9-204
7201,0.0,0.8395010768421537,2024-10-204
7202,0.0,0.42176210016453053,2024-11-204
7203,0.0,0.30311170009137267,2024-12-204
7204,0.0,0.3116404716421549,2024-13-204
7205,2.78536793826947,0.6510425358785037,2024-14-204
7206,3.1999535660315708,1.827685791754833,2024-15-204
7207,0.0,2.0855922089877046,2024-16-204
7208,0.0,1.4597181299091713,2024-17-204
7209,0.0,0.7591735072082075,2024-18-204
7210,2.4140580775321223,0.5272755148513409,2024-19-204
7211,0.0,1.267068704934954,2024-20-204
7212,1.8953576164570904,0.7539839449743373,2024-21-204
7213,1.4098748870036513,1.2987796329482997,2024-22-204
7214,0.0,1.461005639521103,2024-23-204
7215,0.0,0.6904352215101905,2024-24-204
7216,2.616088707579076,0.5568290038148024,2024-25-204
7217,0.9438072110205248,1.2894753722787737,2024-26-204
7218,0.0,1.1168784754943348,2024-27-204
7219,3.602313327350376,0.6321414756121968,2024-28-204
7220,1.2981981867060723,2.285715351774459,2024-29-204
7221,1.3816229553714034,1.865596818264744,2024-30-204
7222,0.6590530881094991,1.7288813577719524,2024-31-204
7223,0.6312427665949254,0.8102201017145128,2024-32-204
7224,0.0,1.0391673420333718,2024-33-204
7225,0.5998788116528735,0.5114429061561822,2024-34-204
7226,1.804364126070161,0.4913349283596107,2024-35-204
7227,0.6812548276321653,0.8248477819062161,2024-36-204
7228,3.8155484166389,0.8993792168903731,2024-37-204
7229,1.2103320183250348,2.404313023277801,2024-38-204
7230,0.6799179246643888,2.5417087440135626,2024-39-204
7231,0.0,1.1998804222396875,2024-40-204
7232,0.0,0.8392419813811614,2024-41-204
7233,0.9900525153121004,0.34022316320632406,2024-42-204
7234,1.1762216804346568,0.42888530753667764,2024-43-204
7235,0.0,0.982330527274363,2024-44-204
7236,0.0,0.20149420506584048,2024-45-204
7237,1.8398375244635,0.9281956726603402,2024-46-204
7238,0.0,1.336598439053857,2024-47-204
7239,0.0,0.8248339374593661,2024-48-204
7240,0.0,0.6794372548788403,2024-49-204
7241,0.0,0.19841148003230014,2024-50-204
7242,0.0,0.12285101337689108,2024-51-204
7243,5.334250542372215,0.3538288456691695,2024-52-204
7496,3.415742038890201,1.1902491139183624,2024-1-205
7497,4.412122734536251,2.393121892428843,2024-2-205
7498,5.303658962089084,2.7869971235642046,2024-3-205
7499,6.215547271718117,4.0509875485969955,2024-4-205
7500,5.396226731249707,4.681692315480329,2024-5-205
7501,4.3124036796126495,5.052751093054925,2024-6-205
7502,3.2300240348362923,4.597859485240668,2024-7-205
7503,4.24948628549775,3.8041684441861943,2024-8-205
7504,7.999006500296778,3.7353553509837587,2024-9-205
7505,7.082430206975302,5.250687691583476,2024-10-205
7506,3.9838537951915423,5.977434021126937,2024-11-205
7507,6.427709206395112,5.014204090149885,2024-12-205
7508,2.88095993599199,5.584307315972692,2024-13-205
7509,10.322433616884712,4.6218293158079895,2024-14-205
7510,10.277589038239684,6.788516765460189,2024-15-205
7511,12.708407372000222,7.82535891066877,2024-16-205
7512,11.85867811453824,9.665461233359531,2024-17-205
7513,6.890830708404089,10.542150358872364,2024-18-205
7514,8.94596116301153,8.743817710627967,2024-19-205
7515,8.529096066284422,8.426470999945018,2024-20-205
7516,10.301341720195426,7.963091863544807,2024-21-205
7517,13.235491629256837,8.431490275276728,2024-22-205
7518,11.491751025378733,10.127968758993363,2024-23-205
7519,13.96656441614895,10.342716099596961,2024-24-205
7520,10.124949233123704,11.56910073792967,2024-25-205
7521,14.688707640719286,10.485179624111124,2024-26-205
7522,15.262513816915492,11.567080471827326,2024-27-205
7523,14.015725161107524,12.723325352100675,2024-28-205
7524,11.544999577222985,12.987203038102571,2024-29-205
7525,10.75096405440266,12.01547174177652,2024-30-205
7526,9.931033432691937,10.92109091441043,2024-31-205
7527,9.200036075821664,9.34355279792341,2024-32-205
7528,5.893865631018823,9.03756259500486,2024-33-205
7529,7.853699624622357,7.184954158609082,2024-34-205
7530,4.308565687687465,6.9856841075546905,2024-35-205
7531,2.860798059889619,5.2357187452965634,2024-36-205
7532,4.398345444587855,3.871795164994804,2024-37-205
7533,2.0927870847804644,4.106119932059957,2024-38-205
7534,1.3435872086349976,3.468645319981694,2024-39-205
7535,1.330809272266915,1.8386237905646363,2024-40-205
7536,2.2417172949577777,1.5867233244842822,2024-41-205
7537,1.711852551887391,1.7134424537146602,2024-42-205
7538,2.324267724651792,1.446537929632121,2024-43-205
7539,0.8760909868641552,1.9627348252660155,2024-44-205
7540,1.0513065502601189,1.1117177511308547,2024-45-205
7541,2.7266438484442035,1.5396546637551163,2024-46-205
7542,1.2527791712618694,2.0549493696225714,2024-47-205
7543,0.8875193142030001,1.6559652366559865,2024-48-205
7544,1.593370529928484,1.331397475011554,2024-49-205
7545,1.7581975634688658,1.2267723836232551,2024-50-205
7546,2.4872000853469007,1.3747943636175544,2024-51-205
7547,2.635011585775016,1.9681550914420491,2024-52-205
7800,0.6092735862039578,0.8385880533400518,2024-1-206
7801,0.4224977079617069,1.2827764944634523,2024-2-206
7802,0.16082650643801,0.6161253365278148,2024-3-206
7803,0.3277905896281607,0.6862074815998149,2024-4-206
7804,0.1818174429921609,0.09305094981281326,2024-5-206
7805,0.0,0.33590326219642475,2024-6-206
7806,0.4897443678634879,0.16943536951475557,2024-7-206
7807,0.0,0.28201716252192166,2024-8-206
7808,0.0,0.17570324463329312,2024-9-206
7809,0.0,0.06404903152851227,2024-10-206
7810,1.2081162548456486,0.14452305737946158,2024-11-206
7811,0.4331635979401,0.5365535483351962,2024-12-206
7812,0.5824479404899088,0.618127838221179,2024-13-206
7813,0.8347662716687821,1.0777699210688425,2024-14-206
7814,0.0,1.1957311777622819,2024-15-206
7815,0.0,0.20103010527346432,2024-16-206
7816,0.0,0.30194262235188973,2024-17-206
7817,0.0,0.07649536242558475,2024-18-206
7818,0.0,0.13104265458707887,2024-19-206
7819,0.0,0.17056384763997057,2024-20-206
7820,0.2840112289563793,0.015850994004735552,2024-21-206
7821,0.2112631651959995,0.18226393087776438,2024-22-206
7822,0.1621018444146917,0.20065917477795003,2024-23-206
7823,0.0,0.02807919879012033,2024-24-206
7824,0.0,0.14197132761891607,2024-25-206
7825,0.2828472370643181,-0.09742563937074933,2024-26-206
7826,0.0,0.05466261560910346,2024-27-206
7827,0.1349454124595685,0.02860225738166844,2024-28-206
7828,0.1945255351956689,0.4517808568022166,2024-29-206
7829,0.5175641171769955,0.3757629729038393,2024-30-206
7830,0.0,0.4561170911634692,2024-31-206
7831,0.2837594008560395,-0.2095740080123467,2024-32-206
7832,0.4831278693805333,0.2884485354884685,2024-33-206
7833,0.1797728432908989,0.3462850080581009,2024-34-206
7834,0.1802446921018927,0.2536105458000508,2024-35-206
7835,0.0,-0.09513016677776398,2024-36-206
7836,0.1905738267144597,0.0685755476314096,2024-37-206
7837,0.1813556347719228,0.2860206458716631,2024-38-206
7838,0.0,0.7599043587571334,2024-39-206
7839,0.0,-0.06750992107022569,2024-40-206
7840,0.1236227727035121,0.0334342238761236,2024-41-206
7841,0.2966953391771315,0.06912637747317385,2024-42-206
7842,0.0,0.011870474735896419,2024-43-206
7843,0.0,0.28927651346209393,2024-44-206
7844,0.425164304632151,-0.18056844970170083,2024-45-206
7845,0.0,1.0415593770782061,2024-46-206
7846,0.0,0.5758110328124447,2024-47-206
7847,0.0,0.41870319261564637,2024-48-206
7848,0.0,0.43386375211167194,2024-49-206
7849,0.0,-0.027447160369366674,2024-50-206
7850,0.0,-0.03417945985313864,2024-51-206
7851,0.0,0.16800098284196263,2024-52-206
8104,1.439065090748023,-0.2840873577114815,2024-1-207
8105,1.3305097692600134,0.8687368887046651,2024-2-207
8106,1.5193557812589762,0.9007934094823917,2024-3-207
8107,1.161225318936564,1.4116410566535451,2024-4-207
8108,0.8587785592406431,1.0000794160189195,2024-5-207
8109,0.514708674353309,1.061985913725374,2024-6-207
8110,1.1565353260942488,0.7923811470648081,2024-7-207
8111,2.130136496820429,0.8470077901551178,2024-8-207
8112,1.0739896664800077,1.3654569635199525,2024-9-207
8113,0.8452470352533517,1.198526408675237,2024-10-207
8114,1.9017549712264088,1.1152377273267315,2024-11-207
8115,0.0,1.3616244867309788,2024-12-207
8116,0.0,0.8472005929149289,2024-13-207
8117,0.9854458189518523,0.8765772661882533,2024-14-207
8118,1.6981298680756167,1.1321337759572068,2024-15-207
8119,2.843365809699115,0.8483955597864175,2024-16-207
8120,2.8300652783561064,1.8658012645817692,2024-17-207
8121,2.1926046514289528,2.2024532205122447,2024-18-207
8122,3.415756076063293,2.2801525618928227,2024-19-207
8123,6.542100168564896,2.751970887515203,2024-20-207
8124,1.6760305362343464,4.152685490313858,2024-21-207
8125,2.9920468425080005,3.1552559034157026,2024-22-207
8126,0.9565513139079622,2.816129009813805,2024-23-207
8127,1.8863578842103448,1.9012828936121255,2024-24-207
8128,0.6168154159817464,1.5970687229669849,2024-25-207
8129,2.169584068911023,1.0537509220490942,2024-26-207
8130,2.6483941409812912,1.2883531821217362,2024-27-207
8131,3.0255165662945966,1.7916081621856779,2024-28-207
8132,1.4919906460723729,2.5741373556196527,2024-29-207
8133,1.7099626855691237,2.137607163339087,2024-30-207
8134,1.3982602408413596,1.9069664971951485,2024-31-207
8135,1.00441363700355,1.118731491793111,2024-32-207
8136,1.368052442104698,1.2650952185298987,2024-33-207
8137,2.0149553853717914,1.1371076450965076,2024-34-207
8138,1.8075381955087944,1.4356677411812462,2024-35-207
8139,1.5655822977967129,1.2562830647476206,2024-36-207
8140,1.1241286133078296,1.4738622608596843,2024-37-207
8141,1.2836699848591897,1.551120964293783,2024-38-207
8142,0.4807302249576165,1.9095721524697358,2024-39-207
8143,0.9522956874090088,0.8264254635582303,2024-40-207
8144,1.166607010465311,0.8437687921549151,2024-41-207
8145,0.6999470441341946,1.0011710399934242,2024-42-207
8146,2.2867367437892394,0.6858857773265625,2024-43-207
8147,1.044758052400598,1.474490980709993,2024-44-207
8148,1.504414733229038,0.8834904785523017,2024-45-207
8149,0.650288121108874,1.845204044497959,2024-46-207
8150,1.1950948445522256,1.3163715703810235,2024-47-207
8151,0.9524641485109036,1.1777660946864918,2024-48-207
8152,0.3799842069599791,1.1135865716359914,2024-49-207
8153,0.0,0.4591186594485115,2024-50-207
8154,0.5931170486950408,0.31820389169556296,2024-51-207
8155,0.9425272904645,0.5118863014294391,2024-52-207
8408,1.7304571777363034,-0.26045326640619093,2024-1-208
8409,0.799939569940245,1.0795525267078934,2024-2-208
8410,0.9134552751421854,0.758849073266229,2024-3-208
8411,0.4654164606127526,1.1427144910130755,2024-4-208
8412,0.7744219490021151,0.4994108572856616,2024-5-208
8413,0.3094249943687341,0.7514954349703027,2024-6-208
8414,1.0428762383840025,0.5713089578522728,2024-7-208
8415,0.0,0.7112114702612169,2024-8-208
8416,2.1519832221689024,0.43350115090293895,2024-9-208
8417,0.0,1.0677545703317437,2024-10-208
8418,1.7146808122814614,0.7593915434684175,2024-11-208
8419,0.0,1.063369746971194,2024-12-208
8420,0.0,0.7969282457976357,2024-13-208
8421,0.592292725269143,0.8018126451330332,2024-14-208
8422,0.0,0.9346450624945143,2024-15-208
8423,0.0,0.02098088660219455,2024-16-208
8424,0.680340461204828,0.22451192162518885,2024-17-208
8425,0.6588536160239622,0.4012314044195886,2024-18-208
8426,0.513185294093028,0.6169141347816285,2024-19-208
8427,0.5241939689442247,0.6054271907119074,2024-20-208
8428,0.4028717033413694,0.4991287052030854,2024-21-208
8429,0.8989840681215332,0.43877787430670256,2024-22-208
8430,0.2299167572937383,0.5543834010616301,2024-23-208
8431,1.1334835347665542,0.3463242180644509,2024-24-208
8432,0.5559380105885755,0.8185212746061717,2024-25-208
8433,1.4038794790968565,0.48565987655159015,2024-26-208
8434,1.19343747327163,0.7840436700098968,2024-27-208
8435,1.7221118720594986,0.8913569325646193,2024-28-208
8436,1.1032470844785058,1.4735736683807905,2024-29-208
8437,1.6143528927449693,1.2772376082832053,2024-30-208
8438,1.540046325290901,1.3888664745741064,2024-31-208
8439,1.340885131696517,0.9109466600401002,2024-32-208
8440,1.6436577071444074,1.323005767071801,2024-33-208
8441,1.1467008439887827,1.3653299182548622,2024-34-208
8442,0.8941688758214956,1.2094195478526815,2024-35-208
8443,0.578712215504742,0.7428146026476576,2024-36-208
8444,1.2153903544184832,0.7570983756862476,2024-37-208
8445,0.7710238869254017,1.124947894459994,2024-38-208
8446,0.8662122112884141,1.4043286343438501,2024-39-208
8447,0.8170762218644607,0.6580778819623483,2024-40-208
8448,0.3503245397299734,0.7405379878891563,2024-41-208
8449,0.0,0.4828718645013558,2024-42-208
8450,0.2496915377041212,0.10169369871985356,2024-43-208
8451,0.0,0.2808398749093486,2024-44-208
8452,0.6022836113960136,-0.25156092870548585,2024-45-208
8453,0.0,0.7751289452083383,2024-46-208
8454,0.7176315070186521,0.47098397238947187,2024-47-208
8455,0.0,0.7176872442740416,2024-48-208
8456,0.4563195540382444,0.5186944604712282,2024-49-208
8457,0.0,0.39601883934151527,2024-50-208
8458,0.712226890714203,0.2321392767126238,2024-51-208
8459,0.0,0.5176232683894662,2024-52-208
8712,0.7340028619060226,4.033310813475742,2024-1-209
8713,2.8275216829225425,3.075581764842961,2024-2-209
8714,2.5829687654484124,2.9004309518445743,2024-3-209
8715,4.606114904159215,2.8120622376847124,2024-4-209
8716,2.189756165415838,3.002005954718033,2024-5-209
8717,1.749833046808695,2.9382834733473775,2024-6-209
8718,3.9316591531986216,2.3366684316031363,2024-7-209
8719,3.103340596275097,2.9108412181911953,2024-8-209
8720,1.2169128719192808,2.8798741442733142,2024-9-209
8721,3.59133695066416,2.095938529805458,2024-10-209
8722,0.8079954432746386,2.7243431707363444,2024-11-209
8723,0.0,1.8539261683443482,2024-12-209
8724,1.1684660941926963,1.0853858958632316,2024-13-209
8725,0.0,1.5372868772740549,2024-14-209
8726,2.88544442492996,1.037781550076267,2024-15-209
8727,0.966243148633788,1.3484823781069006,2024-16-209
8728,0.0,1.492977481127302,2024-17-209
8729,0.0,0.6931855551035392,2024-18-209
8730,0.0,0.5899823304973446,2024-19-209
8731,0.7409300487042751,0.36392752204055134,2024-20-209
8732,1.7083087474781062,0.48021776827486484,2024-21-209
8733,2.5412857163168563,1.1363585404927354,2024-22-209
8734,1.9497841795532185,1.752358612210144,2024-23-209
8735,2.883669945472361,1.8951486473200567,2024-24-209
8736,3.142949162531765,2.410285722441287,2024-25-209
8737,1.1337986670116278,2.582490941615201,2024-26-209
8738,5.34120671203889,1.9161351636386619,2024-27-209
8739,2.704266069013453,3.2635499344914694,2024-28-209
8740,3.508157468020765,3.417140608743625,2024-29-209
8741,2.281473641572993,3.262573797950698,2024-30-209
8742,3.561424920383216,3.1098151302818247,2024-31-209
8743,3.600381951676676,2.507382641055214,2024-32-209
8744,2.3227795503966973,3.2911878412437208,2024-33-209
8745,3.2409322836481547,2.7258567870458688,2024-34-209
8746,1.6246023060892416,2.884483366276715,2024-35-209
8747,1.2266768684251992,2.0388477061184687,2024-36-209
8748,2.6715961018706893,1.6201720050088477,2024-37-209
8749,1.4526777465715597,2.3063614933413867,2024-38-209
8750,1.8359950315807056,2.4189273873208044,2024-39-209
8751,1.1545473311276897,1.6739871841771494,2024-40-209
8752,0.9900176938097636,1.6047576832882071,2024-41-209
8753,1.1879385346042357,1.334239337362842,2024-42-209
8754,0.3528033444232516,1.153649479536198,2024-43-209
8755,1.41838898596019,1.0143326391846135,2024-44-209
8756,0.4254870995748984,0.8091101467552952,2024-45-209
8757,1.1034593261763803,1.4552734508119922,2024-46-209
8758,0.0,1.1639373205307657,2024-47-209
8759,0.0,0.8418317488932817,2024-48-209
8760,0.0,0.6119258520674222,2024-49-209
8761,0.7113432599847548,0.08848624347065814,2024-50-209
8762,4.024882348924446,0.4771161256203782,2024-51-209
8763,3.1978434142466163,2.2216688362003785,2024-52-209
9016,1.485313108200199,0.8568329606494592,2024-1-210
9017,1.716524428719809,1.635166277079656,2024-2-210
9018,1.9985218822631896,1.525038713342053,2024-3-210
9019,2.036521501607111,1.98601214782832,2024-4-210
9020,1.9549626830017943,1.6694140018404033,2024-5-210
9021,2.082958371592802,2.011261572281843,2024-6-210
9022,2.6326000698410943,2.0365270068838544,2024-7-210
9023,1.970231216013789,2.2952664270431717,2024-8-210
9024,2.317773620466835,2.1182959025483497,2024-9-210
9025,2.821591639229956,2.1328985184668037,2024-10-210
9026,1.5389534580738145,2.5582207272942568,2024-11-210
9027,2.0690513800905697,2.02098905301981,2024-12-210
9028,0.9736789621120048,2.1685004441507547,2024-13-210
9029,1.7940698515825182,2.098568462512039,2024-14-210
9030,2.0609650761236606,2.1107556662871945,2024-15-210
9031,2.9906732111952388,1.6134685809562783,2024-16-210
9032,2.175190676660792,2.384874161926099,2024-17-210
9033,2.217338648837872,2.2647777175759742,2024-18-210
9034,1.6407279176921958,2.3207324745874365,2024-19-210
9035,1.234879235573972,2.091106841128206,2024-20-210
9036,1.4913842340043335,1.5958762328162872,2024-21-210
9037,1.3109914570011545,1.5099137967185947,2024-22-210
9038,1.2379754992276166,1.3179161382671287,2024-23-210
9039,1.068046995125135,1.1676615392473442,2024-24-210
9040,1.1848721878536153,1.2386848070017429,2024-25-210
9041,1.1473321799685086,1.0625993031935066,2024-26-210
9042,0.937089911135336,1.0050520942658985,2024-27-210
9043,1.1590241982065286,0.8486814977721724,2024-28-210
9044,1.1833697686437563,1.1750128758784526,2024-29-210
9045,0.8642465822715852,1.2961710896940566,2024-30-210
9046,1.507583073549067,1.1214256088632109,2024-31-210
9047,1.0829024507808835,0.7311285220728849,2024-32-210
9048,0.6452693487170422,1.2705951325911726,2024-33-210
9049,1.0289590173851026,0.9450174205098846,2024-34-210
9050,0.8596606860027622,1.0743674519646242,2024-35-210
9051,0.7545816981581462,0.6712372977243721,2024-36-210
9052,0.7043252140071119,0.7956901149514447,2024-37-210
9053,0.9945097205072294,1.0691152577594831,2024-38-210
9054,0.8258153279278994,1.5068053970853814,2024-39-210
9055,0.769800031106435,0.8011090364198876,2024-40-210
9056,1.060881181617345,0.958686862142761,2024-41-210
9057,0.7425704738445871,1.066865438046643,2024-42-210
9058,0.714116618819916,0.7908439749000413,2024-43-210
9059,0.3377660478660971,1.0208274515852316,2024-44-210
9060,0.9119114499985989,0.40499097297673936,2024-45-210
9061,0.6569362385185354,1.3178805981884087,2024-46-210
9062,1.026176961928243,1.0836467186731122,2024-47-210
9063,0.833844867929006,1.0654108253178054,2024-48-210
9064,1.1514760338732974,1.0847614509577153,2024-49-210
9065,0.7623090608550489,0.8469296559025248,2024-50-210
9066,0.5990673746821725,1.0894489410914614,2024-51-210
9067,0.380778810216668,0.7660284094022753,2024-52-210
9320,0.0,-0.31824668263907396,2024-1-211
9321,0.0,0.4228881974256238,2024-2-211
9322,0.0,0.050071203842308565,2024-3-211
9323,0.0,0.3151770846905557,2024-4-211
9324,0.0,-0.10172448447444826,2024-5-211
9325,0.0,0.2236586206000608,2024-6-211
9326,0.0,0.18481788677449662,2024-7-211
9327,0.0,0.1352451903805727,2024-8-211
9328,0.0,0.16364129095458402,2024-9-211
9329,0.0,0.13660604632050388,2024-10-211
9330,0.0,0.23731998302807789,2024-11-211
9331,0.0,0.17447389080369013,2024-12-211
9332,0.0,0.24435752776904207,2024-13-211
9333,0.0,0.71212760558986,2024-14-211
9334,0.0,0.6540078639923794,2024-15-211
9335,0.0,-0.014779003897354537,2024-16-211
9336,0.0,0.26500708493320324,2024-17-211
9337,0.0,0.18078575442752853,2024-18-211
9338,0.0,0.27816203358354263,2024-19-211
9339,0.0,0.3102165781999605,2024-20-211
9340,0.0,0.12473599729862184,2024-21-211
9341,0.0,0.10141375973830091,2024-22-211
9342,0.0,0.20518510504291843,2024-23-211
9343,0.0,-0.020018052058301317,2024-24-211
9344,0.0,0.1948973622939414,2024-25-211
9345,0.0,-0.11506307522002945,2024-26-211
9346,0.0,-0.13033492912170663,2024-27-211
9347,0.0,-0.11157527185325034,2024-28-211
9348,0.0,0.324030671014225,2024-29-211
9349,0.0,0.2479071771729492,2024-30-211
9350,0.0,0.15699314010543186,2024-31-211
9351,0.0,-0.322314308111024,2024-32-211
9352,0.0,0.06689615264260773,2024-33-211
9353,0.0,0.04620651390543373,2024-34-211
9354,0.0,0.11547426073621825,2024-35-211
9355,0.0,-0.20947591038631197,2024-36-211
9356,0.3231165588685939,0.02193870625710015,2024-37-211
9357,0.0,0.38856299890577606,2024-38-211
9358,0.0,0.8352800778603147,2024-39-211
9359,0.0,0.07523787610397337,2024-40-211
9360,0.0,0.12657491698896017,2024-41-211
9361,0.0,0.03669292173027694,2024-42-211
9362,0.0,-0.22364025143162736,2024-43-211
9363,0.0,0.2223428658582558,2024-44-211
9364,0.0,-0.26776676468173566,2024-45-211
9365,0.0,0.5901838327378268,2024-46-211
9366,0.0,0.34786346755773745,2024-47-211
9367,0.0,0.20447784443935202,2024-48-211
9368,0.0,0.5565216184516175,2024-49-211
9369,0.0,0.20797249432305598,2024-50-211
9370,0.0,0.16379670166829585,2024-51-211
9371,0.0,0.40791403818031424,2024-52-211
9624,0.0,-0.240513958346257,2024-1-212
9625,0.3102726188148277,0.38891189273804005,2024-2-212
9626,1.4172946206213082,0.11707930118713639,2024-3-212
9627,3.249777928508004,0.9882086411778962,2024-4-212
9628,2.403442050646028,1.6429384722540188,2024-5-212
9629,1.4405529300358302,2.336537774648404,2024-6-212
9630,0.5394990097576426,1.9447191750901869,2024-7-212
9631,0.5678274680077964,1.3205296413841559,2024-8-212
9632,0.6680379144741581,0.9296304251040293,2024-9-212
9633,1.5773249601553183,0.7819698547619693,2024-10-212
9634,0.0,1.198449761712596,2024-11-212
9635,0.0,0.7549377663860886,2024-12-212
9636,0.0,0.5176299169656101,2024-13-212
9637,0.0,0.8533543734015088,2024-14-212
9638,0.0,0.6982342818520708,2024-15-212
9639,0.0,-0.006392219638672092,2024-16-212
9640,0.0,0.2677153376604108,2024-17-212
9641,1.023198231689303,0.18175453836787647,2024-18-212
9642,1.594048472903259,0.7312384427059204,2024-19-212
9643,1.628342702269382,1.2218701069343383,2024-20-212
9644,0.0,1.3810456793326438,2024-21-212
9645,0.9309737909642288,0.9273450574750641,2024-22-212
9646,0.0,0.8838818945055138,2024-23-212
9647,0.0,0.4431725186596571,2024-24-212
9648,0.8637387803133117,0.362283087495336,2024-25-212
9649,0.3116120665948509,0.4492896077475963,2024-26-212
9650,0.0,0.3633110802399174,2024-27-212
9651,0.0,0.19821512949255216,2024-28-212
9652,0.0,0.5505456338174369,2024-29-212
9653,0.0,0.26573450835587775,2024-30-212
9654,0.2175993793322516,0.1793244024485814,2024-31-212
9655,0.2084178551999372,-0.27201874462532794,2024-32-212
9656,0.4258241274536739,0.26931846518488745,2024-33-212
9657,0.3961270819682113,0.3043607493242966,2024-34-212
9658,0.7943377297367967,0.3506360733273529,2024-35-212
9659,0.2249329698856281,0.2266270344451331,2024-36-212
9660,0.6299002074347664,0.42777863466630495,2024-37-212
9661,0.599434607904426,0.7876040972086741,2024-38-212
9662,0.2244935022998861,1.1901240389156083,2024-39-212
9663,0.2541265457979298,0.27619975883657466,2024-40-212
9664,0.0,0.396448596416632,2024-41-212
9665,0.0,0.25518574918800596,2024-42-212
9666,0.7767324885359518,-0.08390084159957678,2024-43-212
9667,0.3903710640036714,0.7267396817709237,2024-44-212
9668,0.0,0.25087288525805884,2024-45-212
9669,0.0,0.8584935951399748,2024-46-212
9670,0.0,0.577810149733045,2024-47-212
9671,0.0,0.3436328894338161,2024-48-212
9672,0.0,0.4130420497500764,2024-49-212
9673,0.0,0.06660165089312042,2024-50-212
9674,0.0,0.021656579171878576,2024-51-212
9675,0.0,0.23046016445323747,2024-52-212
9928,0.9716228072683584,0.32129937657482033,2024-1-213
9929,0.0,1.0843881136291542,2024-2-213
9930,0.0,0.6728829009754005,2024-3-213
9931,0.0,0.7881799508225493,2024-4-213
9932,0.4831784620623703,0.024586075126861617,2024-5-213
9933,0.0,0.40622270631514734,2024-6-213
9934,0.0,0.3400368483944206,2024-7-213
9935,0.2282796927003567,0.25763912504916175,2024-8-213
9936,0.0,0.30967399677645413,2024-9-213
9937,0.0,0.1637224298055241,2024-10-213
9938,0.3566524697173394,0.27816049319067637,2024-11-213
9939,0.0,0.3559299385605996,2024-12-213
9940,0.0,0.40019337626346674,2024-13-213
9941,0.0,0.708557814612393,2024-14-213
9942,0.0,0.7384717016035298,2024-15-213
9943,0.0,-0.01332045023123496,2024-16-213
9944,0.0,0.2587534874284291,2024-17-213
9945,0.0,0.13313983354398062,2024-18-213
9946,0.0,0.22424061479652424,2024-19-213
9947,0.0,0.2844307618224221,2024-20-213
9948,0.0,0.13104780929776105,2024-21-213
9949,0.1870300502099868,0.12115095497041861,2024-22-213
9950,0.1435027152561478,0.18032409536499538,2024-23-213
9951,0.1414957986392461,0.09945039926441013,2024-24-213
9952,0.1156677492526518,0.33300412981302296,2024-25-213
9953,0.0,0.04534777018277336,2024-26-213
9954,0.0,-0.04269729423058943,2024-27-213
9955,0.0,-0.04613581379388876,2024-28-213
9956,0.2582567273968435,0.20935480622197966,2024-29-213
9957,0.0,0.22666703818102318,2024-30-213
9958,0.0873996565692192,0.5659775709745851,2024-31-213
9959,0.0,-0.17459081215565275,2024-32-213
9960,0.0,0.162371048761338,2024-33-213
9961,0.0795440657860721,0.16461277561039933,2024-34-213
9962,0.0,0.2987154926619092,2024-35-213
9963,0.0903282986862954,-0.11284951331343018,2024-36-213
9964,0.0,0.20591630872832378,2024-37-213
9965,0.0,0.45242344085980846,2024-38-213
9966,0.0901416939909721,0.7678995204702563,2024-39-213
9967,0.1020365398417986,0.0647007001879325,2024-40-213
9968,0.1093740283293921,0.27505626827337704,2024-41-213
9969,0.1312449112849254,0.2678536651574155,2024-42-213
9970,0.0,0.121633410583314,2024-43-213
9971,0.0,0.3067475675608524,2024-44-213
9972,0.1880557499756396,-0.05985037906254753,2024-45-213
9973,0.0,0.8086837381532426,2024-46-213
9974,0.0,0.47428071351307566,2024-47-213
9975,0.0,0.3411129891262984,2024-48-213
9976,0.0,0.33786918977383784,2024-49-213
9977,0.0,-0.13718098201726758,2024-50-213
9978,0.0,0.037645228037276546,2024-51-213
9979,0.0,0.30810864552781814,2024-52-213
10232,0.0,2.593688361826908,2024-1-214
10233,0.5772579972013405,2.0517385763898255,2024-2-214
10234,0.4393917867252139,1.421716216490568,2024-3-214
10235,0.0,1.3023786797413746,2024-4-214
10236,0.0,0.12073763169721818,2024-5-214
10237,0.0,0.35077353396949906,2024-6-214
10238,0.0,0.28539477219499254,2024-7-214
10239,0.3517396877110968,0.2232653421090578,2024-8-214
10240,1.2412066027044968,0.3321177546560232,2024-9-214
10241,0.0,0.7535520131715541,2024-10-214
10242,0.5492911707558782,0.6947476397233168,2024-11-214
10243,0.0,0.6222155645085021,2024-12-214
10244,0.0,0.6421046107358785,2024-13-214
10245,0.0,0.7704733232269532,2024-14-214
10246,1.3071221892734988,0.8317246488556711,2024-15-214
10247,0.6564950774403981,0.5242391265050522,2024-16-214
10248,0.6533221985972705,0.9525729186730102,2024-17-214
10249,0.6326063680740664,0.7584282925129948,2024-18-214
10250,0.0,0.9042909171245023,2024-19-214
10251,0.0,0.5857380921585609,2024-20-214
10252,0.7733428427124955,0.3136026920616273,2024-21-214
10253,0.5751480589692018,0.550030921886732,2024-22-214
10254,0.2206140591948637,0.5895970302772868,2024-23-214
10255,0.6524882405478711,0.4304774364487136,2024-24-214
10256,0.3555371776557778,0.7022362736608254,2024-25-214
10257,0.3847294272629064,0.5516329631754457,2024-26-214
10258,1.1445546973353375,0.40344967706535473,2024-27-214
10259,0.9174217237014216,0.7056294090851327,2024-28-214
10260,0.9255594355574788,1.2343106812866882,2024-29-214
10261,2.251088539154249,0.9954843524102405,2024-30-214
10262,0.9393972828730848,1.6952512945523404,2024-31-214
10263,3.084298187424359,1.0089952938802604,2024-32-214
10264,1.9688758946565748,2.1088404415831614,2024-33-214
10265,3.174105447596858,2.114785313617957,2024-34-214
10266,0.8566499322266105,2.623966382414904,2024-35-214
10267,0.4157681623277623,1.659011404117611,2024-36-214
10268,0.3880300443286235,1.106411474667044,2024-37-214
10269,0.2461279483521831,1.0841708747649845,2024-38-214
10270,0.1382391198177988,1.1136173893222336,2024-39-214
10271,0.7822833025405395,0.39128962881124785,2024-40-214
10272,2.0121803502399143,0.6814717523381304,2024-41-214
10273,0.0,1.3100984171827332,2024-42-214
10274,0.7168981426316117,0.741718122546569,2024-43-214
10275,1.6810759963690698,0.946172236646588,2024-44-214
10276,1.4406577275336678,1.0123016130335833,2024-45-214
10277,1.120733841785159,2.0023044653578435,2024-46-214
10278,2.059349182045004,1.7308568841395948,2024-47-214
10279,1.823327692910221,1.8006478827459378,2024-48-214
10280,2.6182743290279373,1.86752549124893,2024-49-214
10281,2.4071673847717823,1.7454246951968653,2024-50-214
10282,1.3618549616627638,2.1391117371082595,2024-51-214
10283,0.0,1.927559476578221,2024-52-214
10536,0.3074438919908531,0.7383155127815901,2024-1-215
10537,0.7106342899415324,1.1335301024548987,2024-2-215
10538,0.0,0.9887829397606381,2024-3-215
10539,0.0,1.0134773653001368,2024-4-215
10540,0.9173756997412268,0.13819094337914073,2024-5-215
10541,0.0,0.7092942867926011,2024-6-215
10542,0.0,0.6763757182192538,2024-7-215
10543,0.0,0.4410112571945145,2024-8-215
10544,2.2945986280231057,0.4273339901453741,2024-9-215
10545,0.0,1.2011885115057073,2024-10-215
10546,1.0157959749321417,0.9487622530614737,2024-11-215
10547,1.0925983228923126,0.9353745406660243,2024-12-215
10548,1.4691131835499762,1.3196536470416813,2024-13-215
10549,0.0,1.7538173807033668,2024-14-215
10550,0.0,1.421682239018033,2024-15-215
10551,0.0,0.3364050674357877,2024-16-215
10552,0.0,0.498862090422432,2024-17-215
10553,0.0,0.21063262652487447,2024-18-215
10554,0.0,0.28039477074496766,2024-19-215
10555,0.0,0.34831239355303245,2024-20-215
10556,0.0,0.2393554119631469,2024-21-215
10557,0.5327557151672867,0.17113597435258066,2024-22-215
10558,0.0,0.4611819539746489,2024-23-215
10559,0.0,0.2242048637261379,2024-24-215
10560,0.0,0.2625836916051889,2024-25-215
10561,0.0,0.13462574184260934,2024-26-215
10562,0.0,-0.17141378361228687,2024-27-215
10563,0.0,-0.1310833535120537,2024-28-215
10564,0.0,0.3001231693525106,2024-29-215
10565,0.0,0.05535273240183636,2024-30-215
10566,0.0,0.2480305777509182,2024-31-215
10567,0.2384724000518342,-0.4051780097583444,2024-32-215
10568,0.0,0.09704035116618326,2024-33-215
10569,0.0,0.05011064565245871,2024-34-215
10570,0.0,0.33510873211173065,2024-35-215
10571,0.0,0.02261435083468566,2024-36-215
10572,0.2402137012645804,0.03639973335872737,2024-37-215
10573,0.0,0.4830563396480002,2024-38-215
10574,0.2568199170888279,0.8542918817963014,2024-39-215
10575,0.5814251083563907,0.10661129849987772,2024-40-215
10576,0.3116214531118256,0.5508389263164207,2024-41-215
10577,0.747877874743492,0.5200199096990317,2024-42-215
10578,0.0,0.49483104204795914,2024-43-215
10579,0.893051903719637,0.544284569876098,2024-44-215
10580,0.5358213956960256,0.32655755454208024,2024-45-215
10581,0.0,1.2249768134778902,2024-46-215
10582,0.0,0.7978687216956992,2024-47-215
10583,0.6784835571823209,0.42239112788578825,2024-48-215
10584,0.0,0.646822314164361,2024-49-215
10585,0.0,0.13401349256969564,2024-50-215
10586,0.0,0.1277140894515154,2024-51-215
10587,2.014266036164672,0.3268227822553612,2024-52-215
10840,2.412904663679832,0.34653495491993136,2024-1-216
10841,2.3899205436175888,1.7937333530492596,2024-2-216
10842,0.4547954349196493,1.7623433187040976,2024-3-216
10843,0.926796394294578,1.4959548729653434,2024-4-216
10844,1.0279756012980508,1.06110486537601,2024-5-216
10845,1.848106076009128,1.3029843297120416,2024-6-216
10846,0.6920151806038354,1.4712578471083653,2024-7-216
10847,2.9129208209858577,1.2624315596950808,2024-8-216
10848,1.713210575436312,1.8908648269964106,2024-9-216
10849,4.044438030434425,1.9085779769272535,2024-10-216
10850,2.2746351810955736,2.8587869199433644,2024-11-216
10851,1.2231390452579023,2.755184389513458,2024-12-216
10852,0.0,2.1843072736264584,2024-13-216
10853,4.712789403753145,1.8267825338502943,2024-14-216
10854,2.706684734528233,3.129368664902942,2024-15-216
10855,4.078352758396337,2.4829364323747436,2024-16-216
10856,5.411654122300906,3.384651060011965,2024-17-216
10857,3.9301398090062047,4.269065398397489,2024-18-216
10858,6.121774886830654,4.090455417685321,2024-19-216
10859,11.462800075663068,4.948662500753635,2024-20-216
10860,11.211273392326008,7.553696746528472,2024-21-216
10861,3.5735205429709227,8.981108950329897,2024-22-216
10862,6.396864072119912,6.657609268844685,2024-23-216
10863,9.00944123135958,6.181968943298958,2024-24-216
10864,6.995770798086918,7.169343229582155,2024-25-216
10865,9.16411871661172,6.52755847935791,2024-26-216
10866,5.926822847781845,7.3685054269943775,2024-27-216
10867,6.841082487302512,6.574088839678678,2024-28-216
10868,2.1910762067480407,6.560810024424999,2024-29-216
10869,2.3314801203736324,4.644649771932361,2024-30-216
10870,3.3358733141239,3.286156791369989,2024-31-216
10871,3.194561916333884,2.6746064465437147,2024-32-216
10872,2.719067124466766,2.988034144190526,2024-33-216
10873,2.276099549992749,2.8060094022424087,2024-34-216
10874,1.2676051083270778,2.6547443404801747,2024-35-216
10875,2.296870341137342,1.6929995575667502,2024-36-216
10876,2.143672739213837,1.9847245482263298,2024-37-216
10877,1.019819247124146,2.3306990727733474,2024-38-216
10878,0.5727974893226541,2.1199615031086445,2024-39-216
10879,2.2690293583384857,1.1294766775275125,2024-40-216
10880,0.3474093806687083,1.6167038581506077,2024-41-216
10881,1.667288683252821,1.0429885605176579,2024-42-216
10882,1.4853508690104218,1.0995295269808076,2024-43-216
10883,1.990346774453276,1.5371390380199574,2024-44-216
10884,1.1940103809181135,1.300878850176745,2024-45-216
10885,0.7740631136519527,1.8455696477293495,2024-46-216
10886,0.0,1.5102857217118335,2024-47-216
10887,0.7556236423543543,1.0394686356564138,2024-48-216
10888,2.7127126721623025,0.9240592008663946,2024-49-216
10889,2.992843521402026,1.750187093733075,2024-50-216
10890,0.0,2.5668578782604174,2024-51-216
10891,0.0,1.8420182015836284,2024-52-216
11144,0.1122568353347781,-0.14212637994833255,2024-1-301
11145,0.043248994144969,0.3674130308068867,2024-2-301
11146,0.0,0.00219738828505589,2024-3-301
11147,0.0,0.22068707194791837,2024-4-301
11148,0.1116887868544663,0.0589032089824697,2024-5-301
11149,0.0669463139458149,0.10219743149381577,2024-6-301
11150,0.0,0.2595487681676716,2024-7-301
11151,0.0791731919948052,0.1314406032454687,2024-8-301
11152,0.0,0.09322870990618726,2024-9-301
11153,0.0,0.02164903219263037,2024-10-301
11154,0.123729612847217,0.27758095017167106,2024-11-301
11155,0.0,0.06931548434857793,2024-12-301
11156,0.1789742902576476,0.02244443006737029,2024-13-301
11157,0.1282602564650375,0.19746976640726088,2024-14-301
11158,0.0,0.25771650327787643,2024-15-301
11159,0.0,-0.007210515494754155,2024-16-301
11160,0.0,0.25933557157202003,2024-17-301
11161,0.0,-0.03380746012082292,2024-18-301
11162,0.1111910543272586,0.21676367736808178,2024-19-301
11163,0.0,0.09271591424486936,2024-20-301
11164,0.0,0.030110909058373325,2024-21-301
11165,0.0,0.021660706489687653,2024-22-301
11166,0.04983770586498,0.11015310794143907,2024-23-301
11167,0.0982902731441042,0.0026676116655877102,2024-24-301
11168,0.0,0.16612520101493056,2024-25-301
11169,0.0,0.10789215675176367,2024-26-301
11170,0.0,0.09072098620017477,2024-27-301
11171,0.0,0.05700880124312757,2024-28-301
11172,0.0,0.039871896313269595,2024-29-301
11173,0.0318370460601405,0.028871449898038692,2024-30-301
11174,0.0303750505204199,0.1144795776657972,2024-31-301
11175,0.029094869226141,-0.09966677181685402,2024-32-301
11176,0.0297237694615233,0.03431747237009164,2024-33-301
11177,0.0,0.13855516774738386,2024-34-301
11178,0.0,0.18340971908928294,2024-35-301
11179,0.0,-0.013711803853825755,2024-36-301
11180,0.0,0.010247452197204243,2024-37-301
11181,0.0,-0.09732155011551824,2024-38-301
11182,0.0940505517733217,0.06596355523812991,2024-39-301
11183,0.0709804018153415,0.08087595036611761,2024-40-301
11184,0.0380456749847863,-0.014729661556674545,2024-41-301
11185,0.0913149528319855,-0.030362148219136298,2024-42-301
11186,0.162737431419931,0.09832243297457277,2024-43-301
11187,0.1635858350033293,0.08550740799510348,2024-44-301
11188,0.4580670781502795,0.1949826164161843,2024-45-301
11189,0.254593774782389,0.37957548417906684,2024-46-301
11190,0.0779882301180394,0.2970783592486007,2024-47-301
11191,0.0,0.25246661922514946,2024-48-301
11192,0.0,0.2331783952541313,2024-49-301
11193,0.7663012468280276,0.29227199203987797,2024-50-301
11194,0.3097426119632087,0.3432646576616689,2024-51-301
11195,0.2461276694463609,0.44472815548896905,2024-52-301
11448,0.2978411191099002,0.275912160415296,2024-1-302
11449,0.3442455474727655,0.760249541794245,2024-2-302
11450,0.1310462263550885,0.5131891114366912,2024-3-302
11451,0.1335538125911567,0.46210688935757527,2024-4-302
11452,0.1481658988749674,0.34809008264375285,2024-5-302
11453,0.1776211008889921,0.33504201494246644,2024-6-302
11454,0.1995712501070594,0.4856439007186232,2024-7-302
11455,0.2100605284647935,0.3208757753519098,2024-8-302
11456,0.2471438999797174,0.26193581889489626,2024-9-302
11457,0.0,0.2470922134902267,2024-10-302
11458,0.6565496387249806,0.4091472329346354,2024-11-302
11459,0.7062442597769192,0.4001744450673572,2024-12-302
11460,2.374231061772542,0.5635573261552906,2024-13-302
11461,0.0,1.4315288105583706,2024-14-302
11462,0.0,1.0411478180038294,2024-15-302
11463,0.0,0.4308004332181652,2024-16-302
11464,0.7820151204446388,0.602453359066858,2024-17-302
11465,0.0,0.3737349213019292,2024-18-302
11466,0.2950036683511862,0.5201012628957429,2024-19-302
11467,0.3013647124442072,0.3007041098485862,2024-20-302
11468,0.0,0.2841366438773032,2024-21-302
11469,0.0,0.17351205288608162,2024-22-302
11470,0.2644493073936023,0.087827573379885,2024-23-302
11471,0.2607739135267862,0.08368892208015488,2024-24-302
11472,0.1065960633601283,0.23594031187360265,2024-25-302
11473,0.0,0.18198898657984797,2024-26-302
11474,0.0,0.30645268326727604,2024-27-302
11475,0.110103061643067,0.11825372028336467,2024-28-302
11476,0.0793618941816215,0.16723983136783793,2024-29-302
11477,0.0844663415247781,0.12018386516328217,2024-30-302
11478,0.0805874943235976,0.1791347404427801,2024-31-302
11479,0.0,-0.03687932340607758,2024-32-302
11480,0.0,0.020176801483567486,2024-33-302
11481,0.0,0.08426323590312079,2024-34-302
11482,0.0,0.25855327719511545,2024-35-302
11483,0.0,0.03826337371174282,2024-36-302
11484,0.0,-0.01595001332649315,2024-37-302
11485,0.0,-0.011260797705933134,2024-38-302
11486,0.0,0.30300957769353776,2024-39-302
11487,0.1883157423348731,0.2694845940730545,2024-40-302
11488,0.1009376506374989,0.17329832477786344,2024-41-302
11489,0.2422643569186438,0.2600860132022781,2024-42-302
11490,0.2878349641586462,0.30819936950230686,2024-43-302
11491,0.2893353594269827,0.14957622976120966,2024-44-302
11492,0.0,0.651129796533791,2024-45-302
11493,0.2251505708988603,0.13426896195068472,2024-46-302
11494,0.6207211906315824,-0.06728019898244608,2024-47-302
11495,0.0,0.5766598346912006,2024-48-302
11496,0.0,0.13521987041405148,2024-49-302
11497,0.0,0.26863808492117147,2024-50-302
11498,0.4108810543726048,0.2278639010145037,2024-51-302
11499,0.0,0.47197701852841745,2024-52-302
11752,0.107183277065342,-0.15652492969528953,2024-1-303
11753,0.2477563620615924,0.363483676481574,2024-2-303
11754,0.0707337007173441,0.05042849766989055,2024-3-303
11755,0.1441691252983108,0.3275279366244953,2024-4-303
11756,0.0799683906469422,0.07616280242531537,2024-5-303
11757,0.0,0.08772281446804786,2024-6-303
11758,0.2154102242753689,0.21899898885172697,2024-7-303
11759,0.2267236966634956,0.15346697777970608,2024-8-303
11760,0.2667389782329029,0.14603202352334455,2024-9-303
11761,0.0,0.11364450972533235,2024-10-303
11762,0.0,0.3251457424427402,2024-11-303
11763,0.1905390179229072,0.015055257862736093,2024-12-303
11764,0.0,0.05030910526814503,2024-13-303
11765,0.0,0.09381591147074331,2024-14-303
11766,0.0,0.12483359627990764,2024-15-303
11767,0.0,-0.10729943922906382,2024-16-303
11768,0.0,0.1675386013162481,2024-17-303
11769,0.2042955044849101,-0.09578093093880247,2024-18-303
11770,0.3182771046063781,0.26802454288552024,2024-19-303
11771,0.3251281194392766,0.18256132792029267,2024-20-303
11772,0.0,0.14842503716034994,2024-21-303
11773,0.092944964562537,0.04870620283117977,2024-22-303
11774,0.1426353065910964,0.11397744939335874,2024-23-303
11775,0.0703238947754959,0.012806237636050044,2024-24-303
11776,0.2874511825680401,0.16513581166772995,2024-25-303
11777,0.1244463125737599,0.21698449517398277,2024-26-303
11778,0.0,0.1301401140717,2024-27-303
11779,0.0,0.15259673776844762,2024-28-303
11780,0.0,0.08747408536176993,2024-29-303
11781,0.0455466314424026,-0.017235212362551433,2024-30-303
11782,0.1303603032736541,0.18747808203428773,2024-31-303
11783,0.166481930321435,-0.06872879690476275,2024-32-303
11784,0.1700741006063622,0.14156968357585797,2024-33-303
11785,0.0395537981793674,0.32459573374637785,2024-34-303
11786,0.1982917243775754,0.23231917382901857,2024-35-303
11787,0.1347626329139012,0.1044747242804337,2024-36-303
11788,0.0,0.1326619889365127,2024-37-303
11789,0.0798099660874438,-0.057976389822730345,2024-38-303
11790,0.2241744325612171,0.1703306475026546,2024-39-303
11791,0.5582911507183971,0.17886905513128715,2024-40-303
11792,0.2176248612130285,0.2527228297964602,2024-41-303
11793,0.0652888094184675,0.2622697746689927,2024-42-303
11794,0.310267770119003,0.24707466410473022,2024-43-303
11795,0.2339051549750499,0.24987770392086783,2024-44-303
11796,0.3742559884671099,0.31435810890775173,2024-45-303
11797,0.485341999886322,0.33556375671917105,2024-46-303
11798,0.3344993751478926,0.40141037436528315,2024-47-303
11799,0.1184891731560086,0.36820799399191584,2024-48-303
11800,0.709098300944817,0.21275120551988425,2024-49-303
11801,1.095457253017534,0.5458941872866011,2024-50-303
11802,0.6641585370458393,0.5751891066880546,2024-51-303
11803,0.0,0.7143565234393416,2024-52-303
12056,3.077176735390932,2.646006394558018,2024-1-304
12057,4.001575297696687,3.2055505434043567,2024-2-304
12058,1.5234546643427789,3.139949299997139,2024-3-304
12059,2.5879293082190866,2.5723430658183144,2024-4-304
12060,1.1485415824508058,2.5477230380606617,2024-5-304
12061,0.6885022725181278,1.9634039594310737,2024-6-304
12062,1.547323590515023,1.5399664833897768,2024-7-304
12063,3.2576166133246414,1.4647377694163808,2024-8-304
12064,4.791348698365718,2.0332195456793594,2024-9-304
12065,5.6573223311330825,3.133401332318729,2024-10-304
12066,2.546186138174231,4.471873117742315,2024-11-304
12067,9.587114403782811,3.5505815393918763,2024-12-304
12068,9.209377355956187,5.869257020700137,2024-13-304
12069,6.600445985903787,7.336264588149812,2024-14-304
12070,1.516800509942564,6.848944433023405,2024-15-304
12071,12.192979147794423,4.468493512555664,2024-16-304
12072,12.13813132658024,7.475416531326423,2024-17-304
12073,8.817901925224879,9.023828201122935,2024-18-304
12074,14.884428351162873,8.798408036678772,2024-19-304
12075,7.018549866628883,11.291462453742957,2024-20-304
12076,8.092876228090343,9.135711235142555,2024-21-304
12077,9.365735632475042,8.101722809660405,2024-22-304
12078,6.160620753022735,8.419852193039462,2024-23-304
12079,7.594488826836913,6.708255332796273,2024-24-304
12080,8.693125501322514,6.955140538036027,2024-25-304
12081,4.9290754462361,7.331830370692963,2024-26-304
12082,8.001140144853244,6.03145350949143,2024-27-304
12083,6.415507415210222,6.5708262690681005,2024-28-304
12084,9.866056997902952,6.2910146626397,2024-29-304
12085,8.532570980246577,7.326459263603276,2024-30-304
12086,5.949567450164508,7.817504568204494,2024-31-304
12087,10.798779660511606,6.548206504582904,2024-32-304
12088,9.194368293679252,8.20288034237974,2024-33-304
12089,10.835566455676892,8.459063385587104,2024-34-304
12090,11.437517870892526,9.152306643102538,2024-35-304
12091,7.774170497231602,9.866207500688448,2024-36-304
12092,5.443469684314296,8.553501945962712,2024-37-304
12093,3.741793531886457,6.80815877258896,2024-38-304
12094,6.468636997377915,5.263985137228741,2024-39-304
12095,3.295601179670296,5.207324012196401,2024-40-304
12096,3.9258162379477226,4.075747432390196,2024-41-304
12097,4.711699327495479,3.7102966768471832,2024-42-304
12098,6.718218206421292,4.129248883002487,2024-43-304
12099,2.81411664219919,4.874431379275082,2024-44-304
12100,2.026473538321322,4.122727875015462,2024-45-304
12101,2.62831501759705,3.1851854286443437,2024-46-304
12102,2.415577353672803,2.931565046685358,2024-47-304
12103,0.0,2.397527700611895,2024-48-304
12104,0.0,1.2870701310192967,2024-49-304
12105,0.0,0.8977935602804183,2024-50-304
12106,3.199157096357917,0.3355972058031479,2024-51-304
12107,2.542354141787415,1.4728552130575536,2024-52-304
12360,2.379440654359424,5.877557639312009,2024-1-305
12361,3.463595446320222,4.872209447759893,2024-2-305
12362,3.1415422401364705,3.7600095694027713,2024-3-305
12363,3.320644600768984,3.590720786693235,2024-4-305
12364,3.026478738471496,2.9547616094232243,2024-5-305
12365,2.366468919530836,2.998940330103025,2024-6-305
12366,1.772827274121654,2.799859991819235,2024-7-305
12367,4.665587821205598,2.1803305524577326,2024-8-305
12368,5.050717738420291,3.070087519655474,2024-9-305
12369,5.704429247980537,3.8070690337428177,2024-10-305
12370,6.126876932239449,4.794969607331662,2024-11-305
12371,5.963679441425707,5.212935414281259,2024-12-305
12372,11.81953060374587,5.434799013769473,2024-13-305
12373,7.86628493595434,8.032676946445267,2024-14-305
12374,7.648130881131687,8.02503637934659,2024-15-305
12375,8.733234757871392,7.452531040962675,2024-16-305
12376,7.650871823724055,8.168756782904794,2024-17-305
12377,9.432125387905,7.270566477804325,2024-18-305
12378,10.235334872714173,8.054138284367694,2024-19-305
12379,5.899002558146033,8.692449745430876,2024-20-305
12380,7.008259816274139,7.199142788098542,2024-21-305
12381,5.060690901643508,6.8125162609532595,2024-22-305
12382,5.296011042218831,5.905024135573375,2024-23-305
12383,5.339116381211649,4.998191058850233,2024-24-305
12384,6.643089314313445,5.0884756075345265,2024-25-305
12385,5.85563722892971,5.408688051030295,2024-26-305
12386,6.624164923953034,5.510677714221003,2024-27-305
12387,7.844766642028175,5.781004379857248,2024-28-305
12388,12.865515831590574,6.468469611571934,2024-29-305
12389,12.866983122958978,8.878254819772366,2024-30-305
12390,15.149566050504744,10.60963711326826,2024-31-305
12391,15.88846690337631,12.012257746950665,2024-32-305
12392,15.250008999151884,13.479552486545174,2024-33-305
12393,11.76961197315376,13.90400620437071,2024-34-305
12394,10.425632891120834,12.612018101778459,2024-35-305
12395,9.656763074433847,10.999313596915053,2024-36-305
12396,7.073930299917866,9.775654338231263,2024-37-305
12397,5.544788087783277,7.927523428290572,2024-38-305
12398,6.008262550961017,6.636834824485569,2024-39-305
12399,6.97048878097689,5.914923980143492,2024-40-305
12400,4.772113224974084,5.821248829352573,2024-41-305
12401,4.322692743447014,5.177455560589948,2024-42-305
12402,5.136432247350674,4.636214773236011,2024-43-305
12403,4.2601672623237405,4.499980071178835,2024-44-305
12404,1.859317077170068,4.181496336940782,2024-45-305
12405,5.42605718416126,3.2067614516014764,2024-46-305
12406,3.69407784509879,3.757647341227843,2024-47-305
12407,1.766820553364336,3.7200518093774573,2024-48-305
12408,1.175024663407835,2.7752101421272313,2024-49-305
12409,2.334262620302322,2.219282710652844,2024-50-305
12410,2.9357534232521982,2.0325587205469353,2024-51-305
12411,0.5832731491621259,2.3116388366319747,2024-52-305
12664,0.0,-0.1392588087699418,2024-1-306
12665,0.4639336585816576,0.4138345869705685,2024-2-306
12666,0.0,0.15898811857650885,2024-3-306
12667,0.0,0.3846297753594403,2024-4-306
12668,0.0,0.13933364577566876,2024-5-306
12669,0.0,0.17674451364636745,2024-6-306
12670,0.0,0.29761901097803434,2024-7-306
12671,0.0,0.16808167666313534,2024-8-306
12672,0.0,0.12509923910119936,2024-9-306
12673,0.0,0.06698847682440334,2024-10-306
12674,0.0,0.3387854967633114,2024-11-306
12675,0.0,0.07787733053127766,2024-12-306
12676,0.0,0.038279449367235596,2024-13-306
12677,0.0,0.1899574404724098,2024-14-306
12678,0.0,0.22777760908380984,2024-15-306
12679,0.0,0.012272155954963448,2024-16-306
12680,0.0,0.2973838989122467,2024-17-306
12681,0.0,0.033325807406309194,2024-18-306
12682,0.0,0.2988745882341488,2024-19-306
12683,0.0,0.11625467069453788,2024-20-306
12684,0.0,0.07515734075066938,2024-21-306
12685,0.0,0.03224635951579202,2024-22-306
12686,0.0,0.1174521297739356,2024-23-306
12687,0.0,-0.0315419483108661,2024-24-306
12688,0.4311834089725926,0.17823628194448982,2024-25-306
12689,0.0,0.26017316012777747,2024-26-306
12690,0.0,0.17640262800360895,2024-27-306
12691,0.0,0.1668943928025607,2024-28-306
12692,0.0,0.0898095734118115,2024-29-306
12693,0.0,0.04867100238567135,2024-30-306
12694,0.0,0.18699048928850692,2024-31-306
12695,0.0,-0.025175808433257618,2024-32-306
12696,0.0,0.09111807026532515,2024-33-306
12697,0.0,0.19989336624021825,2024-34-306
12698,0.0,0.2836506666338203,2024-35-306
12699,0.0,0.07361775792852776,2024-36-306
12700,0.0,0.05751662685432124,2024-37-306
12701,0.0,-0.011683207196082623,2024-38-306
12702,0.0,0.21934740227860716,2024-39-306
12703,0.0,0.17302204957890344,2024-40-306
12704,0.0,0.0414280178560702,2024-41-306
12705,0.0,0.08904569168619303,2024-42-306
12706,0.0,0.15539618678930434,2024-43-306
12707,0.0,0.03885768666773903,2024-44-306
12708,0.0,0.1257091754948242,2024-45-306
12709,0.9111263116053264,0.2476376067881032,2024-46-306
12710,0.0,0.49897415115359744,2024-47-306
12711,0.0,0.2001130676746663,2024-48-306
12712,0.0,0.2156128454727414,2024-49-306
12713,0.0,0.3062140973971734,2024-50-306
12714,0.0,0.038363429560270834,2024-51-306
12715,0.0,0.16819297874430772,2024-52-306
12968,0.0,-0.1668917966484249,2024-1-307
12969,0.0,0.3640996078771297,2024-2-307
12970,0.1650279853597524,-0.06802143384225712,2024-3-307
12971,0.168187258318212,0.2742481003539716,2024-4-307
12972,0.0,0.13798764620166704,2024-5-307
12973,0.0,0.15227867447816967,2024-6-307
12974,0.0,0.25006024325971055,2024-7-307
12975,0.0,0.14756392405038576,2024-8-307
12976,0.0,0.08496439964542124,2024-9-307
12977,0.0,0.040881499774497954,2024-10-307
12978,0.0,0.32044982771091846,2024-11-307
12979,0.0,0.01080601191396946,2024-12-307
12980,0.0,-0.018909416288209968,2024-13-307
12981,0.0,0.12449272082956608,2024-14-307
12982,0.0,0.1985430705806719,2024-15-307
12983,0.0,-0.05452068328935611,2024-16-307
12984,0.0,0.23876433732344837,2024-17-307
12985,0.0,-0.09527460878798433,2024-18-307
12986,0.0,0.1437565807344835,2024-19-307
12987,0.0,0.036238379577835156,2024-20-307
12988,0.2917523216253876,-0.08934427958701407,2024-21-307
12989,0.0,0.1734479174884893,2024-22-307
12990,0.0,0.1452606014716289,2024-23-307
12991,0.0,-0.1011118950296841,2024-24-307
12992,0.0,0.14534693970999635,2024-25-307
12993,0.1453227279032229,0.1267275596242593,2024-26-307
12994,0.0,0.16733904808319588,2024-27-307
12995,0.0,0.11087362350125596,2024-28-307
12996,0.0999635710923563,-0.00836195674277218,2024-29-307
12997,0.2127879986255062,0.016838246339787366,2024-30-307
12998,0.0,0.19301468523226584,2024-31-307
12999,0.0972316493662208,-0.17239599173844034,2024-32-307
13000,0.0,-0.0002543091582827284,2024-33-307
13001,0.0,0.10559696351843195,2024-34-307
13002,0.0,0.16885251611477736,2024-35-307
13003,0.0,-0.062255747788787286,2024-36-307
13004,0.0,-0.0145969041122469,2024-37-307
13005,0.0,-0.0767925221877106,2024-38-307
13006,0.0,0.11949605134335561,2024-39-307
13007,0.0,0.08913572241444512,2024-40-307
13008,0.1271532489028257,-0.009757475306592767,2024-41-307
13009,0.0,0.01560721636200646,2024-42-307
13010,0.0,0.06631296097537365,2024-43-307
13011,0.0,0.07801385015457185,2024-44-307
13012,0.0,0.1606732245320477,2024-45-307
13013,0.0,0.3059129330503578,2024-46-307
13014,0.0,0.29818674816385593,2024-47-307
13015,0.277010510623432,0.19972477146479617,2024-48-307
13016,0.0,0.37816575958758836,2024-49-307
13017,0.0,0.3646832464851715,2024-50-307
13018,0.0,0.027111121135299454,2024-51-307
13019,0.0,0.11685128915241882,2024-52-307
13272,0.0,-0.09901866892968059,2024-1-308
13273,0.0,0.33094842340778596,2024-2-308
13274,0.0,-0.052045234230745585,2024-3-308
13275,0.5445664555014427,0.262394163868814,2024-4-308
13276,0.0,0.2717808883016106,2024-5-308
13277,0.0,0.19623640489191674,2024-6-308
13278,0.0,0.2980402277533801,2024-7-308
13279,0.0,0.09290488932174268,2024-8-308
13280,0.0,0.020566394709466973,2024-9-308
13281,0.0,-0.032099003182182395,2024-10-308
13282,0.0,0.2395260907009804,2024-11-308
13283,0.0,0.016616260698668395,2024-12-308
13284,0.0,-0.00013956369967771387,2024-13-308
13285,0.46250913263287,0.1171139413950274,2024-14-308
13286,0.531376671469072,0.36057224498977625,2024-15-308
13287,0.0,0.2997174088860709,2024-16-308
13288,0.0,0.4336885060679484,2024-17-308
13289,0.0,0.06311537569550318,2024-18-308
13290,0.4009504989862856,0.2754148238275741,2024-19-308
13291,0.0,0.18912560001292467,2024-20-308
13292,0.0,0.10688992537960496,2024-21-308
13293,0.0,0.09453618135983122,2024-22-308
13294,0.0,0.09157896366387774,2024-23-308
13295,0.0,-0.07978805281832924,2024-24-308
13296,0.0,0.054337332622268475,2024-25-308
13297,0.0,0.07014328694031824,2024-26-308
13298,0.155538527965675,-0.032769999556277796,2024-27-308
13299,0.149642905639475,-0.04601360553170686,2024-28-308
13300,0.5393091565883635,0.14271688472178434,2024-29-308
13301,0.4591963932504749,0.21781249154529392,2024-30-308
13302,0.2190541419090807,0.38622310323750064,2024-31-308
13303,0.2098213241620626,0.1311247735629829,2024-32-308
13304,0.0,0.2928087011709628,2024-33-308
13305,0.0,0.3076546759866743,2024-34-308
13306,0.0,0.22971194597214484,2024-35-308
13307,0.113245598399098,0.04122036060335321,2024-36-308
13308,0.0,0.01186058344035934,2024-37-308
13309,0.0,-0.06019834233867383,2024-38-308
13310,0.0,0.10166803730232532,2024-39-308
13311,0.255936192522765,0.046213350251148366,2024-40-308
13312,0.0,0.04174084282972412,2024-41-308
13313,0.0,0.1104124969629473,2024-42-308
13314,0.0,0.09423288470116398,2024-43-308
13315,0.1966132176922759,-0.01636935956482355,2024-44-308
13316,0.0,0.2739916720193155,2024-45-308
13317,0.9179807216291266,0.23973724428333765,2024-46-308
13318,1.1247955552802875,0.4798294736652645,2024-47-308
13319,0.0,0.7966083069038683,2024-48-308
13320,0.7153790518581482,0.47849371629841353,2024-49-308
13321,0.7894275705171301,0.6574465789026007,2024-50-308
13322,1.1168131374507924,0.6054865852081894,2024-51-308
13323,1.7748789905200908,0.8202199786921024,2024-52-308
13576,0.293288926823101,0.32914633460212295,2024-1-401
13577,0.3873840924998559,0.6148263555749891,2024-2-401
13578,0.4423741316629832,0.2589150402620197,2024-3-401
13579,0.2254041986309752,0.4248323150826159,2024-4-401
13580,0.1250243148831546,0.4010990198675288,2024-5-401
13581,0.5245408770062383,0.4189790650766929,2024-6-401
13582,0.0841889777596841,0.4842847270881441,2024-7-401
13583,1.2405100039344237,0.2722688715204492,2024-8-401
13584,0.0,0.8507637971222073,2024-9-401
13585,0.2461271523113652,0.4045714402087781,2024-10-401
13586,0.0,0.5388743385720923,2024-11-401
13587,0.0,0.25968391931071455,2024-12-401
13588,0.4004639674778743,0.053864265739020034,2024-13-401
13589,0.0,0.38427730051175557,2024-14-401
13590,0.1648382747753652,0.0697330881811642,2024-15-401
13591,0.0,0.5932797137386983,2024-16-401
13592,0.0,0.24611430653676458,2024-17-401
13593,0.0,0.10084470450803529,2024-18-401
13594,0.0,0.12867698830325802,2024-19-401
13595,0.0,-0.1572971546480919,2024-20-401
13596,0.4881230759951189,0.16449070260978327,2024-21-401
13597,0.0,0.303508361998613,2024-22-401
13598,0.1114368077203974,0.6651621173115063,2024-23-401
13599,0.0549402942204024,0.17311512701054155,2024-24-401
13600,0.0449126423167983,0.2150365205005067,2024-25-401
13601,0.0972171739435785,0.01096728100238975,2024-26-401
13602,0.1446337185848435,0.041783658796153755,2024-27-401
13603,0.0463807098075442,0.0975610491529928,2024-28-401
13604,0.1337149570620214,0.008265500860196395,2024-29-401
13605,0.1067291115622677,0.10855925960403379,2024-30-401
13606,0.0,0.047776842169761524,2024-31-401
13607,0.1625379272446097,0.03390846224041666,2024-32-401
13608,0.1328317519125784,0.2215969936563792,2024-33-401
13609,0.1235657248288838,0.13069028604160338,2024-34-401
13610,0.0,0.08338955798348202,2024-35-401
13611,0.4209704008456544,-0.02699471457454794,2024-36-401
13612,0.2292226821588916,0.27114267197508235,2024-37-401
13613,0.2492937876416404,0.28104757742966424,2024-38-401
13614,0.1050310724803196,0.2120953745940214,2024-39-401
13615,0.3170477323187772,-0.016508872727854618,2024-40-401
13616,0.1699265538528804,0.2246493935775895,2024-41-401
13617,0.3058643651088198,0.08639950316440215,2024-42-401
13618,0.3028110386917281,0.08141678709826206,2024-43-401
13619,0.3652422080801795,-0.09191477782410251,2024-44-401
13620,0.1460952450678129,-0.032607719949459435,2024-45-401
13621,0.5683588197177201,-0.031472553276627124,2024-46-401
13622,0.1740899394797439,-0.05074846549274836,2024-47-401
13623,0.2774953448622821,0.1405255023129106,2024-48-401
13624,0.6642470398546112,0.37569046928507155,2024-49-401
13625,0.4886360272907913,0.6244785730130324,2024-50-401
13626,0.5184251012643525,0.326926235738378,2024-51-401
13627,0.0,0.5487102200661158,2024-52-401
13880,0.2523240380682604,0.24620737517532887,2024-1-402
13881,0.1458023509005006,0.5221738829019003,2024-2-402
13882,0.166492317424938,0.174883786365713,2024-3-402
13883,0.1696595102267638,0.303982053098944,2024-4-402
13884,0.1882012173686375,0.25916991426768543,2024-5-402
13885,0.4511811856855749,0.31036899322915745,2024-6-402
13886,0.7603226539069035,0.3877711765512055,2024-7-402
13887,0.2667321907450362,0.5860321411868228,2024-8-402
13888,0.3137857118028849,0.5803585333243539,2024-9-402
13889,0.370421561026417,0.32647891920222116,2024-10-402
13890,0.0,0.5952685575365275,2024-11-402
13891,0.0,0.280668525369521,2024-12-402
13892,0.0,0.10258089599490772,2024-13-402
13893,0.0,0.22791245684699912,2024-14-402
13894,0.0,0.014260392095882368,2024-15-402
13895,0.0,0.4488363206201703,2024-16-402
13896,0.0,0.16795156693628466,2024-17-402
13897,0.0,0.10675768544897368,2024-18-402
13898,0.0,0.13403232819955824,2024-19-402
13899,0.0,-0.19598787066485812,2024-20-402
13900,0.0,0.10151669951360165,2024-21-402
13901,0.0,0.047303468998016296,2024-22-402
13902,0.3352423132749193,0.49847378861121283,2024-23-402
13903,0.0,0.2908158860668365,2024-24-402
13904,0.0,0.24290664296315578,2024-25-402
13905,0.0,0.0725624022473399,2024-26-402
13906,0.1450125834559977,0.14534373496586517,2024-27-402
13907,0.0,0.16006766209782697,2024-28-402
13908,0.0,0.053395361333547386,2024-29-402
13909,0.3209854892874918,0.06624283224479144,2024-30-402
13910,0.1020703995550683,0.01977031156655462,2024-31-402
13911,0.0977576271299733,0.12184601251333982,2024-32-402
13912,0.399438169638926,0.26522684887071735,2024-33-402
13913,0.0,0.2861412246771279,2024-34-402
13914,0.0931282983715027,0.10665767088150369,2024-35-402
13915,0.1054783136056436,0.04311139944236553,2024-36-402
13916,0.0,0.1956529959907649,2024-37-402
13917,0.2810600231416503,0.1187077289425551,2024-38-402
13918,0.0,0.12300295269502659,2024-39-402
13919,0.0,-0.03647305168220161,2024-40-402
13920,0.127703525001354,0.12394836923047281,2024-41-402
13921,0.0,0.06931846048415702,2024-42-402
13922,0.1820400158178112,0.05321369300937917,2024-43-402
13923,0.1829686366954815,-0.24651077982591096,2024-44-402
13924,0.0,-0.07662680016541179,2024-45-402
13925,0.0,-0.11190395244725493,2024-46-402
13926,0.0,-0.13625805318091522,2024-47-402
13927,0.0,0.18105691727527284,2024-48-402
13928,0.0,0.022344010769052014,2024-49-402
13929,0.0,0.32980879208290315,2024-50-402
13930,0.0,-0.1975937172164679,2024-51-402
13931,0.0,-0.1324182174032822,2024-52-402
14184,0.2450133539494697,0.06420740168838157,2024-1-403
14185,0.283175405219389,0.3805287846619584,2024-2-403
14186,0.3233814278104431,0.12631402879169606,2024-3-403
14187,0.6591115842897158,0.357547742409567,2024-4-403
14188,0.1827986690640343,0.45682569637360726,2024-5-403
14189,0.2191297966227825,0.39417162837263,2024-6-403
14190,0.0,0.35371248951257994,2024-7-403
14191,0.0,0.16864353502059104,2024-8-403
14192,0.0,0.12466814768673584,2024-9-403
14193,0.3599117524737072,-0.10720222589500628,2024-10-403
14194,0.4049067645487575,0.27721652390680074,2024-11-403
14195,0.0,0.2980446880449751,2024-12-403
14196,0.5856453383652839,0.13385270777458447,2024-13-403
14197,0.0,0.43090513019851007,2024-14-403
14198,0.0,0.12312073968438397,2024-15-403
14199,0.0,0.47229307797391207,2024-16-403
14200,0.0,0.16233519101437677,2024-17-403
14201,0.0,0.05282104964285672,2024-18-403
14202,0.0,0.05944943176768458,2024-19-403
14203,0.0,-0.22482584331896804,2024-20-403
14204,0.0,0.05814518765538823,2024-21-403
14205,0.2124449385208943,-0.028445972123125607,2024-22-403
14206,0.0,0.5205504935798139,2024-23-403
14207,0.0,0.14210527149724106,2024-24-403
14208,0.0,0.0991379789040232,2024-25-403
14209,0.0,-0.014775623692002027,2024-26-403
14210,0.4231881899268142,0.1013233709651381,2024-27-403
14211,0.1357106153621375,0.26691207387249793,2024-28-403
14212,0.2934473021970765,0.12842345743288353,2024-29-403
14213,0.0,0.2750125724680108,2024-30-403
14214,0.1986366267450579,0.10120325849532408,2024-31-403
14215,0.1902571038031703,0.17264765959548545,2024-32-403
14216,0.1943616189063186,0.3596865140004498,2024-33-403
14217,0.0904042942479283,0.2641526460828041,2024-34-403
14218,0.5438576591976946,0.20513774147812514,2024-35-403
14219,0.410682488081403,0.23457700181926855,2024-36-403
14220,0.0,0.5124389595279559,2024-37-403
14221,0.0,0.29522580357489403,2024-38-403
14222,0.1024730534734373,0.10363393213759808,2024-39-403
14223,0.0,-0.037721644886967054,2024-40-403
14224,0.0,0.039826827910273144,2024-41-403
14225,0.0,0.039495770672900665,2024-42-403
14226,0.3545638579484375,0.011766884079492668,2024-43-403
14227,0.0,-0.14860167552709225,2024-44-403
14228,0.0,-0.006620249900253672,2024-45-403
14229,0.0,0.08241889884394138,2024-46-403
14230,0.2548332236596439,0.0009356827079882724,2024-47-403
14231,0.270806578803942,0.2163612305278464,2024-48-403
14232,0.0,0.3173856117985864,2024-49-403
14233,0.7153276834230969,0.29719290472768045,2024-50-403
14234,0.5059722480902455,0.2235979467482243,2024-51-403
14235,0.0,0.5141805072112953,2024-52-403
14488,0.2730611607537409,0.1928734725547716,2024-1-404
14489,0.7889296821746956,0.5133307746141973,2024-2-404
14490,0.7207097764382212,0.4465773168095539,2024-3-404
14491,0.9180300445911986,0.7012226871367928,2024-4-404
14492,0.4073460997376016,0.7945606139603396,2024-5-404
14493,0.7324126469653072,0.7247853007377094,2024-6-404
14494,1.0971164256201895,0.7095753525548465,2024-7-404
14495,0.8659946148734139,0.8952374135759067,2024-8-404
14496,0.6791787954736141,0.9682580093835158,2024-9-404
14497,0.0,0.6977321130136653,2024-10-404
14498,0.4509738030122285,0.6421407948060267,2024-11-404
14499,0.970115506969842,0.4692303225996749,2024-12-404
14500,0.0,0.6008291844999554,2024-13-404
14501,0.0,0.49628771810277306,2024-14-404
14502,0.5368702834720727,0.17515269204435702,2024-15-404
14503,0.0,0.7578430838624175,2024-16-404
14504,0.0,0.3049731363811935,2024-17-404
14505,0.5198670813517243,0.1748274748005657,2024-18-404
14506,0.0,0.39198512733130675,2024-19-404
14507,0.413617997852873,-0.07441181782883177,2024-20-404
14508,0.0,0.3386324561432077,2024-21-404
14509,0.0,0.20965902824185312,2024-22-404
14510,0.1814195413427097,0.541133321843637,2024-23-404
14511,0.1788795359538382,0.25559512149152164,2024-24-404
14512,0.0,0.29333642935446635,2024-25-404
14513,0.0,0.13868030530366848,2024-26-404
14514,0.15695309424124,0.17168273869857142,2024-27-404
14515,0.3019759152446409,0.17039306258912856,2024-28-404
14516,0.2176397673462328,0.16915530481662844,2024-29-404
14517,0.1158065818039084,0.27546062774253777,2024-30-404
14518,0.1104766628086707,0.05706915668851198,2024-31-404
14519,0.1058090992471679,0.13159280365763704,2024-32-404
14520,0.1080845380481788,0.26058679505435756,2024-33-404
14521,0.3016228972767202,0.15021611406157798,2024-34-404
14522,0.3023988856542567,0.16820010458585555,2024-35-404
14523,0.1141673902066455,0.170951691919917,2024-36-404
14524,0.1065650229781565,0.25946597864915,2024-37-404
14525,0.1014051427643076,0.21992558755162694,2024-38-404
14526,0.3417745301084109,0.10315969225586241,2024-39-404
14527,0.1289555227765752,0.06835660870125926,2024-40-404
14528,0.2764521221566355,0.243250671310977,2024-41-404
14529,0.6634522832823931,0.2090350699978567,2024-42-404
14530,0.1970412567598127,0.4092699259789436,2024-43-404
14531,0.1980471441427469,-0.06377863545952489,2024-44-404
14532,0.0,0.024593317883874866,2024-45-404
14533,0.6163211142697543,-0.00977600167184045,2024-46-404
14534,0.5663211604800861,0.22042613824399127,2024-47-404
14535,1.203557865757865,0.5884364295614475,2024-48-404
14536,0.0,0.7008447435888798,2024-49-404
14537,0.7946847566800319,0.7715300584689024,2024-50-404
14538,0.5620663624427061,0.4038748553893031,2024-51-404
14539,0.0,0.4608889986306147,2024-52-404
14792,0.0,0.134384058906175,2024-1-405
14793,0.3758361252023526,0.35470322124420417,2024-2-405
14794,1.144473162024663,0.1316114712370129,2024-3-405
14795,0.0,0.6964561297736147,2024-4-405
14796,0.4851571949853728,0.4357568319537264,2024-5-405
14797,0.1938511840140596,0.521971892693968,2024-6-405
14798,0.0,0.4242045529320113,2024-7-405
14799,0.2292135325936103,0.1783004152387878,2024-8-405
14800,0.2696538701443588,0.2998946406541103,2024-9-405
14801,0.0,0.1189174112712108,2024-10-405
14802,0.0,0.29906800395331257,2024-11-405
14803,0.0,0.12368269605258297,2024-12-405
14804,0.0,0.025351905026216093,2024-13-405
14805,0.0,0.1527918177378047,2024-14-405
14806,0.0,-0.018656594823801553,2024-15-405
14807,0.0,0.42016169319564733,2024-16-405
14808,0.0,0.13414439216900265,2024-17-405
14809,0.0,0.08073545832133666,2024-18-405
14810,0.0,0.08279982495572424,2024-19-405
14811,0.0,-0.19205142558872246,2024-20-405
14812,0.0,0.0744060473665108,2024-21-405
14813,0.0,0.017916466092135375,2024-22-405
14814,0.1440865516491616,0.503068524901247,2024-23-405
14815,0.0,0.2535100235941812,2024-24-405
14816,0.0,0.20803740537158855,2024-25-405
14817,0.0,0.11166989216981715,2024-26-405
14818,0.0,0.25913892075026923,2024-27-405
14819,0.0,0.13925804794087893,2024-28-405
14820,0.0,0.04271309068163509,2024-29-405
14821,0.0,0.15655961851190148,2024-30-405
14822,0.0,-0.020261178238832223,2024-31-405
14823,0.0,0.0671818057180189,2024-32-405
14824,0.0,0.17102785476901694,2024-33-405
14825,0.0,0.08279530974075022,2024-34-405
14826,0.0,0.06935086494951759,2024-35-405
14827,0.0,-0.08096266105438321,2024-36-405
14828,0.0,0.1193584775390657,2024-37-405
14829,0.0,0.08664954660683355,2024-38-405
14830,0.0,0.009754939932593354,2024-39-405
14831,0.0,-0.1343157147176357,2024-40-405
14832,0.1098125588602955,0.04729819362050525,2024-41-405
14833,0.0,0.15336627856807872,2024-42-405
14834,0.0,0.0656255354437405,2024-43-405
14835,0.0,-0.28953879502070423,2024-44-405
14836,0.0,-0.14710976088395622,2024-45-405
14837,0.0,0.07191827703933218,2024-46-405
14838,0.0,0.1207158579677059,2024-47-405
14839,0.0,0.09086547682435786,2024-48-405
14840,0.0,0.2535640764993752,2024-49-405
14841,0.0,0.2940135856166751,2024-50-405
14842,0.0,-0.016560413880325253,2024-51-405
14843,0.0,0.1654285603559147,2024-52-405
15096,0.2611745346331498,0.10597480449578511,2024-1-406
15097,0.0,0.4683197848856072,2024-2-406
15098,0.0,0.06717721891957407,2024-3-406
15099,0.0,0.13074417373435965,2024-4-406
15100,0.0,0.10533528721818508,2024-5-406
15101,0.0,0.1347465660681082,2024-6-406
15102,0.5248475940324098,0.12441098649731974,2024-7-406
15103,0.0,0.24473899649754838,2024-8-406
15104,0.0,0.2728676794070649,2024-9-406
15105,0.0,-0.005095769307491782,2024-10-406
15106,0.0,0.21299553762953927,2024-11-406
15107,0.0,0.06881440546360862,2024-12-406
15108,0.0,-0.0012168338566012071,2024-13-406
15109,0.0,0.1534697935135877,2024-14-406
15110,0.0,-0.010401757695962965,2024-15-406
15111,0.0,0.420448844627224,2024-16-406
15112,0.0,0.1280051342080254,2024-17-406
15113,0.0,0.05567155631421605,2024-18-406
15114,0.0,0.10157988558667141,2024-19-406
15115,0.0,-0.22417193853103368,2024-20-406
15116,0.0,0.04518912755776694,2024-21-406
15117,0.0,-0.009795718168096323,2024-22-406
15118,0.0,0.39664581506589114,2024-23-406
15119,0.3426064108595119,0.11949582571685102,2024-24-406
15120,0.0,0.21887038753642363,2024-25-406
15121,0.0,0.056548773745087155,2024-26-406
15122,0.6013194622439928,0.16781675870067414,2024-27-406
15123,0.0,0.3932809597172001,2024-28-406
15124,0.0,0.11093887022915072,2024-29-406
15125,0.0,0.1819250265829605,2024-30-406
15126,0.2116766626193706,0.029693916407100396,2024-31-406
15127,0.0,0.08464483051690985,2024-32-406
15128,0.4142328039692634,0.17258504796853358,2024-33-406
15129,0.0,0.25449075889965456,2024-34-406
15130,0.0,0.14538244620583718,2024-35-406
15131,0.2188092541460019,-0.06950322971700928,2024-36-406
15132,0.0,0.23916742525624246,2024-37-406
15133,0.0,0.1528488671678273,2024-38-406
15134,0.0,0.0928944940132238,2024-39-406
15135,0.0,-0.08629893409891976,2024-40-406
15136,0.0,0.08561936124957958,2024-41-406
15137,0.0,0.104060489102492,2024-42-406
15138,0.0,0.009969638108909162,2024-43-406
15139,0.0,-0.1978473374015064,2024-44-406
15140,0.0,-0.07111200906185089,2024-45-406
15141,0.0,0.19019151803521483,2024-46-406
15142,0.0,0.13697207162840896,2024-47-406
15143,0.0,0.16692009503028316,2024-48-406
15144,0.0,0.2769061813097923,2024-49-406
15145,0.7621264234963612,0.2751383071023271,2024-50-406
15146,0.0,0.21316256788454113,2024-51-406
15147,0.0,0.23560251014083478,2024-52-406
15400,1.3867432437410905,0.32597177114725906,2024-1-407
15401,0.8013729108051297,0.9618440064114512,2024-2-407
15402,0.6101066533043001,0.6685580871708621,2024-3-407
15403,1.2435190703364818,0.7504012737729227,2024-4-407
15404,1.3795242646616368,0.9345508067563562,2024-5-407
15405,0.8268573128978434,1.1069403371591104,2024-6-407
15406,0.464503429368782,0.9803916011983044,2024-7-407
15407,0.4889003307693119,0.7135552367156237,2024-8-407
15408,0.5751891768556685,0.6274460340021857,2024-9-407
15409,0.6790573167849019,0.350739764095935,2024-10-407
15410,0.7639558344425118,0.6543393286875467,2024-11-407
15411,0.0,0.6264023307289235,2024-12-407
15412,0.0,0.31395567401417623,2024-13-407
15413,1.5836862222629706,0.25528583077440015,2024-14-407
15414,0.9097182881627603,0.6454609492706187,2024-15-407
15415,0.0,1.175150330080179,2024-16-407
15416,0.9097571944619312,0.5385982573640548,2024-17-407
15417,0.0,0.6760633903721981,2024-18-407
15418,0.0,0.3988172417475605,2024-19-407
15419,0.0,-0.06413912700822832,2024-20-407
15420,0.0,0.15002346398801691,2024-21-407
15421,0.0,0.009643348186291423,2024-22-407
15422,0.0,0.4428923599409409,2024-23-407
15423,0.3032977537572553,0.06404819524886585,2024-24-407
15424,0.4958966476492391,0.1743586733180873,2024-25-407
15425,1.0734452845251374,0.2539064291572435,2024-26-407
15426,1.0647067202575784,0.6817966039002379,2024-27-407
15427,1.2803947375701703,0.9327073067336576,2024-28-407
15428,0.1845743125141908,0.9787535665128063,2024-29-407
15429,0.58931694560377,0.7086269263434324,2024-30-407
15430,0.5622347124342205,0.49879850325948094,2024-31-407
15431,0.7180261769731161,0.45970725083159814,2024-32-407
15432,0.1833801179332774,0.7021242781488448,2024-33-407
15433,1.7059375567233306,0.4509697552016878,2024-34-407
15434,0.5131350235736353,0.9187347351013289,2024-35-407
15435,0.5812275431723941,0.6909971562444257,2024-36-407
15436,0.5425630020116576,0.7525784232522916,2024-37-407
15437,0.8605489822430455,0.6422153522864111,2024-38-407
15438,0.0,0.606321072344558,2024-39-407
15439,0.6567038081863373,0.17286225662998267,2024-40-407
15440,0.7039646832641876,0.395312346071917,2024-41-407
15441,0.5631845420672295,0.4984719873202743,2024-42-407
15442,1.0036465338586744,0.4728265844599222,2024-43-407
15443,1.0088428822156794,0.49541354849989405,2024-44-407
15444,1.2106389495508505,0.7465565637142081,2024-45-407
15445,2.0933091677565745,0.9934132585195344,2024-46-407
15446,0.0,1.4297000003299993,2024-47-407
15447,0.5110529829656124,0.9754359367817226,2024-48-407
15448,0.0,0.8806937213688252,2024-49-407
15449,1.3499460346405625,0.6054208635977651,2024-50-407
15450,1.9097230757851504,0.5117145872003709,2024-51-407
15451,1.5174500374237732,1.2266588547699282,2024-52-407
15704,0.5551841773864863,0.4044583374501166,2024-1-408
15705,1.283255194994096,0.691250742912086,2024-2-408
15706,3.2971239733518014,0.5935910269884821,2024-3-408
15707,0.3733247916609491,1.865879498263239,2024-4-408
15708,3.727207834515368,1.2620664660815757,2024-5-408
15709,1.985681988859625,2.2597113110766056,2024-6-408
15710,0.0,2.2034931047119817,2024-7-408
15711,1.7609437827080257,1.0460298222552487,2024-8-408
15712,2.07163510526172,1.4029234163133384,2024-9-408
15713,1.6304036214125837,1.3508814051068803,2024-10-408
15714,0.9170739571152282,1.5652299819501048,2024-11-408
15715,0.9864022963995828,1.2431217804185923,2024-12-408
15716,1.3263082601547835,0.9985785525094835,2024-13-408
15717,0.9504023462897416,1.1694073946231711,2024-14-408
15718,3.275472544197088,0.8770064719461089,2024-15-408
15719,4.3875704756682135,2.2316632742765146,2024-16-408
15720,1.0917574133726722,2.9900483219588394,2024-17-408
15721,0.0,2.150438631212522,2024-18-408
15722,0.0,1.2414734648708179,2024-19-408
15723,0.0,0.3132807976944123,2024-20-408
15724,0.0,0.20747027582401378,2024-21-408
15725,0.0,0.014791670136061752,2024-22-408
15726,0.0,0.47284580971845014,2024-23-408
15727,0.0,0.08519748926231241,2024-24-408
15728,0.297427759760381,0.0672103508564379,2024-25-408
15729,0.3218975907486577,0.10743063658450591,2024-26-408
15730,0.0,0.3023830929517951,2024-27-408
15731,0.6142686178745448,0.18506891568367445,2024-28-408
15732,0.8854499948811944,0.2554692669718789,2024-29-408
15733,1.6490614539594552,0.5879869641320816,2024-30-408
15734,0.6742285250858774,0.8734727644304389,2024-31-408
15735,1.2915146873371344,0.7787013847710544,2024-32-408
15736,1.5392049475190783,1.1186967773099288,2024-33-408
15737,2.249988679928414,1.2612266106788779,2024-34-408
15738,1.845677378291636,1.5400982964451857,2024-35-408
15739,1.1613849021816225,1.600984522499925,2024-36-408
15740,0.8672584095691932,1.4912718052563412,2024-37-408
15741,2.2695317154355226,1.1300405200936967,2024-38-408
15742,0.4635982287049833,1.4260601238191573,2024-39-408
15743,0.5247748503623415,0.7740691306786217,2024-40-408
15744,0.0,0.6693553229683903,2024-41-408
15745,0.3374988082325463,0.3370069329076766,2024-42-408
15746,0.400949283662904,0.19663617542619927,2024-43-408
15747,0.0,0.05781185806421596,2024-44-408
15748,0.0,-0.05744010196220328,2024-45-408
15749,0.6271024552523863,0.06616727891793994,2024-46-408
15750,0.0,0.20996333892058683,2024-47-408
15751,0.0,0.17453575572347824,2024-48-408
15752,0.0,0.21628810042914048,2024-49-408
15753,0.8086585880658674,0.2965376955070611,2024-50-408
15754,0.0,0.22911404315860484,2024-51-408
15755,1.8178165605712704,0.24637938095810985,2024-52-408
16008,0.6011106173604699,0.01822451525000357,2024-1-409
16009,0.2315923902836056,0.48534000998118054,2024-2-409
16010,0.2644899601106963,0.13596090206996536,2024-3-409
16011,0.0,0.3011381972282354,2024-4-409
16012,0.2990527890163127,0.15761805878599922,2024-5-409
16013,0.3585102823897664,0.2306855689485281,2024-6-409
16014,0.0,0.29094897001997466,2024-7-409
16015,0.4240005635548491,0.11296242112410071,2024-8-409
16016,0.0,0.28963602450722437,2024-9-409
16017,0.0,-0.0173424852549251,2024-10-409
16018,0.0,0.15165047076459826,2024-11-409
16019,0.0,0.034007935929483146,2024-12-409
16020,0.9585444362215316,-0.07453720981493372,2024-13-409
16021,0.0,0.4643644117463188,2024-14-409
16022,0.0,0.1727946452890058,2024-15-409
16023,0.0,0.4837400146159825,2024-16-409
16024,0.0,0.15323794454390638,2024-17-409
16025,0.0,0.015865412812668733,2024-18-409
16026,0.0,0.021183004999584476,2024-19-409
16027,0.0,-0.264483005955102,2024-20-409
16028,0.0,0.021402239173907045,2024-21-409
16029,0.3478978758979489,-0.05078652265301864,2024-22-409
16030,0.0,0.5326052875579593,2024-23-409
16031,0.0,0.1230950826895949,2024-24-409
16032,0.0,0.06786038287480434,2024-25-409
16033,0.0,-0.036115582447309835,2024-26-409
16034,0.2310702719646224,0.06475253857206065,2024-27-409
16035,0.0,0.13533568774632054,2024-28-409
16036,0.0,-0.026040355374349566,2024-29-409
16037,0.0,0.048838902332804635,2024-30-409
16038,0.162727897594133,-0.05529761426400359,2024-31-409
16039,0.1558722406502377,0.05138107760355792,2024-32-409
16040,0.1592441976552032,0.26327239388018353,2024-33-409
16041,0.296297079086922,0.18762957812361813,2024-34-409
16042,0.4456447295023185,0.22426821548688924,2024-35-409
16043,0.3365386235242576,0.19567984025185914,2024-36-409
16044,0.1570839361783682,0.42776005387463434,2024-37-409
16045,0.0,0.2878348575522447,2024-38-409
16046,0.5039242446130642,0.07930927812081101,2024-39-409
16047,0.3803204862538414,0.09692152537527998,2024-40-409
16048,0.2038561977186563,0.2633034670748814,2024-41-409
16049,0.0,0.21554244172785342,2024-42-409
16050,0.2906695557077365,0.08629387657238452,2024-43-409
16051,0.5843797241886354,-0.13672252749825842,2024-44-409
16052,0.0,0.22689443437756374,2024-45-409
16053,0.0,0.15958176810510583,2024-46-409
16054,0.8358374688215675,0.00012310635407031256,2024-47-409
16055,0.4441402925143793,0.4639450419811867,2024-48-409
16056,0.0,0.5085073184310317,2024-49-409
16057,0.5866598082672574,0.37251067278074446,2024-50-409
16058,0.0,0.18646298725033028,2024-51-409
16059,0.0,0.22352222728089388,2024-52-409
16312,1.231722545725201,1.17953579507059,2024-1-410
16313,1.1235759560870513,1.4062158329520051,2024-2-410
16314,1.1972502067429365,1.2916835164237117,2024-3-410
16315,1.3069176805549727,1.4620813320196908,2024-4-410
16316,1.352836621662202,1.331748952917958,2024-5-410
16317,1.5054813861122016,1.4800642314238395,2024-6-410
16318,0.910546179621812,1.596412541372981,2024-7-410
16319,0.8212401895333259,1.3558495556236578,2024-8-410
16320,0.6439512081175881,1.4431454519403588,2024-9-410
16321,2.280098706506237,0.9595631065732402,2024-10-410
16322,2.778186061890492,1.844691050855403,2024-11-410
16323,2.298127314416804,2.1780000549113665,2024-12-410
16324,1.5446885571674935,2.2516872258007345,2024-13-410
16325,0.8853203120481661,2.129033358003838,2024-14-410
16326,2.0336778831176794,1.4889830852397925,2024-15-410
16327,1.2766744493718696,2.1071615063389393,2024-16-410
16328,0.5081697602969343,1.6624267224345468,2024-17-410
16329,1.4760767971669173,1.2355100632835403,2024-18-410
16330,0.5747520338197015,1.3906047547996467,2024-19-410
16331,0.5869683266130233,0.8707752235715023,2024-20-410
16332,1.0524042005544954,1.0546586463984313,2024-21-410
16333,0.2236119057078071,1.0308826002364644,2024-22-410
16334,0.2573016246619635,1.2021840514102737,2024-23-410
16335,0.5918482990386951,0.6993608764528025,2024-24-410
16336,0.1382034258642986,0.7432395017524691,2024-25-410
16337,0.14954161625,0.41326677539518897,2024-26-410
16338,0.3707094577816883,0.5228500197395662,2024-27-410
16339,0.4991684516141867,0.4663894762816788,2024-28-410
16340,0.2569201002152476,0.43123591156366947,2024-29-410
16341,0.1093442992099614,0.7097407059275287,2024-30-410
16342,0.3650182873015665,0.4952617314978295,2024-31-410
16343,0.2496618763698281,0.49248391913662914,2024-32-410
16344,0.4589638760903873,0.5736301970607054,2024-33-410
16345,0.4268460291725882,0.5719343945387796,2024-34-410
16346,0.3327790348252217,0.5199973362006449,2024-35-410
16347,0.2691686085883792,0.4275404895439605,2024-36-410
16348,0.3516725280969984,0.6776299323579771,2024-37-410
16349,0.5735620118232789,0.5813066357892944,2024-38-410
16350,0.2147489549956851,0.5468027778792517,2024-39-410
16351,0.2430334676884838,0.4124387249680893,2024-40-410
16352,0.1302265799851615,0.4864427332395248,2024-41-410
16353,0.1562330851234065,0.3295900839920689,2024-42-410
16354,0.1855641699086176,0.32150573078128164,2024-43-410
16355,0.4661860111483452,-0.03310748739461267,2024-44-410
16356,1.2304258221785511,0.2928091396338215,2024-45-410
16357,0.870114606446549,0.7505024056750168,2024-46-410
16358,0.9325944157479996,0.8346908741641268,2024-47-410
16359,0.7077059179466334,1.0854130253747367,2024-48-410
16360,0.1693651627345214,1.0524683664212116,2024-49-410
16361,1.1210366929312154,0.9227013884788268,2024-50-410
16362,1.3212204281679716,1.127434676626222,2024-51-410
16363,1.259456843139165,1.0549809201120919,2024-52-410
16616,1.3636797296571854,0.18309495511464402,2024-1-501
16617,0.7879404647815751,1.0096809055638247,2024-2-501
16618,0.7997342247394587,0.8354434798217119,2024-3-501
16619,0.8149009622497969,0.9233681964175988,2024-4-501
16620,0.5649424573702437,0.8905078145853703,2024-5-501
16621,0.8125669887767221,0.7957313079814161,2024-6-501
16622,0.0,0.8310914608962185,2024-7-501
16623,0.9606472924145212,0.5850180220327357,2024-8-501
16624,0.3766826573717243,0.7172885852420685,2024-9-501
16625,0.0,0.5416665070582536,2024-10-501
16626,0.0,0.46850479517661126,2024-11-501
16627,0.0,0.26298034230609335,2024-12-501
16628,0.3616253018418799,0.14077104015692166,2024-13-501
16629,0.5182234236982646,0.24682500129412055,2024-14-501
16630,0.0,0.4467122474289188,2024-15-501
16631,0.0,0.2640325090684269,2024-16-501
16632,0.5951567865544248,0.2769116193754032,2024-17-501
16633,0.2881634292750536,0.38409020145898365,2024-18-501
16634,0.0,0.46209089494210653,2024-19-501
16635,0.0,0.2798645975971382,2024-20-501
16636,0.3523475482631656,0.26429508374021615,2024-21-501
16637,0.0,0.3943823903037533,2024-22-501
16638,0.60317887919399,0.28517037104907383,2024-23-501
16639,0.1982322678891147,0.3796976110460908,2024-24-501
16640,0.0810175597753635,0.41938175803552524,2024-25-501
16641,0.0876760027409167,0.35089932528872503,2024-26-501
16642,0.1739014312038619,0.3891006491515111,2024-27-501
16643,0.1672820651568745,0.4389660955471142,2024-28-501
16644,0.180834126689968,0.3936205918561284,2024-29-501
16645,0.0641442807099878,0.21601394442326638,2024-30-501
16646,0.1835651878107651,0.2941137914547469,2024-31-501
16647,0.0585996973164478,0.2990780821384893,2024-32-501
16648,0.0,0.3214401197751262,2024-33-501
16649,0.0556753690831966,0.2295388289331931,2024-34-501
16650,0.0,0.4955051863987995,2024-35-501
16651,0.0,0.21974357049471815,2024-36-501
16652,0.0,0.050806628492756856,2024-37-501
16653,0.0,0.13268848387031884,2024-38-501
16654,0.2522713257659034,0.11054055399011575,2024-39-501
16655,0.1427688000787456,0.33212732634325237,2024-40-501
16656,0.5355811192631066,0.27299253326402784,2024-41-501
16657,0.642626981259915,0.5760331343878469,2024-42-501
16658,0.1090541809436267,0.6806275834237976,2024-43-501
16659,0.0,0.47895221283103784,2024-44-501
16660,0.2630216025476567,0.29313054911769587,2024-45-501
16661,0.0,0.28109890055639974,2024-46-501
16662,0.1566800812369824,0.3213350029002069,2024-47-501
16663,0.0,-0.09124999655284571,2024-48-501
16664,0.5977018047590769,0.33500457041638565,2024-49-501
16665,0.0,0.33880607472716995,2024-50-501
16666,0.3109313996864659,0.09117762760732395,2024-51-501
16667,0.4940618618669576,0.41157130251687735,2024-52-501
16920,3.122626058354762,2.7495832200305648,2024-1-502
16921,2.1653680628858183,3.2188504017719897,2024-2-502
16922,1.3737682925252417,2.581231085651365,2024-3-502
16923,0.8399884943671366,2.014348728434387,2024-4-502
16924,1.2424555915329727,1.4763700880451773,2024-5-502
16925,0.1861718524780523,1.3280766374626358,2024-6-502
16926,0.6275026057683726,0.8382371911194602,2024-7-502
16927,0.8805977841204452,0.8025123087405854,2024-8-502
16928,0.2590000718523049,0.8942976097118043,2024-9-502
16929,0.917294483292309,0.5621982507321007,2024-10-502
16930,1.3759455673577303,0.9191192539243652,2024-11-502
16931,0.3700032024130211,1.0905377322813021,2024-12-502
16932,0.4975198191315868,0.7990512987749683,2024-13-502
16933,0.3565232945218051,0.7121828719960472,2024-14-502
16934,1.2287651086897784,0.6723097936582119,2024-15-502
16935,0.4115034818408937,0.9012493352390561,2024-16-502
16936,0.0,0.8042053297561378,2024-17-502
16937,0.0,0.5187922888876453,2024-18-502
16938,0.3089911641385201,0.4589321482466183,2024-19-502
16939,0.0,0.40254241026865245,2024-20-502
16940,0.0,0.3732775243809432,2024-21-502
16941,0.541372241700651,0.29787035194326117,2024-22-502
16942,0.8307873894533677,0.4954348707089927,2024-23-502
16943,0.4095986443235934,0.6022858501533792,2024-24-502
16944,1.116146435055365,0.6138282414337854,2024-25-502
16945,0.3624041105800855,0.7888688617441075,2024-26-502
16946,0.5990769281035174,0.6229934456998818,2024-27-502
16947,0.3458026883631359,0.754450163592137,2024-28-502
16948,0.1661594858240607,0.6437631062854601,2024-29-502
16949,0.2652549306688073,0.3971447882031912,2024-30-502
16950,0.1687064108346619,0.5054247301825414,2024-31-502
16951,0.1615868915737758,0.45800178124929913,2024-32-502
16952,0.0,0.3731355187916727,2024-33-502
16953,0.0,0.33949370045203464,2024-34-502
16954,0.4618803363671398,0.4863588722913844,2024-35-502
16955,0.4359667995026608,0.4701358223223221,2024-36-502
16956,0.2441739450373473,0.4476024519750965,2024-37-502
16957,0.1549085526223491,0.4657111306944677,2024-38-502
16958,0.8702136508552395,0.35725612985250677,2024-39-502
16959,0.0985075287983337,0.7409526712377044,2024-40-502
16960,0.3167835971341471,0.5031142994610259,2024-41-502
16961,0.2534271920555508,0.4909366359977244,2024-42-502
16962,0.3010805417222209,0.5174021091159031,2024-43-502
16963,0.6052657570215577,0.391173302822727,2024-44-502
16964,0.0,0.49779700564601514,2024-45-502
16965,0.0,0.3471411221117032,2024-46-502
16966,0.8655183793219544,0.3126011055528404,2024-47-502
16967,0.0,0.4146713291330959,2024-48-502
16968,0.8256254370741867,0.6249406495426189,2024-49-502
16969,0.3036786977640745,0.5970964912686303,2024-50-502
16970,0.0,0.4478923627013499,2024-51-502
16971,0.6826902357704043,0.3761018937856664,2024-52-502
17224,0.3380657326497074,3.762753994989514,2024-1-503
17225,0.2930026368765783,2.6035236783182043,2024-2-503
17226,0.2230402122389752,1.4991555122760736,2024-3-503
17227,0.3409036708763311,0.8947013345156678,2024-4-503
17228,0.1260456583930558,0.49372293635020825,2024-5-503
17229,0.4532324141575679,0.4145869186031178,2024-6-503
17230,0.3394365952235474,0.4881284073006841,2024-7-503
17231,0.3572158314677515,0.5576687009188012,2024-8-503
17232,0.2101027440001157,0.5188873356446315,2024-9-503
17233,0.9920375457163172,0.38688695053616506,2024-10-503
17234,0.0,0.8387370395724723,2024-11-503
17235,0.6000861759663991,0.4640240209365122,2024-12-503
17236,0.4034013347570945,0.5750901331119038,2024-13-503
17237,0.2890438106043838,0.5466898505598645,2024-14-503
17238,0.0,0.5063608270172142,2024-15-503
17239,0.3335392621958232,0.377046908154148,2024-16-503
17240,0.0,0.47403238814834725,2024-17-503
17241,0.3214459351008729,0.28377275381267697,2024-18-503
17242,0.2503607045596812,0.4550424291807401,2024-19-503
17243,0.5114308791921292,0.43055873408915557,2024-20-503
17244,0.3930381164371753,0.6169991859376895,2024-21-503
17245,0.2923288207181244,0.6622118159952823,2024-22-503
17246,0.6728306604764733,0.5132741863403459,2024-23-503
17247,0.663366245551446,0.5339105268494144,2024-24-503
17248,0.4518611939900408,0.6878535385355837,2024-25-503
17249,0.3911962965851095,0.6790562222209768,2024-26-503
17250,0.1939789153908365,0.6197263248416788,2024-27-503
17251,0.2798912879664866,0.5755846568973888,2024-28-503
17252,0.2689460937295,0.5093405999339295,2024-29-503
17253,0.2146459394951002,0.29503796236224233,2024-30-503
17254,0.1365022845887329,0.313114277138854,2024-31-503
17255,0.3921794684303246,0.3345262622228372,2024-32-503
17256,0.6676446535954489,0.3855692860849307,2024-33-503
17257,0.1242012831288352,0.5786216258634393,2024-34-503
17258,0.1245125712758651,0.7218611509142658,2024-35-503
17259,0.2115236115521405,0.5297030824020467,2024-36-503
17260,0.1316168414609288,0.2793086974705208,2024-37-503
17261,0.2504713343568018,0.26498658023859045,2024-38-503
17262,0.0703441165038848,0.31735865158625265,2024-39-503
17263,0.4777182453764968,0.3458905611677353,2024-40-503
17264,0.1706757668252452,0.4680078138435121,2024-41-503
17265,0.4095745295811635,0.510453107015343,2024-42-503
17266,0.4865323610571467,0.6026906930198268,2024-43-503
17267,0.4889838119139599,0.6202289410054429,2024-44-503
17268,0.8800692989574628,0.5728935824585399,2024-45-503
17269,0.950945573516914,0.7288876526023391,2024-46-503
17270,1.0484893316640256,1.1454632138363854,2024-47-503
17271,0.5570312842810599,0.9872709160834819,2024-48-503
17272,2.666479941855152,1.1444215141440433,2024-49-503
17273,0.9806612385889596,1.7902908081930922,2024-50-503
17274,1.3871170992317632,1.3829737141530565,2024-51-503
17275,2.2040795781183533,1.4656218568963975,2024-52-503
17528,2.167890799426109,3.4968546879818723,2024-1-504
17529,2.5053325982637444,3.2797054271983272,2024-2-504
17530,1.9071984971236493,2.802032269082315,2024-3-504
17531,1.6195365619633806,2.367142064654902,2024-4-504
17532,0.3592998791524965,1.8919795943043196,2024-5-504
17533,0.4306730839886371,1.309632396307195,2024-6-504
17534,0.967666086620622,0.906943746206312,2024-7-504
17535,1.018395294988417,0.9874579603966107,2024-8-504
17536,0.5990129765174255,0.9823358497233952,2024-9-504
17537,0.0,0.8027472203982526,2024-10-504
17538,0.0,0.6841343157064983,2024-11-504
17539,0.8555483301159431,0.35820928048853484,2024-12-504
17540,0.0,0.5646042126859028,2024-13-504
17541,0.0,0.4228520148773026,2024-14-504
17542,0.0,0.33411231817970055,2024-15-504
17543,0.9512244393648468,0.23530541313572284,2024-16-504
17544,0.0,0.6440003315460101,2024-17-504
17545,0.0,0.4339882136827071,2024-18-504
17546,0.0,0.3613246441499055,2024-19-504
17547,0.0,0.23412340799726383,2024-20-504
17548,0.0,0.22048676833576852,2024-21-504
17549,0.0,0.2556792509882412,2024-22-504
17550,0.3199055100369069,0.23527838262388168,2024-23-504
17551,0.3154191253903043,0.20986702907124133,2024-24-504
17552,0.0,0.357351944122553,2024-25-504
17553,0.0,0.2726376746633711,2024-26-504
17554,0.0,0.11377479725033446,2024-27-504
17555,0.5324255798025463,0.2819485776623063,2024-28-504
17556,0.0,0.36757183740521715,2024-29-504
17557,0.0,0.20993334694862553,2024-30-504
17558,0.1947721699323017,0.22121142672051053,2024-31-504
17559,0.5596165512522706,0.37426158730719794,2024-32-504
17560,0.0,0.5314928749455919,2024-33-504
17561,0.1772430386979431,0.34920023680152856,2024-34-504
17562,0.1776949145691617,0.6418035190495275,2024-35-504
17563,0.0,0.41799275038067485,2024-36-504
17564,0.1878497517048586,0.16911695922044934,2024-37-504
17565,0.0,0.2952710745354383,2024-38-504
17566,0.200814131251385,0.23558950825255764,2024-39-504
17567,0.0,0.37676479289542364,2024-40-504
17568,0.2436383581429598,0.23708626050423742,2024-41-504
17569,0.0,0.333435362806489,2024-42-504
17570,0.0,0.26135210195234726,2024-43-504
17571,0.0,0.19480269364503444,2024-44-504
17572,0.8376718824155572,0.1588199385889556,2024-45-504
17573,0.5431034876762237,0.506898659096327,2024-46-504
17574,0.0,0.713543665437425,2024-47-504
17575,0.5302644006020362,0.058815914298326444,2024-48-504
17576,0.6346142298745898,0.595304004503552,2024-49-504
17577,0.0,0.5814180964772215,2024-50-504
17578,0.0,0.02976791950802138,2024-51-504
17579,0.0,0.3031672266149329,2024-52-504
17832,0.3733774185155677,0.24941835958807956,2024-1-505
17833,0.7191057439669121,0.584842303482948,2024-2-505
17834,0.8210743961432607,0.5647546414351938,2024-3-505
17835,0.6692934945749915,0.782957745754165,2024-4-505
17836,0.3711854469838201,0.7779669781507179,2024-5-505
17837,0.8897738196504217,0.6858198478914608,2024-6-505
17838,0.7496468542323962,0.791508539570531,2024-7-505
17839,0.7888885299366486,0.8747434046766047,2024-8-505
17840,0.3093230603253212,0.8283693971656767,2024-9-505
17841,1.4604798809525097,0.5986265747720017,2024-10-505
17842,1.6428010948896894,1.1034179542265192,2024-11-505
17843,1.7667898560980069,1.2950278051016306,2024-12-505
17844,1.1876692713831154,1.4802047926877382,2024-13-505
17845,1.2764389348884932,1.4201444310823936,2024-14-505
17846,1.954943661343897,1.3622583044338732,2024-15-505
17847,0.9818969998674708,1.593239704140806,2024-16-505
17848,0.0,1.3964056754764458,2024-17-505
17849,0.473119443383793,0.7505030903107823,2024-18-505
17850,0.0,0.7363715549599563,2024-19-505
17851,0.0,0.3334231597005086,2024-20-505
17852,0.8676601667983009,0.31590840453335645,2024-21-505
17853,0.0,0.6596987348460909,2024-22-505
17854,0.4950778034813248,0.3487527356506921,2024-23-505
17855,0.162699709914337,0.38393885622759016,2024-24-505
17856,0.0,0.40699769292260535,2024-25-505
17857,0.2878215992790996,0.4003980046929797,2024-26-505
17858,0.4281447500093451,0.47796439842932603,2024-27-505
17859,0.5491097500298795,0.5779535087865106,2024-28-505
17860,0.0989287438129895,0.7328865614505637,2024-29-505
17861,0.1052700625549852,0.3576615631004485,2024-30-505
17862,0.1004152335622525,0.3128713913019232,2024-31-505
17863,0.288489999189219,0.2902401331712595,2024-32-505
17864,0.0,0.3724679655742096,2024-33-505
17865,0.0,0.348300180869039,2024-34-505
17866,0.0,0.42734498134884635,2024-35-505
17867,0.1037190360191296,0.28222308215818515,2024-36-505
17868,0.0968029517758354,0.20907772821856274,2024-37-505
17869,0.1842134897010466,0.25924644780877526,2024-38-505
17870,0.103468331615054,0.29717370150031797,2024-39-505
17871,0.1171079887180864,0.432794630744477,2024-40-505
17872,0.3765436685179888,0.37624688613714363,2024-41-505
17873,0.3011906342183796,0.5430099050925148,2024-42-505
17874,0.1788860829692139,0.5494945683124243,2024-43-505
17875,0.1797817513413739,0.4321585758201958,2024-44-505
17876,0.0,0.2734565123057534,2024-45-505
17877,0.2796851431505852,0.24078833777074937,2024-46-505
17878,0.0,0.44104363572837346,2024-47-505
17879,0.0,0.03884843036511865,2024-48-505
17880,0.0,0.3055057934597164,2024-49-505
17881,1.8024286720252751,0.1656602393393981,2024-50-505
17882,0.0,0.7538465146049798,2024-51-505
17883,2.430470187659522,0.6860120072491898,2024-52-505
18136,4.500000207702543,1.1297782691958251,2024-1-506
18137,3.683905956495645,2.7697807552036697,2024-2-506
18138,2.474638154677539,2.8738122546550926,2024-3-506
18139,2.5218434821446065,2.8411966704395866,2024-4-506
18140,2.797594434142266,2.7553158509291045,2024-5-506
18141,1.0060671493555,2.7130131968273443,2024-6-506
18142,3.014211941556701,1.9150566800568831,2024-7-506
18143,1.189669147829667,2.3677730133024726,2024-8-506
18144,0.0,1.8760243515436943,2024-9-506
18145,0.0,0.9137361472229422,2024-10-506
18146,0.0,0.7475590295997201,2024-11-506
18147,1.9994262893682024,0.2853209262768637,2024-12-506
18148,0.0,0.9439475049245615,2024-13-506
18149,0.0,0.7163720334757882,2024-14-506
18150,1.4755358374863974,0.4603552729649506,2024-15-506
18151,0.0,0.9533660411057696,2024-16-506
18152,0.0,0.6385321659029359,2024-17-506
18153,0.0,0.36391751364042635,2024-18-506
18154,0.556556855867837,0.3984127494735449,2024-19-506
18155,2.27409827185448,0.43821301424853953,2024-20-506
18156,2.184821006582191,1.2734337209908453,2024-21-506
18157,2.275253259001087,1.7949732473057118,2024-22-506
18158,2.493982807221808,2.0824667751444683,2024-23-506
18159,0.7377532901612978,2.156231590184148,2024-24-506
18160,0.8041399660656597,1.6095400667771815,2024-25-506
18161,0.217580602612621,1.1563061501542107,2024-26-506
18162,0.215804510144085,0.7087000040506206,2024-27-506
18163,0.4152261010369157,0.5828036595307089,2024-28-506
18164,1.3467432415347376,0.4361710230012641,2024-29-506
18165,0.6370139833060541,0.8518150180828641,2024-30-506
18166,0.75965774640862,0.8830229827266027,2024-31-506
18167,0.1455198101338932,0.8995550136770643,2024-32-506
18168,0.5946266115489477,0.7508625748887383,2024-33-506
18169,0.968018247105807,0.6599101606504346,2024-34-506
18170,1.1092081102581397,1.0923751413758709,2024-35-506
18171,0.7852317590020571,1.0316565793813957,2024-36-506
18172,0.7329799947266352,0.9677603980209535,2024-37-506
18173,1.5345524980389074,0.9291113394922139,2024-38-506
18174,0.4702084443868493,1.1929144049738163,2024-39-506
18175,0.8871198960499337,0.9758068826009555,2024-40-506
18176,1.1411301648194263,0.9310589685200481,2024-41-506
18177,1.3693566767915095,1.147665974683974,2024-42-506
18178,0.8134215583029741,1.2071459786591785,2024-43-506
18179,0.8176147388252288,1.122080566524484,2024-44-506
18180,0.6540920197280929,1.08731163113939,2024-45-506
18181,1.272331846724506,0.8962840191876783,2024-46-506
18182,1.5588936182297284,1.2730740221650905,2024-47-506
18183,2.4848691552019573,1.1223396681532976,2024-48-506
18184,2.9740788090289243,2.030806906915057,2024-49-506
18185,1.640871640120663,2.424628727156284,2024-50-506
18186,0.0,1.9193132441129794,2024-51-506
18187,0.0,1.3332218140363246,2024-52-506
18440,11.541771514071277,13.8942690125735,2024-1-507
18441,8.425392464290546,12.86106291250336,2024-2-507
18442,5.612944155035461,10.703953399969903,2024-3-507
18443,11.849466541983526,7.52597226168888,2024-4-507
18444,12.23947751555576,8.714400846258151,2024-5-507
18445,8.151602887301848,9.870305274200204,2024-6-507
18446,6.7166729744589375,8.82560278973298,2024-7-507
18447,5.141671469655146,7.871349148698195,2024-8-507
18448,2.2685448767645107,6.307505590880604,2024-9-507
18449,2.6783326102434555,4.042002493951823,2024-10-507
18450,2.008891461977238,3.3003849369025637,2024-11-507
18451,2.16097716259888,2.4851136762548416,2024-12-507
18452,0.0,2.089182483656309,2024-13-507
18453,2.0825314071386134,1.260039139154939,2024-14-507
18454,0.0,1.486090166566205,2024-15-507
18455,0.0,0.9365939982383513,2024-16-507
18456,0.0,0.5079269921937573,2024-17-507
18457,0.0,0.37249923464224355,2024-18-507
18458,0.0,0.1977044434765317,2024-19-507
18459,1.8444561726820328,0.1540617703441589,2024-20-507
18460,0.0,0.9676124735738938,2024-21-507
18461,0.0,0.6866953946872687,2024-22-507
18462,0.0,0.4300210820518593,2024-23-507
18463,0.3990298929942359,0.29486492781644924,2024-24-507
18464,0.3262261582698146,0.38319604593663026,2024-25-507
18465,0.3531009539602271,0.36193753283275465,2024-26-507
18466,0.0,0.5486439845439642,2024-27-507
18467,0.3369722768201231,0.5417450440599458,2024-28-507
18468,0.9715657732108114,0.4954025935619133,2024-29-507
18469,0.0,0.7541729290106749,2024-30-507
18470,0.2466486087058837,0.5174067377348106,2024-31-507
18471,0.0,0.49215169769763123,2024-32-507
18472,0.0,0.4191829844192285,2024-33-507
18473,0.2245470495128496,0.29449150800577006,2024-34-507
18474,0.2251517217987494,0.5975455048820077,2024-35-507
18475,0.2550412600072707,0.4337337926006186,2024-36-507
18476,0.2380866676525484,0.290008109485384,2024-37-507
18477,0.0,0.3368312947637073,2024-38-507
18478,0.7637726524366173,0.2803668851777512,2024-39-507
18479,1.1528593884473988,0.5920471404237784,2024-40-507
18480,0.6179428556456218,0.861546750320121,2024-41-507
18481,0.3707917513871575,0.9083285597991455,2024-42-507
18482,2.202721047415735,0.7099379276341374,2024-43-507
18483,1.771384582852359,1.409133727555417,2024-44-507
18484,2.1258107215365256,1.5844356371750945,2024-45-507
18485,1.3784633266930058,1.8189344851197737,2024-46-507
18486,0.6333924646707123,2.079584010191327,2024-47-507
18487,1.346260172713128,1.0018036445253489,2024-48-507
18488,1.6114181997027426,1.5081319735068779,2024-49-507
18489,0.8891206888093137,1.4990254061600263,2024-50-507
18490,1.2578687145436451,0.9614379387973498,2024-51-507
18491,1.9990788537424184,1.3203993229649136,2024-52-507
18744,0.4912841694589628,0.7611244038986382,2024-1-508
18745,1.7034951560073426,0.9995607384573981,2024-2-508
18746,0.6484855326812052,1.3462680252092971,2024-3-508
18747,0.9913488851617794,1.2835461592930504,2024-4-508
18748,0.0,1.0643680837816816,2024-5-508
18749,0.0,0.7250518272525306,2024-6-508
18750,0.0,0.43301963188560644,2024-7-508
18751,0.5197640419549447,0.3693275345814393,2024-8-508
18752,0.0,0.4259184075310277,2024-9-508
18753,0.7219861461393167,0.29808779725442114,2024-10-508
18754,0.8122859570408913,0.7277718514398974,2024-11-508
18755,0.0,0.7916126114673014,2024-12-508
18756,0.0,0.474993242742228,2024-13-508
18757,0.0,0.38998291939502305,2024-14-508
18758,0.0,0.3070748673278211,2024-15-508
18759,0.0,0.17906586533259528,2024-16-508
18760,0.0,0.2575391129828951,2024-17-508
18761,0.0,0.2057137552836612,2024-18-508
18762,0.0,0.26348319531748543,2024-19-508
18763,0.0,0.1843026495386253,2024-20-508
18764,0.0,0.22662099477080622,2024-21-508
18765,0.0,0.25088031825777146,2024-22-508
18766,0.0,0.22366340570408405,2024-23-508
18767,0.6453228945122826,0.08850239244038793,2024-24-508
18768,0.2637893690534407,0.46880664034457487,2024-25-508
18769,0.0,0.38170855634241785,2024-26-508
18770,0.0,0.20227746873192098,2024-27-508
18771,0.0,0.3902250199666333,2024-28-508
18772,0.1963991415682151,0.2729174805061647,2024-29-508
18773,0.2090325852622037,0.2028546706572023,2024-30-508
18774,0.5983040770711613,0.33881787133570374,2024-31-508
18775,0.1910304419827872,0.49793907313954566,2024-32-508
18776,0.5854823160525223,0.439443612561103,2024-33-508
18777,1.2709235687500997,0.524008780535441,2024-34-508
18778,0.1820483084168565,1.1712356430893178,2024-35-508
18779,0.8248579165697065,0.7007272562302285,2024-36-508
18780,0.1925046045103501,0.7354533314577728,2024-37-508
18781,0.7328173764926383,0.5615805327314217,2024-38-508
18782,1.852618833475372,0.6041559965841337,2024-39-508
18783,1.1651568834930857,1.1423988091052986,2024-40-508
18784,2.2483101267784487,1.2419105324932609,2024-41-508
18785,0.8993816910918209,1.6728062708687075,2024-42-508
18786,1.7809411182313997,1.3558348842688093,2024-43-508
18787,1.0741415581029905,1.6002073498115894,2024-44-508
18788,1.718736600025497,1.2423251453456639,2024-45-508
18789,2.228985692796928,1.5053437025686878,2024-46-508
18790,1.5362912347101765,1.9139883769470236,2024-47-508
18791,1.6326646876033624,1.2153356312506063,2024-48-508
18792,0.6514068909426984,1.8626594134380672,2024-49-508
18793,1.437679660657609,1.211298907420689,2024-50-508
18794,0.0,1.1643986397333181,2024-51-508
18795,1.616203405514009,0.9845816616575123,2024-52-508
19048,3.184920292655188,3.0093299664316526,2024-1-509
19049,1.2271147729588818,3.4796615148000347,2024-2-509
19050,2.1022195927482734,2.402607598275945,2024-3-509
19051,2.8567535739725263,2.3430352426765952,2024-4-509
19052,0.7923716869009653,2.444850988191903,2024-5-509
19053,0.94994713294059,1.7209076245703434,2024-6-509
19054,0.0,1.4101312568644444,2024-7-509
19055,1.123563725060407,0.8825404398701302,2024-8-509
19056,0.0,0.9160695441345308,2024-9-509
19057,0.0,0.5388960452104044,2024-10-509
19058,0.0,0.438855219544413,2024-11-509
19059,0.0,0.32072046816876243,2024-12-509
19060,0.0,0.18662368065081192,2024-13-509
19061,0.0,0.18141789443713396,2024-14-509
19062,0.0,0.2508529661942377,2024-15-509
19063,0.0,0.23389233448748503,2024-16-509
19064,0.0,0.24277110099178145,2024-17-509
19065,0.0,0.2098279474150746,2024-18-509
19066,0.0,0.2496694512067349,2024-19-509
19067,0.0,0.25676701850103467,2024-20-509
19068,1.2398863859260345,0.2711985640173272,2024-21-509
19069,0.0,0.7529553560803861,2024-22-509
19070,0.0,0.5047233660396294,2024-23-509
19071,0.6980302680299768,0.2358536810897356,2024-24-509
19072,0.0,0.538427493173958,2024-25-509
19073,0.0,0.31096649349181793,2024-26-509
19074,0.0,0.21440666415968157,2024-27-509
19075,0.5895718364310218,0.2841554733355728,2024-28-509
19076,0.0,0.43395451804129415,2024-29-509
19077,0.4523451173739575,0.3248569337750167,2024-30-509
19078,3.021178316164748,0.4746688147796442,2024-31-509
19079,0.4134299051050854,1.7187938906946103,2024-32-509
19080,0.0,1.2606384665654915,2024-33-509
19081,0.0,0.8557391628991535,2024-34-509
19082,0.0,0.8437546549957271,2024-35-509
19083,0.0,0.3276304273166407,2024-36-509
19084,0.4167243724995007,0.21957502641391824,2024-37-509
19085,0.0,0.3781250134020828,2024-38-509
19086,0.0,0.25415492115826954,2024-39-509
19087,0.0,0.3136862851508383,2024-40-509
19088,0.0,0.33266455687630225,2024-41-509
19089,0.0,0.23146625472488114,2024-42-509
19090,0.0,0.25143493981874687,2024-43-509
19091,0.0,0.2177540193213764,2024-44-509
19092,0.0,0.12384516527153577,2024-45-509
19093,1.206841647903305,0.129984056690285,2024-46-509
19094,0.0,1.1220612896487614,2024-47-509
19095,1.178751128733303,0.36127238507012394,2024-48-509
19096,0.0,1.150973379580033,2024-49-509
19097,0.0,0.727877056262765,2024-50-509
19098,0.0,0.10302936119871364,2024-51-509
19099,7.002597080051613,0.26510728279918816,2024-52-509
19352,4.853603400018031,13.060753342433879,2024-1-510
19353,3.314316964683332,10.05296092068352,2024-2-510
19354,2.6199684726168946,6.696518932266338,2024-3-510
19355,1.1865082562864404,4.8094796276743015,2024-4-510
19356,2.961220308546713,2.306153778859663,2024-5-510
19357,1.971832401455755,2.45947086485121,2024-6-510
19358,1.329077105789354,2.2534012062024082,2024-7-510
19359,0.9324615271810258,1.884972788762925,2024-8-510
19360,0.548443529242958,1.5291170584659068,2024-9-510
19361,0.0,1.020200848054487,2024-10-510
19362,0.7282336628035716,0.7363313322998462,2024-11-510
19363,1.566439839442343,0.7104171499145833,2024-12-510
19364,1.0530218851222009,1.0931389912283636,2024-13-510
19365,1.509015514091568,1.160607986649345,2024-14-510
19366,0.866706827247928,1.409939163819846,2024-15-510
19367,1.74131335760982,1.2283816362061546,2024-16-510
19368,0.0,1.508586175891668,2024-17-510
19369,0.0,0.9221507602573713,2024-18-510
19370,0.0,0.5670768261257082,2024-19-510
19371,0.0,0.4060016214935872,2024-20-510
19372,0.5129847910214825,0.19555681565189642,2024-21-510
19373,0.7630823673814091,0.4631190358570104,2024-22-510
19374,1.1708850668859858,0.6257814823148651,2024-23-510
19375,0.5772073274911684,0.7096780695479141,2024-24-510
19376,0.7077110649347385,0.885258002668518,2024-25-510
19377,0.2552903518715584,0.7308053323296271,2024-26-510
19378,0.5063551684829046,0.7343597476766541,2024-27-510
19379,0.0,0.7770847491057433,2024-28-510
19380,0.0,0.4218503562538036,2024-29-510
19381,0.0,0.23306764780764122,2024-30-510
19382,0.1781619217566354,0.3516278456351257,2024-31-510
19383,0.1706238067249055,0.2118057648090127,2024-32-510
19384,0.174281969401745,0.32529943257533367,2024-33-510
19385,0.4863237551160601,0.3451072726464589,2024-34-510
19386,0.4875438261910571,0.7632096639890193,2024-35-510
19387,0.5521653011594709,0.5539699773149993,2024-36-510
19388,1.2025158924474777,0.6498894703087861,2024-37-510
19389,0.1634595922049885,0.9813904139097167,2024-38-510
19390,0.183628974574577,0.70821793336494,2024-39-510
19391,0.4156856759886274,0.6307821514117848,2024-40-510
19392,0.8910814437586441,0.6472393219005677,2024-41-510
19393,1.0691768278217442,0.8805570534115944,2024-42-510
19394,0.3175187616961498,0.9806243518656945,2024-43-510
19395,0.3191193922553628,0.8421766011053162,2024-44-510
19396,0.3829000122256433,0.6084927664267303,2024-45-510
19397,0.0,0.597983424751011,2024-46-510
19398,1.824713238226816,0.5292014031995755,2024-47-510
19399,0.0,0.6612371709142444,2024-48-510
19400,1.7402125661913854,0.8275504942552483,2024-49-510
19401,0.0,1.023037475042,2024-50-510
19402,0.0,0.6851058799991916,2024-51-510
19403,0.0,0.5551073998453074,2024-52-510
19656,0.0,0.18423839065151504,2024-1-511
19657,0.0,0.44048424772869643,2024-2-511
19658,0.0,0.3251758359928564,2024-3-511
19659,0.0,0.21977694174117024,2024-4-511
19660,0.0,0.1733982818097074,2024-5-511
19661,0.0,0.16851416668366104,2024-6-511
19662,0.0,0.19401046574399594,2024-7-511
19663,0.0,0.20302609786783454,2024-8-511
19664,0.0,0.2008910906864766,2024-9-511
19665,0.0,0.09041459176726363,2024-10-511
19666,0.0,0.22108273330896022,2024-11-511
19667,0.0,0.12213249318241959,2024-12-511
19668,0.0,0.11405995374717437,2024-13-511
19669,0.0,0.10300484866537651,2024-14-511
19670,3.3584700402621017,0.18829638475483534,2024-15-511
19671,0.0,1.5363920438675214,2024-16-511
19672,0.0,1.0662514866985973,2024-17-511
19673,3.2531023804528965,0.5650493125357913,2024-18-511
19674,0.0,1.8507692245320335,2024-19-511
19675,0.0,1.0208168774255006,2024-20-511
19676,1.9898246855695207,0.6214234799066691,2024-21-511
19677,0.0,1.3508577349242492,2024-22-511
19678,0.0,0.6681485321552629,2024-23-511
19679,0.0,0.3151356648898117,2024-24-511
19680,0.0,0.33172555071449816,2024-25-511
19681,0.0,-0.001989682289482042,2024-26-511
19682,0.0,0.09823165197359274,2024-27-511
19683,0.0,0.24407746185907642,2024-28-511
19684,0.6817102053963445,0.13333049286646503,2024-29-511
19685,0.0,0.4252115073687611,2024-30-511
19686,0.0,0.35521949617794335,2024-31-511
19687,0.0,0.26818855635457817,2024-32-511
19688,0.0,0.27830655608168164,2024-33-511
19689,0.0,0.15145199169504453,2024-34-511
19690,0.6318476327727266,0.32765262331326084,2024-35-511
19691,0.0,0.48913041589405903,2024-36-511
19692,0.0,0.2675496538273382,2024-37-511
19693,0.0,0.25398991608284627,2024-38-511
19694,0.0,0.1628149388943697,2024-39-511
19695,0.0,0.1865715508510032,2024-40-511
19696,0.0,0.17358896542317748,2024-41-511
19697,0.0,0.20603114266678801,2024-42-511
19698,1.2361162194224955,0.1524462199787331,2024-43-511
19699,0.0,0.7986294887993295,2024-44-511
19700,0.0,0.39392072253309174,2024-45-511
19701,0.0,0.245543189218824,2024-46-511
19702,1.7770885747421017,0.6093265888638548,2024-47-511
19703,1.888542575160285,0.7579468325179441,2024-48-511
19704,0.0,1.7741492532216365,2024-49-511
19705,0.0,1.010955269497275,2024-50-511
19706,0.0,0.4529373912186495,2024-51-511
19707,0.0,0.3863760904912138,2024-52-511
19960,1.4511354354630832,5.62442333739677,2024-1-601
19961,1.2824433102004735,4.026347091997756,2024-2-601
19962,2.1966406162899825,2.389271899124301,2024-3-601
19963,2.066240244688735,2.2330073491544784,2024-4-601
19964,2.6740635701187765,1.5110523418613715,2024-5-601
19965,3.73952961281258,2.4008174817569454,2024-6-601
19966,2.057726881106091,2.8797205096975462,2024-7-601
19967,2.436345702316513,2.656541372323473,2024-8-601
19968,1.8046031199413768,2.4940914509070184,2024-9-601
19969,1.5037547925630452,2.1914567501774713,2024-10-601
19970,1.4096940731422742,1.8535757103292556,2024-11-601
19971,1.3646050393352651,1.6611651187326553,2024-12-601
19972,2.85412357745424,1.4738852190378569,2024-13-601
19973,0.8764938896757065,2.043888193775418,2024-14-601
19974,1.0068945363492394,1.661079433203509,2024-15-601
19975,0.5057725785995886,1.3974820254396296,2024-16-601
19976,0.8389883942817736,1.082780513400266,2024-17-601
19977,0.4874940350574043,0.9090552150476552,2024-18-601
19978,0.8859940983206218,0.8709055200641664,2024-19-601
19979,0.3878567285124732,0.8879830512931622,2024-20-601
19980,0.794903256602443,0.858849333514019,2024-21-601
19981,0.2956294705731302,0.9048026853952951,2024-22-601
19982,0.7938804818642038,0.6283479329545165,2024-23-601
19983,0.670938001239409,0.5912607968522215,2024-24-601
19984,0.9597979356193092,0.79520045521701,2024-25-601
19985,1.0882015484573515,0.7331231098731454,2024-26-601
19986,0.6867994441484834,1.0979982527577288,2024-27-601
19987,0.3775382206161416,0.9056724705091355,2024-28-601
19988,0.5441936599572454,0.7892354948851843,2024-29-601
19989,0.506737597775611,0.6165390031844385,2024-30-601
19990,0.5869997696218691,0.5907512578404861,2024-31-601
19991,0.2976326718666757,0.6061998678978557,2024-32-601
19992,0.5404994354580155,0.6697396476283369,2024-33-601
19993,0.6598886438591446,0.6203922824676449,2024-34-601
19994,0.4410541285126771,0.6622266199105002,2024-35-601
19995,0.392496963235219,0.649992362403018,2024-36-601
19996,0.066610522447136,0.5344454149293398,2024-37-601
19997,0.4753855989960244,0.4166996468424248,2024-38-601
19998,0.2492343415926143,0.4930548284055213,2024-39-601
19999,0.3627191463544546,0.280849005218649,2024-40-601
20000,0.4751899704520365,0.5684280777716123,2024-41-601
20001,0.259179697358976,0.48855721354960513,2024-42-601
20002,1.0468488682218449,0.4272792156344215,2024-43-601
20003,0.5570390193791513,0.7705755723018743,2024-44-601
20004,0.2970704897694025,0.6836157949881346,2024-45-601
20005,0.7704328947514221,0.5183841843088288,2024-46-601
20006,0.530943676975136,0.6762858134528615,2024-47-601
20007,0.4701517187962013,0.6552751837544967,2024-48-601
20008,0.3376084176023559,0.6546341791665762,2024-49-601
20009,1.3658778924833943,0.48014488925011223,2024-50-601
20010,1.053876651231751,0.884967833861113,2024-51-601
20011,3.0702276572609746,1.0062373514742997,2024-52-601
20264,3.480104818150677,2.588017822751965,2024-1-602
20265,2.8152173651445214,3.009675200618693,2024-2-602
20266,3.2146025254194703,2.624080690651309,2024-3-602
20267,6.317317475176035,2.5790022209856938,2024-4-602
20268,4.412124580260101,3.9025591214589994,2024-5-602
20269,4.355230355391104,4.488676387735843,2024-6-602
20270,4.193780814376253,4.203703555877672,2024-7-602
20271,4.045774067273123,4.300481269377999,2024-8-602
20272,6.057318593322703,3.9312552322118837,2024-9-602
20273,2.553707731675506,4.643744138953203,2024-10-602
20274,1.7236034406733685,3.776493475725962,2024-11-602
20275,3.089665829221804,2.711533647716247,2024-12-602
20276,0.8308212708594768,2.7789647458466353,2024-13-602
20277,2.381257349766756,1.7606851771850747,2024-14-602
20278,0.6838601055162706,1.9426571975339537,2024-15-602
20279,0.6869963035185219,1.5036451666666077,2024-16-602
20280,0.6837418611447862,1.0512083985511298,2024-17-602
20281,0.6621252083902313,0.9513261103985398,2024-18-602
20282,1.0314322617516485,0.8405510456241514,2024-19-602
20283,0.0,1.0207457530833928,2024-20-602
20284,0.0,0.741442167322077,2024-21-602
20285,0.9033260035133291,0.5793913651193532,2024-22-602
20286,0.4620388383495611,0.7345949724050493,2024-23-602
20287,1.1388812107883244,0.45630437036563987,2024-24-602
20288,0.9309442756120924,0.9333417111554049,2024-25-602
20289,2.014956681646073,0.8518822079609245,2024-26-602
20290,1.598670763551019,1.60368515275549,2024-27-602
20291,1.9223221900663487,1.6012944337347874,2024-28-602
20292,1.801026853807269,1.7588114198602744,2024-29-602
20293,1.0320115952563385,1.8514685292249986,2024-30-602
20294,1.2657591355032474,1.5036943544360881,2024-31-602
20295,3.097944213085388,1.2987685753291538,2024-32-602
20296,1.2382648649515555,2.121117447073374,2024-33-602
20297,1.663713767868389,1.7327789859921006,2024-34-602
20298,1.0264217946933496,1.6851956508114592,2024-35-602
20299,0.7265638235327246,1.419677341962189,2024-36-602
20300,0.4068950258420291,1.1111647843774382,2024-37-602
20301,1.2905985711420664,0.8357943333158581,2024-38-602
20302,1.8848541611513967,1.067283137494057,2024-39-602
20303,0.9846727587534247,1.3404675189892128,2024-40-602
20304,1.0554233070462995,1.35995506600202,2024-41-602
20305,0.6332004728613553,1.249290743902508,2024-42-602
20306,0.7522002597541736,1.025756096160271,2024-43-602
20307,0.0,0.8834949362624052,2024-44-602
20308,0.0,0.42548327098688243,2024-45-602
20309,1.176271936193274,0.3438494553262841,2024-46-602
20310,0.7205382182586005,0.6796776751660825,2024-47-602
20311,1.9140621150426336,0.7616404178205554,2024-48-602
20312,1.374419935932793,1.5177852102112972,2024-49-602
20313,3.0329468870648912,1.4008036926130243,2024-50-602
20314,2.86009906606174,2.1694447939297543,2024-51-602
20315,2.2723678441276727,2.473201107134644,2024-52-602
20568,2.3464994494837703,0.5782672039418317,2024-1-603
20569,2.1952921432706285,1.4932778506830449,2024-2-603
20570,1.9170028905449457,1.4665318254052193,2024-3-603
20571,3.456189941918264,1.7763035888279277,2024-4-603
20572,6.000988909046448,2.188116927755077,2024-5-603
20573,6.793665093167067,4.168329428134853,2024-6-603
20574,9.203883179080488,5.156682774826953,2024-7-603
20575,4.016439695506461,7.013214009251647,2024-8-603
20576,8.894189329927203,5.748498336036182,2024-9-603
20577,6.234181102504503,6.771120984242909,2024-10-603
20578,8.120523236572298,6.589941635158926,2024-11-603
20579,7.94030779482072,6.809288988721204,2024-12-603
20580,4.80437111704626,7.239101236879583,2024-13-603
20581,9.180463377663065,5.974240020189226,2024-14-603
20582,6.591528393314565,7.124460201418263,2024-15-603
20583,6.622070987986931,6.711480090721245,2024-16-603
20584,9.227418196870026,6.396982460932878,2024-17-603
20585,10.2127020816279,7.433472072203594,2024-18-603
20586,12.263721830559904,8.387725051426557,2024-19-603
20587,14.896935447223262,9.841358617489034,2024-20-603
20588,11.1890530515764,11.757059041361465,2024-21-603
20589,11.419490728328364,11.270210130307731,2024-22-603
20590,8.910287756955405,10.99286749883083,2024-23-603
20591,8.346334550828232,9.554237125524319,2024-24-603
20592,9.336439863950512,8.56859095531195,2024-25-603
20593,7.124951743656211,8.329588634109879,2024-26-603
20594,5.781691363988136,7.620859619816595,2024-27-603
20595,5.932811864379099,6.446356423992536,2024-28-603
20596,4.275934480120145,6.021422570661664,2024-29-603
20597,2.65446704993291,5.054560503573672,2024-30-603
20598,2.170562867095964,3.7457790920713743,2024-31-603
20599,2.0788796786616226,2.935091613254248,2024-32-603
20600,0.7963531247495975,2.4753405591672126,2024-33-603
20601,1.1523255956218,1.7144665147462796,2024-34-603
20602,0.9077374389018676,1.4564288129560015,2024-35-603
20603,0.9346633509943444,1.270809202708169,2024-36-603
20604,0.6979467969193779,1.0914596996513624,2024-37-603
20605,0.3320795466811491,0.9769826999812843,2024-38-603
20606,0.8394360388249091,0.6895849932704539,2024-39-603
20607,0.4223097447315576,0.6167398701870189,2024-40-603
20608,0.3395055319757623,0.690527627859391,2024-41-603
20609,0.271593809660892,0.5584254848830437,2024-42-603
20610,0.4839751838500984,0.4825228465021,2024-43-603
20611,0.3243005974902484,0.515454718477899,2024-44-603
20612,0.1945727585843529,0.5040378050615956,2024-45-603
20613,0.0,0.4192415139559176,2024-46-603
20614,0.2318437815080313,0.35687070144143407,2024-47-603
20615,0.7390867064453521,0.42184237622863774,2024-48-603
20616,0.0,0.6161461496491141,2024-49-603
20617,0.9760280016212274,0.48150004273756253,2024-50-603
20618,0.0,0.7989291842982142,2024-51-603
20619,1.4626668973607009,0.45417250700382483,2024-52-603
20872,1.2292233287516312,6.66174347474126,2024-1-604
20873,1.89424043046966,4.8026771589069295,2024-2-604
20874,2.163188879315813,3.0517507042040553,2024-3-604
20875,2.204489895780352,2.646216964968808,2024-4-604
20876,0.6113951558721441,1.551220011643514,2024-5-604
20877,2.1987277148927653,1.6016849294352018,2024-6-604
20878,2.470340273996309,1.662024032454398,2024-7-604
20879,1.7333804979396534,2.1546624656298605,2024-8-604
20880,1.0196503327246151,1.884539382232728,2024-9-604
20881,1.2037712699064302,1.4935416054952606,2024-10-604
20882,2.7085245110019107,1.473100570577875,2024-11-604
20883,5.826826019364723,1.8770676063142906,2024-12-604
20884,7.835054417292298,3.4417612405837685,2024-13-604
20885,2.807337383380199,5.400060986645875,2024-14-604
20886,1.612610115345434,4.377749349852496,2024-15-604
20887,4.860507221788148,3.155325464132532,2024-16-604
20888,3.2253133759308747,3.7445871987727086,2024-17-604
20889,3.1236593970682422,3.245586698802894,2024-18-604
20890,4.866402769223284,3.1654788921895882,2024-19-604
20891,1.24278208104152,4.005711655428986,2024-20-604
20892,0.9552099255788142,2.8316739625356444,2024-21-604
20893,4.9738185061822495,2.1070906890837513,2024-22-604
20894,9.268507050509966,3.1836906655873944,2024-23-604
20895,12.364949929257122,5.318913795072158,2024-24-604
20896,14.94281484002353,8.464952332183415,2024-25-604
20897,16.17290923419897,11.091892219444384,2024-26-604
20898,13.682096652302592,13.299952642918216,2024-27-604
20899,12.255121873209037,12.923074738822585,2024-28-604
20900,5.234396044329206,12.278954898218247,2024-29-604
20901,4.1781074152581,8.831090773354674,2024-30-604
20902,2.3252008101762534,6.149348383509159,2024-31-604
20903,1.908942761391505,4.025711638877144,2024-32-604
20904,1.300076639712337,2.677728801107561,2024-33-604
20905,1.81412180417889,1.9113578266991167,2024-34-604
20906,0.6063003358154645,1.695296618371478,2024-35-604
20907,2.403619560835069,1.1983270398771704,2024-36-604
20908,0.0,1.5867038797180415,2024-37-604
20909,0.915082610139886,0.9203678311057091,2024-38-604
20910,0.3427079843482847,0.9281368606731195,2024-39-604
20911,0.0,0.6217889492941631,2024-40-604
20912,0.0,0.48008807781355967,2024-41-604
20913,0.0,0.15054135485431008,2024-42-604
20914,0.0,0.2040960733696895,2024-43-604
20915,0.5959472916595046,0.3090730532372252,2024-44-604
20916,0.0,0.28489941232394944,2024-45-604
20917,0.0,0.4108413524388619,2024-46-604
20918,0.0,0.2612899917920939,2024-47-604
20919,0.0,0.12285660079466709,2024-48-604
20920,0.0,0.14516721224758444,2024-49-604
20921,0.0,-0.07523848296400559,2024-50-604
20922,6.768204370640171,0.05200720505796341,2024-51-604
20923,5.377901323868703,2.8273061526901584,2024-52-604
21176,0.0,0.2762548123932589,2024-1-605
21177,0.2385509662845984,0.3089623560105351,2024-2-605
21178,0.2724489848996079,0.3135700163569789,2024-3-605
21179,0.8330379573568497,0.3541291408142392,2024-4-605
21180,0.0,0.42982397611093337,2024-5-605
21181,0.3693473102552903,0.7866698984046838,2024-6-605
21182,0.0,0.44950535090697896,2024-7-605
21183,0.0,0.5247052952888998,2024-8-605
21184,0.5140081171317937,0.3859161115758901,2024-9-605
21185,1.8206589027012432,0.5494999261231187,2024-10-605
21186,0.682827148042035,1.2462004473083128,2024-11-605
21187,0.0,1.119915596622053,2024-12-605
21188,4.939116994138063,0.6701536619636705,2024-13-605
21189,0.707956429339256,2.5107247574121634,2024-14-605
21190,0.8134220228189981,1.922945627951858,2024-15-605
21191,3.269275367670376,1.4552436687968222,2024-16-605
21192,6.508901575428829,2.3128143006105164,2024-17-605
21193,13.396859795212409,3.8654335730865617,2024-18-605
21194,17.189811715830846,7.863564194778275,2024-19-605
21195,25.71511554259321,11.967315308585015,2024-20-605
21196,27.480708816316184,17.536174863216342,2024-21-605
21197,25.82398390744183,21.606590956395273,2024-22-605
21198,29.17495406018485,22.93533828411597,2024-23-605
21199,24.971256880076936,24.76043979743244,2024-24-605
21200,16.421690376916725,23.996485551427117,2024-25-605
21201,21.61867001115598,19.578010930044652,2024-26-605
21202,12.86684588208362,19.49884639101491,2024-27-605
21203,7.106989868530581,15.586856367596688,2024-28-605
21204,5.949297340795526,10.950213162009513,2024-29-605
21205,5.804640336873279,8.345037917654329,2024-30-605
21206,3.1887868210082377,6.323808623911028,2024-31-605
21207,1.6076723859625583,4.502018501222361,2024-32-605
21208,1.478270131133765,3.0016082170658933,2024-33-605
21209,0.4584428527471674,2.151676751788369,2024-34-605
21210,1.3790992043527153,1.3217430069108098,2024-35-605
21211,0.5207515281681966,1.2218738807317915,2024-36-605
21212,0.8102612333198729,0.962158999315014,2024-37-605
21213,0.30846329185427,0.774596817407573,2024-38-605
21214,0.3466052030359669,0.6940847824442229,2024-39-605
21215,0.392400637229542,0.3971944869063594,2024-40-605
21216,1.0517022646008136,0.5991775176102262,2024-41-605
21217,1.0097541952096412,0.7491766669694697,2024-42-605
21218,0.5998825500459074,0.917475464070781,2024-43-605
21219,1.5076159892415746,0.7655066983484657,2024-44-605
21220,0.3618708395785419,1.0176141767869282,2024-45-605
21221,0.4693267754868853,0.6689814067718789,2024-46-605
21222,0.4313245003864126,0.7678361717021345,2024-47-605
21223,0.4584071281231375,0.7065493075343985,2024-48-605
21224,1.646163649442023,0.5982463763493105,2024-49-605
21225,2.422229645038299,1.2951965304083812,2024-50-605
21226,5.140463708651376,1.8872839483349075,2024-51-605
21227,0.0,3.1508920999056187,2024-52-605
21480,0.1762228189111456,0.8579306678026639,2024-1-606
21481,0.0,0.7860927088953502,2024-2-606
21482,0.2325470811642984,0.2601758383517717,2024-3-606
21483,0.2369662512767497,0.33091550075131004,2024-4-606
21484,0.0,-0.041239519146936354,2024-5-606
21485,0.3150739321817243,0.48292479722701165,2024-6-606
21486,0.0,0.3785887533814488,2024-7-606
21487,0.3725204588260799,0.4092127770261882,2024-8-606
21488,0.0,0.4913753774727113,2024-9-606
21489,1.034627867093512,0.3496419031105923,2024-10-606
21490,1.1638713548251909,0.8248042600979955,2024-11-606
21491,0.6259019239413601,1.068325472062679,2024-12-606
21492,0.0,0.9111738067842884,2024-13-606
21493,0.6030077677051712,0.6873252038812303,2024-14-606
21494,0.0,0.7367636063983836,2024-15-606
21495,0.6958934346724346,0.4758804322175547,2024-16-606
21496,0.0,0.6531440784813212,2024-17-606
21497,0.0,0.4303067445202856,2024-18-606
21498,0.0,0.34771501464895493,2024-19-606
21499,0.5336121675999452,0.31034458932784537,2024-20-606
21500,0.8202036058612144,0.4454016686110077,2024-21-606
21501,0.3050330288326585,0.7898569182656856,2024-22-606
21502,1.1701673394485708,0.6525689333318043,2024-23-606
21503,0.2307510960996386,0.8336679260496395,2024-24-606
21504,0.7544924323825503,0.7508172395596033,2024-25-606
21505,0.4082656007827979,0.6741794401865902,2024-26-606
21506,1.822064855686511,0.8175754535414628,2024-27-606
21507,0.9737638658136932,1.1366209082229548,2024-28-606
21508,0.8421525165802889,1.2419190482914937,2024-29-606
21509,0.5974676341807587,1.1023823671961506,2024-30-606
21510,0.4274672633329358,0.9594495816136496,2024-31-606
21511,0.2729317029610997,0.6867131742512995,2024-32-606
21512,0.836383986865307,0.5591085319670216,2024-33-606
21513,0.6483266359597395,0.6223587846019727,2024-34-606
21514,0.3899877062588622,0.6704998374453792,2024-35-606
21515,0.2944643513298758,0.5217038087653236,2024-36-606
21516,0.4122745469274996,0.5018506955120203,2024-37-606
21517,0.0,0.5644269752512341,2024-38-606
21518,0.1469091661371664,0.4116753406690248,2024-39-606
21519,0.332575562630072,0.2831463567407113,2024-40-606
21520,0.0,0.35825555971618095,2024-41-606
21521,0.4277401105218625,0.28647608893253695,2024-42-606
21522,0.2540664956382283,0.3170199464487917,2024-43-606
21523,0.5107151725506986,0.3392777305721629,2024-44-606
21524,0.0,0.5166961809035557,2024-45-606
21525,0.0,0.38872691289806627,2024-46-606
21526,0.0,0.17551575408164644,2024-47-606
21527,0.3879243170967369,0.2659078206560205,2024-48-606
21528,0.4642632727888973,0.43027164436006715,2024-49-606
21529,0.5122533960247692,0.3409367163795832,2024-50-606
21530,1.4491973279057604,0.7917490990724763,2024-51-606
21531,1.151410628527152,0.8208592800582807,2024-52-606
21784,0.0,0.505619141461537,2024-1-607
21785,0.439531822063313,0.32922482254324836,2024-2-607
21786,0.2509939290471357,0.31689036688891825,2024-3-607
21787,0.0,0.2651202797161377,2024-4-607
21788,0.0,0.010474372324805525,2024-5-607
21789,0.6805179495390804,0.48388660321442767,2024-6-607
21790,0.7646601320023254,0.3437262953128156,2024-7-607
21791,1.609794207761155,0.9649203408844081,2024-8-607
21792,0.4735231883378704,1.2448313928239518,2024-9-607
21793,2.236338160594118,0.9431458533749193,2024-10-607
21794,0.629042231874311,1.6789674523858502,2024-11-607
21795,0.0,1.3663134348514983,2024-12-607
21796,1.8200196583206707,0.671679003031027,2024-13-607
21797,0.6521870622101223,1.2643570046458155,2024-14-607
21798,0.0,0.7541287700173518,2024-15-607
21799,0.7529305344974654,0.7635572205618998,2024-16-607
21800,0.0,0.8097731451533878,2024-17-607
21801,0.0,0.44851615072721174,2024-18-607
21802,0.5655527418462102,0.07023889060775768,2024-19-607
21803,1.155562707138339,0.41321318549477015,2024-20-607
21804,0.8882615103836441,0.4931771761259679,2024-21-607
21805,1.3216223843661956,0.751048959397642,2024-22-607
21806,1.2677389773579948,0.982727421589674,2024-23-607
21807,0.2500385507231327,1.0439239494094668,2024-24-607
21808,1.839847902457792,0.46526035071376914,2024-25-607
21809,1.991503711321981,0.957928484546946,2024-26-607
21810,1.097487886978635,1.6749567277817312,2024-27-607
21811,0.6335718801201738,1.3296930740298603,2024-28-607
21812,1.5223448950127194,1.074717936928975,2024-29-607
21813,3.078676819452183,1.2635037159813243,2024-30-607
21814,1.3914344909853558,2.0535175226240563,2024-31-607
21815,1.4809662657789937,1.696768770192674,2024-32-607
21816,2.1182937571600737,1.5877971433851843,2024-33-607
21817,0.8446198898843613,1.8880423793630055,2024-34-607
21818,0.9880897293668572,1.4793726357202042,2024-35-607
21819,1.2792159804146075,1.0190543223468274,2024-36-607
21820,0.4478371796412723,1.2228180660700758,2024-37-607
21821,0.7103732132960773,0.6252997569885915,2024-38-607
21822,0.9578525411033804,0.8463952398474079,2024-39-607
21823,1.265142122313931,0.649201278953855,2024-40-607
21824,0.1937597725903951,0.7620329441960745,2024-41-607
21825,1.3952337742633107,0.6450718486242133,2024-42-607
21826,2.210372759162319,1.1520060052148444,2024-43-607
21827,2.499779966368405,1.3483630339753006,2024-44-607
21828,0.6666860547894312,1.7346281394739957,2024-45-607
21829,1.7293080149477895,0.8452042480979689,2024-46-607
21830,3.973199782769883,0.7989636656972958,2024-47-607
21831,3.800400710517928,2.7142238197916697,2024-48-607
21832,2.0218387078863014,3.3702727245524713,2024-49-607
21833,1.1156277954622404,2.824973571087398,2024-50-607
21834,3.945974748858887,2.395344197224496,2024-51-607
21835,5.017175184945912,2.8396668527793425,2024-52-607
22088,0.1699073993377312,0.34050233294057175,2024-1-608
22089,0.0,0.5123753027654958,2024-2-608
22090,0.0,-0.04763469800386111,2024-3-608
22091,0.0,0.04051466057193842,2024-4-608
22092,0.0,-0.25820458898620413,2024-5-608
22093,0.0,0.24854785961293058,2024-6-608
22094,0.0,0.13009172848028716,2024-7-608
22095,0.0,0.2778867169738798,2024-8-608
22096,0.0,0.0858532124826843,2024-9-608
22097,0.0,0.13083466605937943,2024-10-608
22098,0.0,0.24608555839931812,2024-11-608
22099,0.0,0.21226444308942405,2024-12-608
22100,0.0,0.1439181719811452,2024-13-608
22101,0.0,0.1956688197984756,2024-14-608
22102,0.0,0.22640038835248333,2024-15-608
22103,0.0,0.1779588562406187,2024-16-608
22104,0.0,0.21491153267083862,2024-17-608
22105,0.6495710686718028,0.08117038903020823,2024-18-608
22106,0.506077402116033,0.4742610160406967,2024-19-608
22107,0.5170585893544749,0.594836055076337,2024-20-608
22108,0.3974838504868468,0.5187473590474626,2024-21-608
22109,0.2957252735546091,0.44849417593605856,2024-22-608
22110,0.0,0.44289732000391335,2024-23-608
22111,0.0,0.00832746339102819,2024-24-608
22112,0.1830112137338278,0.07927684579886796,2024-25-608
22113,0.3962226647442861,0.04013892190980983,2024-26-608
22114,0.0,0.3338021099307724,2024-27-608
22115,0.3782198536419808,0.21812021071659515,2024-28-608
22116,0.1363286827550285,0.3050621782421076,2024-29-608
22117,0.0,0.40376918774669246,2024-30-608
22118,0.0,0.15923504021096635,2024-31-608
22119,0.1326547665680608,0.1785055089189016,2024-32-608
22120,0.1355408970583919,0.14422366042012658,2024-33-608
22121,0.2522242096960062,0.24719347745932707,2024-34-608
22122,0.0,0.3504479762162953,2024-35-608
22123,0.0,0.23600388740087108,2024-36-608
22124,0.0,0.1588630203136333,2024-37-608
22125,0.0,0.10571147501127132,2024-38-608
22126,0.0,0.13204264063026572,2024-39-608
22127,0.1619925977495408,0.03907233331646287,2024-40-608
22128,0.0,0.2451926933236629,2024-41-608
22129,0.0,0.17830904932178893,2024-42-608
22130,0.0,0.07365472386041871,2024-43-608
22131,0.0,-0.00457934858562159,2024-44-608
22132,0.2988945683042673,-0.004686636270105904,2024-45-608
22133,0.0,0.049798330391094714,2024-46-608
22134,0.0,0.24142506950177334,2024-47-608
22135,0.3787191168546439,0.06762122611232058,2024-48-608
22136,0.0,0.3606087050984885,2024-49-608
22137,0.5003671957835272,0.21033863894177784,2024-50-608
22138,0.0,0.37345518293933533,2024-51-608
22139,0.0,0.1763626481753856,2024-52-608
22392,0.0,1.8936869439366966,2024-1-609
22393,0.3181955615638653,1.2914600986930351,2024-2-609
22394,0.3633167807410835,0.7094548449274689,2024-3-609
22395,2.961564112655964,0.6457568826708002,2024-4-609
22396,0.0,1.1883248425274178,2024-5-609
22397,0.9842996687104184,1.2500221893857013,2024-6-609
22398,1.1057189691935358,1.0083653510510948,2024-7-609
22399,1.7454062313253087,1.3134143090440362,2024-8-609
22400,0.0,1.3758610215210019,2024-9-609
22401,0.8078293605526468,0.86541297177089,2024-10-609
22402,0.9086792694618776,0.963575465171009,2024-11-609
22403,1.9545289625132671,1.0036254346188664,2024-12-609
22404,1.3138757994204566,1.353489002757389,2024-13-609
22405,2.824167241032636,1.4934747607530723,2024-14-609
22406,0.0,2.11276426252678,2024-15-609
22407,1.086249180649914,1.3400954470698863,2024-16-609
22408,0.0,1.2476673141293775,2024-17-609
22409,0.0,0.7245411594131597,2024-18-609
22410,0.8152939648919384,0.39080263938274795,2024-19-609
22411,0.8327095498957113,0.7046533080007626,2024-20-609
22412,0.6399260747974974,0.7024480572076117,2024-21-609
22413,0.4759434060938941,0.80876846922234,2024-22-609
22414,0.0,0.7334911870390147,2024-23-609
22415,1.4399681553188728,0.29691629293098254,2024-24-609
22416,0.0,0.956766555949206,2024-25-609
22417,1.2736867650919528,0.5554622896915461,2024-26-609
22418,0.3157764919738443,1.1402996008919093,2024-27-609
22419,4.859938152546092,0.7523134454444105,2024-28-609
22420,1.5322629427644583,2.4804685596974654,2024-29-609
22421,1.6304851673151086,2.236069672439714,2024-30-609
22422,2.666219785468371,1.8487509644872602,2024-31-609
22423,1.276665206310904,2.3817682954964,2024-32-609
22424,0.8693305345221787,1.8627280432639286,2024-33-609
22425,0.6064350762046761,1.4710276414583996,2024-34-609
22426,0.6079373722634529,1.1792895325225639,2024-35-609
22427,1.3769895536694072,0.8185193161483497,2024-36-609
22428,0.0,1.0935805804438887,2024-37-609
22429,0.0,0.6253193574649571,2024-38-609
22430,0.0,0.3781837705354838,2024-39-609
22431,0.0,0.17677903598910394,2024-40-609
22432,0.0,0.2924348352042563,2024-41-609
22433,0.0,0.11618838894317396,2024-42-609
22434,0.0,0.16177606914318088,2024-43-609
22435,0.0,0.25137432188858577,2024-44-609
22436,0.4773032800328976,0.18131609274659533,2024-45-609
22437,0.6188735596336022,0.2739610690898958,2024-46-609
22438,0.5686126488494293,0.47453061204140423,2024-47-609
22439,0.0,0.5179880217359133,2024-48-609
22440,1.4459916904171444,0.3921822936497297,2024-49-609
22441,0.0,0.784123301452309,2024-50-609
22442,0.0,0.6382680323341468,2024-51-609
22443,1.792703689415335,0.27895360980365325,2024-52-609
22696,0.4591729562477714,0.518928421548091,2024-1-610
22697,0.2653477519410709,0.632805801439098,2024-2-610
22698,0.1515124396281619,0.27156021584638146,2024-3-610
22699,0.3088129412405683,0.21826131137019056,2024-4-610
22700,0.5138828881801416,0.03640565476600921,2024-5-610
22701,0.4106810204626271,0.8141211110130842,2024-6-610
22702,0.0,0.6614380847940171,2024-7-610
22703,0.9713045116894844,0.66121764821033,2024-8-610
22704,1.4284212577251552,0.7888828676490887,2024-9-610
22705,0.3372737482969721,1.0818379690721165,2024-10-610
22706,0.3794415356316223,0.9061498882806587,2024-11-610
22707,0.8162960198479585,0.7962148166984475,2024-12-610
22708,1.6464647327162425,0.789795833133714,2024-13-610
22709,3.932939746026031,1.244272999272712,2024-14-610
22710,1.3555228444431076,2.4829913793725926,2024-15-610
22711,1.8158503851419048,2.092371228663346,2024-16-610
22712,2.711168008938001,2.134824635948558,2024-17-610
22713,3.500986594501254,2.2875217017213516,2024-18-610
22714,2.3862525630037354,2.6996340406761457,2024-19-610
22715,3.134088996921032,2.688347651921956,2024-20-610
22716,4.014832595099913,2.735005402981236,2024-21-610
22717,7.76492703845012,3.2093965725344518,2024-22-610
22718,5.0414934070958894,4.982777423427406,2024-23-610
22719,6.025768450624986,4.900626440569604,2024-24-610
22720,6.157649219246891,5.26627056146306,2024-25-610
22721,3.1990088139084776,5.5474015606582565,2024-26-610
22722,3.70179783723244,4.38528668591597,2024-27-610
22723,5.596436791551445,3.884053106599773,2024-28-610
22724,3.20866769941298,4.450776192078245,2024-29-610
22725,3.610066694174451,3.787921894029247,2024-30-610
22726,2.3271406065877773,3.5197430215171357,2024-31-610
22727,1.8723463303198056,3.0013389784888753,2024-32-610
22728,1.7305846191361862,2.293977756683402,2024-33-610
22729,0.932058549359885,2.0279472261875537,2024-34-610
22730,1.52922248517733,1.4646451993839684,2024-35-610
22731,0.6736140333608727,1.3721777615934758,2024-36-610
22732,1.2576086000702082,1.176412972360722,2024-37-610
22733,1.196802689754647,1.1697398845615152,2024-38-610
22734,2.016991313708434,1.2014304353183571,2024-39-610
22735,2.8269057755046583,1.3594938790256554,2024-40-610
22736,1.0489679504490232,2.204771257484027,2024-41-610
22737,1.3986569589459787,1.6684736004820513,2024-42-610
22738,1.495522362073288,1.5300981417473405,2024-43-610
22739,1.3362370869059983,1.5510614105060523,2024-44-610
22740,1.6035223465528832,1.3264121176938262,2024-45-610
22741,0.5198707812669275,1.4388851896920405,2024-46-610
22742,1.194325916264524,1.3474923304801383,2024-47-610
22743,1.2691961190717878,1.3336520798960532,2024-48-610
22744,1.5191049298108756,1.5570691538402472,2024-49-610
22745,1.6762932404310935,1.555689803800818,2024-50-610
22746,1.4228385370580636,1.5914512443921491,2024-51-610
22747,0.0,1.4583693695240074,2024-52-610
23000,1.738190952845854,3.1457618391700732,2024-1-611
23001,1.506239917601658,2.5443005070045777,2024-2-611
23002,1.432986644167351,2.032499360712567,2024-3-611
23003,1.1679271651483147,1.5542482360674257,2024-4-611
23004,0.9714510407989302,1.0819013048629536,2024-5-611
23005,0.7761183412610869,1.4760879397415714,2024-6-611
23006,0.871732872508851,1.094145802481753,2024-7-611
23007,2.75171388791198,1.1476200437490358,2024-8-611
23008,3.775788805213925,1.8322357299002408,2024-9-611
23009,4.45626224148384,2.709521485001412,2024-10-611
23010,2.8639266577695537,3.5772838686984487,2024-11-611
23011,2.30973897629921,3.40022671055131,2024-12-611
23012,4.139826413834554,2.8958607420686544,2024-13-611
23013,0.7414388102303445,3.370099362109685,2024-14-611
23014,1.7031022699188831,2.256278636831697,2024-15-611
23015,5.131728292508388,1.944379755564216,2024-16-611
23016,2.5532069487766846,3.3418259597477755,2024-17-611
23017,0.0,2.8651712127649507,2024-18-611
23018,1.9250140039048125,1.8208885834975108,2024-19-611
23019,2.6211417981673835,1.960522754039156,2024-20-611
23020,2.014027446434992,2.141485725594956,2024-21-611
23021,1.4977162405677926,2.1475288810948387,2024-22-611
23022,1.723300114443798,1.9783050156509847,2024-23-611
23023,1.1325164841075943,1.7763905576183014,2024-24-611
23024,2.5452911724455545,1.604329353850547,2024-25-611
23025,2.503639851662036,1.9310167042780546,2024-26-611
23026,3.22724339342407,2.456517505804446,2024-27-611
23027,3.82013503128866,2.61618747980776,2024-28-611
23028,2.752597116212224,3.2715366117440734,2024-29-611
23029,4.209916998993931,3.0134443719092263,2024-30-611
23030,2.6186192669689974,3.3778032562116485,2024-31-611
23031,1.6715975386799058,3.0844302056397064,2024-32-611
23032,1.877859816523242,2.573898679877482,2024-33-611
23033,1.111338262220099,2.2166017730309635,2024-34-611
23034,0.9548027740267764,1.563636938103583,2024-35-611
23035,0.1801954967473464,1.340562649758852,2024-36-611
23036,0.0,0.8238555514279102,2024-37-611
23037,0.0,0.4564250789790999,2024-38-611
23038,0.0,0.3139323970241421,2024-39-611
23039,0.0,0.1877695096304871,2024-40-611
23040,0.435827318166027,0.34242772315883696,2024-41-611
23041,0.0,0.30600798577193966,2024-42-611
23042,0.3104910826865455,0.3792627514765624,2024-43-611
23043,0.6240068320285846,0.4279006162449154,2024-44-611
23044,0.3742984166514917,0.46529845220805943,2024-45-611
23045,0.0,0.6126665555749162,2024-46-611
23046,0.8915593976831505,0.3395998123381603,2024-47-611
23047,0.9471603067140985,0.7445776973466207,2024-48-611
23048,0.0,1.0644362415164168,2024-49-611
23049,0.0,0.6105871612117608,2024-50-611
23050,3.5361564223360227,0.46402965359611625,2024-51-611
23051,1.4044731301925022,1.7165802975781477,2024-52-611
23304,0.5269388620006304,1.574371863733633,2024-1-701
23305,0.9136464285108076,1.5127183506755677,2024-2-701
23306,0.4347978193968119,1.4298979651085177,2024-3-701
23307,0.0886323204757089,1.0165330146909173,2024-4-701
23308,0.0983392937159189,0.7895772251159963,2024-5-701
23309,0.5895034917537524,0.6407297859874179,2024-6-701
23310,0.3974514151658594,0.5937789274682514,2024-7-701
23311,0.5578433436215632,0.6463060124740048,2024-8-701
23312,0.1640970224166622,0.6503762829257485,2024-9-701
23313,0.5812671011137516,0.4927123023440687,2024-10-701
23314,0.4360179423284353,0.6972419640855678,2024-11-701
23315,0.7036002397706962,0.6330596232500709,2024-12-701
23316,1.2616408795106258,1.03404102834627,2024-13-701
23317,0.4521155166620853,1.3056251481246184,2024-14-701
23318,0.5194876699863026,1.2687459811719934,2024-15-701
23319,1.043992216182117,0.9547661419397018,2024-16-701
23320,1.299121940337982,1.0268285190795903,2024-17-701
23321,0.5033414786487911,1.233764616147751,2024-18-701
23322,0.196068651411611,0.8791461752656146,2024-19-701
23323,0.4006324587923434,0.7751891226449925,2024-20-701
23324,0.1539859261096482,0.5248521315647623,2024-21-701
23325,0.0,0.41896904273488145,2024-22-701
23326,0.0,0.3773207564926616,2024-23-701
23327,0.2601064449771391,-0.13474602106603895,2024-24-701
23328,0.0708891662303308,0.3141529296122173,2024-25-701
23329,0.0,0.3047437151094635,2024-26-701
23330,0.0761209318162845,0.14018762012246466,2024-27-701
23331,0.1464857362574893,0.23294477455225393,2024-28-701
23332,0.1583949582038187,0.27315162459209075,2024-29-701
23333,0.1685990567171386,0.1629493295128175,2024-30-701
23334,0.2681204791414718,0.2968415492482873,2024-31-701
23335,0.0,0.3234397070066859,2024-32-701
23336,0.0,0.1914008856121049,2024-33-701
23337,0.1464940786129917,0.2966208618863788,2024-34-701
23338,0.097933990219486,0.23550975495282944,2024-35-701
23339,0.0554721944278032,0.21556729602587865,2024-36-701
23340,0.0517889013765826,0.3038125313162853,2024-37-701
23341,0.049291351941817,0.13199352399175668,2024-38-701
23342,0.0553882845626367,0.45031692046208804,2024-39-701
23343,0.1254174983182232,0.546120763144024,2024-40-701
23344,0.0672305761038069,0.1770725163465745,2024-41-701
23345,0.0,0.2911174096179173,2024-42-701
23346,0.0,0.17048708711317817,2024-43-701
23347,0.0,0.25201601900161386,2024-44-701
23348,0.2313609273308794,0.15549809471723464,2024-45-701
23349,0.0,0.3777327590769708,2024-46-701
23350,0.413678570964769,0.2665163677634743,2024-47-701
23351,0.4396690196963549,0.6459512455324496,2024-48-701
23352,0.8771838206402136,0.6872791942160832,2024-49-701
23353,0.1936153510813583,0.9685787452308224,2024-50-701
23354,0.0,0.7647585555060619,2024-51-701
23355,0.4353940252566327,0.34025257215878624,2024-52-701
23608,0.6699130710781626,0.8682483386013031,2024-1-702
23609,0.4098778757094591,1.0180661442530534,2024-2-702
23610,0.5720590535480747,0.7895990233427885,2024-3-702
23611,0.688941074442807,0.6375856292780648,2024-4-702
23612,0.5878810755855888,0.7449095677627884,2024-5-702
23613,1.4093685175267492,0.8359904299820131,2024-6-702
23614,0.9500315706649072,1.1082132297634004,2024-7-702
23615,1.0831919630836395,1.2081636139181144,2024-8-702
23616,1.6663846532675122,1.4771294473995782,2024-9-702
23617,1.3886001261759378,1.576632618672821,2024-10-702
23618,1.3017622409354976,1.8631260750352268,2024-11-702
23619,1.1201285406508743,1.640409934425004,2024-12-702
23620,0.5647887318186728,1.3999142807519436,2024-13-702
23621,0.8094229954639358,1.1136331484512743,2024-14-702
23622,1.0848358578819863,1.0863468760208488,2024-15-702
23623,0.0,1.108444795699809,2024-16-702
23624,0.7748228676975302,0.7918023030944428,2024-17-702
23625,1.6507975636254988,0.962918335409084,2024-18-702
23626,0.7013644133199564,1.271342067255926,2024-19-702
23627,0.7164198571330984,1.2113087533757103,2024-20-702
23628,0.8259232427079445,1.128877806006682,2024-21-702
23629,0.2730405895912111,1.080594170174006,2024-22-702
23630,0.4713632091402919,0.8347194943161007,2024-23-702
23631,0.6196908279643103,0.3534790910317559,2024-24-702
23632,0.2955002322056614,0.8000546685152234,2024-25-702
23633,0.2741219224217214,0.6083224055708902,2024-26-702
23634,0.0453123665169247,0.4187733196557296,2024-27-702
23635,0.0435907925925147,0.2626265295695771,2024-28-702
23636,0.4712567267876408,0.10657413350560319,2024-29-702
23637,0.2006079448598669,0.3741230567726922,2024-30-702
23638,0.2551700843048111,0.2096494591592506,2024-31-702
23639,0.2443924659912609,0.23697093722025186,2024-32-702
23640,0.3744770532168156,0.4231172963713876,2024-33-702
23641,0.4064031496304881,0.5251661512730718,2024-34-702
23642,0.2910385311667882,0.4304512965904639,2024-35-702
23643,0.2966755258657985,0.3819179831010975,2024-36-702
23644,0.1230771384530063,0.4209920620988936,2024-37-702
23645,0.3220779242713553,0.27738597046814006,2024-38-702
23646,0.2631614646029455,0.5654713166079947,2024-39-702
23647,0.111707065210744,0.7193745188785658,2024-40-702
23648,0.0798261053395448,0.4185146872873141,2024-41-702
23649,0.2873634539870595,0.3484892149662723,2024-42-702
23650,0.227590071202721,0.41828320758627546,2024-43-702
23651,0.1715661309595081,0.3687315804253041,2024-44-702
23652,0.4117436441023238,0.32739975817028855,2024-45-702
23653,0.1779753657200097,0.39429094277925913,2024-46-702
23654,0.3270778956277135,0.47597504679619296,2024-47-702
23655,0.2606706948008039,0.39751617976542397,2024-48-702
23656,0.727950603140563,0.3366943047381946,2024-49-702
23657,1.2622130303214802,0.6305990382646403,2024-50-702
23658,0.0,1.0823676535174716,2024-51-702
23659,0.0,0.6701233589990188,2024-52-702
23912,2.028703613476828,1.128948949435784,2024-1-703
23913,1.727779886615414,1.674212764437764,2024-2-703
23914,1.550394449099908,1.7270438567827848,2024-3-703
23915,2.2983330983544272,1.8347026181866348,2024-4-703
23916,2.231129051721763,1.9831941095283003,2024-5-703
23917,2.101586811502213,2.1693543687551258,2024-6-703
23918,1.502684493588438,2.14353555009658,2024-7-703
23919,1.8076648879400248,2.0289318196934767,2024-8-703
23920,1.5951308752870104,1.9207466728826057,2024-9-703
23921,1.5694141395224044,1.7320306874192166,2024-10-703
23922,3.5314749573323563,1.8326938678591902,2024-11-703
23923,3.798876597196512,2.471422601269778,2024-12-703
23924,3.575962526963643,3.0485061124591706,2024-13-703
23925,4.759382638293389,3.3849751850550183,2024-14-703
23926,3.365052023678384,4.152413783355373,2024-15-703
23927,3.381057038489588,3.8731834007665435,2024-16-703
23928,1.6828051731594595,3.7660327661204906,2024-17-703
23929,3.6672275663333886,3.0787664786942504,2024-18-703
23930,1.9045427687648568,3.073133826735301,2024-19-703
23931,0.3242769989163778,2.6547872812246416,2024-20-703
23932,0.0,1.6071405089529016,2024-21-703
23933,0.9271340570097086,0.9686811036860827,2024-22-703
23934,0.711444843155191,0.8949434016682207,2024-23-703
23935,0.5612606745377046,0.4519857214901546,2024-24-703
23936,0.3441474643489255,0.8450439589309351,2024-25-703
23937,0.0,0.7421222801050724,2024-26-703
23938,0.6158204392090305,0.39693298564743706,2024-27-703
23939,0.4739943808004896,0.6424166366075261,2024-28-703
23940,0.2562459866619898,0.5613028362749282,2024-29-703
23941,0.5454672905227234,0.4375858965708116,2024-30-703
23942,0.4336920093463452,0.6881199094142245,2024-31-703
23943,0.4985075922650674,0.4300245865292921,2024-32-703
23944,0.6790592941458238,0.5381536537095061,2024-33-703
23945,0.0,0.7355851623406822,2024-34-703
23946,0.1583639406228079,0.445032675528929,2024-35-703
23947,0.3587781938770179,0.3610060476177517,2024-36-703
23948,0.0837327297507278,0.4292010661861504,2024-37-703
23949,0.4781326276796008,0.2873092519508583,2024-38-703
23950,0.2686169526253555,0.7018624128301363,2024-39-703
23951,0.3040965463466802,0.7710117123634135,2024-40-703
23952,0.3260003213035,0.5258973266199717,2024-41-703
23953,0.2608213166968527,0.5454500502388866,2024-42-703
23954,0.0,0.48561583319485635,2024-43-703
23955,0.1557560879174405,0.3933750058906602,2024-44-703
23956,0.1869223928948322,0.37432056025247307,2024-45-703
23957,0.7272567726643543,0.3894887210858434,2024-46-703
23958,0.89112525289881,0.6496502374934228,2024-47-703
23959,1.4205636191890836,0.8554482978905176,2024-48-703
23960,0.8501871308080039,1.1952313124584053,2024-49-703
23961,0.3127377354011089,1.3818981156807981,2024-50-703
23962,0.4424451656845012,1.0884132305050165,2024-51-703
23963,1.4063344865613516,1.0347201974981575,2024-52-703
24216,0.0,1.3564014038319434,2024-1-704
24217,0.3103462917557402,1.1740588972291686,2024-2-704
24218,0.0,0.630943962753501,2024-3-704
24219,0.5416192520722165,0.47310903000954896,2024-4-704
24220,0.4005146125993227,0.4882973384003376,2024-5-704
24221,0.2400259795871293,0.6447616942171477,2024-6-704
24222,0.5392811885922623,0.5241117283421342,2024-7-704
24223,1.1350509822957426,0.7061360479312557,2024-8-704
24224,1.001395697940112,0.9119486058243925,2024-9-704
24225,0.3940206000186892,0.9573902697459592,2024-10-704
24226,0.4432201536792341,0.8718108595217751,2024-11-704
24227,0.0,0.7843667870947402,2024-12-704
24228,0.0,0.775249654897384,2024-13-704
24229,0.4592051655685483,0.5159523956620828,2024-14-704
24230,0.0,0.7678700646487377,2024-15-704
24231,2.1195623241611408,0.5664119739750997,2024-16-704
24232,0.5273630129168354,1.1407593294872007,2024-17-704
24233,0.0,1.0503681321285268,2024-18-704
24234,0.7954806529617957,0.6727463779052827,2024-19-704
24235,0.0,0.7345258030162691,2024-20-704
24236,0.0,0.4064916632098913,2024-21-704
24237,0.9288152204247412,0.31641954328829824,2024-22-704
24238,0.3562954624970543,0.56693466103166,2024-23-704
24239,0.1756410284750118,0.04196240382500038,2024-24-704
24240,0.4307033299035294,0.3469356330398592,2024-25-704
24241,0.0,0.4077992243724162,2024-26-704
24242,0.1540784170927732,0.16054434175062338,2024-27-704
24243,0.2964235210094012,0.25033378562576036,2024-28-704
24244,0.7476788467304551,0.351958653665678,2024-29-704
24245,0.568303716995837,0.5901968416126404,2024-30-704
24246,0.7589519841805957,0.6115732834257581,2024-31-704
24247,0.4153337263550318,0.750742685633381,2024-32-704
24248,0.636352125502766,0.6937731290193248,2024-33-704
24249,0.4932467524469384,0.6962077947773535,2024-34-704
24250,1.0878557356337937,0.6525505731455342,2024-35-704
24251,0.3360094875195533,0.8238223804247262,2024-36-704
24252,0.3136120089212103,0.6996070204965983,2024-37-704
24253,0.2984052975193595,0.47735470044141726,2024-38-704
24254,0.7821865279445505,0.7147493973798162,2024-39-704
24255,0.5058972969282969,0.9210664997877326,2024-40-704
24256,0.5422267342128784,0.6094220973174229,2024-41-704
24257,0.8132410676973854,0.6157402230388587,2024-42-704
24258,0.3864162353472414,0.7495728928427972,2024-43-704
24259,0.7767216176407046,0.7181101880144294,2024-44-704
24260,1.1649407009159385,0.6129235276444713,2024-45-704
24261,0.0,1.0663664462343272,2024-46-704
24262,0.8327157604445108,0.8238435780530671,2024-47-704
24263,1.179718458292962,0.6905488313462678,2024-48-704
24264,1.411803991763604,1.104265650644232,2024-49-704
24265,0.0,1.2283340304455979,2024-50-704
24266,0.0,0.7904661947400369,2024-51-704
24267,0.0,0.5629909178207039,2024-52-704
24520,0.6736952793220834,0.5889406835376627,2024-1-705
24521,0.6229023186324181,0.881460315729391,2024-2-705
24522,0.5335086131777778,0.7530721089424226,2024-3-705
24523,0.7249277543984037,0.71993986750218,2024-4-705
24524,0.804210027515459,0.7690862859207164,2024-5-705
24525,1.205059757708755,0.8807582061931456,2024-6-705
24526,1.353925586888804,1.052368663901313,2024-7-705
24527,1.4250301926347135,1.320116901957405,2024-8-705
24528,1.6765337656406047,1.6962996118704137,2024-9-705
24529,1.583419116312249,1.682520647651431,2024-10-705
24530,2.6720638205539133,1.9795757307302435,2024-11-705
24531,2.395166722082112,2.260455470052654,2024-12-705
24532,2.57653819789832,2.243976534269276,2024-13-705
24533,0.4615939036494013,2.483025130245387,2024-14-705
24534,1.5909149693638185,1.689746598679692,2024-15-705
24535,1.065583654823436,1.5898664967141336,2024-16-705
24536,1.5909673812083334,1.5154531283499928,2024-17-705
24537,1.027218077170892,1.450842874288928,2024-18-705
24538,0.4000809958046146,1.2264767974061093,2024-19-705
24539,0.4086916154183858,0.8926841745344903,2024-20-705
24540,0.3141235186179181,0.7904974248317028,2024-21-705
24541,1.1683269823169349,0.6472325359050368,2024-22-705
24542,0.1792933794800428,0.914794015507129,2024-23-705
24543,0.3535890383997556,0.26417141110608067,2024-24-705
24544,0.0,0.5925912590562998,2024-25-705
24545,0.3128565567402925,0.4286450205175574,2024-26-705
24546,0.3103078557102025,0.27716947932103697,2024-27-705
24547,0.2985341850658254,0.46673590149697164,2024-28-705
24548,0.0,0.4133700526948352,2024-29-705
24549,0.4580076352558485,0.25983313203582536,2024-30-705
24550,0.7646750513270729,0.4185078644521766,2024-31-705
24551,0.4185238252592944,0.5870378913615837,2024-32-705
24552,0.2137763121010637,0.5967615557927022,2024-33-705
24553,0.9943468379175155,0.5406598196233912,2024-34-705
24554,0.3987884678073521,0.732560451101639,2024-35-705
24555,0.4517046374546073,0.5966578231786721,2024-36-705
24556,0.316240313684958,0.6156962050516386,2024-37-705
24557,0.0,0.51336494081364,2024-38-705
24558,0.4508346898615472,0.5772560057859346,2024-39-705
24559,0.3827620618209398,0.7825885389569482,2024-40-705
24560,0.8206115970599216,0.522359238503222,2024-41-705
24561,0.9847504682686395,0.7258155334640217,2024-42-705
24562,0.194989480636042,0.9252474248906744,2024-43-705
24563,0.0,0.6572747391720248,2024-44-705
24564,0.4704028003211319,0.39947813813172106,2024-45-705
24565,0.3050122862375829,0.45181539795559644,2024-46-705
24566,0.8408588012973077,0.4548596569851743,2024-47-705
24567,0.5957097965921115,0.6908756160768061,2024-48-705
24568,0.0,0.8136896269138059,2024-49-705
24569,0.0,0.6199957565329834,2024-50-705
24570,0.0,0.4484739047955719,2024-51-705
24571,0.8843882497438781,0.21879101114900779,2024-52-705
24824,1.9959481952392155,3.871963459715758,2024-1-706
24825,1.94238595220498,3.374823767893262,2024-2-706
24826,2.3565579860817536,2.7037582159868947,2024-3-706
24827,1.553781342862543,2.7185269337399776,2024-4-706
24828,2.036895702680506,1.8729305848492936,2024-5-706
24829,0.7512214793664965,1.958836485196501,2024-6-706
24830,2.5317974412465856,1.4878237643761414,2024-7-706
24831,1.9983566335023035,1.9249130621605588,2024-8-706
24832,3.1343933073753303,1.994555792360247,2024-9-706
24833,3.391658017729771,2.3761845865587583,2024-10-706
24834,2.7747418723252992,3.047140697191844,2024-11-706
24835,2.611285572107513,2.7787308985850263,2024-12-706
24836,2.5077876317785184,2.6746481905093864,2024-13-706
24837,1.7969161549076478,2.7835006654127454,2024-14-706
24838,1.23850656435639,2.311525704500725,2024-15-706
24839,1.6589087727549363,1.9032980179881762,2024-16-706
24840,2.476565713705169,1.8791438887885883,2024-17-706
24841,2.398259278553206,1.8938324694691646,2024-18-706
24842,0.6226497195551747,2.123972045128127,2024-19-706
24843,1.271965303651022,1.5404635708476737,2024-20-706
24844,0.7331535370556544,1.3040738035866168,2024-21-706
24845,0.7270785180079234,1.1677725855431844,2024-22-706
24846,0.6972923236437557,0.8819424920833906,2024-23-706
24847,0.6875007061505611,0.4621384878137139,2024-24-706
24848,1.011554392846871,0.8495707397979881,2024-25-706
24849,0.8514421251420555,0.9716468372469723,2024-26-706
24850,1.206308876536752,0.7826305374687008,2024-27-706
24851,0.5802080644165093,1.141389534757042,2024-28-706
24852,0.2508902407204338,0.7952899138055128,2024-29-706
24853,0.2669878941532623,0.591578619794384,2024-30-706
24854,0.5942763961484031,0.5658083133919086,2024-31-706
24855,0.4878395308547156,0.36955965667753743,2024-32-706
24856,0.4152590731518623,0.5089714310093055,2024-33-706
24857,0.0772523051163386,0.5810682438327823,2024-34-706
24858,0.5421359553958808,0.31467804333803373,2024-35-706
24859,0.0877154637968629,0.43254469124175376,2024-36-706
24860,0.1637425788170171,0.3436626777398576,2024-37-706
24861,0.3116160240079067,0.2166538537092787,2024-38-706
24862,0.2625562573691694,0.538002784388026,2024-39-706
24863,0.594369819618633,0.6330254053485469,2024-40-706
24864,0.2123578698668858,0.5474709974104922,2024-41-706
24865,0.254806800915473,0.42439141776634115,2024-42-706
24866,0.3026923004184603,0.346220186165056,2024-43-706
24867,0.3042255511877246,0.4857177571843253,2024-44-706
24868,0.0,0.2897230146500285,2024-45-706
24869,0.2366682335353699,0.13448027040533617,2024-46-706
24870,0.0,0.4043731108536278,2024-47-706
24871,0.0,0.1548962881120307,2024-48-706
24872,0.2765323983978671,0.2657792507052811,2024-49-706
24873,0.0,0.40726051243750117,2024-50-706
24874,1.294751429970047,0.3661934726099674,2024-51-706
24875,0.6857894749025168,1.1609620959512568,2024-52-706
252,4.1258752667965135,2.9247175970008676,2025-1-101
253,3.8396928786099584,3.4368131274307183,2025-2-101
254,5.846781238034461,3.476758290958018,2025-3-101
255,5.795785237683699,4.224513093798573,2025-4-101
256,5.098400856500931,4.72857075295401,2025-5-101
257,5.447339633411045,4.68343259113827,2025-6-101
258,2.833922533479759,4.898776068937924,2025-7-101
259,6.119004009058746,3.694854097676693,2025-8-101
260,4.256912423342632,4.498485042853357,2025-9-101
261,4.589714383198046,4.227168630232485,2025-10-101
262,3.2046161713869528,4.041766765724828,2025-11-101
263,3.374399410175789,3.650401488494193,2025-12-101
264,4.979423757596878,2.993147234817876,2025-13-101
265,2.6442068325053896,3.758826427963191,2025-14-101
266,5.38661777821956,3.1033706042694638,2025-15-101
267,3.326380411963841,3.8688678049555802,2025-16-101
268,3.847970536811536,3.5271025636367455,2025-17-101
269,2.938597744386004,3.4382111755706886,2025-18-101
270,1.763247147637811,3.0007833742311885,2025-19-101
271,1.4406336927175647,2.369297886922398,2025-20-101
272,2.9390402056306297,1.809500424508668,2025-21-101
273,2.3993368681841285,2.0683977196364665,2025-22-101
274,2.509188505831155,2.1278437065012206,2025-23-101
275,1.7437608261728272,2.131547612482156,2025-24-101
276,2.0997356783434364,1.889242992622439,2025-25-101
277,2.8520228014917266,1.8730416265547243,2025-26-101
278,2.807792381014107,2.1468164902270006,2025-27-101
279,2.4275807787048724,2.2143916013220277,2025-28-101
280,4.060298711423848,2.2369919178171225,2025-29-101
281,3.4267383094170905,2.870992966623919,2025-30-101
282,4.055874175870394,3.0583234625338522,2025-31-101
283,3.600802031852921,3.2524920140573643,2025-32-101
284,3.788762275630381,3.4584437856313297,2025-33-101
285,5.222993988245048,3.3503312087971366,2025-34-101
286,4.901822600750496,4.220757754782695,2025-35-101
287,4.634680776890354,4.231605187903379,2025-36-101
288,6.178650800810204,4.328167837181541,2025-37-101
289,5.799020251499525,4.941570242637812,2025-38-101
290,5.36972993101729,5.1654289326954395,2025-39-101
291,5.619214855094721,4.967556339725279,2025-40-101
292,4.630879248752112,5.124447064163526,2025-41-101
293,3.875842006123064,4.600465165651221,2025-42-101
294,2.870500004519883,4.162509820514042,2025-43-101
295,2.363074235661512,3.359872902972583,2025-44-101
296,3.5829032831121235,2.661346476934499,2025-45-101
297,2.9287541965767887,2.7838062392594716,2025-46-101
298,3.127663123382246,2.5756911417586785,2025-47-101
299,2.0896989402015462,2.7062254406504858,2025-48-101
300,2.400981545935088,2.4965598880992257,2025-49-101
301,2.408141987487731,2.1622057305965297,2025-50-101
302,2.357996906012202,2.1150183706895884,2025-51-101
303,0.668994676571771,2.1040979130195705,2025-52-101
556,0.9527110437459,-0.14395178747078674,2025-1-102
557,1.1212896306540874,0.4916735358457146,2025-2-102
558,0.0,0.7205611038560173,2025-3-102
559,2.877106089308921,0.33125798804261064,2025-4-102
560,1.0123349729623918,1.328120014579757,2025-5-102
561,0.0,1.1983976414689845,2025-6-102
562,0.0,0.619660842284464,2025-7-102
563,0.0,0.2630723066001045,2025-8-102
564,1.0564324288384437,0.11123369857310639,2025-9-102
565,0.0,0.39638988570976874,2025-10-102
566,2.6507889448335225,0.21751016487762687,2025-11-102
567,0.0,1.2106715163297204,2025-12-102
568,1.235585651860536,0.5492088546506808,2025-13-102
569,0.0,0.8230487452392408,2025-14-102
570,0.0,0.5431794500944818,2025-15-102
571,0.0,0.1610799449760314,2025-16-102
572,0.0,0.06238545049759403,2025-17-102
573,0.0,0.04919164030601908,2025-18-102
574,2.9163248158962696,-0.15405591553688458,2025-19-102
575,1.4295989690171231,1.2538199681876672,2025-20-102
576,0.0,1.3605095224348034,2025-21-102
577,1.488008179166972,0.7148010478878513,2025-22-102
578,0.0,1.1074113058400812,2025-23-102
579,0.0,0.49633344505328314,2025-24-102
580,0.0,0.12398430698990714,2025-25-102
581,0.0,0.09808308317705339,2025-26-102
582,0.0,-0.08683806000772121,2025-27-102
583,0.0,-0.1067087625712384,2025-28-102
584,0.0,-0.03952250782404221,2025-29-102
585,1.64490217057889,-0.10548305704581895,2025-30-102
586,0.5029342780811762,0.6588649131555954,2025-31-102
587,1.984406644813026,0.5398738366990345,2025-32-102
588,0.4474136064685306,1.2211334048652742,2025-33-102
589,1.5940959845747351,0.8998418911741239,2025-34-102
590,0.0,1.286977069685957,2025-35-102
591,0.8840343942015642,0.6564768111385568,2025-36-102
592,1.7262558653050106,0.6870820971583714,2025-37-102
593,0.0,1.1173817379064765,2025-38-102
594,0.0,0.638876019525724,2025-39-102
595,0.8195362625572855,0.29763651713853845,2025-40-102
596,1.6884305390252807,0.556275834756024,2025-41-102
597,0.4367764729760637,0.8721542167921267,2025-42-102
598,0.4447752589693775,0.8370349533970196,2025-43-102
599,0.3779513665174413,0.6122507106567652,2025-44-102
600,0.755917977074769,0.4514831160130317,2025-45-102
601,0.0,0.44917144563765843,2025-46-102
602,0.352410754765643,0.18388451843796028,2025-47-102
603,0.8633194868107443,0.24504841644222286,2025-48-102
604,1.151873160279168,0.5579892142620022,2025-49-102
605,0.0,0.6574439438425745,2025-50-102
606,0.0,0.3766240207372654,2025-51-102
607,0.0,0.23143403008305186,2025-52-102
860,1.6601442907391948,0.14402734151156937,2025-1-103
861,0.9769556489548916,0.924356468023042,2025-2-103
862,1.8732659293424,0.9034177373527139,2025-3-103
863,1.3926603637882726,1.2159428214113028,2025-4-103
864,1.1760538876710214,1.2962694762221925,2025-5-103
865,0.6828871724863554,1.158806558202772,2025-6-103
866,0.0,0.9762062194539665,2025-7-103
867,0.29403565064793,0.3580253188547926,2025-8-103
868,0.3068275214095928,0.3517866250593765,2025-9-103
869,0.4410756464259559,0.27354413349857465,2025-10-103
870,0.3849484181858317,0.2643117084415042,2025-11-103
871,0.0,0.3408377628831709,2025-12-103
872,0.0,-0.008306386145042088,2025-13-103
873,0.4234751687853588,0.08667411802809277,2025-14-103
874,1.4116193395722516,0.20614765876078456,2025-15-103
875,0.0,0.715904213127708,2025-16-103
876,0.0,0.41314067189336645,2025-17-103
877,0.0,0.2919669364338774,2025-18-103
878,0.0,-0.02993745982144813,2025-19-103
879,0.0,0.08431908069714544,2025-20-103
880,0.0,-0.01369728416984839,2025-21-103
881,0.0,0.002600241068048348,2025-22-103
882,0.5165497676602094,0.06685299752432794,2025-23-103
883,0.7179346242420305,0.2385160987129583,2025-24-103
884,1.2102629872600288,0.4349712211290686,2025-25-103
885,0.3161213889525061,0.7555117269338179,2025-26-103
886,0.2379851838346348,0.5778698264312561,2025-27-103
887,0.5829697023962614,0.30829730211805206,2025-28-103
888,1.0086563621190272,0.44989025612461153,2025-29-103
889,0.3185313475729891,0.5829409974069905,2025-30-103
890,0.2921777316927679,0.5029795358285887,2025-31-103
891,0.4323150287118431,0.32918740539893565,2025-32-103
892,0.2599262232034748,0.5032166532006241,2025-33-103
893,0.347287506563107,0.36241111015896266,2025-34-103
894,0.619447033178206,0.5312719359230004,2025-35-103
895,0.5135912507668794,0.5099112553932059,2025-36-103
896,0.3760862055387386,0.6015906302425591,2025-37-103
897,0.4842683425909793,0.48245632143042283,2025-38-103
898,0.3363061956058467,0.5179889646752265,2025-39-103
899,0.7141968735888692,0.3711744413697998,2025-40-103
900,0.3923776068199081,0.4823244082464426,2025-41-103
901,0.5075195420023774,0.3610401499633793,2025-42-103
902,0.0,0.5073225567749212,2025-43-103
903,0.1097929579008593,0.23984289430399242,2025-44-103
904,0.0,0.18331094116624835,2025-45-103
905,0.2008638916782771,-0.019193840362220493,2025-46-103
906,0.102375315500192,0.1639138774160186,2025-47-103
907,0.1253978696467362,0.18817610158275533,2025-48-103
908,0.3346229930107813,0.20420197583265476,2025-49-103
909,0.1926667188155293,0.2501738068311332,2025-50-103
910,0.0,0.20276308291876077,2025-51-103
911,0.1926767079128135,0.2056074733358263,2025-52-103
1164,0.0,1.1067937000305348,2025-1-104
1165,0.0,0.8603621646585164,2025-2-104
1166,0.0,0.5692568848895537,2025-3-104
1167,0.0,0.37054612728011205,2025-4-104
1168,0.0,0.14608923155397013,2025-5-104
1169,0.0,0.12809016792661343,2025-6-104
1170,0.0,0.1617622356736319,2025-7-104
1171,0.0,0.017518223021598223,2025-8-104
1172,0.0,0.13564158649918878,2025-9-104
1173,2.756695473542978,0.1338126998691589,2025-10-104
1174,2.405905739167072,1.2113736917018674,2025-11-104
1175,1.7882195685350784,1.8087158945805604,2025-12-104
1176,0.0,1.6303158928698394,2025-13-104
1177,0.0,1.2005708352355993,2025-14-104
1178,0.0,0.5617039251470549,2025-15-104
1179,0.0,0.3646304872866817,2025-16-104
1180,3.151081013375162,0.08007413418380005,2025-17-104
1181,0.0,1.4651985343253717,2025-18-104
1182,0.0,0.7165192418901465,2025-19-104
1183,0.0,0.6014527569281385,2025-20-104
1184,0.0,0.48240126228255664,2025-21-104
1185,2.7012764163416043,0.07560595258104152,2025-22-104
1186,0.0,1.1978748456115722,2025-23-104
1187,2.2435491118158524,0.8084585250828118,2025-24-104
1188,0.0,1.3585608222427268,2025-25-104
1189,0.0,0.9142256124097526,2025-26-104
1190,0.0,0.30791757202575554,2025-27-104
1191,0.0,0.19962721672236317,2025-28-104
1192,0.0,0.039456037853959236,2025-29-104
1193,0.0,0.058479532472774265,2025-30-104
1194,0.0,0.0734315763173814,2025-31-104
1195,0.0,-0.018699830406059714,2025-32-104
1196,0.0,0.21618730540039421,2025-33-104
1197,0.0,0.18202978316334362,2025-34-104
1198,0.0,0.13193188199535444,2025-35-104
1199,0.0,0.0438397529247887,2025-36-104
1200,0.0,0.12471163753489989,2025-37-104
1201,0.7566839401259398,0.07727623416789098,2025-38-104
1202,0.0,0.552934822057594,2025-39-104
1203,0.0,0.301957840431469,2025-40-104
1204,0.0,0.16541561716178832,2025-41-104
1205,0.0,0.040831275174677994,2025-42-104
1206,0.0,0.08848963378597108,2025-43-104
1207,0.6862248608086069,-0.16839946927090632,2025-44-104
1208,1.3724871974208432,0.3722903697214093,2025-45-104
1209,0.0,0.7253351575200688,2025-46-104
1210,0.0,0.5995742445631169,2025-47-104
1211,0.0,0.46811932894646,2025-48-104
1212,0.0,0.4327031124456109,2025-49-104
1213,0.0,0.14044674912370603,2025-50-104
1214,0.0,0.10638923427566205,2025-51-104
1215,0.0,0.16906717026508722,2025-52-104
1468,0.0,0.0099021096052756,2025-1-105
1469,0.0,0.17171340675821112,2025-2-105
1470,0.0,0.12662166056621682,2025-3-105
1471,0.0,0.051547584024050686,2025-4-105
1472,0.0,0.017152888536316135,2025-5-105
1473,0.0,0.0628887483283227,2025-6-105
1474,0.0,0.17042839571625978,2025-7-105
1475,0.0,0.029271569261841934,2025-8-105
1476,4.1717256643178935,0.19314963100729887,2025-9-105
1477,0.0,1.8391048053116563,2025-10-105
1478,0.0,1.1932940791273243,2025-11-105
1479,0.0,0.6716027911175197,2025-12-105
1480,4.880260255059414,0.3713663082887265,2025-13-105
1481,0.0,2.1581633642055325,2025-14-105
1482,0.0,1.4374630944889675,2025-15-105
1483,0.0,0.8335933386690778,2025-16-105
1484,0.0,0.581841703835061,2025-17-105
1485,0.0,0.16005766901201768,2025-18-105
1486,0.0,-0.07764167616861717,2025-19-105
1487,0.0,0.1405210508117416,2025-20-105
1488,0.0,0.047172669070252526,2025-21-105
1489,0.0,0.08214708244692104,2025-22-105
1490,0.0,0.0768799462173011,2025-23-105
1491,0.0,-0.027006565093777857,2025-24-105
1492,0.0,-0.028152626651363644,2025-25-105
1493,0.0,-0.0015879322047951394,2025-26-105
1494,0.0,0.005379037866551917,2025-27-105
1495,0.0,-0.05816371804229936,2025-28-105
1496,0.0,0.061219891897708045,2025-29-105
1497,0.0,0.08959750769138752,2025-30-105
1498,0.0,0.12166024802582531,2025-31-105
1499,0.0,0.08732485918440347,2025-32-105
1500,0.0,0.17046999598413737,2025-33-105
1501,0.0,0.22873332228624388,2025-34-105
1502,0.0,0.17132737708344326,2025-35-105
1503,0.0,0.11032473576111146,2025-36-105
1504,0.0,0.21186717661985743,2025-37-105
1505,0.0,0.1262465933088469,2025-38-105
1506,0.0,0.24700007200970786,2025-39-105
1507,0.0,0.17504924250102982,2025-40-105
1508,0.0,0.13139069034019224,2025-41-105
1509,0.0,0.014237112744388103,2025-42-105
1510,0.0,0.20597471741582363,2025-43-105
1511,0.0,0.030137777908731733,2025-44-105
1512,0.0,0.1516739197807001,2025-45-105
1513,0.0,0.2037919391237707,2025-46-105
1514,0.0,0.019857273584642954,2025-47-105
1515,1.7081930500817546,0.12117833432211489,2025-48-105
1516,0.0,0.8722374471792671,2025-49-105
1517,0.0,0.4041964998816382,2025-50-105
1518,0.0,0.2637052642987502,2025-51-105
1519,0.0,0.4024063024681126,2025-52-105
1772,0.0,0.1890667048516369,2025-1-106
1773,0.634637256321219,0.3680704455276471,2025-2-106
1774,0.7301492705758831,0.4852450579231492,2025-3-106
1775,1.0856696239142003,0.526830423248135,2025-4-106
1776,0.0,0.6847445128498306,2025-5-106
1777,0.0,0.4221549165472296,2025-6-106
1778,1.4477712364886242,0.24634238391349073,2025-7-106
1779,1.1462080927671972,0.6059916413383284,2025-8-106
1780,2.39220302805878,0.9004309738664111,2025-9-106
1781,1.719479705130899,1.5133046266059609,2025-10-106
1782,0.0,1.610293001337364,2025-11-106
1783,0.0,0.8912934312127039,2025-12-106
1784,0.0,0.2609982765239963,2025-13-106
1785,0.0,0.236938722534612,2025-14-106
1786,0.0,0.0315585819469375,2025-15-106
1787,1.5577197263794942,0.08024403325155682,2025-16-106
1788,1.9657896191520832,0.6763099680158122,2025-17-106
1789,0.0,1.2564920655897565,2025-18-106
1790,0.0,0.48259983756187586,2025-19-106
1791,0.0,0.485139584095441,2025-20-106
1792,0.0,0.181271819832734,2025-21-106
1793,0.0,0.024365981354808053,2025-22-106
1794,0.0,0.0634243682246236,2025-23-106
1795,0.0,-0.0450336903743318,2025-24-106
1796,0.0,-0.026931715269868706,2025-25-106
1797,0.0,-0.10330687798699234,2025-26-106
1798,1.8562560694362744,-0.14428622185575812,2025-27-106
1799,0.0,0.6279106147102249,2025-28-106
1800,0.0,0.42062818934571133,2025-29-106
1801,0.0,0.18375734704577917,2025-30-106
1802,0.0,0.17713836630030255,2025-31-106
1803,0.0,-0.06713470507173169,2025-32-106
1804,0.0,0.10919577113739998,2025-33-106
1805,0.9030824662895104,0.03507218283007707,2025-34-106
1806,0.4832522640215755,0.7105859468031224,2025-35-106
1807,0.5008498682772273,0.5602808208763351,2025-36-106
1808,0.0,0.6876271593757155,2025-37-106
1809,0.0,0.46140897823042526,2025-38-106
1810,0.0,0.1760409036306646,2025-39-106
1811,0.0,0.03668103260139288,2025-40-106
1812,0.0,-0.18100650020588893,2025-41-106
1813,0.4949986067647355,-0.1401147274660055,2025-42-106
1814,0.0,0.14190557685412852,2025-43-106
1815,0.0,-0.07794406495419692,2025-44-106
1816,0.0,0.21248256940505272,2025-45-106
1817,0.0,-0.04773528485438994,2025-46-106
1818,0.3994454422442953,0.0102744424656811,2025-47-106
1819,0.4892857591518111,0.24235377364319421,2025-48-106
1820,0.4352283141327807,0.41523189857874354,2025-49-106
1821,0.3758975714106082,0.253018935860332,2025-50-106
1822,0.0,0.3359147598768605,2025-51-106
1823,0.7518694242758142,0.3181930920721562,2025-52-106
2076,1.1765709475838468,0.9665661969407805,2025-1-107
2077,4.154413217592047,1.213339339435043,2025-2-107
2078,0.0,2.4738352222477102,2025-3-107
2079,0.0,1.3397351547972634,2025-4-107
2080,0.0,0.7292102211172227,2025-5-107
2081,2.9042166923419312,0.47552666142158106,2025-6-107
2082,0.0,1.3300961625567156,2025-7-107
2083,5.002218350816928,0.7455128713690518,2025-8-107
2084,5.219973105439558,2.6113170112740294,2025-9-107
2085,0.0,3.8664763935400215,2025-10-107
2086,0.0,2.1057425728668373,2025-11-107
2087,2.4340094768729665,1.292350451953781,2025-12-107
2088,0.0,1.4052933808417332,2025-13-107
2089,3.602702324913394,0.7713874790812898,2025-14-107
2090,0.0,1.9201257230958197,2025-15-107
2091,0.0,1.3758373988665764,2025-16-107
2092,0.0,0.5753509566830004,2025-17-107
2093,0.0,0.5682259120966825,2025-18-107
2094,0.0,-0.015501762360823124,2025-19-107
2095,3.5331439144963346,0.2249626738804159,2025-20-107
2096,0.0,1.6272401670497,2025-21-107
2097,0.0,1.0149849586298445,2025-22-107
2098,0.0,0.6546486715375672,2025-23-107
2099,0.0,0.5022998057209914,2025-24-107
2100,0.0,0.10136924831028005,2025-25-107
2101,2.690231803559981,0.06996786732180427,2025-26-107
2102,0.0,1.0603831548776388,2025-27-107
2103,0.0,0.6325771432378868,2025-28-107
2104,0.0,0.40421337577670924,2025-29-107
2105,0.0,0.31361209423390324,2025-30-107
2106,0.0,0.09972480385427529,2025-31-107
2107,0.0,0.05557922704750373,2025-32-107
2108,0.0,0.29940771649989595,2025-33-107
2109,0.0,0.23787012127678453,2025-34-107
2110,0.0,0.4070872348088861,2025-35-107
2111,0.0,0.21577399217541893,2025-36-107
2112,0.0,0.24624804683151025,2025-37-107
2113,1.0306351526696576,0.09038556097445827,2025-38-107
2114,0.0,0.5305315754044966,2025-39-107
2115,0.0,0.32280359562061667,2025-40-107
2116,0.8351391453158644,0.2925234707174037,2025-41-107
2117,0.0,0.5867790427158195,2025-42-107
2118,0.0,0.48898121501727054,2025-43-107
2119,0.0,0.3610593061365779,2025-44-107
2120,0.0,0.18245645742195538,2025-45-107
2121,0.8551574054350628,0.07631030708900677,2025-46-107
2122,0.8717287035526282,0.3791320269346602,2025-47-107
2123,0.0,0.6300856808616687,2025-48-107
2124,0.0,0.512192479937956,2025-49-107
2125,0.0,0.20997727622485796,2025-50-107
2126,0.0,0.2068590212255793,2025-51-107
2127,4.922617510036539,0.2357949770056913,2025-52-107
2380,0.2418585040865095,-0.009405516706197936,2025-1-108
2381,1.1386357637984867,0.2849217934690397,2025-2-108
2382,1.309981357620177,0.6076910909758269,2025-3-108
2383,0.0,0.7624972790777944,2025-4-108
2384,0.5140221514562857,0.38082788436221393,2025-5-108
2385,0.5969500875432417,0.4355583194489987,2025-6-108
2386,0.0,0.5043465634773293,2025-7-108
2387,0.0,0.15358128661509562,2025-8-108
2388,0.5364468983145892,0.20300887577624915,2025-9-108
2389,0.771169704826469,0.2797572522937577,2025-10-108
2390,0.6730446456545429,0.44315558597121685,2025-11-108
2391,0.0,0.5410565337036947,2025-12-108
2392,0.0,0.10871948871589443,2025-13-108
2393,0.7404276707501001,0.14557463208519905,2025-14-108
2394,1.2340897514206983,0.3881613119827729,2025-15-108
2395,0.0,0.7266662499046666,2025-16-108
2396,0.8815550011302316,0.3456187537362464,2025-17-108
2397,0.0,0.5877218552733188,2025-18-108
2398,0.0,0.206809890002442,2025-19-108
2399,0.7260634321916103,0.13766223136097666,2025-20-108
2400,0.0,0.33876897417239005,2025-21-108
2401,0.7557520584293664,0.1691366774568709,2025-22-108
2402,0.0,0.4717819299224765,2025-23-108
2403,0.0,0.22041205753303694,2025-24-108
2404,0.0,0.002714708514480746,2025-25-108
2405,0.5527922460731185,0.030069819094708183,2025-26-108
2406,0.4161620524145644,0.12834936060735092,2025-27-108
2407,0.0,0.1266652245099752,2025-28-108
2408,0.0,0.08774307855425656,2025-29-108
2409,0.0,0.023480211419327324,2025-30-108
2410,0.0,0.02606709342086555,2025-31-108
2411,0.2520078948641993,-0.007918985377838306,2025-32-108
2412,0.2272791880661445,0.18375853066972425,2025-33-108
2413,0.0,0.1752334527291265,2025-34-108
2414,0.2166619965391918,0.2979370597476687,2025-35-108
2415,0.0,0.171173243769269,2025-36-108
2416,0.0,0.11296776049191992,2025-37-108
2417,0.6351984149753784,0.03389895585604896,2025-38-108
2418,0.1960560161456098,0.2980570167135127,2025-39-108
2419,0.0,0.2153977609910589,2025-40-108
2420,0.0,0.21465883050062617,2025-41-108
2421,0.2219079320615129,0.09095437481777946,2025-42-108
2422,0.2259754281193544,0.20327676147154228,2025-43-108
2423,0.0,0.28125440388535305,2025-44-108
2424,0.0,0.07601824790770584,2025-45-108
2425,0.1756587959858069,0.07687694326328476,2025-46-108
2426,0.1790596661356562,0.12529049659156666,2025-47-108
2427,0.0,0.1626002694584403,2025-48-108
2428,0.1950949489436324,0.1620927109920861,2025-49-108
2429,0.0,0.1050823884754285,2025-50-108
2430,0.6144319738467828,0.11024132823080424,2025-51-108
2431,0.0,0.36756845984824305,2025-52-108
2684,1.6397336742388018,1.1900716822551298,2025-1-109
2685,1.2865140331050513,1.4793153237021968,2025-2-109
2686,0.7400036082603647,1.3432789633689888,2025-3-109
2687,1.1002290017187497,0.9194983913782835,2025-4-109
2688,0.0,0.8761553581247619,2025-5-109
2689,2.697141915178607,0.42123625857846714,2025-6-109
2690,4.400442011188497,1.3090803062525205,2025-7-109
2691,1.1611860815126307,2.4718360413536247,2025-8-109
2692,3.6348868843126088,2.0098792278951283,2025-9-109
2693,3.48330831762882,2.6107893105817777,2025-10-109
2694,0.0,2.8832886137268288,2025-11-109
2695,2.2592812062279584,1.469326889213537,2025-12-109
2696,1.416786582257869,1.4713399976923347,2025-13-109
2697,1.671748257765839,1.4650694621278835,2025-14-109
2698,0.0,1.313949497775607,2025-15-109
2699,3.154016014868739,0.8233374196074266,2025-16-109
2700,0.0,1.578613091949237,2025-17-109
2701,2.089385978624572,1.0220457819316164,2025-18-109
2702,3.3428979094640514,1.0360197603258323,2025-19-109
2703,4.915850419914037,2.209434186696549,2025-20-109
2704,2.387613352870464,3.202803317344296,2025-21-109
2705,1.7053771096337726,2.8865496216313304,2025-22-109
2706,2.038060736657937,2.401894479718682,2025-23-109
2707,4.248686585232184,2.1569150447731604,2025-24-109
2708,4.7745437880856425,2.718103858055409,2025-25-109
2709,3.741113308139295,3.5680458794626064,2025-26-109
2710,1.87749888097172,3.48279119801456,2025-27-109
2711,3.8323805663058974,2.67180906749976,2025-28-109
2712,1.5912970133965905,2.988073775608351,2025-29-109
2713,1.2562449740830703,2.1887196194495466,2025-30-109
2714,0.0,1.6030869234330833,2025-31-109
2715,0.0,0.8268617612798728,2025-32-109
2716,0.5124655692362164,0.3990648310286461,2025-33-109
2717,0.9128862100259506,0.32650681790312786,2025-34-109
2718,1.4653734976005064,0.7387807511752595,2025-35-109
2719,0.5062029771078421,0.9353204522307758,2025-36-109
2720,1.4826158661975644,0.8679747308612992,2025-37-109
2721,0.0,1.042084325062592,2025-38-109
2722,2.209394208492644,0.6688675794812176,2025-39-109
2723,2.3458512863118064,1.0880114731822579,2025-40-109
2724,1.159854322454521,1.7619456728549636,2025-41-109
2725,3.5002815656872937,1.35991828578963,2025-42-109
2726,3.0550216170998024,2.341021171267629,2025-43-109
2727,3.028538457622421,2.5470179986496415,2025-44-109
2728,1.2979016585106662,2.6126020747312917,2025-45-109
2729,1.1871405072871812,1.972554400388976,2025-46-109
2730,2.8234266228718963,1.491849940544646,2025-47-109
2731,2.4701174292238,1.9962307511710375,2025-48-109
2732,1.7576248467531683,2.1333525221331198,2025-49-109
2733,2.6563215650264413,1.8488218756793189,2025-50-109
2734,2.7673460080518693,2.1062653776975724,2025-51-109
2735,0.0,2.3108085097617206,2025-52-109
2988,2.0914291090639145,5.396117640478481,2025-1-110
2989,2.4613264196700486,4.049286803824092,2025-2-110
2990,3.3033828055535683,3.06628100920575,2025-3-110
2991,2.806491324046052,2.924081254757466,2025-4-110
2992,2.9622574671357262,2.4565899560447275,2025-5-110
2993,3.43986674016513,2.561401110816621,2025-6-110
2994,3.7414200244812346,2.8665534549175744,2025-7-110
2995,1.4809038065825229,2.9762176233911157,2025-8-110
2996,5.408244590662777,2.340870442714924,2025-9-110
2997,2.2211309519657667,3.4206881770627238,2025-10-110
2998,4.845858815321903,2.846265492353395,2025-11-110
2999,2.160881833794132,3.417663306823896,2025-12-110
3000,1.8067477166764736,2.735323116608004,2025-13-110
3001,0.0,2.151237778631772,2025-14-110
3002,3.55291143692376,1.218461732088948,2025-15-110
3003,2.0109803669179853,1.9411381638699978,2025-16-110
3004,0.0,1.8776077454427738,2025-17-110
3005,0.0,1.0385681066999606,2025-18-110
3006,1.0656581816288906,0.4047641621257818,2025-19-110
3007,2.089420411091745,0.6580635566591246,2025-20-110
3008,1.5222152197516083,1.1655888807977228,2025-21-110
3009,1.0872417491118682,1.2795032950515324,2025-22-110
3010,1.2993209640976076,1.3277213549140616,2025-23-110
3011,3.6114897732545583,1.2384421255037172,2025-24-110
3012,2.282862410941168,2.0842098021461855,2025-25-110
3013,0.0,2.144203949762362,2025-26-110
3014,2.3937706557106946,1.0812318990047314,2025-27-110
3015,0.0,1.495304182506602,2025-28-110
3016,3.04319847905854,0.7569516770250272,2025-29-110
3017,1.6016018860078265,1.46397351070494,2025-30-110
3018,2.5707163431170583,1.6536730358208471,2025-31-110
3019,2.5356116056682545,1.856393267004957,2025-32-110
3020,4.246544541214965,2.269666398203622,2025-33-110
3021,2.90942228789247,2.904336362162759,2025-34-110
3022,3.113433983615552,3.1313017539297308,2025-35-110
3023,3.2264857669835254,2.8380311117899,2025-36-110
3024,3.779951004092181,3.031340793235283,2025-37-110
3025,2.433444826363236,3.1009414788849714,2025-38-110
3026,2.2530752153261617,2.736583521880883,2025-39-110
3027,4.485353859279169,2.3521908839180985,2025-40-110
3028,2.217645711685516,3.012089466871865,2025-41-110
3029,3.824248800916889,2.4646550448206,2025-42-110
3030,2.596004650082734,3.0745423720898923,2025-43-110
3031,1.6543646307333113,2.718036230065417,2025-44-110
3032,0.8271403631828568,2.0537454143308187,2025-45-110
3033,1.2609004396892034,1.4040345535582666,2025-46-110
3034,1.5422406142592564,1.1294410269611093,2025-47-110
3035,0.3148201456150223,1.18905231883406,2025-48-110
3036,0.8400301390346772,0.8172446080377589,2025-49-110
3037,0.4836292161943491,0.6268536901260133,2025-50-110
3038,2.351227382813161,0.5597980488837692,2025-51-110
3039,2.9014814219727096,1.2781386479544263,2025-52-110
3292,0.0,0.38117221541010626,2025-1-111
3293,0.0,0.2897363832022982,2025-2-111
3294,0.6378035883893582,0.20082257280571647,2025-3-111
3295,0.0,0.1619780411005225,2025-4-111
3296,0.0,-0.2637373581566471,2025-5-111
3297,0.0,-0.05476706882312077,2025-6-111
3298,1.2644690155910128,0.06500080668820174,2025-7-111
3299,0.0,0.3047191652370702,2025-8-111
3300,0.0,0.4198523821976754,2025-9-111
3301,0.0,0.1498002116038475,2025-10-111
3302,0.0,0.022418260473916263,2025-11-111
3303,0.0,0.013561345936923264,2025-12-111
3304,0.0,-0.2554109243364129,2025-13-111
3305,0.0,-0.01455872827417437,2025-14-111
3306,0.0,0.08105199802160068,2025-15-111
3307,0.0,0.044364381858594815,2025-16-111
3308,1.7162391836078663,-0.07484598345461446,2025-17-111
3309,0.0,0.7919822423565344,2025-18-111
3310,0.0,0.2855736922741321,2025-19-111
3311,0.0,0.19291620640545304,2025-20-111
3312,0.0,0.16645699306924022,2025-21-111
3313,0.0,0.01650229133097847,2025-22-111
3314,0.0,0.062080429198623666,2025-23-111
3315,0.0,-0.08894778597096442,2025-24-111
3316,0.0,-0.0873046805704063,2025-25-111
3317,0.0,-0.04970380826484422,2025-26-111
3318,0.0,-0.07968096852929651,2025-27-111
3319,0.0,-0.1379476242760891,2025-28-111
3320,0.0,-0.11037327705669275,2025-29-111
3321,0.0,-0.04426208732100978,2025-30-111
3322,0.0,-0.043940987347929505,2025-31-111
3323,0.0,-0.003475942657564346,2025-32-111
3324,0.0,0.03290763568483879,2025-33-111
3325,0.393967076598821,0.0763997621278214,2025-34-111
3326,0.0,0.32211859714894575,2025-35-111
3327,0.0,0.17495004955293758,2025-36-111
3328,0.0,0.0013550058248315011,2025-37-111
3329,0.0,0.0496348765419361,2025-38-111
3330,0.0,0.10613722593393149,2025-39-111
3331,0.0,-0.03858680374204981,2025-40-111
3332,0.0,-0.009335836414639864,2025-41-111
3333,0.4317566053429302,-0.02159588442612792,2025-42-111
3334,0.0,0.20172823237530324,2025-43-111
3335,0.3736020524042719,0.2083982023042985,2025-44-111
3336,0.7472136518193269,0.23914871258127246,2025-45-111
3337,0.0,0.3835116600589372,2025-46-111
3338,0.3483476305563006,0.27761990573927264,2025-47-111
3339,0.0,0.30403258842355796,2025-48-111
3340,0.0,0.369879552635229,2025-49-111
3341,0.0,0.020049321415112065,2025-50-111
3342,0.7968137235511968,0.03295591304765533,2025-51-111
3343,0.0,0.44315043969492585,2025-52-111
3596,0.0,0.9141842246024008,2025-1-112
3597,0.0,0.8647742759071071,2025-2-112
3598,0.0,0.6286358980323183,2025-3-112
3599,0.0,0.21784046185155626,2025-4-112
3600,0.0,0.2881581597664735,2025-5-112
3601,3.8019598198963886,0.1914292363736827,2025-6-112
3602,0.0,1.6920452061254885,2025-7-112
3603,0.0,1.0116564991428296,2025-8-112
3604,0.0,0.6531605184393299,2025-9-112
3605,0.0,0.5125328618550422,2025-10-112
3606,0.0,0.08614746429540987,2025-11-112
3607,0.0,0.11024024992260573,2025-12-112
3608,0.0,-0.09378310505496201,2025-13-112
3609,0.0,0.11633490736225338,2025-14-112
3610,7.861830612873395,0.07206919706990544,2025-15-112
3611,0.0,3.404087219618347,2025-16-112
3612,0.0,2.1416475696436605,2025-17-112
3613,0.0,1.1864046559594013,2025-18-112
3614,0.0,0.6318559456001113,2025-19-112
3615,0.0,0.1627289002970237,2025-20-112
3616,0.0,0.08986839230738841,2025-21-112
3617,4.81548204400725,0.11507220189043987,2025-22-112
3618,0.0,2.149654473285664,2025-23-112
3619,0.0,1.2807935800394827,2025-24-112
3620,0.0,0.648521395871257,2025-25-112
3621,0.0,0.4840087170422467,2025-26-112
3622,0.0,-0.1316367784267709,2025-27-112
3623,0.0,-0.0935448034343469,2025-28-112
3624,0.0,0.06861888710229969,2025-29-112
3625,0.0,-0.027568515608469957,2025-30-112
3626,0.0,0.08172986505938984,2025-31-112
3627,0.0,-0.04666989917409503,2025-32-112
3628,0.0,0.21553665883708772,2025-33-112
3629,0.0,0.2057385111507054,2025-34-112
3630,0.0,0.2545310816174068,2025-35-112
3631,0.0,0.23312833861649807,2025-36-112
3632,1.397514217266346,0.2562989909347382,2025-37-112
3633,0.0,0.7158172934573164,2025-38-112
3634,1.2497849318586496,0.5628234348233347,2025-39-112
3635,0.0,0.805749007887087,2025-40-112
3636,0.0,0.485691419365739,2025-41-112
3637,0.0,0.32658318177180723,2025-42-112
3638,0.0,0.2903568766514363,2025-43-112
3639,0.0,-0.12695601978334836,2025-44-112
3640,2.448680600727681,0.1522402759025563,2025-45-112
3641,0.0,1.0215146222342248,2025-46-112
3642,0.0,0.4898128661732103,2025-47-112
3643,0.0,0.46641677152386807,2025-48-112
3644,0.0,0.38879735515591096,2025-49-112
3645,1.0744148056046838,-0.04157099349557414,2025-50-112
3646,1.3059998358712364,0.5552223730189565,2025-51-112
3647,0.0,1.0043913643871896,2025-52-112
3900,2.778926407112824,0.6703595033376755,2025-1-113
3901,3.270711775704971,1.6520516302403319,2025-2-113
3902,0.0,2.229494979291171,2025-3-113
3903,0.7992971914831863,1.1534496999196928,2025-4-113
3904,0.843735893539309,0.8687888041814056,2025-5-113
3905,0.0,0.7380535741017686,2025-6-113
3906,2.131711544948698,0.2579182725484316,2025-7-113
3907,0.0,0.8847545566992892,2025-8-113
3908,0.0,0.5974966061980338,2025-9-113
3909,1.2658535188773503,0.19189391164131653,2025-10-113
3910,1.104788453688802,0.6228869847665115,2025-11-113
3911,0.0,0.7147083896095197,2025-12-113
3912,1.029968748802716,0.1718666777303527,2025-13-113
3913,0.0,0.6172685626925691,2025-14-113
3914,0.0,0.3169895994709452,2025-15-113
3915,2.2934090887619614,0.0919544465945098,2025-16-113
3916,0.0,0.9742588217415717,2025-17-113
3917,0.0,0.6085151500065442,2025-18-113
3918,0.0,0.10323233958746703,2025-19-113
3919,0.0,0.20864608910611027,2025-20-113
3920,0.0,-0.04609427871994476,2025-21-113
3921,0.0,-0.09122039099989254,2025-22-113
3922,0.0,0.024902399108767126,2025-23-113
3923,0.0,-0.031172277140759652,2025-24-113
3924,0.0,-0.09566135448344348,2025-25-113
3925,0.9074518059546436,-0.06056852673633273,2025-26-113
3926,0.0,0.2554751600806736,2025-27-113
3927,0.557836238257466,0.0480809038796115,2025-28-113
3928,0.0,0.21515462431502475,2025-29-113
3929,0.457210791728264,0.08596952731525198,2025-30-113
3930,0.4193895004818067,0.16211762215928915,2025-31-113
3931,0.4137001331745459,0.19910224618008698,2025-32-113
3932,0.7462130223348536,0.31562560554144403,2025-33-113
3933,0.0,0.4303273705159625,2025-34-113
3934,0.3556797895803137,0.3167645884190161,2025-35-113
3935,0.3686283937735118,0.12947401588961915,2025-36-113
3936,0.3599179033374633,0.20617015247483494,2025-37-113
3937,0.0,0.2550630809595176,2025-38-113
3938,0.0,0.1806614736877099,2025-39-113
3939,0.0,-0.0298352663755177,2025-40-113
3940,0.5632952388939845,0.015258826460717856,2025-41-113
3941,0.0,0.09269863225974406,2025-42-113
3942,0.7419605401457483,0.1082187248574753,2025-43-113
3943,0.0,0.37647782415224074,2025-44-113
3944,0.3152623923967164,0.15671267957652868,2025-45-113
3945,1.7302771580739826,0.1447903873991493,2025-46-113
3946,0.0,0.7911273431235742,2025-47-113
3947,0.3600766622722313,0.4335330810719973,2025-48-113
3948,0.3202915445410281,0.4122248708619345,2025-49-113
3949,0.5532530067194679,0.29712685407945516,2025-50-113
3950,0.3362445732214809,0.27045870384353976,2025-51-113
3951,1.1065946273577671,0.3349422547837638,2025-52-113
4204,0.0,0.05675333769682411,2025-1-114
4205,0.6466029156165791,0.22859123622722022,2025-2-114
4206,0.0,0.5312280664309349,2025-3-114
4207,0.0,0.18867785067066456,2025-4-114
4208,0.0,0.015189606177721693,2025-5-114
4209,0.0,0.08351104341321469,2025-6-114
4210,1.475302632588209,0.034942900234961494,2025-7-114
4211,0.0,0.6769907640031871,2025-8-114
4212,0.0,0.5594162198452679,2025-9-114
4213,0.0,0.3270852287406263,2025-10-114
4214,0.0,0.23844687206676174,2025-11-114
4215,0.0,0.021772031662981473,2025-12-114
4216,0.0,-0.20663890498172544,2025-13-114
4217,0.0,0.03137600608718305,2025-14-114
4218,0.0,0.05906272999558815,2025-15-114
4219,0.0,0.06490861946155979,2025-16-114
4220,0.0,0.023522098024864713,2025-17-114
4221,0.0,0.052424168368495394,2025-18-114
4222,0.0,-0.12728434596201077,2025-19-114
4223,0.0,0.08235995073489233,2025-20-114
4224,2.405344407816099,-0.008793193859595094,2025-21-114
4225,0.0,0.9524131858787782,2025-22-114
4226,0.0,0.7339241798177181,2025-23-114
4227,0.0,0.31154699916743345,2025-24-114
4228,1.203059025925178,0.2169061648016506,2025-25-114
4229,0.0,0.4935723009170636,2025-26-114
4230,0.0,0.2436710001291218,2025-27-114
4231,0.0,0.09265348724781808,2025-28-114
4232,0.0,0.0986935153841767,2025-29-114
4233,0.6334484531557087,-0.029221631306685758,2025-30-114
4234,0.0,0.23649106172253842,2025-31-114
4235,0.0,0.08848687938321631,2025-32-114
4236,0.0,0.11562189439972947,2025-33-114
4237,0.460526831903375,0.04393973856645572,2025-34-114
4238,0.0,0.359304955684149,2025-35-114
4239,0.5108502560694234,0.12961217355646548,2025-36-114
4240,0.0,0.3178271512570716,2025-37-114
4241,0.0,0.1500108249994897,2025-38-114
4242,0.0,0.11856719207593547,2025-39-114
4243,0.4736969344697851,0.023038133604599276,2025-40-114
4244,0.0,0.18959429494846736,2025-41-114
4245,0.0,0.1194807739542959,2025-42-114
4246,0.0,0.1499255838252812,2025-43-114
4247,0.0,0.12040951843665681,2025-44-114
4248,0.0,-0.0568268061449817,2025-45-114
4249,0.3998089697027613,-0.010544163333915169,2025-46-114
4250,0.4075682693378251,0.15850742937695628,2025-47-114
4251,0.0,0.27563662640345155,2025-48-114
4252,0.0,0.2234559438209911,2025-49-114
4253,0.0,0.031309463426802076,2025-50-114
4254,0.0,0.041009707093883074,2025-51-114
4255,0.7672847732229292,0.18968199770358118,2025-52-114
4508,0.5533513705735907,-0.1054546857047638,2025-1-115
4509,0.6513270427615138,0.3485564115273203,2025-2-115
4510,0.7494006346933991,0.3879588594005351,2025-3-115
4511,0.0,0.4356551383708641,2025-4-115
4512,0.0,0.22627628902306596,2025-5-115
4513,0.0,0.07666188486671877,2025-6-115
4514,1.4863385853904432,0.05354770359328698,2025-7-115
4515,1.1768202365196934,0.49697666951360975,2025-8-115
4516,1.2281277535041055,0.8976685103084417,2025-9-115
4517,0.0,0.9840280920192951,2025-10-115
4518,0.0,0.5795859803795353,2025-11-115
4519,1.1455417659491087,0.25686440674082267,2025-12-115
4520,0.0,0.3667711245741374,2025-13-115
4521,0.0,0.2620309954511588,2025-14-115
4522,0.0,0.11763735571708334,2025-15-115
4523,0.0,0.12306009170400611,2025-16-115
4524,0.0,-0.02093351738622795,2025-17-115
4525,2.120716254111948,0.03043326758260667,2025-18-115
4526,0.0,0.7049455017920647,2025-19-115
4527,0.0,0.5635159880594974,2025-20-115
4528,0.0,0.2363681661209196,2025-21-115
4529,0.0,0.1661629569651769,2025-22-115
4530,0.0,0.028046203288896177,2025-23-115
4531,0.0,-0.009867203324138929,2025-24-115
4532,0.0,-0.025198167716311337,2025-25-115
4533,0.0,-0.04506339453854147,2025-26-115
4534,0.0,-0.03037055583644932,2025-27-115
4535,0.0,-0.142456961159382,2025-28-115
4536,0.0,-0.0560889911958693,2025-29-115
4537,0.0,-0.05967690533822734,2025-30-115
4538,0.0,-0.03310666169433141,2025-31-115
4539,0.5779995373482342,-0.0717053421028453,2025-32-115
4540,0.0,0.28403316565199654,2025-33-115
4541,0.0,0.1194296514818678,2025-34-115
4542,0.0,0.15176366509309824,2025-35-115
4543,0.0,-0.07894316873019513,2025-36-115
4544,0.0,-0.08090420876754023,2025-37-115
4545,0.0,-0.0764929235200642,2025-38-115
4546,0.0,-0.027101428043496023,2025-39-115
4547,0.0,-0.09103798520229156,2025-40-115
4548,0.0,-0.04693769016092131,2025-41-115
4549,0.0,-0.07823836407406515,2025-42-115
4550,0.0,0.09966980985380902,2025-43-115
4551,0.0,0.0901894520322567,2025-44-115
4552,0.0,0.02307272661541826,2025-45-115
4553,0.0,0.004160728011310955,2025-46-115
4554,0.0,0.05369145245121443,2025-47-115
4555,0.0,0.029060429711461166,2025-48-115
4556,0.0,0.07053395291406872,2025-49-115
4557,0.0,-0.03418147418582129,2025-50-115
4558,0.0,-0.054066701777763404,2025-51-115
4559,0.0,0.007266121903705791,2025-52-115
4812,0.0,0.47094579813973314,2025-1-116
4813,0.0,0.6579812889326453,2025-2-116
4814,0.0,0.30190434605054817,2025-3-116
4815,0.0,0.27272104216119,2025-4-116
4816,0.0,0.15242735233515636,2025-5-116
4817,0.0,0.16075683256527795,2025-6-116
4818,0.0,0.19752716196420972,2025-7-116
4819,0.0,0.10499683362396994,2025-8-116
4820,0.0,0.23948355292566437,2025-9-116
4821,0.0,0.2278392929473434,2025-10-116
4822,0.0,0.19883440800430396,2025-11-116
4823,0.0,0.2104712366110041,2025-12-116
4824,0.0,-0.012811811098773385,2025-13-116
4825,0.0,0.2294890833138632,2025-14-116
4826,0.0,0.17126622359096688,2025-15-116
4827,0.0,0.2621253229068491,2025-16-116
4828,0.0,0.2124876509139625,2025-17-116
4829,0.0,0.2743854884792346,2025-18-116
4830,0.0,0.0002147423141669602,2025-19-116
4831,0.0,0.29990706071233064,2025-20-116
4832,0.0,0.25790567756493177,2025-21-116
4833,0.0,0.19662734384886804,2025-22-116
4834,0.0,0.3037756397964281,2025-23-116
4835,0.0,0.3341297393204514,2025-24-116
4836,0.0,0.24793770770482892,2025-25-116
4837,10.476197797384582,0.22215504422463683,2025-26-116
4838,0.0,4.4649163996578185,2025-27-116
4839,0.0,2.810105210934238,2025-28-116
4840,0.0,1.4990345219454229,2025-29-116
4841,0.0,1.1392111289564035,2025-30-116
4842,0.0,0.20149176577180317,2025-31-116
4843,0.0,0.11362623239179248,2025-32-116
4844,0.0,0.2728780103089372,2025-33-116
4845,0.0,0.2872084139802148,2025-34-116
4846,0.0,0.38169776032048897,2025-35-116
4847,0.0,0.2591019215774797,2025-36-116
4848,0.0,0.3124766332583493,2025-37-116
4849,0.0,0.19548081156611175,2025-38-116
4850,0.0,0.34621408637685014,2025-39-116
4851,0.0,0.20462865132704977,2025-40-116
4852,0.0,0.37996567472999954,2025-41-116
4853,0.0,0.22971243920175732,2025-42-116
4854,0.0,0.3175312511294962,2025-43-116
4855,0.0,0.3449446045352239,2025-44-116
4856,0.0,0.30265978423024775,2025-45-116
4857,0.0,0.22782534546925837,2025-46-116
4858,0.0,0.3589053903090802,2025-47-116
4859,0.0,0.25969290923918853,2025-48-116
4860,0.0,0.2946051124115112,2025-49-116
4861,0.0,0.16542996921610487,2025-50-116
4862,0.0,0.2039756103640724,2025-51-116
4863,0.0,0.2648538827472162,2025-52-116
5116,0.0,0.009572947586294234,2025-1-117
5117,0.0,0.23105880103759346,2025-2-117
5118,0.0,0.18495212875595723,2025-3-117
5119,0.0,0.08218387749464151,2025-4-117
5120,0.0,0.08569610053515597,2025-5-117
5121,0.0,0.10329495943328149,2025-6-117
5122,0.0,0.18803490356289532,2025-7-117
5123,0.0,0.0560333179652317,2025-8-117
5124,0.0,0.22698994745254697,2025-9-117
5125,0.0,0.15250682141209504,2025-10-117
5126,0.0,0.14688764173679858,2025-11-117
5127,0.0,0.16488014535923756,2025-12-117
5128,0.0,-0.022774375571281924,2025-13-117
5129,0.0,0.18977660904721405,2025-14-117
5130,0.0,0.20318409340287036,2025-15-117
5131,0.0,0.16265385699142942,2025-16-117
5132,0.0,0.12294979722451505,2025-17-117
5133,0.0,0.11750781242138197,2025-18-117
5134,0.0,0.0055758357803483705,2025-19-117
5135,0.0,0.2986106213204196,2025-20-117
5136,0.0,0.0306759676148185,2025-21-117
5137,0.0,0.16995096406526655,2025-22-117
5138,0.0,0.12652658449073706,2025-23-117
5139,0.0,0.05935964034897179,2025-24-117
5140,0.0,0.19136854464715847,2025-25-117
5141,0.0,0.06767257952656869,2025-26-117
5142,0.0,0.11928668208526938,2025-27-117
5143,0.0,0.004438031642276741,2025-28-117
5144,0.0,0.08965309063566163,2025-29-117
5145,0.0,0.10995623856569692,2025-30-117
5146,0.0,0.13032315845888154,2025-31-117
5147,0.0,0.12166309758005522,2025-32-117
5148,0.0,0.30502365396743836,2025-33-117
5149,0.0,0.2666043934788721,2025-34-117
5150,0.0,0.1936580531153006,2025-35-117
5151,0.0,0.3127322477480651,2025-36-117
5152,0.0,0.15753354776704875,2025-37-117
5153,0.0,0.0283347899648847,2025-38-117
5154,0.0,0.21062016074123235,2025-39-117
5155,0.0,0.10492841135350717,2025-40-117
5156,0.0,0.11645656894774747,2025-41-117
5157,0.0,0.08446957231835817,2025-42-117
5158,0.0,0.25685177562014416,2025-43-117
5159,0.0,0.13819062321571673,2025-44-117
5160,0.0,0.2351905734135311,2025-45-117
5161,0.0,0.10529406714737055,2025-46-117
5162,0.0,0.31313304386033125,2025-47-117
5163,0.0,0.29728592850528934,2025-48-117
5164,0.0,0.3120437849861937,2025-49-117
5165,0.0,0.1556494678365623,2025-50-117
5166,0.0,0.11954971957657934,2025-51-117
5167,0.0,0.24312460988634665,2025-52-117
5420,1.2797521506999323,0.7402944773917507,2025-1-118
5421,0.5020819613923595,1.1019209917843087,2025-2-118
5422,0.5776455747880854,0.7385185509838064,2025-3-118
5423,0.0,0.4462611807818242,2025-4-118
5424,1.813348303209725,0.22263506906239194,2025-5-118
5425,0.0,0.7790609951487073,2025-6-118
5426,0.0,0.49820334553662093,2025-7-118
5427,0.0,0.1173801948207277,2025-8-118
5428,0.9462856948333496,0.18697899419713082,2025-9-118
5429,0.0,0.3544739952866941,2025-10-118
5430,1.1872781455950092,0.20181425596344926,2025-11-118
5431,0.0,0.5880700036334421,2025-12-118
5432,1.1068963012309971,0.17251452944221624,2025-13-118
5433,0.0,0.5651651328584449,2025-14-118
5434,0.0,0.355169266266405,2025-15-118
5435,1.2323916034829752,0.15340695606653898,2025-16-118
5436,0.0,0.5936356414608397,2025-17-118
5437,1.633083387572002,0.35434918230419554,2025-18-118
5438,2.6130650110102507,0.6692638253755046,2025-19-118
5439,0.0,1.6333352298763688,2025-20-118
5440,0.0,0.8513682934836517,2025-21-118
5441,0.0,0.46284498280979747,2025-22-118
5442,0.0,0.2863898561888284,2025-23-118
5443,0.0,0.00630500180113569,2025-24-118
5444,0.0,-0.025116828295583593,2025-25-118
5445,0.9753678298520746,-0.06662158834463461,2025-26-118
5446,1.4686054727660158,0.3307441964153873,2025-27-118
5447,0.0,0.7014602686072591,2025-28-118
5448,0.622471852055808,0.47796797068558017,2025-29-118
5449,0.4914499586340887,0.5006573350285808,2025-30-118
5450,0.9016019895620688,0.4141897552012591,2025-31-118
5451,0.0,0.4812688569320063,2025-32-118
5452,0.0,0.4008127339418749,2025-33-118
5453,0.0,0.13389344803127712,2025-34-118
5454,0.3823353236730243,0.15722858067518297,2025-35-118
5455,0.7925168321912427,0.005144894888492679,2025-36-118
5456,1.160697100759798,0.33195951349654995,2025-37-118
5457,1.1209583041576838,0.6325116782430652,2025-38-118
5458,1.0379766961111698,0.86026943647243,2025-39-118
5459,0.0,0.8563080165925554,2025-40-118
5460,0.3027737309490397,0.4852947117120697,2025-41-118
5461,0.3916312722709649,0.27722958838624767,2025-42-118
5462,0.7976307166634415,0.4258742667708333,2025-43-118
5463,0.0,0.555574607600087,2025-44-118
5464,0.0,0.2896384764640214,2025-45-118
5465,0.0,0.14250672565566636,2025-46-118
5466,0.6320666771467021,0.1490259882053735,2025-47-118
5467,0.3871135854843823,0.2823856921757242,2025-48-118
5468,0.0,0.38786145211110146,2025-49-118
5469,0.0,0.1443899287139857,2025-50-118
5470,0.0,0.06428207632967875,2025-51-118
5471,0.0,0.0638245054882629,2025-52-118
5724,0.0,0.4662359820254365,2025-1-119
5725,0.0,0.3762006996166889,2025-2-119
5726,0.3427765468922375,0.18048274063860426,2025-3-119
5727,0.0,0.2568919730212653,2025-4-119
5728,0.0,0.06486251701113055,2025-5-119
5729,1.2500488585634049,0.09219559158439461,2025-6-119
5730,0.0,0.6782570233182728,2025-7-119
5731,0.5383800134359902,0.3346605981089954,2025-8-119
5732,0.0,0.5688724708430745,2025-9-119
5733,0.0,0.3787327015148242,2025-10-119
5734,0.0,0.1642853498332777,2025-11-119
5735,0.5241494758491416,0.17677403324492458,2025-12-119
5736,0.0,0.14941090847974647,2025-13-119
5737,0.0,0.24752928625326587,2025-14-119
5738,0.0,0.22496891342806502,2025-15-119
5739,1.4645574158141554,0.17315420773883317,2025-16-119
5740,2.7726214763131813,0.739747326688381,2025-17-119
5741,1.9411315223497128,1.697842693831085,2025-18-119
5742,3.882856085500409,1.6948603591656255,2025-19-119
5743,3.807303126717132,2.811451326188849,2025-20-119
5744,1.1097263874178953,3.0839505783904633,2025-21-119
5745,0.0,2.1606437141529353,2025-22-119
5746,0.9476167995866523,1.1840683765481193,2025-23-119
5747,1.3172278759175775,0.8238473098438155,2025-24-119
5748,2.22080894434779,0.8743191851462083,2025-25-119
5749,0.0,1.2932749596643198,2025-26-119
5750,0.4368091372500902,0.7735097920178681,2025-27-119
5751,0.3567149863326294,0.4821867340846483,2025-28-119
5752,0.3703605189942329,0.4650290081033084,2025-29-119
5753,0.8773032218298762,0.3288074091660843,2025-30-119
5754,0.2682737829694315,0.5898295543267833,2025-31-119
5755,0.7939922772009014,0.5413362152346834,2025-32-119
5756,0.0,0.7628168176724337,2025-33-119
5757,0.0,0.386631003668799,2025-34-119
5758,0.2276221922682905,0.3673763923284805,2025-35-119
5759,0.0,0.23283146734404447,2025-36-119
5760,0.2303860780529085,0.14721830231972877,2025-37-119
5761,0.0,0.2539613913393113,2025-38-119
5762,0.0,0.1896624352111298,2025-39-119
5763,0.4376745037922622,0.10661280216939195,2025-40-119
5764,0.1803655560218041,0.35890612942267675,2025-41-119
5765,0.0,0.17899952113269035,2025-42-119
5766,0.0,0.35469566572941247,2025-43-119
5767,0.4039041661660163,0.18050332199452956,2025-44-119
5768,0.4039656379457506,0.39911081478341315,2025-45-119
5769,0.0,0.525139219032334,2025-46-119
5770,0.1883794695117875,0.19018414720704613,2025-47-119
5771,0.2307720963882367,0.33298412001757594,2025-48-119
5772,0.0,0.35600999338952777,2025-49-119
5773,0.1773288843896816,0.11263640452632073,2025-50-119
5774,0.0,0.24464235632180453,2025-51-119
5775,0.0,0.25816724950757264,2025-52-119
6028,0.0,-0.0003092389154650821,2025-1-120
6029,0.0,0.1937022685401888,2025-2-120
6030,0.0,0.1065346404910752,2025-3-120
6031,0.0,0.053417691452653626,2025-4-120
6032,0.0,-0.0027861172515231125,2025-5-120
6033,0.0,0.046959550655818916,2025-6-120
6034,0.0,0.13201756243419416,2025-7-120
6035,5.338286323693333,0.006419082421550204,2025-8-120
6036,0.0,2.3548243087878546,2025-9-120
6037,0.0,1.4932991731834853,2025-10-120
6038,0.0,0.7598138234298455,2025-11-120
6039,0.0,0.6382833747839178,2025-12-120
6040,0.0,-0.06862454251200112,2025-13-120
6041,0.0,0.15460486997036327,2025-14-120
6042,0.0,0.12530708595060447,2025-15-120
6043,0.0,0.16876641718056573,2025-16-120
6044,0.0,0.14658550524121938,2025-17-120
6045,0.0,0.17556334984846655,2025-18-120
6046,0.0,-0.04827685495195144,2025-19-120
6047,0.0,0.1922920423258816,2025-20-120
6048,0.0,0.09209170173453574,2025-21-120
6049,0.0,0.11965343213303858,2025-22-120
6050,0.0,0.16062251559831164,2025-23-120
6051,0.0,0.08585078546725367,2025-24-120
6052,0.0,0.127142975599432,2025-25-120
6053,0.0,0.10672356706627817,2025-26-120
6054,0.0,0.04690965233604416,2025-27-120
6055,0.0,-0.015481411706520731,2025-28-120
6056,0.0,0.059492728464781264,2025-29-120
6057,0.0,0.029117133091546732,2025-30-120
6058,0.0,0.08569138479195737,2025-31-120
6059,0.0,0.040106323958347456,2025-32-120
6060,0.0,0.20934508837377896,2025-33-120
6061,0.0,0.15272150385560135,2025-34-120
6062,0.0,0.42121518451918094,2025-35-120
6063,0.0,0.19412960016894898,2025-36-120
6064,0.0,0.32979905868221804,2025-37-120
6065,0.0,0.2428780575000361,2025-38-120
6066,0.0,0.131912902511911,2025-39-120
6067,0.0,0.11290557284233438,2025-40-120
6068,0.0,0.00651117318103811,2025-41-120
6069,0.0,0.03130591688303763,2025-42-120
6070,0.0,0.22970505182546064,2025-43-120
6071,0.0,0.11835584567085489,2025-44-120
6072,0.0,0.3207981642719179,2025-45-120
6073,0.0,0.19353518343780673,2025-46-120
6074,0.0,0.2440469925863591,2025-47-120
6075,0.0,0.22582471988693897,2025-48-120
6076,0.0,0.2448895077786648,2025-49-120
6077,0.0,0.09424250998594608,2025-50-120
6078,0.0,0.0765613466272459,2025-51-120
6079,0.0,0.2059330139420955,2025-52-120
6332,0.7251059497216249,0.8541690606406377,2025-1-201
6333,1.706720310793157,1.0769823802522867,2025-2-201
6334,0.701216380022457,1.1757229760113097,2025-3-201
6335,0.4170227205296558,0.9048935007101613,2025-4-201
6336,0.8803464859131047,0.6800780038279222,2025-5-201
6337,1.5334461568414368,0.5466997244355519,2025-6-201
6338,0.555964350976516,1.0418307939746896,2025-7-201
6339,0.2200605262884795,0.7989002931286768,2025-8-201
6340,0.4592386074524118,0.6482504536245686,2025-9-201
6341,1.320258849647563,0.524003273767178,2025-10-201
6342,1.152180407904391,0.8948444751293798,2025-11-201
6343,0.642237372801866,0.8859967891845313,2025-12-201
6344,1.6109725379979647,0.6936378659916005,2025-13-201
6345,1.5840604892214436,1.1168210757051367,2025-14-201
6346,0.5279993333803387,1.2869383102979526,2025-15-201
6347,1.4942788004240164,0.9098619187914707,2025-16-201
6348,0.7542252733997606,1.233562005713292,2025-17-201
6349,2.3757159558058407,1.1688664709784,2025-18-201
6350,3.800995722324959,1.2501760923271288,2025-19-201
6351,1.242106521903338,2.5024981951321017,2025-20-201
6352,2.2623191865296195,2.0657153077606325,2025-21-201
6353,0.6463514543102418,2.029936066857261,2025-22-201
6354,1.931095991326342,1.5185701784912444,2025-23-201
6355,1.341895237327141,1.3616356771138034,2025-24-201
6356,1.3571777695955536,1.4598816139156334,2025-25-201
6357,0.4726303780079822,1.4028353328485892,2025-26-201
6358,1.4231446896759916,0.923316968549967,2025-27-201
6359,1.016724321916204,0.8531286377033294,2025-28-201
6360,0.3015469677842665,0.8210378291483744,2025-29-201
6361,1.428323154761678,0.5310064685255383,2025-30-201
6362,0.5458602629409585,0.9485876411134551,2025-31-201
6363,0.6460944403527764,0.840464700234093,2025-32-201
6364,1.5537354720922023,0.721725909266616,2025-33-201
6365,1.5568570450926311,1.2256379309722825,2025-34-201
6366,1.0181376975374303,1.5037484879060627,2025-35-201
6367,1.1510385556939289,1.0860899065512992,2025-36-201
6368,1.123750093716151,1.451773413193688,2025-37-201
6369,1.0851781258386148,1.0348697288940334,2025-38-201
6370,1.4234020564716474,1.203025376278407,2025-39-201
6371,0.8001024880261267,1.153234607964507,2025-40-201
6372,0.6593173707498176,0.9543312987160686,2025-41-201
6373,0.5684904703361962,0.7334826796484286,2025-42-201
6374,1.3506886525185036,0.8574738315409344,2025-43-201
6375,1.3116452629878732,0.8279376520833148,2025-44-201
6376,1.1476437871961,1.072562546567899,2025-45-201
6377,0.4498708404280223,1.1632693659857016,2025-46-201
6378,0.9935156797974576,0.7037659900882363,2025-47-201
6379,0.6552329483758137,0.8287657357531133,2025-48-201
6380,1.4153452457223843,0.824480089585202,2025-49-201
6381,1.1503951798460832,0.9461112026357157,2025-50-201
6382,1.136049394171809,1.1294461718320083,2025-51-201
6383,0.8627275992383646,1.128861405998022,2025-52-201
6636,0.3670097343415845,0.2298075839152559,2025-1-202
6637,0.0,0.7450118188937664,2025-2-202
6638,0.0,0.3247034676326307,2025-3-202
6639,0.0,0.2696649051437151,2025-4-202
6640,0.0,0.07666905894698073,2025-5-202
6641,0.0,-0.19122915992937162,2025-6-202
6642,0.9850295711439272,0.11070520678047535,2025-7-202
6643,0.7798016534378249,0.42505383247139994,2025-8-202
6644,0.0,0.7637034119931538,2025-9-202
6645,0.0,0.4371766573088911,2025-10-202
6646,0.0,0.3477885869837052,2025-11-202
6647,0.0,0.17491445735890543,2025-12-202
6648,0.0,-0.02913814820566274,2025-13-202
6649,0.0,0.12013522926585052,2025-14-202
6650,0.0,0.13707117909418576,2025-15-202
6651,0.0,0.044225408729249516,2025-16-202
6652,0.0,0.12340130402925298,2025-17-202
6653,0.0,0.21103631779737408,2025-18-202
6654,1.1227020473909337,-0.12796968882071558,2025-19-202
6655,0.0,0.6501079375042209,2025-20-202
6656,1.6038049998796735,0.48520062746589576,2025-21-202
6657,0.0,0.780304028378699,2025-22-202
6658,0.0,0.5767789716999541,2025-23-202
6659,0.9513607732736084,0.14458517726163422,2025-24-202
6660,2.4055424120890034,0.6305423679020579,2025-25-202
6661,0.0,1.3945454998013953,2025-26-202
6662,0.0,0.7581200024444539,2025-27-202
6663,1.0298410352594056,0.2075263013569647,2025-28-202
6664,0.5345268655619438,0.4911990333253796,2025-29-202
6665,0.4219872599559794,0.4001473476242562,2025-30-202
6666,0.0,0.4703943439725169,2025-31-202
6667,0.3817841880098317,0.3552298402219741,2025-32-202
6668,0.3443022147880427,0.4392456440288094,2025-33-202
6669,0.0,0.6676888962397776,2025-34-202
6670,0.3281826458408844,0.33573923158760755,2025-35-202
6671,0.0,0.2914416153012752,2025-36-202
6672,0.0,0.3784025511830077,2025-37-202
6673,0.0,-0.11984132742475073,2025-38-202
6674,0.5938114076470534,0.07186792632939931,2025-39-202
6675,0.0,0.14608724649174398,2025-40-202
6676,0.0,0.1050843108843954,2025-41-202
6677,0.0,0.05861180119596021,2025-42-202
6678,0.0,0.12071503378072101,2025-43-202
6679,0.290725985023941,0.18456134884324793,2025-44-202
6680,0.0,0.2256937266022664,2025-45-202
6681,0.2659151257409773,0.15735618241496108,2025-46-202
6682,0.5420973920962534,0.33669612523945314,2025-47-202
6683,0.3319885731300529,0.5562451467333182,2025-48-202
6684,0.0,0.5776880675585434,2025-49-202
6685,0.0,0.3119516595927768,2025-50-202
6686,0.0,0.32453740578802226,2025-51-202
6687,0.0,0.3072908136516934,2025-52-202
6940,0.0,0.2686724063968635,2025-1-203
6941,0.9875103060156958,0.49818923040144614,2025-2-203
6942,0.0,0.5795498794819001,2025-3-203
6943,0.8445520458213953,0.34662184046293953,2025-4-203
6944,3.5658249259404817,0.4946684852829306,2025-5-203
6945,0.0,1.597200234449081,2025-6-203
6946,1.126011154615421,1.079964020192751,2025-7-203
6947,0.0,0.9869963094545207,2025-8-203
6948,0.0,0.7294371023344217,2025-9-203
6949,0.0,0.1760290041661675,2025-10-203
6950,1.1668766038438734,0.21312294716531122,2025-11-203
6951,0.8672582190210432,0.43997071104173524,2025-12-203
6952,2.1754577444794623,0.543616071199471,2025-13-203
6953,1.2834979795016614,1.2551531630580486,2025-14-203
6954,0.0,1.3163912697516322,2025-15-203
6955,0.0,0.6543675180734976,2025-16-203
6956,1.527894930073974,0.4479225370074066,2025-17-203
6957,0.0,0.934772151593632,2025-18-203
6958,0.0,0.12050023780897257,2025-19-203
6959,0.0,0.22127697363204446,2025-20-203
6960,0.0,0.274341647607108,2025-21-203
6961,0.0,-0.05932678828240734,2025-22-203
6962,0.0,0.12966687892175144,2025-23-203
6963,0.0,-0.08962225468943785,2025-24-203
6964,0.0,0.06731118606350406,2025-25-203
6965,0.957636794759328,0.04284294773170183,2025-26-203
6966,0.0,0.14277311750117427,2025-27-203
6967,0.0,-0.012653710248397898,2025-28-203
6968,0.0,-0.13894652211742708,2025-29-203
6969,0.4823850925155181,-0.05512331275094273,2025-30-203
6970,0.0,0.1752704773434507,2025-31-203
6971,0.0,0.21349466643813453,2025-32-203
6972,0.787164204922153,0.26800399249149853,2025-33-203
6973,0.0,0.6431361860914022,2025-34-203
6974,0.3751559115183498,0.5257337300936702,2025-35-203
6975,0.0,0.3381604766007764,2025-36-203
6976,0.0,0.37174845326943295,2025-37-203
6977,0.0,-0.047416734775578284,2025-38-203
6978,0.339403281340949,0.1463807466565391,2025-39-203
6979,0.0,0.10233419209975958,2025-40-203
6980,0.0,0.08216035275749978,2025-41-203
6981,0.0,0.0389332169924006,2025-42-203
6982,0.0,0.03144565964356394,2025-43-203
6983,0.0,-0.1559076259113541,2025-44-203
6984,0.0,-0.02941865603976579,2025-45-203
6985,0.0,-0.07458634015787169,2025-46-203
6986,0.0,-0.22338802502847965,2025-47-203
6987,0.3795103138828709,0.09949616049011578,2025-48-203
6988,0.0,0.2571157915668598,2025-49-203
6989,0.0,0.08126080147052128,2025-50-203
6990,0.0,0.15820704900581495,2025-51-203
6991,0.0,0.1783091056798637,2025-52-203
7244,0.0,2.1112324568476453,2025-1-204
7245,0.0,1.7525380915746278,2025-2-204
7246,0.0,0.907352361638949,2025-3-204
7247,0.0,0.6991501656960577,2025-4-204
7248,0.0,0.15274978442963294,2025-5-204
7249,0.0,-0.0699310503756303,2025-6-204
7250,0.0,0.139501922554628,2025-7-204
7251,0.0,0.13146960938125862,2025-8-204
7252,0.0,0.1880872668754855,2025-9-204
7253,0.0,0.16749464951558724,2025-10-204
7254,0.0,0.24180111560623208,2025-11-204
7255,0.0,0.06757871702554419,2025-12-204
7256,0.0,-0.003228249101354219,2025-13-204
7257,0.0,0.1529108407533003,2025-14-204
7258,0.0,0.07801597235332425,2025-15-204
7259,0.0,0.11410094390864545,2025-16-204
7260,0.0,0.2329091687715149,2025-17-204
7261,0.0,0.33876881788863644,2025-18-204
7262,0.0,-0.13936134491637153,2025-19-204
7263,0.0,0.24227310206992125,2025-20-204
7264,19.662427111228475,0.32226703947395086,2025-21-204
7265,0.0,8.180820212974972,2025-22-204
7266,16.78515318622945,5.354638818315572,2025-23-204
7267,0.0,9.669284498293077,2025-24-204
7268,0.0,6.548719746155909,2025-25-204
7269,0.0,2.497014458708499,2025-26-204
7270,0.0,1.7843934699057256,2025-27-204
7271,0.0,-0.051999787602560854,2025-28-204
7272,0.0,-0.07056123699018824,2025-29-204
7273,0.0,0.012968470107557417,2025-30-204
7274,0.0,0.06570026188840683,2025-31-204
7275,4.681747468590109,0.11522956715811772,2025-32-204
7276,0.0,2.1081754262329264,2025-33-204
7277,0.0,1.5217368298200917,2025-34-204
7278,0.0,0.9456228171443896,2025-35-204
7279,0.0,0.5540391992494196,2025-36-204
7280,4.072368203948691,0.3400850097800212,2025-37-204
7281,0.0,1.6398057534365456,2025-38-204
7282,0.0,1.216003457559691,2025-39-204
7283,0.0,0.4813759547326597,2025-40-204
7284,0.0,0.32241034182094586,2025-41-204
7285,0.0,-0.010194139678852299,2025-42-204
7286,0.0,0.1398678565360355,2025-43-204
7287,0.0,0.051479313800462556,2025-44-204
7288,0.0,0.17230662270586838,2025-45-204
7289,0.0,0.18526418242296616,2025-46-204
7290,0.0,0.11278917644794983,2025-47-204
7291,0.0,0.2563932659595255,2025-48-204
7292,0.0,0.243286578546406,2025-49-204
7293,0.0,0.08037349396200355,2025-50-204
7294,11.407749258372576,0.17281753606927974,2025-51-204
7295,0.0,4.957556034017207,2025-52-204
7548,1.1108354389105508,1.9155885892320557,2025-1-205
7549,5.229458372650904,1.8893707374074555,2025-2-205
7550,1.50404400138039,3.10257165557468,2025-3-205
7551,0.0,2.4271289350962686,2025-4-205
7552,0.0,1.2268682841689096,2025-5-205
7553,2.741220932453821,0.5105238218711682,2025-6-205
7554,0.0,1.302846367188435,2025-7-205
7555,0.0,0.7208543708909361,2025-8-205
7556,0.0,0.4556904340370429,2025-9-205
7557,0.0,0.315398254802182,2025-10-205
7558,0.0,0.14462065043549455,2025-11-205
7559,0.0,-0.03325647010850896,2025-12-205
7560,0.0,-0.11890765157929506,2025-13-205
7561,0.0,0.08831627741114811,2025-14-205
7562,0.0,-0.006371083596452554,2025-15-205
7563,0.0,0.015670745222409632,2025-16-205
7564,4.0464531405349415,0.12334668024067752,2025-17-205
7565,8.497530412446423,1.8775749905445474,2025-18-205
7566,6.79800738727808,4.161701146114322,2025-19-205
7567,3.332348258853155,5.5347985234185115,2025-20-205
7568,4.855695365930865,4.786875600085314,2025-21-205
7569,3.468345193880262,4.443291135891618,2025-22-205
7570,0.0,3.909529250160193,2025-23-205
7571,0.0,1.8984185178752933,2025-24-205
7572,0.0,1.0836963386259488,2025-25-205
7573,0.0,0.5294277131826011,2025-26-205
7574,1.909517258602568,-0.01688665618549634,2025-27-205
7575,0.0,0.6111292121039044,2025-28-205
7576,1.6185404075075114,0.3516558613814065,2025-29-205
7577,1.277793956514044,0.8242199606290965,2025-30-205
7578,1.1720444804984111,1.1191133784821181,2025-31-205
7579,0.0,1.0440404719586251,2025-32-205
7580,0.0,0.7271374060803459,2025-33-205
7581,0.0,0.5246400415580736,2025-34-205
7582,0.9938354606663148,0.36548811276588367,2025-35-205
7583,3.089922133978802,0.4816516792033668,2025-36-205
7584,0.0,1.7766349233331789,2025-37-205
7585,0.0,0.8098151743311739,2025-38-205
7586,1.7983627335463843,0.583107352825142,2025-39-205
7587,2.864243798192348,0.8682283082413945,2025-40-205
7588,0.7867823414804079,1.6530731661745794,2025-41-205
7589,2.0352675391759587,1.2397364588997555,2025-42-205
7590,2.0724962598822447,1.7204266434738338,2025-43-205
7591,0.0,1.8361499170792146,2025-44-205
7592,0.8805409376777101,0.9579543543459896,2025-45-205
7593,0.8054230087397384,0.915333218001498,2025-46-205
7594,0.0,0.6950557962949574,2025-47-205
7595,1.0055855779392748,0.3981643661611102,2025-48-205
7596,0.8944411401425693,0.7047215286102116,2025-49-205
7597,0.0,0.6597796130794666,2025-50-205
7598,1.877829001334788,0.4228041619697871,2025-51-205
7599,1.5449398059921997,1.091400730730158,2025-52-205
7852,0.0,-0.24651846809125622,2025-1-206
7853,0.7931113991973412,0.2527344352604928,2025-2-206
7854,0.912431143557604,0.31229718393683137,2025-3-206
7855,1.3566441645010112,0.5459073473942919,2025-4-206
7856,0.0,0.9194383362547285,2025-5-206
7857,0.0,0.3516856108166766,2025-6-206
7858,0.0,0.29271181574749516,2025-7-206
7859,0.0,0.09050632316545026,2025-8-206
7860,1.4942919160663626,0.06729701984102565,2025-9-206
7861,2.148049566900148,0.6148553144004612,2025-10-206
7862,0.0,1.3467770126141982,2025-11-206
7863,0.0,0.7220785152528231,2025-12-206
7864,0.0,0.3171425161076923,2025-13-206
7865,2.06214653519856,0.19016664962073038,2025-14-206
7866,0.0,0.841810840919075,2025-15-206
7867,0.0,0.49065560463699043,2025-16-206
7868,0.0,0.32716051903819054,2025-17-206
7869,0.0,0.35343142314511067,2025-18-206
7870,0.0,-0.31234339235878683,2025-19-206
7871,2.0217401313552945,-0.005881024674944335,2025-20-206
7872,0.0,0.9187932301362544,2025-21-206
7873,0.0,0.4120681421684331,2025-22-206
7874,0.0,0.32526596198240865,2025-23-206
7875,0.0,0.20485195963898606,2025-24-206
7876,0.0,0.12379048787366886,2025-25-206
7877,1.538957686272093,0.13588985466916492,2025-26-206
7878,1.1585427733937927,0.6282339882637114,2025-27-206
7879,0.0,0.6744576450433484,2025-28-206
7880,0.982005323870609,0.3221422245914707,2025-29-206
7881,0.0,0.5919773075483958,2025-30-206
7882,0.7111090419803288,0.3415687680474456,2025-31-206
7883,0.0,0.462128273948605,2025-32-206
7884,0.0,0.3320801317450638,2025-33-206
7885,0.0,0.31474168797789026,2025-34-206
7886,0.0,0.254353003507793,2025-35-206
7887,0.0,-0.011956357009580199,2025-36-206
7888,1.220255228024521,0.2568831361135837,2025-37-206
7889,0.5892096721891916,0.43738137859052395,2025-38-206
7890,0.0,0.7191304895760506,2025-39-206
7891,0.0,0.26570672875568213,2025-40-206
7892,1.432112084557577,0.13709786081268438,2025-41-206
7893,0.0,0.571732137626196,2025-42-206
7894,0.0,0.4149019002198493,2025-43-206
7895,0.0,0.10932423039692085,2025-44-206
7896,0.5342620364504479,0.10846949504451064,2025-45-206
7897,0.0,0.23836244183710475,2025-46-206
7898,0.0,0.13072666828039026,2025-47-206
7899,0.6101357988184174,0.18032449228689307,2025-48-206
7900,0.0,0.45947952072165854,2025-49-206
7901,0.0,0.17559019850532775,2025-50-206
7902,0.0,0.15024249152504054,2025-51-206
7903,0.0,0.11807136076119062,2025-52-206
8156,1.5893208718542584,0.31630051400066983,2025-1-207
8157,1.8704626717384407,1.1513960268979693,2025-2-207
8158,0.0,1.407722863144109,2025-3-207
8159,0.0,0.7799329003058856,2025-4-207
8160,0.0,0.3828698150852802,2025-5-207
8161,0.0,-0.05541746279698079,2025-6-207
8162,0.0,-0.0007285168629391769,2025-7-207
8163,0.0,-0.028495083343682337,2025-8-207
8164,0.0,0.06883728708910408,2025-9-207
8165,0.0,0.013806742459440802,2025-10-207
8166,0.0,0.08536236592366153,2025-11-207
8167,0.0,-0.05753267124626227,2025-12-207
8168,2.060125745767244,-0.1320394096952724,2025-13-207
8169,2.4308890963113887,0.8592407685489276,2025-14-207
8170,0.0,1.4914017347567483,2025-15-207
8171,0.0,0.8758403330586336,2025-16-207
8172,0.0,0.611559090556484,2025-17-207
8173,0.0,0.4274067223749365,2025-18-207
8174,0.0,-0.35011012205359626,2025-19-207
8175,0.0,-0.0361370527787499,2025-20-207
8176,3.472106460155275,0.14702339545506482,2025-21-207
8177,0.0,1.364387875044754,2025-22-207
8178,0.0,1.0220288718579493,2025-23-207
8179,0.0,0.5157619073467586,2025-24-207
8180,0.0,0.5216883771229891,2025-25-207
8181,0.0,0.1664087393078164,2025-26-207
8182,1.36523892464909,0.05383242845602321,2025-27-207
8183,0.0,0.3888219919151159,2025-28-207
8184,0.0,0.19405910747502297,2025-29-207
8185,0.0,0.08607667979088007,2025-30-207
8186,0.0,0.13764947969913988,2025-31-207
8187,0.0,0.006411694353251729,2025-32-207
8188,0.0,-0.003366865561774235,2025-33-207
8189,0.0,0.1295780087124082,2025-34-207
8190,0.0,0.1974330918611913,2025-35-207
8191,0.0,-0.04474429535691948,2025-36-207
8192,0.0,0.2409249420889198,2025-37-207
8193,0.694156335742644,-0.08377153509052904,2025-38-207
8194,0.0,0.4653209836149558,2025-39-207
8195,0.0,0.15995497565104277,2025-40-207
8196,0.0,0.10637318554579289,2025-41-207
8197,0.0,0.025711732810347776,2025-42-207
8198,0.0,0.07316496355942192,2025-43-207
8199,0.0,0.0194753696921377,2025-44-207
8200,0.6293212567984835,0.05542189669036057,2025-45-207
8201,0.0,0.2643324618924351,2025-46-207
8202,0.5867331564538697,0.09044723955125433,2025-47-207
8203,0.0,0.35928405502519634,2025-48-207
8204,0.0,0.29604631766485734,2025-49-207
8205,0.0,0.02545520592421635,2025-50-207
8206,0.0,0.09397705556648261,2025-51-207
8207,1.104006145694426,0.08033565420717692,2025-52-207
8460,0.0,-0.033787685546151636,2025-1-208
8461,0.0,0.2930133039895084,2025-2-208
8462,0.0,0.09993552043508902,2025-3-208
8463,1.920620963065541,-0.01798391256807541,2025-4-208
8464,2.0272130077916417,0.7705597863907621,2025-5-208
8465,0.0,1.1174156495207586,2025-6-208
8466,0.0,0.8066949025959365,2025-7-208
8467,0.0,0.4019602139727303,2025-8-208
8468,2.114897596497314,0.26843982993325344,2025-9-208
8469,0.0,0.8889136862113056,2025-10-208
8470,0.0,0.6258764428940944,2025-11-208
8471,0.0,0.237084682936756,2025-12-208
8472,0.0,0.0785333739325148,2025-13-208
8473,2.917774707069788,-0.014764731103932949,2025-14-208
8474,0.0,1.2114850751488462,2025-15-208
8475,0.0,0.7651977526467142,2025-16-208
8476,0.0,0.4566550389454931,2025-17-208
8477,3.6464354895507447,0.49556962025238427,2025-18-208
8478,0.0,1.2394128829181768,2025-19-208
8479,2.8596426685512526,0.9441067374911203,2025-20-208
8480,0.0,1.775745218337081,2025-21-208
8481,0.0,0.9830300853820428,2025-22-208
8482,0.0,0.4711653722485538,2025-23-208
8483,0.0,0.19532558238236652,2025-24-208
8484,0.0,0.06364237332212164,2025-25-208
8485,0.0,0.06495269278348359,2025-26-208
8486,0.0,-0.16921680273960527,2025-27-208
8487,0.0,-0.20930258428524784,2025-28-208
8488,0.0,-0.23161195500966492,2025-29-208
8489,0.0,-0.1210514074204645,2025-30-208
8490,0.0,-0.01006146959594778,2025-31-208
8491,0.0,0.060830336163134824,2025-32-208
8492,0.894103633056196,0.020647495577175157,2025-33-208
8493,0.0,0.573428401720582,2025-34-208
8494,2.5565421398969006,0.3505354798540896,2025-35-208
8495,0.8831206693154897,0.9757789558060527,2025-36-208
8496,0.0,1.3287321177850657,2025-37-208
8497,0.832565339985773,0.44706676744670526,2025-38-208
8498,0.0,0.8169678692989091,2025-39-208
8499,0.0,0.2829258074077998,2025-40-208
8500,0.0,0.09667007287510276,2025-41-208
8501,0.8722575516590964,0.08017230065445746,2025-42-208
8502,0.0,0.45032653552858914,2025-43-208
8503,0.0,0.32285477005495655,2025-44-208
8504,0.0,0.10245305550469508,2025-45-208
8505,0.0,0.07841164710228132,2025-46-208
8506,0.0,-0.09433959045867324,2025-47-208
8507,0.0,0.012326183643471822,2025-48-208
8508,0.0,0.097112083063146,2025-49-208
8509,0.0,-0.050612293513263795,2025-50-208
8510,0.0,0.07534856916954757,2025-51-208
8511,0.0,0.08623764928724242,2025-52-208
8764,0.0,2.434515718699469,2025-1-209
8765,0.0,1.8573447988077905,2025-2-209
8766,0.0,1.0530359653364634,2025-3-209
8767,5.426412316134035,0.5167181437048771,2025-4-209
8768,2.863741278630094,2.3995450927104267,2025-5-209
8769,0.0,2.4783489831818226,2025-6-209
8770,0.0,1.5620974880881815,2025-7-209
8771,0.0,0.9731715432677507,2025-8-209
8772,0.0,0.4280118736870918,2025-9-209
8773,0.0,0.12741124641074542,2025-10-209
8774,0.0,0.1998071624585468,2025-11-209
8775,2.784992373533877,0.027452003129136093,2025-12-209
8776,3.4927996322211325,1.108834604963139,2025-13-209
8777,0.0,2.3151963584779685,2025-14-209
8778,0.0,1.3397652014015031,2025-15-209
8779,0.0,0.7878117520197843,2025-16-209
8780,0.0,0.5231792301657386,2025-17-209
8781,0.0,0.2735996080430092,2025-18-209
8782,0.0,-0.28452079106367245,2025-19-209
8783,4.038735521818522,0.1558340336026487,2025-20-209
8784,0.0,1.9252812355915834,2025-21-209
8785,4.203001604854449,1.0751523252903552,2025-22-209
8786,0.0,2.5031563957642504,2025-23-209
8787,0.0,1.613238580670775,2025-24-209
8788,0.0,0.8420486318703954,2025-25-209
8789,0.0,0.7009319568394837,2025-26-209
8790,2.313211946930105,0.12085814149610408,2025-27-209
8791,1.8886369264263043,0.9514908765007432,2025-28-209
8792,0.0,1.3353589491626852,2025-29-209
8793,0.0,0.7980459683370043,2025-30-209
8794,0.0,0.6126470128340751,2025-31-209
8795,0.0,0.3461907179284639,2025-32-209
8796,1.2625110709389924,0.15807611332260496,2025-33-209
8797,1.124452976372044,0.8306749262488777,2025-34-209
8798,0.0,0.9623823614027336,2025-35-209
8799,1.246945994424397,0.46836878431289364,2025-36-209
8800,0.0,1.072524395507311,2025-37-209
8801,1.1755274421275508,0.3378415704641873,2025-38-209
8802,0.0,0.9249746486262527,2025-39-209
8803,0.0,0.45521737124547756,2025-40-209
8804,0.0,0.38710459989873913,2025-41-209
8805,0.0,0.3559697318599718,2025-42-209
8806,0.0,0.2834065661548668,2025-43-209
8807,0.0,0.2747031980212764,2025-44-209
8808,1.0653714889804409,0.2599737037399531,2025-45-209
8809,0.0,0.5767085520191852,2025-46-209
8810,0.9931787219016092,0.4419476796666033,2025-47-209
8811,0.0,0.7770593800525407,2025-48-209
8812,2.1637822345320945,0.6033812778477983,2025-49-209
8813,2.802886060134335,1.1357734258315784,2025-50-209
8814,5.677642207058975,1.9600675195163384,2025-51-209
8815,1.8683302066845209,3.5914689024997264,2025-52-209
9068,0.1605144094879839,0.17748439932264026,2025-1-210
9069,0.566704073995096,0.6321101989970277,2025-2-210
9070,0.4346132552763228,0.6199496249150898,2025-3-210
9071,0.3230805500183558,0.5015786844151346,2025-4-210
9072,0.0,0.49876662635055624,2025-5-210
9073,0.0,0.042319982992777394,2025-6-210
9074,0.8613874878451759,0.2622733673039883,2025-7-210
9075,1.3637787921832731,0.47305863806343285,2025-8-210
9076,0.355746284185035,1.0352071180727658,2025-9-210
9077,0.5113535302448584,0.8207242062684295,2025-10-210
9078,2.2312223443651527,0.7813168432534214,2025-11-210
9079,0.6632952058734726,1.3013452749451027,2025-12-210
9080,0.0,0.9171178745681927,2025-13-210
9081,2.9446653304896,0.6816195896197512,2025-14-210
9082,0.8179118687020595,1.6806439773996211,2025-15-210
9083,0.925880560759456,1.3199658238802443,2025-16-210
9084,1.752451010788058,1.1874515819695008,2025-17-210
9085,0.0,1.613965996601436,2025-18-210
9086,0.0,0.5672785770485488,2025-19-210
9087,0.4809755876947297,0.4343913891569816,2025-20-210
9088,0.7008067493808267,0.5321568960464743,2025-21-210
9089,0.5005452647934548,0.37980407650166315,2025-22-210
9090,0.0,0.5402007300473842,2025-23-210
9091,0.0,0.18924785717058856,2025-24-210
9092,0.3503166593724073,0.2505996815675804,2025-25-210
9093,0.7319596973985971,0.2968876739058044,2025-26-210
9094,0.2754957573264624,0.30939855830401974,2025-27-210
9095,0.4498641005074795,0.22100060731664362,2025-28-210
9096,0.0,0.24274017673059267,2025-29-210
9097,0.0,0.23798376370447794,2025-30-210
9098,0.5071657153046732,0.06352891469526134,2025-31-210
9099,0.1667447793218386,0.41861555126664507,2025-32-210
9100,0.1503678283737003,0.35601248737845403,2025-33-210
9101,0.1339258468122641,0.41384104170779434,2025-34-210
9102,0.1433152303232743,0.24039190443584024,2025-35-210
9103,0.2970349003708651,0.14705557972281214,2025-36-210
9104,0.579972891180366,0.4276971724334261,2025-37-210
9105,0.1400133171450217,0.3520378391323753,2025-38-210
9106,0.6481694927089537,0.55360136390089,2025-39-210
9107,1.1010913988407371,0.5250401510120186,2025-40-210
9108,0.5670777986013803,0.946104332835506,2025-41-210
9109,0.4400521913226786,0.7809484136393764,2025-42-210
9110,0.2987160594650255,0.7917437315328562,2025-43-210
9111,0.2538154982058668,0.6791091097991291,2025-44-210
9112,0.0,0.4288678308321263,2025-45-210
9113,0.3482012474237748,0.27348738892468905,2025-46-210
9114,0.3549077467570048,0.4595319030520345,2025-47-210
9115,0.57957668933343,0.544753156683702,2025-48-210
9116,0.3866146767825676,0.8028078082856946,2025-49-210
9117,0.445165049848864,0.6944316318696561,2025-50-210
9118,1.217364849969143,0.5713696641988564,2025-51-210
9119,0.4451098591348578,1.0412032906723698,2025-52-210
9372,0.0,-0.030081074450094558,2025-1-211
9373,0.0,0.33310860772442485,2025-2-211
9374,0.0,0.29002065875089267,2025-3-211
9375,0.0,0.2064518997361181,2025-4-211
9376,0.0,0.1354806479351084,2025-5-211
9377,0.0,-0.0706740669741952,2025-6-211
9378,0.0,0.14027489320275854,2025-7-211
9379,0.0,0.009173457643482097,2025-8-211
9380,0.0,0.1750305120381812,2025-9-211
9381,0.0,0.10969845539064305,2025-10-211
9382,0.0,0.15132872718291912,2025-11-211
9383,0.0,0.08454817457630104,2025-12-211
9384,0.0,-0.02444834460605594,2025-13-211
9385,0.0,0.058452445345990256,2025-14-211
9386,0.0,0.10453135869012309,2025-15-211
9387,0.0,0.07510404509597257,2025-16-211
9388,0.0,0.15157467656772228,2025-17-211
9389,0.0,0.30823562863655596,2025-18-211
9390,0.0,-0.09774224280050592,2025-19-211
9391,0.0,0.1341471460194451,2025-20-211
9392,0.0,0.24829009092165455,2025-21-211
9393,7.138409480099811,0.07741383563476756,2025-22-211
9394,0.0,3.03000963907936,2025-23-211
9395,0.0,1.7350197644570922,2025-24-211
9396,0.0,1.0387486018839591,2025-25-211
9397,0.0,0.8311206920263484,2025-26-211
9398,0.0,-0.032172396744987175,2025-27-211
9399,0.0,-0.10477790892243788,2025-28-211
9400,0.0,-0.05031560638412058,2025-29-211
9401,0.0,-0.053480986846051515,2025-30-211
9402,0.0,0.016510531734842404,2025-31-211
9403,0.0,0.13677775060762543,2025-32-211
9404,0.0,0.17117408194161066,2025-33-211
9405,0.0,0.333914479734732,2025-34-211
9406,0.0,0.1320322865283372,2025-35-211
9407,0.0,0.025864214599564228,2025-36-211
9408,0.0,0.23569724567821293,2025-37-211
9409,0.0,-0.14487313147975844,2025-38-211
9410,0.0,0.12626169947722654,2025-39-211
9411,0.0,-0.05179848862330272,2025-40-211
9412,0.0,0.02058199008644368,2025-41-211
9413,0.0,0.0876515840092893,2025-42-211
9414,0.0,0.017538873438696312,2025-43-211
9415,0.0,0.22017886771382777,2025-44-211
9416,0.0,0.04065216828757312,2025-45-211
9417,0.0,-0.03484664135456983,2025-46-211
9418,0.0,-0.029746097849863817,2025-47-211
9419,0.0,0.12448970627631573,2025-48-211
9420,0.0,0.22807893750365982,2025-49-211
9421,0.0,-0.00335553865326621,2025-50-211
9422,0.0,0.23979995400565712,2025-51-211
9423,0.0,0.3051544202893006,2025-52-211
9676,0.0,-0.19567182459870414,2025-1-212
9677,0.0,0.330821279061156,2025-2-212
9678,0.0,0.035934701871482844,2025-3-212
9679,0.0,-0.006653343638126863,2025-4-212
9680,0.0,0.10781632858452717,2025-5-212
9681,0.0,-0.10001002486011612,2025-6-212
9682,0.0,0.16626686947991964,2025-7-212
9683,0.0,0.03196129052284835,2025-8-212
9684,0.0,0.1684354030746985,2025-9-212
9685,0.0,0.14327547288742293,2025-10-212
9686,0.0,0.24500415203221182,2025-11-212
9687,0.0,0.06390982899359976,2025-12-212
9688,0.0,-0.08286484939135552,2025-13-212
9689,0.0,0.07845184452550025,2025-14-212
9690,0.0,0.17596379356765346,2025-15-212
9691,0.0,0.039966276813940604,2025-16-212
9692,0.0,0.11551873568342752,2025-17-212
9693,0.0,0.26999193346720596,2025-18-212
9694,0.0,-0.23891781810457746,2025-19-212
9695,0.0,-0.03085770758888473,2025-20-212
9696,0.0,0.2374390027422485,2025-21-212
9697,0.0,0.0765383645320723,2025-22-212
9698,0.0,0.08206677211466773,2025-23-212
9699,0.0,-0.07956340853028565,2025-24-212
9700,0.0,0.08758142641452982,2025-25-212
9701,0.0,0.16167357331547738,2025-26-212
9702,0.0,-0.09487522086620781,2025-27-212
9703,0.0,-0.13817614208690387,2025-28-212
9704,0.0,-0.07461426726542797,2025-29-212
9705,0.0,-0.09741519492892792,2025-30-212
9706,0.0,-0.0013336018087592993,2025-31-212
9707,0.0,0.1440872157040023,2025-32-212
9708,0.0,0.15839625990219675,2025-33-212
9709,0.0,0.26764204585852813,2025-34-212
9710,0.0,0.3117548542027577,2025-35-212
9711,0.0,0.11182038808328287,2025-36-212
9712,0.0,0.34115977396028696,2025-37-212
9713,0.0,0.03078231548496224,2025-38-212
9714,0.0,0.2295184633389199,2025-39-212
9715,0.0,0.05644559520344905,2025-40-212
9716,0.0,0.10361995830285575,2025-41-212
9717,1.3609520397086932,0.04074082560600578,2025-42-212
9718,0.0,0.503655230544496,2025-43-212
9719,0.0,0.43844913262404617,2025-44-212
9720,0.0,0.26484324051220187,2025-45-212
9721,0.0,0.04850204720568163,2025-46-212
9722,0.0,-0.08663644505183976,2025-47-212
9723,0.0,0.17096258248567686,2025-48-212
9724,0.0,0.2257002139349623,2025-49-212
9725,0.0,0.0616124267974556,2025-50-212
9726,0.0,0.19042074505020712,2025-51-212
9727,0.0,0.2117051275134061,2025-52-212
9980,0.0,-0.20920769360169356,2025-1-213
9981,0.0,0.28313601965662394,2025-2-213
9982,0.8069012032987694,0.14330496144491722,2025-3-213
9983,0.0,0.4759889357061673,2025-4-213
9984,0.0,0.23579987724568352,2025-5-213
9985,0.0,-0.025309117117767954,2025-6-213
9986,0.0,0.19937569233901664,2025-7-213
9987,0.0,0.0645398254736127,2025-8-213
9988,0.0,0.1529806959124208,2025-9-213
9989,0.0,0.13791156460845067,2025-10-213
9990,0.0,0.23755245209573195,2025-11-213
9991,0.0,0.05915230942980787,2025-12-213
9992,0.0,-0.06302178070684161,2025-13-213
9993,1.8229998853791152,0.16257373649072515,2025-14-213
9994,0.0,0.8829140787700849,2025-15-213
9995,0.0,0.5855314147390658,2025-16-213
9996,0.0,0.38649751976654667,2025-17-213
9997,0.0,0.3994594819318211,2025-18-213
9998,0.0,-0.11699503018664603,2025-19-213
9999,0.0,0.03696265175014757,2025-20-213
10000,0.0,0.14948367590078881,2025-21-213
10001,0.0,-0.00045294392170536213,2025-22-213
10002,0.0,0.07403572462224228,2025-23-213
10003,0.0,0.021598920072890326,2025-24-213
10004,0.0,0.11188093416112843,2025-25-213
10005,0.0,0.2458074184476744,2025-26-213
10006,0.0,0.011114087535886608,2025-27-213
10007,0.8358937994075308,-0.06607385794850873,2025-28-213
10008,0.0,0.3884046631852851,2025-29-213
10009,0.0,0.07372446512584441,2025-30-213
10010,0.628308920760309,0.22383100138662027,2025-31-213
10011,0.0,0.49590546647635536,2025-32-213
10012,0.0,0.360169502166386,2025-33-213
10013,0.0,0.3227847070230657,2025-34-213
10014,0.0,0.12997430361644113,2025-35-213
10015,0.0,-0.05420356363627188,2025-36-213
10016,0.0,0.15813433687616096,2025-37-213
10017,0.0,0.039780466573646533,2025-38-213
10018,0.0,0.137555505169924,2025-39-213
10019,0.0,0.09221534709072343,2025-40-213
10020,0.0,0.143486059657553,2025-41-213
10021,0.0,0.03809796899716966,2025-42-213
10022,0.0,0.12077769051897225,2025-43-213
10023,0.0,-0.0030262062966268655,2025-44-213
10024,0.0,0.09549241051220081,2025-45-213
10025,0.0,0.04771030069518978,2025-46-213
10026,0.0,0.021621980703527832,2025-47-213
10027,1.077652763917814,0.2223456156984499,2025-48-213
10028,0.0,0.7320461085016465,2025-49-213
10029,0.4138936162806233,0.4013944194253277,2025-50-213
10030,0.5030611327127974,0.5130586459753207,2025-51-213
10031,0.8277412279632225,0.5833882282603351,2025-52-213
10284,0.9120197874757864,0.4498745447988445,2025-1-214
10285,1.07318073937644,1.0730000300625702,2025-2-214
10286,0.0,0.8438323034069908,2025-3-214
10287,0.0,0.3379290171382009,2025-4-214
10288,0.0,0.1946480825062129,2025-5-214
10289,0.0,0.10139859418718578,2025-6-214
10290,0.0,0.2396124159727857,2025-7-214
10291,0.0,0.37624456169075426,2025-8-214
10292,0.0,0.3694106093510643,2025-9-214
10293,0.0,0.4011386479092559,2025-10-214
10294,0.0,0.3762647871072716,2025-11-214
10295,0.0,0.14272145654874335,2025-12-214
10296,0.0,0.02717803119955664,2025-13-214
10297,0.0,0.23560946351691703,2025-14-214
10298,0.0,0.18014758274930442,2025-15-214
10299,0.0,0.13596925924701941,2025-16-214
10300,0.0,0.24673451753344477,2025-17-214
10301,0.0,0.3007693108924234,2025-18-214
10302,0.0,-0.07978463371830102,2025-19-214
10303,0.0,0.14622921549002244,2025-20-214
10304,0.0,0.14563811934452064,2025-21-214
10305,0.0,-0.06082270883060592,2025-22-214
10306,0.0,0.0482520123098078,2025-23-214
10307,0.0,0.0030115043670788655,2025-24-214
10308,3.96943526929924,0.13736559083107536,2025-25-214
10309,2.0732096443772163,1.8309027391852948,2025-26-214
10310,1.5604435008305368,1.9622464973187084,2025-27-214
10311,3.821665444991909,1.6686587810203297,2025-28-214
10312,5.288694541083887,2.5157281266592726,2025-29-214
10313,3.130886462441321,3.5780059486197358,2025-30-214
10314,0.9570830957503632,3.4730860778764807,2025-31-214
10315,9.4388761114467,2.4587793013829105,2025-32-214
10316,3.404317129318793,5.121479352252875,2025-33-214
10317,0.7579255815101369,4.582334989090222,2025-34-214
10318,2.4328921757237105,2.7064283808071314,2025-35-214
10319,0.0,2.4968218012322563,2025-36-214
10320,0.0,1.311345619085712,2025-37-214
10321,0.7919906109557797,0.39488095672056955,2025-38-214
10322,0.0,0.7178414466611458,2025-39-214
10323,0.778356346353314,0.15627095680120706,2025-40-214
10324,0.6413054963991497,0.5538746496144825,2025-41-214
10325,0.8293207120610364,0.6483257827682152,2025-42-214
10326,0.8443362482626054,0.666852450454517,2025-43-214
10327,0.7173354643165799,0.8614972961413507,2025-44-214
10328,0.0,0.7086971171813263,2025-45-214
10329,0.6559004106812767,0.4310255049840347,2025-46-214
10330,0.0,0.5126358430524169,2025-47-214
10331,0.0,0.3903377637390406,2025-48-214
10332,2.183983502379147,0.2935033137368219,2025-49-214
10333,1.885822355261826,1.3388258589203132,2025-50-214
10334,4.583480805626605,1.7887195173469728,2025-51-214
10335,1.256754999005908,3.068243850740933,2025-52-214
10588,0.0,0.3761044712043503,2025-1-215
10589,0.0,0.798413838807408,2025-2-215
10590,2.2993466155733806,0.6526414643458032,2025-3-215
10591,0.0,1.2105710998251564,2025-4-215
10592,0.0,0.5591416436799415,2025-5-215
10593,0.0,0.2132823603010917,2025-6-215
10594,0.0,0.4334784993918265,2025-7-215
10595,0.0,0.08504188957469805,2025-8-215
10596,0.0,0.26501246296960157,2025-9-215
10597,0.0,0.2565099152757121,2025-10-215
10598,4.723426912813463,0.12784135791754703,2025-11-215
10599,0.0,2.112626906825872,2025-12-215
10600,0.0,1.28041919353918,2025-13-215
10601,0.0,0.9230258496259371,2025-14-215
10602,0.0,0.6937413750642585,2025-15-215
10603,0.0,0.3159595897697486,2025-16-215
10604,6.184768126123267,0.3424519347351984,2025-17-215
10605,0.0,2.92232685703076,2025-18-215
10606,0.0,1.541764600955335,2025-19-215
10607,0.0,0.9241984180087541,2025-20-215
10608,0.0,0.8016375462249531,2025-21-215
10609,0.0,-0.004293031674910575,2025-22-215
10610,0.0,0.11548399946011423,2025-23-215
10611,0.0,0.04067061933060456,2025-24-215
10612,0.0,0.10752919191370813,2025-25-215
10613,0.0,0.23142782002968976,2025-26-215
10614,0.0,0.09775002551998524,2025-27-215
10615,2.382656742688828,0.09627527193215968,2025-28-215
10616,0.0,1.0822824409182885,2025-29-215
10617,0.0,0.7354438494818769,2025-30-215
10618,1.7910142623010172,0.47440831062114086,2025-31-215
10619,0.0,1.2245364600743929,2025-32-215
10620,0.0,0.5550374230119941,2025-33-215
10621,0.0,0.5165713045204585,2025-34-215
10622,0.0,0.36348822814837967,2025-35-215
10623,0.0,-0.02531174182667084,2025-36-215
10624,0.0,0.35035481909070165,2025-37-215
10625,0.0,-0.0730166249318942,2025-38-215
10626,0.0,0.25783514880516367,2025-39-215
10627,0.0,0.19743215259377633,2025-40-215
10628,0.0,0.2879808891159191,2025-41-215
10629,1.5547978642236115,0.25255503356939957,2025-42-215
10630,0.0,0.8177582142754417,2025-43-215
10631,1.3453001216026987,0.5613906843185292,2025-44-215
10632,0.0,0.8522479482969394,2025-45-215
10633,0.0,0.5799729206041224,2025-46-215
10634,0.0,0.21661680052784404,2025-47-215
10635,0.0,0.30395830701800997,2025-48-215
10636,0.0,0.3032378233797848,2025-49-215
10637,0.0,0.1708465615377993,2025-50-215
10638,1.434330567771012,0.29452999036197747,2025-51-215
10639,4.720176010984535,0.9668359765411818,2025-52-215
10892,1.8899668310961064,0.24587752700650978,2025-1-216
10893,4.447957155563672,1.4073228986916095,2025-2-216
10894,5.116274873054603,2.4344653058317123,2025-3-216
10895,0.0,3.342413980570175,2025-4-216
10896,4.013531062017913,2.3130331319357884,2025-5-216
10897,0.0,2.2960497383674596,2025-6-216
10898,0.0,1.7958537300402395,2025-7-216
10899,0.0,0.48591962245002773,2025-8-216
10900,0.0,0.5993686417143564,2025-9-216
10901,0.0,0.24443112843490333,2025-10-216
10902,0.0,-0.006390230104235339,2025-11-216
10903,3.9005608210654006,0.0973789263877427,2025-12-216
10904,0.0,1.681423423237618,2025-13-216
10905,0.0,1.2458210327860142,2025-14-216
10906,0.0,0.7345520029436483,2025-15-216
10907,5.442489016602947,0.7424870219142912,2025-16-216
10908,0.0,2.6449101435395246,2025-17-216
10909,0.0,1.927101221072797,2025-18-216
10910,0.0,0.8057063630918445,2025-19-216
10911,5.652210484926458,0.6993831184867484,2025-20-216
10912,0.0,2.639285824491364,2025-21-216
10913,0.0,1.5318535699775024,2025-22-216
10914,0.0,0.8995856558987936,2025-23-216
10915,0.0,0.5716737650321104,2025-24-216
10916,0.0,0.17948163561237251,2025-25-216
10917,0.0,0.20958109651082624,2025-26-216
10918,0.0,0.043230444234912735,2025-27-216
10919,5.282201497687332,-0.07302609057904763,2025-28-216
10920,0.0,2.1337608242266244,2025-29-216
10921,6.491276711000976,1.3077884476731259,2025-30-216
10922,5.953033461648418,3.4625673409429805,2025-31-216
10923,0.0,4.878199636085064,2025-32-216
10924,0.0,2.5250976531431846,2025-33-216
10925,0.0,1.6116374672144653,2025-34-216
10926,0.0,0.7158739877746869,2025-35-216
10927,0.0,-0.03024948391345661,2025-36-216
10928,0.0,0.3000769491282642,2025-37-216
10929,0.0,0.0683087053642435,2025-38-216
10930,0.0,0.32932149241226405,2025-39-216
10931,0.0,0.21824571151699412,2025-40-216
10932,0.0,0.31971105638627784,2025-41-216
10933,0.0,0.2435768839629444,2025-42-216
10934,0.0,0.37416472380659693,2025-43-216
10935,0.0,0.33238256180209336,2025-44-216
10936,0.0,0.188633870117632,2025-45-216
10937,0.0,0.3209266915024279,2025-46-216
10938,0.0,0.11031629278400579,2025-47-216
10939,1.6975402759125315,0.27283255398951156,2025-48-216
10940,0.0,1.0096935579993882,2025-49-216
10941,1.3035696481555543,0.6163726879099545,2025-50-216
10942,3.1683521559639862,1.110804544340723,2025-51-216
10943,2.606240399689711,2.472338499673003,2025-52-216
11196,0.0,0.3775820122861777,2025-1-301
11197,0.4885257255659089,0.10432921282249574,2025-2-301
11198,0.0,0.5221814277450586,2025-3-301
11199,0.4178667677602981,0.25493062024138635,2025-4-301
11200,1.323321883880323,0.5897369532370784,2025-5-301
11201,0.0,1.3593410336280654,2025-6-301
11202,0.0,0.5060631480348591,2025-7-301
11203,0.8823688022438078,0.2822897509861897,2025-8-301
11204,0.0,0.4797413047792186,2025-9-301
11205,0.0,0.3602837703068018,2025-10-301
11206,0.5776514030045304,0.04997470055875253,2025-11-301
11207,0.0,0.3950374159548721,2025-12-301
11208,1.0771025961600271,0.25151833733762996,2025-13-301
11209,1.2710550426824363,0.49629529625131763,2025-14-301
11210,0.0,0.8446178230821969,2025-15-301
11211,0.5996240484348295,0.854300610737997,2025-16-301
11212,0.7567124663506871,1.420654768779997,2025-17-301
11213,0.0,1.4209407617182488,2025-18-301
11214,0.0,0.17517488178221563,2025-19-301
11215,0.6232837200935174,0.20045588337056863,2025-20-301
11216,0.0,0.5207429406703818,2025-21-301
11217,0.0,0.13292777374472087,2025-22-301
11218,0.7754393776024038,0.12617740367393304,2025-23-301
11219,0.0,0.4901827916153527,2025-24-301
11220,0.0,0.3985202765834893,2025-25-301
11221,0.0,0.15680330294298506,2025-26-301
11222,0.0,0.16300681151010932,2025-27-301
11223,0.0,-0.07867350861121758,2025-28-301
11224,0.6057934408787885,-0.08052041380190333,2025-29-301
11225,0.0,0.1857945775716603,2025-30-301
11226,0.219364749663787,0.34336803541412075,2025-31-301
11227,0.0,0.17958970393230145,2025-32-301
11228,0.0,0.20621611181018784,2025-33-301
11229,0.0,0.10976441813006743,2025-34-301
11230,0.1860546972351753,0.15983535594010012,2025-35-301
11231,0.0,0.04808850038878765,2025-36-301
11232,0.0,0.30615188361948464,2025-37-301
11233,0.0,0.08349717671754253,2025-38-301
11234,0.0,0.06371251492279195,2025-39-301
11235,0.0,-0.047739491419367175,2025-40-301
11236,0.0,0.19949427887535354,2025-41-301
11237,0.0,-0.06813308724635458,2025-42-301
11238,0.0,0.09999917482236553,2025-43-301
11239,0.0,0.00623574137241989,2025-44-301
11240,0.3298860653455405,-0.12568088085848017,2025-45-301
11241,0.0,0.19303480631939662,2025-46-301
11242,0.0,0.28521323711422886,2025-47-301
11243,0.0,0.06563844311528189,2025-48-301
11244,0.0,0.11811572003183979,2025-49-301
11245,0.1447423927294207,0.03782229015216654,2025-50-301
11246,0.0,0.07098003813598941,2025-51-301
11247,0.0,0.13150547573042282,2025-52-301
11500,0.5505904204491531,0.6203779440294643,2025-1-302
11501,0.6480399446549986,0.8628601075166571,2025-2-302
11502,0.0,1.3333664023143825,2025-3-302
11503,0.0,0.9030587306163403,2025-4-302
11504,0.0,0.5850770210938898,2025-5-302
11505,0.0,0.8206572451311951,2025-6-302
11506,0.0,0.24040717325562422,2025-7-302
11507,0.0,-0.23623819529566537,2025-8-302
11508,1.2214375459402256,0.09571918946482627,2025-9-302
11509,0.0,0.7320605034856142,2025-10-302
11510,1.5325254665488988,-0.03861546271532479,2025-11-302
11511,0.0,1.0342236672011809,2025-12-302
11512,0.0,0.6862465915540437,2025-13-302
11513,1.686069251522243,0.19036961337219582,2025-14-302
11514,2.810277190991576,0.9366396612405757,2025-15-302
11515,1.5908144995150726,1.979199268675322,2025-16-302
11516,0.0,2.4633620510251966,2025-17-302
11517,0.0,1.7858694586201382,2025-18-302
11518,0.0,0.3066547605910036,2025-19-302
11519,0.0,0.24633698918541502,2025-20-302
11520,0.0,0.1538103390344181,2025-21-302
11521,0.0,-0.09532545321989505,2025-22-302
11522,0.0,0.19340332272989214,2025-23-302
11523,0.0,0.16835060539952984,2025-24-302
11524,1.205097496786324,0.3558050110640125,2025-25-302
11525,0.0,0.5807074687690446,2025-26-302
11526,0.0,0.36420924462822335,2025-27-302
11527,0.0,0.1042815116603859,2025-28-302
11528,0.0,0.07421310695868444,2025-29-302
11529,0.0,-0.07495364851067476,2025-30-302
11530,0.5819766185363575,0.16588022078932918,2025-31-302
11531,0.0,0.41686821257123763,2025-32-302
11532,0.0,0.3993377867697314,2025-33-302
11533,0.461210817400337,0.17288491740174528,2025-34-302
11534,0.0,0.4331584170289322,2025-35-302
11535,0.0,0.23338954616585084,2025-36-302
11536,0.0,0.21564785007761333,2025-37-302
11537,0.0,0.044169381554043374,2025-38-302
11538,0.0,0.053024049663687345,2025-39-302
11539,0.0,-0.057151125472860276,2025-40-302
11540,0.0,0.27094192820682617,2025-41-302
11541,0.0,0.032050736273921965,2025-42-302
11542,0.0,0.17314776510559127,2025-43-302
11543,0.0,0.18553878417155578,2025-44-302
11544,0.0,0.028789753958757602,2025-45-302
11545,0.0,0.3800211667261143,2025-46-302
11546,0.0,0.15023358902545159,2025-47-302
11547,0.0,0.09817649577812071,2025-48-302
11548,0.4446125371750533,0.15691447508122447,2025-49-302
11549,0.0,0.2511892753029624,2025-50-302
11550,0.0,0.44656984497058594,2025-51-302
11551,0.0,0.932224011679903,2025-52-302
11804,0.2966407943900143,0.43597162104783627,2025-1-303
11805,0.3491306056979508,0.31184228272244685,2025-2-303
11806,0.4016629716050431,0.489661742825132,2025-3-303
11807,0.0,0.36352978332484265,2025-4-303
11808,0.0,0.5752517722877282,2025-5-303
11809,0.7321084847270977,0.7316061633620599,2025-6-303
11810,0.0,0.4184592993703997,2025-7-303
11811,0.0,0.2790419982198652,2025-8-303
11812,0.0,0.0673278103510373,2025-9-303
11813,0.9457181456849448,0.1557354712240896,2025-10-303
11814,0.0,0.3177577846156977,2025-11-303
11815,0.0,0.29835459013569976,2025-12-303
11816,0.769445392238904,0.19404643320233594,2025-13-303
11817,0.0,0.3535195598253642,2025-14-303
11818,0.0,0.143184346101905,2025-15-303
11819,0.8566053577164326,0.4615032319338007,2025-16-303
11820,0.0,1.3056016041140617,2025-17-303
11821,0.0,1.0339758647229464,2025-18-303
11822,0.0,-0.03682479155615326,2025-19-303
11823,1.780542077539025,0.06374236713513048,2025-20-303
11824,0.0,0.9291401822319021,2025-21-303
11825,0.0,0.3835679342747872,2025-22-303
11826,0.0,0.2940818864321182,2025-23-303
11827,0.7696196547600266,0.1930989924305444,2025-24-303
11828,0.0,0.5046770972211776,2025-25-303
11829,0.0,0.20969826243957346,2025-26-303
11830,1.0204588266215986,0.06127564515824235,2025-27-303
11831,0.8332370254868399,0.40666292772557056,2025-28-303
11832,1.2974976528369992,0.5511201144495321,2025-29-303
11833,1.0243628044844644,0.73356484294318,2025-30-303
11834,0.6264057563808786,1.1079735775841628,2025-31-303
11835,0.3089484140526019,0.7836930081959554,2025-32-303
11836,0.2786283205513266,0.6363578493219424,2025-33-303
11837,0.2481825983062592,0.4190492314494656,2025-34-303
11838,0.0,0.3385730794894237,2025-35-303
11839,0.2752691729616101,-0.021977049883870503,2025-36-303
11840,0.0,0.2756393813885559,2025-37-303
11841,0.0,0.09003268847909118,2025-38-303
11842,0.0,0.012804796041350208,2025-39-303
11843,0.2551876848866434,-0.05235334719922147,2025-40-303
11844,0.0,0.2806093692417886,2025-41-303
11845,0.0,-0.05171131368866666,2025-42-303
11846,0.5539805143761654,0.07170474509406333,2025-43-303
11847,0.9415005177448909,0.25315589098648683,2025-44-303
11848,0.7061408959573685,0.33823116980503765,2025-45-303
11849,0.2153051903084148,0.5922972196325964,2025-46-303
11850,0.219470495297951,0.5947955460268978,2025-47-303
11851,1.0752991657930633,0.2814065110813503,2025-48-303
11852,0.0,0.6166785608335417,2025-49-303
11853,0.4130307616407596,0.2656689573322014,2025-50-303
11854,0.50203735445515,0.31544288279045296,2025-51-303
11855,0.0,0.4533521798396073,2025-52-303
12108,0.0,2.1260139176843733,2025-1-304
12109,0.0,1.3131143984967117,2025-2-304
12110,0.0,1.3574536320181882,2025-3-304
12111,0.0,0.6536831370008012,2025-4-304
12112,0.0,0.6794758599359034,2025-5-304
12113,0.0,0.842045019765491,2025-6-304
12114,0.0,0.21345943306214976,2025-7-304
12115,0.0,0.2759309147160207,2025-8-304
12116,0.0,0.2595414276957563,2025-9-304
12117,0.0,0.3966362952077158,2025-10-304
12118,0.0,0.08839853341027837,2025-11-304
12119,0.0,0.22504348174968225,2025-12-304
12120,0.0,0.20147454753141547,2025-13-304
12121,0.0,0.06992824859550995,2025-14-304
12122,0.0,0.11630539927385342,2025-15-304
12123,0.0,0.46060618774862305,2025-16-304
12124,0.0,1.0115512739939299,2025-17-304
12125,8.221651622401966,1.0070207436458758,2025-18-304
12126,0.0,3.3657175404660133,2025-19-304
12127,0.0,2.295502673131672,2025-20-304
12128,0.0,1.3983897990146978,2025-21-304
12129,0.0,0.8329462068639302,2025-22-304
12130,0.0,0.22506663178235453,2025-23-304
12131,11.158211541532063,0.2567127119529439,2025-24-304
12132,0.0,5.018704703450551,2025-25-304
12133,0.0,3.0039148726171625,2025-26-304
12134,3.7001969907857752,1.5895820027890453,2025-27-304
12135,3.021718659428359,2.5576512793766564,2025-28-304
12136,0.0,2.1660459974307513,2025-29-304
12137,0.0,1.274622674970092,2025-30-304
12138,0.0,1.0495621075866677,2025-31-304
12139,0.0,0.46511220052956603,2025-32-304
12140,0.0,0.24065990521861214,2025-33-304
12141,0.0,0.25339682678332376,2025-34-304
12142,0.0,0.16204749492213344,2025-35-304
12143,0.0,0.008734703988327874,2025-36-304
12144,0.0,0.304113196922979,2025-37-304
12145,0.0,-0.026990878689397757,2025-38-304
12146,0.0,0.01233985307241503,2025-39-304
12147,0.0,0.021188697013815094,2025-40-304
12148,3.055696983628385,0.26857452746161237,2025-41-304
12149,0.0,1.2794641633031207,2025-42-304
12150,0.0,0.9689126098477843,2025-43-304
12151,1.710699148974033,0.48593744934402083,2025-44-304
12152,0.0,0.9665480271131834,2025-45-304
12153,0.0,0.6496734431363229,2025-46-304
12154,1.5957229402729356,0.5182446028487846,2025-47-304
12155,0.0,0.9694729284826342,2025-48-304
12156,0.0,0.5920683681382635,2025-49-304
12157,0.0,0.4568803667883615,2025-50-304
12158,0.0,0.3229649423452826,2025-51-304
12159,0.0,0.34893335368899847,2025-52-304
12412,0.4918679293474666,1.5975039625637582,2025-1-305
12413,0.5789950178162047,0.9941152354513105,2025-2-305
12414,1.3324409490313576,1.1119474995885947,2025-3-305
12415,4.95371559889359,0.9288988026951818,2025-4-305
12416,0.0,2.8793424915488472,2025-5-305
12417,3.64469083583913,2.2909863414248113,2025-6-305
12418,1.3217049233270437,2.5167910900572172,2025-7-305
12419,0.0,2.2966847430154296,2025-8-305
12420,0.0,1.1260208277358912,2025-9-305
12421,0.0,0.9311315977757946,2025-10-305
12422,0.0,0.3373772878105952,2025-11-305
12423,0.0,0.24901179065401136,2025-12-305
12424,0.0,0.20942281812292696,2025-13-305
12425,0.0,0.012434650514123069,2025-14-305
12426,0.0,0.12598316729917702,2025-15-305
12427,0.0,0.4435555700868914,2025-16-305
12428,0.0,0.9238669389905217,2025-17-305
12429,0.0,1.0279321616777544,2025-18-305
12430,0.0,0.022483337526536973,2025-19-305
12431,2.961325081104923,0.2009175050808114,2025-20-305
12432,0.0,1.5058099202794266,2025-21-305
12433,0.0,0.8366439490060039,2025-22-305
12434,0.0,0.413726786108911,2025-23-305
12435,0.0,0.4271899000373198,2025-24-305
12436,0.0,0.29600244221507777,2025-25-305
12437,2.2565798810295514,0.005388979491829593,2025-26-305
12438,0.0,1.071305386067235,2025-27-305
12439,0.0,0.6191614813270407,2025-28-305
12440,0.0,0.2806550382947174,2025-29-305
12441,0.0,0.26044180312705245,2025-30-305
12442,0.0,0.34730971781716924,2025-31-305
12443,0.5148134234551237,0.12852260909451874,2025-32-305
12444,0.0,0.37893139951053123,2025-33-305
12445,0.4136884054973323,0.3047130553770103,2025-34-305
12446,0.4427993231700737,0.4113550798808647,2025-35-305
12447,0.0,0.44475149342688103,2025-36-305
12448,0.4482017960436127,0.4081915915678658,2025-37-305
12449,0.0,0.3660320862967916,2025-38-305
12450,0.0,0.24883343671843194,2025-39-305
12451,0.0,0.08206247119732502,2025-40-305
12452,0.0,0.352272372852095,2025-41-305
12453,0.0,0.07381458748478065,2025-42-305
12454,0.0,0.21308336435295883,2025-43-305
12455,0.0,0.12729553145066852,2025-44-305
12456,0.393035627609121,-0.004975968137503006,2025-45-305
12457,0.0,0.358419905963251,2025-46-305
12458,1.8329309947543195,0.3392527080524488,2025-47-305
12459,1.7963805987963248,0.8665010347058895,2025-48-305
12460,0.7990612611482364,1.3927348268785333,2025-49-305
12461,1.3804465766048617,1.1593045006331755,2025-50-305
12462,2.9368405640125967,1.410632849787778,2025-51-305
12463,4.142839238557261,2.2158221503045166,2025-52-305
12716,0.0,0.24908072411399174,2025-1-306
12717,0.0,0.08626396539129955,2025-2-306
12718,0.0,0.3940701264560962,2025-3-306
12719,0.0,0.2354892465824293,2025-4-306
12720,0.0,0.42918587041600476,2025-5-306
12721,0.0,0.6893389466002104,2025-6-306
12722,0.0,0.16957934118752005,2025-7-306
12723,0.0,0.16129234722473895,2025-8-306
12724,0.0,0.061934582292086926,2025-9-306
12725,0.0,0.17490589655386457,2025-10-306
12726,0.0,-0.005822314665889117,2025-11-306
12727,0.0,0.1472761050661463,2025-12-306
12728,0.0,0.18372344246294914,2025-13-306
12729,0.0,0.011580730128920802,2025-14-306
12730,11.3772859534015,0.015963281532071383,2025-15-306
12731,6.440473691910934,5.093161567762678,2025-16-306
12732,0.0,6.5846742172668105,2025-17-306
12733,0.0,4.142773938515145,2025-18-306
12734,0.0,1.920269895211952,2025-19-306
12735,0.0,0.6796906410248229,2025-20-306
12736,0.0,0.27040513774810915,2025-21-306
12737,0.0,0.134214385555966,2025-22-306
12738,0.0,0.07798850459813989,2025-23-306
12739,0.0,0.09994631316746705,2025-24-306
12740,0.0,0.25010882336940177,2025-25-306
12741,0.0,0.06036984887312036,2025-26-306
12742,3.83861754722027,0.14775223378502833,2025-27-306
12743,0.0,1.6164101614062567,2025-28-306
12744,0.0,0.9934652053276724,2025-29-306
12745,0.0,0.5539199472851252,2025-30-306
12746,0.0,0.6057281485653285,2025-31-306
12747,0.0,0.10803970096870241,2025-32-306
12748,0.0,0.1434481541751168,2025-33-306
12749,0.0,0.14099038709774647,2025-34-306
12750,0.0,0.13012943366520358,2025-35-306
12751,0.0,0.021463241626082707,2025-36-306
12752,0.0,0.25171271143303153,2025-37-306
12753,0.0,0.1657968776016795,2025-38-306
12754,0.0,0.11464095509347838,2025-39-306
12755,0.0,0.0024696360620490854,2025-40-306
12756,0.0,0.3286049537487977,2025-41-306
12757,0.0,0.04315873716015939,2025-42-306
12758,0.0,0.18134607924010238,2025-43-306
12759,0.0,0.21088819219798827,2025-44-306
12760,0.0,0.04603944638958124,2025-45-306
12761,0.0,0.227484655039642,2025-46-306
12762,0.0,0.27019804308758777,2025-47-306
12763,0.0,0.017111397600067635,2025-48-306
12764,0.0,0.18205721840546785,2025-49-306
12765,1.5556826460751014,0.16220317452573607,2025-50-306
12766,1.8910322301211315,0.8102736392911429,2025-51-306
12767,3.1118498574011,1.3489119149347228,2025-52-306
13020,0.0,0.15611377370319102,2025-1-307
13021,0.0,-0.062207088304952585,2025-2-307
13022,0.0,0.24930307125413376,2025-3-307
13023,0.0,0.014029518764660187,2025-4-307
13024,0.0,0.27284884110277263,2025-5-307
13025,0.0,0.6369554673952826,2025-6-307
13026,0.0,0.10559822717007372,2025-7-307
13027,0.0,0.06945378386259571,2025-8-307
13028,0.0,0.004723820528969469,2025-9-307
13029,0.0,0.12364828700837593,2025-10-307
13030,0.0,-0.0804087597808163,2025-11-307
13031,0.0,0.09679803396779973,2025-12-307
13032,0.0,0.10835394241621932,2025-13-307
13033,0.0,-0.04170557042757572,2025-14-307
13034,0.0,-0.009331017110677964,2025-15-307
13035,0.0,0.3932758716179501,2025-16-307
13036,0.0,0.8983655262334637,2025-17-307
13037,0.0,0.9121577823625369,2025-18-307
13038,0.0,-0.07708873887944279,2025-19-307
13039,0.0,0.04539602392139841,2025-20-307
13040,0.0,0.29767542573143035,2025-21-307
13041,0.0,0.010935594242159175,2025-22-307
13042,0.0,0.06069592156615866,2025-23-307
13043,0.0,-0.006650987253407736,2025-24-307
13044,0.0,0.10531022591718608,2025-25-307
13045,0.0,-0.040267556585112274,2025-26-307
13046,1.1945267323322972,-0.06421485015366102,2025-27-307
13047,0.9754137460099792,0.41345170201494996,2025-28-307
13048,1.0126411149969048,0.5703372424091897,2025-29-307
13049,0.0,0.7155108574495082,2025-30-307
13050,1.4667828063474413,0.6202574664027962,2025-31-307
13051,0.0,0.8609702025577092,2025-32-307
13052,0.0,0.5379384772795637,2025-33-307
13053,0.0,0.2936739074656952,2025-34-307
13054,0.0,0.23248895320153817,2025-35-307
13055,0.0,-0.1255277509703021,2025-36-307
13056,0.0,0.11717921114347041,2025-37-307
13057,0.0,0.04461262262890986,2025-38-307
13058,0.0,-0.06240633568277687,2025-39-307
13059,0.5977904409858829,-0.14695431085060084,2025-40-307
13060,0.0,0.3744888923942561,2025-41-307
13061,0.0,0.12532341218705367,2025-42-307
13062,0.0,0.2078399584512839,2025-43-307
13063,0.0,0.07368378682335708,2025-44-307
13064,0.0,-0.03315762207527739,2025-45-307
13065,0.0,0.10417111515470678,2025-46-307
13066,0.0,0.24809689332324258,2025-47-307
13067,1.259933748405859,0.09107922987515504,2025-48-307
13068,0.5603769102504496,0.7062055446853943,2025-49-307
13069,0.0,0.6905197063634827,2025-50-307
13070,0.0,0.4565298003428797,2025-51-307
13071,0.0,0.39824472380508447,2025-52-307
13324,0.0,1.2685128702827198,2025-1-308
13325,0.8807106907452121,0.5949496854280383,2025-2-308
13326,0.0,0.8829554389735849,2025-3-308
13327,0.0,0.4802717571953552,2025-4-308
13328,1.5904364990573994,0.4698831246503088,2025-5-308
13329,0.0,1.3717445090722753,2025-6-308
13330,0.0,0.5183795073220231,2025-7-308
13331,0.0,0.3306893557671926,2025-8-308
13332,0.0,0.15275400177808707,2025-9-308
13333,0.0,0.15572913174412684,2025-10-308
13334,6.248153945018158,-0.019308059054693683,2025-11-308
13335,0.0,2.6482601642319503,2025-12-308
13336,0.0,1.7354866128024002,2025-13-308
13337,0.0,0.7980417825431813,2025-14-308
13338,0.0,0.5653960849138624,2025-15-308
13339,0.0,0.3661717835566156,2025-16-308
13340,2.728274518678764,0.8695981115048961,2025-17-308
13341,0.0,1.9059412722372082,2025-18-308
13342,0.0,0.5981039168010867,2025-19-308
13343,0.0,0.43920115079610944,2025-20-308
13344,0.0,0.43129749497756775,2025-21-308
13345,0.0,-0.051650556786279056,2025-22-308
13346,0.0,0.019138990593558836,2025-23-308
13347,0.0,0.11339102479959706,2025-24-308
13348,0.0,0.21406093458429032,2025-25-308
13349,0.0,0.03225433635664543,2025-26-308
13350,0.0,0.05409087239537658,2025-27-308
13351,0.0,-0.08416976652676955,2025-28-308
13352,2.1840746878521933,0.044374807296442054,2025-29-308
13353,1.7243666517553664,0.8496369298384717,2025-30-308
13354,0.0,1.4341119573384238,2025-31-308
13355,0.7801585261143442,0.7090241491505465,2025-32-308
13356,0.7036181785675072,0.8741750382419075,2025-33-308
13357,0.0,0.7154596321912836,2025-34-308
13358,0.0,0.48131480669062765,2025-35-308
13359,0.0,0.22263717525581317,2025-36-308
13360,0.0,0.37290155975492656,2025-37-308
13361,0.0,0.11273072835384934,2025-38-308
13362,0.0,0.07151268402881372,2025-39-308
13363,0.0,-0.022180427087225008,2025-40-308
13364,0.5312102949773257,0.10600934221190195,2025-41-308
13365,0.0,0.13284474805830415,2025-42-308
13366,0.0,0.15100811401397962,2025-43-308
13367,0.0,-0.13974295034900175,2025-44-308
13368,0.5946489240232489,-0.05039720989765195,2025-45-308
13369,0.5439511648126039,0.17315566590228004,2025-46-308
13370,0.0,0.48927799959928664,2025-47-308
13371,0.0,0.23062073239721936,2025-48-308
13372,0.0,0.23489069672576424,2025-49-308
13373,0.5218159303068288,0.06307992451702793,2025-50-308
13374,0.0,0.22262885128708465,2025-51-308
13375,0.0,0.2421816632310081,2025-52-308
13628,0.2315354383421371,0.2273967609398041,2025-1-401
13629,0.5449927016167625,0.190551278338417,2025-2-401
13630,0.9404636079254912,0.43742536467967374,2025-3-401
13631,0.4661017492977586,0.2671436876419828,2025-4-401
13632,0.4919907881856792,0.2059035110167139,2025-5-401
13633,0.0,0.45637798869277924,2025-6-401
13634,0.6214481512041872,0.33441803554253513,2025-7-401
13635,0.0,0.3562190660060177,2025-8-401
13636,0.0,0.6807902268852111,2025-9-401
13637,0.7379449391996572,0.22897518758370605,2025-10-401
13638,0.0,0.5383015381022788,2025-11-401
13639,0.4786562949896251,0.1470150623885409,2025-12-401
13640,0.0,0.12425865592299201,2025-13-401
13641,0.0,0.3962353816841332,2025-14-401
13642,0.0,0.1858298337526687,2025-15-401
13643,0.6682827240966879,0.20790758292245792,2025-16-401
13644,1.6865994872960794,0.32986944092039605,2025-17-401
13645,0.8854548544225196,0.8177101430458571,2025-18-401
13646,0.0,0.8089959801745148,2025-19-401
13647,0.0,0.5217680145743492,2025-20-401
13648,0.0,0.35165429146504834,2025-21-401
13649,0.722788057692849,0.05055671377177706,2025-22-401
13650,2.5914307469374616,0.4005053643861244,2025-23-401
13651,0.6002682318094347,1.4106043631942284,2025-24-401
13652,0.5059347318964857,1.3226622652715263,2025-25-401
13653,0.0,1.2968393989028233,2025-26-401
13654,0.7958354497316543,0.3089229212746092,2025-27-401
13655,0.6498041108674473,0.4627708248047607,2025-28-401
13656,0.0,0.5937369479664586,2025-29-401
13657,2.928945793494704,0.20298619892502723,2025-30-401
13658,0.2442294073872504,1.3551098154312058,2025-31-401
13659,0.4818083114889966,0.8172582279635501,2025-32-401
13660,0.4345099115483655,0.7023343565003848,2025-33-401
13661,1.1610558938157556,0.5567207534950814,2025-34-401
13662,0.4141737053214531,0.6693124379683995,2025-35-401
13663,0.8584605799267904,0.5867069144732734,2025-36-401
13664,0.0,0.7601771657034038,2025-37-401
13665,0.2023473907203217,0.2565100953128677,2025-38-401
13666,0.5620704875093827,0.2791567660183176,2025-39-401
13667,0.1989330793450932,0.285435326071965,2025-40-401
13668,0.1639339611437016,0.3302675212612002,2025-41-401
13669,0.0,0.191088446765606,2025-42-401
13670,0.2159087243537067,0.015777036459269977,2025-43-401
13671,0.3669293108530301,0.3611855193011153,2025-44-401
13672,0.1834628304342645,0.23570687635996546,2025-45-401
13673,0.167810303902714,0.10590217672389846,2025-46-401
13674,0.0,0.02175666020648892,2025-47-401
13675,0.4190209472448699,0.12042719401907953,2025-48-401
13676,0.1863522005852911,0.3029943324983103,2025-49-401
13677,0.0,0.16096728045382103,2025-50-401
13678,0.0,0.1176105182006767,2025-51-401
13679,0.6437429592107368,0.42629204141041976,2025-52-401
13932,0.6956657530056197,0.04393702138031541,2025-1-402
13933,0.0,0.5110851366313759,2025-2-402
13934,0.0,0.4338266642925772,2025-3-402
13935,0.0,0.04267709587411295,2025-4-402
13936,0.0,0.04502903833677929,2025-5-402
13937,0.0,-0.04832651659981857,2025-6-402
13938,0.0,0.030988781413262112,2025-7-402
13939,0.0,0.0020751628877775374,2025-8-402
13940,0.0,0.48365695551790555,2025-9-402
13941,0.0,0.1404477121087413,2025-10-402
13942,1.934190615019977,0.18801985906586038,2025-11-402
13943,0.0,0.8511411147905181,2025-12-402
13944,0.0,0.43687507787987667,2025-13-402
13945,0.0,0.4282016117324833,2025-14-402
13946,0.0,0.29224028738129326,2025-15-402
13947,0.0,0.1478748107867075,2025-16-402
13948,0.0,0.10820624193545836,2025-17-402
13949,0.0,-0.005572892079339198,2025-18-402
13950,0.0,0.09915037846059593,2025-19-402
13951,0.0,0.20479500446020515,2025-20-402
13952,0.0,0.13292601744937294,2025-21-402
13953,0.0,0.030112503001504587,2025-22-402
13954,0.0,0.1831289629477274,2025-23-402
13955,0.0,0.31392394167389526,2025-24-402
13956,0.0,0.401868559869509,2025-25-402
13957,0.0,0.6232984982642413,2025-26-402
13958,0.0,-0.03324076301381562,2025-27-402
13959,0.0,0.049841828403869526,2025-28-402
13960,0.0,0.09251676139648624,2025-29-402
13961,0.0,-0.04159768302766875,2025-30-402
13962,0.0,0.08741403433234796,2025-31-402
13963,0.0,-0.06829047695326418,2025-32-402
13964,0.0,0.14068981975981965,2025-33-402
13965,0.0,-0.026773786879564998,2025-34-402
13966,0.0,0.09097395605857839,2025-35-402
13967,0.0,0.16917494417539924,2025-36-402
13968,0.0,0.1475114833106158,2025-37-402
13969,0.0,-0.15031280915244438,2025-38-402
13970,0.5620328992371473,0.07628763657721482,2025-39-402
13971,0.0,0.21027010057554485,2025-40-402
13972,0.0,0.1905191076527919,2025-41-402
13973,0.0,0.13344250519008438,2025-42-402
13974,0.0,0.0893940567383068,2025-43-402
13975,0.0,0.12512689328927762,2025-44-402
13976,0.0,0.0010061759326072117,2025-45-402
13977,0.0,-0.010840436367099526,2025-46-402
13978,0.0,-0.14978554436191271,2025-47-402
13979,0.0,0.0463590548257784,2025-48-402
13980,0.0,0.0785363694549428,2025-49-402
13981,0.0,0.08579918410740162,2025-50-402
13982,0.0,0.07718508238753952,2025-51-402
13983,0.0,0.3810067145690411,2025-52-402
14236,0.0,0.28198769003059543,2025-1-403
14237,0.0,0.23673426372075035,2025-2-403
14238,0.0,0.1270476384409326,2025-3-403
14239,0.0,-0.06903954960822523,2025-4-403
14240,0.0,-0.06666960261866883,2025-5-403
14241,0.0,-0.07383326022773051,2025-6-403
14242,0.0,-0.013155787396366136,2025-7-403
14243,1.4408398385976615,-0.10536023719956145,2025-8-403
14244,0.0,0.9096432673657511,2025-9-403
14245,0.0,0.40264385101502986,2025-10-403
14246,0.0,0.27097782533773174,2025-11-403
14247,0.0,0.11533507109650099,2025-12-403
14248,1.758464990127329,-0.11010677263153368,2025-13-403
14249,0.0,0.7893143685917811,2025-14-403
14250,6.916867917551668,0.48318913336472624,2025-15-403
14251,0.0,3.1042726966962144,2025-16-403
14252,2.4703952839826084,1.996859204635256,2025-17-403
14253,0.0,1.8545788514746349,2025-18-403
14254,0.0,1.277112900916395,2025-19-403
14255,0.0,0.4245627941475171,2025-20-403
14256,0.0,0.31249978207855933,2025-21-403
14257,0.0,-0.05675930311282085,2025-22-403
14258,2.530910837426504,0.11708618205031007,2025-23-403
14259,0.0,1.3482801497358938,2025-24-403
14260,0.0,1.0522694666718593,2025-25-403
14261,0.0,0.9585571715504074,2025-26-403
14262,1.166009086120049,0.20463772675918435,2025-27-403
14263,0.952082173360353,0.5188388125196093,2025-28-403
14264,0.0,0.7632970925137977,2025-29-403
14265,0.0,0.36712234338739813,2025-30-403
14266,0.0,0.30556533597993774,2025-31-403
14267,0.0,0.006631314934226529,2025-32-403
14268,0.0,0.12499389632301872,2025-33-403
14269,0.56715759381649,-0.005822584973648848,2025-34-403
14270,0.0,0.21587043194147715,2025-35-403
14271,0.0,0.12548880055794576,2025-36-403
14272,0.0,0.1667167519679743,2025-37-403
14273,0.0,0.04549241497451684,2025-38-403
14274,0.0,0.11540415347384914,2025-39-403
14275,0.5831612983551147,-0.03208247927363206,2025-40-403
14276,0.0,0.3322729494877996,2025-41-403
14277,0.0,0.14173724793326292,2025-42-403
14278,0.0,0.06451383622823936,2025-43-403
14279,0.5378823097279012,0.23734918575583275,2025-44-403
14280,0.0,0.2224126825617756,2025-45-403
14281,1.4760507757479395,0.12763698032299753,2025-46-403
14282,0.5015348477374522,0.6652442044365139,2025-47-403
14283,0.0,0.6790228043753941,2025-48-403
14284,0.0,0.3875176629018957,2025-49-403
14285,0.0,0.281576837216166,2025-50-403
14286,0.0,0.04241506050757904,2025-51-403
14287,0.943894727677495,0.15911415579579502,2025-52-403
14540,0.0,0.2863243624494499,2025-1-404
14541,1.772408588032542,0.36777633767414397,2025-2-404
14542,1.0194768104868128,1.033530091411563,2025-3-404
14543,0.0,0.8305161015034542,2025-4-404
14544,0.0,0.4701643622413565,2025-5-404
14545,0.0,0.24276475475341552,2025-6-404
14546,0.0,0.12226276552229631,2025-7-404
14547,0.0,0.0014454633175473575,2025-8-404
14548,0.0,0.480429999159101,2025-9-404
14549,2.3991911769799628,0.12534464686124447,2025-10-404
14550,0.0,1.1558994848488051,2025-11-404
14551,0.0,0.6678344549254174,2025-12-404
14552,0.0,0.234917965361511,2025-13-404
14553,2.302770523353301,0.3817484943111369,2025-14-404
14554,0.0,1.0279969573978793,2025-15-404
14555,0.0,0.7241861157597373,2025-16-404
14556,0.0,0.39937284616113367,2025-17-404
14557,2.8778975700017773,0.20626063636321157,2025-18-404
14558,0.0,1.2681363265829093,2025-19-404
14559,0.0,0.9416540714265393,2025-20-404
14560,0.0,0.5047243812532187,2025-21-404
14561,0.0,0.296144826214467,2025-22-404
14562,0.0,0.18063700896932045,2025-23-404
14563,1.950542681238428,0.3256515553161996,2025-24-404
14564,0.0,1.222371049014167,2025-25-404
14565,0.0,1.112443958337233,2025-26-404
14566,1.29286294881645,0.1694959565731664,2025-27-404
14567,0.0,0.7603701239815575,2025-28-404
14568,0.0,0.441613214784326,2025-29-404
14569,0.0,0.10969400349215985,2025-30-404
14570,0.0,0.1772700295191667,2025-31-404
14571,0.0,-0.0848857665916194,2025-32-404
14572,0.7056990009096271,0.16016536782086477,2025-33-404
14573,0.0,0.3097653430460111,2025-34-404
14574,0.6726140117203641,0.26534936142725474,2025-35-404
14575,0.0,0.4954492337944997,2025-36-404
14576,0.0,0.42826884542760535,2025-37-404
14577,0.0,-0.012592271618309114,2025-38-404
14578,1.2168585673169012,0.16131213120748744,2025-39-404
14579,0.0,0.46817690444300364,2025-40-404
14580,0.0,0.3485509606706346,2025-41-404
14581,0.0,0.25060950011964034,2025-42-404
14582,0.0,0.17169754483784339,2025-43-404
14583,0.0,0.10778868957595977,2025-44-404
14584,0.0,-0.0003411036019196345,2025-45-404
14585,0.544793573870787,-0.022396920259185826,2025-46-404
14586,0.0,0.07480296971756306,2025-47-404
14587,0.0,0.18241397567131357,2025-48-404
14588,0.0,0.14361518190922484,2025-49-404
14589,0.0,0.12167665737842281,2025-50-404
14590,0.0,0.06004426917314931,2025-51-404
14591,0.0,0.36132348747457266,2025-52-404
14844,0.598345806733904,0.11523511408786835,2025-1-405
14845,0.0,0.3897902220768753,2025-2-405
14846,0.0,0.308513215422344,2025-3-405
14847,0.0,0.06406099999361392,2025-4-405
14848,0.0,-0.060870106666621515,2025-5-405
14849,0.0,-0.05704355473448541,2025-6-405
14850,0.0,0.01250123784386159,2025-7-405
14851,1.2711877228869557,-0.09026737339182711,2025-8-405
14852,0.0,0.8887583001646432,2025-9-405
14853,0.0,0.3969902627264361,2025-10-405
14854,0.0,0.2633618461078544,2025-11-405
14855,0.0,0.13479443254922197,2025-12-405
14856,0.0,-0.08789479052727978,2025-13-405
14857,0.0,0.11906115674757145,2025-14-405
14858,0.0,0.057451391030648225,2025-15-405
14859,0.0,0.0651199672507432,2025-16-405
14860,0.0,0.07070222740868126,2025-17-405
14861,0.0,-0.03466861221908335,2025-18-405
14862,0.0,-0.005571374212758329,2025-19-405
14863,0.0,0.13160915622239033,2025-20-405
14864,0.0,0.09288726059495778,2025-21-405
14865,0.0,-0.04698822193449992,2025-22-405
14866,0.0,0.12918454749828678,2025-23-405
14867,0.0,0.2197899730941112,2025-24-405
14868,0.0,0.33760825993122257,2025-25-405
14869,0.0,0.6010505752749216,2025-26-405
14870,0.0,-0.07485324188053899,2025-27-405
14871,0.0,0.05565836738064234,2025-28-405
14872,0.0,0.09489262714885205,2025-29-405
14873,0.0,-0.012102505706913957,2025-30-405
14874,0.0,0.06398035415717662,2025-31-405
14875,0.0,-0.1002994982122618,2025-32-405
14876,0.0,0.1470538759208696,2025-33-405
14877,0.0,-0.006031242323146779,2025-34-405
14878,0.0,0.021039890070800427,2025-35-405
14879,0.0,0.021432186436242784,2025-36-405
14880,0.0,0.08602924092087694,2025-37-405
14881,0.0,-0.07076620560024582,2025-38-405
14882,0.0,0.10497649353941174,2025-39-405
14883,0.0,-0.020920782378151648,2025-40-405
14884,0.0,0.04394752251862144,2025-41-405
14885,0.0,0.05772172231569073,2025-42-405
14886,0.0,-0.019772052906161797,2025-43-405
14887,0.0,0.15830414407397198,2025-44-405
14888,0.0,0.01945077916879856,2025-45-405
14889,0.0,-0.03397867701695301,2025-46-405
14890,0.0,-0.00852937900334938,2025-47-405
14891,0.0,0.04595879342278564,2025-48-405
14892,0.0,0.07936947900238533,2025-49-405
14893,0.0,0.040838505217903665,2025-50-405
14894,0.0,0.01841465693840716,2025-51-405
14895,0.0,0.23338258019904723,2025-52-405
15148,1.444580362067734,0.2628397129285883,2025-1-406
15149,0.0,0.8180837599826818,2025-2-406
15150,0.0,0.6857529866760197,2025-3-406
15151,2.90822270602788,0.2595264645326303,2025-4-406
15152,0.0,1.2468650948351667,2025-5-406
15153,0.0,0.7288783277640981,2025-6-406
15154,0.0,0.38129893113669455,2025-7-406
15155,0.0,0.3498471277661327,2025-8-406
15156,0.0,0.46625131062834524,2025-9-406
15157,0.0,0.16727532454617033,2025-10-406
15158,0.0,0.20280327952188382,2025-11-406
15159,0.0,-0.003776244317960753,2025-12-406
15160,0.0,-0.10323818815102803,2025-13-406
15161,4.420773529240683,0.11237407842462699,2025-14-406
15162,0.0,1.904909057886391,2025-15-406
15163,0.0,1.2244231574674547,2025-16-406
15164,0.0,0.6328690866947353,2025-17-406
15165,0.0,0.34050683999493736,2025-18-406
15166,0.0,-0.010230307167990116,2025-19-406
15167,0.0,0.13098800604843786,2025-20-406
15168,0.0,0.05516478600114261,2025-21-406
15169,0.0,-0.0710328843971526,2025-22-406
15170,0.0,0.1417977809640859,2025-23-406
15171,0.0,0.2620305463092518,2025-24-406
15172,3.157911038224593,0.3815956702807346,2025-25-406
15173,3.299330500307758,1.8834092131281388,2025-26-406
15174,0.0,2.073491206243033,2025-27-406
15175,0.0,1.3455370973635907,2025-28-406
15176,0.0,0.857661650687938,2025-29-406
15177,0.0,0.28508659293617256,2025-30-406
15178,0.0,0.027132580110807547,2025-31-406
15179,1.5038449847301154,-0.11956303230132481,2025-32-406
15180,0.0,0.7168221370711574,2025-33-406
15181,2.416050075174605,0.3606944714487441,2025-34-406
15182,0.0,1.226891371929319,2025-35-406
15183,0.0,0.8341812868388279,2025-36-406
15184,0.0,0.47897970485233,2025-37-406
15185,0.0,0.14700806637541575,2025-38-406
15186,0.0,0.08287125495641212,2025-39-406
15187,0.0,-0.01931638747133646,2025-40-406
15188,0.0,0.025471365209984276,2025-41-406
15189,0.0,0.028919648404830633,2025-42-406
15190,0.0,-0.007222461859732521,2025-43-406
15191,0.0,0.17361643819892192,2025-44-406
15192,0.0,-0.016017380965302364,2025-45-406
15193,0.0,-0.039056788077677984,2025-46-406
15194,0.0,-0.055245561462062165,2025-47-406
15195,0.0,0.00824646850600863,2025-48-406
15196,0.0,0.03515416057577925,2025-49-406
15197,0.0,0.02587804378413394,2025-50-406
15198,0.0,0.013644761410404715,2025-51-406
15199,0.0,0.30290120139057375,2025-52-406
15452,1.2794476712555964,1.3027022583081944,2025-1-407
15453,0.0,1.3494406471464195,2025-2-407
15454,1.7324280477510676,0.7614301766853746,2025-3-407
15455,0.0,0.933513641081588,2025-4-407
15456,2.719072810424188,0.45648531424251715,2025-5-407
15457,0.0,1.2135593285112634,2025-6-407
15458,0.0,0.8133065214614109,2025-7-407
15459,0.0,0.21415226042526114,2025-8-407
15460,0.0,0.5505512601167419,2025-9-407
15461,0.0,-0.01876310619930055,2025-10-407
15462,0.0,0.02723031661921671,2025-11-407
15463,0.0,-0.05635139261605859,2025-12-407
15464,0.0,-0.14780822259282056,2025-13-407
15465,0.0,0.016956192476727194,2025-14-407
15466,0.0,-0.036802241098507826,2025-15-407
15467,0.0,-0.03146283786161708,2025-16-407
15468,0.0,-0.047511870693194735,2025-17-407
15469,0.0,-0.10194892312347581,2025-18-407
15470,3.916705528899832,-0.09977809565943896,2025-19-407
15471,0.0,1.6624086371103002,2025-20-407
15472,0.0,1.0887219695398076,2025-21-407
15473,0.0,0.43820723800079964,2025-22-407
15474,0.0,0.49872046342148546,2025-23-407
15475,0.0,0.3417496764139305,2025-24-407
15476,0.0,0.3912618127375629,2025-25-407
15477,0.0,0.5830714697299109,2025-26-407
15478,0.0,-0.10065195818409034,2025-27-407
15479,0.0,0.0007968316547071197,2025-28-407
15480,0.0,0.028574514157926334,2025-29-407
15481,0.0,-0.041431371596805766,2025-30-407
15482,1.3509590868157213,0.03292729712994502,2025-31-407
15483,10.660878082623633,0.41300690803354834,2025-32-407
15484,3.605488367524221,4.833919508738944,2025-33-407
15485,2.141013849073617,4.356147767460713,2025-34-407
15486,0.0,3.4131052799836086,2025-35-407
15487,2.3746896609623995,2.100502717677495,2025-36-407
15488,2.318537999772148,1.7747235779542536,2025-37-407
15489,2.239097420420465,1.6819783959587316,2025-38-407
15490,0.0,1.9141044171922252,2025-39-407
15491,0.0,1.0198856960235936,2025-40-407
15492,0.9071051404373016,0.5321278533241488,2025-41-407
15493,1.1732890482673486,0.5979326308580311,2025-42-407
15494,0.0,0.7492390015200479,2025-43-407
15495,1.0152766351259055,0.5983695045206834,2025-44-407
15496,2.030600511627304,0.7475603331213481,2025-45-407
15497,3.7148342657925935,1.201348932751146,2025-46-407
15498,0.0,2.2533461065871623,2025-47-407
15499,1.1595658099734747,1.401281156228669,2025-48-407
15500,2.062854506339219,1.2122515348565308,2025-49-407
15501,0.0,1.619868278063067,2025-50-407
15502,0.0,0.6444606541670852,2025-51-407
15503,0.0,0.5210490201387394,2025-52-407
15756,0.0,0.8394576206382289,2025-1-408
15757,0.0,0.5988087844191294,2025-2-408
15758,2.0750386460918966,0.26842809962381486,2025-3-408
15759,0.0,0.9349145792356038,2025-4-408
15760,0.0,0.45154143789656476,2025-5-408
15761,0.0,0.16983644372436468,2025-6-408
15762,0.0,0.15556267558850634,2025-7-408
15763,0.0,-0.12522469967546535,2025-8-408
15764,0.0,0.30094116076456856,2025-9-408
15765,0.0,0.0019923115765025923,2025-10-408
15766,0.0,0.05491323152270411,2025-11-408
15767,0.0,-0.04727933461818212,2025-12-408
15768,0.0,-0.14556419897141182,2025-13-408
15769,0.0,0.03706050874854294,2025-14-408
15770,7.813454462333623,-0.00912973636401282,2025-15-408
15771,0.0,3.209050088869624,2025-16-408
15772,5.580738905832078,2.010395914413979,2025-17-408
15773,0.0,3.214180587762593,2025-18-408
15774,0.0,2.1514420698583896,2025-19-408
15775,0.0,0.8105672780565476,2025-20-408
15776,0.0,0.5858598326934178,2025-21-408
15777,0.0,-0.04579179313568038,2025-22-408
15778,5.715933483224909,0.12433243962567964,2025-23-408
15779,0.0,2.61806702499581,2025-24-408
15780,0.0,1.8201903866825733,2025-25-408
15781,3.497528562348196,1.2846159904924506,2025-26-408
15782,0.0,1.8229685567148928,2025-27-408
15783,0.0,0.8711123654663537,2025-28-408
15784,0.0,0.4346186409725268,2025-29-408
15785,0.0,0.25527158276522677,2025-30-408
15786,0.0,0.029068152765383326,2025-31-408
15787,1.5938991406579703,-0.15804251769345212,2025-32-408
15788,0.0,0.762313392472412,2025-33-408
15789,0.0,0.3504157293130682,2025-34-408
15790,0.0,0.2666200830339853,2025-35-408
15791,0.0,0.21142977371946747,2025-36-408
15792,0.0,0.16612926064141853,2025-37-408
15793,0.0,-0.08127199952101649,2025-38-408
15794,0.0,0.11914291216757178,2025-39-408
15795,1.3160775121481962,-0.019658347532268916,2025-40-408
15796,0.0,0.5693220824089724,2025-41-408
15797,0.0,0.36588725004598344,2025-42-408
15798,0.0,0.11184230713437737,2025-43-408
15799,0.0,0.1529765143980759,2025-44-408
15800,0.0,-0.013222695898247538,2025-45-408
15801,0.0,-0.09605109866770123,2025-46-408
15802,0.0,-0.09622078481276986,2025-47-408
15803,0.0,0.015055916064222075,2025-48-408
15804,0.0,0.02096431284789424,2025-49-408
15805,0.0,0.02733225186534094,2025-50-408
15806,0.0,-0.020732435641998226,2025-51-408
15807,0.0,0.14453193125625108,2025-52-408
16060,0.0,0.07650493491545662,2025-1-409
16061,0.0,0.10692783793513327,2025-2-409
16062,0.0,0.03247780059052663,2025-3-409
16063,0.0,-0.10443464109686285,2025-4-409
16064,0.0,-0.11965221364941159,2025-5-409
16065,2.7457059459211086,-0.1339098194880335,2025-6-409
16066,0.0,1.0625048875135858,2025-7-409
16067,0.0,0.580253382500431,2025-8-409
16068,0.0,0.6389615037817098,2025-9-409
16069,0.0,0.23528753121318058,2025-10-409
16070,3.096322969615617,0.031031254826799692,2025-11-409
16071,0.0,1.2152503102216796,2025-12-409
16072,0.0,0.6644448596742258,2025-13-409
16073,0.0,0.4331657787328752,2025-14-409
16074,0.0,0.2885945832739707,2025-15-409
16075,0.0,-0.009022064339965663,2025-16-409
16076,0.0,-0.010041897857652193,2025-17-409
16077,0.0,-0.10888143882337942,2025-18-409
16078,0.0,-0.060245508363874656,2025-19-409
16079,0.0,0.07139606315332059,2025-20-409
16080,0.0,0.025385347606392994,2025-21-409
16081,0.0,-0.10096242139639178,2025-22-409
16082,0.0,0.07909793438869472,2025-23-409
16083,0.0,0.26181244219584776,2025-24-409
16084,0.0,0.34284373131018153,2025-25-409
16085,0.0,0.5802793093128567,2025-26-409
16086,0.0,-0.08775034982790819,2025-27-409
16087,0.0,-0.012480155791972258,2025-28-409
16088,0.0,0.020790362259540673,2025-29-409
16089,1.2822764479880682,-0.08909722875081982,2025-30-409
16090,0.0,0.5345052990195897,2025-31-409
16091,0.0,0.18069213735728606,2025-32-409
16092,0.0,0.24386760955962872,2025-33-409
16093,0.0,0.0642105744281789,2025-34-409
16094,0.0,-0.07017720916197079,2025-35-409
16095,1.0340759754546,-0.060188155027892876,2025-36-409
16096,0.0,0.4654957540705903,2025-37-409
16097,0.975137839902566,0.19765343332189178,2025-38-409
16098,0.0,0.6106696764844979,2025-39-409
16099,0.0,0.2904617356057613,2025-40-409
16100,0.0,0.1841691760748303,2025-41-409
16101,0.0,0.03186623354139306,2025-42-409
16102,1.040948655970834,-0.0765982578588622,2025-43-409
16103,0.8846055430844928,0.5785071249309166,2025-44-409
16104,0.884674402195462,0.6197528368856671,2025-45-409
16105,0.0,0.6634675229587039,2025-46-409
16106,0.8249697485875483,0.37518380249526817,2025-47-409
16107,1.010544535403223,0.5277726194797909,2025-48-409
16108,0.0,0.7433854887223064,2025-49-409
16109,0.7764027375065407,0.41176409754396004,2025-50-409
16110,0.0,0.48093898704164895,2025-51-409
16111,0.0,0.417659800885516,2025-52-409
16364,0.0,1.3145898154356,2025-1-410
16365,0.4163837348239487,1.2380091110179188,2025-2-410
16366,0.9578145146870444,0.8127922976763204,2025-3-410
16367,2.135651206477109,0.919507363632207,2025-4-410
16368,0.0,1.4131470143580538,2025-5-410
16369,0.8722012788517487,0.5228303375553224,2025-6-410
16370,0.0,0.9833259195519013,2025-7-410
16371,1.5013842117887846,0.9391831613681685,2025-8-410
16372,2.349413983578156,1.7692978255869982,2025-9-410
16373,0.0,2.216197276710239,2025-10-410
16374,0.0,1.4962460044853447,2025-11-410
16375,0.7296844165095235,0.7840833747181217,2025-12-410
16376,0.9149724337562228,0.6070456220753175,2025-13-410
16377,2.158804381228866,1.0290693510695381,2025-14-410
16378,0.0,1.5522519132220185,2025-15-410
16379,3.0534118233129828,1.2606680019409666,2025-16-410
16380,0.0,1.961106650447023,2025-17-410
16381,2.6958572394650964,1.132575367374865,2025-18-410
16382,2.1561570572864674,1.7684688179583883,2025-19-410
16383,1.0566807291651483,2.1451998056390496,2025-20-410
16384,0.0,1.5229007203683262,2025-21-410
16385,0.0,0.9210085289788656,2025-22-410
16386,0.0,0.5123033328046802,2025-23-410
16387,0.9125079854963156,0.4276158974103066,2025-24-410
16388,1.537851637729026,0.8122098556671353,2025-25-410
16389,1.606317986651562,1.4732489197961989,2025-26-410
16390,1.208948789155392,1.2466121091191011,2025-27-410
16391,0.0,1.3427271870771094,2025-28-410
16392,0.0,0.7296201784096604,2025-29-410
16393,0.4041942825046584,0.43692019054009945,2025-30-410
16394,0.3706510178197112,0.40785472084468055,2025-31-410
16395,0.7310335352573959,0.4038527200376585,2025-32-410
16396,0.0,0.8114697483006703,2025-33-410
16397,0.2934651751850619,0.4651184312555998,2025-34-410
16398,0.3139808304076993,0.4979081317952756,2025-35-410
16399,0.0,0.5162352927650877,2025-36-410
16400,0.317538103539501,0.42809042213718174,2025-37-410
16401,0.0,0.3077608338997413,2025-38-410
16402,0.0,0.3801509247554181,2025-39-410
16403,0.6025149960187481,0.19215361384378937,2025-40-410
16404,0.2481966884119462,0.5446554156415491,2025-41-410
16405,0.3209409814390442,0.45345363743553113,2025-42-410
16406,0.0,0.43115995509223715,2025-43-410
16407,0.0,0.5102610960692822,2025-44-410
16408,0.8324949688366857,0.18286795707345382,2025-45-410
16409,0.0,0.6421261762839341,2025-46-410
16410,0.0,0.36488727645335783,2025-47-410
16411,0.3166703596864134,0.34201100848461696,2025-48-410
16412,0.5632001451772316,0.5145242059586538,2025-49-410
16413,0.9725590158871616,0.5730524172702609,2025-50-410
16414,0.8863671882359533,0.9195426322531007,2025-51-410
16415,0.4860385202897261,1.4235962758027685,2025-52-410
16668,15.827627455284183,0.5037433800373503,2025-1-501
16669,0.0,6.893410077520641,2025-2-501
16670,0.5638329854150161,4.39346603940661,2025-3-501
16671,0.0,2.5271503220115914,2025-4-501
16672,0.0,1.8015639474194283,2025-5-501
16673,1.0272951715859346,0.18039172340490972,2025-6-501
16674,0.0,0.6110247975008936,2025-7-501
16675,0.8844226478741478,0.37184026671828463,2025-8-501
16676,0.9227753621898918,0.6176765801133419,2025-9-501
16677,0.0,0.8407517651005536,2025-10-501
16678,1.1574117700017856,0.4868473656873995,2025-11-501
16679,24.084058244821914,0.838239636531013,2025-12-501
16680,6.472251483857988,10.323545880226762,2025-13-501
16681,1.2727378007631986,9.181638582950733,2025-14-501
16682,0.0,5.592816782126546,2025-15-501
16683,0.0,3.5815730735398033,2025-16-501
16684,0.0,0.8950061140157466,2025-17-501
16685,0.0,0.27525344554742914,2025-18-501
16686,0.0,0.1316143730438818,2025-19-501
16687,0.0,0.14832852705596522,2025-20-501
16688,0.0,0.15024493163680275,2025-21-501
16689,0.0,0.10845616800125768,2025-22-501
16690,0.0,0.13058683798692783,2025-23-501
16691,1.0774217973339353,-0.013797098517933648,2025-24-501
16692,0.9080143060559812,0.37326527269150256,2025-25-501
16693,0.0,0.99976098743531,2025-26-501
16694,1.4280278535630455,0.46833314509266066,2025-27-501
16695,0.5829390997652641,0.9749335396569462,2025-28-501
16696,1.2101616580435193,0.853440731525131,2025-29-501
16697,0.4776437218081253,1.1934428563159978,2025-30-501
16698,0.0,0.8698446064821393,2025-31-501
16699,0.4320604030007052,0.4733865739961788,2025-32-501
16700,0.7792149144191673,0.6085047469926792,2025-33-501
16701,0.3469899157530535,0.6390378598713027,2025-34-501
16702,1.1138999370589897,0.6098839671016907,2025-35-501
16703,0.7695204971168955,0.8660359887104072,2025-36-501
16704,2.629290642978241,0.911954269769611,2025-37-501
16705,1.813478243305097,1.6397897135879451,2025-38-501
16706,1.3431723051022062,1.9287463094538109,2025-39-501
16707,0.7130117649438601,1.5541029747804993,2025-40-501
16708,0.8812667431358081,1.3212640265949507,2025-41-501
16709,1.5196255495025668,1.0332157686919685,2025-42-501
16710,1.5472568447852464,1.140960487265506,2025-43-501
16711,2.9579081659973485,1.2335930872754388,2025-44-501
16712,1.643105357356871,2.457684352666675,2025-45-501
16713,1.20221874889022,2.5844415997156736,2025-46-501
16714,1.5316476803329782,2.404705057638683,2025-47-501
16715,0.3751679980934364,1.6220989982678549,2025-48-501
16716,0.0,1.062156263045632,2025-49-501
16717,0.2881352515713308,0.5696864136646229,2025-50-501
16718,0.7003639922460728,0.47654647031421227,2025-51-501
16719,0.5761466363125962,0.5413836575684542,2025-52-501
16972,0.0,0.5571665656122322,2025-1-502
16973,0.0,0.42319870327129316,2025-2-502
16974,0.0,0.27426177527054185,2025-3-502
16975,1.1587825826581228,0.2577723233967165,2025-4-502
16976,0.0,0.6998029485001732,2025-5-502
16977,0.0,0.4584237218111442,2025-6-502
16978,0.0,0.3244638674776835,2025-7-502
16979,0.0,0.2494310844262514,2025-8-502
16980,0.0,0.15177142697279145,2025-9-502
16981,0.0,0.18574730080882185,2025-10-502
16982,0.0,0.1814586224195074,2025-11-502
16983,2.3802255942390773,0.1810576469525388,2025-12-502
16984,1.4926856903130394,1.0569508781611368,2025-13-502
16985,1.7613712889734738,1.4325217890578208,2025-14-502
16986,0.0,1.607930875032726,2025-15-502
16987,0.0,1.077766986878316,2025-16-502
16988,0.0,0.5616170126957328,2025-17-502
16989,0.0,0.38376426319260826,2025-18-502
16990,1.76138215457267,0.1421682004893342,2025-19-502
16991,1.7268473788324925,0.9467739017243658,2025-20-502
16992,0.0,1.4029371929241536,2025-21-502
16993,0.0,0.928901257741485,2025-22-502
16994,0.0,0.6513095135330101,2025-23-502
16995,0.0,0.20883812288341097,2025-24-502
16996,0.0,-0.028224415932206037,2025-25-502
16997,0.0,0.2154934572330338,2025-26-502
16998,0.0,0.05251352146007493,2025-27-502
16999,0.8079804545604647,0.0551480895600156,2025-28-502
17000,0.0,0.43971934313371175,2025-29-502
17001,0.0,0.5386102407829674,2025-30-502
17002,0.0,0.2918362632854672,2025-31-502
17003,0.0,0.2673468059804537,2025-32-502
17004,0.0,0.2749693525237713,2025-33-502
17005,0.4812558819002585,0.19103628732157518,2025-34-502
17006,0.0,0.4813132414744066,2025-35-502
17007,0.5337564364371381,0.34009841593781354,2025-36-502
17008,0.0,0.4851554438508954,2025-37-502
17009,0.0,0.34074257422776133,2025-38-502
17010,0.9319554545908962,0.2998932129576154,2025-39-502
17011,0.0,0.5119885380126603,2025-40-502
17012,0.4077304448923025,0.4732542098113566,2025-41-502
17013,0.0,0.4845306917919302,2025-42-502
17014,1.0740214846345917,0.30620154590522586,2025-43-502
17015,0.9126399436653956,0.5506386435534241,2025-44-502
17016,0.0,1.3447544125348807,2025-45-502
17017,1.2521764011626495,1.2499755727366604,2025-46-502
17018,0.4254576475498885,1.8116584132847104,2025-47-502
17019,0.52112263829524,0.85933276187661,2025-48-502
17020,0.4635248352753274,0.7208124305735396,2025-49-502
17021,0.800633741218872,0.6953482557251782,2025-50-502
17022,0.0,0.7463167171397591,2025-51-502
17023,0.0,0.537296453633367,2025-52-502
17276,0.4645319279182766,1.8362888852192971,2025-1-503
17277,1.093310877921502,1.2588149490831406,2025-2-503
17278,0.0,1.2081607724300916,2025-3-503
17279,0.0,0.7809970452975827,2025-4-503
17280,1.973352622771699,0.42355510044482325,2025-5-503
17281,0.0,1.0777836332072341,2025-6-503
17282,2.492083164771353,0.691113734796062,2025-7-503
17283,0.0,1.4186278594229766,2025-8-503
17284,0.0,0.989889561490823,2025-9-503
17285,0.0,0.5080792698963635,2025-10-503
17286,1.290759341130985,0.39890503923583265,2025-11-503
17287,0.0,0.710218663457354,2025-12-503
17288,0.0,0.42934489220901517,2025-13-503
17289,0.0,0.3557208779016282,2025-14-503
17290,0.0,0.2733426497507737,2025-15-503
17291,0.0,0.18874620004422493,2025-16-503
17292,0.0,0.18604773935491736,2025-17-503
17293,0.0,0.22746032754289391,2025-18-503
17294,0.0,0.14807367776104785,2025-19-503
17295,0.0,0.20084988430427908,2025-20-503
17296,0.0,0.2155731965680564,2025-21-503
17297,2.8939748515764445,0.262031313049535,2025-22-503
17298,0.0,1.4755308379933283,2025-23-503
17299,0.0,0.8862474952436705,2025-24-503
17300,0.0,0.4600897905522089,2025-25-503
17301,0.0,0.6431971741559193,2025-26-503
17302,0.7962004254332893,0.1418224403101911,2025-27-503
17303,0.6500337909553333,0.3968894799295871,2025-28-503
17304,0.6747193521422785,0.6280310481059104,2025-29-503
17305,2.130447643423978,0.8695478921822913,2025-30-503
17306,2.442387576507546,1.4032816125071665,2025-31-503
17307,1.927104726460365,1.8921077584610853,2025-32-503
17308,1.7377413761426403,2.0433842438968246,2025-33-503
17309,2.3214697330416434,1.8714047554228364,2025-34-503
17310,2.4840945977249347,2.1395251375304634,2025-35-503
17311,1.7160865117056137,2.234380633240774,2025-36-503
17312,2.094095993305654,2.0239180993229544,2025-37-503
17313,0.4044132796037727,2.002770229424917,2025-38-503
17314,1.4976551677570544,1.4557307830321446,2025-39-503
17315,3.180049115019869,1.293884516413451,2025-40-503
17316,3.9304434625863727,2.2512513995958745,2025-41-503
17317,7.201065142816486,2.8672755533156016,2025-42-503
17318,4.744204186437492,4.643351478807811,2025-43-503
17319,4.763770596648357,4.702133923413921,2025-44-503
17320,5.496029082947963,5.165872575844478,2025-45-503
17321,7.707450492999446,5.668946008889796,2025-46-503
17322,5.806230128712815,6.8036384036873265,2025-47-503
17323,4.182917369337882,5.876004526643363,2025-48-503
17324,6.324288110687453,5.041323728141481,2025-49-503
17325,6.425012722285144,5.3998970785128195,2025-50-503
17326,4.294683398484503,5.580839365013025,2025-51-503
17327,3.2117722637659,4.90820116393264,2025-52-503
17580,1.326913442781411,0.2771299560235526,2025-1-504
17581,0.0,0.8954441631814274,2025-2-504
17582,1.796357422149434,0.6314120410876276,2025-3-504
17583,0.0,1.1853758310803841,2025-4-504
17584,0.0,0.8665773084661512,2025-5-504
17585,0.0,0.38973515534724,2025-6-504
17586,0.0,0.3714331776233126,2025-7-504
17587,2.818264680440828,0.18372228583649564,2025-8-504
17588,0.0,1.3502920922180726,2025-9-504
17589,0.0,0.9424199562632325,2025-10-504
17590,0.0,0.5663873788814181,2025-11-504
17591,0.0,0.4951466117385449,2025-12-504
17592,0.0,0.10649923753292367,2025-13-504
17593,4.056544505095024,0.1776590786558805,2025-14-504
17594,0.0,1.847280687707101,2025-15-504
17595,0.0,1.2539329794676959,2025-16-504
17596,0.0,0.7033440465190486,2025-17-504
17597,0.0,0.6079560198986937,2025-18-504
17598,4.055083407137924,0.1715287846889565,2025-19-504
17599,3.975285773027657,1.8554071481469734,2025-20-504
17600,0.0,2.8858209416502265,2025-21-504
17601,0.0,1.7364294811674155,2025-22-504
17602,0.0,1.1168954304526026,2025-23-504
17603,0.0,0.2872372063760469,2025-24-504
17604,0.0,-0.22155801992675372,2025-25-504
17605,0.0,0.28722642982904856,2025-26-504
17606,0.0,0.09486952262535131,2025-27-504
17607,0.0,0.15896966635679388,2025-28-504
17608,0.0,0.17846581589124166,2025-29-504
17609,0.0,0.4041256524667516,2025-30-504
17610,0.0,0.18927795285356364,2025-31-504
17611,0.0,0.1876815249725119,2025-32-504
17612,0.0,0.303421860745277,2025-33-504
17613,1.1067348180710772,0.251887590790262,2025-34-504
17614,1.184313057311049,0.7333990235737666,2025-35-504
17615,0.0,1.081016317420702,2025-36-504
17616,1.1981518936032425,0.7051620302819126,2025-37-504
17617,5.784935603985274,0.8982295633099451,2025-38-504
17618,0.0,3.1957225719972913,2025-39-504
17619,1.1373197381476288,1.8590699395345056,2025-40-504
17620,0.9371666875717828,1.546629739835216,2025-41-504
17621,6.060272474169672,1.3597031377770596,2025-42-504
17622,8.638947635801058,2.9609018267770613,2025-43-504
17623,3.145854526326738,5.489284789101669,2025-44-504
17624,3.14562309259056,4.907224683912851,2025-45-504
17625,5.754128958468236,4.689700666135453,2025-46-504
17626,4.887407152325297,5.383386949215398,2025-47-504
17627,2.3943642858527863,4.3896102551659375,2025-48-504
17628,8.518270028709294,3.5515644250196816,2025-49-504
17629,0.9195184053891872,5.519175865593445,2025-50-504
17630,1.1175645865380686,3.62336627788961,2025-51-504
17631,1.8387666919332453,2.2726771994516564,2025-52-504
17884,0.0,1.409026024478433,2025-1-505
17885,0.0,1.009701908961581,2025-2-505
17886,0.0,0.4943744810474602,2025-3-505
17887,1.3743291944001736,0.411912743281304,2025-4-505
17888,0.0,0.7455651391125508,2025-5-505
17889,0.0,0.5015857002502901,2025-6-505
17890,1.831635058490651,0.3402326517439188,2025-7-505
17891,0.0,1.005566244667024,2025-8-505
17892,0.0,0.6159322006391754,2025-9-505
17893,0.0,0.387110150909875,2025-10-505
17894,0.0,0.321259592691309,2025-11-505
17895,0.0,0.17318412597378385,2025-12-505
17896,0.0,0.05146516280043589,2025-13-505
17897,0.0,0.13856690017293138,2025-14-505
17898,0.0,0.13076273435388397,2025-15-505
17899,0.0,0.14145056190832328,2025-16-505
17900,2.482165493566143,0.1106746272804342,2025-17-505
17901,0.0,1.2017620826432878,2025-18-505
17902,0.0,0.798140170660659,2025-19-505
17903,4.086487138600817,0.46203434617071815,2025-20-505
17904,2.976864590946722,2.1170929274384798,2025-21-505
17905,0.0,2.423625751306825,2025-22-505
17906,0.0,1.4463249232554551,2025-23-505
17907,0.0,0.7512264024821843,2025-24-505
17908,1.4875669933684754,0.18871217574360566,2025-25-505
17909,0.0,0.9223451780013252,2025-26-505
17910,2.339306462945548,0.3968528175290884,2025-27-505
17911,3.819584059257008,1.22710046620173,2025-28-505
17912,6.937880075755284,2.446509651351565,2025-29-505
17913,6.258811678817436,4.364098368333566,2025-30-505
17914,10.76247876013736,5.263503848673762,2025-31-505
17915,6.3686848588064935,7.480663791194177,2025-32-505
17916,5.1046094818369285,7.135653639992799,2025-33-505
17917,6.819081388304875,5.933646471226131,2025-34-505
17918,6.6884870636651925,6.2227325155176905,2025-35-505
17919,10.711046741541068,6.0085673485797715,2025-36-505
17920,7.380692658374422,7.725113669475928,2025-37-505
17921,10.689876800867523,7.561833222539474,2025-38-505
17922,7.147521614460145,8.644682028377746,2025-39-505
17923,6.420699124707816,7.9692810143028225,2025-40-505
17924,12.985401378486824,6.834255237465353,2025-41-505
17925,6.21963135670015,9.049826107724517,2025-42-505
17926,12.031690186815837,7.564540248508235,2025-43-505
17927,19.36858405899437,8.781923539363419,2025-44-505
17928,15.600164752830253,13.740541115269,2025-45-505
17929,12.791315921257512,14.414764498903025,2025-46-505
17930,8.52390825571185,14.028083991597477,2025-47-505
17931,18.4217388127946,10.942082756824531,2025-48-505
17932,10.376047985128857,13.20009788415927,2025-49-505
17933,8.48824132784472,11.574218642796469,2025-50-505
17934,6.877118526441821,9.618552375929196,2025-51-505
17935,8.485738184710248,8.363087632809131,2025-52-505
18188,2.0734347451313866,0.6527455367406518,2025-1-506
18189,6.100685129048247,1.2018216291903765,2025-2-506
18190,4.211093859210918,3.3015316461791278,2025-3-506
18191,6.2612338431957255,3.8430121507585033,2025-4-506
18192,6.609082472804113,4.888918251034051,2025-5-506
18193,0.0,5.628387569952553,2025-6-506
18194,0.0,3.1437405171345754,2025-7-506
18195,0.0,1.6440855515904214,2025-8-506
18196,4.597629000463638,0.814126612361926,2025-9-506
18197,0.0,2.1052459234297514,2025-10-506
18198,0.0,1.399257692448047,2025-11-506
18199,0.0,0.8133139143066921,2025-12-506
18200,0.0,0.5140943997423031,2025-13-506
18201,0.0,0.137024698477743,2025-14-506
18202,0.0,0.1635997146356848,2025-15-506
18203,0.0,0.17091031459776973,2025-16-506
18204,0.0,0.14912979831116946,2025-17-506
18205,7.930934875148241,0.19920093693666963,2025-18-506
18206,0.0,3.392880113400934,2025-19-506
18207,3.110172702428696,2.2691503825808756,2025-20-506
18208,0.0,2.5174518098291023,2025-21-506
18209,0.0,1.7489389545828047,2025-22-506
18210,0.0,0.6198288709885398,2025-23-506
18211,0.0,0.3110596948039802,2025-24-506
18212,0.0,-0.10710104560787137,2025-25-506
18213,0.0,0.2169692171264077,2025-26-506
18214,0.0,-0.0207449459954816,2025-27-506
18215,0.0,0.0518181736922787,2025-28-506
18216,0.0,0.11067504798872929,2025-29-506
18217,1.1926359471233476,0.2819788793623166,2025-30-506
18218,0.0,0.6745661950023106,2025-31-506
18219,1.0790566287170993,0.4894295355536321,2025-32-506
18220,0.9731392395470512,0.8576282381140694,2025-33-506
18221,0.0,0.9982893537212381,2025-34-506
18222,0.0,0.682473923409249,2025-35-506
18223,0.0,0.41173285076797383,2025-36-506
18224,0.0,0.2982835651071395,2025-37-506
18225,0.9064203037041132,0.1953821018669708,2025-38-506
18226,0.0,0.6536662155954102,2025-39-506
18227,0.0,0.4184548085601869,2025-40-506
18228,2.2031203693435955,0.2765221617329666,2025-41-506
18229,3.799402098321107,1.1455128712667655,2025-42-506
18230,1.9344562018183027,2.2725427342300666,2025-43-506
18231,1.6437904603662483,2.196221128514596,2025-44-506
18232,4.109485757348438,2.328892086060603,2025-45-506
18233,6.766060136333515,3.5336935055963625,2025-46-506
18234,6.896821375936296,5.161379809398221,2025-47-506
18235,3.7544914142283954,5.429254417444399,2025-48-506
18236,5.844175944817565,4.862240312184495,2025-49-506
18237,9.373472919721117,5.144211970386071,2025-50-506
18238,5.258399126781565,6.7627762182583595,2025-51-506
18239,0.0,5.920347617546923,2025-52-506
18492,0.0,1.5847026187088957,2025-1-507
18493,0.0,0.9833937072182484,2025-2-507
18494,2.282614359603377,0.6112311571010853,2025-3-507
18495,0.0,1.3249974390725592,2025-4-507
18496,0.0,0.821825980760603,2025-5-507
18497,0.0,0.4662241026241193,2025-6-507
18498,0.0,0.40630967142895047,2025-7-507
18499,0.0,0.15694342985483145,2025-8-507
18500,3.739766588646163,0.1525032799293241,2025-9-507
18501,0.0,1.7288254627176902,2025-10-507
18502,4.692364424490925,1.1635399881241646,2025-11-507
18503,0.0,2.6222782317486395,2025-12-507
18504,4.374850640344635,1.6538650681797353,2025-13-507
18505,0.0,2.582494844239976,2025-14-507
18506,8.605077597245026,1.7710115374902418,2025-15-507
18507,0.0,4.29527965795583,2025-16-507
18508,0.0,2.8356740763814337,2025-17-507
18509,0.0,1.3760765644253603,2025-18-507
18510,0.0,0.9660629965654166,2025-19-507
18511,0.0,0.23186881362875955,2025-20-507
18512,0.0,0.221987237607999,2025-21-507
18513,0.0,0.1649555419349299,2025-22-507
18514,6.299923061404283,0.24557563819672024,2025-23-507
18515,4.378218735382204,2.564988252694392,2025-24-507
18516,0.0,3.4078034862809234,2025-25-507
18517,3.855985401619643,2.220780727265605,2025-26-507
18518,0.0,2.7390886798126344,2025-27-507
18519,0.0,1.4561788934111504,2025-28-507
18520,0.0,0.5809327025832594,2025-29-507
18521,0.0,0.6294217799562165,2025-30-507
18522,0.0,0.17341266979422498,2025-31-507
18523,0.0,0.1965979452005333,2025-32-507
18524,1.5857404750065316,0.24279080124931696,2025-33-507
18525,0.0,0.8836590931631267,2025-34-507
18526,3.023523986026812,0.6924900846331583,2025-35-507
18527,0.0,1.6536099717687958,2025-36-507
18528,0.0,1.1308405512928206,2025-37-507
18529,1.477512566617294,0.4958955823471074,2025-38-507
18530,1.3681613588267,1.1507880507201904,2025-39-507
18531,0.0,0.9232690769442764,2025-40-507
18532,1.197305969690062,0.5433954381088808,2025-41-507
18533,0.0,0.8916971590589771,2025-42-507
18534,3.1543131525301136,0.3796246100236125,2025-43-507
18535,1.3402666927056957,1.5408028114605767,2025-44-507
18536,1.3403588807359164,1.9693689507450787,2025-45-507
18537,1.226099788516769,2.071173909103556,2025-46-507
18538,1.249878482498955,2.177591263329262,2025-47-507
18539,1.531021511732758,1.2252978873967284,2025-48-507
18540,0.0,1.4591584051368325,2025-49-507
18541,1.1762646000460502,0.8036849033198699,2025-50-507
18542,1.4298121487956348,0.9947137518485067,2025-51-507
18543,0.0,1.2431513890002037,2025-52-507
18796,0.0,0.8145715274247696,2025-1-508
18797,0.0,0.5944813257560666,2025-2-508
18798,0.0,0.4269845070933943,2025-3-508
18799,2.743994800794792,0.04288826813819524,2025-4-508
18800,0.0,1.1708947999958923,2025-5-508
18801,0.0,0.8279459491476,2025-6-508
18802,0.0,0.5754554895695017,2025-7-508
18803,0.0,0.4408882312638005,2025-8-508
18804,0.0,0.2547784554196064,2025-9-508
18805,0.0,0.2701606121836192,2025-10-508
18806,0.0,0.27553698384307457,2025-11-508
18807,0.0,0.2683224805372848,2025-12-508
18808,0.0,0.1019979008055325,2025-13-508
18809,0.0,0.24729719420632745,2025-14-508
18810,0.0,0.2568898253437155,2025-15-508
18811,0.0,0.27501521273192053,2025-16-508
18812,0.0,0.23323105968620528,2025-17-508
18813,0.0,0.24068954214456884,2025-18-508
18814,0.0,0.17886039798802256,2025-19-508
18815,4.093272824967282,0.2633275761359577,2025-20-508
18816,5.964863936514524,1.8967400584406744,2025-21-508
18817,0.0,3.710598973231156,2025-22-508
18818,0.0,2.3193595059773835,2025-23-508
18819,0.0,1.175673406257057,2025-24-508
18820,0.0,0.5273466674692394,2025-25-508
18821,3.1169677907654,0.241075885212506,2025-26-508
18822,0.0,1.3685424088471363,2025-27-508
18823,0.0,0.8726098600980934,2025-28-508
18824,0.0,0.5117483016421309,2025-29-508
18825,0.0,0.6505118864849365,2025-30-508
18826,1.4407187281563738,0.1146300568630787,2025-31-508
18827,1.4212087929893638,0.7828700420864747,2025-32-508
18828,2.563572622824711,1.2319088222046086,2025-33-508
18829,0.0,1.6865084592845005,2025-34-508
18830,0.0,1.1697552120475678,2025-35-508
18831,0.0,0.64004990294163,2025-36-508
18832,2.4731960421878925,0.268769399033558,2025-37-508
18833,0.0,1.1774497454316202,2025-38-508
18834,4.423534586097939,0.8988005238979884,2025-39-508
18835,1.1743004483931463,2.2324758729905776,2025-40-508
18836,0.9677729149972664,2.0494312979312235,2025-41-508
18837,7.510865341418766,1.461778745034298,2025-42-508
18838,7.648751959912946,3.943639443318518,2025-43-508
18839,1.0833127168076402,5.429572982469389,2025-44-508
18840,2.166764984334946,3.8610301077777445,2025-45-508
18841,0.9910250561028444,3.5608900769441423,2025-46-508
18842,0.0,2.722396202249455,2025-47-508
18843,2.474949303568397,0.8134004716060079,2025-48-508
18844,2.2015439959591694,1.560753219402418,2025-49-508
18845,7.605823355851821,2.0390217327557103,2025-50-508
18846,0.0,4.422960726686859,2025-51-508
18847,1.901700593104093,3.0443528568811655,2025-52-508
19100,2.952411585779295,3.0767120093198415,2025-1-509
19101,0.0,3.2413346986154936,2025-2-509
19102,0.0,1.9216519038888977,2025-3-509
19103,0.0,1.2798828872592276,2025-4-509
19104,0.0,0.5094393643762376,2025-5-509
19105,0.0,0.18535027468827658,2025-6-509
19106,0.0,0.18803574910696585,2025-7-509
19107,0.0,0.17424971329919792,2025-8-509
19108,0.0,0.16042732500321077,2025-9-509
19109,9.420462218088954,0.20437344943597935,2025-10-509
19110,0.0,4.087185433330528,2025-11-509
19111,0.0,2.6471086271549327,2025-12-509
19112,0.0,1.3744157006933095,2025-13-509
19113,18.095523878561103,1.1395014581130836,2025-14-509
19114,0.0,7.643243842180982,2025-15-509
19115,0.0,4.950341224420642,2025-16-509
19116,0.0,2.603754759302488,2025-17-509
19117,0.0,1.9598156544728882,2025-18-509
19118,0.0,0.1261830089543794,2025-19-509
19119,0.0,0.2477441734599667,2025-20-509
19120,0.0,0.30077265806608866,2025-21-509
19121,0.0,0.2334304653391548,2025-22-509
19122,0.0,0.26323294007002374,2025-23-509
19123,7.6763216046125695,0.016227711383185905,2025-24-509
19124,0.0,3.1788823299568705,2025-25-509
19125,0.0,2.2682654022983044,2025-26-509
19126,0.0,1.0714667681920258,2025-27-509
19127,0.0,0.7999945221778433,2025-28-509
19128,0.0,0.11773933163875072,2025-29-509
19129,0.0,0.3089080537207147,2025-30-509
19130,0.0,0.17770962775180876,2025-31-509
19131,0.0,0.20100591896299558,2025-32-509
19132,0.0,0.21501512956792623,2025-33-509
19133,0.0,0.18315851821863127,2025-34-509
19134,0.0,0.2945090896046285,2025-35-509
19135,0.0,0.2820004052623948,2025-36-509
19136,0.0,0.18765077525252616,2025-37-509
19137,2.592266316620768,0.07384465770285109,2025-38-509
19138,0.0,1.3161325088395823,2025-39-509
19139,0.0,0.7583221218007268,2025-40-509
19140,0.0,0.6661460108533296,2025-41-509
19141,0.0,0.5179932710314245,2025-42-509
19142,8.303300463114699,0.21401372019047138,2025-43-509
19143,0.0,3.5925684739104575,2025-44-509
19144,0.0,2.7314506002511947,2025-45-509
19145,0.0,1.9186270717883191,2025-46-509
19146,2.193852787416684,1.8306013115185136,2025-47-509
19147,10.749845572483068,1.1122249184875257,2025-48-509
19148,9.562830029943024,5.252818920692386,2025-49-509
19149,0.0,7.231343906604261,2025-50-509
19150,0.0,4.31215628322418,2025-51-509
19151,0.0,2.521897160390494,2025-52-509
19404,0.0,0.3621310281003456,2025-1-510
19405,0.0,0.19912822810602548,2025-2-510
19406,0.0,0.23156883693897,2025-3-510
19407,0.0,0.21228854646358664,2025-4-510
19408,2.5757699519671533,0.15306263771030992,2025-5-510
19409,0.0,1.2677353927096524,2025-6-510
19410,0.0,0.8981247015210141,2025-7-510
19411,2.5749009581425355,0.5353468357772706,2025-8-510
19412,5.373102342998235,1.5198465021808711,2025-9-510
19413,0.0,3.128302738316993,2025-10-510
19414,0.0,1.9762685145887744,2025-11-510
19415,0.0,1.2205873167749002,2025-12-510
19416,0.0,0.6725974296238975,2025-13-510
19417,0.0,0.22929583090361438,2025-14-510
19418,0.0,0.2326177278559468,2025-15-510
19419,0.0,0.2391483378231759,2025-16-510
19420,0.0,0.2128034579079272,2025-17-510
19421,0.0,0.24716875567184715,2025-18-510
19422,0.0,0.2313102301822152,2025-19-510
19423,0.0,0.23956017485585734,2025-20-510
19424,0.0,0.22432978802459236,2025-21-510
19425,0.0,0.1884395499213939,2025-22-510
19426,4.514176154920228,0.20362247301043968,2025-23-510
19427,9.4098567565428,1.9104522500387713,2025-24-510
19428,0.0,5.124380962464314,2025-25-510
19429,2.7614795551599536,3.379427553949256,2025-26-510
19430,6.235912484054996,2.938052846527045,2025-27-510
19431,6.7881981642845695,4.289027704729962,2025-28-510
19432,0.0,4.830335155337868,2025-29-510
19433,6.952547020980423,3.0649105184890155,2025-30-510
19434,3.825878039575223,4.571123407527745,2025-31-510
19435,1.2578036372874428,4.18307902292245,2025-32-510
19436,0.0,2.767769804339001,2025-33-510
19437,1.0101450912883203,1.6942695588340846,2025-34-510
19438,0.0,1.2175480920637,2025-35-510
19439,0.0,0.6833863366263613,2025-36-510
19440,1.0934659125388366,0.37435436794019483,2025-37-510
19441,3.167579741092352,0.7732749855893255,2025-38-510
19442,4.887704730690174,1.9712636161599426,2025-39-510
19443,4.151348336699672,3.2844821261457593,2025-40-510
19444,5.130965871699004,3.84771340698837,2025-41-510
19445,5.529776946381744,4.313380549602832,2025-42-510
19446,11.260630296467788,4.837617493435108,2025-43-510
19447,4.783785801422611,7.23416568504265,2025-44-510
19448,7.653220112856307,6.588858792764275,2025-45-510
19449,4.374733334604286,7.219009425202839,2025-46-510
19450,7.134050876244815,6.417546391743702,2025-47-510
19451,9.829352360516753,5.721699261425491,2025-48-510
19452,7.770662333582222,7.499479463703513,2025-49-510
19453,5.03272021935811,7.411896772399133,2025-50-510
19454,8.155267499753835,6.383890512290945,2025-51-510
19455,18.44927878339905,6.896365517321481,2025-52-510
19708,0.0,0.1432563467414697,2025-1-511
19709,0.0,0.1550432430261065,2025-2-511
19710,0.0,0.17734699948822685,2025-3-511
19711,9.521127991674454,0.15591860654208123,2025-4-511
19712,10.050589601098393,4.10106957758649,2025-5-511
19713,0.0,6.742039349145809,2025-6-511
19714,0.0,4.010264437270652,2025-7-511
19715,0.0,2.347810000095916,2025-8-511
19716,0.0,1.0661657735073802,2025-9-511
19717,0.0,0.15422857554013203,2025-10-511
19718,0.0,0.139056359173661,2025-11-511
19719,0.0,0.1442017011689165,2025-12-511
19720,0.0,0.06222462838006204,2025-13-511
19721,0.0,0.16939573969012922,2025-14-511
19722,0.0,0.12297808932303089,2025-15-511
19723,0.0,0.14582258550386518,2025-16-511
19724,0.0,0.190391100974864,2025-17-511
19725,0.0,0.17337668368899872,2025-18-511
19726,0.0,0.06947038467906164,2025-19-511
19727,0.0,0.20480567775252234,2025-20-511
19728,0.0,0.2348679676626404,2025-21-511
19729,0.0,0.17373994895479528,2025-22-511
19730,0.0,0.20680033348608373,2025-23-511
19731,0.0,-0.015179766310528642,2025-24-511
19732,0.0,-0.04520439822585942,2025-25-511
19733,10.812131669504462,0.23292554919578412,2025-26-511
19734,16.2797491639092,4.466595069297217,2025-27-511
19735,0.0,9.550676277815084,2025-28-511
19736,0.0,5.741370669625626,2025-29-511
19737,0.0,3.431490027467241,2025-30-511
19738,4.997189312062506,1.6928463582086821,2025-31-511
19739,0.0,2.216153613444777,2025-32-511
19740,0.0,1.5396217147934883,2025-33-511
19741,0.0,0.8067966978725496,2025-34-511
19742,0.0,0.7356279128110916,2025-35-511
19743,0.0,0.18167731616299876,2025-36-511
19744,0.0,0.21321480518758207,2025-37-511
19745,0.0,0.04807463599155404,2025-38-511
19746,0.0,0.2731866831853158,2025-39-511
19747,0.0,0.03579449426036785,2025-40-511
19748,0.0,0.19035121301692937,2025-41-511
19749,0.0,0.18530110184398363,2025-42-511
19750,0.0,0.02982931891126195,2025-43-511
19751,3.756781542935888,0.027999302235724777,2025-44-511
19752,0.0,2.007696697187342,2025-45-511
19753,0.0,1.731771073327995,2025-46-511
19754,0.0,1.5086547422243664,2025-47-511
19755,8.582274948501402,0.5197263385148997,2025-48-511
19756,11.451127484487571,3.7568076855464874,2025-49-511
19757,16.483497993160668,7.110720506491051,2025-50-511
19758,4.0072361668141845,11.043913463302859,2025-51-511
19759,6.594050704553284,8.453619838536545,2025-52-511
20012,0.2353159642977053,2.0141912526190238,2025-1-601
20013,0.8307989688049974,1.296168359266938,2025-2-601
20014,0.0,1.2375983196174767,2025-3-601
20015,0.0,0.7548412826669082,2025-4-601
20016,0.0,0.3398212869130579,2025-5-601
20017,0.5805335408251538,0.2695174156084187,2025-6-601
20018,0.6314215589552478,0.4259618819055804,2025-7-601
20019,0.4998469282299279,0.6129916514268063,2025-8-601
20020,1.564649106398915,0.5475138255164541,2025-9-601
20021,2.249055044000467,1.2719498143564134,2025-10-601
20022,1.3084666400999996,1.6823074007110133,2025-11-601
20023,0.4862268262581291,1.567282909532631,2025-12-601
20024,0.0,1.1232119703429952,2025-13-601
20025,0.7195338429485002,0.7447439605902761,2025-14-601
20026,0.0,0.6609494924755843,2025-15-601
20027,0.6787283342371478,0.4830268795846391,2025-16-601
20028,0.0,0.5406431395112531,2025-17-601
20029,0.0,0.4685217003257076,2025-18-601
20030,0.0,0.15838965649868963,2025-19-601
20031,0.0,0.39897032172902347,2025-20-601
20032,1.0274967665423311,0.30374989373141226,2025-21-601
20033,5.137192252696012,0.6303096978731701,2025-22-601
20034,3.5081273509332376,2.630691385003243,2025-23-601
20035,3.6565693793148726,3.1428283079874113,2025-24-601
20036,0.0,3.404228810160358,2025-25-601
20037,2.146399278117767,2.121634428157523,2025-26-601
20038,2.019664317989564,1.8966010941178717,2025-27-601
20039,0.6595934242660574,1.9357280115527495,2025-28-601
20040,2.054037660605961,1.279512568307453,2025-29-601
20041,1.351258540383962,1.7018095815997105,2025-30-601
20042,2.478710066414737,1.5833491338243122,2025-31-601
20043,2.689321562541537,1.8925766930811514,2025-32-601
20044,3.5275519572941434,2.5694468381758826,2025-33-601
20045,2.749107045267732,3.2996038202353724,2025-34-601
20046,3.572244582956979,3.3776847151557563,2025-35-601
20047,3.919680002609553,3.134852213214227,2025-36-601
20048,1.2755582079512664,3.4306603014002617,2025-37-601
20049,2.258208628573488,2.488249856208733,2025-38-601
20050,3.231247614954873,2.466901495507008,2025-39-601
20051,2.4216873299444663,2.6525014907175635,2025-40-601
20052,2.494411174839225,2.453478780520701,2025-41-601
20053,2.365813282888828,2.336753334229713,2025-42-601
20054,1.9709546696152576,2.3441440943272043,2025-43-601
20055,4.093710017538337,2.069589507189906,2025-44-601
20056,1.4885318021204923,2.9718367717415406,2025-45-601
20057,3.74403075505802,2.1681894690575447,2025-46-601
20058,2.9488420223668497,2.759636150507547,2025-47-601
20059,3.1867738201744578,3.2251298209085206,2025-48-601
20060,4.346049647603181,3.2891129358384674,2025-49-601
20061,2.7740894270713,3.5179566583979467,2025-50-601
20062,3.1732873412593974,3.1775272648309514,2025-51-601
20063,2.9369164863045616,3.175597359429694,2025-52-601
20316,0.957878296104589,2.456047393846653,2025-1-602
20317,2.2545082647146883,1.7573482035473817,2025-2-602
20318,1.2967318553193297,2.091163874467558,2025-3-602
20319,0.0,1.6557251427410646,2025-4-602
20320,2.034806085511785,0.882583700627088,2025-5-602
20321,0.0,1.368573406310796,2025-6-602
20322,5.139698063202128,0.8027797960759091,2025-7-602
20323,0.0,2.4956252785036726,2025-8-602
20324,4.245123755487438,1.576201224056958,2025-9-602
20325,3.050926327793602,2.7004882473251817,2025-10-602
20326,2.6624029532007483,2.9799255384340517,2025-11-602
20327,3.957293665882987,2.608902501780263,2025-12-602
20328,2.481484294347286,3.2109663899476537,2025-13-602
20329,2.927905712200205,2.858772651167559,2025-14-602
20330,9.758866824383007,2.7460784782956713,2025-15-602
20331,19.33198236638622,5.646467950456739,2025-16-602
20332,10.454174957422932,11.186857498194891,2025-17-602
20333,14.634617968139766,11.085270522424203,2025-18-602
20334,8.780034867669569,12.255751863751733,2025-19-602
20335,5.738104068263903,10.987738584343406,2025-20-602
20336,20.90134250251885,7.855060316178718,2025-21-602
20337,26.87090432866395,12.806842974079103,2025-22-602
20338,17.839621774821765,18.341875632134006,2025-23-602
20339,17.35438289242719,17.819767310179177,2025-24-602
20340,20.894345364158514,17.498307374910404,2025-25-602
20341,10.91404356534314,18.20409180569439,2025-26-602
20342,8.215517451729726,14.059134863825781,2025-27-602
20343,20.12260794630839,10.78333343818057,2025-28-602
20344,13.92498689210998,14.042784302491318,2025-29-602
20345,5.496257312425659,13.27096619547986,2025-30-602
20346,7.057377350787529,9.49472518157918,2025-31-602
20347,6.960791492695639,8.224001980144795,2025-32-602
20348,6.277012345057995,7.181199797860277,2025-33-602
20349,7.986492617512715,6.548642668788609,2025-34-602
20350,5.9823767578224825,7.136146192382905,2025-35-602
20351,2.656891366446437,6.122620073784413,2025-36-602
20352,2.593795323171709,4.393054893673746,2025-37-602
20353,4.174435774035882,3.2732196318867146,2025-38-602
20354,3.091923212912388,3.4634142013443308,2025-39-602
20355,0.8206825600732938,2.9675821330837424,2025-40-602
20356,2.0287447741371447,2.02122391063936,2025-41-602
20357,4.37298670486251,1.9361404233049169,2025-42-602
20358,0.8905237335637816,2.8361962995666268,2025-43-602
20359,0.7566530198023196,1.9087482750260834,2025-44-602
20360,1.5131831864496066,1.5443187645715484,2025-45-602
20361,3.4599603391918854,1.3618459385809043,2025-46-602
20362,2.821226652834761,2.0972951312951924,2025-47-602
20363,2.5914787526824825,2.7286558355547745,2025-48-602
20364,0.0,2.8522770791668024,2025-49-602
20365,2.653872055746832,1.4454861306539912,2025-50-602
20366,0.8063598486727913,1.8624229888924155,2025-51-602
20367,2.653441932570724,1.5279312375034175,2025-52-602
20620,0.6165904386078547,0.9727171812778597,2025-1-603
20621,0.0,0.8838735268266718,2025-2-603
20622,0.8347874745496245,0.7171464144495656,2025-3-603
20623,0.0,0.7992838382210252,2025-4-603
20624,0.0,0.5028610579227217,2025-5-603
20625,0.0,0.27491494736576094,2025-6-603
20626,0.0,0.284625362446829,2025-7-603
20627,0.0,0.1012718690329335,2025-8-603
20628,0.0,0.16245008664767802,2025-9-603
20629,0.0,0.35361948032131707,2025-10-603
20630,0.0,0.16467847161102067,2025-11-603
20631,1.274296606763102,0.2027243892816808,2025-12-603
20632,0.0,0.7056946423988066,2025-13-603
20633,0.0,0.47254896693404314,2025-14-603
20634,6.285797020148965,0.41555448175847065,2025-15-603
20635,0.0,2.9056632140388166,2025-16-603
20636,2.2447531264974665,1.7329718342809204,2025-17-603
20637,0.0,1.9841061432973803,2025-18-603
20638,0.0,1.2252542309280987,2025-19-603
20639,0.0,0.4832648244525246,2025-20-603
20640,2.69328558576542,0.3141275701030639,2025-21-603
20641,0.0,1.1470484142579684,2025-22-603
20642,2.298967894470497,0.881449470495868,2025-23-603
20643,1.59752591994631,1.4213858245630582,2025-24-603
20644,0.0,1.5533265820007538,2025-25-603
20645,0.0,0.7701838190315871,2025-26-603
20646,0.0,0.5266718207664343,2025-27-603
20647,0.0,0.18828396412533266,2025-28-603
20648,0.8974811667325814,0.1430742444138089,2025-29-603
20649,0.7085096742150895,0.6131537124999307,2025-30-603
20650,0.0,0.726081170758762,2025-31-603
20651,0.0,0.511608577503727,2025-32-603
20652,0.0,0.6644824179734785,2025-33-603
20653,0.0,0.7595700298791777,2025-34-603
20654,0.0,0.6995875874461817,2025-35-603
20655,1.1419320316795456,0.10899579174108531,2025-36-603
20656,0.0,0.5344122933137831,2025-37-603
20657,0.0,0.392513411945707,2025-38-603
20658,0.9968064448875372,0.3167101540393825,2025-39-603
20659,0.0,0.6650837720417659,2025-40-603
20660,0.0,0.40511676559770726,2025-41-603
20661,1.1279884362518966,0.26848277635004614,2025-42-603
20662,0.5742884850242204,0.800578455425927,2025-43-603
20663,0.0,0.7838995725125142,2025-44-603
20664,0.0,0.4333371078455218,2025-45-603
20665,0.0,0.256362840151779,2025-46-603
20666,0.0,0.1956210578852976,2025-47-603
20667,0.5571876451177665,0.3425921047955842,2025-48-603
20668,0.4955841847239728,0.7239745792088581,2025-49-603
20669,0.0,0.5142840148884104,2025-50-603
20670,0.0,0.43588977645208793,2025-51-603
20671,0.0,0.3765439434525717,2025-52-603
20924,0.0,4.143559817626925,2025-1-604
20925,0.0,2.3820110025560144,2025-2-604
20926,0.0,1.6571685527519162,2025-3-604
20927,0.0,0.6654955384033474,2025-4-604
20928,0.0,0.14969255049929986,2025-5-604
20929,0.0,0.14642984665201564,2025-6-604
20930,0.0,0.14623723122872134,2025-7-604
20931,0.0,0.08950395492350882,2025-8-604
20932,0.0,0.0344441774466866,2025-9-604
20933,0.0,0.26591737701185136,2025-10-604
20934,0.0,0.1328910693848977,2025-11-604
20935,0.0,0.1644464649036711,2025-12-604
20936,0.0,0.05365418413896128,2025-13-604
20937,0.0,0.16081491751914856,2025-14-604
20938,0.0,0.14894669392193682,2025-15-604
20939,0.0,0.21666379510919953,2025-16-604
20940,0.0,0.07190847886314744,2025-17-604
20941,0.0,0.1844403388812743,2025-18-604
20942,0.0,0.011695116036896325,2025-19-604
20943,0.0,0.2583590384107691,2025-20-604
20944,0.0,0.20503176169258308,2025-21-604
20945,0.0,0.08818433272231951,2025-22-604
20946,0.0,0.2352707075222632,2025-23-604
20947,5.880920168336951,0.1436548904497419,2025-24-604
20948,14.87050427587049,2.589617340251846,2025-25-604
20949,36.25191087825416,7.856299288628936,2025-26-604
20950,23.392319926552847,19.790403575634706,2025-27-604
20951,35.017286497714224,21.684796569982428,2025-28-604
20952,19.82816406331627,26.84213647264147,2025-29-604
20953,15.653966902925893,24.016847437127165,2025-30-604
20954,16.75170777319312,18.567096018866366,2025-31-604
20955,2.360565000762133,17.04557440552114,2025-32-604
20956,14.90211742608638,9.681542004823562,2025-33-604
20957,7.584914570234314,11.19367281044352,2025-34-604
20958,2.029317157712279,9.559728917689265,2025-35-604
20959,2.1031310653206137,5.156386793388544,2025-36-604
20960,2.0533728817494983,3.9424126490647033,2025-37-604
20961,3.9659818020826862,2.3301594229863927,2025-38-604
20962,0.0,2.8111518332893684,2025-39-604
20963,0.0,1.5187900816254571,2025-40-604
20964,6.426547708448808,0.792177575626807,2025-41-604
20965,2.0780656565238345,3.0760336414238063,2025-42-604
20966,0.0,2.5876228388138927,2025-43-604
20967,5.394462275047093,1.618207281117029,2025-44-604
20968,1.798171639207036,3.264507765354762,2025-45-604
20969,0.0,2.3431721833305907,2025-46-604
20970,3.353177758468649,1.198003639836692,2025-47-604
20971,0.0,2.4171647271869663,2025-48-604
20972,3.653270182705742,1.5538052369858508,2025-49-604
20973,1.5775638690024931,1.9230132442571286,2025-50-604
20974,5.752498913282846,2.0894851462280237,2025-51-604
20975,9.46556773962914,3.4512860946481343,2025-52-604
21228,0.0,2.041305370950549,2025-1-605
21229,4.054502241232646,1.037337868797217,2025-2-605
21230,1.5550085049225415,2.590762957297212,2025-3-605
21231,4.624653310039166,1.8901752007869428,2025-4-605
21232,7.323237137327049,3.094597330903807,2025-5-605
21233,5.670276051592747,4.997229003055866,2025-6-605
21234,15.421002165974574,5.196166859538211,2025-7-605
21235,0.0,9.439414211288847,2025-8-605
21236,0.0,5.646184130113177,2025-9-605
21237,18.318961531877257,2.9855725151746197,2025-10-605
21238,3.197870926473509,9.201341674150425,2025-11-605
21239,2.377077999939164,6.231959107874171,2025-12-605
21240,5.963547248285818,4.392139897478183,2025-13-605
21241,3.518910328857756,5.476958433761533,2025-14-605
21242,0.0,3.891362133419377,2025-15-605
21243,3.3205144160103512,2.2283188905548124,2025-16-605
21244,8.381339954087753,2.5868053508345215,2025-17-605
21245,8.801450740641984,4.864672873037829,2025-18-605
21246,7.041995655183345,6.295294528266247,2025-19-605
21247,20.71420808660226,6.807601307057827,2025-20-605
21248,5.031189910928337,12.412323611349578,2025-21-605
21249,14.37653271989758,9.238455757317114,2025-22-605
21250,4.29593672060794,10.798849336300098,2025-23-605
21251,8.956997596325968,8.169263793616679,2025-24-605
21252,10.06715242098544,7.252617526946319,2025-25-605
21253,5.259583566073839,8.477658512830047,2025-26-605
21254,1.979968191325877,6.426947028035909,2025-27-605
21255,4.850596214223388,4.4119308336590075,2025-28-605
21256,3.3573236248698253,4.2729158090914625,2025-29-605
21257,1.325418440561928,3.6144189040038546,2025-30-605
21258,2.431749185987329,2.4053404333230177,2025-31-605
21259,3.598428172934403,2.4100254682100566,2025-32-605
21260,4.327463707090448,3.0914922240432725,2025-33-605
21261,0.9637448784405362,3.827977097962182,2025-34-605
21262,1.031499886233432,2.8310806545684377,2025-35-605
21263,0.0,1.7085564887585978,2025-36-605
21264,0.0,0.8616295528560936,2025-37-605
21265,1.0082856601392916,0.3988448920871558,2025-38-605
21266,0.0,0.7437800795182075,2025-39-605
21267,0.9915299776105382,0.3657503145321276,2025-40-605
21268,0.0,0.7526079379051989,2025-41-605
21269,2.11418785520366,0.4931248737303219,2025-42-605
21270,0.0,1.139665549345228,2025-43-605
21271,2.744720832272848,0.7678438683492725,2025-44-605
21272,0.9150166788173464,1.5054990039700535,2025-45-605
21273,2.511176287898174,1.2309913388603273,2025-46-605
21274,0.8533361348836215,1.6354796823696602,2025-47-605
21275,2.090671739976904,1.6480432338316122,2025-48-605
21276,0.9299102380895125,1.9604735774011286,2025-49-605
21277,0.0,1.4089546541580766,2025-50-605
21278,1.9527659111682736,0.8682970146348871,2025-51-605
21279,0.0,1.422176166782594,2025-52-605
21532,0.0,1.1978492253161026,2025-1-606
21533,0.0,0.7340142621655495,2025-2-606
21534,0.0,0.6875434629067423,2025-3-606
21535,0.0,0.30572855044701597,2025-4-606
21536,0.0,0.1436765872754272,2025-5-606
21537,0.0,0.18130609142001475,2025-6-606
21538,0.0,0.2535609050936988,2025-7-606
21539,0.0,0.18193659459272882,2025-8-606
21540,0.0,0.18126302145450668,2025-9-606
21541,3.092179671119446,0.31999435363075257,2025-10-606
21542,0.0,1.4357715428865836,2025-11-606
21543,0.0,0.9819306886883066,2025-12-606
21544,0.0,0.568473788359796,2025-13-606
21545,0.0,0.47454312990262904,2025-14-606
21546,0.0,0.22620043276707658,2025-15-606
21547,0.0,0.2336207579750772,2025-16-606
21548,0.0,0.11293207717231468,2025-17-606
21549,3.7084753042365466,0.2929615526997146,2025-18-606
21550,0.0,1.5521968069298595,2025-19-606
21551,0.0,1.2138417598896738,2025-20-606
21552,0.0,0.7312324373426499,2025-21-606
21553,0.0,0.46905307962309006,2025-22-606
21554,0.0,0.1715247329950259,2025-23-606
21555,0.0,0.19358002457962464,2025-24-606
21556,0.0,0.19606479404564314,2025-25-606
21557,0.0,0.184724586468075,2025-26-606
21558,3.3313024792806845,0.15873295566701362,2025-27-606
21559,0.0,1.4512966409785608,2025-28-606
21560,0.0,1.0400252488949935,2025-29-606
21561,0.0,0.5460278950494694,2025-30-606
21562,0.0,0.45331619921601873,2025-31-606
21563,0.0,0.10569397609293008,2025-32-606
21564,0.0,0.4114415628960485,2025-33-606
21565,0.0,0.6831430716896192,2025-34-606
21566,0.0,0.420047889200439,2025-35-606
21567,0.0,0.11310091866942118,2025-36-606
21568,0.0,0.026826821580215432,2025-37-606
21569,0.0,0.05936643891434845,2025-38-606
21570,0.0,0.2986523001574801,2025-39-606
21571,0.0,0.26223457560729824,2025-40-606
21572,0.0,0.13941445055986235,2025-41-606
21573,0.0,0.05810594511376177,2025-42-606
21574,0.0,0.16347376348976772,2025-43-606
21575,0.0,-0.09378457290345166,2025-44-606
21576,0.0,0.2743458725145276,2025-45-606
21577,0.0,0.013863007987328757,2025-46-606
21578,0.7151214759247927,0.008837980814085933,2025-47-606
21579,0.0,0.7642517354522556,2025-48-606
21580,0.0,0.7327593439507492,2025-49-606
21581,1.3454394980316295,0.23306760515861857,2025-50-606
21582,0.0,0.8752256048545025,2025-51-606
21583,1.3452469257191129,0.734535089947651,2025-52-606
21836,0.0,3.6329964157023893,2025-1-607
21837,2.4898734105773555,1.6939807718838775,2025-2-607
21838,0.0,2.3765276440247662,2025-3-607
21839,0.0,1.4697093526002636,2025-4-607
21840,0.0,0.6566796040214778,2025-5-607
21841,0.0,0.40115550496334873,2025-6-607
21842,0.0,0.23293513472739769,2025-7-607
21843,2.2493806001740047,0.10004231380541972,2025-8-607
21844,2.347454261974573,0.663562111281407,2025-9-607
21845,0.0,1.973668625076773,2025-10-607
21846,0.0,1.221019067624061,2025-11-607
21847,0.0,0.7860661682752278,2025-12-607
21848,0.0,0.4060419402154849,2025-13-607
21849,0.0,0.14042024994825852,2025-14-607
21850,0.0,-0.12124488766442165,2025-15-607
21851,3.0586216667240413,0.3783942101947616,2025-16-607
21852,0.0,1.1054214013238894,2025-17-607
21853,4.053621028084509,1.1354959606509503,2025-18-607
21854,0.0,1.9966871555015318,2025-19-607
21855,0.0,1.042957256234073,2025-20-607
21856,0.0,0.4713293957681699,2025-21-607
21857,0.0,-0.027774880902408983,2025-22-607
21858,0.0,0.08308784330866337,2025-23-607
21859,0.0,0.18366939287875328,2025-24-607
21860,0.0,-0.05460880300850679,2025-25-607
21861,0.0,-0.0736010576428856,2025-26-607
21862,0.0,-0.08430652945223693,2025-27-607
21863,1.489309966582694,-0.12693368793308935,2025-28-607
21864,0.0,0.7183501482136168,2025-29-607
21865,0.0,0.7478940294802559,2025-30-607
21866,0.0,0.41907542710831425,2025-31-607
21867,0.0,0.10904988648935032,2025-32-607
21868,0.9965077157360708,0.3118774885577156,2025-33-607
21869,0.0,1.0617965565358363,2025-34-607
21870,0.0,0.7237555068714987,2025-35-607
21871,0.9847778883436864,0.22609420236127498,2025-36-607
21872,0.0,0.5057214600499548,2025-37-607
21873,0.0,0.1138718751156651,2025-38-607
21874,0.0,0.27471988985222673,2025-39-607
21875,0.9132873957559912,0.1466021041550717,2025-40-607
21876,3.763526851408059,0.4535821342231048,2025-41-607
21877,0.9736740385924756,1.6110977059706055,2025-42-607
21878,2.974806765310581,1.5718003326705374,2025-43-607
21879,1.6854090793471714,2.003614259479427,2025-44-607
21880,2.5284121772810426,1.8522039554338856,2025-45-607
21881,1.5419942329979237,1.7016175685551311,2025-46-607
21882,0.785988409109523,2.156694789373735,2025-47-607
21883,0.962833199516677,1.1739446527881556,2025-48-607
21884,0.8565159035752081,1.7529974782973325,2025-49-607
21885,2.219416821390713,0.9954062870180456,2025-50-607
21886,0.0,1.4181376783358544,2025-51-607
21887,2.959921093324024,1.1575914230361333,2025-52-607
22140,0.0,0.24730813151245135,2025-1-608
22141,0.0,0.14286200500489066,2025-2-608
22142,0.0,0.2924062765530464,2025-3-608
22143,0.0,0.17367575142981218,2025-4-608
22144,0.0,0.18793268400726781,2025-5-608
22145,0.0,0.118070795190654,2025-6-608
22146,0.0,0.1657502303453866,2025-7-608
22147,2.01933532789897,0.02368144916743753,2025-8-608
22148,2.107546952725098,0.9125109049110005,2025-9-608
22149,0.0,1.7030036727762397,2025-10-608
22150,0.0,0.8564360207088422,2025-11-608
22151,0.0,0.6306487187028171,2025-12-608
22152,2.4666979608879247,0.3202110936099667,2025-13-608
22153,0.0,1.2015212614030657,2025-14-608
22154,0.0,0.8903223233704414,2025-15-608
22155,0.0,0.5738295892532632,2025-16-608
22156,0.0,0.418860716697281,2025-17-608
22157,0.0,0.19152190736167962,2025-18-608
22158,0.0,0.03322563629414055,2025-19-608
22159,0.0,0.1830554851657913,2025-20-608
22160,0.0,0.04205466675628822,2025-21-608
22161,0.0,0.044210291759671616,2025-22-608
22162,0.0,0.1265181960511177,2025-23-608
22163,0.0,0.12490905351218373,2025-24-608
22164,0.0,0.011230678412332606,2025-25-608
22165,0.0,0.0633547521705975,2025-26-608
22166,0.0,0.07702152144120644,2025-27-608
22167,0.0,-0.03382284835965166,2025-28-608
22168,0.0,0.12340496971961645,2025-29-608
22169,0.0,0.21174141941967017,2025-30-608
22170,0.0,0.1416246211042177,2025-31-608
22171,0.0,0.17358782437909592,2025-32-608
22172,0.0,0.4710215221628917,2025-33-608
22173,0.0,0.6625212758335854,2025-34-608
22174,0.0,0.6202151359172192,2025-35-608
22175,0.8860896728419819,0.11887735063715987,2025-36-608
22176,0.0,0.44450901351246674,2025-37-608
22177,0.8357960980697426,0.38789971363740827,2025-38-608
22178,0.0,0.6431635810132423,2025-39-608
22179,0.0,0.4478418685175858,2025-40-608
22180,0.6775631842050386,0.37052772089270625,2025-41-608
22181,0.0,0.4764764588998267,2025-42-608
22182,0.0,0.2953192057183387,2025-43-608
22183,0.0,0.2529540387675874,2025-44-608
22184,0.7589266667391061,-0.019609415988957934,2025-45-608
22185,0.6943254158192244,0.21324025384390988,2025-46-608
22186,0.0,0.5211946009133385,2025-47-608
22187,0.0,0.4657030055573832,2025-48-608
22188,0.0,0.644335537376407,2025-49-608
22189,0.0,0.13474656989493372,2025-50-608
22190,0.0,0.12467435139342808,2025-51-608
22191,0.0,0.2371493421462193,2025-52-608
22444,0.0,1.1469838085120028,2025-1-609
22445,0.0,0.7150411959138634,2025-2-609
22446,0.0,0.6657501985668048,2025-3-609
22447,0.0,0.4423118069301498,2025-4-609
22448,0.0,0.27019292711965504,2025-5-609
22449,3.726764911298903,0.18749569932802712,2025-6-609
22450,8.10618441590658,1.755548207951736,2025-7-609
22451,0.0,4.464456468002841,2025-8-609
22452,0.0,2.7270389805641897,2025-9-609
22453,0.0,1.7501733473820926,2025-10-609
22454,0.0,0.9748295298228997,2025-11-609
22455,0.0,0.1887788780426155,2025-12-609
22456,0.0,0.1680259620021759,2025-13-609
22457,0.0,0.2310772995861332,2025-14-609
22458,0.0,0.17882625783417638,2025-15-609
22459,0.0,0.2552623427678147,2025-16-609
22460,5.492748928848439,0.09018362206747477,2025-17-609
22461,0.0,2.4585275576290866,2025-18-609
22462,18.45035899698108,1.4092224569266933,2025-19-609
22463,9.043001085844203,8.62858178981447,2025-20-609
22464,6.587530968606724,9.301797678917229,2025-21-609
22465,4.704707267087003,7.630605936244382,2025-22-609
22466,16.86568860259703,6.8259515238930915,2025-23-609
22467,3.9061838700732734,10.042184132689334,2025-24-609
22468,3.291885262459429,7.40935741649808,2025-25-609
22469,10.316377806153152,5.218388395901218,2025-26-609
22470,7.765124601451384,7.350685415918443,2025-27-609
22471,8.452531724247777,6.817481333478074,2025-28-609
22472,10.966553910729717,7.410645524481525,2025-29-609
22473,1.731306699874422,8.916051291710275,2025-30-609
22474,11.114550099552895,5.603027002426018,2025-31-609
22475,7.829801289363592,7.421261375764176,2025-32-609
22476,4.236117161038384,7.817359083812178,2025-33-609
22477,3.77259983382798,6.136530308287056,2025-34-609
22478,2.691167605108821,5.298966595306089,2025-35-609
22479,2.788619234641313,3.4674747902962135,2025-36-609
22480,4.083325912102177,2.840190981329998,2025-37-609
22481,1.3142494216950495,3.1061758991980177,2025-38-609
22482,1.216719333813954,2.4371436656477057,2025-39-609
22483,1.2917206493595843,1.762146434063529,2025-40-609
22484,2.1286353080598,1.5378983980365821,2025-41-609
22485,0.0,1.5894616572464728,2025-42-609
22486,0.0,1.0157504916464415,2025-43-609
22487,1.1906306908957118,0.6779019455167941,2025-44-609
22488,0.0,0.9388539520300827,2025-45-609
22489,1.0887419152791855,0.41312623237805435,2025-46-609
22490,2.2192365091727155,0.8552161205747697,2025-47-609
22491,0.0,1.5844195676151853,2025-48-609
22492,0.0,1.3229225595390959,2025-49-609
22493,0.0,0.49427116390413883,2025-50-609
22494,2.536540087996,0.4415763230361275,2025-51-609
22495,12.519457797950349,1.3456444157742473,2025-52-609
22748,0.6355025042992684,0.942828146442984,2025-1-610
22749,0.7479551861241317,0.7680828290731436,2025-2-610
22750,0.0,0.9582885813698871,2025-3-610
22751,1.2794573055848306,0.41049390047184675,2025-4-610
22752,4.051710217273649,0.8586473941851614,2025-5-610
22753,0.0,2.199321082897727,2025-6-610
22754,11.942445070701366,1.4168769733758098,2025-7-610
22755,12.15598913621884,5.7667637879450115,2025-8-610
22756,2.8188464256044026,8.667950815557976,2025-9-610
22757,0.0,6.304638583657302,2025-10-610
22758,3.536537375412473,3.6904153310306036,2025-11-610
22759,0.0,3.1475657389028022,2025-12-610
22760,3.296927205737339,1.4160740535729246,2025-13-610
22761,0.0,2.04365082070012,2025-14-610
22762,0.0,1.4331920610084052,2025-15-610
22763,0.0,0.6363187607317724,2025-16-610
22764,0.0,0.4265155367672193,2025-17-610
22765,0.0,0.17806652018113356,2025-18-610
22766,1.945461368827124,-0.0595096912617179,2025-19-610
22767,0.0,0.926887258115588,2025-20-610
22768,0.0,0.5880096425711989,2025-21-610
22769,1.9853045240108675,0.45212890738265443,2025-22-610
22770,0.0,1.1727802831085992,2025-23-610
22771,1.6488896400063826,0.735777240358682,2025-24-610
22772,2.77962205087586,1.1698745815006935,2025-25-610
22773,2.9041508792022963,1.9664144553295162,2025-26-610
22774,0.0,2.4030719502837625,2025-27-610
22775,1.785206988299617,1.4854541839691642,2025-28-610
22776,0.0,1.6228448147717454,2025-29-610
22777,0.0,1.01110450621695,2025-30-610
22778,0.6710405979258853,0.3818733485233461,2025-31-610
22779,0.0,0.54776903980101,2025-32-610
22780,2.3878680312380096,0.6615894337946527,2025-33-610
22781,0.5317376478946868,1.6820378846262873,2025-34-610
22782,0.5690664124359793,1.581681495235071,2025-35-610
22783,0.0,0.8269675416026636,2025-36-610
22784,0.0,0.5274978162838108,2025-37-610
22785,0.0,0.352032675198815,2025-38-610
22786,0.5149196882311711,0.3158543419537544,2025-39-610
22787,0.5467538561167452,0.3868201633403179,2025-40-610
22788,0.901153253447494,0.5829833858881674,2025-41-610
22789,0.0,0.6857577983315983,2025-42-610
22790,0.0,0.5304747120688629,2025-43-610
22791,1.008618076128723,0.2757218567910744,2025-44-610
22792,2.0172851401553835,0.5876744864559549,2025-45-610
22793,0.9226196336433812,1.0694855289773433,2025-46-610
22794,0.4702354316769489,1.0261672079418163,2025-47-610
22795,0.0,1.078217265341861,2025-48-610
22796,0.5123339967659183,0.871756425506638,2025-49-610
22797,0.0,0.467297280471073,2025-50-610
22798,0.0,0.46491780085426326,2025-51-610
22799,0.8850049496489094,0.3955456042748402,2025-52-610
23052,1.1838306522506838,1.844092607943073,2025-1-611
23053,0.0,1.508844595087589,2025-2-611
23054,1.601985116496833,1.2020659249428434,2025-3-611
23055,0.0,1.193077922416628,2025-4-611
23056,5.025630594438495,0.7372786515083646,2025-5-611
23057,5.834579063931651,2.4931100690798096,2025-6-611
23058,3.172302441194159,4.09762808203942,2025-7-611
23059,5.0214046070655085,3.707115080310949,2025-8-611
23060,5.238258871212683,4.319789002892601,2025-9-611
23061,0.0,4.817878450997882,2025-10-611
23062,0.0,2.5930187944427674,2025-11-611
23063,0.0,1.423107123981751,2025-12-611
23064,0.0,0.6831023018032183,2025-13-611
23065,0.0,0.260794740203382,2025-14-611
23066,0.0,0.23547609836406358,2025-15-611
23067,0.0,0.2869349824751952,2025-16-611
23068,8.58648729958182,0.1909822117696992,2025-17-611
23069,0.0,3.798185783679358,2025-18-611
23070,0.0,2.3268130893972407,2025-19-611
23071,0.0,1.5208192014937372,2025-20-611
23072,0.0,1.1947417866280197,2025-21-611
23073,0.0,0.23000809673459843,2025-22-611
23074,0.0,0.347799654035445,2025-23-611
23075,0.0,0.326526586680817,2025-24-611
23076,0.0,0.2764537942051468,2025-25-611
23077,0.0,0.25256767099597877,2025-26-611
23078,0.0,0.24909568492148115,2025-27-611
23079,1.6492141219312804,0.2230633533934202,2025-28-611
23080,0.0,0.8869522094064629,2025-29-611
23081,0.0,0.6990285807840828,2025-30-611
23082,0.0,0.4562470051722155,2025-31-611
23083,0.0,0.352977711977973,2025-32-611
23084,0.0,0.48168908207538186,2025-33-611
23085,0.0,0.660473223022576,2025-34-611
23086,0.0,0.707241354114602,2025-35-611
23087,0.0,0.2643428804998701,2025-36-611
23088,0.0,0.09336529132873894,2025-37-611
23089,0.0,0.11833050117368549,2025-38-611
23090,0.0,0.3278060593356711,2025-39-611
23091,0.0,0.23104291969512114,2025-40-611
23092,0.0,0.28995797912702537,2025-41-611
23093,0.0,0.2884816727584649,2025-42-611
23094,0.0,0.4210253893433278,2025-43-611
23095,2.781824814189028,0.38843005823756205,2025-44-611
23096,1.8540348369149329,1.6191428258653007,2025-45-611
23097,5.086199926183951,1.8063423499505837,2025-46-611
23098,1.7276818350778542,3.1895301429702814,2025-47-611
23099,3.1733517035588807,3.0675961169835975,2025-48-611
23100,1.8812202681357808,3.147337637309577,2025-49-611
23101,1.62424007642592,2.4726385078335547,2025-50-611
23102,0.9868338566930832,2.000268098729426,2025-51-611
23103,9.740044603410402,1.6641018807968049,2025-52-611
23356,0.3671537216360188,0.5054101370202055,2025-1-701
23357,0.0,0.602447791633878,2025-2-701
23358,0.0,0.42069000316525484,2025-3-701
23359,0.7394815209027203,0.26759217463750806,2025-4-701
23360,0.0,0.34178698247036077,2025-5-701
23361,0.9067416851146344,0.4198305792489003,2025-6-701
23362,0.9864329886442076,0.7228206555679484,2025-7-701
23363,0.0,0.987242707976024,2025-8-701
23364,0.0,0.7083736655465815,2025-9-701
23365,2.343865571120473,0.5029182830351919,2025-10-701
23366,2.0458717600454706,1.3631463823903203,2025-11-701
23367,0.760407757441747,1.6566672069783372,2025-12-701
23368,2.861637745188061,1.3590020729050465,2025-13-701
23369,2.2515031286174123,1.9205955301704747,2025-14-701
23370,1.8765427243685715,2.1787778598420457,2025-15-701
23371,2.124716460467475,2.004548720828761,2025-16-701
23372,0.0,2.0616284529468007,2025-17-701
23373,0.0,1.5497784224146405,2025-18-701
23374,0.0,0.8226034670646897,2025-19-701
23375,1.1047022283911996,0.6020785509208839,2025-20-701
23376,3.219915594296542,0.7245385363947445,2025-21-701
23377,2.300295228942117,1.8118185967157086,2025-22-701
23378,1.3747791286533158,2.1357252891124823,2025-23-701
23379,0.0,1.863024047751668,2025-24-701
23380,1.610953413636007,1.1146302454406274,2025-25-701
23381,0.8416728882738173,1.2314203371952221,2025-26-701
23382,0.0,1.1095379327766828,2025-27-701
23383,0.0,0.6612811135976594,2025-28-701
23384,1.074627765599467,0.49332963582142164,2025-29-701
23385,1.6970399964283145,0.8496105885891424,2025-30-701
23386,1.1676248913472236,1.2426012284679173,2025-31-701
23387,1.9198580712848088,1.3255748887988572,2025-32-701
23388,0.6926681291213879,1.8976959710145826,2025-33-701
23389,0.3085304850536634,1.418163203887751,2025-34-701
23390,0.6604643978974715,0.980275813820435,2025-35-701
23391,1.3691717403590855,0.6724745466628379,2025-36-701
23392,0.668484776020527,1.0427025509261174,2025-37-701
23393,1.9369917899033025,1.0001532319259534,2025-38-701
23394,0.0,1.4854288897022832,2025-39-701
23395,0.3174879635581664,0.9237071258208758,2025-40-701
23396,0.5233471375596344,0.6630418804143022,2025-41-701
23397,0.6770074876019901,0.8017726403686628,2025-42-701
23398,0.6894970803476763,0.6379133405805496,2025-43-701
23399,0.0,0.7346812394464551,2025-44-701
23400,0.8791093427404056,0.5516472064587832,2025-45-701
23401,0.5361580360572298,0.5904369090981114,2025-46-701
23402,1.0932041012800753,0.677160543470658,2025-47-701
23403,0.6696089076303419,0.8652453497709869,2025-48-701
23404,0.2978452324461955,0.8839487009229144,2025-49-701
23405,0.2572692575066497,0.6419145626009494,2025-50-701
23406,0.6255014381768048,0.6294274601059178,2025-51-701
23407,1.5440870366064576,0.7910884958089203,2025-52-701
23660,0.0,0.4061801298416572,2025-1-702
23661,0.0,0.7766971252589336,2025-2-702
23662,0.2944287411991238,0.711384373868015,2025-3-702
23663,0.0,0.7083874768444898,2025-4-702
23664,0.4620558199895201,0.6699386703444825,2025-5-702
23665,0.0,0.7005653099223406,2025-6-702
23666,0.5836068709961707,0.5389747014086647,2025-7-702
23667,0.462005256203241,0.635083057314139,2025-8-702
23668,1.4462245903055329,0.5243258761581593,2025-9-702
23669,0.6929573549547565,1.0279607349408042,2025-10-702
23670,0.0,1.0288756470845597,2025-11-702
23671,0.8989061878408682,0.532873884098621,2025-12-702
23672,0.0,0.7342178512949531,2025-13-702
23673,1.9954263709443207,0.4970800852994185,2025-14-702
23674,0.0,1.168341673959103,2025-15-702
23675,0.0,0.8579033862069217,2025-16-702
23676,0.0,0.5469547225268158,2025-17-702
23677,1.6626132301355268,0.5475481746395177,2025-18-702
23678,1.3300422012444002,1.0921082459048232,2025-19-702
23679,0.0,1.3334970827814454,2025-20-702
23680,0.9499610535701816,0.9240999593482686,2025-21-702
23681,0.6785189446966254,1.0832780118125063,2025-22-702
23682,0.0,0.9303682832512346,2025-23-702
23683,0.5634747814632398,0.6175776806359252,2025-24-702
23684,0.4749114929583028,0.6370609478461919,2025-25-702
23685,1.488474503108383,0.5293065728937223,2025-26-702
23686,0.3734991957870255,0.9401293865510906,2025-27-702
23687,0.609913142592599,0.679199478418416,2025-28-702
23688,0.0,0.6675295212230559,2025-29-702
23689,0.0,0.455703187528551,2025-30-702
23690,0.0,0.17676571116937767,2025-31-702
23691,0.6782779725276314,0.22452595426033883,2025-32-702
23692,0.4077847852552325,0.6768745529089506,2025-33-702
23693,0.3632054605687524,0.6872698046285963,2025-34-702
23694,0.5830199927185232,0.6735085104791234,2025-35-702
23695,0.4027997554779518,0.4117669943416371,2025-36-702
23696,0.5898784680683592,0.583113306234682,2025-37-702
23697,0.1898780640434262,0.6677887225065626,2025-38-702
23698,0.5274206721597089,0.586297714737793,2025-39-702
23699,0.7466594108566743,0.6096105035093877,2025-40-702
23700,0.1538203033271513,0.7227664743028189,2025-41-702
23701,0.1989462727699083,0.6361420322508489,2025-42-702
23702,0.607735424720796,0.4919857560465517,2025-43-702
23703,0.3442664509330118,0.6054142266829232,2025-44-702
23704,0.1721272302764559,0.5167388798070975,2025-45-702
23705,0.3148758167733,0.48583814641448997,2025-46-702
23706,0.802372999845448,0.47458425358393663,2025-47-702
23707,0.589652414472718,0.741064783300817,2025-48-702
23708,0.6992827396748048,0.7691247516427766,2025-49-702
23709,1.6607387275628238,0.7394581758981074,2025-50-702
23710,0.0,1.4646962041693787,2025-51-702
23711,0.0,0.9558511446527341,2025-52-702
23964,0.5929143105881756,1.3043460644550087,2025-1-703
23965,0.6978708028899215,1.0750304759624927,2025-2-703
23966,1.6058498929260248,1.6473993277933712,2025-3-703
23967,0.0,1.4362900138653385,2025-4-703
23968,0.0,0.911695705013321,2025-5-703
23969,0.0,1.0487234513092987,2025-6-703
23970,0.0,0.5994694835903618,2025-7-703
23971,0.0,0.5340856573957435,2025-8-703
23972,0.0,0.6290235279701315,2025-9-703
23973,0.0,0.3533316883535951,2025-10-703
23974,0.0,0.38062708237147436,2025-11-703
23975,0.0,0.35032270434346346,2025-12-703
23976,0.0,0.18172699578442897,2025-13-703
23977,0.0,0.09361799901777879,2025-14-703
23978,0.0,0.32370650009515356,2025-15-703
23979,0.0,0.33886559449389,2025-16-703
23980,0.0,0.16245170369564488,2025-17-703
23981,0.0,0.5305968698444188,2025-18-703
23982,0.0,0.36405003850248974,2025-19-703
23983,0.0,0.4189259780427367,2025-20-703
23984,0.0,0.37532357740568334,2025-21-703
23985,0.0,0.29168926602418854,2025-22-703
23986,0.0,0.3858859850580365,2025-23-703
23987,0.0,0.2802273560204833,2025-24-703
23988,0.0,0.25702011782170764,2025-25-703
23989,0.0,0.17527815918354828,2025-26-703
23990,0.0,0.14040911394883349,2025-27-703
23991,0.0,0.22322077636154614,2025-28-703
23992,0.0,0.21728752074936342,2025-29-703
23993,0.6836673125929204,0.25160873013946106,2025-30-703
23994,0.0,0.5616465891894958,2025-31-703
23995,0.6186550099177354,0.49306063851691717,2025-32-703
23996,1.1159454367031212,0.7951551176281375,2025-33-703
23997,0.4970318006518875,1.1004751378271571,2025-34-703
23998,1.0639074355776426,0.9240441794335617,2025-35-703
23999,0.5513415258126836,0.7830266380501809,2025-36-703
24000,0.0,0.8878005027912497,2025-37-703
24001,0.5199193324421085,0.602235588148508,2025-38-703
24002,0.4814452305738542,0.6524564782706539,2025-39-703
24003,0.0,0.5833107704786886,2025-40-703
24004,0.4213318461323318,0.42683835293228667,2025-41-703
24005,0.0,0.5685266201196916,2025-42-703
24006,0.5550134642034252,0.3955166096122237,2025-43-703
24007,0.0,0.5017356011439041,2025-44-703
24008,0.9433858722576433,0.38968970132223246,2025-45-703
24009,0.8629763093521865,0.695211065249627,2025-46-703
24010,0.4398611806529253,0.8993919123760281,2025-47-703
24011,0.5388078576826677,0.7426760329700548,2025-48-703
24012,0.4792936384016333,0.7871222396198915,2025-49-703
24013,0.8279368585362064,0.6205559964746563,2025-50-703
24014,0.5032061733502587,1.0419556568317385,2025-51-703
24015,0.0,1.0548130455441191,2025-52-703
24268,0.7378397900750634,0.36084798203349844,2025-1-704
24269,2.604826042431052,0.6181434918318998,2025-2-704
24270,1.9975594427729224,1.5495776441003704,2025-3-704
24271,1.4848477356768952,1.8400995207070692,2025-4-704
24272,0.0,1.778460668511261,2025-5-704
24273,1.8196949166983964,1.0527470592840205,2025-6-704
24274,0.0,1.3863935684396005,2025-7-704
24275,1.5665800821046998,1.0177432309528358,2025-8-704
24276,0.0,1.2651502278655962,2025-9-704
24277,0.0,0.9754658548895857,2025-10-704
24278,0.0,0.6034897443024572,2025-11-704
24279,0.0,0.2946489103532166,2025-12-704
24280,0.0,0.1406949174780141,2025-13-704
24281,2.254239074699053,0.003781615972589636,2025-14-704
24282,0.0,1.0908796365029052,2025-15-704
24283,0.0,0.7299239772863026,2025-16-704
24284,0.0,0.27443948801987994,2025-17-704
24285,0.0,0.4964329766255019,2025-18-704
24286,0.0,0.17134050688579539,2025-19-704
24287,0.0,0.3011617958472983,2025-20-704
24288,0.0,0.26456441694620936,2025-21-704
24289,0.0,0.16381557135916758,2025-22-704
24290,0.0,0.20343135185583128,2025-23-704
24291,0.0,0.22372205357935027,2025-24-704
24292,0.0,0.11259602456654849,2025-25-704
24293,0.0,0.15472375848717146,2025-26-704
24294,0.0,0.24265699240085215,2025-27-704
24295,0.0,0.1187654753573083,2025-28-704
24296,1.0714941567496867,0.24857072912135803,2025-29-704
24297,0.0,0.7390366715078438,2025-30-704
24298,0.0,0.5006109985214933,2025-31-704
24299,0.0,0.428393053035497,2025-32-704
24300,0.0,0.5606305150709469,2025-33-704
24301,0.0,0.3324361640110923,2025-34-704
24302,1.972328468956048,0.3153708079487071,2025-35-704
24303,2.043794852807652,0.7778843683709289,2025-36-704
24304,0.6650574982225792,1.4870731419157759,2025-37-704
24305,0.0,1.2504635699371944,2025-38-704
24306,1.1890659908758745,0.8366692639523641,2025-39-704
24307,0.0,0.9038498768599486,2025-40-704
24308,1.0401738843787245,0.5507305996810438,2025-41-704
24309,0.6726036548163687,0.8675544577683708,2025-42-704
24310,0.684822239591548,0.8717832722194288,2025-43-704
24311,0.0,0.8254361747012346,2025-44-704
24312,0.5817768883220845,0.525817132846959,2025-45-704
24313,0.5320805433775271,0.5793456333418567,2025-46-704
24314,0.5422949562341061,0.6438934399490187,2025-47-704
24315,0.0,0.611890686705924,2025-48-704
24316,0.0,0.45473476999204976,2025-49-704
24317,2.0402413863990057,0.3804432426943033,2025-50-704
24318,1.8596579308049688,1.1935254618485165,2025-51-704
24319,1.0198677587270444,1.6653493016793686,2025-52-704
24572,0.7456731893077604,0.4552734022213242,2025-1-705
24573,0.0,0.742640110963846,2025-2-705
24574,2.019324327514648,0.6657621325119645,2025-3-705
24575,0.0,1.0221044274731599,2025-4-705
24576,0.0,0.6125700515513497,2025-5-705
24577,3.680566513938433,0.6808131549869862,2025-6-705
24578,2.0017451539073727,2.0208553248583905,2025-7-705
24579,0.0,2.1506242359086265,2025-8-705
24580,0.0,1.419908242293455,2025-9-705
24581,0.0,0.863735860891182,2025-10-705
24582,4.149349744047232,0.45849358357554304,2025-11-705
24583,0.0,1.975430943016455,2025-12-705
24584,0.0,1.25485980306504,2025-13-705
24585,0.0,0.7938334858274594,2025-14-705
24586,0.0,0.7240758150082076,2025-15-705
24587,0.0,0.402383063130735,2025-16-705
24588,0.0,0.2856110260395365,2025-17-705
24589,0.0,0.5284046423152382,2025-18-705
24590,0.0,0.44084103298816346,2025-19-705
24591,0.0,0.4523289727492933,2025-20-705
24592,0.0,0.2902144166167886,2025-21-705
24593,2.3291451699930312,0.20239499214946421,2025-22-705
24594,0.0,1.1666192225717293,2025-23-705
24595,0.0,0.8444043737580851,2025-24-705
24596,1.63048332418175,0.5158884826431211,2025-25-705
24597,0.0,1.0983939638335853,2025-26-705
24598,0.0,0.7574582248564723,2025-27-705
24599,1.047150513440935,0.5121673206414563,2025-28-705
24600,0.0,0.8830717589804318,2025-29-705
24601,0.0,0.5745494497482198,2025-30-705
24602,0.7872061273467656,0.3683377565854048,2025-31-705
24603,1.5530165359852783,0.6641242706209988,2025-32-705
24604,0.700297803922995,1.2843525594597547,2025-33-705
24605,0.0,1.1602022293235015,2025-34-705
24606,0.0,0.8178049638907974,2025-35-705
24607,1.3836850940977812,0.2533106606053128,2025-36-705
24608,0.0,0.9002263834149926,2025-37-705
24609,0.0,0.6196774842434465,2025-38-705
24610,1.2080369938955176,0.427707703630405,2025-39-705
24611,0.6413557335605499,0.768121064743438,2025-40-705
24612,0.5285330784252571,0.7238009114737867,2025-41-705
24613,0.6836225689905783,0.8079657041693149,2025-42-705
24614,0.6961389806009581,0.822960361968027,2025-43-705
24615,0.0,0.7778114396618985,2025-44-705
24616,0.0,0.5386178353966877,2025-45-705
24617,0.0,0.3777105459543627,2025-46-705
24618,1.1031312576232637,0.3060113785323363,2025-47-705
24619,0.0,0.6341785049167417,2025-48-705
24620,0.6009354191148426,0.4940540315620878,2025-49-705
24621,2.0759918443587404,0.53918127794976,2025-50-705
24622,1.2616726294335103,1.3968955112287926,2025-51-705
24623,0.0,1.5148650031185942,2025-52-705
24876,0.0,0.8005897674227411,2025-1-706
24877,0.0,0.9319768932254169,2025-2-706
24878,0.0,1.3956887743250115,2025-3-706
24879,0.0,0.4008283292143201,2025-4-706
24880,0.0,0.7024428862661702,2025-5-706
24881,2.8522539200720565,0.8694934139521266,2025-6-706
24882,1.5510886557686727,1.600113981597545,2025-7-706
24883,1.227836641355695,2.1364842011355023,2025-8-706
24884,0.0,1.9727137282394671,2025-9-706
24885,1.8414295124001547,1.2783563021865127,2025-10-706
24886,0.0,1.458152672998152,2025-11-706
24887,0.0,0.8686517190445426,2025-12-706
24888,0.0,0.3701376887853298,2025-13-706
24889,0.0,0.29707773023840955,2025-14-706
24890,0.0,0.19900932061667553,2025-15-706
24891,5.000480506909171,0.33879596908000353,2025-16-706
24892,0.0,2.48671690564074,2025-17-706
24893,2.208156190567835,1.7798534456455761,2025-18-706
24894,0.0,2.041623767292394,2025-19-706
24895,0.0,1.4415739490406434,2025-20-706
24896,0.0,0.5466740017061311,2025-21-706
24897,0.0,0.4237417998723041,2025-22-706
24898,0.0,0.24642495314109014,2025-23-706
24899,1.496264300821051,0.2724987322050464,2025-24-706
24900,1.2610261187407237,0.8427386189962871,2025-25-706
24901,1.3173741162354455,1.0349645443568123,2025-26-706
24902,0.9916440005086788,1.1803995909381593,2025-27-706
24903,1.6192398306793965,1.1144115630696672,2025-28-706
24904,0.8403888410936772,1.290028305449303,2025-29-706
24905,1.3268133634911825,1.1456044120386601,2025-30-706
24906,0.6084507023618987,1.0729931022661343,2025-31-706
24907,0.0,1.009050538058698,2025-32-706
24908,0.0,0.8676159740052065,2025-33-706
24909,0.0,0.6499819702447999,2025-34-706
24910,0.5157569159234743,0.453449057662175,2025-35-706
24911,0.0,0.27536184206314873,2025-36-706
24912,0.0,0.33303823164696766,2025-37-706
24913,0.0,0.2718134936518096,2025-38-706
24914,0.0,0.24669832995947794,2025-39-706
24915,0.4952575657693274,0.10652300072724474,2025-40-706
24916,0.0,0.3528906638722108,2025-41-706
24917,0.0,0.35936805241700087,2025-42-706
24918,0.53739468745105,0.23053976379355134,2025-43-706
24919,0.0,0.4803878622173775,2025-44-706
24920,0.0,0.27461800666419767,2025-45-706
24921,0.0,0.2547116640184097,2025-46-706
24922,0.8512265109713734,0.25980354522837545,2025-47-706
24923,0.5212677789520175,0.5192912297417783,2025-48-706
24924,0.463613516767366,0.6839449211858508,2025-49-706
24925,0.0,0.5260418806060898,2025-50-706
24926,0.0,0.6874067841643916,2025-51-706
24927,0.0,0.5818891546161075,2025-52-706
