,actual,pred,week_canton
200,67,28.107847,2024-1-101
201,68,22.802277,2024-2-101
202,61,9.952287,2024-3-101
203,52,2.9826992,2024-4-101
204,48,5.7992063,2024-5-101
205,41,38.094383,2024-6-101
206,50,61.428753,2024-7-101
207,26,46.281807,2024-8-101
208,32,49.73599,2024-9-101
209,18,47.72808,2024-10-101
210,20,38.4969,2024-11-101
211,13,63.676804,2024-12-101
212,12,22.995201,2024-13-101
213,21,6.07736,2024-14-101
214,15,17.504871,2024-15-101
215,13,21.475212,2024-16-101
216,13,20.95795,2024-17-101
217,11,21.521498,2024-18-101
218,16,25.783403,2024-19-101
219,7,30.061508,2024-20-101
220,18,28.088364,2024-21-101
221,23,37.189087,2024-22-101
222,27,22.125973,2024-23-101
223,27,20.074959,2024-24-101
224,36,14.108638,2024-25-101
225,20,21.146032,2024-26-101
226,46,30.393793,2024-27-101
227,42,45.65407,2024-28-101
228,61,48.34554,2024-29-101
229,89,46.83776,2024-30-101
230,68,40.271023,2024-31-101
231,72,77.46338,2024-32-101
232,175,83.70845,2024-33-101
233,165,101.40422,2024-34-101
234,226,95.35522,2024-35-101
235,197,87.99008,2024-36-101
236,255,71.2771,2024-37-101
237,288,108.88859,2024-38-101
238,276,122.17441,2024-39-101
239,211,120.529854,2024-40-101
240,212,170.44278,2024-41-101
241,193,127.32291,2024-42-101
242,138,117.82743,2024-43-101
243,176,117.192764,2024-44-101
244,156,157.74742,2024-45-101
245,125,188.55623,2024-46-101
246,107,107.92279,2024-47-101
247,132,113.19275,2024-48-101
248,85,145.9284,2024-49-101
249,62,182.53601,2024-50-101
250,50,116.63769,2024-51-101
251,29,95.40247,2024-52-101
504,5,-0.11871256,2024-1-102
505,3,0.733247,2024-2-102
506,2,1.7325356,2024-3-102
507,2,0.66367877,2024-4-102
508,0,2.031944,2024-5-102
509,2,3.0064955,2024-6-102
510,1,6.340764,2024-7-102
511,0,1.9105284,2024-8-102
512,0,4.6504593,2024-9-102
513,0,3.0481613,2024-10-102
514,2,3.6699169,2024-11-102
515,1,3.7717736,2024-12-102
516,0,1.6273997,2024-13-102
517,1,4.283831,2024-14-102
518,1,4.6068482,2024-15-102
519,0,3.1912878,2024-16-102
520,0,2.8485353,2024-17-102
521,0,2.435664,2024-18-102
522,0,2.421957,2024-19-102
523,1,1.924761,2024-20-102
524,0,1.9713545,2024-21-102
525,2,2.055264,2024-22-102
526,2,1.0641112,2024-23-102
527,2,0.4064013,2024-24-102
528,0,0.73723024,2024-25-102
529,3,0.47575054,2024-26-102
530,2,1.5791236,2024-27-102
531,2,2.1400115,2024-28-102
532,1,1.9419265,2024-29-102
533,0,1.2300901,2024-30-102
534,5,2.9591517,2024-31-102
535,3,2.9290726,2024-32-102
536,4,2.9900253,2024-33-102
537,5,2.297164,2024-34-102
538,5,0.9504668,2024-35-102
539,4,4.3216214,2024-36-102
540,7,6.923018,2024-37-102
541,12,5.567391,2024-38-102
542,9,8.326367,2024-39-102
543,13,8.323967,2024-40-102
544,10,7.5785847,2024-41-102
545,8,9.766777,2024-42-102
546,7,12.38723,2024-43-102
547,7,8.552245,2024-44-102
548,3,14.212578,2024-45-102
549,5,14.08109,2024-46-102
550,3,11.275938,2024-47-102
551,1,7.131019,2024-48-102
552,1,7.849968,2024-49-102
553,0,5.4588037,2024-50-102
554,0,5.8099585,2024-51-102
555,0,5.401635,2024-52-102
808,20,-0.56134194,2024-1-103
809,13,-6.0942388,2024-2-103
810,29,13.738454,2024-3-103
811,10,-2.1633458,2024-4-103
812,8,1.1013463,2024-5-103
813,7,18.858297,2024-6-103
814,6,21.292795,2024-7-103
815,12,8.410569,2024-8-103
816,10,22.626318,2024-9-103
817,7,5.8604674,2024-10-103
818,9,10.2073145,2024-11-103
819,5,10.62969,2024-12-103
820,2,24.33981,2024-13-103
821,1,18.00058,2024-14-103
822,1,8.883037,2024-15-103
823,4,16.682415,2024-16-103
824,6,11.830621,2024-17-103
825,3,11.501417,2024-18-103
826,3,4.9614606,2024-19-103
827,2,2.893708,2024-20-103
828,4,6.0261707,2024-21-103
829,9,10.984748,2024-22-103
830,11,5.09238,2024-23-103
831,9,5.099458,2024-24-103
832,11,3.2847812,2024-25-103
833,20,3.1673477,2024-26-103
834,10,8.775407,2024-27-103
835,14,10.835118,2024-28-103
836,17,10.39748,2024-29-103
837,33,10.935664,2024-30-103
838,38,17.009417,2024-31-103
839,38,15.231976,2024-32-103
840,38,17.41846,2024-33-103
841,52,18.386997,2024-34-103
842,78,19.968016,2024-35-103
843,80,60.63498,2024-36-103
844,94,46.658344,2024-37-103
845,110,40.384995,2024-38-103
846,114,71.15114,2024-39-103
847,97,112.81662,2024-40-103
848,105,120.68029,2024-41-103
849,70,141.75285,2024-42-103
850,54,126.08742,2024-43-103
851,49,115.64939,2024-44-103
852,31,123.29542,2024-45-103
853,16,126.59399,2024-46-103
854,17,89.48829,2024-47-103
855,9,76.02413,2024-48-103
856,10,83.28219,2024-49-103
857,9,36.576046,2024-50-103
858,1,19.758438,2024-51-103
859,1,20.986511,2024-52-103
1112,1,0.84648335,2024-1-104
1113,1,0.81431335,2024-2-104
1114,0,3.5373492,2024-3-104
1115,0,1.2412429,2024-4-104
1116,1,3.7475595,2024-5-104
1117,0,2.0131495,2024-6-104
1118,0,3.9468637,2024-7-104
1119,1,0.15922299,2024-8-104
1120,0,3.705856,2024-9-104
1121,4,1.561711,2024-10-104
1122,0,1.6563569,2024-11-104
1123,0,1.6846365,2024-12-104
1124,1,3.5073888,2024-13-104
1125,0,2.8016129,2024-14-104
1126,0,6.575199,2024-15-104
1127,1,4.067761,2024-16-104
1128,2,4.7871113,2024-17-104
1129,2,3.1203725,2024-18-104
1130,3,2.256261,2024-19-104
1131,1,2.026622,2024-20-104
1132,2,2.415729,2024-21-104
1133,2,2.7689576,2024-22-104
1134,3,2.0527618,2024-23-104
1135,6,3.825658,2024-24-104
1136,4,2.5710597,2024-25-104
1137,11,2.3485243,2024-26-104
1138,8,2.1795435,2024-27-104
1139,7,3.974472,2024-28-104
1140,5,7.7456994,2024-29-104
1141,4,6.99715,2024-30-104
1142,6,11.909932,2024-31-104
1143,3,10.730667,2024-32-104
1144,2,9.460574,2024-33-104
1145,2,7.697605,2024-34-104
1146,4,7.028324,2024-35-104
1147,4,8.277417,2024-36-104
1148,0,8.410038,2024-37-104
1149,6,4.5815763,2024-38-104
1150,5,3.6487474,2024-39-104
1151,3,4.616328,2024-40-104
1152,5,6.3918357,2024-41-104
1153,4,5.4810266,2024-42-104
1154,5,6.7559586,2024-43-104
1155,1,6.7932305,2024-44-104
1156,3,6.187222,2024-45-104
1157,1,5.7039456,2024-46-104
1158,3,6.1469145,2024-47-104
1159,6,5.658892,2024-48-104
1160,4,4.5708313,2024-49-104
1161,0,3.0195515,2024-50-104
1162,3,2.3584538,2024-51-104
1163,1,3.0230246,2024-52-104
1416,0,0.56996405,2024-1-105
1417,0,1.2044425,2024-2-105
1418,0,0.44846994,2024-3-105
1419,0,6.944094,2024-4-105
1420,0,1.0504949,2024-5-105
1421,0,-0.5686997,2024-6-105
1422,0,3.3545325,2024-7-105
1423,0,0.7247792,2024-8-105
1424,0,1.8954239,2024-9-105
1425,0,0.6384111,2024-10-105
1426,0,1.7836622,2024-11-105
1427,0,1.7312322,2024-12-105
1428,0,1.8911219,2024-13-105
1429,0,2.8189414,2024-14-105
1430,0,3.026599,2024-15-105
1431,0,2.2040162,2024-16-105
1432,0,2.125412,2024-17-105
1433,0,2.2934222,2024-18-105
1434,0,2.099057,2024-19-105
1435,0,1.5952948,2024-20-105
1436,1,2.091439,2024-21-105
1437,0,1.45318,2024-22-105
1438,0,1.1697509,2024-23-105
1439,0,0.4071985,2024-24-105
1440,0,0.43996567,2024-25-105
1441,0,0.62895495,2024-26-105
1442,0,0.53601384,2024-27-105
1443,0,0.3055597,2024-28-105
1444,0,0.55748427,2024-29-105
1445,0,0.4001922,2024-30-105
1446,0,0.3949714,2024-31-105
1447,0,0.42544276,2024-32-105
1448,0,0.42623994,2024-33-105
1449,0,0.39417422,2024-34-105
1450,0,0.3949714,2024-35-105
1451,0,0.39417422,2024-36-105
1452,0,0.42623994,2024-37-105
1453,0,0.3949714,2024-38-105
1454,0,0.42623994,2024-39-105
1455,0,0.42544276,2024-40-105
1456,0,0.39842775,2024-41-105
1457,0,0.39931107,2024-42-105
1458,0,0.40010825,2024-43-105
1459,0,0.15086417,2024-44-105
1460,0,0.31249064,2024-45-105
1461,0,0.31249064,2024-46-105
1462,0,0.2864429,2024-47-105
1463,0,0.31249064,2024-48-105
1464,0,0.16924623,2024-49-105
1465,0,0.15859595,2024-50-105
1466,0,0.13925861,2024-51-105
1467,0,0.1489944,2024-52-105
1720,2,1.2063814,2024-1-106
1721,2,0.5893866,2024-2-106
1722,0,-0.7333842,2024-3-106
1723,1,3.189271,2024-4-106
1724,1,4.303312,2024-5-106
1725,3,1.9007335,2024-6-106
1726,2,4.122231,2024-7-106
1727,1,0.3832485,2024-8-106
1728,0,8.151772,2024-9-106
1729,1,8.148938,2024-10-106
1730,2,8.666127,2024-11-106
1731,1,2.822459,2024-12-106
1732,1,4.1133976,2024-13-106
1733,1,4.1936674,2024-14-106
1734,1,4.2557383,2024-15-106
1735,2,2.416781,2024-16-106
1736,1,2.138804,2024-17-106
1737,0,2.1858234,2024-18-106
1738,2,1.7954053,2024-19-106
1739,2,1.1880362,2024-20-106
1740,0,2.5115235,2024-21-106
1741,5,1.7482098,2024-22-106
1742,3,0.7471144,2024-23-106
1743,4,1.3056942,2024-24-106
1744,7,1.2385315,2024-25-106
1745,9,0.8577051,2024-26-106
1746,9,3.4681678,2024-27-106
1747,6,5.1844034,2024-28-106
1748,18,4.3696823,2024-29-106
1749,9,7.8195176,2024-30-106
1750,18,8.9323,2024-31-106
1751,17,10.983292,2024-32-106
1752,12,8.142735,2024-33-106
1753,11,16.25701,2024-34-106
1754,9,13.964305,2024-35-106
1755,7,14.34331,2024-36-106
1756,7,17.264719,2024-37-106
1757,16,16.153557,2024-38-106
1758,9,12.382175,2024-39-106
1759,9,10.732074,2024-40-106
1760,5,9.159904,2024-41-106
1761,8,10.058194,2024-42-106
1762,4,13.226738,2024-43-106
1763,2,12.951028,2024-44-106
1764,2,11.695865,2024-45-106
1765,0,6.072833,2024-46-106
1766,1,8.418963,2024-47-106
1767,0,5.4553676,2024-48-106
1768,0,4.9622574,2024-49-106
1769,0,3.1826339,2024-50-106
1770,0,1.4497702,2024-51-106
1771,1,0.6669857,2024-52-106
2024,1,4.905996,2024-1-107
2025,3,5.379182,2024-2-107
2026,3,10.128999,2024-3-107
2027,2,6.274099,2024-4-107
2028,2,7.7682476,2024-5-107
2029,3,1.9717999,2024-6-107
2030,5,7.595262,2024-7-107
2031,1,3.5688112,2024-8-107
2032,1,6.277118,2024-9-107
2033,2,3.8340282,2024-10-107
2034,4,6.613737,2024-11-107
2035,3,8.546356,2024-12-107
2036,0,7.8934946,2024-13-107
2037,0,4.5158987,2024-14-107
2038,1,5.2168064,2024-15-107
2039,2,5.827402,2024-16-107
2040,0,10.773614,2024-17-107
2041,2,6.7644105,2024-18-107
2042,7,3.0833342,2024-19-107
2043,3,2.2738233,2024-20-107
2044,6,3.2187624,2024-21-107
2045,10,1.7727314,2024-22-107
2046,13,1.9398001,2024-23-107
2047,7,4.826402,2024-24-107
2048,19,5.6448827,2024-25-107
2049,11,7.0075073,2024-26-107
2050,9,9.591458,2024-27-107
2051,10,20.340902,2024-28-107
2052,10,15.114933,2024-29-107
2053,8,25.587202,2024-30-107
2054,10,19.905056,2024-31-107
2055,11,13.373405,2024-32-107
2056,18,11.347304,2024-33-107
2057,11,9.953796,2024-34-107
2058,18,9.469598,2024-35-107
2059,18,9.508134,2024-36-107
2060,23,11.3945875,2024-37-107
2061,21,19.958237,2024-38-107
2062,24,21.172241,2024-39-107
2063,14,21.952103,2024-40-107
2064,9,27.747213,2024-41-107
2065,3,34.020046,2024-42-107
2066,5,31.59801,2024-43-107
2067,9,35.161427,2024-44-107
2068,11,29.282665,2024-45-107
2069,4,20.269289,2024-46-107
2070,1,7.079233,2024-47-107
2071,4,5.0109468,2024-48-107
2072,4,8.810418,2024-49-107
2073,3,9.89502,2024-50-107
2074,2,6.5576725,2024-51-107
2075,0,3.9525971,2024-52-107
2328,4,2.7689466,2024-1-108
2329,4,2.351515,2024-2-108
2330,1,4.1395726,2024-3-108
2331,1,2.15845,2024-4-108
2332,1,3.5128953,2024-5-108
2333,0,2.608055,2024-6-108
2334,0,8.2824135,2024-7-108
2335,0,0.6550206,2024-8-108
2336,1,1.9109251,2024-9-108
2337,1,2.0514376,2024-10-108
2338,0,0.5683311,2024-11-108
2339,0,2.586231,2024-12-108
2340,0,2.7318385,2024-13-108
2341,2,2.548495,2024-14-108
2342,0,2.6684866,2024-15-108
2343,0,1.6086907,2024-16-108
2344,0,1.7235963,2024-17-108
2345,1,1.8000987,2024-18-108
2346,0,2.3496537,2024-19-108
2347,0,1.8132625,2024-20-108
2348,0,1.5390812,2024-21-108
2349,1,1.3973366,2024-22-108
2350,0,0.69417435,2024-23-108
2351,1,0.32527673,2024-24-108
2352,0,0.13423854,2024-25-108
2353,2,0.071323104,2024-26-108
2354,0,0.19317028,2024-27-108
2355,1,0.15701152,2024-28-108
2356,1,0.34921056,2024-29-108
2357,1,0.34565806,2024-30-108
2358,1,1.0847671,2024-31-108
2359,5,0.6652343,2024-32-108
2360,3,0.6410701,2024-33-108
2361,5,0.7196247,2024-34-108
2362,1,0.43377534,2024-35-108
2363,2,0.5571185,2024-36-108
2364,2,3.5930133,2024-37-108
2365,6,5.209256,2024-38-108
2366,2,4.873641,2024-39-108
2367,1,5.328687,2024-40-108
2368,1,2.9816606,2024-41-108
2369,3,2.519338,2024-42-108
2370,4,5.0800323,2024-43-108
2371,2,4.491609,2024-44-108
2372,2,3.2835078,2024-45-108
2373,1,1.6570082,2024-46-108
2374,2,1.794168,2024-47-108
2375,2,3.5068312,2024-48-108
2376,1,3.9973054,2024-49-108
2377,1,2.650299,2024-50-108
2378,0,2.0350664,2024-51-108
2379,0,1.4212508,2024-52-108
2632,34,-1.6768419,2024-1-109
2633,18,-0.03762761,2024-2-109
2634,19,4.16984,2024-3-109
2635,15,1.0351893,2024-4-109
2636,5,1.7718649,2024-5-109
2637,9,18.179834,2024-6-109
2638,7,8.02619,2024-7-109
2639,8,6.8381486,2024-8-109
2640,8,1.2129575,2024-9-109
2641,5,4.7751284,2024-10-109
2642,6,11.0179405,2024-11-109
2643,5,13.476602,2024-12-109
2644,5,14.52429,2024-13-109
2645,3,15.7552185,2024-14-109
2646,3,8.461927,2024-15-109
2647,3,9.856523,2024-16-109
2648,10,12.509277,2024-17-109
2649,3,12.54794,2024-18-109
2650,7,12.665573,2024-19-109
2651,10,8.474854,2024-20-109
2652,13,10.287186,2024-21-109
2653,8,16.39192,2024-22-109
2654,22,6.6486306,2024-23-109
2655,33,6.4877315,2024-24-109
2656,55,8.185704,2024-25-109
2657,61,18.612606,2024-26-109
2658,68,14.82704,2024-27-109
2659,59,26.869532,2024-28-109
2660,96,47.310978,2024-29-109
2661,87,64.21738,2024-30-109
2662,76,82.1241,2024-31-109
2663,78,95.36615,2024-32-109
2664,51,107.70458,2024-33-109
2665,76,110.884026,2024-34-109
2666,83,94.956924,2024-35-109
2667,46,93.220085,2024-36-109
2668,68,69.06113,2024-37-109
2669,61,49.087288,2024-38-109
2670,28,79.4292,2024-39-109
2671,36,90.17926,2024-40-109
2672,25,75.82681,2024-41-109
2673,21,85.522705,2024-42-109
2674,14,80.79856,2024-43-109
2675,16,37.3471,2024-44-109
2676,13,29.722042,2024-45-109
2677,3,16.613731,2024-46-109
2678,7,24.527075,2024-47-109
2679,7,21.381859,2024-48-109
2680,5,14.834687,2024-49-109
2681,4,17.523561,2024-50-109
2682,5,11.1918745,2024-51-109
2683,2,6.122003,2024-52-109
2936,5,6.1035433,2024-1-110
2937,6,3.747196,2024-2-110
2938,6,5.1608586,2024-3-110
2939,9,5.371926,2024-4-110
2940,8,3.9216719,2024-5-110
2941,11,3.2049432,2024-6-110
2942,2,6.56231,2024-7-110
2943,6,2.686803,2024-8-110
2944,5,12.953367,2024-9-110
2945,3,10.500109,2024-10-110
2946,3,14.222638,2024-11-110
2947,1,9.135588,2024-12-110
2948,1,7.583932,2024-13-110
2949,4,11.465768,2024-14-110
2950,4,10.236122,2024-15-110
2951,2,6.317081,2024-16-110
2952,2,5.323096,2024-17-110
2953,3,2.8604925,2024-18-110
2954,1,4.344046,2024-19-110
2955,2,9.419853,2024-20-110
2956,3,10.728622,2024-21-110
2957,6,7.6344495,2024-22-110
2958,5,4.597696,2024-23-110
2959,3,2.1623008,2024-24-110
2960,7,1.8060329,2024-25-110
2961,6,2.4434748,2024-26-110
2962,12,6.0503383,2024-27-110
2963,22,5.9561515,2024-28-110
2964,27,6.39655,2024-29-110
2965,23,6.777235,2024-30-110
2966,31,7.038711,2024-31-110
2967,52,13.09325,2024-32-110
2968,57,19.89358,2024-33-110
2969,56,29.631487,2024-34-110
2970,67,23.851557,2024-35-110
2971,72,29.746504,2024-36-110
2972,77,68.93624,2024-37-110
2973,93,87.33181,2024-38-110
2974,96,86.70288,2024-39-110
2975,107,85.12113,2024-40-110
2976,71,97.931,2024-41-110
2977,84,126.747025,2024-42-110
2978,65,126.94848,2024-43-110
2979,64,108.49314,2024-44-110
2980,50,116.76934,2024-45-110
2981,36,77.98446,2024-46-110
2982,50,119.75828,2024-47-110
2983,44,88.25687,2024-48-110
2984,29,102.39267,2024-49-110
2985,26,74.15377,2024-50-110
2986,20,49.57983,2024-51-110
2987,18,71.914505,2024-52-110
3240,1,-0.5037432,2024-1-111
3241,0,-0.3080816,2024-2-111
3242,0,0.7253726,2024-3-111
3243,0,-0.047504086,2024-4-111
3244,0,1.7087328,2024-5-111
3245,2,-1.282213,2024-6-111
3246,0,0.5197091,2024-7-111
3247,0,-0.5682324,2024-8-111
3248,0,0.5549443,2024-9-111
3249,0,-0.76407063,2024-10-111
3250,1,-0.20909388,2024-11-111
3251,0,1.6280091,2024-12-111
3252,1,1.516045,2024-13-111
3253,0,3.9893332,2024-14-111
3254,0,0.9391187,2024-15-111
3255,0,1.3193316,2024-16-111
3256,1,1.3727329,2024-17-111
3257,0,1.3736224,2024-18-111
3258,0,1.7130089,2024-19-111
3259,0,1.1043055,2024-20-111
3260,0,1.746138,2024-21-111
3261,0,1.0495017,2024-22-111
3262,0,0.5667634,2024-23-111
3263,0,0.23319083,2024-24-111
3264,0,0.06160444,2024-25-111
3265,0,0.077460125,2024-26-111
3266,1,0.06853866,2024-27-111
3267,0,0.041607577,2024-28-111
3268,0,0.041607577,2024-29-111
3269,2,0.042490903,2024-30-111
3270,1,0.06765533,2024-31-111
3271,0,0.19317028,2024-32-111
3272,0,0.17910951,2024-33-111
3273,0,0.2287268,2024-34-111
3274,0,1.1424103,2024-35-111
3275,0,0.63290447,2024-36-111
3276,3,0.5585471,2024-37-111
3277,2,0.38239065,2024-38-111
3278,2,0.25550473,2024-39-111
3279,1,0.06774146,2024-40-111
3280,1,0.040726442,2024-41-111
3281,0,2.077784,2024-42-111
3282,0,2.2775242,2024-43-111
3283,1,2.7834277,2024-44-111
3284,1,2.0518363,2024-45-111
3285,0,1.4538743,2024-46-111
3286,0,0.37619916,2024-47-111
3287,2,0.2561801,2024-48-111
3288,0,0.20974809,2024-49-111
3289,0,0.38523316,2024-50-111
3290,0,0.22699979,2024-51-111
3291,2,0.24596548,2024-52-111
3544,0,0.5907315,2024-1-112
3545,0,1.4807642,2024-2-112
3546,1,0.50367945,2024-3-112
3547,1,2.069301,2024-4-112
3548,0,3.2468064,2024-5-112
3549,1,-0.42147788,2024-6-112
3550,0,1.2101858,2024-7-112
3551,1,0.8596474,2024-8-112
3552,0,9.433436,2024-9-112
3553,1,0.75990653,2024-10-112
3554,0,3.3717327,2024-11-112
3555,0,3.1096847,2024-12-112
3556,0,2.2338917,2024-13-112
3557,0,4.227388,2024-14-112
3558,0,3.3603005,2024-15-112
3559,1,2.2523308,2024-16-112
3560,1,2.138316,2024-17-112
3561,1,2.350478,2024-18-112
3562,0,2.1304297,2024-19-112
3563,0,1.7159551,2024-20-112
3564,0,2.2544773,2024-21-112
3565,0,1.8096056,2024-22-112
3566,0,1.2783604,2024-23-112
3567,0,0.5740877,2024-24-112
3568,1,0.48580283,2024-25-112
3569,0,0.42010292,2024-26-112
3570,0,0.42623994,2024-27-112
3571,0,0.29111668,2024-28-112
3572,0,-0.43989432,2024-29-112
3573,0,0.59630245,2024-30-112
3574,0,0.31874913,2024-31-112
3575,0,0.4919397,2024-32-112
3576,1,0.6140034,2024-33-112
3577,1,0.42455947,2024-34-112
3578,1,0.42535666,2024-35-112
3579,0,0.42455947,2024-36-112
3580,0,0.42623994,2024-37-112
3581,2,0.6214669,2024-38-112
3582,0,0.8485983,2024-39-112
3583,2,0.8630415,2024-40-112
3584,2,0.7632594,2024-41-112
3585,1,0.65357155,2024-42-112
3586,2,1.695361,2024-43-112
3587,1,0.59177613,2024-44-112
3588,2,1.2611128,2024-45-112
3589,0,1.8099235,2024-46-112
3590,0,1.260225,2024-47-112
3591,2,1.4223789,2024-48-112
3592,0,0.9916218,2024-49-112
3593,3,1.426662,2024-50-112
3594,2,0.6873722,2024-51-112
3595,0,0.5836534,2024-52-112
3848,13,3.927999,2024-1-113
3849,5,3.983169,2024-2-113
3850,9,6.1421604,2024-3-113
3851,2,10.521802,2024-4-113
3852,4,7.1748548,2024-5-113
3853,2,10.619762,2024-6-113
3854,0,6.9414396,2024-7-113
3855,2,6.0364995,2024-8-113
3856,1,9.089263,2024-9-113
3857,2,4.5328927,2024-10-113
3858,0,7.7803545,2024-11-113
3859,0,4.203955,2024-12-113
3860,1,3.6741362,2024-13-113
3861,3,4.537409,2024-14-113
3862,0,3.8373241,2024-15-113
3863,0,2.9863484,2024-16-113
3864,0,2.2643116,2024-17-113
3865,1,2.5588307,2024-18-113
3866,1,4.2328553,2024-19-113
3867,0,3.2096407,2024-20-113
3868,1,3.035723,2024-21-113
3869,1,2.2287564,2024-22-113
3870,1,0.89102846,2024-23-113
3871,2,0.87677187,2024-24-113
3872,1,0.6025109,2024-25-113
3873,5,0.8929619,2024-26-113
3874,3,1.0355645,2024-27-113
3875,4,0.8929974,2024-28-113
3876,8,1.5973771,2024-29-113
3877,5,1.1945114,2024-30-113
3878,3,3.625942,2024-31-113
3879,8,7.3523536,2024-32-113
3880,10,5.6277986,2024-33-113
3881,15,10.018859,2024-34-113
3882,14,6.8572803,2024-35-113
3883,17,7.7776136,2024-36-113
3884,23,8.971178,2024-37-113
3885,26,9.590249,2024-38-113
3886,21,15.981472,2024-39-113
3887,13,21.111635,2024-40-113
3888,18,30.604572,2024-41-113
3889,12,32.769627,2024-42-113
3890,18,39.54634,2024-43-113
3891,16,21.247444,2024-44-113
3892,10,21.062984,2024-45-113
3893,7,13.551016,2024-46-113
3894,9,15.644988,2024-47-113
3895,4,16.59952,2024-48-113
3896,8,16.408817,2024-49-113
3897,7,16.656944,2024-50-113
3898,2,11.538514,2024-51-113
3899,2,7.465805,2024-52-113
4152,1,1.1615249,2024-1-114
4153,0,2.279945,2024-2-114
4154,0,-0.24017994,2024-3-114
4155,0,2.5305636,2024-4-114
4156,0,2.56322,2024-5-114
4157,0,0.14375842,2024-6-114
4158,0,2.1471953,2024-7-114
4159,0,-0.584386,2024-8-114
4160,0,0.5549443,2024-9-114
4161,0,0.86465377,2024-10-114
4162,1,-0.8311402,2024-11-114
4163,0,1.1885531,2024-12-114
4164,0,1.3678193,2024-13-114
4165,2,1.1963265,2024-14-114
4166,0,1.3447139,2024-15-114
4167,1,1.7142764,2024-16-114
4168,0,1.5387946,2024-17-114
4169,0,1.9502299,2024-18-114
4170,1,2.4657745,2024-19-114
4171,0,1.6743958,2024-20-114
4172,3,1.6107153,2024-21-114
4173,0,1.330909,2024-22-114
4174,0,0.75592965,2024-23-114
4175,1,0.5292919,2024-24-114
4176,0,0.27547407,2024-25-114
4177,0,2.1940718,2024-26-114
4178,0,1.7776712,2024-27-114
4179,0,1.519197,2024-28-114
4180,0,0.8944978,2024-29-114
4181,0,0.15869203,2024-30-114
4182,1,0.08209847,2024-31-114
4183,0,0.25550473,2024-32-114
4184,2,0.06853866,2024-33-114
4185,3,0.10535758,2024-34-114
4186,0,0.06765533,2024-35-114
4187,1,0.19228697,2024-36-114
4188,0,0.22712159,2024-37-114
4189,2,1.0847671,2024-38-114
4190,0,2.5003679,2024-39-114
4191,2,1.873394,2024-40-114
4192,3,1.8398954,2024-41-114
4193,0,0.7297982,2024-42-114
4194,1,1.1523477,2024-43-114
4195,1,0.63821924,2024-44-114
4196,0,1.0157692,2024-45-114
4197,1,1.9366776,2024-46-114
4198,1,1.7904,2024-47-114
4199,0,1.6702311,2024-48-114
4200,2,0.6537941,2024-49-114
4201,0,0.15857023,2024-50-114
4202,0,0.49728635,2024-51-114
4203,0,0.5880327,2024-52-114
4456,2,1.0384998,2024-1-115
4457,1,0.7400404,2024-2-115
4458,0,3.0413034,2024-3-115
4459,0,1.9296203,2024-4-115
4460,1,2.9590535,2024-5-115
4461,0,1.7251803,2024-6-115
4462,0,1.5124233,2024-7-115
4463,1,-0.5142454,2024-8-115
4464,1,2.3210456,2024-9-115
4465,1,2.318303,2024-10-115
4466,0,0.78875995,2024-11-115
4467,1,1.2014899,2024-12-115
4468,3,2.863673,2024-13-115
4469,1,2.4820676,2024-14-115
4470,3,2.9347386,2024-15-115
4471,0,1.9750538,2024-16-115
4472,0,2.1028152,2024-17-115
4473,1,4.186439,2024-18-115
4474,0,3.5119305,2024-19-115
4475,4,3.571428,2024-20-115
4476,1,3.7703104,2024-21-115
4477,0,2.4419725,2024-22-115
4478,1,1.1225665,2024-23-115
4479,3,0.5181989,2024-24-115
4480,0,2.890886,2024-25-115
4481,0,2.3695047,2024-26-115
4482,0,2.049574,2024-27-115
4483,1,1.4951181,2024-28-115
4484,2,2.6606858,2024-29-115
4485,2,1.5627713,2024-30-115
4486,2,1.5371392,2024-31-115
4487,2,0.6074021,2024-32-115
4488,3,0.3359461,2024-33-115
4489,4,1.4008038,2024-34-115
4490,4,1.8016787,2024-35-115
4491,3,2.0762296,2024-36-115
4492,1,2.5614202,2024-37-115
4493,3,3.3040466,2024-38-115
4494,0,4.1735325,2024-39-115
4495,4,7.0953417,2024-40-115
4496,5,6.1819644,2024-41-115
4497,0,4.3006015,2024-42-115
4498,0,3.954137,2024-43-115
4499,0,1.7560092,2024-44-115
4500,0,2.698671,2024-45-115
4501,2,4.799012,2024-46-115
4502,0,3.7611413,2024-47-115
4503,3,2.5738053,2024-48-115
4504,1,0.85334736,2024-49-115
4505,1,0.028723275,2024-50-115
4506,0,0.9025396,2024-51-115
4507,0,0.45832166,2024-52-115
4760,0,0.43163893,2024-1-116
4761,0,0.274718,2024-2-116
4762,0,7.6081614,2024-3-116
4763,0,1.566508,2024-4-116
4764,0,1.5955974,2024-5-116
4765,0,1.1472133,2024-6-116
4766,0,5.0644345,2024-7-116
4767,0,0.75515705,2024-8-116
4768,0,1.817534,2024-9-116
4769,0,0.16932152,2024-10-116
4770,0,1.7950492,2024-11-116
4771,0,2.177849,2024-12-116
4772,0,3.794325,2024-13-116
4773,0,5.7852902,2024-14-116
4774,0,7.2492046,2024-15-116
4775,0,4.8042827,2024-16-116
4776,0,2.3542297,2024-17-116
4777,0,3.3090649,2024-18-116
4778,0,5.1600084,2024-19-116
4779,0,4.074519,2024-20-116
4780,0,2.9635568,2024-21-116
4781,1,3.2768338,2024-22-116
4782,0,1.6053809,2024-23-116
4783,0,0.022311587,2024-24-116
4784,0,0.072979495,2024-25-116
4785,0,-0.1367598,2024-26-116
4786,1,1.3974926,2024-27-116
4787,0,0.6195056,2024-28-116
4788,0,0.3748499,2024-29-116
4789,1,0.50935143,2024-30-116
4790,0,0.31636724,2024-31-116
4791,1,0.6586261,2024-32-116
4792,0,0.5062188,2024-33-116
4793,1,0.29892388,2024-34-116
4794,3,0.66953963,2024-35-116
4795,0,0.42614096,2024-36-116
4796,0,0.8204946,2024-37-116
4797,3,0.61390465,2024-38-116
4798,0,0.6738663,2024-39-116
4799,2,3.2174373,2024-40-116
4800,4,1.9388794,2024-41-116
4801,3,1.9014927,2024-42-116
4802,2,3.437256,2024-43-116
4803,1,1.7731057,2024-44-116
4804,0,2.249773,2024-45-116
4805,2,3.4671752,2024-46-116
4806,2,4.471798,2024-47-116
4807,1,3.6917427,2024-48-116
4808,0,2.82133,2024-49-116
4809,1,1.133064,2024-50-116
4810,0,0.893596,2024-51-116
4811,0,1.5462222,2024-52-116
5064,0,-0.45367655,2024-1-117
5065,0,-0.47871977,2024-2-117
5066,0,7.4124966,2024-3-117
5067,0,-1.0178354,2024-4-117
5068,0,0.3780203,2024-5-117
5069,0,-1.4647518,2024-6-117
5070,0,0.4807051,2024-7-117
5071,0,-0.3880039,2024-8-117
5072,0,0.51898926,2024-9-117
5073,0,0.47982177,2024-10-117
5074,0,0.4973016,2024-11-117
5075,0,1.1665109,2024-12-117
5076,0,1.3250221,2024-13-117
5077,0,2.4760869,2024-14-117
5078,0,2.6625056,2024-15-117
5079,0,1.4520639,2024-16-117
5080,0,1.3054805,2024-17-117
5081,0,1.3646144,2024-18-117
5082,0,1.6511216,2024-19-117
5083,0,1.1473598,2024-20-117
5084,0,1.4413049,2024-21-117
5085,0,0.9425034,2024-22-117
5086,0,0.6527299,2024-23-117
5087,0,0.19806655,2024-24-117
5088,0,0.08226437,2024-25-117
5089,0,0.13295673,2024-26-117
5090,0,0.06853866,2024-27-117
5091,0,0.042404775,2024-28-117
5092,0,0.042404775,2024-29-117
5093,0,0.042490903,2024-30-117
5094,0,0.06765533,2024-31-117
5095,0,0.06774146,2024-32-117
5096,0,0.06853866,2024-33-117
5097,0,0.066858135,2024-34-117
5098,0,0.06765533,2024-35-117
5099,0,0.066858135,2024-36-117
5100,0,0.06853866,2024-37-117
5101,0,0.06765533,2024-38-117
5102,0,0.06853866,2024-39-117
5103,0,0.06774146,2024-40-117
5104,0,0.041523647,2024-41-117
5105,0,0.041609768,2024-42-117
5106,0,0.042406965,2024-43-117
5107,0,0.05524935,2024-44-117
5108,0,0.1329148,2024-45-117
5109,0,0.1329148,2024-46-117
5110,0,0.093141325,2024-47-117
5111,0,0.05397384,2024-48-117
5112,0,0.027926078,2024-49-117
5113,0,0.028723275,2024-50-117
5114,0,0.05397384,2024-51-117
5115,0,0.04375918,2024-52-117
5368,3,3.7672179,2024-1-118
5369,1,1.2401552,2024-2-118
5370,3,4.5926375,2024-3-118
5371,2,4.7643204,2024-4-118
5372,2,6.0679326,2024-5-118
5373,1,3.0847135,2024-6-118
5374,1,2.7826054,2024-7-118
5375,2,1.4456244,2024-8-118
5376,0,3.8863657,2024-9-118
5377,1,4.244414,2024-10-118
5378,0,3.2299495,2024-11-118
5379,1,2.9280713,2024-12-118
5380,0,3.575489,2024-13-118
5381,1,4.3352623,2024-14-118
5382,0,4.5498114,2024-15-118
5383,0,2.0746787,2024-16-118
5384,0,1.9866946,2024-17-118
5385,0,2.2293663,2024-18-118
5386,2,1.8951015,2024-19-118
5387,0,1.3398709,2024-20-118
5388,0,1.6638125,2024-21-118
5389,1,1.3824931,2024-22-118
5390,3,0.7608197,2024-23-118
5391,0,1.1006074,2024-24-118
5392,5,0.41884774,2024-25-118
5393,1,0.6117339,2024-26-118
5394,0,0.70466673,2024-27-118
5395,1,2.482776,2024-28-118
5396,3,1.5865257,2024-29-118
5397,5,3.6955476,2024-30-118
5398,5,2.8478868,2024-31-118
5399,6,2.0650485,2024-32-118
5400,1,1.3097303,2024-33-118
5401,7,3.1081614,2024-34-118
5402,1,4.2942185,2024-35-118
5403,11,6.0903,2024-36-118
5404,9,8.273917,2024-37-118
5405,5,4.9631624,2024-38-118
5406,8,6.967128,2024-39-118
5407,8,4.4639454,2024-40-118
5408,12,10.749852,2024-41-118
5409,2,10.620232,2024-42-118
5410,2,7.6175933,2024-43-118
5411,3,7.8851123,2024-44-118
5412,4,9.868131,2024-45-118
5413,3,9.592425,2024-46-118
5414,2,6.201447,2024-47-118
5415,7,3.7453523,2024-48-118
5416,4,3.7197807,2024-49-118
5417,4,3.804518,2024-50-118
5418,6,4.5629992,2024-51-118
5419,1,4.2027717,2024-52-118
5672,4,10.056226,2024-1-119
5673,9,3.5316868,2024-2-119
5674,1,3.9796422,2024-3-119
5675,2,10.448087,2024-4-119
5676,2,7.4680367,2024-5-119
5677,1,4.5400577,2024-6-119
5678,2,14.467428,2024-7-119
5679,2,2.2866714,2024-8-119
5680,1,4.3542595,2024-9-119
5681,0,5.2783976,2024-10-119
5682,0,4.026704,2024-11-119
5683,0,4.671286,2024-12-119
5684,0,1.8297398,2024-13-119
5685,3,5.03061,2024-14-119
5686,2,5.0483932,2024-15-119
5687,1,2.4441912,2024-16-119
5688,1,2.2415328,2024-17-119
5689,0,2.2505107,2024-18-119
5690,3,4.828233,2024-19-119
5691,1,4.593185,2024-20-119
5692,0,3.5325744,2024-21-119
5693,3,2.6510265,2024-22-119
5694,2,1.2483357,2024-23-119
5695,4,3.5899587,2024-24-119
5696,2,2.2305942,2024-25-119
5697,3,1.89352,2024-26-119
5698,7,3.862333,2024-27-119
5699,2,2.7877548,2024-28-119
5700,6,4.6183414,2024-29-119
5701,7,4.731541,2024-30-119
5702,3,4.9979806,2024-31-119
5703,10,7.956532,2024-32-119
5704,4,6.4153633,2024-33-119
5705,5,7.146839,2024-34-119
5706,2,7.988405,2024-35-119
5707,3,7.2837634,2024-36-119
5708,3,9.968899,2024-37-119
5709,3,7.4266896,2024-38-119
5710,7,9.425585,2024-39-119
5711,3,7.083932,2024-40-119
5712,5,5.0128675,2024-41-119
5713,3,4.6158395,2024-42-119
5714,4,4.7366395,2024-43-119
5715,2,7.091528,2024-44-119
5716,5,5.4243903,2024-45-119
5717,1,5.066058,2024-46-119
5718,4,5.515884,2024-47-119
5719,3,4.8242865,2024-48-119
5720,10,5.0398526,2024-49-119
5721,4,4.0109854,2024-50-119
5722,0,3.8202066,2024-51-119
5723,2,3.4123423,2024-52-119
5976,0,-0.092197515,2024-1-120
5977,1,-0.049101297,2024-2-120
5978,0,6.091009,2024-3-120
5979,0,-1.0336149,2024-4-120
5980,0,0.36224103,2024-5-120
5981,0,-1.5706053,2024-6-120
5982,0,0.58223814,2024-7-120
5983,0,-0.54915166,2024-8-120
5984,0,0.4371731,2024-9-120
5985,0,0.9662837,2024-10-120
5986,0,0.6610593,2024-11-120
5987,0,0.97279507,2024-12-120
5988,0,1.1402278,2024-13-120
5989,0,2.291293,2024-14-120
5990,0,2.4883618,2024-15-120
5991,0,1.258348,2024-16-120
5992,0,1.2102776,2024-17-120
5993,0,1.2442381,2024-18-120
5994,0,1.5307454,2024-19-120
5995,0,1.506819,2024-20-120
5996,0,1.3265301,2024-21-120
5997,0,0.8366501,2024-22-120
5998,0,0.6331909,2024-23-120
5999,0,0.20519327,2024-24-120
6000,1,0.08844692,2024-25-120
6001,0,0.077460125,2024-26-120
6002,0,0.08844692,2024-27-120
6003,0,0.042404775,2024-28-120
6004,0,0.042404775,2024-29-120
6005,0,0.16791971,2024-30-120
6006,1,0.1782262,2024-31-120
6007,0,0.13423854,2024-32-120
6008,0,0.2563019,2024-33-120
6009,0,0.08756361,2024-34-120
6010,0,0.06765533,2024-35-120
6011,0,0.19228697,2024-36-120
6012,0,0.22632441,2024-37-120
6013,0,0.08209847,2024-38-120
6014,0,0.2563019,2024-39-120
6015,0,0.06774146,2024-40-120
6016,0,0.041523647,2024-41-120
6017,0,0.041609768,2024-42-120
6018,0,0.042406965,2024-43-120
6019,0,0.040726442,2024-44-120
6020,0,0.05397384,2024-45-120
6021,0,0.05397384,2024-46-120
6022,0,0.027926078,2024-47-120
6023,0,0.05397384,2024-48-120
6024,0,0.027926078,2024-49-120
6025,0,0.028723275,2024-50-120
6026,0,0.05397384,2024-51-120
6027,0,0.04375918,2024-52-120
6280,141,13.058501,2024-1-201
6281,139,21.833298,2024-2-201
6282,106,55.134415,2024-3-201
6283,96,4.3403487,2024-4-201
6284,95,12.246621,2024-5-201
6285,66,49.52277,2024-6-201
6286,74,51.09948,2024-7-201
6287,55,66.59305,2024-8-201
6288,33,52.30379,2024-9-201
6289,26,50.898888,2024-10-201
6290,25,57.453747,2024-11-201
6291,29,107.8309,2024-12-201
6292,13,52.563885,2024-13-201
6293,24,23.170097,2024-14-201
6294,34,22.46177,2024-15-201
6295,19,28.37168,2024-16-201
6296,21,25.265488,2024-17-201
6297,21,20.574163,2024-18-201
6298,14,27.911818,2024-19-201
6299,21,32.37224,2024-20-201
6300,17,23.569504,2024-21-201
6301,29,33.727863,2024-22-201
6302,46,19.877052,2024-23-201
6303,35,28.478971,2024-24-201
6304,50,32.050396,2024-25-201
6305,43,28.321678,2024-26-201
6306,40,39.56774,2024-27-201
6307,51,74.5087,2024-28-201
6308,94,69.93833,2024-29-201
6309,93,73.97787,2024-30-201
6310,111,72.01407,2024-31-201
6311,109,57.79974,2024-32-201
6312,90,84.09115,2024-33-201
6313,116,115.7843,2024-34-201
6314,105,120.520805,2024-35-201
6315,141,131.43742,2024-36-201
6316,162,114.64293,2024-37-201
6317,122,102.08827,2024-38-201
6318,93,110.6698,2024-39-201
6319,57,101.923195,2024-40-201
6320,72,172.3032,2024-41-201
6321,73,123.55324,2024-42-201
6322,53,142.02647,2024-43-201
6323,57,137.10785,2024-44-201
6324,46,82.76054,2024-45-201
6325,33,80.14744,2024-46-201
6326,39,79.680466,2024-47-201
6327,29,60.008057,2024-48-201
6328,32,78.38522,2024-49-201
6329,34,61.519978,2024-50-201
6330,22,42.116028,2024-51-201
6331,5,51.663574,2024-52-201
6584,4,5.8840938,2024-1-202
6585,2,4.594972,2024-2-202
6586,3,16.177786,2024-3-202
6587,2,14.742703,2024-4-202
6588,1,4.717101,2024-5-202
6589,1,5.5523796,2024-6-202
6590,0,11.037537,2024-7-202
6591,0,4.3287463,2024-8-202
6592,1,5.3553047,2024-9-202
6593,0,4.3137345,2024-10-202
6594,1,8.489817,2024-11-202
6595,1,4.146418,2024-12-202
6596,0,10.0414715,2024-13-202
6597,0,4.70347,2024-14-202
6598,0,3.2608242,2024-15-202
6599,1,2.0231438,2024-16-202
6600,0,2.0599332,2024-17-202
6601,0,1.8687792,2024-18-202
6602,0,2.3074493,2024-19-202
6603,0,4.04579,2024-20-202
6604,0,2.0354278,2024-21-202
6605,2,1.6478846,2024-22-202
6606,1,1.1925737,2024-23-202
6607,3,0.9139739,2024-24-202
6608,3,0.497744,2024-25-202
6609,5,0.20287077,2024-26-202
6610,3,1.3080753,2024-27-202
6611,4,0.9522975,2024-28-202
6612,3,3.7225792,2024-29-202
6613,3,4.800455,2024-30-202
6614,0,6.6014276,2024-31-202
6615,2,7.2598414,2024-32-202
6616,6,5.5419903,2024-33-202
6617,2,7.820976,2024-34-202
6618,0,8.09628,2024-35-202
6619,5,3.8017056,2024-36-202
6620,4,4.1574507,2024-37-202
6621,2,6.8989124,2024-38-202
6622,0,5.677762,2024-39-202
6623,1,2.3466473,2024-40-202
6624,2,5.1465354,2024-41-202
6625,4,7.88866,2024-42-202
6626,2,5.7390623,2024-43-202
6627,6,2.572855,2024-44-202
6628,3,1.8904066,2024-45-202
6629,4,1.378042,2024-46-202
6630,5,3.7893214,2024-47-202
6631,4,3.7584867,2024-48-202
6632,1,5.724269,2024-49-202
6633,2,5.285225,2024-50-202
6634,2,4.6888366,2024-51-202
6635,1,5.1661525,2024-52-202
6888,18,4.2776885,2024-1-203
6889,15,9.406776,2024-2-203
6890,13,19.279625,2024-3-203
6891,14,9.361112,2024-4-203
6892,17,11.645966,2024-5-203
6893,8,22.762545,2024-6-203
6894,8,9.99323,2024-7-203
6895,6,8.984816,2024-8-203
6896,3,15.197685,2024-9-203
6897,5,11.48163,2024-10-203
6898,5,12.591535,2024-11-203
6899,9,15.563405,2024-12-203
6900,3,8.646071,2024-13-203
6901,5,10.864074,2024-14-203
6902,7,8.574828,2024-15-203
6903,2,11.704293,2024-16-203
6904,4,16.241343,2024-17-203
6905,2,11.753733,2024-18-203
6906,1,8.86924,2024-19-203
6907,3,13.508999,2024-20-203
6908,4,10.807358,2024-21-203
6909,3,11.980544,2024-22-203
6910,15,6.638343,2024-23-203
6911,11,2.916074,2024-24-203
6912,16,4.2599034,2024-25-203
6913,7,4.378635,2024-26-203
6914,12,6.6904397,2024-27-203
6915,11,21.141956,2024-28-203
6916,23,19.19638,2024-29-203
6917,9,20.982647,2024-30-203
6918,12,17.0498,2024-31-203
6919,16,18.404404,2024-32-203
6920,21,15.431815,2024-33-203
6921,15,21.502886,2024-34-203
6922,24,20.448378,2024-35-203
6923,12,13.708504,2024-36-203
6924,10,21.76268,2024-37-203
6925,14,35.47004,2024-38-203
6926,5,32.59653,2024-39-203
6927,8,33.18229,2024-40-203
6928,13,24.630032,2024-41-203
6929,5,12.231348,2024-42-203
6930,3,19.199995,2024-43-203
6931,1,10.38777,2024-44-203
6932,2,10.284528,2024-45-203
6933,0,15.174219,2024-46-203
6934,4,13.664255,2024-47-203
6935,3,7.773091,2024-48-203
6936,3,4.497428,2024-49-203
6937,2,4.28687,2024-50-203
6938,0,1.0941697,2024-51-203
6939,2,2.2893863,2024-52-203
7192,3,2.8396552,2024-1-204
7193,4,1.0081762,2024-2-204
7194,4,3.6969748,2024-3-204
7195,1,8.06645,2024-4-204
7196,5,8.8588295,2024-5-204
7197,2,16.164751,2024-6-204
7198,0,10.752283,2024-7-204
7199,1,5.049383,2024-8-204
7200,0,7.9538946,2024-9-204
7201,0,6.4062257,2024-10-204
7202,0,13.930804,2024-11-204
7203,0,5.546001,2024-12-204
7204,0,11.300058,2024-13-204
7205,1,4.394673,2024-14-204
7206,1,4.8625183,2024-15-204
7207,0,2.209769,2024-16-204
7208,0,3.8066301,2024-17-204
7209,0,3.8951528,2024-18-204
7210,1,3.8834088,2024-19-204
7211,0,3.6538398,2024-20-204
7212,1,3.6144474,2024-21-204
7213,1,3.0851085,2024-22-204
7214,0,1.5060427,2024-23-204
7215,0,0.8038324,2024-24-204
7216,3,0.4313168,2024-25-204
7217,1,0.56479377,2024-26-204
7218,0,0.84208035,2024-27-204
7219,4,0.5406502,2024-28-204
7220,2,0.51857376,2024-29-204
7221,2,3.6921077,2024-30-204
7222,1,1.8386674,2024-31-204
7223,1,1.9847236,2024-32-204
7224,0,11.492964,2024-33-204
7225,1,4.203812,2024-34-204
7226,3,4.706043,2024-35-204
7227,1,2.1591542,2024-36-204
7228,6,6.197298,2024-37-204
7229,2,1.1870371,2024-38-204
7230,1,0.7459526,2024-39-204
7231,0,3.4744854,2024-40-204
7232,0,2.0590763,2024-41-204
7233,1,6.1344404,2024-42-204
7234,1,4.3837824,2024-43-204
7235,0,1.8193281,2024-44-204
7236,0,1.6497816,2024-45-204
7237,1,0.670954,2024-46-204
7238,0,0.8549719,2024-47-204
7239,0,0.6628995,2024-48-204
7240,0,0.3122058,2024-49-204
7241,0,-0.123635806,2024-50-204
7242,0,0.052818492,2024-51-204
7243,1,0.32010356,2024-52-204
7496,17,24.7957,2024-1-205
7497,19,14.076307,2024-2-205
7498,20,24.65308,2024-3-205
7499,23,7.7560306,2024-4-205
7500,18,3.6748254,2024-5-205
7501,12,25.592073,2024-6-205
7502,8,19.18233,2024-7-205
7503,10,20.643759,2024-8-205
7504,16,14.822317,2024-9-205
7505,12,16.016489,2024-10-205
7506,6,14.61544,2024-11-205
7507,9,11.860706,2024-12-205
7508,3,12.228908,2024-13-205
7509,15,25.291124,2024-14-205
7510,13,22.44463,2024-15-205
7511,16,11.4775915,2024-16-205
7512,15,15.953986,2024-17-205
7513,9,11.494056,2024-18-205
7514,15,24.330175,2024-19-205
7515,14,25.028406,2024-20-205
7516,22,37.493614,2024-21-205
7517,38,37.521576,2024-22-205
7518,43,20.19254,2024-23-205
7519,53,23.071337,2024-24-205
7520,47,26.63216,2024-25-205
7521,63,27.469303,2024-26-205
7522,66,49.143593,2024-27-205
7523,63,56.90855,2024-28-205
7524,72,65.18408,2024-29-205
7525,63,59.142582,2024-30-205
7526,61,71.785835,2024-31-205
7527,59,69.00732,2024-32-205
7528,37,82.088936,2024-33-205
7529,53,63.024807,2024-34-205
7530,29,59.88255,2024-35-205
7531,17,63.730907,2024-36-205
7532,28,62.998768,2024-37-205
7533,14,59.613842,2024-38-205
7534,8,45.385586,2024-39-205
7535,7,32.205765,2024-40-205
7536,11,21.618149,2024-41-205
7537,7,28.388151,2024-42-205
7538,8,27.790676,2024-43-205
7539,3,17.213438,2024-44-205
7540,3,8.788277,2024-45-205
7541,6,12.5915,2024-46-205
7542,3,9.111205,2024-47-205
7543,2,10.516993,2024-48-205
7544,3,5.684213,2024-49-205
7545,3,7.14416,2024-50-205
7546,3,6.570451,2024-51-205
7547,2,4.594706,2024-52-205
7800,5,5.4105225,2024-1-206
7801,3,5.499614,2024-2-206
7802,1,19.566591,2024-3-206
7803,2,17.32768,2024-4-206
7804,1,9.98392,2024-5-206
7805,0,7.8053837,2024-6-206
7806,2,10.090997,2024-7-206
7807,0,2.3207207,2024-8-206
7808,0,4.1364937,2024-9-206
7809,0,3.1424952,2024-10-206
7810,3,2.739812,2024-11-206
7811,1,6.570079,2024-12-206
7812,1,3.3625164,2024-13-206
7813,2,2.8427536,2024-14-206
7814,0,4.7202606,2024-15-206
7815,0,5.049927,2024-16-206
7816,0,4.0931053,2024-17-206
7817,0,3.1465843,2024-18-206
7818,0,3.2534797,2024-19-206
7819,0,2.6212354,2024-20-206
7820,1,2.601723,2024-21-206
7821,1,2.46424,2024-22-206
7822,1,1.1044581,2024-23-206
7823,0,0.64582974,2024-24-206
7824,0,0.497744,2024-25-206
7825,2,0.47886506,2024-26-206
7826,0,0.7015484,2024-27-206
7827,1,0.9132436,2024-28-206
7828,2,0.5226511,2024-29-206
7829,5,0.5300639,2024-30-206
7830,0,1.3674817,2024-31-206
7831,3,0.5014955,2024-32-206
7832,5,0.8198802,2024-33-206
7833,2,1.4855547,2024-34-206
7834,2,3.8226602,2024-35-206
7835,0,3.98669,2024-36-206
7836,2,7.349527,2024-37-206
7837,2,6.1493387,2024-38-206
7838,0,6.144467,2024-39-206
7839,0,3.3162153,2024-40-206
7840,1,2.23243,2024-41-206
7841,2,2.0803857,2024-42-206
7842,0,2.0304453,2024-43-206
7843,0,0.94922054,2024-44-206
7844,2,0.7256332,2024-45-206
7845,0,0.7966323,2024-46-206
7846,0,1.1023858,2024-47-206
7847,0,0.6051689,2024-48-206
7848,0,0.73304075,2024-49-206
7849,0,1.0557177,2024-50-206
7850,0,0.50395864,2024-51-206
7851,0,0.40043485,2024-52-206
8104,10,7.1780534,2024-1-207
8105,8,5.685789,2024-2-207
8106,8,16.621225,2024-3-207
8107,6,18.946688,2024-4-207
8108,4,10.52396,2024-5-207
8109,2,25.712252,2024-6-207
8110,4,12.747221,2024-7-207
8111,7,6.5123076,2024-8-207
8112,3,8.554808,2024-9-207
8113,2,9.831242,2024-10-207
8114,4,8.854272,2024-11-207
8115,0,9.514283,2024-12-207
8116,0,13.687023,2024-13-207
8117,2,11.88957,2024-14-207
8118,3,7.4110417,2024-15-207
8119,5,7.163783,2024-16-207
8120,5,7.3329725,2024-17-207
8121,4,4.8149347,2024-18-207
8122,8,4.4594035,2024-19-207
8123,15,4.678619,2024-20-207
8124,5,8.026918,2024-21-207
8125,12,12.170206,2024-22-207
8126,5,6.117822,2024-23-207
8127,10,9.160824,2024-24-207
8128,4,19.763165,2024-25-207
8129,13,12.621169,2024-26-207
8130,16,13.3753,2024-27-207
8131,19,7.7247725,2024-28-207
8132,13,9.991714,2024-29-207
8133,14,6.829143,2024-30-207
8134,12,17.63754,2024-31-207
8135,9,32.326515,2024-32-207
8136,12,35.33994,2024-33-207
8137,19,27.588434,2024-34-207
8138,17,28.978666,2024-35-207
8139,13,18.314716,2024-36-207
8140,10,14.0079975,2024-37-207
8141,12,13.633281,2024-38-207
8142,4,24.425446,2024-39-207
8143,7,29.294445,2024-40-207
8144,8,29.243492,2024-41-207
8145,4,20.12443,2024-42-207
8146,11,11.679613,2024-43-207
8147,5,8.374365,2024-44-207
8148,6,7.656297,2024-45-207
8149,2,9.195409,2024-46-207
8150,4,7.1750126,2024-47-207
8151,3,11.204456,2024-48-207
8152,1,5.9260383,2024-49-207
8153,0,8.1459875,2024-50-207
8154,1,5.324146,2024-51-207
8155,1,2.9788177,2024-52-207
8408,10,2.7222285,2024-1-208
8409,4,4.950196,2024-2-208
8410,4,17.960495,2024-3-208
8411,2,11.12701,2024-4-208
8412,3,11.379584,2024-5-208
8413,1,24.55997,2024-6-208
8414,3,5.5270815,2024-7-208
8415,0,1.2888546,2024-8-208
8416,5,8.146359,2024-9-208
8417,0,4.718502,2024-10-208
8418,3,3.126539,2024-11-208
8419,0,3.2067888,2024-12-208
8420,0,3.6675198,2024-13-208
8421,1,6.8817625,2024-14-208
8422,0,7.9406486,2024-15-208
8423,0,6.0936117,2024-16-208
8424,1,4.7472835,2024-17-208
8425,1,3.1477764,2024-18-208
8426,1,2.2084692,2024-19-208
8427,1,1.5331014,2024-20-208
8428,1,1.6638125,2024-21-208
8429,3,1.7801896,2024-22-208
8430,1,0.8261044,2024-23-208
8431,5,0.94868064,2024-24-208
8432,3,0.79996943,2024-25-208
8433,7,0.3548883,2024-26-208
8434,6,2.4075155,2024-27-208
8435,9,1.888856,2024-28-208
8436,8,3.6460385,2024-29-208
8437,11,5.2315087,2024-30-208
8438,11,8.695538,2024-31-208
8439,10,10.916701,2024-32-208
8440,12,12.361571,2024-33-208
8441,9,8.010114,2024-34-208
8442,7,11.700209,2024-35-208
8443,4,9.72175,2024-36-208
8444,9,9.693269,2024-37-208
8445,6,12.181904,2024-38-208
8446,6,10.7545595,2024-39-208
8447,5,8.876526,2024-40-208
8448,2,8.002481,2024-41-208
8449,0,9.986544,2024-42-208
8450,1,7.904325,2024-43-208
8451,0,8.49448,2024-44-208
8452,2,6.168713,2024-45-208
8453,0,5.459228,2024-46-208
8454,2,3.1940665,2024-47-208
8455,0,1.4247718,2024-48-208
8456,1,0.21957806,2024-49-208
8457,0,0.7969997,2024-50-208
8458,1,0.7056822,2024-51-208
8459,0,0.9151282,2024-52-208
8712,3,9.83117,2024-1-209
8713,10,5.9191756,2024-2-209
8714,8,25.598907,2024-3-209
8715,14,26.291025,2024-4-209
8716,6,13.787424,2024-5-209
8717,4,9.946267,2024-6-209
8718,8,14.218612,2024-7-209
8719,6,6.3088436,2024-8-209
8720,2,16.193115,2024-9-209
8721,5,9.921919,2024-10-209
8722,1,14.568184,2024-11-209
8723,0,17.234137,2024-12-209
8724,1,11.159524,2024-13-209
8725,0,11.00665,2024-14-209
8726,3,8.361321,2024-15-209
8727,1,8.148696,2024-16-209
8728,0,4.242742,2024-17-209
8729,0,3.7446926,2024-18-209
8730,0,1.9732329,2024-19-209
8731,1,5.171668,2024-20-209
8732,3,4.6496634,2024-21-209
8733,6,2.4710224,2024-22-209
8734,6,1.9300473,2024-23-209
8735,9,0.8545858,2024-24-209
8736,12,0.45393965,2024-25-209
8737,4,3.3747876,2024-26-209
8738,19,6.9002113,2024-27-209
8739,10,8.12695,2024-28-209
8740,18,9.545107,2024-29-209
8741,11,9.563143,2024-30-209
8742,18,6.7435756,2024-31-209
8743,19,24.010986,2024-32-209
8744,12,19.950489,2024-33-209
8745,18,17.651453,2024-34-209
8746,9,16.089739,2024-35-209
8747,6,17.75403,2024-36-209
8748,14,27.499548,2024-37-209
8749,8,19.886366,2024-38-209
8750,9,20.315973,2024-39-209
8751,5,15.388072,2024-40-209
8752,4,10.143728,2024-41-209
8753,4,16.358116,2024-42-209
8754,1,12.815355,2024-43-209
8755,4,9.9110775,2024-44-209
8756,1,6.285197,2024-45-209
8757,2,7.2121696,2024-46-209
8758,0,7.124815,2024-47-209
8759,0,4.434046,2024-48-209
8760,0,5.6006317,2024-49-209
8761,1,4.0360394,2024-50-209
8762,4,2.9204228,2024-51-209
8763,2,1.39508,2024-52-209
9016,51,23.192171,2024-1-210
9017,51,21.477434,2024-2-210
9018,52,20.117905,2024-3-210
9019,52,9.231879,2024-4-210
9020,45,6.9357176,2024-5-210
9021,40,37.255333,2024-6-210
9022,45,37.10923,2024-7-210
9023,32,36.103634,2024-8-210
9024,32,36.464943,2024-9-210
9025,33,44.92255,2024-10-210
9026,16,39.758564,2024-11-210
9027,20,54.44902,2024-12-210
9028,7,17.869705,2024-13-210
9029,18,17.712643,2024-14-210
9030,18,27.919321,2024-15-210
9031,26,15.608528,2024-16-210
9032,19,26.249672,2024-17-210
9033,20,9.792354,2024-18-210
9034,19,25.188618,2024-19-210
9035,14,28.000864,2024-20-210
9036,22,45.233276,2024-21-210
9037,26,40.17256,2024-22-210
9038,32,27.182854,2024-23-210
9039,28,26.872507,2024-24-210
9040,38,22.65658,2024-25-210
9041,34,23.094816,2024-26-210
9042,28,36.6633,2024-27-210
9043,36,39.172188,2024-28-210
9044,51,45.182133,2024-29-210
9045,35,55.329285,2024-30-210
9046,64,37.43926,2024-31-210
9047,48,41.07864,2024-32-210
9048,28,27.986883,2024-33-210
9049,48,46.697567,2024-34-210
9050,40,39.342613,2024-35-210
9051,31,68.285126,2024-36-210
9052,31,54.93401,2024-37-210
9053,46,31.438568,2024-38-210
9054,34,56.059246,2024-39-210
9055,28,43.86907,2024-40-210
9056,36,36.77736,2024-41-210
9057,21,26.934679,2024-42-210
9058,17,56.559,2024-43-210
9059,8,39.126972,2024-44-210
9060,18,25.471102,2024-45-210
9061,10,20.713253,2024-46-210
9062,17,20.900007,2024-47-210
9063,13,20.727995,2024-48-210
9064,15,11.545498,2024-49-210
9065,9,19.559807,2024-50-210
9066,5,18.771345,2024-51-210
9067,2,17.149904,2024-52-210
9320,0,-0.43977854,2024-1-211
9321,0,-0.048519228,2024-2-211
9322,0,2.2059855,2024-3-211
9323,0,4.2324843,2024-4-211
9324,0,-1.4270561,2024-5-211
9325,0,-0.94263095,2024-6-211
9326,0,0.6119579,2024-7-211
9327,0,-0.03498377,2024-8-211
9328,0,-0.33645728,2024-9-211
9329,0,0.9458063,2024-10-211
9330,0,0.74307716,2024-11-211
9331,0,2.8819885,2024-12-211
9332,0,1.1883386,2024-13-211
9333,0,1.651128,2024-14-211
9334,0,2.9325225,2024-15-211
9335,0,2.2925048,2024-16-211
9336,0,1.9667085,2024-17-211
9337,0,2.252783,2024-18-211
9338,0,2.0586252,2024-19-211
9339,0,1.8800086,2024-20-211
9340,0,1.5028005,2024-21-211
9341,0,1.7733184,2024-22-211
9342,0,1.1161191,2024-23-211
9343,0,0.64662695,2024-24-211
9344,0,0.3591696,2024-25-211
9345,0,0.36984193,2024-26-211
9346,0,0.13310097,2024-27-211
9347,0,0.09965632,2024-28-211
9348,0,0.07657681,2024-29-211
9349,0,0.07519681,2024-30-211
9350,0,-0.057643514,2024-31-211
9351,0,0.02046845,2024-32-211
9352,0,0.06078209,2024-33-211
9353,0,-0.01914412,2024-34-211
9354,0,0.08924412,2024-35-211
9355,0,0.12325724,2024-36-211
9356,1,1.3155565,2024-37-211
9357,0,0.038828176,2024-38-211
9358,0,0.06774146,2024-39-211
9359,0,0.15626441,2024-40-211
9360,0,0.19163182,2024-41-211
9361,0,0.40478614,2024-42-211
9362,0,0.1520945,2024-43-211
9363,0,0.09182578,2024-44-211
9364,0,0.24173716,2024-45-211
9365,0,0.14249675,2024-46-211
9366,0,0.14169955,2024-47-211
9367,0,0.14249675,2024-48-211
9368,0,-0.071325056,2024-49-211
9369,0,0.14249675,2024-50-211
9370,0,0.04621726,2024-51-211
9371,0,0.069009736,2024-52-211
9624,0,-0.51445866,2024-1-212
9625,1,1.4549484,2024-2-212
9626,4,12.682397,2024-3-212
9627,9,8.780053,2024-4-212
9628,6,4.919588,2024-5-212
9629,3,2.5891542,2024-6-212
9630,1,0.5743954,2024-7-212
9631,1,2.6131773,2024-8-212
9632,1,10.933738,2024-9-212
9633,2,8.453505,2024-10-212
9634,0,8.098569,2024-11-212
9635,0,4.1283545,2024-12-212
9636,0,3.2977092,2024-13-212
9637,0,4.1301885,2024-14-212
9638,0,3.6853478,2024-15-212
9639,0,1.8357503,2024-16-212
9640,0,1.8678242,2024-17-212
9641,1,2.032117,2024-18-212
9642,2,1.7722087,2024-19-212
9643,2,1.506819,2024-20-212
9644,0,1.346102,2024-21-212
9645,2,1.1566515,2024-22-212
9646,0,0.8477369,2024-23-212
9647,0,1.159903,2024-24-212
9648,3,1.5100827,2024-25-212
9649,1,0.82652575,2024-26-212
9650,0,1.2965884,2024-27-212
9651,0,0.77670854,2024-28-212
9652,0,0.4080019,2024-29-212
9653,0,2.5160882,2024-30-212
9654,1,1.4386951,2024-31-212
9655,1,1.7360115,2024-32-212
9656,2,4.6562505,2024-33-212
9657,2,0.13011988,2024-34-212
9658,4,0.06853866,2024-35-212
9659,1,0.24868596,2024-36-212
9660,3,0.58491886,2024-37-212
9661,3,1.1665107,2024-38-212
9662,1,1.744982,2024-39-212
9663,1,4.1130776,2024-40-212
9664,0,3.3544617,2024-41-212
9665,0,3.2376914,2024-42-212
9666,2,3.646195,2024-43-212
9667,1,3.4258716,2024-44-212
9668,0,2.1037726,2024-45-212
9669,0,0.9470544,2024-46-212
9670,0,0.39595973,2024-47-212
9671,0,0.97031975,2024-48-212
9672,0,0.49392402,2024-49-212
9673,0,0.584493,2024-50-212
9674,0,0.3749126,2024-51-212
9675,0,0.256773,2024-52-212
9928,9,13.581746,2024-1-213
9929,0,10.806507,2024-2-213
9930,0,16.800377,2024-3-213
9931,0,10.490738,2024-4-213
9932,3,13.917444,2024-5-213
9933,0,30.112131,2024-6-213
9934,0,14.034746,2024-7-213
9935,1,-1.9009361,2024-8-213
9936,0,3.9425097,2024-9-213
9937,0,3.8084953,2024-10-213
9938,1,5.5294623,2024-11-213
9939,0,5.816368,2024-12-213
9940,0,0.43595317,2024-13-213
9941,0,3.0220895,2024-14-213
9942,0,3.0523474,2024-15-213
9943,0,2.4879186,2024-16-213
9944,0,2.2605383,2024-17-213
9945,0,2.1349072,2024-18-213
9946,0,2.406234,2024-19-213
9947,0,2.631436,2024-20-213
9948,0,2.3429816,2024-21-213
9949,1,2.1178372,2024-22-213
9950,1,1.8092059,2024-23-213
9951,1,1.0034716,2024-24-213
9952,1,0.5452418,2024-25-213
9953,0,0.30609128,2024-26-213
9954,0,0.60828984,2024-27-213
9955,0,0.7578479,2024-28-213
9956,3,0.7634559,2024-29-213
9957,0,1.2577772,2024-30-213
9958,1,0.53888005,2024-31-213
9959,0,0.5458828,2024-32-213
9960,0,0.47578168,2024-33-213
9961,1,3.5240684,2024-34-213
9962,0,2.2684736,2024-35-213
9963,1,1.0732405,2024-36-213
9964,0,2.3629973,2024-37-213
9965,0,0.84955955,2024-38-213
9966,1,0.8138726,2024-39-213
9967,1,0.55730325,2024-40-213
9968,1,0.75595057,2024-41-213
9969,1,0.61346143,2024-42-213
9970,0,0.3697567,2024-43-213
9971,0,0.8005359,2024-44-213
9972,1,0.75193214,2024-45-213
9973,0,0.88278836,2024-46-213
9974,0,0.9694524,2024-47-213
9975,0,0.6576654,2024-48-213
9976,0,0.72760636,2024-49-213
9977,0,0.9504671,2024-50-213
9978,0,0.4633171,2024-51-213
9979,0,0.22397569,2024-52-213
10232,0,9.468002,2024-1-214
10233,3,9.818543,2024-2-214
10234,2,18.017578,2024-3-214
10235,0,21.48866,2024-4-214
10236,0,27.782919,2024-5-214
10237,0,17.161108,2024-6-214
10238,0,23.237764,2024-7-214
10239,1,1.9957193,2024-8-214
10240,3,3.3970025,2024-9-214
10241,0,3.8196738,2024-10-214
10242,1,6.0214076,2024-11-214
10243,0,5.1266603,2024-12-214
10244,0,1.9004304,2024-13-214
10245,0,6.2308726,2024-14-214
10246,2,4.9514346,2024-15-214
10247,1,3.6326976,2024-16-214
10248,1,3.6206589,2024-17-214
10249,1,2.8115878,2024-18-214
10250,0,3.570211,2024-19-214
10251,0,2.7972372,2024-20-214
10252,2,3.2460475,2024-21-214
10253,2,2.8487544,2024-22-214
10254,1,2.1103177,2024-23-214
10255,3,0.9430712,2024-24-214
10256,2,0.7890032,2024-25-214
10257,2,0.9116612,2024-26-214
10258,6,1.868119,2024-27-214
10259,5,1.5266984,2024-28-214
10260,7,5.0389404,2024-29-214
10261,16,4.05291,2024-30-214
10262,7,2.3370426,2024-31-214
10263,24,7.241964,2024-32-214
10264,15,12.137246,2024-33-214
10265,26,10.870967,2024-34-214
10266,7,22.075583,2024-35-214
10267,3,15.360042,2024-36-214
10268,3,30.964916,2024-37-214
10269,2,25.723732,2024-38-214
10270,1,43.167515,2024-39-214
10271,5,11.491486,2024-40-214
10272,12,10.500395,2024-41-214
10273,0,5.958561,2024-42-214
10274,3,5.1571174,2024-43-214
10275,7,2.1876934,2024-44-214
10276,5,5.263515,2024-45-214
10277,3,10.430002,2024-46-214
10278,6,5.710407,2024-47-214
10279,5,4.696853,2024-48-214
10280,6,7.82461,2024-49-214
10281,5,7.3761954,2024-50-214
10282,2,6.0815697,2024-51-214
10283,0,6.3396897,2024-52-214
10536,1,9.0977125,2024-1-215
10537,2,7.1261764,2024-2-215
10538,0,13.673626,2024-3-215
10539,0,24.565788,2024-4-215
10540,2,2.2240298,2024-5-215
10541,0,6.1548233,2024-6-215
10542,0,7.142929,2024-7-215
10543,0,0.09194588,2024-8-215
10544,3,3.3199162,2024-9-215
10545,0,3.6947694,2024-10-215
10546,1,8.58318,2024-11-215
10547,1,5.2880936,2024-12-215
10548,1,3.717824,2024-13-215
10549,0,4.952825,2024-14-215
10550,0,13.162547,2024-15-215
10551,0,3.5599303,2024-16-215
10552,0,2.7594028,2024-17-215
10553,0,2.4989314,2024-18-215
10554,0,2.9097033,2024-19-215
10555,0,2.7056837,2024-20-215
10556,0,3.7954547,2024-21-215
10557,1,2.7101483,2024-22-215
10558,0,1.885071,2024-23-215
10559,0,1.1638981,2024-24-215
10560,0,0.42875546,2024-25-215
10561,0,0.27414885,2024-26-215
10562,0,0.47457898,2024-27-215
10563,0,0.51866144,2024-28-215
10564,0,0.37480497,2024-29-215
10565,0,0.58342856,2024-30-215
10566,0,0.23497455,2024-31-215
10567,1,0.26997757,2024-32-215
10568,0,0.28677696,2024-33-215
10569,0,0.12848088,2024-34-215
10570,0,0.26383236,2024-35-215
10571,0,-0.67561203,2024-36-215
10572,1,1.985606,2024-37-215
10573,0,0.921068,2024-38-215
10574,1,0.526742,2024-39-215
10575,2,0.68424135,2024-40-215
10576,1,0.5014602,2024-41-215
10577,2,0.69281363,2024-42-215
10578,0,0.46112576,2024-43-215
10579,2,0.7642454,2024-44-215
10580,1,1.9088615,2024-45-215
10581,0,1.2061939,2024-46-215
10582,0,2.0046046,2024-47-215
10583,1,1.0511073,2024-48-215
10584,0,1.3923317,2024-49-215
10585,0,1.3064008,2024-50-215
10586,0,0.7947426,2024-51-215
10587,1,0.5242682,2024-52-215
10840,7,7.542317,2024-1-216
10841,6,8.968998,2024-2-216
10842,1,16.512373,2024-3-216
10843,2,7.7048674,2024-4-216
10844,2,13.762378,2024-5-216
10845,3,15.381294,2024-6-216
10846,1,16.081398,2024-7-216
10847,4,0.35651788,2024-8-216
10848,2,3.740443,2024-9-216
10849,4,8.936845,2024-10-216
10850,2,9.229648,2024-11-216
10851,1,3.5909767,2024-12-216
10852,0,5.204728,2024-13-216
10853,4,9.21798,2024-14-216
10854,2,10.231553,2024-15-216
10855,3,7.7219563,2024-16-216
10856,4,5.5217667,2024-17-216
10857,3,5.9470353,2024-18-216
10858,6,10.074038,2024-19-216
10859,11,13.84928,2024-20-216
10860,14,11.1651745,2024-21-216
10861,6,17.556301,2024-22-216
10862,14,8.720578,2024-23-216
10863,20,8.482165,2024-24-216
10864,19,13.303534,2024-25-216
10865,23,20.363617,2024-26-216
10866,15,10.941707,2024-27-216
10867,18,18.606312,2024-28-216
10868,8,28.373121,2024-29-216
10869,8,28.971207,2024-30-216
10870,12,31.044601,2024-31-216
10871,12,32.601616,2024-32-216
10872,10,30.577866,2024-33-216
10873,9,15.888871,2024-34-216
10874,5,11.701249,2024-35-216
10875,8,8.738131,2024-36-216
10876,8,16.327883,2024-37-216
10877,4,10.799736,2024-38-216
10878,2,9.149236,2024-39-216
10879,7,8.829279,2024-40-216
10880,1,9.9743185,2024-41-216
10881,4,10.81855,2024-42-216
10882,3,7.524254,2024-43-216
10883,4,6.632003,2024-44-216
10884,2,6.8501506,2024-45-216
10885,1,3.6593897,2024-46-216
10886,0,4.5233555,2024-47-216
10887,1,5.295477,2024-48-216
10888,3,4.658462,2024-49-216
10889,3,6.906074,2024-50-216
10890,0,2.7316856,2024-51-216
10891,0,1.5948355,2024-52-216
11144,3,-0.02111789,2024-1-301
11145,1,2.0070064,2024-2-301
11146,0,2.055588,2024-3-301
11147,0,2.345821,2024-4-301
11148,2,3.3310585,2024-5-301
11149,1,2.6411943,2024-6-301
11150,0,10.027114,2024-7-301
11151,1,0.17707968,2024-8-301
11152,0,0.4661079,2024-9-301
11153,0,3.1622946,2024-10-301
11154,1,0.9697437,2024-11-301
11155,0,-0.095860496,2024-12-301
11156,1,2.9290044,2024-13-301
11157,1,4.086096,2024-14-301
11158,0,1.2765713,2024-15-301
11159,0,1.8402019,2024-16-301
11160,0,1.5013231,2024-17-301
11161,0,1.6853662,2024-18-301
11162,1,1.7598741,2024-19-301
11163,0,0.9509666,2024-20-301
11164,0,1.8308644,2024-21-301
11165,0,0.9289165,2024-22-301
11166,1,0.6774781,2024-23-301
11167,2,0.67655593,2024-24-301
11168,0,0.15221915,2024-25-301
11169,0,0.13765678,2024-26-301
11170,0,0.2724154,2024-27-301
11171,0,0.30796403,2024-28-301
11172,0,1.2718375,2024-29-301
11173,1,0.7842683,2024-30-301
11174,1,1.0690229,2024-31-301
11175,1,0.607462,2024-32-301
11176,1,0.21944405,2024-33-301
11177,0,0.16081631,2024-34-301
11178,0,0.45886943,2024-35-301
11179,0,0.4194183,2024-36-301
11180,0,0.53304416,2024-37-301
11181,0,0.73411024,2024-38-301
11182,3,0.42960238,2024-39-301
11183,2,0.40011677,2024-40-301
11184,1,0.38027835,2024-41-301
11185,2,0.041609768,2024-42-301
11186,3,0.131802,2024-43-301
11187,3,2.4103405,2024-44-301
11188,7,2.3028023,2024-45-301
11189,3,2.1907196,2024-46-301
11190,1,1.7597446,2024-47-301
11191,0,2.1180542,2024-48-301
11192,0,3.5942116,2024-49-301
11193,7,6.5324106,2024-50-301
11194,2,5.1086664,2024-51-301
11195,1,3.7610507,2024-52-301
11448,3,2.3236346,2024-1-302
11449,3,3.4095602,2024-2-302
11450,1,9.490359,2024-3-302
11451,1,1.6974131,2024-4-302
11452,1,4.287091,2024-5-302
11453,1,2.3982701,2024-6-302
11454,1,3.6650126,2024-7-302
11455,1,0.8514891,2024-8-302
11456,1,1.3520095,2024-9-302
11457,0,-0.3188087,2024-10-302
11458,2,-0.25686678,2024-11-302
11459,2,0.37987822,2024-12-302
11460,5,0.6605414,2024-13-302
11461,0,0.92282444,2024-14-302
11462,0,4.016474,2024-15-302
11463,0,2.698986,2024-16-302
11464,2,3.2555385,2024-17-302
11465,0,5.2054996,2024-18-302
11466,1,4.895835,2024-19-302
11467,1,2.8440742,2024-20-302
11468,0,5.1205745,2024-21-302
11469,0,2.0481482,2024-22-302
11470,2,0.7637274,2024-23-302
11471,2,0.82469565,2024-24-302
11472,1,0.25012,2024-25-302
11473,0,0.25048608,2024-26-302
11474,0,0.402432,2024-27-302
11475,1,1.1563703,2024-28-302
11476,1,1.6026809,2024-29-302
11477,1,1.4853929,2024-30-302
11478,1,0.8869858,2024-31-302
11479,0,0.6354106,2024-32-302
11480,0,0.54659647,2024-33-302
11481,0,0.39306113,2024-34-302
11482,0,0.46900365,2024-35-302
11483,0,0.6533734,2024-36-302
11484,0,0.29436624,2024-37-302
11485,0,0.4049351,2024-38-302
11486,0,0.49808773,2024-39-302
11487,2,0.2531036,2024-40-302
11488,1,0.19251515,2024-41-302
11489,2,0.041609768,2024-42-302
11490,2,0.131802,2024-43-302
11491,2,0.18129356,2024-44-302
11492,0,0.80971086,2024-45-302
11493,1,0.7794251,2024-46-302
11494,3,1.0106629,2024-47-302
11495,0,1.3154662,2024-48-302
11496,0,1.6233771,2024-49-302
11497,0,1.1531079,2024-50-302
11498,1,0.9844852,2024-51-302
11499,0,1.8978416,2024-52-302
11752,2,2.4141748,2024-1-303
11753,4,2.4674332,2024-2-303
11754,1,6.107075,2024-3-303
11755,2,-0.1956965,2024-4-303
11756,1,2.3838654,2024-5-303
11757,0,-0.59186417,2024-6-303
11758,2,3.295301,2024-7-303
11759,2,0.49122334,2024-8-303
11760,2,3.3768303,2024-9-303
11761,0,3.023193,2024-10-303
11762,0,1.9164538,2024-11-303
11763,1,2.173355,2024-12-303
11764,0,3.9328256,2024-13-303
11765,0,4.152224,2024-14-303
11766,0,3.4503164,2024-15-303
11767,0,2.057905,2024-16-303
11768,0,1.8842052,2024-17-303
11769,1,1.6166672,2024-18-303
11770,2,1.6694745,2024-19-303
11771,2,1.4277182,2024-20-303
11772,0,1.4072742,2024-21-303
11773,1,0.81503975,2024-22-303
11774,2,0.73846155,2024-23-303
11775,1,1.1902615,2024-24-303
11776,5,1.2850723,2024-25-303
11777,2,1.1563168,2024-26-303
11778,0,0.97605896,2024-27-303
11779,0,1.5284021,2024-28-303
11780,0,0.575085,2024-29-303
11781,1,4.0855265,2024-30-303
11782,3,5.6867294,2024-31-303
11783,4,2.6073205,2024-32-303
11784,4,1.5102098,2024-33-303
11785,1,0.4565565,2024-34-303
11786,5,0.34398934,2024-35-303
11787,3,2.1430562,2024-36-303
11788,0,3.7693155,2024-37-303
11789,2,5.9547987,2024-38-303
11790,5,4.11944,2024-39-303
11791,11,4.80777,2024-40-303
11792,4,6.968495,2024-41-303
11793,1,3.0274708,2024-42-303
11794,4,2.7677221,2024-43-303
11795,3,3.6635823,2024-44-303
11796,4,8.577575,2024-45-303
11797,4,5.8915586,2024-46-303
11798,3,4.9502897,2024-47-303
11799,1,4.4026823,2024-48-303
11800,5,4.5868964,2024-49-303
11801,7,4.4289603,2024-50-303
11802,3,5.5323696,2024-51-303
11803,0,4.8486886,2024-52-303
12056,8,4.033452,2024-1-304
12057,9,2.7983592,2024-2-304
12058,3,15.975081,2024-3-304
12059,5,6.374356,2024-4-304
12060,2,9.510337,2024-5-304
12061,1,3.5663953,2024-6-304
12062,2,9.978424,2024-7-304
12063,4,2.5659318,2024-8-304
12064,5,11.226162,2024-9-304
12065,5,8.336229,2024-10-304
12066,2,4.043048,2024-11-304
12067,7,2.8759997,2024-12-304
12068,5,4.2319245,2024-13-304
12069,5,6.3900256,2024-14-304
12070,1,12.001411,2024-15-304
12071,8,7.8384824,2024-16-304
12072,8,9.539337,2024-17-304
12073,6,8.564493,2024-18-304
12074,13,14.567967,2024-19-304
12075,6,12.136808,2024-20-304
12076,9,18.140562,2024-21-304
12077,14,21.259928,2024-22-304
12078,12,8.921021,2024-23-304
12079,15,18.64883,2024-24-304
12080,21,14.104625,2024-25-304
12081,11,9.037074,2024-26-304
12082,18,17.557262,2024-27-304
12083,15,19.580225,2024-28-304
12084,32,23.903044,2024-29-304
12085,26,36.275467,2024-30-304
12086,19,24.985832,2024-31-304
12087,36,25.25366,2024-32-304
12088,30,31.864786,2024-33-304
12089,38,39.635345,2024-34-304
12090,40,39.54154,2024-35-304
12091,24,32.11509,2024-36-304
12092,18,37.855247,2024-37-304
12093,13,42.08257,2024-38-304
12094,20,50.614605,2024-39-304
12095,9,51.583633,2024-40-304
12096,10,38.097336,2024-41-304
12097,10,29.16683,2024-42-304
12098,12,28.383694,2024-43-304
12099,5,39.269745,2024-44-304
12100,3,19.477642,2024-45-304
12101,3,11.990071,2024-46-304
12102,3,9.148272,2024-47-304
12103,0,11.058191,2024-48-304
12104,0,6.8071904,2024-49-304
12105,0,6.433285,2024-50-304
12106,2,5.272845,2024-51-304
12107,1,4.3902116,2024-52-304
12360,27,20.262115,2024-1-305
12361,34,48.88611,2024-2-305
12362,27,43.746513,2024-3-305
12363,28,26.57008,2024-4-305
12364,23,7.768184,2024-5-305
12365,15,8.866909,2024-6-305
12366,10,4.8814387,2024-7-305
12367,25,27.773508,2024-8-305
12368,23,26.344948,2024-9-305
12369,22,3.574415,2024-10-305
12370,21,12.889352,2024-11-305
12371,19,11.798054,2024-12-305
12372,28,23.828148,2024-13-305
12373,26,18.93934,2024-14-305
12374,22,21.955042,2024-15-305
12375,25,23.66697,2024-16-305
12376,22,30.409767,2024-17-305
12377,28,23.815744,2024-18-305
12378,39,36.99319,2024-19-305
12379,22,38.519077,2024-20-305
12380,34,48.469902,2024-21-305
12381,33,40.12399,2024-22-305
12382,45,27.257103,2024-23-305
12383,46,43.03834,2024-24-305
12384,70,32.377586,2024-25-305
12385,57,34.983974,2024-26-305
12386,65,32.796257,2024-27-305
12387,80,50.45622,2024-28-305
12388,182,64.78527,2024-29-305
12389,171,69.38237,2024-30-305
12390,211,73.89839,2024-31-305
12391,231,58.247986,2024-32-305
12392,217,69.34437,2024-33-305
12393,180,106.93866,2024-34-305
12394,159,110.98331,2024-35-305
12395,130,96.66636,2024-36-305
12396,102,102.45468,2024-37-305
12397,84,103.009514,2024-38-305
12398,81,108.93931,2024-39-305
12399,83,104.31453,2024-40-305
12400,53,126.473465,2024-41-305
12401,40,94.43127,2024-42-305
12402,40,94.26562,2024-43-305
12403,33,78.19641,2024-44-305
12404,12,68.33015,2024-45-305
12405,27,51.841812,2024-46-305
12406,20,55.32823,2024-47-305
12407,9,60.18881,2024-48-305
12408,5,39.56714,2024-49-305
12409,9,19.11472,2024-50-305
12410,8,22.232254,2024-51-305
12411,1,12.102486,2024-52-305
12664,0,0.22327359,2024-1-306
12665,1,-0.049101297,2024-2-306
12666,0,0.77903295,2024-3-306
12667,0,0.37926862,2024-4-306
12668,0,0.19440244,2024-5-306
12669,0,-0.8382277,2024-6-306
12670,0,0.7417827,2024-7-306
12671,0,-0.015587198,2024-8-306
12672,0,-0.74289644,2024-9-306
12673,0,2.4958165,2024-10-306
12674,0,-1.0179615,2024-11-306
12675,0,1.0280637,2024-12-306
12676,0,1.1657087,2024-13-306
12677,0,2.42881,2024-14-306
12678,0,0.8658119,2024-15-306
12679,0,1.5149894,2024-16-306
12680,0,1.4464638,2024-17-306
12681,0,1.5349867,2024-18-306
12682,0,1.5084624,2024-19-306
12683,0,0.8563822,2024-20-306
12684,0,1.2502447,2024-21-306
12685,0,0.7775682,2024-22-306
12686,0,0.6220327,2024-23-306
12687,0,0.40700525,2024-24-306
12688,1,0.21864685,2024-25-306
12689,0,0.040970337,2024-26-306
12690,0,0.035485428,2024-27-306
12691,0,0.066858135,2024-28-306
12692,0,0.1553811,2024-29-306
12693,0,0.47217208,2024-30-306
12694,0,0.36287722,2024-31-306
12695,0,0.3736667,2024-32-306
12696,0,0.4064101,2024-33-306
12697,0,0.15626441,2024-34-306
12698,0,0.21776351,2024-35-306
12699,0,0.06774146,2024-36-306
12700,0,0.049442764,2024-37-306
12701,0,0.20193158,2024-38-306
12702,0,0.19116114,2024-39-306
12703,0,0.050197296,2024-40-306
12704,0,0.10185609,2024-41-306
12705,0,0.041609768,2024-42-306
12706,0,0.131802,2024-43-306
12707,0,0.18049636,2024-44-306
12708,0,0.05317664,2024-45-306
12709,1,0.09690442,2024-46-306
12710,0,0.05317664,2024-47-306
12711,0,0.05317664,2024-48-306
12712,0,0.14169955,2024-49-306
12713,0,0.14249675,2024-50-306
12714,0,0.38360262,2024-51-306
12715,0,0.21143919,2024-52-306
12968,0,-0.67003435,2024-1-307
12969,0,-0.6159457,2024-2-307
12970,1,0.6441638,2024-3-307
12971,1,-1.0019902,2024-4-307
12972,0,0.060330443,2024-5-307
12973,0,-2.2865386,2024-6-307
12974,0,0.34371063,2024-7-307
12975,0,-0.7410649,2024-8-307
12976,0,-0.59066224,2024-9-307
12977,0,7.8648076,2024-10-307
12978,0,0.45617554,2024-11-307
12979,0,1.2077819,2024-12-307
12980,0,0.80236614,2024-13-307
12981,0,2.3367012,2024-14-307
12982,0,0.46551803,2024-15-307
12983,0,1.2681527,2024-16-307
12984,0,1.1996272,2024-17-307
12985,0,1.2433549,2024-18-307
12986,0,1.6190991,2024-19-307
12987,0,1.2315748,2024-20-307
12988,1,1.3698027,2024-21-307
12989,0,1.0706741,2024-22-307
12990,0,0.6668278,2024-23-307
12991,0,0.20121408,2024-24-307
12992,0,0.21864685,2024-25-307
12993,1,0.31856602,2024-26-307
12994,0,0.22623828,2024-27-307
12995,0,0.13335523,2024-28-307
12996,1,0.3439415,2024-29-307
12997,2,0.35283685,2024-30-307
12998,0,0.3785323,2024-31-307
12999,1,0.41774043,2024-32-307
13000,0,0.23388714,2024-33-307
13001,0,0.5851338,2024-34-307
13002,0,1.2161231,2024-35-307
13003,0,0.54396814,2024-36-307
13004,0,0.89438766,2024-37-307
13005,0,0.61359197,2024-38-307
13006,0,0.27381164,2024-39-307
13007,0,0.45162326,2024-40-307
13008,1,0.19251515,2024-41-307
13009,0,0.041609768,2024-42-307
13010,0,0.131802,2024-43-307
13011,0,0.18049636,2024-44-307
13012,0,0.05317664,2024-45-307
13013,0,0.3828054,2024-46-307
13014,0,0.1637475,2024-47-307
13015,1,0.06841695,2024-48-307
13016,0,0.19809265,2024-49-307
13017,0,0.09770162,2024-50-307
13018,0,0.14249675,2024-51-307
13019,0,0.069009736,2024-52-307
13272,0,0.21945411,2024-1-308
13273,0,0.42481285,2024-2-308
13274,0,3.9771643,2024-3-308
13275,3,1.2205733,2024-4-308
13276,0,3.2399738,2024-5-308
13277,0,0.31883293,2024-6-308
13278,0,7.2901115,2024-7-308
13279,0,-0.541514,2024-8-308
13280,0,3.878677,2024-9-308
13281,0,0.9198824,2024-10-308
13282,0,1.0107979,2024-11-308
13283,0,1.2243757,2024-12-308
13284,0,1.1007481,2024-13-308
13285,1,2.335904,2024-14-308
13286,1,2.4228253,2024-15-308
13287,0,1.2592312,2024-16-308
13288,0,1.1996272,2024-17-308
13289,0,1.2433549,2024-18-308
13290,1,1.6727091,2024-19-308
13291,0,0.9167795,2024-20-308
13292,0,1.3162792,2024-21-308
13293,0,0.85955375,2024-22-308
13294,0,0.5916047,2024-23-308
13295,0,0.6033167,2024-24-308
13296,0,0.16674206,2024-25-308
13297,0,0.23853159,2024-26-308
13298,1,0.25462145,2024-27-308
13299,1,0.06765533,2024-28-308
13300,5,0.15617828,2024-29-308
13301,4,0.35283685,2024-30-308
13302,2,0.2531036,2024-31-308
13303,2,0.5482758,2024-32-308
13304,0,0.5711211,2024-33-308
13305,0,3.3479679,2024-34-308
13306,0,5.951571,2024-35-308
13307,1,6.1040077,2024-36-308
13308,0,3.4327972,2024-37-308
13309,0,1.6322966,2024-38-308
13310,0,0.87302524,2024-39-308
13311,2,0.51935714,2024-40-308
13312,0,0.433621,2024-41-308
13313,0,0.2147156,2024-42-308
13314,0,0.16076802,2024-43-308
13315,1,0.37981313,2024-44-308
13316,0,0.80891365,2024-45-308
13317,3,0.551429,2024-46-308
13318,4,0.45183647,2024-47-308
13319,0,0.35346875,2024-48-308
13320,2,0.2223332,2024-49-308
13321,2,0.25628453,2024-50-308
13322,2,2.082182,2024-51-308
13323,2,3.271817,2024-52-308
13576,7,4.5179,2024-1-401
13577,8,1.2932278,2024-2-401
13578,8,3.4463499,2024-3-401
13579,4,2.2957351,2024-4-401
13580,2,2.435706,2024-5-401
13581,7,1.5579103,2024-6-401
13582,1,10.414513,2024-7-401
13583,14,0.7524448,2024-8-401
13584,0,4.6375623,2024-9-401
13585,2,3.6621015,2024-10-401
13586,0,6.7713914,2024-11-401
13587,0,2.8491004,2024-12-401
13588,2,21.050554,2024-13-401
13589,0,5.5452657,2024-14-401
13590,1,5.7849245,2024-15-401
13591,0,3.7342248,2024-16-401
13592,0,1.3994222,2024-17-401
13593,0,3.0170882,2024-18-401
13594,0,1.9817898,2024-19-401
13595,0,1.285498,2024-20-401
13596,5,2.0529394,2024-21-401
13597,0,1.0361485,2024-22-401
13598,2,0.5398388,2024-23-401
13599,1,0.16757713,2024-24-401
13600,1,0.11146926,2024-25-401
13601,2,2.0333443,2024-26-401
13602,3,2.3514936,2024-27-401
13603,1,2.691624,2024-28-401
13604,4,1.8691113,2024-29-401
13605,3,1.0848302,2024-30-401
13606,0,1.3354394,2024-31-401
13607,5,2.6012094,2024-32-401
13608,4,2.1284816,2024-33-401
13609,4,3.7424688,2024-34-401
13610,0,6.042592,2024-35-401
13611,12,3.4056673,2024-36-401
13612,7,4.856134,2024-37-401
13613,8,7.324879,2024-38-401
13614,3,7.2204533,2024-39-401
13615,8,5.295714,2024-40-401
13616,4,9.736391,2024-41-401
13617,6,10.461963,2024-42-401
13618,5,10.377456,2024-43-401
13619,6,7.942749,2024-44-401
13620,2,8.568591,2024-45-401
13621,6,5.669121,2024-46-401
13622,2,6.138446,2024-47-401
13623,3,6.213938,2024-48-401
13624,6,6.7423506,2024-49-401
13625,4,5.277639,2024-50-401
13626,3,5.5449586,2024-51-401
13627,0,4.868982,2024-52-401
13880,2,2.5951288,2024-1-402
13881,1,1.1953797,2024-2-402
13882,1,1.7177165,2024-3-402
13883,1,1.620542,2024-4-402
13884,1,9.900227,2024-5-402
13885,2,8.344778,2024-6-402
13886,3,8.12099,2024-7-402
13887,1,-0.38379008,2024-8-402
13888,1,0.64668393,2024-9-402
13889,1,2.3747702,2024-10-402
13890,0,2.7427988,2024-11-402
13891,0,4.6089406,2024-12-402
13892,0,3.8588715,2024-13-402
13893,0,5.306281,2024-14-402
13894,0,1.2774187,2024-15-402
13895,0,1.7143896,2024-16-402
13896,0,1.6856171,2024-17-402
13897,0,1.916294,2024-18-402
13898,0,1.5307454,2024-19-402
13899,0,1.3363348,2024-20-402
13900,0,1.390713,2024-21-402
13901,0,1.0321661,2024-22-402
13902,2,0.58983856,2024-23-402
13903,0,0.17822741,2024-24-402
13904,0,0.11146926,2024-25-402
13905,0,0.13220328,2024-26-402
13906,1,0.11226646,2024-27-402
13907,0,1.2641599,2024-28-402
13908,0,0.6771856,2024-29-402
13909,3,0.39996377,2024-30-402
13910,1,0.45735365,2024-31-402
13911,1,0.34319216,2024-32-402
13912,4,0.31564435,2024-33-402
13913,0,0.14322816,2024-34-402
13914,1,2.3961043,2024-35-402
13915,1,1.6078078,2024-36-402
13916,0,2.0461204,2024-37-402
13917,3,3.8653226,2024-38-402
13918,0,3.632472,2024-39-402
13919,0,1.8127465,2024-40-402
13920,1,1.4040754,2024-41-402
13921,0,0.4613227,2024-42-402
13922,1,2.4316926,2024-43-402
13923,1,1.6324611,2024-44-402
13924,0,1.4358842,2024-45-402
13925,0,0.8132378,2024-46-402
13926,0,0.1637475,2024-47-402
13927,0,0.19384573,2024-48-402
13928,0,0.8290281,2024-49-402
13929,0,0.23024444,2024-50-402
13930,0,0.27014017,2024-51-402
13931,0,0.3452959,2024-52-402
14184,2,2.125538,2024-1-403
14185,2,0.18824688,2024-2-403
14186,2,1.9096137,2024-3-403
14187,4,2.4318976,2024-4-403
14188,1,0.98975253,2024-5-403
14189,1,1.215285,2024-6-403
14190,0,2.1123848,2024-7-403
14191,0,0.78333545,2024-8-403
14192,0,5.0950584,2024-9-403
14193,1,6.052242,2024-10-403
14194,1,3.4759824,2024-11-403
14195,0,2.3970091,2024-12-403
14196,1,2.7447424,2024-13-403
14197,0,4.0867896,2024-14-403
14198,0,2.9863896,2024-15-403
14199,0,2.4734898,2024-16-403
14200,0,1.9621458,2024-17-403
14201,0,2.4043198,2024-18-403
14202,0,2.20064,2024-19-403
14203,0,1.5457791,2024-20-403
14204,0,2.2158878,2024-21-403
14205,1,1.8473474,2024-22-403
14206,0,0.77604246,2024-23-403
14207,0,0.40728465,2024-24-403
14208,0,0.5139657,2024-25-403
14209,0,0.48568907,2024-26-403
14210,3,0.8257531,2024-27-403
14211,1,0.822571,2024-28-403
14212,3,0.36375955,2024-29-403
14213,0,0.39602762,2024-30-403
14214,2,0.25299647,2024-31-403
14215,2,2.5782716,2024-32-403
14216,2,2.0362232,2024-33-403
14217,1,4.031037,2024-34-403
14218,6,2.014614,2024-35-403
14219,4,2.4977615,2024-36-403
14220,0,2.562766,2024-37-403
14221,0,2.2690928,2024-38-403
14222,1,1.4702694,2024-39-403
14223,0,5.3911176,2024-40-403
14224,0,6.9002094,2024-41-403
14225,0,6.250694,2024-42-403
14226,2,2.9419506,2024-43-403
14227,0,1.257708,2024-44-403
14228,0,0.27240685,2024-45-403
14229,0,0.15817314,2024-46-403
14230,1,0.29008964,2024-47-403
14231,1,1.018969,2024-48-403
14232,0,0.48361143,2024-49-403
14233,2,0.47254187,2024-50-403
14234,1,0.37497145,2024-51-403
14235,0,0.2829613,2024-52-403
14488,2,1.5033387,2024-1-404
14489,5,0.92085814,2024-2-404
14490,4,-0.28760043,2024-3-404
14491,5,0.7271191,2024-4-404
14492,2,0.05953325,2024-5-404
14493,3,-0.15711898,2024-6-404
14494,4,10.546362,2024-7-404
14495,3,3.561049,2024-8-404
14496,2,4.711746,2024-9-404
14497,0,8.916087,2024-10-404
14498,1,5.581159,2024-11-404
14499,2,6.7073746,2024-12-404
14500,0,16.594856,2024-13-404
14501,0,14.829712,2024-14-404
14502,1,5.1935616,2024-15-404
14503,0,2.2508845,2024-16-404
14504,0,2.5002518,2024-17-404
14505,1,2.2900054,2024-18-404
14506,0,1.8504957,2024-19-404
14507,1,1.7562687,2024-20-404
14508,0,1.3690805,2024-21-404
14509,0,1.04507,2024-22-404
14510,1,0.620394,2024-23-404
14511,1,0.3368103,2024-24-404
14512,0,0.41907227,2024-25-404
14513,0,0.28464913,2024-26-404
14514,1,0.1267096,2024-27-404
14515,2,0.69036067,2024-28-404
14516,2,0.6191332,2024-29-404
14517,1,0.2415646,2024-30-404
14518,1,0.31447273,2024-31-404
14519,1,0.53095585,2024-32-404
14520,1,1.2735178,2024-33-404
14521,3,1.4708366,2024-34-404
14522,3,1.2694496,2024-35-404
14523,1,0.9125014,2024-36-404
14524,1,1.028853,2024-37-404
14525,1,0.7263963,2024-38-404
14526,3,2.4575624,2024-39-404
14527,1,3.2109601,2024-40-404
14528,2,3.086528,2024-41-404
14529,4,2.4180489,2024-42-404
14530,1,1.0783873,2024-43-404
14531,1,2.3832335,2024-44-404
14532,0,1.8721013,2024-45-404
14533,2,2.004493,2024-46-404
14534,2,2.67853,2024-47-404
14535,4,2.7026234,2024-48-404
14536,0,2.2822287,2024-49-404
14537,2,1.030217,2024-50-404
14538,1,1.0258771,2024-51-404
14539,0,1.4259728,2024-52-404
14792,0,0.67403173,2024-1-405
14793,3,1.2866559,2024-2-405
14794,8,0.28991544,2024-3-405
14795,0,3.4757824,2024-4-405
14796,3,2.6783595,2024-5-405
14797,1,0.02248538,2024-6-405
14798,0,2.7624257,2024-7-405
14799,1,2.7865112,2024-8-405
14800,1,7.3557186,2024-9-405
14801,0,4.1932044,2024-10-405
14802,0,2.3559208,2024-11-405
14803,0,2.0867693,2024-12-405
14804,0,3.0876107,2024-13-405
14805,0,4.295706,2024-14-405
14806,0,1.5657657,2024-15-405
14807,0,1.8630836,2024-16-405
14808,0,1.9976774,2024-17-405
14809,0,1.88244,2024-18-405
14810,0,1.8212138,2024-19-405
14811,0,1.5442905,2024-20-405
14812,0,1.4729797,2024-21-405
14813,0,1.1250832,2024-22-405
14814,1,0.7006109,2024-23-405
14815,0,0.37116644,2024-24-405
14816,0,0.18525639,2024-25-405
14817,0,0.15527238,2024-26-405
14818,0,0.160619,2024-27-405
14819,0,0.6686658,2024-28-405
14820,0,0.37802678,2024-29-405
14821,0,0.08298178,2024-30-405
14822,0,0.3448248,2024-31-405
14823,0,0.21776351,2024-32-405
14824,0,0.11226646,2024-33-405
14825,0,0.16648729,2024-34-405
14826,0,0.08924412,2024-35-405
14827,0,0.11146926,2024-36-405
14828,0,0.21730794,2024-37-405
14829,0,0.30796683,2024-38-405
14830,0,0.12798786,2024-39-405
14831,0,0.06774146,2024-40-405
14832,1,0.12924936,2024-41-405
14833,0,0.30948222,2024-42-405
14834,0,0.19331235,2024-43-405
14835,0,0.041609768,2024-44-405
14836,0,0.05317664,2024-45-405
14837,0,0.2950797,2024-46-405
14838,0,0.1637475,2024-47-405
14839,0,0.06841695,2024-48-405
14840,0,0.24093997,2024-49-405
14841,0,0.05397384,2024-50-405
14842,0,0.05397384,2024-51-405
14843,0,0.15753269,2024-52-405
15096,1,-0.33874556,2024-1-406
15097,0,-0.6151485,2024-2-406
15098,0,-1.4680136,2024-3-406
15099,0,-0.7326979,2024-4-406
15100,0,0.94495904,2024-5-406
15101,0,-1.3442147,2024-6-406
15102,1,0.67845666,2024-7-406
15103,0,-0.584386,2024-8-406
15104,0,0.58019483,2024-9-406
15105,0,0.95317674,2024-10-406
15106,0,-1.0527251,2024-11-406
15107,0,1.4356686,2024-12-406
15108,0,1.5264021,2024-13-406
15109,0,1.4024673,2024-14-406
15110,0,2.7409894,2024-15-406
15111,0,1.7340591,2024-16-406
15112,0,1.6388593,2024-17-406
15113,0,1.88244,2024-18-406
15114,0,1.5682169,2024-19-406
15115,0,1.2349393,2024-20-406
15116,0,1.4729797,2024-21-406
15117,0,1.1144328,2024-22-406
15118,0,0.6890231,2024-23-406
15119,1,0.2952058,2024-24-406
15120,0,0.20541409,2024-25-406
15121,0,0.14027861,2024-26-406
15122,2,0.19476381,2024-27-406
15123,0,0.33473063,2024-28-406
15124,0,0.552582,2024-29-406
15125,0,0.22712159,2024-30-406
15126,1,0.17150468,2024-31-406
15127,0,1.2925185,2024-32-406
15128,2,0.61480314,2024-33-406
15129,0,0.78388685,2024-34-406
15130,0,0.36883077,2024-35-406
15131,1,0.28169304,2024-36-406
15132,0,0.37589064,2024-37-406
15133,0,1.3250786,2024-38-406
15134,0,0.7254806,2024-39-406
15135,0,0.4664013,2024-40-406
15136,0,0.6706477,2024-41-406
15137,0,0.4502711,2024-42-406
15138,0,0.20775539,2024-43-406
15139,0,0.22937314,2024-44-406
15140,0,0.05397384,2024-45-406
15141,0,0.05397384,2024-46-406
15142,0,0.05317664,2024-47-406
15143,0,0.05397384,2024-48-406
15144,0,0.05317664,2024-49-406
15145,1,0.05397384,2024-50-406
15146,0,0.05397384,2024-51-406
15147,0,0.15753269,2024-52-406
15400,6,6.60338,2024-1-407
15401,3,2.8060315,2024-2-407
15402,2,5.6805673,2024-3-407
15403,4,7.470825,2024-4-407
15404,4,4.1518307,2024-5-407
15405,2,5.1744432,2024-6-407
15406,1,8.535233,2024-7-407
15407,1,2.6536505,2024-8-407
15408,1,6.82872,2024-9-407
15409,1,9.913462,2024-10-407
15410,1,8.572492,2024-11-407
15411,0,5.0032597,2024-12-407
15412,0,3.6415749,2024-13-407
15413,2,4.432289,2024-14-407
15414,1,4.6398287,2024-15-407
15415,0,2.6271522,2024-16-407
15416,1,2.3697538,2024-17-407
15417,0,2.4100718,2024-18-407
15418,0,3.202449,2024-19-407
15419,0,2.6547627,2024-20-407
15420,0,2.2140152,2024-21-407
15421,0,2.654166,2024-22-407
15422,0,0.9706738,2024-23-407
15423,1,0.47378168,2024-24-407
15424,2,0.42922443,2024-25-407
15425,4,0.29880962,2024-26-407
15426,4,0.5139657,2024-27-407
15427,5,0.58538353,2024-28-407
15428,1,0.88893276,2024-29-407
15429,3,1.6923121,2024-30-407
15430,3,4.6999087,2024-31-407
15431,4,7.249134,2024-32-407
15432,1,9.426175,2024-33-407
15433,10,6.3860536,2024-34-407
15434,3,5.635154,2024-35-407
15435,3,5.702311,2024-36-407
15436,3,6.1825094,2024-37-407
15437,5,5.622827,2024-38-407
15438,0,10.078342,2024-39-407
15439,3,7.702742,2024-40-407
15440,3,6.179441,2024-41-407
15441,2,5.616291,2024-42-407
15442,3,5.4695096,2024-43-407
15443,3,4.882947,2024-44-407
15444,3,3.4841156,2024-45-407
15445,4,4.200921,2024-46-407
15446,0,3.8914795,2024-47-407
15447,1,3.8166401,2024-48-407
15448,0,3.8041704,2024-49-407
15449,2,3.7980049,2024-50-407
15450,2,3.960271,2024-51-407
15451,1,3.6956692,2024-52-407
15704,2,4.280227,2024-1-408
15705,4,4.8316565,2024-2-408
15706,9,6.9926586,2024-3-408
15707,1,3.9524179,2024-4-408
15708,9,2.8044827,2024-5-408
15709,4,3.8698428,2024-6-408
15710,0,3.8769603,2024-7-408
15711,3,7.572925,2024-8-408
15712,3,6.2677493,2024-9-408
15713,2,10.266439,2024-10-408
15714,1,8.176525,2024-11-408
15715,1,8.0585785,2024-12-408
15716,1,6.520317,2024-13-408
15717,1,5.9812407,2024-14-408
15718,3,7.155526,2024-15-408
15719,4,4.1414323,2024-16-408
15720,1,2.8657064,2024-17-408
15721,0,2.495009,2024-18-408
15722,0,2.2430007,2024-19-408
15723,0,4.7537723,2024-20-408
15724,0,8.725471,2024-21-408
15725,0,7.6752467,2024-22-408
15726,0,2.6726336,2024-23-408
15727,0,1.2145847,2024-24-408
15728,1,0.42922443,2024-25-408
15729,1,0.37661663,2024-26-408
15730,0,0.5147629,2024-27-408
15731,2,0.66398776,2024-28-408
15732,4,-0.26285517,2024-29-408
15733,7,0.520849,2024-30-408
15734,3,0.7199427,2024-31-408
15735,6,0.5353546,2024-32-408
15736,7,1.8244587,2024-33-408
15737,11,4.3873653,2024-34-408
15738,9,8.95501,2024-35-408
15739,5,9.041156,2024-36-408
15740,4,9.289035,2024-37-408
15741,11,10.171801,2024-38-408
15742,2,13.466903,2024-39-408
15743,2,10.8898735,2024-40-408
15744,0,8.655581,2024-41-408
15745,1,9.20664,2024-42-408
15746,1,13.1093445,2024-43-408
15747,0,7.2061615,2024-44-408
15748,0,3.3008418,2024-45-408
15749,1,1.715529,2024-46-408
15750,0,1.2044388,2024-47-408
15751,0,0.9171473,2024-48-408
15752,0,0.46613905,2024-49-408
15753,1,0.29903334,2024-50-408
15754,0,0.5963778,2024-51-408
15755,1,0.2681034,2024-52-408
16008,3,2.155641,2024-1-409
16009,1,0.35326734,2024-2-409
16010,1,1.2486829,2024-3-409
16011,0,2.3333921,2024-4-409
16012,1,0.98975253,2024-5-409
16013,1,2.1389067,2024-6-409
16014,0,1.4368278,2024-7-409
16015,1,0.16406351,2024-8-409
16016,0,2.378374,2024-9-409
16017,0,2.4197297,2024-10-409
16018,0,1.7585915,2024-11-409
16019,0,1.0495336,2024-12-409
16020,1,2.8765774,2024-13-409
16021,0,4.0203614,2024-14-409
16022,0,2.9383104,2024-15-409
16023,0,2.5022259,2024-16-409
16024,0,2.015669,2024-17-409
16025,0,2.2752948,2024-18-409
16026,0,2.0845191,2024-19-409
16027,0,1.5457791,2024-20-409
16028,0,2.2158878,2024-21-409
16029,1,1.8473474,2024-22-409
16030,0,0.77604246,2024-23-409
16031,0,0.40728465,2024-24-409
16032,0,0.5139657,2024-25-409
16033,0,0.48568907,2024-26-409
16034,1,0.8257531,2024-27-409
16035,0,0.822571,2024-28-409
16036,0,0.36375955,2024-29-409
16037,0,0.39602762,2024-30-409
16038,1,0.25299647,2024-31-409
16039,1,0.6008483,2024-32-409
16040,1,0.36136988,2024-33-409
16041,2,0.51388484,2024-34-409
16042,3,0.39602762,2024-35-409
16043,2,0.49289733,2024-36-409
16044,1,0.91806287,2024-37-409
16045,0,0.93654794,2024-38-409
16046,3,1.6251541,2024-39-409
16047,2,2.7319543,2024-40-409
16048,1,3.107238,2024-41-409
16049,0,3.0026095,2024-42-409
16050,1,1.3427979,2024-43-409
16051,2,2.5635884,2024-44-409
16052,0,2.7811997,2024-45-409
16053,0,2.185513,2024-46-409
16054,2,1.130512,2024-47-409
16055,1,0.79240054,2024-48-409
16056,0,1.2207822,2024-49-409
16057,1,0.55010873,2024-50-409
16058,0,0.593868,2024-51-409
16059,0,0.96396476,2024-52-409
16312,19,8.083496,2024-1-410
16313,15,5.0618606,2024-2-410
16314,14,3.1385694,2024-3-410
16315,15,0.52815616,2024-4-410
16316,14,5.6485667,2024-5-410
16317,13,2.4644966,2024-6-410
16318,7,29.131807,2024-7-410
16319,6,11.496606,2024-8-410
16320,4,17.025759,2024-9-410
16321,12,17.888384,2024-10-410
16322,13,20.319185,2024-11-410
16323,10,11.559247,2024-12-410
16324,5,8.556702,2024-13-410
16325,4,9.5028305,2024-14-410
16326,8,22.770061,2024-15-410
16327,5,24.657621,2024-16-410
16328,2,24.206814,2024-17-410
16329,6,16.95147,2024-18-410
16330,3,11.811404,2024-19-410
16331,3,18.972227,2024-20-410
16332,7,17.220211,2024-21-410
16333,2,15.798845,2024-22-410
16334,3,9.4371195,2024-23-410
16335,7,7.4264793,2024-24-410
16336,2,7.190371,2024-25-410
16337,2,7.1487484,2024-26-410
16338,5,6.9229555,2024-27-410
16339,7,6.710584,2024-28-410
16340,5,8.720545,2024-29-410
16341,2,6.742237,2024-30-410
16342,7,3.989992,2024-31-410
16343,5,6.527244,2024-32-410
16344,9,8.651883,2024-33-410
16345,9,9.179768,2024-34-410
16346,7,6.995412,2024-35-410
16347,5,8.235438,2024-36-410
16348,7,9.704518,2024-37-410
16349,12,10.279204,2024-38-410
16350,4,10.033039,2024-39-410
16351,4,9.528451,2024-40-410
16352,2,9.422261,2024-41-410
16353,2,10.801064,2024-42-410
16354,2,10.49491,2024-43-410
16355,5,7.8763547,2024-44-410
16356,11,7.3307743,2024-45-410
16357,6,5.1364703,2024-46-410
16358,7,3.2930264,2024-47-410
16359,5,2.465422,2024-48-410
16360,1,3.9363978,2024-49-410
16361,6,9.279074,2024-50-410
16362,5,7.7692485,2024-51-410
16363,3,8.7602215,2024-52-410
16616,18,10.126419,2024-1-501
16617,9,13.39516,2024-2-501
16618,8,8.839034,2024-3-501
16619,8,4.418666,2024-4-501
16620,5,2.211204,2024-5-501
16621,6,16.14502,2024-6-501
16622,0,14.270709,2024-7-501
16623,6,-0.21408375,2024-8-501
16624,2,10.083312,2024-9-501
16625,0,13.852898,2024-10-501
16626,0,15.234205,2024-11-501
16627,0,10.923429,2024-12-501
16628,1,10.125723,2024-13-501
16629,2,10.0661,2024-14-501
16630,0,5.9469805,2024-15-501
16631,0,3.8584046,2024-16-501
16632,2,2.435555,2024-17-501
16633,1,2.4186695,2024-18-501
16634,0,2.7756689,2024-19-501
16635,0,2.9396875,2024-20-501
16636,2,2.9303987,2024-21-501
16637,0,3.6530664,2024-22-501
16638,6,2.0198367,2024-23-501
16639,2,1.3930643,2024-24-501
16640,1,1.0442415,2024-25-501
16641,1,1.1943662,2024-26-501
16642,2,0.83588463,2024-27-501
16643,2,7.6210318,2024-28-501
16644,3,5.620589,2024-29-501
16645,1,3.8492076,2024-30-501
16646,3,1.7042694,2024-31-501
16647,1,2.0889678,2024-32-501
16648,0,2.359799,2024-33-501
16649,1,4.8621526,2024-34-501
16650,0,3.4298003,2024-35-501
16651,0,5.885757,2024-36-501
16652,0,3.2948496,2024-37-501
16653,0,2.1654892,2024-38-501
16654,4,1.3076705,2024-39-501
16655,2,0.7893658,2024-40-501
16656,7,0.60541624,2024-41-501
16657,7,0.5525631,2024-42-501
16658,1,0.38801384,2024-43-501
16659,0,4.0248213,2024-44-501
16660,2,4.1009097,2024-45-501
16661,0,7.1439548,2024-46-501
16662,1,8.627131,2024-47-501
16663,0,4.5485244,2024-48-501
16664,3,3.350359,2024-49-501
16665,0,2.3481033,2024-50-501
16666,1,0.9151484,2024-51-501
16667,1,0.9412681,2024-52-501
16920,30,23.514654,2024-1-502
16921,18,9.357584,2024-2-502
16922,10,1.5651455,2024-3-502
16923,6,7.6122875,2024-4-502
16924,8,4.299291,2024-5-502
16925,1,12.529554,2024-6-502
16926,3,11.573807,2024-7-502
16927,4,12.560587,2024-8-502
16928,1,5.943849,2024-9-502
16929,3,9.924905,2024-10-502
16930,4,11.83188,2024-11-502
16931,1,9.737593,2024-12-502
16932,1,7.678677,2024-13-502
16933,1,9.249973,2024-14-502
16934,3,9.8589945,2024-15-502
16935,1,8.52849,2024-16-502
16936,0,8.005465,2024-17-502
16937,0,5.941972,2024-18-502
16938,1,3.7634344,2024-19-502
16939,0,6.309004,2024-20-502
16940,0,5.432242,2024-21-502
16941,3,4.1035824,2024-22-502
16942,6,2.1819649,2024-23-502
16943,3,1.5456111,2024-24-502
16944,10,0.72672915,2024-25-502
16945,3,0.511528,2024-26-502
16946,5,4.4914923,2024-27-502
16947,3,8.797743,2024-28-502
16948,2,7.9528832,2024-29-502
16949,3,11.698616,2024-30-502
16950,2,8.2909155,2024-31-502
16951,2,7.636303,2024-32-502
16952,0,8.364177,2024-33-502
16953,0,5.4597874,2024-34-502
16954,6,6.6886683,2024-35-502
16955,5,4.365229,2024-36-502
16956,3,3.6337996,2024-37-502
16957,2,1.992851,2024-38-502
16958,10,1.2358938,2024-39-502
16959,1,6.676971,2024-40-502
16960,3,9.124194,2024-41-502
16961,2,9.098705,2024-42-502
16962,2,5.7890224,2024-43-502
16963,4,11.930725,2024-44-502
16964,0,4.5591793,2024-45-502
16965,0,4.176653,2024-46-502
16966,4,3.4353714,2024-47-502
16967,0,2.9206955,2024-48-502
16968,3,4.5662975,2024-49-502
16969,1,3.6941557,2024-50-502
16970,0,2.6063638,2024-51-502
16971,1,3.854234,2024-52-502
17224,4,17.683918,2024-1-503
17225,3,6.892449,2024-2-503
17226,2,4.8484297,2024-3-503
17227,3,13.305816,2024-4-503
17228,1,8.606467,2024-5-503
17229,3,8.077806,2024-6-503
17230,2,7.6820045,2024-7-503
17231,2,5.419692,2024-8-503
17232,1,9.103023,2024-9-503
17233,4,7.3350554,2024-10-503
17234,0,8.244853,2024-11-503
17235,2,7.7415247,2024-12-503
17236,1,5.4335666,2024-13-503
17237,1,5.5931597,2024-14-503
17238,0,8.974433,2024-15-503
17239,1,7.370298,2024-16-503
17240,0,6.018636,2024-17-503
17241,1,4.2772355,2024-18-503
17242,1,2.4960098,2024-19-503
17243,2,2.7810388,2024-20-503
17244,2,3.075038,2024-21-503
17245,2,2.6612887,2024-22-503
17246,6,2.3203065,2024-23-503
17247,6,1.4664668,2024-24-503
17248,5,1.7393541,2024-25-503
17249,4,1.9558809,2024-26-503
17250,2,2.5259774,2024-27-503
17251,3,7.529082,2024-28-503
17252,4,9.701444,2024-29-503
17253,3,9.22915,2024-30-503
17254,2,7.9445534,2024-31-503
17255,6,6.501399,2024-32-503
17256,10,6.5457916,2024-33-503
17257,2,7.243663,2024-34-503
17258,2,8.389999,2024-35-503
17259,3,6.439934,2024-36-503
17260,2,8.716836,2024-37-503
17261,4,10.212746,2024-38-503
17262,1,8.384615,2024-39-503
17263,6,5.6823087,2024-40-503
17264,2,4.719287,2024-41-503
17265,4,4.641904,2024-42-503
17266,4,4.8264503,2024-43-503
17267,4,3.2529435,2024-44-503
17268,6,6.657782,2024-45-503
17269,5,4.272498,2024-46-503
17270,6,4.9492545,2024-47-503
17271,3,6.166404,2024-48-503
17272,12,6.2997355,2024-49-503
17273,4,8.347137,2024-50-503
17274,4,7.1591167,2024-51-503
17275,4,8.514609,2024-52-503
17528,9,11.712656,2024-1-504
17529,9,13.448521,2024-2-504
17530,6,13.595414,2024-3-504
17531,5,18.635294,2024-4-504
17532,1,16.360472,2024-5-504
17533,1,13.819019,2024-6-504
17534,2,17.699226,2024-7-504
17535,2,2.4702435,2024-8-504
17536,1,12.023443,2024-9-504
17537,0,10.187956,2024-10-504
17538,0,7.6614237,2024-11-504
17539,1,6.1231356,2024-12-504
17540,0,5.286254,2024-13-504
17541,0,5.137356,2024-14-504
17542,0,4.9701095,2024-15-504
17543,1,2.5598423,2024-16-504
17544,0,2.368561,2024-17-504
17545,0,2.2205777,2024-18-504
17546,0,2.5666475,2024-19-504
17547,0,2.6582942,2024-20-504
17548,0,2.616681,2024-21-504
17549,0,2.2506025,2024-22-504
17550,1,1.8117951,2024-23-504
17551,1,1.2338246,2024-24-504
17552,0,0.91668594,2024-25-504
17553,0,0.45861074,2024-26-504
17554,0,0.50796145,2024-27-504
17555,2,0.83513814,2024-28-504
17556,0,1.104617,2024-29-504
17557,0,0.84189045,2024-30-504
17558,1,0.6075302,2024-31-504
17559,3,0.69876385,2024-32-504
17560,0,1.5836483,2024-33-504
17561,1,0.9053374,2024-34-504
17562,1,0.8661634,2024-35-504
17563,0,1.3007966,2024-36-504
17564,1,4.5415554,2024-37-504
17565,0,2.9774995,2024-38-504
17566,1,2.201395,2024-39-504
17567,0,1.3421589,2024-40-504
17568,1,0.7346385,2024-41-504
17569,0,0.94700104,2024-42-504
17570,0,0.7711006,2024-43-504
17571,0,0.7466786,2024-44-504
17572,2,0.70176786,2024-45-504
17573,1,0.68244886,2024-46-504
17574,0,0.6537558,2024-47-504
17575,1,0.42191815,2024-48-504
17576,1,0.5431846,2024-49-504
17577,0,1.2159786,2024-50-504
17578,0,1.1566349,2024-51-504
17579,0,0.788064,2024-52-504
17832,3,23.362255,2024-1-505
17833,5,10.657726,2024-2-505
17834,5,5.659481,2024-3-505
17835,4,5.371392,2024-4-505
17836,2,3.7197404,2024-5-505
17837,4,11.084875,2024-6-505
17838,3,9.116478,2024-7-505
17839,3,12.634145,2024-8-505
17840,1,14.029715,2024-9-505
17841,4,10.85499,2024-10-505
17842,4,9.29076,2024-11-505
17843,4,12.03304,2024-12-505
17844,2,8.81341,2024-13-505
17845,3,6.0784545,2024-14-505
17846,4,8.971482,2024-15-505
17847,2,11.511195,2024-16-505
17848,0,12.833009,2024-17-505
17849,1,10.447591,2024-18-505
17850,0,7.5689664,2024-19-505
17851,0,9.743147,2024-20-505
17852,3,7.7882013,2024-21-505
17853,0,5.9414334,2024-22-505
17854,3,2.1982856,2024-23-505
17855,1,1.251324,2024-24-505
17856,0,0.670458,2024-25-505
17857,2,3.7149825,2024-26-505
17858,3,2.05559,2024-27-505
17859,4,4.9131937,2024-28-505
17860,1,3.2837603,2024-29-505
17861,1,2.1325464,2024-30-505
17862,1,1.7558687,2024-31-505
17863,3,4.495799,2024-32-505
17864,0,6.243957,2024-33-505
17865,0,4.1947894,2024-34-505
17866,0,2.7434058,2024-35-505
17867,1,2.103787,2024-36-505
17868,1,4.8091965,2024-37-505
17869,2,2.9967089,2024-38-505
17870,1,2.0121934,2024-39-505
17871,1,1.0372889,2024-40-505
17872,3,0.79381335,2024-41-505
17873,2,0.9118509,2024-42-505
17874,1,1.7247314,2024-43-505
17875,1,1.3124716,2024-44-505
17876,0,1.413969,2024-45-505
17877,1,3.4247222,2024-46-505
17878,0,3.1847663,2024-47-505
17879,0,2.3464143,2024-48-505
17880,0,1.7744013,2024-49-505
17881,5,1.0117182,2024-50-505
17882,0,0.9875497,2024-51-505
17883,3,0.59639007,2024-52-505
18136,24,15.26931,2024-1-506
18137,17,15.990628,2024-2-506
18138,10,14.01377,2024-3-506
18139,10,7.15431,2024-4-506
18140,10,2.7795668,2024-5-506
18141,3,15.418027,2024-6-506
18142,8,15.96985,2024-7-506
18143,3,8.648288,2024-8-506
18144,0,9.272589,2024-9-506
18145,0,11.974067,2024-10-506
18146,0,14.927452,2024-11-506
18147,3,15.197397,2024-12-506
18148,0,11.599057,2024-13-506
18149,0,8.944362,2024-14-506
18150,2,5.698721,2024-15-506
18151,0,2.6678338,2024-16-506
18152,0,5.4207883,2024-17-506
18153,0,4.049732,2024-18-506
18154,1,3.5875027,2024-19-506
18155,4,3.5105486,2024-20-506
18156,5,2.7829447,2024-21-506
18157,7,2.5143397,2024-22-506
18158,10,1.6702812,2024-23-506
18159,3,1.5517482,2024-24-506
18160,4,4.63336,2024-25-506
18161,1,6.4094877,2024-26-506
18162,1,8.671927,2024-27-506
18163,2,12.153279,2024-28-506
18164,9,10.438911,2024-29-506
18165,4,8.884658,2024-30-506
18166,5,5.290911,2024-31-506
18167,1,3.6938565,2024-32-506
18168,4,2.7944307,2024-33-506
18169,7,9.550332,2024-34-506
18170,8,8.885327,2024-35-506
18171,5,10.404607,2024-36-506
18172,5,6.629213,2024-37-506
18173,11,7.031476,2024-38-506
18174,3,9.667929,2024-39-506
18175,5,11.41746,2024-40-506
18176,6,10.252071,2024-41-506
18177,6,9.864476,2024-42-506
18178,3,11.565306,2024-43-506
18179,3,8.206639,2024-44-506
18180,2,8.381564,2024-45-506
18181,3,8.98398,2024-46-506
18182,4,9.583411,2024-47-506
18183,6,8.048229,2024-48-506
18184,6,6.714518,2024-49-506
18185,3,4.8825207,2024-50-506
18186,0,4.202019,2024-51-506
18187,0,5.367813,2024-52-506
18440,38,10.350404,2024-1-507
18441,24,9.030621,2024-2-507
18442,14,6.5335236,2024-3-507
18443,29,11.523249,2024-4-507
18444,27,11.551086,2024-5-507
18445,15,9.595656,2024-6-507
18446,11,5.36892,2024-7-507
18447,8,11.638749,2024-8-507
18448,3,9.444551,2024-9-507
18449,3,18.779684,2024-10-507
18450,2,25.462925,2024-11-507
18451,2,11.956616,2024-12-507
18452,0,13.863776,2024-13-507
18453,2,14.019071,2024-14-507
18454,0,9.654058,2024-15-507
18455,0,6.6491528,2024-16-507
18456,0,4.435949,2024-17-507
18457,0,3.2510574,2024-18-507
18458,0,3.3006427,2024-19-507
18459,2,3.2639525,2024-20-507
18460,0,2.5197122,2024-21-507
18461,0,2.945913,2024-22-507
18462,0,1.8365003,2024-23-507
18463,1,1.2399616,2024-24-507
18464,1,1.7838043,2024-25-507
18465,1,0.8866191,2024-26-507
18466,0,0.83488095,2024-27-507
18467,1,0.9545674,2024-28-507
18468,4,0.958943,2024-29-507
18469,0,0.9706662,2024-30-507
18470,1,0.8616269,2024-31-507
18471,0,0.97291714,2024-32-507
18472,0,1.0897247,2024-33-507
18473,1,5.123257,2024-34-507
18474,1,3.2643673,2024-35-507
18475,1,3.395607,2024-36-507
18476,1,1.7393782,2024-37-507
18477,0,0.76617026,2024-38-507
18478,3,0.9398006,2024-39-507
18479,4,1.0909575,2024-40-507
18480,2,1.1093097,2024-41-507
18481,1,1.1962429,2024-42-507
18482,5,0.93548,2024-43-507
18483,4,3.582501,2024-44-507
18484,4,6.2764664,2024-45-507
18485,2,5.014984,2024-46-507
18486,1,3.8607626,2024-47-507
18487,2,5.676854,2024-48-507
18488,2,6.882695,2024-49-507
18489,1,6.663383,2024-50-507
18490,1,6.1907654,2024-51-507
18491,1,3.8977678,2024-52-507
18744,2,7.2325954,2024-1-508
18745,6,11.121847,2024-2-508
18746,2,2.8599546,2024-3-508
18747,3,4.567528,2024-4-508
18748,0,8.805822,2024-5-508
18749,0,4.3162827,2024-6-508
18750,0,12.89015,2024-7-508
18751,1,3.1384037,2024-8-508
18752,0,11.694948,2024-9-508
18753,1,2.9712207,2024-10-508
18754,1,3.957268,2024-11-508
18755,0,3.5147576,2024-12-508
18756,0,0.9148668,2024-13-508
18757,0,3.0068402,2024-14-508
18758,0,3.7979717,2024-15-508
18759,0,2.4917688,2024-16-508
18760,0,2.588164,2024-17-508
18761,0,4.390939,2024-18-508
18762,0,4.4207215,2024-19-508
18763,0,3.6880805,2024-20-508
18764,0,3.797153,2024-21-508
18765,0,3.3523011,2024-22-508
18766,0,1.1246798,2024-23-508
18767,2,0.56810886,2024-24-508
18768,1,0.4771943,2024-25-508
18769,0,0.45991516,2024-26-508
18770,0,0.41943997,2024-27-508
18771,0,0.5414717,2024-28-508
18772,1,1.5398886,2024-29-508
18773,1,1.2981603,2024-30-508
18774,3,1.0231968,2024-31-508
18775,1,0.94913524,2024-32-508
18776,3,0.8534317,2024-33-508
18777,7,0.78317434,2024-34-508
18778,1,0.89374506,2024-35-508
18779,4,4.0488725,2024-36-508
18780,1,2.3479674,2024-37-508
18781,4,4.857909,2024-38-508
18782,9,7.4231157,2024-39-508
18783,5,6.108501,2024-40-508
18784,9,5.561276,2024-41-508
18785,3,4.7718806,2024-42-508
18786,5,4.6510744,2024-43-508
18787,3,8.875151,2024-44-508
18788,4,7.244437,2024-45-508
18789,4,10.982413,2024-46-508
18790,3,6.61813,2024-47-508
18791,3,6.7164745,2024-48-508
18792,1,6.2730737,2024-49-508
18793,2,5.1092973,2024-50-508
18794,0,6.1375613,2024-51-508
18795,1,5.935906,2024-52-508
19048,6,4.101135,2024-1-509
19049,2,1.8412211,2024-2-509
19050,3,3.28775,2024-3-509
19051,4,4.3091965,2024-4-509
19052,1,4.8278413,2024-5-509
19053,1,6.4838095,2024-6-509
19054,0,8.946009,2024-7-509
19055,1,5.569266,2024-8-509
19056,0,6.1220045,2024-9-509
19057,0,3.3739622,2024-10-509
19058,0,5.0173774,2024-11-509
19059,0,5.1521673,2024-12-509
19060,0,3.519746,2024-13-509
19061,0,4.925088,2024-14-509
19062,0,3.857889,2024-15-509
19063,0,2.5069199,2024-16-509
19064,0,2.2545493,2024-17-509
19065,0,2.8039079,2024-18-509
19066,0,2.94726,2024-19-509
19067,0,2.724977,2024-20-509
19068,1,2.572946,2024-21-509
19069,0,2.5532331,2024-22-509
19070,0,1.62735,2024-23-509
19071,1,0.5994815,2024-24-509
19072,0,0.22660805,2024-25-509
19073,0,0.7626001,2024-26-509
19074,0,0.65204287,2024-27-509
19075,1,0.6527638,2024-28-509
19076,0,1.0858175,2024-29-509
19077,1,0.6091124,2024-30-509
19078,7,0.5972301,2024-31-509
19079,1,0.83133423,2024-32-509
19080,0,0.8027973,2024-33-509
19081,0,0.32988784,2024-34-509
19082,0,0.91329443,2024-35-509
19083,0,6.560552,2024-36-509
19084,1,3.1093392,2024-37-509
19085,0,3.5312912,2024-38-509
19086,0,1.3628886,2024-39-509
19087,0,0.73003244,2024-40-509
19088,0,0.51613724,2024-41-509
19089,0,0.7833996,2024-42-509
19090,0,0.520598,2024-43-509
19091,0,0.5953635,2024-44-509
19092,0,0.5439818,2024-45-509
19093,1,0.3562184,2024-46-509
19094,0,0.3562184,2024-47-509
19095,1,0.3554212,2024-48-509
19096,0,0.3554212,2024-49-509
19097,0,0.40021628,2024-50-509
19098,0,-0.038665332,2024-51-509
19099,2,0.40862647,2024-52-509
19352,22,29.859476,2024-1-510
19353,13,27.671001,2024-2-510
19354,9,20.597816,2024-3-510
19355,4,25.653242,2024-4-510
19356,9,15.702497,2024-5-510
19357,5,17.290955,2024-6-510
19358,3,10.781764,2024-7-510
19359,2,3.1717856,2024-8-510
19360,1,8.747587,2024-9-510
19361,0,20.253187,2024-10-510
19362,1,21.823767,2024-11-510
19363,2,16.415218,2024-12-510
19364,1,8.58402,2024-13-510
19365,2,14.448152,2024-14-510
19366,1,6.339332,2024-15-510
19367,2,3.4342856,2024-16-510
19368,0,2.7070684,2024-17-510
19369,0,2.8470714,2024-18-510
19370,0,2.8693283,2024-19-510
19371,0,3.0908685,2024-20-510
19372,1,3.0929122,2024-21-510
19373,2,2.5775018,2024-22-510
19374,4,1.6263208,2024-23-510
19375,2,1.0788321,2024-24-510
19376,3,0.5172785,2024-25-510
19377,1,0.53011197,2024-26-510
19378,2,1.6772256,2024-27-510
19379,0,5.678063,2024-28-510
19380,0,5.138676,2024-29-510
19381,0,5.5312552,2024-30-510
19382,1,3.8006704,2024-31-510
19383,1,2.8407815,2024-32-510
19384,1,1.2888885,2024-33-510
19385,3,1.1606791,2024-34-510
19386,3,0.8223591,2024-35-510
19387,3,0.71884334,2024-36-510
19388,7,0.7061463,2024-37-510
19389,1,0.8520624,2024-38-510
19390,1,4.2277064,2024-39-510
19391,2,5.449514,2024-40-510
19392,4,6.3202677,2024-41-510
19393,4,8.538884,2024-42-510
19394,1,5.6513495,2024-43-510
19395,1,3.8854172,2024-44-510
19396,1,2.5829146,2024-45-510
19397,0,3.9389372,2024-46-510
19398,4,6.3408227,2024-47-510
19399,0,4.533791,2024-48-510
19400,3,3.6288557,2024-49-510
19401,0,1.8463386,2024-50-510
19402,0,0.5824209,2024-51-510
19403,0,3.4407003,2024-52-510
19656,0,0.2967331,2024-1-511
19657,0,1.7740645,2024-2-511
19658,0,1.149033,2024-3-511
19659,0,0.3374266,2024-4-511
19660,0,6.373694,2024-5-511
19661,0,5.2064443,2024-6-511
19662,0,3.3203206,2024-7-511
19663,0,1.5212952,2024-8-511
19664,0,1.5212952,2024-9-511
19665,0,3.8835337,2024-10-511
19666,0,3.0366397,2024-11-511
19667,0,3.0421753,2024-12-511
19668,0,2.1375284,2024-13-511
19669,0,2.2912674,2024-14-511
19670,1,3.8156233,2024-15-511
19671,0,2.7393394,2024-16-511
19672,0,2.2545493,2024-17-511
19673,1,2.2545493,2024-18-511
19674,0,2.3515732,2024-19-511
19675,0,2.8100874,2024-20-511
19676,1,2.507859,2024-21-511
19677,0,2.4337275,2024-22-511
19678,0,2.1834848,2024-23-511
19679,0,1.1284448,2024-24-511
19680,0,0.7455391,2024-25-511
19681,0,0.8012581,2024-26-511
19682,0,0.75715727,2024-27-511
19683,0,0.6527638,2024-28-511
19684,1,0.8555655,2024-29-511
19685,0,0.497744,2024-30-511
19686,0,0.39136356,2024-31-511
19687,0,0.5110004,2024-32-511
19688,0,0.54226893,2024-33-511
19689,0,0.737582,2024-34-511
19690,1,0.65204287,2024-35-511
19691,0,0.556712,2024-36-511
19692,0,0.73003244,2024-37-511
19693,0,0.54226893,2024-38-511
19694,0,0.5414717,2024-39-511
19695,0,0.73837924,2024-40-511
19696,0,0.6259111,2024-41-511
19697,0,0.63348085,2024-42-511
19698,1,0.5977903,2024-43-511
19699,0,0.5288665,2024-44-511
19700,0,0.3554212,2024-45-511
19701,0,0.3562184,2024-46-511
19702,1,0.3562184,2024-47-511
19703,1,0.6672086,2024-48-511
19704,0,0.46599218,2024-49-511
19705,0,0.41545653,2024-50-511
19706,0,-0.28340936,2024-51-511
19707,0,0.4941656,2024-52-511
19960,34,33.19009,2024-1-601
19961,26,47.532658,2024-2-601
19962,39,68.22186,2024-3-601
19963,36,72.20895,2024-4-601
19964,42,33.44544,2024-5-601
19965,49,26.30302,2024-6-601
19966,24,13.48864,2024-7-601
19967,27,21.63361,2024-8-601
19968,17,18.338007,2024-9-601
19969,12,28.468384,2024-10-601
19970,10,43.217293,2024-11-601
19971,9,18.914402,2024-12-601
19972,14,16.727348,2024-13-601
19973,6,6.807855,2024-14-601
19974,6,6.759369,2024-15-601
19975,3,12.508166,2024-16-601
19976,5,16.350225,2024-17-601
19977,3,15.928005,2024-18-601
19978,7,11.000168,2024-19-601
19979,3,11.687735,2024-20-601
19980,8,10.7780285,2024-21-601
19981,4,11.395875,2024-22-601
19982,14,8.1642685,2024-23-601
19983,12,7.6716704,2024-24-601
19984,21,7.959343,2024-25-601
19985,22,9.5396185,2024-26-601
19986,14,9.5638275,2024-27-601
19987,8,23.407036,2024-28-601
19988,16,23.989613,2024-29-601
19989,14,23.996443,2024-30-601
19990,17,26.370422,2024-31-601
19991,9,23.39823,2024-32-601
19992,16,16.419685,2024-33-601
19993,21,19.487513,2024-34-601
19994,14,22.826778,2024-35-601
19995,11,27.051996,2024-36-601
19996,2,18.55654,2024-37-601
19997,15,19.088531,2024-38-601
19998,7,21.140915,2024-39-601
19999,9,22.708986,2024-40-601
20000,11,20.680313,2024-41-601
20001,5,8.320215,2024-42-601
20002,17,17.439526,2024-43-601
20003,9,12.572801,2024-44-601
20004,4,12.404701,2024-45-601
20005,8,9.447831,2024-46-601
20006,6,7.143453,2024-47-601
20007,5,15.747846,2024-48-601
20008,3,16.059727,2024-49-601
20009,11,8.701635,2024-50-601
20010,6,11.009047,2024-51-601
20011,11,7.893331,2024-52-601
20264,20,10.242329,2024-1-602
20265,14,1.6906034,2024-2-602
20266,14,4.1304717,2024-3-602
20267,27,11.6310005,2024-4-602
20268,17,7.7817345,2024-5-602
20269,14,12.147144,2024-6-602
20270,12,15.39973,2024-7-602
20271,11,10.959859,2024-8-602
20272,14,24.07142,2024-9-602
20273,5,15.277368,2024-10-602
20274,3,20.178509,2024-11-602
20275,5,12.818954,2024-12-602
20276,1,15.768525,2024-13-602
20277,4,21.948538,2024-14-602
20278,1,11.892661,2024-15-602
20279,1,13.19201,2024-16-602
20280,1,8.661948,2024-17-602
20281,1,9.045286,2024-18-602
20282,2,7.8194284,2024-19-602
20283,0,7.1523914,2024-20-602
20284,0,5.682372,2024-21-602
20285,3,2.6893225,2024-22-602
20286,2,1.4841923,2024-23-602
20287,5,1.8748857,2024-24-602
20288,5,0.51807415,2024-25-602
20289,10,0.73735434,2024-26-602
20290,8,4.5592804,2024-27-602
20291,10,3.3577409,2024-28-602
20292,13,5.7657285,2024-29-602
20293,7,11.06092,2024-30-602
20294,9,11.262827,2024-31-602
20295,23,9.7288065,2024-32-602
20296,9,11.387427,2024-33-602
20297,13,18.05454,2024-34-602
20298,8,13.64379,2024-35-602
20299,5,10.862055,2024-36-602
20300,3,20.28593,2024-37-602
20301,10,13.386889,2024-38-602
20302,13,15.933896,2024-39-602
20303,6,14.497935,2024-40-602
20304,6,10.574979,2024-41-602
20305,3,8.354079,2024-42-602
20306,3,10.493063,2024-43-602
20307,0,14.648948,2024-44-602
20308,0,11.481446,2024-45-602
20309,3,9.859462,2024-46-602
20310,2,6.5395055,2024-47-602
20311,5,6.4798536,2024-48-602
20312,3,3.6206563,2024-49-602
20313,6,2.385417,2024-50-602
20314,4,3.4914422,2024-51-602
20315,2,2.5693913,2024-52-602
20568,21,15.464108,2024-1-603
20569,17,7.7620363,2024-2-603
20570,13,8.491789,2024-3-603
20571,23,-0.47001818,2024-4-603
20572,36,1.6529527,2024-5-603
20573,34,7.7996483,2024-6-603
20574,41,19.874382,2024-7-603
20575,17,9.726551,2024-8-603
20576,32,11.690554,2024-9-603
20577,19,16.589256,2024-10-603
20578,22,15.277779,2024-11-603
20579,20,24.690483,2024-12-603
20580,9,14.15283,2024-13-603
20581,24,11.827432,2024-14-603
20582,15,20.294998,2024-15-603
20583,15,28.552788,2024-16-603
20584,21,20.857176,2024-17-603
20585,24,22.050863,2024-18-603
20586,37,30.989132,2024-19-603
20587,44,28.030968,2024-20-603
20588,43,36.22271,2024-21-603
20589,59,37.211754,2024-22-603
20590,60,44.553585,2024-23-603
20591,57,46.15077,2024-24-603
20592,78,56.488213,2024-25-603
20593,55,55.83378,2024-26-603
20594,45,50.744415,2024-27-603
20595,48,58.99676,2024-28-603
20596,48,56.062057,2024-29-603
20597,28,60.21839,2024-30-603
20598,24,48.63734,2024-31-603
20599,24,38.356213,2024-32-603
20600,9,36.620205,2024-33-603
20601,14,42.696747,2024-34-603
20602,11,39.32562,2024-35-603
20603,10,24.929182,2024-36-603
20604,8,25.07408,2024-37-603
20605,4,14.518116,2024-38-603
20606,9,22.81378,2024-39-603
20607,4,18.224504,2024-40-603
20608,3,13.391514,2024-41-603
20609,2,11.489402,2024-42-603
20610,3,9.151477,2024-43-603
20611,2,10.12341,2024-44-603
20612,1,7.1017356,2024-45-603
20613,0,6.626178,2024-46-603
20614,1,5.210406,2024-47-603
20615,3,4.510656,2024-48-603
20616,0,3.014633,2024-49-603
20617,3,2.3378167,2024-50-603
20618,0,0.62114865,2024-51-603
20619,2,0.6749811,2024-52-603
20872,3,4.455377,2024-1-604
20873,4,2.8921661,2024-2-604
20874,4,5.673046,2024-3-604
20875,4,18.80078,2024-4-604
20876,1,14.086721,2024-5-604
20877,3,7.2108893,2024-6-604
20878,3,5.757572,2024-7-604
20879,2,6.6100335,2024-8-604
20880,1,11.161316,2024-9-604
20881,1,3.5226161,2024-10-604
20882,2,6.253421,2024-11-604
20883,4,5.7278585,2024-12-604
20884,4,5.675014,2024-13-604
20885,2,5.9541583,2024-14-604
20886,1,5.009468,2024-15-604
20887,3,3.4689908,2024-16-604
20888,2,6.5247374,2024-17-604
20889,2,12.8330555,2024-18-604
20890,4,12.221068,2024-19-604
20891,1,6.8561316,2024-20-604
20892,1,10.372849,2024-21-604
20893,7,4.6237264,2024-22-604
20894,17,3.0515356,2024-23-604
20895,23,4.709309,2024-24-604
20896,34,3.3009272,2024-25-604
20897,34,2.621958,2024-26-604
20898,29,7.1133547,2024-27-604
20899,27,21.045847,2024-28-604
20900,16,29.734604,2024-29-604
20901,12,42.6828,2024-30-604
20902,7,41.208614,2024-31-604
20903,6,39.447586,2024-32-604
20904,4,29.111702,2024-33-604
20905,6,20.85284,2024-34-604
20906,2,15.693002,2024-35-604
20907,7,12.01392,2024-36-604
20908,0,10.570204,2024-37-604
20909,3,9.840804,2024-38-604
20910,1,10.819618,2024-39-604
20911,0,7.221731,2024-40-604
20912,0,8.686652,2024-41-604
20913,0,4.8150926,2024-42-604
20914,0,4.559139,2024-43-604
20915,1,2.8979475,2024-44-604
20916,0,1.7893181,2024-45-604
20917,0,0.88961685,2024-46-604
20918,0,0.5879797,2024-47-604
20919,0,0.3562184,2024-48-604
20920,0,0.5971237,2024-49-604
20921,0,-0.2292314,2024-50-604
20922,4,-0.33600968,2024-51-604
20923,2,0.4858188,2024-52-604
21176,0,5.229081,2024-1-605
21177,1,-0.99791425,2024-2-605
21178,1,6.825512,2024-3-605
21179,3,1.7639682,2024-4-605
21180,0,5.998586,2024-5-605
21181,1,1.0872767,2024-6-605
21182,0,4.5152626,2024-7-605
21183,0,0.7244082,2024-8-605
21184,1,8.605183,2024-9-605
21185,3,1.4709922,2024-10-605
21186,1,7.43395,2024-11-605
21187,0,6.385177,2024-12-605
21188,5,4.095195,2024-13-605
21189,1,4.782453,2024-14-605
21190,1,12.1844425,2024-15-605
21191,4,4.900751,2024-16-605
21192,8,3.816276,2024-17-605
21193,17,8.604553,2024-18-605
21194,28,8.206964,2024-19-605
21195,41,3.806123,2024-20-605
21196,57,8.295732,2024-21-605
21197,72,15.950421,2024-22-605
21198,106,18.716309,2024-23-605
21199,92,39.915993,2024-24-605
21200,74,40.943462,2024-25-605
21201,90,55.03412,2024-26-605
21202,54,51.654785,2024-27-605
21203,31,78.43707,2024-28-605
21204,36,112.945015,2024-29-605
21205,33,101.76773,2024-30-605
21206,19,106.12594,2024-31-605
21207,10,39.540302,2024-32-605
21208,9,24.365559,2024-33-605
21209,3,32.423862,2024-34-605
21210,9,32.048805,2024-35-605
21211,3,19.95005,2024-36-605
21212,5,7.2541986,2024-37-605
21213,2,8.789535,2024-38-605
21214,2,8.809466,2024-39-605
21215,2,11.230244,2024-40-605
21216,5,9.018706,2024-41-605
21217,4,7.6509194,2024-42-605
21218,2,6.6033535,2024-43-605
21219,5,3.098106,2024-44-605
21220,1,2.841738,2024-45-605
21221,1,5.1779847,2024-46-605
21222,1,7.3437986,2024-47-605
21223,1,5.242836,2024-48-605
21224,3,6.455118,2024-49-605
21225,4,3.9909842,2024-50-605
21226,6,2.2312198,2024-51-605
21227,0,1.2780321,2024-52-605
21480,1,10.161327,2024-1-606
21481,0,5.389414,2024-2-606
21482,1,3.6333036,2024-3-606
21483,1,13.162406,2024-4-606
21484,0,14.321705,2024-5-606
21485,1,-1.2306875,2024-6-606
21486,0,6.9715295,2024-7-606
21487,1,-0.17184833,2024-8-606
21488,0,6.5265813,2024-9-606
21489,2,1.183704,2024-10-606
21490,2,11.513664,2024-11-606
21491,1,10.495332,2024-12-606
21492,0,10.489956,2024-13-606
21493,1,5.1908655,2024-14-606
21494,0,4.3579874,2024-15-606
21495,1,3.6227367,2024-16-606
21496,0,3.2507257,2024-17-606
21497,0,3.212207,2024-18-606
21498,0,3.134405,2024-19-606
21499,1,3.0246432,2024-20-606
21500,2,2.6414464,2024-21-606
21501,1,2.3376625,2024-22-606
21502,5,1.6033534,2024-23-606
21503,1,0.5883663,2024-24-606
21504,4,0.5691058,2024-25-606
21505,2,1.2657837,2024-26-606
21506,9,0.30289668,2024-27-606
21507,5,5.5658903,2024-28-606
21508,6,3.9474692,2024-29-606
21509,4,7.853693,2024-30-606
21510,3,6.2982197,2024-31-606
21511,2,9.363906,2024-32-606
21512,6,10.448525,2024-33-606
21513,5,9.207531,2024-34-606
21514,3,8.990412,2024-35-606
21515,2,9.300611,2024-36-606
21516,3,6.021488,2024-37-606
21517,0,8.03317,2024-38-606
21518,1,9.242948,2024-39-606
21519,2,9.259087,2024-40-606
21520,0,6.0787196,2024-41-606
21521,2,5.37474,2024-42-606
21522,1,3.6822364,2024-43-606
21523,2,2.5215042,2024-44-606
21524,0,1.8321826,2024-45-606
21525,0,1.0695518,2024-46-606
21526,0,1.632727,2024-47-606
21527,1,1.498171,2024-48-606
21528,1,1.6816175,2024-49-606
21529,1,1.2673254,2024-50-606
21530,2,0.8697642,2024-51-606
21531,1,0.55536366,2024-52-606
21784,0,0.48555058,2024-1-607
21785,2,0.08100065,2024-2-607
21786,1,0.7072597,2024-3-607
21787,0,1.2835696,2024-4-607
21788,0,1.9381567,2024-5-607
21789,2,0.5357117,2024-6-607
21790,2,4.1276145,2024-7-607
21791,4,1.2604233,2024-8-607
21792,1,2.70788,2024-9-607
21793,4,0.14814962,2024-10-607
21794,1,4.2460866,2024-11-607
21795,0,9.62808,2024-12-607
21796,2,4.765247,2024-13-607
21797,1,8.451675,2024-14-607
21798,0,8.90243,2024-15-607
21799,1,6.0274987,2024-16-607
21800,0,5.6288977,2024-17-607
21801,0,4.8028975,2024-18-607
21802,1,2.7277029,2024-19-607
21803,2,2.028782,2024-20-607
21804,2,2.8523655,2024-21-607
21805,4,2.320395,2024-22-607
21806,5,1.3137215,2024-23-607
21807,1,1.0142044,2024-24-607
21808,9,1.5387654,2024-25-607
21809,9,1.9312664,2024-26-607
21810,5,5.2592993,2024-27-607
21811,3,8.762797,2024-28-607
21812,10,6.906827,2024-29-607
21813,19,11.2512,2024-30-607
21814,9,11.015369,2024-31-607
21815,10,10.545105,2024-32-607
21816,14,9.513113,2024-33-607
21817,6,11.311945,2024-34-607
21818,7,22.366055,2024-35-607
21819,8,18.378878,2024-36-607
21820,3,13.262119,2024-37-607
21821,5,17.320381,2024-38-607
21822,6,15.783783,2024-39-607
21823,7,12.339287,2024-40-607
21824,1,11.835634,2024-41-607
21825,6,8.976762,2024-42-607
21826,8,6.5631466,2024-43-607
21827,9,9.398213,2024-44-607
21828,2,8.695799,2024-45-607
21829,4,5.9336176,2024-46-607
21830,10,7.2284384,2024-47-607
21831,9,9.285408,2024-48-607
21832,4,11.046608,2024-49-607
21833,2,6.181051,2024-50-607
21834,5,4.6810117,2024-51-607
21835,4,8.589252,2024-52-607
22088,1,1.2596365,2024-1-608
22089,0,-0.18986532,2024-2-608
22090,0,-0.8866663,2024-3-608
22091,0,0.7957582,2024-4-608
22092,0,2.9303925,2024-5-608
22093,0,0.31386718,2024-6-608
22094,0,2.6145914,2024-7-608
22095,0,-1.2813001,2024-8-608
22096,0,8.762717,2024-9-608
22097,0,7.55223,2024-10-608
22098,0,0.3354206,2024-11-608
22099,0,0.2374579,2024-12-608
22100,0,0.5040585,2024-13-608
22101,0,2.275515,2024-14-608
22102,0,2.8555226,2024-15-608
22103,0,2.2163885,2024-16-608
22104,0,2.2385364,2024-17-608
22105,1,2.065071,2024-18-608
22106,1,1.7396269,2024-19-608
22107,1,1.8102332,2024-20-608
22108,1,2.1930246,2024-21-608
22109,1,1.5125518,2024-22-608
22110,0,1.1659585,2024-23-608
22111,0,1.2575284,2024-24-608
22112,1,0.9419974,2024-25-608
22113,2,1.1508063,2024-26-608
22114,0,1.3014071,2024-27-608
22115,2,0.75176185,2024-28-608
22116,1,0.7418793,2024-29-608
22117,0,0.89548874,2024-30-608
22118,0,1.4954273,2024-31-608
22119,1,0.74799186,2024-32-608
22120,1,2.3118415,2024-33-608
22121,2,1.385509,2024-34-608
22122,0,1.0522952,2024-35-608
22123,0,0.680562,2024-36-608
22124,0,0.8920051,2024-37-608
22125,0,0.72973615,2024-38-608
22126,0,1.6703427,2024-39-608
22127,1,1.0870448,2024-40-608
22128,0,1.204576,2024-41-608
22129,0,0.72185326,2024-42-608
22130,0,0.3330379,2024-43-608
22131,0,0.21541737,2024-44-608
22132,1,0.5141339,2024-45-608
22133,0,0.24597457,2024-46-608
22134,0,0.20588237,2024-47-608
22135,1,0.39259958,2024-48-608
22136,0,0.20234683,2024-49-608
22137,1,0.49633992,2024-50-608
22138,0,0.27377284,2024-51-608
22139,0,0.17197579,2024-52-608
22392,0,7.0405397,2024-1-609
22393,1,4.3814917,2024-2-609
22394,1,8.981655,2024-3-609
22395,8,6.4739337,2024-4-609
22396,0,12.075601,2024-5-609
22397,2,11.429364,2024-6-609
22398,2,9.334815,2024-7-609
22399,3,1.1615591,2024-8-609
22400,0,12.913764,2024-9-609
22401,1,0.60671455,2024-10-609
22402,1,10.412868,2024-11-609
22403,2,8.098981,2024-12-609
22404,1,7.6382155,2024-13-609
22405,3,6.6728067,2024-14-609
22406,0,6.5196342,2024-15-609
22407,1,3.4527133,2024-16-609
22408,0,3.4085743,2024-17-609
22409,0,3.6055841,2024-18-609
22410,1,6.839909,2024-19-609
22411,1,5.4112587,2024-20-609
22412,1,4.2620735,2024-21-609
22413,1,3.174432,2024-22-609
22414,0,1.5838143,2024-23-609
22415,4,0.8174568,2024-24-609
22416,0,0.62343156,2024-25-609
22417,4,0.74697614,2024-26-609
22418,1,0.023688907,2024-27-609
22419,16,0.19719988,2024-28-609
22420,7,5.092558,2024-29-609
22421,7,3.4012713,2024-30-609
22422,12,6.1415315,2024-31-609
22423,6,4.147354,2024-32-609
22424,4,15.827144,2024-33-609
22425,3,10.417078,2024-34-609
22426,3,11.066882,2024-35-609
22427,6,8.702625,2024-36-609
22428,0,11.125376,2024-37-609
22429,0,9.701237,2024-38-609
22430,0,8.994003,2024-39-609
22431,0,6.6143126,2024-40-609
22432,0,9.586679,2024-41-609
22433,0,5.0780296,2024-42-609
22434,0,2.615472,2024-43-609
22435,0,1.7010401,2024-44-609
22436,1,0.44399026,2024-45-609
22437,1,0.4557454,2024-46-609
22438,1,0.43697003,2024-47-609
22439,0,0.33681324,2024-48-609
22440,2,0.4028242,2024-49-609
22441,0,0.55980307,2024-50-609
22442,0,0.6668634,2024-51-609
22443,1,0.82525134,2024-52-609
22696,4,1.8062627,2024-1-610
22697,2,4.941223,2024-2-610
22698,1,0.5007847,2024-3-610
22699,2,3.6873739,2024-4-610
22700,3,11.564817,2024-5-610
22701,2,3.8550556,2024-6-610
22702,0,9.694107,2024-7-610
22703,4,0.3943498,2024-8-610
22704,5,8.027642,2024-9-610
22705,1,10.955166,2024-10-610
22706,1,9.955144,2024-11-610
22707,2,1.2592703,2024-12-610
22708,3,5.7211466,2024-13-610
22709,10,15.153363,2024-14-610
22710,3,10.273575,2024-15-610
22711,4,4.8392744,2024-16-610
22712,6,3.9944048,2024-17-610
22713,8,6.537615,2024-18-610
22714,7,17.486483,2024-19-610
22715,9,10.733695,2024-20-610
22716,15,16.537249,2024-21-610
22717,39,12.960627,2024-22-610
22718,33,10.381015,2024-23-610
22719,40,8.897474,2024-24-610
22720,50,8.392193,2024-25-610
22721,24,17.488144,2024-26-610
22722,28,53.22587,2024-27-610
22723,44,28.601198,2024-28-610
22724,35,47.058975,2024-29-610
22725,37,55.592953,2024-30-610
22726,25,24.122248,2024-31-610
22727,21,26.829641,2024-32-610
22728,19,63.08076,2024-33-610
22729,11,36.759617,2024-34-610
22730,18,37.33711,2024-35-610
22731,7,30.518393,2024-36-610
22732,14,19.49574,2024-37-610
22733,14,16.222061,2024-38-610
22734,21,13.353035,2024-39-610
22735,26,19.112823,2024-40-610
22736,9,15.062142,2024-41-610
22737,10,17.578373,2024-42-610
22738,9,23.823595,2024-43-610
22739,8,25.958107,2024-44-610
22740,8,35.99157,2024-45-610
22741,2,15.157985,2024-46-610
22742,5,9.765717,2024-47-610
22743,5,10.420934,2024-48-610
22744,5,10.886248,2024-49-610
22745,5,11.489485,2024-50-610
22746,3,6.500477,2024-51-610
22747,0,5.3048635,2024-52-610
23000,8,9.965989,2024-1-611
23001,6,4.812403,2024-2-611
23002,5,11.692299,2024-3-611
23003,4,19.52365,2024-4-611
23004,3,11.145354,2024-5-611
23005,2,10.338777,2024-6-611
23006,2,17.214746,2024-7-611
23007,6,9.491742,2024-8-611
23008,7,14.438029,2024-9-611
23009,7,6.919968,2024-10-611
23010,4,11.314846,2024-11-611
23011,3,7.4125953,2024-12-611
23012,4,12.153465,2024-13-611
23013,1,18.702963,2024-14-611
23014,2,20.34501,2024-15-611
23015,6,16.070314,2024-16-611
23016,3,15.005372,2024-17-611
23017,0,10.964908,2024-18-611
23018,3,10.422736,2024-19-611
23019,4,6.4967284,2024-20-611
23020,4,9.189352,2024-21-611
23021,4,9.954777,2024-22-611
23022,6,8.225882,2024-23-611
23023,4,5.9573627,2024-24-611
23024,11,5.95993,2024-25-611
23025,10,7.2180176,2024-26-611
23026,13,7.3368196,2024-27-611
23027,16,9.207081,2024-28-611
23028,16,10.218822,2024-29-611
23029,23,13.807781,2024-30-611
23030,15,12.853132,2024-31-611
23031,10,19.266386,2024-32-611
23032,11,23.740688,2024-33-611
23033,7,25.420204,2024-34-611
23034,6,28.391825,2024-35-611
23035,1,20.40829,2024-36-611
23036,0,17.554234,2024-37-611
23037,0,12.4207325,2024-38-611
23038,0,10.418815,2024-39-611
23039,0,10.349919,2024-40-611
23040,2,7.106591,2024-41-611
23041,0,4.843689,2024-42-611
23042,1,1.3417851,2024-43-611
23043,2,0.6183766,2024-44-611
23044,1,0.4742625,2024-45-611
23045,0,1.2242501,2024-46-611
23046,2,0.7473601,2024-47-611
23047,2,1.0916765,2024-48-611
23048,0,1.5942585,2024-49-611
23049,0,1.1135128,2024-50-611
23050,4,1.1864787,2024-51-611
23051,1,1.1791973,2024-52-611
23304,8,4.912777,2024-1-701
23305,12,4.9397225,2024-2-701
23306,5,2.826092,2024-3-701
23307,1,5.236228,2024-4-701
23308,1,14.478253,2024-5-701
23309,5,1.4001603,2024-6-701
23310,3,6.976678,2024-7-701
23311,4,1.7578717,2024-8-701
23312,1,5.7633624,2024-9-701
23313,3,0.021877838,2024-10-701
23314,2,6.756658,2024-11-701
23315,3,8.967104,2024-12-701
23316,4,4.057861,2024-13-701
23317,2,3.2933867,2024-14-701
23318,2,4.4902287,2024-15-701
23319,4,5.8525867,2024-16-701
23320,5,4.9588847,2024-17-701
23321,2,5.6232367,2024-18-701
23322,1,10.736679,2024-19-701
23323,2,6.1415153,2024-20-701
23324,1,9.625611,2024-21-701
23325,0,11.726434,2024-22-701
23326,0,5.8889213,2024-23-701
23327,3,3.922203,2024-24-701
23328,1,2.3694675,2024-25-701
23329,0,1.377496,2024-26-701
23330,1,1.2986444,2024-27-701
23331,2,0.8529454,2024-28-701
23332,3,4.1473083,2024-29-701
23333,3,2.2141857,2024-30-701
23334,5,2.1867437,2024-31-701
23335,0,1.0505396,2024-32-701
23336,0,1.808721,2024-33-701
23337,3,3.6379304,2024-34-701
23338,2,4.842367,2024-35-701
23339,1,5.7173786,2024-36-701
23340,1,4.85749,2024-37-701
23341,1,2.995486,2024-38-701
23342,1,3.8896797,2024-39-701
23343,2,2.7205205,2024-40-701
23344,1,2.9315016,2024-41-701
23345,0,1.9819288,2024-42-701
23346,0,1.1286165,2024-43-701
23347,0,1.0533842,2024-44-701
23348,2,1.4797094,2024-45-701
23349,0,1.356357,2024-46-701
23350,3,0.99883986,2024-47-701
23351,3,0.6815489,2024-48-701
23352,5,0.374595,2024-49-701
23353,1,0.9478169,2024-50-701
23354,0,0.57614857,2024-51-701
23355,1,2.187679,2024-52-701
23608,17,5.0849786,2024-1-702
23609,9,-1.4060378,2024-2-702
23610,11,0.6775788,2024-3-702
23611,13,6.3377976,2024-4-702
23612,10,9.683014,2024-5-702
23613,20,10.046488,2024-6-702
23614,12,16.782433,2024-7-702
23615,13,1.7604108,2024-8-702
23616,17,10.202688,2024-9-702
23617,12,11.3901005,2024-10-702
23618,10,14.076114,2024-11-702
23619,8,11.564128,2024-12-702
23620,3,16.23547,2024-13-702
23621,6,24.062529,2024-14-702
23622,7,23.8608,2024-15-702
23623,0,11.210283,2024-16-702
23624,5,16.776007,2024-17-702
23625,11,12.037943,2024-18-702
23626,6,11.616708,2024-19-702
23627,6,13.963786,2024-20-702
23628,9,13.666309,2024-21-702
23629,4,12.0515585,2024-22-702
23630,9,12.984638,2024-23-702
23631,12,6.9964314,2024-24-702
23632,7,9.053073,2024-25-702
23633,6,9.378501,2024-26-702
23634,1,9.039386,2024-27-702
23635,1,10.857239,2024-28-702
23636,15,13.537202,2024-29-702
23637,6,10.616668,2024-30-702
23638,8,10.919768,2024-31-702
23639,8,6.182749,2024-32-702
23640,12,4.581426,2024-33-702
23641,14,18.37461,2024-34-702
23642,10,15.335585,2024-35-702
23643,9,12.643414,2024-36-702
23644,4,10.876327,2024-37-702
23645,11,10.571566,2024-38-702
23646,8,16.22248,2024-39-702
23647,3,16.883373,2024-40-702
23648,2,12.046109,2024-41-702
23649,6,9.884227,2024-42-702
23650,4,11.6525,2024-43-702
23651,3,11.340896,2024-44-702
23652,6,7.647757,2024-45-702
23653,2,5.432284,2024-46-702
23654,4,6.7481236,2024-47-702
23655,3,6.2968454,2024-48-702
23656,7,6.089926,2024-49-702
23657,11,7.723179,2024-50-702
23658,0,5.0041614,2024-51-702
23659,0,4.450726,2024-52-702
23912,19,9.368503,2024-1-703
23913,14,-1.2445508,2024-2-703
23914,11,9.460678,2024-3-703
23915,16,-0.68026835,2024-4-703
23916,14,3.8370245,2024-5-703
23917,11,4.6192155,2024-6-703
23918,7,20.390429,2024-7-703
23919,8,5.0142174,2024-8-703
23920,6,12.691186,2024-9-703
23921,5,19.099373,2024-10-703
23922,10,16.294338,2024-11-703
23923,10,7.977132,2024-12-703
23924,7,9.665956,2024-13-703
23925,13,8.043397,2024-14-703
23926,8,9.277398,2024-15-703
23927,8,14.621523,2024-16-703
23928,4,17.810865,2024-17-703
23929,9,13.569014,2024-18-703
23930,6,23.536015,2024-19-703
23931,1,21.403633,2024-20-703
23932,0,26.869225,2024-21-703
23933,5,16.426918,2024-22-703
23934,5,10.925882,2024-23-703
23935,4,9.354824,2024-24-703
23936,3,6.6609945,2024-25-703
23937,0,4.0126085,2024-26-703
23938,5,6.8556595,2024-27-703
23939,4,9.480105,2024-28-703
23940,3,10.731767,2024-29-703
23941,6,10.013076,2024-30-703
23942,5,5.5043197,2024-31-703
23943,6,6.177259,2024-32-703
23944,8,7.617863,2024-33-703
23945,0,9.415962,2024-34-703
23946,2,9.219753,2024-35-703
23947,4,8.736629,2024-36-703
23948,1,10.767981,2024-37-703
23949,6,10.459368,2024-38-703
23950,3,5.37359,2024-39-703
23951,3,4.142749,2024-40-703
23952,3,5.716828,2024-41-703
23953,2,3.7848043,2024-42-703
23954,0,7.721996,2024-43-703
23955,1,8.262114,2024-44-703
23956,1,6.7214456,2024-45-703
23957,3,6.257682,2024-46-703
23958,4,4.0284343,2024-47-703
23959,6,2.7315369,2024-48-703
23960,3,1.949415,2024-49-703
23961,1,1.0552957,2024-50-703
23962,1,2.9865634,2024-51-703
23963,2,4.4718146,2024-52-703
24216,0,5.053782,2024-1-704
24217,2,1.863483,2024-2-704
24218,0,5.7433376,2024-3-704
24219,3,3.6446366,2024-4-704
24220,2,8.443532,2024-5-704
24221,1,1.0061731,2024-6-704
24222,2,5.9560924,2024-7-704
24223,4,1.5261289,2024-8-704
24224,3,1.3650095,2024-9-704
24225,1,2.3690739,2024-10-704
24226,1,2.3499236,2024-11-704
24227,0,2.0957341,2024-12-704
24228,0,2.983891,2024-13-704
24229,1,3.672344,2024-14-704
24230,0,4.7683363,2024-15-704
24231,4,4.3087234,2024-16-704
24232,1,2.348292,2024-17-704
24233,0,1.7733401,2024-18-704
24234,2,2.3100486,2024-19-704
24235,0,1.2284812,2024-20-704
24236,0,5.9582043,2024-21-704
24237,4,6.7413025,2024-22-704
24238,2,3.1585314,2024-23-704
24239,1,2.204229,2024-24-704
24240,3,1.0684637,2024-25-704
24241,0,0.97287214,2024-26-704
24242,1,5.0285273,2024-27-704
24243,2,4.575742,2024-28-704
24244,7,3.7736104,2024-29-704
24245,5,5.146057,2024-30-704
24246,7,2.4191668,2024-31-704
24247,4,2.2806284,2024-32-704
24248,6,2.449898,2024-33-704
24249,5,6.948899,2024-34-704
24250,11,9.701945,2024-35-704
24251,3,10.573615,2024-36-704
24252,3,8.751382,2024-37-704
24253,3,10.55955,2024-38-704
24254,7,9.763264,2024-39-704
24255,4,12.576377,2024-40-704
24256,4,8.064546,2024-41-704
24257,5,6.697924,2024-42-704
24258,2,5.951634,2024-43-704
24259,4,8.087414,2024-44-704
24260,5,6.5464425,2024-45-704
24261,0,6.791978,2024-46-704
24262,3,6.862478,2024-47-704
24263,4,5.8596935,2024-48-704
24264,4,5.237379,2024-49-704
24265,0,5.82802,2024-50-704
24266,0,4.651683,2024-51-704
24267,0,3.6049638,2024-52-704
24520,5,8.463143,2024-1-705
24521,4,3.6072047,2024-2-705
24522,3,2.7052188,2024-3-705
24523,4,1.1368113,2024-4-705
24524,4,5.9792686,2024-5-705
24525,5,4.102918,2024-6-705
24526,5,5.4296193,2024-7-705
24527,5,2.6218433,2024-8-705
24528,5,7.9644914,2024-9-705
24529,4,11.342996,2024-10-705
24530,6,8.001833,2024-11-705
24531,5,5.964344,2024-12-705
24532,4,10.933069,2024-13-705
24533,1,11.4840145,2024-14-705
24534,3,12.385247,2024-15-705
24535,2,9.613722,2024-16-705
24536,3,13.286281,2024-17-705
24537,2,10.896024,2024-18-705
24538,1,7.892978,2024-19-705
24539,1,8.607883,2024-20-705
24540,1,10.04891,2024-21-705
24541,5,5.6192713,2024-22-705
24542,1,3.5508664,2024-23-705
24543,2,2.4919715,2024-24-705
24544,0,1.3053905,2024-25-705
24545,2,0.965834,2024-26-705
24546,2,6.081294,2024-27-705
24547,2,3.616649,2024-28-705
24548,0,4.298055,2024-29-705
24549,4,2.0919292,2024-30-705
24550,7,2.6683214,2024-31-705
24551,4,2.094409,2024-32-705
24552,2,2.702436,2024-33-705
24553,10,1.6949478,2024-34-705
24554,4,5.9648185,2024-35-705
24555,4,8.734681,2024-36-705
24556,3,9.164229,2024-37-705
24557,0,8.112909,2024-38-705
24558,4,10.682912,2024-39-705
24559,3,8.768037,2024-40-705
24560,6,8.733158,2024-41-705
24561,6,8.756503,2024-42-705
24562,1,5.5630703,2024-43-705
24563,0,5.246366,2024-44-705
24564,2,6.2718935,2024-45-705
24565,1,8.018332,2024-46-705
24566,3,8.374448,2024-47-705
24567,2,5.756843,2024-48-705
24568,0,3.7834792,2024-49-705
24569,0,2.1798825,2024-50-705
24570,0,1.3891933,2024-51-705
24571,1,2.9115317,2024-52-705
24824,19,5.7023654,2024-1-706
24825,16,-0.58740103,2024-2-706
24826,17,3.6450703,2024-3-706
24827,11,0.3571974,2024-4-706
24828,13,16.3376,2024-5-706
24829,4,2.3552394,2024-6-706
24830,12,27.46047,2024-7-706
24831,9,11.401744,2024-8-706
24832,12,14.500611,2024-9-706
24833,11,16.260344,2024-10-706
24834,8,12.694638,2024-11-706
24835,7,13.095117,2024-12-706
24836,5,11.515971,2024-13-706
24837,5,13.031517,2024-14-706
24838,3,12.219658,2024-15-706
24839,4,14.251708,2024-16-706
24840,6,16.125172,2024-17-706
24841,6,17.354006,2024-18-706
24842,2,14.536214,2024-19-706
24843,4,13.461596,2024-20-706
24844,3,17.415722,2024-21-706
24845,4,18.762508,2024-22-706
24846,5,8.26771,2024-23-706
24847,5,6.808271,2024-24-706
24848,9,6.392122,2024-25-706
24849,7,7.7569947,2024-26-706
24850,10,8.067989,2024-27-706
24851,5,9.586926,2024-28-706
24852,3,10.812755,2024-29-706
24853,3,11.223745,2024-30-706
24854,7,10.5521,2024-31-706
24855,6,11.251415,2024-32-706
24856,5,10.029767,2024-33-706
24857,1,9.2138815,2024-34-706
24858,7,6.95144,2024-35-706
24859,1,8.675262,2024-36-706
24860,2,9.7315035,2024-37-706
24861,4,9.442573,2024-38-706
24862,3,5.4456186,2024-39-706
24863,6,7.9852996,2024-40-706
24864,2,4.092469,2024-41-706
24865,2,4.094996,2024-42-706
24866,2,6.0223784,2024-43-706
24867,2,7.460549,2024-44-706
24868,0,9.135412,2024-45-706
24869,1,6.094783,2024-46-706
24870,0,3.7068696,2024-47-706
24871,0,2.7587469,2024-48-706
24872,1,2.0988111,2024-49-706
24873,0,1.4780624,2024-50-706
24874,3,0.91875577,2024-51-706
24875,1,0.53020376,2024-52-706
252,43,99.443924,2025-1-101
253,34,82.11736,2025-2-101
254,45,45.212982,2025-3-101
255,30,24.553503,2025-4-101
256,25,9.848785,2025-5-101
257,23,48.134453,2025-6-101
258,11,16.961544,2025-7-101
259,30,60.617477,2025-8-101
260,20,15.605512,2025-9-101
261,15,4.2490134,2025-10-101
262,12,14.08916,2025-11-101
263,17,14.585218,2025-12-101
264,20,10.005184,2025-13-101
265,9,10.777152,2025-14-101
266,11,11.666941,2025-15-101
267,12,14.283701,2025-16-101
268,11,14.611898,2025-17-101
269,8,27.585758,2025-18-101
270,6,17.064047,2025-19-101
271,5,14.745076,2025-20-101
272,7,12.81438,2025-21-101
273,8,13.156678,2025-22-101
274,7,11.770002,2025-23-101
275,7,9.633777,2025-24-101
276,10,9.572335,2025-25-101
277,13,9.774573,2025-26-101
278,17,11.487001,2025-27-101
279,18,10.044408,2025-28-101
280,29,9.483914,2025-29-101
281,31,11.834658,2025-30-101
282,40,16.471228,2025-31-101
283,36,20.595531,2025-32-101
284,42,28.556097,2025-33-101
285,65,29.709702,2025-34-101
286,57,23.520176,2025-35-101
287,52,38.10302,2025-36-101
288,71,33.87695,2025-37-101
289,69,20.457952,2025-38-101
290,69,56.175793,2025-39-101
291,68,66.03109,2025-40-101
292,68,55.003876,2025-41-101
293,44,67.69083,2025-42-101
294,32,71.22498,2025-43-101
295,31,69.67837,2025-44-101
296,47,63.74602,2025-45-101
297,42,73.51425,2025-46-101
298,44,61.26824,2025-47-101
299,24,26.62165,2025-48-101
300,31,22.07231,2025-49-101
301,36,41.24073,2025-50-101
302,29,41.544746,2025-51-101
303,5,45.57339,2025-52-101
556,2,3.1822646,2025-1-102
557,2,2.457867,2025-2-102
558,0,0.6371449,2025-3-102
559,3,-0.0812999,2025-4-102
560,1,0.2185723,2025-5-102
561,0,0.75478846,2025-6-102
562,0,1.0884597,2025-7-102
563,0,0.8152505,2025-8-102
564,1,1.9511619,2025-9-102
565,0,1.2779169,2025-10-102
566,2,1.33536,2025-11-102
567,0,0.580909,2025-12-102
568,1,0.15162285,2025-13-102
569,0,0.15106702,2025-14-102
570,0,0.24883452,2025-15-102
571,0,0.5274857,2025-16-102
572,0,0.6469303,2025-17-102
573,0,0.9339485,2025-18-102
574,2,0.48547578,2025-19-102
575,1,0.35149452,2025-20-102
576,0,0.6660364,2025-21-102
577,1,0.30955127,2025-22-102
578,0,0.39407003,2025-23-102
579,0,1.397728,2025-24-102
580,0,1.2890475,2025-25-102
581,0,0.8422691,2025-26-102
582,0,1.026631,2025-27-102
583,0,0.56899005,2025-28-102
584,0,0.34827814,2025-29-102
585,3,0.45921594,2025-30-102
586,1,0.1821327,2025-31-102
587,4,0.2090616,2025-32-102
588,1,0.38315752,2025-33-102
589,4,0.45214128,2025-34-102
590,0,2.6814725,2025-35-102
591,2,2.2105997,2025-36-102
592,4,3.5763447,2025-37-102
593,0,3.9835136,2025-38-102
594,0,3.3682802,2025-39-102
595,2,2.1294382,2025-40-102
596,5,1.8910024,2025-41-102
597,1,2.7928731,2025-42-102
598,1,1.7048306,2025-43-102
599,1,1.6219075,2025-44-102
600,2,1.3921676,2025-45-102
601,0,2.336024,2025-46-102
602,1,1.6643409,2025-47-102
603,2,1.8212826,2025-48-102
604,3,1.0495689,2025-49-102
605,0,1.0789733,2025-50-102
606,0,0.66122186,2025-51-102
607,0,0.7143631,2025-52-102
860,12,13.468814,2025-1-103
861,6,6.125449,2025-2-103
862,10,6.3378735,2025-3-103
863,5,2.0859613,2025-4-103
864,4,2.0441875,2025-5-103
865,2,6.1662426,2025-6-103
866,0,4.454203,2025-7-103
867,1,5.5073752,2025-8-103
868,1,5.0340586,2025-9-103
869,1,3.8761454,2025-10-103
870,1,3.2602012,2025-11-103
871,0,2.3773835,2025-12-103
872,0,1.2371674,2025-13-103
873,1,0.5383192,2025-14-103
874,2,0.29560226,2025-15-103
875,0,0.52361727,2025-16-103
876,0,0.3858244,2025-17-103
877,0,0.26385784,2025-18-103
878,0,0.2602135,2025-19-103
879,0,1.2065418,2025-20-103
880,0,0.59662706,2025-21-103
881,0,0.6758064,2025-22-103
882,1,0.6939903,2025-23-103
883,2,0.050531227,2025-24-103
884,4,0.08533754,2025-25-103
885,1,0.19331235,2025-26-103
886,1,0.042406965,2025-27-103
887,3,0.37123853,2025-28-103
888,5,1.3065518,2025-29-103
889,2,3.4170818,2025-30-103
890,2,3.8736424,2025-31-103
891,3,2.3279293,2025-32-103
892,2,3.0292726,2025-33-103
893,3,4.0330067,2025-34-103
894,5,5.984892,2025-35-103
895,4,3.4253747,2025-36-103
896,3,3.4240828,2025-37-103
897,4,2.7497442,2025-38-103
898,3,2.9697735,2025-39-103
899,6,3.4978952,2025-40-103
900,4,3.7720163,2025-41-103
901,4,3.4604568,2025-42-103
902,0,3.3290217,2025-43-103
903,1,3.4167912,2025-44-103
904,0,4.1732388,2025-45-103
905,2,4.0564747,2025-46-103
906,1,3.7347705,2025-47-103
907,1,2.9856272,2025-48-103
908,3,1.9301658,2025-49-103
909,2,0.74964553,2025-50-103
910,0,0.7929495,2025-51-103
911,1,0.7563205,2025-52-103
1164,0,4.677654,2025-1-104
1165,0,3.9264357,2025-2-104
1166,0,2.6561394,2025-3-104
1167,0,2.7744646,2025-4-104
1168,0,1.720512,2025-5-104
1169,0,1.5608631,2025-6-104
1170,0,0.88465387,2025-7-104
1171,0,0.30106455,2025-8-104
1172,0,0.18348496,2025-9-104
1173,1,0.16772564,2025-10-104
1174,1,0.1425513,2025-11-104
1175,1,0.2034945,2025-12-104
1176,0,0.15326568,2025-13-104
1177,0,0.14167787,2025-14-104
1178,0,0.4428994,2025-15-104
1179,0,0.59855485,2025-16-104
1180,1,0.5359743,2025-17-104
1181,0,0.5710538,2025-18-104
1182,0,0.37189722,2025-19-104
1183,0,0.39495388,2025-20-104
1184,0,0.41920793,2025-21-104
1185,1,0.7004588,2025-22-104
1186,0,0.4312778,2025-23-104
1187,1,0.38720378,2025-24-104
1188,0,0.5977903,2025-25-104
1189,0,0.47240937,2025-26-104
1190,0,0.51761425,2025-27-104
1191,0,0.4750056,2025-28-104
1192,0,0.7986399,2025-29-104
1193,0,0.7901827,2025-30-104
1194,0,0.46580797,2025-31-104
1195,0,0.6132062,2025-32-104
1196,0,0.39931107,2025-33-104
1197,0,0.4268853,2025-34-104
1198,0,0.38095316,2025-35-104
1199,0,0.32070687,2025-36-104
1200,0,0.32070687,2025-37-104
1201,1,0.30627167,2025-38-104
1202,0,0.36865416,2025-39-104
1203,0,0.20953272,2025-40-104
1204,0,0.20953272,2025-41-104
1205,0,0.24318604,2025-42-104
1206,0,0.42302552,2025-43-104
1207,1,0.35455415,2025-44-104
1208,2,0.37060392,2025-45-104
1209,0,0.33155614,2025-46-104
1210,0,0.20953272,2025-47-104
1211,0,0.20953272,2025-48-104
1212,0,0.44009328,2025-49-104
1213,0,1.1150221,2025-50-104
1214,0,0.6337055,2025-51-104
1215,0,0.7477161,2025-52-104
1468,0,0.15209715,2025-1-105
1469,0,0.13533053,2025-2-105
1470,0,0.13793924,2025-3-105
1471,0,0.19169153,2025-4-105
1472,0,0.23253576,2025-5-105
1473,0,0.23707156,2025-6-105
1474,0,0.09981098,2025-7-105
1475,0,0.1425513,2025-8-105
1476,1,0.17824394,2025-9-105
1477,0,0.16692844,2025-10-105
1478,0,0.13643685,2025-11-105
1479,0,0.16780187,2025-12-105
1480,1,0.13643685,2025-13-105
1481,0,0.33382693,2025-14-105
1482,0,0.2518408,2025-15-105
1483,0,0.24318513,2025-16-105
1484,0,0.36103842,2025-17-105
1485,0,0.5858724,2025-18-105
1486,0,0.27621993,2025-19-105
1487,0,0.460567,2025-20-105
1488,0,0.6660364,2025-21-105
1489,0,0.3452439,2025-22-105
1490,0,0.39931107,2025-23-105
1491,0,0.2902386,2025-24-105
1492,0,0.44383597,2025-25-105
1493,0,0.55101365,2025-26-105
1494,0,0.40010825,2025-27-105
1495,0,0.48783392,2025-28-105
1496,0,0.55101365,2025-29-105
1497,0,0.48783392,2025-30-105
1498,0,0.39931107,2025-31-105
1499,0,0.42623994,2025-32-105
1500,0,0.39931107,2025-33-105
1501,0,0.44303882,2025-34-105
1502,0,0.55021644,2025-35-105
1503,0,0.39931107,2025-36-105
1504,0,0.39931107,2025-37-105
1505,0,0.38567305,2025-38-105
1506,0,0.44805554,2025-39-105
1507,0,0.20873553,2025-40-105
1508,0,0.20953272,2025-41-105
1509,0,0.24318604,2025-42-105
1510,0,0.20873553,2025-43-105
1511,0,0.24398322,2025-44-105
1512,0,0.20873553,2025-45-105
1513,0,0.20873553,2025-46-105
1514,0,0.20953272,2025-47-105
1515,1,0.20873553,2025-48-105
1516,0,0.23333296,2025-49-105
1517,0,0.20953272,2025-50-105
1518,0,0.20953272,2025-51-105
1519,0,0.24318604,2025-52-105
1772,0,0.24452037,2025-1-106
1773,1,0.19958964,2025-2-106
1774,1,0.12929301,2025-3-106
1775,1,0.043076966,2025-4-106
1776,0,0.2410309,2025-5-106
1777,0,0.2551316,2025-6-106
1778,1,0.37248197,2025-7-106
1779,1,0.3669621,2025-8-106
1780,2,0.34505072,2025-9-106
1781,1,0.32532567,2025-10-106
1782,0,0.18443449,2025-11-106
1783,0,0.32860395,2025-12-106
1784,0,0.24326769,2025-13-106
1785,0,0.81915486,2025-14-106
1786,0,0.8134123,2025-15-106
1787,1,0.7290713,2025-16-106
1788,1,0.3879537,2025-17-106
1789,0,0.23305358,2025-18-106
1790,0,-0.022885974,2025-19-106
1791,0,0.04608741,2025-20-106
1792,0,0.24728052,2025-21-106
1793,0,0.5052255,2025-22-106
1794,0,0.21850632,2025-23-106
1795,0,0.30479148,2025-24-106
1796,0,0.273898,2025-25-106
1797,0,0.19331235,2025-26-106
1798,2,0.042406965,2025-27-106
1799,0,0.08533754,2025-28-106
1800,0,0.19331235,2025-29-106
1801,0,0.08613474,2025-30-106
1802,0,0.041609768,2025-31-106
1803,0,0.9555305,2025-32-106
1804,0,0.45133907,2025-33-106
1805,2,0.46784377,2025-34-106
1806,1,0.40214825,2025-35-106
1807,1,0.041609768,2025-36-106
1808,0,0.041609768,2025-37-106
1809,0,0.10037347,2025-38-106
1810,0,1.1127224,2025-39-106
1811,0,0.6524389,2025-40-106
1812,0,0.6546149,2025-41-106
1813,1,0.5262969,2025-42-106
1814,0,0.25673303,2025-43-106
1815,0,0.22548395,2025-44-106
1816,0,0.06821254,2025-45-106
1817,0,0.06821254,2025-46-106
1818,1,0.19443859,2025-47-106
1819,1,0.17958063,2025-48-106
1820,1,0.1324264,2025-49-106
1821,1,0.19103341,2025-50-106
1822,0,0.08353265,2025-51-106
1823,1,0.30703282,2025-52-106
2076,1,4.730806,2025-1-107
2077,3,3.7790506,2025-2-107
2078,0,3.2829545,2025-3-107
2079,0,2.4688506,2025-4-107
2080,0,2.2115228,2025-5-107
2081,1,1.2785994,2025-6-107
2082,0,2.2517145,2025-7-107
2083,2,1.1162868,2025-8-107
2084,2,1.4521458,2025-9-107
2085,0,0.6201438,2025-10-107
2086,0,0.33382693,2025-11-107
2087,1,0.3138941,2025-12-107
2088,0,0.9543352,2025-13-107
2089,1,1.5158107,2025-14-107
2090,0,1.0587313,2025-15-107
2091,0,0.98471314,2025-16-107
2092,0,0.65936977,2025-17-107
2093,0,0.3167931,2025-18-107
2094,0,0.38152397,2025-19-107
2095,1,0.55353725,2025-20-107
2096,0,0.43295848,2025-21-107
2097,0,0.4857758,2025-22-107
2098,0,0.32070687,2025-23-107
2099,0,0.32070687,2025-24-107
2100,0,0.77014637,2025-25-107
2101,1,0.5829806,2025-26-107
2102,0,0.41455123,2025-27-107
2103,0,0.6755973,2025-28-107
2104,0,0.55101365,2025-29-107
2105,0,0.45835888,2025-30-107
2106,0,0.59542125,2025-31-107
2107,0,0.53601384,2025-32-107
2108,0,0.44965446,2025-33-107
2109,0,0.6146487,2025-34-107
2110,0,0.47408026,2025-35-107
2111,0,0.33522978,2025-36-107
2112,0,0.41383398,2025-37-107
2113,1,0.3546037,2025-38-107
2114,0,0.4363375,2025-39-107
2115,0,0.28847367,2025-40-107
2116,1,0.20953272,2025-41-107
2117,0,0.24318604,2025-42-107
2118,0,0.42302552,2025-43-107
2119,0,0.35455415,2025-44-107
2120,0,0.27523234,2025-45-107
2121,1,0.5450492,2025-46-107
2122,1,0.32010356,2025-47-107
2123,0,0.37060392,2025-48-107
2124,0,0.49857733,2025-49-107
2125,0,0.25278103,2025-50-107
2126,0,0.4323074,2025-51-107
2127,3,0.494749,2025-52-107
2380,1,1.2647623,2025-1-108
2381,4,1.1345241,2025-2-108
2382,4,0.81615716,2025-3-108
2383,0,0.40747654,2025-4-108
2384,1,0.28594264,2025-5-108
2385,1,0.36218107,2025-6-108
2386,0,1.8348233,2025-7-108
2387,0,2.9059646,2025-8-108
2388,1,2.452794,2025-9-108
2389,1,1.903446,2025-10-108
2390,1,0.909262,2025-11-108
2391,0,0.22371458,2025-12-108
2392,0,0.1896755,2025-13-108
2393,1,0.31038612,2025-14-108
2394,1,0.2291052,2025-15-108
2395,0,0.33585367,2025-16-108
2396,1,0.3858244,2025-17-108
2397,0,0.26385784,2025-18-108
2398,0,0.2602135,2025-19-108
2399,1,0.30647716,2025-20-108
2400,0,0.29746822,2025-21-108
2401,1,0.4508131,2025-22-108
2402,0,0.3397726,2025-23-108
2403,0,0.11702825,2025-24-108
2404,0,0.55900204,2025-25-108
2405,1,0.30308583,2025-26-108
2406,1,0.29795596,2025-27-108
2407,0,0.42846677,2025-28-108
2408,0,0.20775539,2025-29-108
2409,0,0.3186931,2025-30-108
2410,0,0.16703857,2025-31-108
2411,1,0.4194183,2025-32-108
2412,1,0.16742085,2025-33-108
2413,0,0.45565963,2025-34-108
2414,1,0.27346584,2025-35-108
2415,0,0.041609768,2025-36-108
2416,0,0.28271562,2025-37-108
2417,3,0.44815746,2025-38-108
2418,1,0.2907151,2025-39-108
2419,0,0.40034196,2025-40-108
2420,0,0.34961614,2025-41-108
2421,1,0.1691602,2025-42-108
2422,1,1.6484234,2025-43-108
2423,0,1.1800929,2025-44-108
2424,0,1.3921752,2025-45-108
2425,1,0.587925,2025-46-108
2426,1,0.3346421,2025-47-108
2427,0,0.30500934,2025-48-108
2428,1,0.22847417,2025-49-108
2429,0,0.20547639,2025-50-108
2430,3,0.33384493,2025-51-108
2431,0,0.3042502,2025-52-108
2684,3,6.454667,2025-1-109
2685,2,4.4407997,2025-2-109
2686,1,4.2482085,2025-3-109
2687,1,3.8756976,2025-4-109
2688,0,3.3713253,2025-5-109
2689,2,2.814826,2025-6-109
2690,3,2.1583881,2025-7-109
2691,1,1.8307574,2025-8-109
2692,3,1.0960162,2025-9-109
2693,2,0.46105793,2025-10-109
2694,0,0.93294597,2025-11-109
2695,2,1.962664,2025-12-109
2696,1,1.5381229,2025-13-109
2697,1,2.5388656,2025-14-109
2698,0,2.1656291,2025-15-109
2699,2,1.7034883,2025-16-109
2700,0,1.5865618,2025-17-109
2701,1,1.3375227,2025-18-109
2702,2,0.80338115,2025-19-109
2703,3,0.8103702,2025-20-109
2704,1,1.7372136,2025-21-109
2705,1,1.0221218,2025-22-109
2706,1,1.1097583,2025-23-109
2707,3,1.9656756,2025-24-109
2708,4,3.571199,2025-25-109
2709,3,2.6736941,2025-26-109
2710,2,2.318686,2025-27-109
2711,5,1.0288689,2025-28-109
2712,2,2.8318536,2025-29-109
2713,2,4.924282,2025-30-109
2714,0,7.2294035,2025-31-109
2715,0,4.192039,2025-32-109
2716,1,5.2518516,2025-33-109
2717,2,5.7584996,2025-34-109
2718,3,3.660073,2025-35-109
2719,1,2.1510067,2025-36-109
2720,3,1.0775579,2025-37-109
2721,0,0.7201842,2025-38-109
2722,5,1.5251744,2025-39-109
2723,5,1.9913129,2025-40-109
2724,3,1.8467675,2025-41-109
2725,7,2.6017542,2025-42-109
2726,6,1.4634475,2025-43-109
2727,7,2.7366745,2025-44-109
2728,3,4.0555797,2025-45-109
2729,3,3.6470723,2025-46-109
2730,7,4.7360945,2025-47-109
2731,5,5.0034323,2025-48-109
2732,4,5.003781,2025-49-109
2733,7,4.2043,2025-50-109
2734,6,3.2873504,2025-51-109
2735,0,4.4584637,2025-52-109
2988,6,86.424324,2025-1-110
2989,6,16.1143,2025-2-110
2990,7,14.82524,2025-3-110
2991,4,4.320109,2025-4-110
2992,4,19.371964,2025-5-110
2993,4,12.8439045,2025-6-110
2994,4,3.5359411,2025-7-110
2995,2,4.7960196,2025-8-110
2996,7,3.8620136,2025-9-110
2997,2,3.4771523,2025-10-110
2998,5,3.9855928,2025-11-110
2999,3,3.6248844,2025-12-110
3000,2,3.2386227,2025-13-110
3001,0,5.612546,2025-14-110
3002,2,2.7006247,2025-15-110
3003,2,3.2221498,2025-16-110
3004,0,4.7113304,2025-17-110
3005,0,3.893779,2025-18-110
3006,1,2.6402457,2025-19-110
3007,2,1.8402075,2025-20-110
3008,1,1.7495815,2025-21-110
3009,1,0.96193767,2025-22-110
3010,1,1.09265,2025-23-110
3011,4,0.58300817,2025-24-110
3012,3,1.2921814,2025-25-110
3013,0,0.7738018,2025-26-110
3014,4,0.91327256,2025-27-110
3015,0,0.5990018,2025-28-110
3016,6,3.1779206,2025-29-110
3017,4,6.6222773,2025-30-110
3018,7,3.3334897,2025-31-110
3019,7,4.0299244,2025-32-110
3020,13,3.6200793,2025-33-110
3021,10,5.3673873,2025-34-110
3022,10,7.356094,2025-35-110
3023,10,9.051143,2025-36-110
3024,12,9.000586,2025-37-110
3025,8,12.584558,2025-38-110
3026,8,12.493259,2025-39-110
3027,15,7.5747194,2025-40-110
3028,9,7.5096173,2025-41-110
3029,12,8.24233,2025-42-110
3030,8,5.941235,2025-43-110
3031,6,5.9663806,2025-44-110
3032,3,13.27514,2025-45-110
3033,5,8.447215,2025-46-110
3034,6,8.937057,2025-47-110
3035,1,6.274117,2025-48-110
3036,3,4.9940124,2025-49-110
3037,2,4.868691,2025-50-110
3038,8,3.8962617,2025-51-110
3039,6,4.618701,2025-52-110
3292,0,0.7966804,2025-1-111
3293,0,0.41738787,2025-2-111
3294,1,0.4006882,2025-3-111
3295,0,0.2707177,2025-4-111
3296,0,0.7495475,2025-5-111
3297,0,0.5061068,2025-6-111
3298,1,0.55664086,2025-7-111
3299,0,0.23016685,2025-8-111
3300,0,0.15312493,2025-9-111
3301,0,0.09290252,2025-10-111
3302,0,0.11793753,2025-11-111
3303,0,0.20658034,2025-12-111
3304,0,0.1522515,2025-13-111
3305,0,0.016395245,2025-14-111
3306,0,0.17475581,2025-15-111
3307,0,0.027243836,2025-16-111
3308,1,0.021164466,2025-17-111
3309,0,0.045290213,2025-18-111
3310,0,-0.022885974,2025-19-111
3311,0,0.045290213,2025-20-111
3312,0,0.075776644,2025-21-111
3313,0,0.1965528,2025-22-111
3314,0,0.19495168,2025-23-111
3315,0,0.108106785,2025-24-111
3316,0,0.3186931,2025-25-111
3317,0,0.10185609,2025-26-111
3318,0,0.042406965,2025-27-111
3319,0,0.08533754,2025-28-111
3320,0,0.19331235,2025-29-111
3321,0,0.13092987,2025-30-111
3322,0,0.041609768,2025-31-111
3323,0,0.06853866,2025-32-111
3324,0,0.042406965,2025-33-111
3325,1,0.1139791,2025-34-111
3326,0,0.19251515,2025-35-111
3327,0,0.041609768,2025-36-111
3328,0,0.041609768,2025-37-111
3329,0,0.1459658,2025-38-111
3330,0,0.24514446,2025-39-111
3331,0,0.17958063,2025-40-111
3332,0,0.13470966,2025-41-111
3333,1,0.5775723,2025-42-111
3334,0,0.06821254,2025-43-111
3335,1,0.103460334,2025-44-111
3336,2,0.06821254,2025-45-111
3337,0,0.06821254,2025-46-111
3338,1,0.21261856,2025-47-111
3339,0,0.17958063,2025-48-111
3340,0,0.24333222,2025-49-111
3341,0,0.94166404,2025-50-111
3342,2,0.49318248,2025-51-111
3343,0,0.7143631,2025-52-111
3596,0,1.0197576,2025-1-112
3597,0,0.5652494,2025-2-112
3598,0,2.185933,2025-3-112
3599,0,1.9390483,2025-4-112
3600,0,1.7810191,2025-5-112
3601,1,0.9869233,2025-6-112
3602,0,0.58840126,2025-7-112
3603,0,0.08185368,2025-8-112
3604,0,0.15440366,2025-9-112
3605,0,0.15089507,2025-10-112
3606,0,0.33382693,2025-11-112
3607,0,0.3138941,2025-12-112
3608,0,0.2277138,2025-13-112
3609,0,0.32944107,2025-14-112
3610,1,0.24550924,2025-15-112
3611,0,0.28576064,2025-16-112
3612,0,0.16168742,2025-17-112
3613,0,0.28499755,2025-18-112
3614,0,0.11763692,2025-19-112
3615,0,0.5975822,2025-20-112
3616,0,0.6082119,2025-21-112
3617,1,0.5384852,2025-22-112
3618,0,0.6010345,2025-23-112
3619,0,0.39931107,2025-24-112
3620,0,0.44383597,2025-25-112
3621,0,0.55101365,2025-26-112
3622,0,0.59621847,2025-27-112
3623,0,0.59840494,2025-28-112
3624,0,0.34827814,2025-29-112
3625,0,0.6763945,2025-30-112
3626,0,0.39931107,2025-31-112
3627,0,0.2090616,2025-32-112
3628,0,0.39931107,2025-33-112
3629,0,0.4716804,2025-34-112
3630,0,0.45955735,2025-35-112
3631,0,0.39931107,2025-36-112
3632,1,0.39931107,2025-37-112
3633,0,0.38567305,2025-38-112
3634,1,0.44725835,2025-39-112
3635,0,0.20953272,2025-40-112
3636,0,0.20953272,2025-41-112
3637,0,0.4574761,2025-42-112
3638,0,0.31930637,2025-43-112
3639,0,0.4545362,2025-44-112
3640,2,0.45529008,2025-45-112
3641,0,0.35995364,2025-46-112
3642,0,0.33155614,2025-47-112
3643,0,0.20873553,2025-48-112
3644,0,0.23333296,2025-49-112
3645,1,0.972593,2025-50-112
3646,1,0.6192623,2025-51-112
3647,0,0.52781034,2025-52-112
3900,7,6.5810037,2025-1-113
3901,7,7.7258983,2025-2-113
3902,0,5.3005366,2025-3-113
3903,1,3.4288633,2025-4-113
3904,1,2.9625604,2025-5-113
3905,0,4.680092,2025-6-113
3906,2,4.223401,2025-7-113
3907,0,3.3548203,2025-8-113
3908,0,1.9202845,2025-9-113
3909,1,0.8044305,2025-10-113
3910,1,0.1778148,2025-11-113
3911,0,0.851025,2025-12-113
3912,1,0.5325,2025-13-113
3913,0,0.40522403,2025-14-113
3914,0,0.5426379,2025-15-113
3915,2,0.23387021,2025-16-113
3916,0,0.20871131,2025-17-113
3917,0,0.41901106,2025-18-113
3918,0,0.2723484,2025-19-113
3919,0,0.14023155,2025-20-113
3920,0,1.4173127,2025-21-113
3921,0,0.58066714,2025-22-113
3922,0,0.55091435,2025-23-113
3923,0,0.5476776,2025-24-113
3924,0,0.2714526,2025-25-113
3925,1,0.3330379,2025-26-113
3926,0,0.1829299,2025-27-113
3927,1,0.27065542,2025-28-113
3928,0,0.2785969,2025-29-113
3929,1,0.24681526,2025-30-113
3930,1,0.3336547,2025-31-113
3931,1,0.2389596,2025-32-113
3932,2,0.47861496,2025-33-113
3933,0,0.7283279,2025-34-113
3934,1,0.59926873,2025-35-113
3935,1,1.0574448,2025-36-113
3936,1,0.5430838,2025-37-113
3937,0,1.408094,2025-38-113
3938,0,0.7241883,2025-39-113
3939,0,0.8744838,2025-40-113
3940,2,0.73628545,2025-41-113
3941,0,0.6579189,2025-42-113
3942,2,0.42038566,2025-43-113
3943,0,0.3351069,2025-44-113
3944,1,0.2255239,2025-45-113
3945,6,0.7264524,2025-46-113
3946,0,0.5267512,2025-47-113
3947,1,1.3074768,2025-48-113
3948,1,0.7684477,2025-49-113
3949,2,0.576148,2025-50-113
3950,1,3.1941662,2025-51-113
3951,2,2.0185735,2025-52-113
4204,0,0.19402364,2025-1-114
4205,1,0.9325015,2025-2-114
4206,0,0.5394117,2025-3-114
4207,0,0.4604787,2025-4-114
4208,0,0.34506112,2025-5-114
4209,0,0.096548684,2025-6-114
4210,1,0.13858949,2025-7-114
4211,0,0.12347051,2025-8-114
4212,0,0.036807787,2025-9-114
4213,0,0.15454358,2025-10-114
4214,0,-0.0040860986,2025-11-114
4215,0,0.20658034,2025-12-114
4216,0,0.1522515,2025-13-114
4217,0,0.016395245,2025-14-114
4218,0,0.18620329,2025-15-114
4219,0,0.027243836,2025-16-114
4220,0,0.021164466,2025-17-114
4221,0,0.029136676,2025-18-114
4222,0,-0.022885974,2025-19-114
4223,0,0.045290213,2025-20-114
4224,1,0.12057174,2025-21-114
4225,0,0.08938301,2025-22-114
4226,0,0.041609768,2025-23-114
4227,0,0.050531227,2025-24-114
4228,1,0.13092987,2025-25-114
4229,0,0.41077286,2025-26-114
4230,0,0.2009899,2025-27-114
4231,0,0.1966297,2025-28-114
4232,0,0.38107553,2025-29-114
4233,1,0.46406764,2025-30-114
4234,0,0.15218061,2025-31-114
4235,0,0.22961012,2025-32-114
4236,0,0.23017034,2025-33-114
4237,1,0.10682502,2025-34-114
4238,0,0.22728488,2025-35-114
4239,1,0.20019269,2025-36-114
4240,0,0.108106785,2025-37-114
4241,0,0.26719207,2025-38-114
4242,0,0.2612979,2025-39-114
4243,1,0.22679552,2025-40-114
4244,0,0.22706166,2025-41-114
4245,0,0.38326955,2025-42-114
4246,0,0.13470966,2025-43-114
4247,0,0.22548395,2025-44-114
4248,0,0.1936414,2025-45-114
4249,1,0.17878343,2025-46-114
4250,1,0.23008123,2025-47-114
4251,0,0.19103341,2025-48-114
4252,0,0.103460334,2025-49-114
4253,0,0.069009736,2025-50-114
4254,0,0.21182136,2025-51-114
4255,1,0.3042502,2025-52-114
4508,1,1.7180061,2025-1-115
4509,1,1.1192148,2025-2-115
4510,1,1.387054,2025-3-115
4511,0,0.36713287,2025-4-115
4512,0,0.28506917,2025-5-115
4513,0,0.36218107,2025-6-115
4514,1,0.24457988,2025-7-115
4515,1,0.3106382,2025-8-115
4516,1,0.30595288,2025-9-115
4517,0,0.20968506,2025-10-115
4518,0,0.11793753,2025-11-115
4519,1,0.14787336,2025-12-115
4520,0,0.23802668,2025-13-115
4521,0,0.30452374,2025-14-115
4522,0,0.36730698,2025-15-115
4523,0,-0.022612162,2025-16-115
4524,0,0.34628695,2025-17-115
4525,1,0.13064747,2025-18-115
4526,0,0.022888606,2025-19-115
4527,0,0.23305358,2025-20-115
4528,0,0.1579375,2025-21-115
4529,0,0.06984392,2025-22-115
4530,0,0.39874798,2025-23-115
4531,0,0.23755845,2025-24-115
4532,0,0.32044542,2025-25-115
4533,0,0.41877782,2025-26-115
4534,0,0.09155666,2025-27-115
4535,0,0.1686321,2025-28-115
4536,0,0.19331235,2025-29-115
4537,0,0.1694293,2025-30-115
4538,0,0.041609768,2025-31-115
4539,1,0.06774146,2025-32-115
4540,0,0.054697707,2025-33-115
4541,0,0.18817763,2025-34-115
4542,0,0.14359842,2025-35-115
4543,0,0.092201896,2025-36-115
4544,0,0.2933659,2025-37-115
4545,0,0.3144017,2025-38-115
4546,0,0.096439704,2025-39-115
4547,0,0.18499519,2025-40-115
4548,0,0.06821254,2025-41-115
4549,0,0.13110746,2025-42-115
4550,0,0.06821254,2025-43-115
4551,0,0.13190466,2025-44-115
4552,0,0.06821254,2025-45-115
4553,0,0.06821254,2025-46-115
4554,0,0.069009736,2025-47-115
4555,0,0.07886282,2025-48-115
4556,0,0.103460334,2025-49-115
4557,0,0.05285622,2025-50-115
4558,0,0.06821254,2025-51-115
4559,0,0.06697049,2025-52-115
4812,0,1.1776845,2025-1-116
4813,0,0.7981816,2025-2-116
4814,0,0.59497535,2025-3-116
4815,0,0.4210275,2025-4-116
4816,0,0.3044419,2025-5-116
4817,0,0.3590951,2025-6-116
4818,0,0.38637584,2025-7-116
4819,0,0.15787141,2025-8-116
4820,0,0.1620904,2025-9-116
4821,0,0.16692844,2025-10-116
4822,0,0.15095976,2025-11-116
4823,0,0.21801741,2025-12-116
4824,0,0.14167787,2025-13-116
4825,0,0.13643685,2025-14-116
4826,0,0.26003215,2025-15-116
4827,0,0.19121116,2025-16-116
4828,0,0.24062838,2025-17-116
4829,0,1.0370691,2025-18-116
4830,0,0.086935736,2025-19-116
4831,0,0.28792855,2025-20-116
4832,0,0.43707886,2025-21-116
4833,0,0.23430799,2025-22-116
4834,0,0.3677615,2025-23-116
4835,0,0.0021174992,2025-24-116
4836,0,0.043076918,2025-25-116
4837,1,0.440523,2025-26-116
4838,0,0.27264225,2025-27-116
4839,0,0.34825635,2025-28-116
4840,0,0.50496584,2025-29-116
4841,0,0.37975472,2025-30-116
4842,0,0.51681703,2025-31-116
4843,0,0.45740956,2025-32-116
4844,0,0.33594704,2025-33-116
4845,0,0.61718947,2025-34-116
4846,0,0.32885748,2025-35-116
4847,0,0.32070687,2025-36-116
4848,0,0.35264924,2025-37-116
4849,0,0.26147658,2025-38-116
4850,0,0.27799514,2025-39-116
4851,0,0.20953272,2025-40-116
4852,0,0.20953272,2025-41-116
4853,0,0.24318604,2025-42-116
4854,0,0.20873553,2025-43-116
4855,0,0.24398322,2025-44-116
4856,0,0.20953272,2025-45-116
4857,0,0.20953272,2025-46-116
4858,0,0.20953272,2025-47-116
4859,0,0.22405563,2025-48-116
4860,0,0.24398322,2025-49-116
4861,0,0.17384009,2025-50-116
4862,0,0.2042917,2025-51-116
4863,0,0.2220163,2025-52-116
5116,0,0.069009736,2025-1-117
5117,0,0.008066566,2025-2-117
5118,0,0.0028255591,2025-3-117
5119,0,0.04227976,2025-4-117
5120,0,0.09130767,2025-5-117
5121,0,0.096548684,2025-6-117
5122,0,-0.041509137,2025-7-117
5123,0,0.0020283563,2025-8-117
5124,0,0.0136161605,2025-9-117
5125,0,0.040928397,2025-10-117
5126,0,0.010436826,2025-11-117
5127,0,0.041801844,2025-12-117
5128,0,0.010436826,2025-13-117
5129,0,0.010436826,2025-14-117
5130,0,0.07485488,2025-15-117
5131,0,0.03616531,2025-16-117
5132,0,0.021164466,2025-17-117
5133,0,0.029136676,2025-18-117
5134,0,-0.008363066,2025-19-117
5135,0,0.045290213,2025-20-117
5136,0,0.075776644,2025-21-117
5137,0,0.10553654,2025-22-117
5138,0,0.041609768,2025-23-117
5139,0,0.050531227,2025-24-117
5140,0,0.08613474,2025-25-117
5141,0,0.20783523,2025-26-117
5142,0,0.05692987,2025-27-117
5143,0,0.16427855,2025-28-117
5144,0,0.27225327,2025-29-117
5145,0,0.16427855,2025-30-117
5146,0,0.10602782,2025-31-117
5147,0,0.06853866,2025-32-117
5148,0,0.041609768,2025-33-117
5149,0,0.08370695,2025-34-117
5150,0,0.27145606,2025-35-117
5151,0,0.056132674,2025-36-117
5152,0,0.12055072,2025-37-117
5153,0,0.18011166,2025-38-117
5154,0,0.2719691,2025-39-117
5155,0,0.08353265,2025-40-117
5156,0,0.14795072,2025-41-117
5157,0,0.1678784,2025-42-117
5158,0,0.08273545,2025-43-117
5159,0,0.11798326,2025-44-117
5160,0,0.14795072,2025-45-117
5161,0,0.13263062,2025-46-117
5162,0,0.08353265,2025-47-117
5163,0,0.13342781,2025-48-117
5164,0,0.11798326,2025-49-117
5165,0,0.14715353,2025-50-117
5166,0,0.13342781,2025-51-117
5167,0,0.11718606,2025-52-117
5420,3,4.3314204,2025-1-118
5421,1,3.5254009,2025-2-118
5422,1,3.3700783,2025-3-118
5423,0,4.314879,2025-4-118
5424,2,3.6537538,2025-5-118
5425,0,2.7864835,2025-6-118
5426,0,1.3168516,2025-7-118
5427,0,1.3881824,2025-8-118
5428,1,0.6371449,2025-9-118
5429,0,0.851025,2025-10-118
5430,1,0.5325,2025-11-118
5431,0,0.4198243,2025-12-118
5432,1,0.2304663,2025-13-118
5433,0,0.12262278,2025-14-118
5434,0,0.11304664,2025-15-118
5435,1,-0.08366653,2025-16-118
5436,0,0.3299776,2025-17-118
5437,1,0.2134538,2025-18-118
5438,2,0.25455442,2025-19-118
5439,0,0.11178724,2025-20-118
5440,0,0.5652389,2025-21-118
5441,0,0.22842684,2025-22-118
5442,0,0.4652449,2025-23-118
5443,0,1.5067179,2025-24-118
5444,0,0.7781872,2025-25-118
5445,1,1.0361776,2025-26-118
5446,2,0.39184883,2025-27-118
5447,0,0.1686321,2025-28-118
5448,1,0.19331235,2025-29-118
5449,1,0.1694293,2025-30-118
5450,2,0.25986755,2025-31-118
5451,0,1.2738099,2025-32-118
5452,0,0.4788703,2025-33-118
5453,0,1.2128783,2025-34-118
5454,1,0.7727195,2025-35-118
5455,2,1.469359,2025-36-118
5456,3,0.76426214,2025-37-118
5457,3,0.8952421,2025-38-118
5458,3,0.31654897,2025-39-118
5459,0,0.20658034,2025-40-118
5460,1,0.9778643,2025-41-118
5461,1,1.9829636,2025-42-118
5462,2,2.4838526,2025-43-118
5463,0,2.9262712,2025-44-118
5464,0,2.1344259,2025-45-118
5465,0,1.746436,2025-46-118
5466,2,0.776405,2025-47-118
5467,1,0.99136215,2025-48-118
5468,0,0.64965665,2025-49-118
5469,0,0.50630516,2025-50-118
5470,0,0.30276492,2025-51-118
5471,0,0.70831037,2025-52-118
5724,0,4.757299,2025-1-119
5725,0,5.776197,2025-2-119
5726,1,3.990324,2025-3-119
5727,0,2.431942,2025-4-119
5728,0,2.6097007,2025-5-119
5729,2,1.2163328,2025-6-119
5730,0,0.43123627,2025-7-119
5731,1,0.57449394,2025-8-119
5732,0,0.25795525,2025-9-119
5733,0,0.22818434,2025-10-119
5734,0,1.0046208,2025-11-119
5735,1,0.58283347,2025-12-119
5736,0,0.737728,2025-13-119
5737,0,0.5521333,2025-14-119
5738,0,0.31200618,2025-15-119
5739,2,0.36445147,2025-16-119
5740,3,0.4930137,2025-17-119
5741,2,0.40063828,2025-18-119
5742,5,0.18413387,2025-19-119
5743,5,0.5818335,2025-20-119
5744,1,1.42657,2025-21-119
5745,0,3.7686148,2025-22-119
5746,1,3.0970263,2025-23-119
5747,2,4.829543,2025-24-119
5748,4,9.0920105,2025-25-119
5749,0,5.5556192,2025-26-119
5750,1,2.9499552,2025-27-119
5751,1,1.5064296,2025-28-119
5752,1,1.8403629,2025-29-119
5753,3,4.9371915,2025-30-119
5754,1,4.117388,2025-31-119
5755,3,2.6412516,2025-32-119
5756,0,1.4681641,2025-33-119
5757,0,0.81621706,2025-34-119
5758,1,3.418197,2025-35-119
5759,0,2.2908921,2025-36-119
5760,1,3.9056263,2025-37-119
5761,0,2.1760619,2025-38-119
5762,0,1.6288364,2025-39-119
5763,2,0.87703806,2025-40-119
5764,1,0.36811563,2025-41-119
5765,0,0.47271642,2025-42-119
5766,0,0.44133002,2025-43-119
5767,2,0.30968294,2025-44-119
5768,2,1.0764365,2025-45-119
5769,0,0.8454628,2025-46-119
5770,1,0.6515291,2025-47-119
5771,1,0.37586495,2025-48-119
5772,0,1.1108872,2025-49-119
5773,1,1.39503,2025-50-119
5774,0,0.95068663,2025-51-119
5775,0,0.922435,2025-52-119
6028,0,0.03331713,2025-1-120
6029,0,0.038518164,2025-2-120
6030,0,0.007269361,2025-3-120
6031,0,0.03616531,2025-4-120
6032,0,0.09742212,2025-5-120
6033,0,0.096548684,2025-6-120
6034,0,-0.041509137,2025-7-120
6035,1,0.0028255591,2025-8-120
6036,0,0.037720967,2025-9-120
6037,0,0.026405472,2025-10-120
6038,0,-0.0040860986,2025-11-120
6039,0,0.062971525,2025-12-120
6040,0,0.12786381,2025-13-120
6041,0,0.111317836,2025-14-120
6042,0,0.053489465,2025-15-120
6043,0,0.22392866,2025-16-120
6044,0,0.021164466,2025-17-120
6045,0,0.029136676,2025-18-120
6046,0,-0.022885974,2025-19-120
6047,0,0.029136676,2025-20-120
6048,0,0.12057174,2025-21-120
6049,0,0.08938301,2025-22-120
6050,0,0.041609768,2025-23-120
6051,0,0.050531227,2025-24-120
6052,0,0.08613474,2025-25-120
6053,0,0.19331235,2025-26-120
6054,0,0.042406965,2025-27-120
6055,0,0.08533754,2025-28-120
6056,0,0.19331235,2025-29-120
6057,0,0.08613474,2025-30-120
6058,0,0.041609768,2025-31-120
6059,0,0.06853866,2025-32-120
6060,0,0.041609768,2025-33-120
6061,0,0.06918401,2025-34-120
6062,0,0.19251515,2025-35-120
6063,0,0.041609768,2025-36-120
6064,0,0.041609768,2025-37-120
6065,0,0.114896394,2025-38-120
6066,0,0.22207396,2025-39-120
6067,0,0.06821254,2025-40-120
6068,0,0.069009736,2025-41-120
6069,0,0.10266314,2025-42-120
6070,0,0.06821254,2025-43-120
6071,0,0.103460334,2025-44-120
6072,0,0.06821254,2025-45-120
6073,0,0.06821254,2025-46-120
6074,0,0.069009736,2025-47-120
6075,0,0.06821254,2025-48-120
6076,0,0.103460334,2025-49-120
6077,0,0.069009736,2025-50-120
6078,0,0.06821254,2025-51-120
6079,0,0.0785583,2025-52-120
6332,7,17.249535,2025-1-201
6333,14,4.3617554,2025-2-201
6334,5,0.9753947,2025-3-201
6335,2,4.8718247,2025-4-201
6336,4,0.96269315,2025-5-201
6337,6,5.1302433,2025-6-201
6338,2,4.4737153,2025-7-201
6339,1,6.331863,2025-8-201
6340,2,3.8659806,2025-9-201
6341,4,3.5798113,2025-10-201
6342,4,4.4059796,2025-11-201
6343,3,3.3598216,2025-12-201
6344,6,6.1759534,2025-13-201
6345,5,4.3594384,2025-14-201
6346,1,2.7215383,2025-15-201
6347,5,3.5764208,2025-16-201
6348,2,4.8520684,2025-17-201
6349,6,8.088236,2025-18-201
6350,12,8.248703,2025-19-201
6351,4,5.1922164,2025-20-201
6352,5,5.6972656,2025-21-201
6353,2,4.453649,2025-22-201
6354,5,6.3906384,2025-23-201
6355,5,11.024287,2025-24-201
6356,6,7.6447196,2025-25-201
6357,2,8.483476,2025-26-201
6358,8,6.1731915,2025-27-201
6359,7,4.3271823,2025-28-201
6360,2,7.0370007,2025-29-201
6361,12,7.7499228,2025-30-201
6362,5,7.2084446,2025-31-201
6363,6,8.72076,2025-32-201
6364,16,8.501262,2025-33-201
6365,18,4.9603653,2025-34-201
6366,11,12.9218025,2025-35-201
6367,12,8.072736,2025-36-201
6368,12,8.842072,2025-37-201
6369,12,15.579254,2025-38-201
6370,17,20.534826,2025-39-201
6371,9,11.6399,2025-40-201
6372,9,9.95966,2025-41-201
6373,6,7.063127,2025-42-201
6374,14,8.328092,2025-43-201
6375,16,9.500727,2025-44-201
6376,14,10.830141,2025-45-201
6377,6,7.05089,2025-46-201
6378,13,4.988017,2025-47-201
6379,7,7.4048104,2025-48-201
6380,17,10.359556,2025-49-201
6381,16,9.838266,2025-50-201
6382,13,10.875589,2025-51-201
6383,6,8.736697,2025-52-201
6636,1,5.5378256,2025-1-202
6637,0,3.07204,2025-2-202
6638,0,2.4354284,2025-3-202
6639,0,1.1386268,2025-4-202
6640,0,1.413364,2025-5-202
6641,0,1.1949736,2025-6-202
6642,1,0.91994566,2025-7-202
6643,1,0.3142657,2025-8-202
6644,0,0.30026737,2025-9-202
6645,0,0.16692844,2025-10-202
6646,0,0.16168742,2025-11-202
6647,0,0.41778448,2025-12-202
6648,0,5.2650657,2025-13-202
6649,0,1.0112925,2025-14-202
6650,0,0.49976972,2025-15-202
6651,0,0.35865065,2025-16-202
6652,0,0.19613793,2025-17-202
6653,0,0.35516262,2025-18-202
6654,1,0.2623198,2025-19-202
6655,0,0.20639348,2025-20-202
6656,1,0.39878553,2025-21-202
6657,0,0.2646037,2025-22-202
6658,0,0.29545632,2025-23-202
6659,1,0.5225385,2025-24-202
6660,3,0.3263376,2025-25-202
6661,0,0.5505345,2025-26-202
6662,0,0.7698606,2025-27-202
6663,2,0.38720378,2025-28-202
6664,1,0.87751186,2025-29-202
6665,1,4.249708,2025-30-202
6666,0,2.953705,2025-31-202
6667,1,2.3758733,2025-32-202
6668,1,1.7769556,2025-33-202
6669,0,1.0123303,2025-34-202
6670,1,1.1136872,2025-35-202
6671,0,0.97982043,2025-36-202
6672,0,1.0090867,2025-37-202
6673,0,0.86266774,2025-38-202
6674,2,0.3231426,2025-39-202
6675,0,0.63063246,2025-40-202
6676,0,0.4421272,2025-41-202
6677,0,0.27523234,2025-42-202
6678,0,0.33075896,2025-43-202
6679,1,0.9717958,2025-44-202
6680,0,0.61846507,2025-45-202
6681,1,0.82613516,2025-46-202
6682,2,0.34461564,2025-47-202
6683,1,0.24318604,2025-48-202
6684,0,0.4582733,2025-49-202
6685,0,0.32010356,2025-50-202
6686,0,0.4713424,2025-51-202
6687,0,1.1655428,2025-52-202
6940,0,4.3029723,2025-1-203
6941,2,2.9117372,2025-2-203
6942,0,2.9501681,2025-3-203
6943,1,2.0025544,2025-4-203
6944,4,1.5895904,2025-5-203
6945,0,0.74065924,2025-6-203
6946,1,1.3064553,2025-7-203
6947,0,0.6855939,2025-8-203
6948,0,0.55584174,2025-9-203
6949,0,2.1350315,2025-10-203
6950,1,1.3556123,2025-11-203
6951,1,1.6823046,2025-12-203
6952,2,3.0558221,2025-13-203
6953,1,2.5203805,2025-14-203
6954,0,0.41256708,2025-15-203
6955,0,0.254743,2025-16-203
6956,1,0.39039332,2025-17-203
6957,0,1.489459,2025-18-203
6958,0,1.1230434,2025-19-203
6959,0,1.0058995,2025-20-203
6960,0,0.8441792,2025-21-203
6961,0,0.6537642,2025-22-203
6962,0,0.48422363,2025-23-203
6963,0,0.35585222,2025-24-203
6964,0,0.2896244,2025-25-203
6965,1,0.46338052,2025-26-203
6966,0,0.5501303,2025-27-203
6967,0,0.39931107,2025-28-203
6968,0,0.27056932,2025-29-203
6969,1,0.42147464,2025-30-203
6970,0,0.61767113,2025-31-203
6971,0,0.46974075,2025-32-203
6972,2,0.41455123,2025-33-203
6973,0,0.5708348,2025-34-203
6974,1,0.6830608,2025-35-203
6975,0,0.69163525,2025-36-203
6976,0,0.5336256,2025-37-203
6977,0,1.5576855,2025-38-203
6978,1,0.6864624,2025-39-203
6979,0,0.8437709,2025-40-203
6980,0,0.5546564,2025-41-203
6981,0,0.22397569,2025-42-203
6982,0,0.33075896,2025-43-203
6983,0,0.4238227,2025-44-203
6984,0,0.29939803,2025-45-203
6985,0,0.15868247,2025-46-203
6986,0,0.2760759,2025-47-203
6987,1,0.17649254,2025-48-203
6988,0,0.1665972,2025-49-203
6989,0,0.119601935,2025-50-203
6990,0,0.069009736,2025-51-203
6991,0,0.07762078,2025-52-203
7244,0,0.2677034,2025-1-204
7245,0,0.2958635,2025-2-204
7246,0,0.20304959,2025-3-204
7247,0,0.1828027,2025-4-204
7248,0,0.44612062,2025-5-204
7249,0,0.3956546,2025-6-204
7250,0,0.11425398,2025-7-204
7251,0,0.29902536,2025-8-204
7252,0,0.1425513,2025-9-204
7253,0,0.16168742,2025-10-204
7254,0,0.16168742,2025-11-204
7255,0,0.19738005,2025-12-204
7256,0,4.96465,2025-13-204
7257,0,0.56958026,2025-14-204
7258,0,0.24550924,2025-15-204
7259,0,0.17088737,2025-16-204
7260,0,0.19613793,2025-17-204
7261,0,0.33900905,2025-18-204
7262,0,0.2623198,2025-19-204
7263,0,0.20639348,2025-20-204
7264,1,0.32360518,2025-21-204
7265,0,0.21467946,2025-22-204
7266,1,0.2902153,2025-23-204
7267,0,0.18036596,2025-24-204
7268,0,0.4525905,2025-25-204
7269,0,0.53609145,2025-26-204
7270,0,0.5517119,2025-27-204
7271,0,0.583314,2025-28-204
7272,0,0.63229793,2025-29-204
7273,0,0.49931172,2025-30-204
7274,0,0.7031035,2025-31-204
7275,1,0.4985412,2025-32-204
7276,0,0.30535054,2025-33-204
7277,0,0.27328482,2025-34-204
7278,0,0.34768903,2025-35-204
7279,0,0.43858558,2025-36-204
7280,1,0.69074494,2025-37-204
7281,0,0.51049155,2025-38-204
7282,0,0.20773853,2025-39-204
7283,0,0.37528396,2025-40-204
7284,0,0.20953272,2025-41-204
7285,0,0.42302552,2025-42-204
7286,0,0.31930637,2025-43-204
7287,0,0.22397569,2025-44-204
7288,0,0.20018604,2025-45-204
7289,0,0.20873553,2025-46-204
7290,0,0.24398322,2025-47-204
7291,0,0.24318604,2025-48-204
7292,0,0.24398322,2025-49-204
7293,0,0.20953272,2025-50-204
7294,3,0.20953272,2025-51-204
7295,0,0.20749341,2025-52-204
7548,1,3.1680815,2025-1-205
7549,4,3.195152,2025-2-205
7550,1,2.783009,2025-3-205
7551,0,2.825675,2025-4-205
7552,0,2.9359455,2025-5-205
7553,1,2.3262494,2025-6-205
7554,0,2.939832,2025-7-205
7555,0,1.7978435,2025-8-205
7556,0,1.6197116,2025-9-205
7557,0,0.78911334,2025-10-205
7558,0,0.48110107,2025-11-205
7559,0,0.30777964,2025-12-205
7560,0,3.3738778,2025-13-205
7561,0,0.7688968,2025-14-205
7562,0,0.24550924,2025-15-205
7563,0,0.17088737,2025-16-205
7564,1,0.19613793,2025-17-205
7565,2,0.35516262,2025-18-205
7566,2,0.2623198,2025-19-205
7567,1,0.20639348,2025-20-205
7568,1,0.39878553,2025-21-205
7569,1,0.4540426,2025-22-205
7570,0,1.5183496,2025-23-205
7571,0,1.9520537,2025-24-205
7572,0,1.4873593,2025-25-205
7573,0,1.1940877,2025-26-205
7574,1,0.9590225,2025-27-205
7575,0,0.76414275,2025-28-205
7576,1,0.58096486,2025-29-205
7577,1,0.79603136,2025-30-205
7578,1,0.6387393,2025-31-205
7579,0,0.77245843,2025-32-205
7580,0,0.4945258,2025-33-205
7581,0,0.6382102,2025-34-205
7582,1,1.0809187,2025-35-205
7583,3,0.9913153,2025-36-205
7584,0,0.9006777,2025-37-205
7585,0,0.5562917,2025-38-205
7586,2,0.393126,2025-39-205
7587,3,0.4493705,2025-40-205
7588,1,1.8055499,2025-41-205
7589,2,1.2769068,2025-42-205
7590,2,1.4826375,2025-43-205
7591,0,1.4258081,2025-44-205
7592,1,1.8594213,2025-45-205
7593,1,1.9619088,2025-46-205
7594,0,1.8537053,2025-47-205
7595,1,1.9098475,2025-48-205
7596,1,1.1071609,2025-49-205
7597,0,0.8377005,2025-50-205
7598,2,0.81695837,2025-51-205
7599,1,0.38456136,2025-52-205
7852,0,0.27887055,2025-1-206
7853,1,0.053225383,2025-2-206
7854,1,0.06252668,2025-3-206
7855,1,0.04227976,2025-4-206
7856,0,0.09130767,2025-5-206
7857,0,0.096548684,2025-6-206
7858,0,0.07908527,2025-7-206
7859,0,0.27859172,2025-8-206
7860,1,0.3106382,2025-9-206
7861,1,0.34852892,2025-10-206
7862,0,0.23812932,2025-11-206
7863,0,0.23692566,2025-12-206
7864,0,0.3484919,2025-13-206
7865,1,2.5584445,2025-14-206
7866,0,0.3356965,2025-15-206
7867,0,0.33208296,2025-16-206
7868,0,0.42969283,2025-17-206
7869,0,0.5072334,2025-18-206
7870,0,0.48623613,2025-19-206
7871,1,0.407888,2025-20-206
7872,0,0.4034415,2025-21-206
7873,0,0.5114322,2025-22-206
7874,0,0.259747,2025-23-206
7875,0,0.28935528,2025-24-206
7876,0,0.522721,2025-25-206
7877,1,0.36160612,2025-26-206
7878,1,0.5645734,2025-27-206
7879,0,0.3392679,2025-28-206
7880,1,0.14510153,2025-29-206
7881,0,0.31924397,2025-30-206
7882,1,0.5377953,2025-31-206
7883,0,0.7016523,2025-32-206
7884,0,0.24500495,2025-33-206
7885,0,0.81438583,2025-34-206
7886,0,0.56286573,2025-35-206
7887,0,0.9113364,2025-36-206
7888,2,0.5069133,2025-37-206
7889,1,0.32375675,2025-38-206
7890,0,0.18186304,2025-39-206
7891,0,0.2512702,2025-40-206
7892,3,0.11435264,2025-41-206
7893,0,0.9471581,2025-42-206
7894,0,0.8463617,2025-43-206
7895,0,0.6268916,2025-44-206
7896,1,0.21937302,2025-45-206
7897,0,1.6302435,2025-46-206
7898,0,1.0206504,2025-47-206
7899,1,1.6226206,2025-48-206
7900,0,0.57738113,2025-49-206
7901,0,0.19443859,2025-50-206
7902,0,0.17878343,2025-51-206
7903,0,0.1334676,2025-52-206
8156,2,4.4695787,2025-1-207
8157,2,2.4819279,2025-2-207
8158,0,1.9046922,2025-3-207
8159,0,0.84466714,2025-4-207
8160,0,0.58087426,2025-5-207
8161,0,1.024514,2025-6-207
8162,0,1.5869437,2025-7-207
8163,0,0.98237485,2025-8-207
8164,0,0.66368526,2025-9-207
8165,0,0.3287491,2025-10-207
8166,0,0.1395396,2025-11-207
8167,0,0.19738005,2025-12-207
8168,1,0.3758807,2025-13-207
8169,1,2.279119,2025-14-207
8170,0,0.22480386,2025-15-207
8171,0,0.17088737,2025-16-207
8172,0,0.19613793,2025-17-207
8173,0,0.51686025,2025-18-207
8174,0,0.53873694,2025-19-207
8175,0,0.41531992,2025-20-207
8176,1,0.65304595,2025-21-207
8177,0,0.3777698,2025-22-207
8178,0,0.2902153,2025-23-207
8179,0,0.21075119,2025-24-207
8180,0,0.10186117,2025-25-207
8181,0,0.65949076,2025-26-207
8182,1,0.5700424,2025-27-207
8183,0,0.46580797,2025-28-207
8184,0,0.45833266,2025-29-207
8185,0,0.63865316,2025-30-207
8186,0,0.6387393,2025-31-207
8187,0,0.55527997,2025-32-207
8188,0,0.4945258,2025-33-207
8189,0,0.42923206,2025-34-207
8190,0,0.669473,2025-35-207
8191,0,0.45444787,2025-36-207
8192,0,0.48783392,2025-37-207
8193,1,0.446375,2025-38-207
8194,0,0.27189967,2025-39-207
8195,0,0.29805547,2025-40-207
8196,0,0.20953272,2025-41-207
8197,0,0.20873553,2025-42-207
8198,0,0.42302552,2025-43-207
8199,0,0.32010356,2025-44-207
8200,1,0.22397569,2025-45-207
8201,0,0.27631783,2025-46-207
8202,1,0.2193458,2025-47-207
8203,0,0.22103825,2025-48-207
8204,0,0.23333296,2025-49-207
8205,0,0.3403492,2025-50-207
8206,0,0.23943068,2025-51-207
8207,1,0.28862062,2025-52-207
8460,0,0.6678946,2025-1-208
8461,0,0.49145135,2025-2-208
8462,0,0.45566213,2025-3-208
8463,1,0.23548564,2025-4-208
8464,1,0.3237308,2025-5-208
8465,0,0.16304575,2025-6-208
8466,0,0.07519721,2025-7-208
8467,0,0.036478925,2025-8-208
8468,1,0.12873724,2025-9-208
8469,0,0.25827292,2025-10-208
8470,0,0.19806103,2025-11-208
8471,0,0.24537769,2025-12-208
8472,0,0.23766614,2025-13-208
8473,1,0.09594862,2025-14-208
8474,0,0.23104051,2025-15-208
8475,0,0.10751181,2025-16-208
8476,0,0.25402862,2025-17-208
8477,1,0.20470977,2025-18-208
8478,0,0.23857579,2025-19-208
8479,1,0.18771961,2025-20-208
8480,0,0.20572457,2025-21-208
8481,0,0.3030975,2025-22-208
8482,0,0.2522241,2025-23-208
8483,0,0.20995966,2025-24-208
8484,0,0.20796584,2025-25-208
8485,0,0.4080493,2025-26-208
8486,0,0.1162131,2025-27-208
8487,0,0.22937314,2025-28-208
8488,0,0.13004656,2025-29-208
8489,0,0.2809518,2025-30-208
8490,0,0.28103787,2025-31-208
8491,0,0.21864685,2025-32-208
8492,1,0.042406965,2025-33-208
8493,0,0.02537011,2025-34-208
8494,3,0.12924936,2025-35-208
8495,1,0.08469176,2025-36-208
8496,0,0.13013268,2025-37-208
8497,1,0.3502764,2025-38-208
8498,0,0.14759625,2025-39-208
8499,0,1.9623775,2025-40-208
8500,0,1.2006769,2025-41-208
8501,1,1.3737496,2025-42-208
8502,0,0.579434,2025-43-208
8503,0,0.30160406,2025-44-208
8504,0,0.083452895,2025-45-208
8505,0,0.19023621,2025-46-208
8506,0,0.2288891,2025-47-208
8507,0,0.21403116,2025-48-208
8508,0,0.11790344,2025-49-208
8509,0,0.19103341,2025-50-208
8510,0,0.06821254,2025-51-208
8511,0,0.06697049,2025-52-208
8764,0,0.7515045,2025-1-209
8765,0,0.443288,2025-2-209
8766,0,0.40568072,2025-3-209
8767,2,2.2401054,2025-4-209
8768,1,2.488046,2025-5-209
8769,0,1.9051499,2025-6-209
8770,0,0.99216443,2025-7-209
8771,0,0.4123516,2025-8-209
8772,0,0.8887115,2025-9-209
8773,0,0.7995235,2025-10-209
8774,0,0.7189306,2025-11-209
8775,1,0.5694575,2025-12-209
8776,1,1.5064603,2025-13-209
8777,0,0.56958026,2025-14-209
8778,0,0.22429338,2025-15-209
8779,0,0.12031049,2025-16-209
8780,0,0.34295118,2025-17-209
8781,0,0.5902629,2025-18-209
8782,0,0.3897229,2025-19-209
8783,1,0.45832166,2025-20-209
8784,0,0.56998515,2025-21-209
8785,1,0.48001328,2025-22-209
8786,0,0.6506647,2025-23-209
8787,0,0.16096073,2025-24-209
8788,0,0.06634298,2025-25-209
8789,0,0.6933163,2025-26-209
8790,1,0.7862243,2025-27-209
8791,1,0.58160293,2025-28-209
8792,0,0.49935615,2025-29-209
8793,0,0.7192381,2025-30-209
8794,0,0.52949005,2025-31-209
8795,0,0.76577455,2025-32-209
8796,1,0.5494441,2025-33-209
8797,1,0.36822614,2025-34-209
8798,0,0.514171,2025-35-209
8799,1,0.613637,2025-36-209
8800,0,0.3662453,2025-37-209
8801,1,0.53957766,2025-38-209
8802,0,0.7014193,2025-39-209
8803,0,0.42003077,2025-40-209
8804,0,0.6200795,2025-41-209
8805,0,0.45462355,2025-42-209
8806,0,0.45620856,2025-43-209
8807,0,0.37953967,2025-44-209
8808,1,0.36201662,2025-45-209
8809,0,0.33155614,2025-46-209
8810,1,0.34355175,2025-47-209
8811,0,0.24398322,2025-48-209
8812,2,0.21129967,2025-49-209
8813,3,0.34052896,2025-50-209
8814,5,0.31486252,2025-51-209
8815,1,0.47138047,2025-52-209
9068,1,17.980822,2025-1-210
9069,3,16.218655,2025-2-210
9070,2,9.20219,2025-3-210
9071,1,4.4640055,2025-4-210
9072,0,4.4921,2025-5-210
9073,0,2.4512365,2025-6-210
9074,2,2.7912192,2025-7-210
9075,4,2.1794796,2025-8-210
9076,1,2.0017514,2025-9-210
9077,1,1.1353172,2025-10-210
9078,5,0.46273693,2025-11-210
9079,2,1.3833473,2025-12-210
9080,0,4.2967157,2025-13-210
9081,6,2.7147636,2025-14-210
9082,1,2.3356662,2025-15-210
9083,2,4.5310297,2025-16-210
9084,3,3.4804375,2025-17-210
9085,0,2.6710978,2025-18-210
9086,0,7.5199313,2025-19-210
9087,1,3.6696546,2025-20-210
9088,1,2.3920543,2025-21-210
9089,1,4.7162127,2025-22-210
9090,0,2.7759926,2025-23-210
9091,0,2.0058455,2025-24-210
9092,1,0.31451738,2025-25-210
9093,2,0.87148976,2025-26-210
9094,1,1.0906175,2025-27-210
9095,2,0.7670737,2025-28-210
9096,0,0.71375674,2025-29-210
9097,0,1.1107497,2025-30-210
9098,3,1.6625184,2025-31-210
9099,1,1.3697324,2025-32-210
9100,1,2.2168224,2025-33-210
9101,1,0.98512447,2025-34-210
9102,1,0.91958964,2025-35-210
9103,2,3.8850353,2025-36-210
9104,4,2.9671109,2025-37-210
9105,1,1.7145002,2025-38-210
9106,5,1.0767767,2025-39-210
9107,8,0.77124435,2025-40-210
9108,5,1.3719864,2025-41-210
9109,3,3.3465555,2025-42-210
9110,2,2.5072906,2025-43-210
9111,2,4.4235826,2025-44-210
9112,0,6.4441643,2025-45-210
9113,3,4.994822,2025-46-210
9114,3,5.3778515,2025-47-210
9115,4,3.9000869,2025-48-210
9116,3,3.2507772,2025-49-210
9117,4,1.4900311,2025-50-210
9118,9,2.4983287,2025-51-210
9119,2,2.7275674,2025-52-210
9372,0,0.15753269,2025-1-211
9373,0,0.069009736,2025-2-211
9374,0,0.06776769,2025-3-211
9375,0,-0.011981162,2025-4-211
9376,0,0.09742212,2025-5-211
9377,0,0.096548684,2025-6-211
9378,0,-0.011133765,2025-7-211
9379,0,0.04251713,2025-8-211
9380,0,0.014413365,2025-9-211
9381,0,0.032519925,2025-10-211
9382,0,0.021164466,2025-11-211
9383,0,0.062971525,2025-12-211
9384,0,0.11564255,2025-13-211
9385,0,0.85816395,2025-14-211
9386,0,0.1156367,2025-15-211
9387,0,0.058808763,2025-16-211
9388,0,0.08405932,2025-17-211
9389,0,0.3662761,2025-18-211
9390,0,0.25348276,2025-19-211
9391,0,0.09588235,2025-20-211
9392,0,0.21342602,2025-21-211
9393,1,0.13704315,2025-22-211
9394,0,0.061710317,2025-23-211
9395,0,0.07809217,2025-24-211
9396,0,-0.01913896,2025-25-211
9397,0,0.14417873,2025-26-211
9398,0,0.48485473,2025-27-211
9399,0,0.15218061,2025-28-211
9400,0,0.19574639,2025-29-211
9401,0,0.46871513,2025-30-211
9402,0,0.28103787,2025-31-211
9403,0,0.21864685,2025-32-211
9404,0,0.042406965,2025-33-211
9405,0,0.042366926,2025-34-211
9406,0,0.12924936,2025-35-211
9407,0,0.17535082,2025-36-211
9408,0,0.08533754,2025-37-211
9409,0,0.20666775,2025-38-211
9410,0,0.03139512,2025-39-211
9411,0,0.112737544,2025-40-211
9412,0,0.069009736,2025-41-211
9413,0,0.06821254,2025-42-211
9414,0,0.06821254,2025-43-211
9415,0,0.06821254,2025-44-211
9416,0,0.06821254,2025-45-211
9417,0,0.06821254,2025-46-211
9418,0,0.103460334,2025-47-211
9419,0,0.10266314,2025-48-211
9420,0,0.103460334,2025-49-211
9421,0,0.069009736,2025-50-211
9422,0,0.06821254,2025-51-211
9423,0,0.06697049,2025-52-211
9676,0,0.15753269,2025-1-212
9677,0,0.03331713,2025-2-212
9678,0,0.06252668,2025-3-212
9679,0,0.04227976,2025-4-212
9680,0,0.09130767,2025-5-212
9681,0,0.096548684,2025-6-212
9682,0,-0.046826392,2025-7-212
9683,0,0.037276123,2025-8-212
9684,0,0.0020283563,2025-9-212
9685,0,0.021164466,2025-10-212
9686,0,0.02727892,2025-11-212
9687,0,0.062971525,2025-12-212
9688,0,0.11564255,2025-13-212
9689,0,-0.21065512,2025-14-212
9690,0,-0.0023572883,2025-15-212
9691,0,0.04101475,2025-16-212
9692,0,0.06626531,2025-17-212
9693,0,0.17790596,2025-18-212
9694,0,0.10121664,2025-19-212
9695,0,0.029136676,2025-20-212
9696,0,0.07489333,2025-21-212
9697,0,0.08396145,2025-22-212
9698,0,0.011118182,2025-23-212
9699,0,0.04964791,2025-24-212
9700,0,-0.038661763,2025-25-212
9701,0,0.105679296,2025-26-212
9702,0,0.10176996,2025-27-212
9703,0,0.041609768,2025-28-212
9704,0,0.12924936,2025-29-212
9705,0,0.2809518,2025-30-212
9706,0,0.28103787,2025-31-212
9707,0,0.21864685,2025-32-212
9708,0,0.042406965,2025-33-212
9709,0,0.02537011,2025-34-212
9710,0,0.08445423,2025-35-212
9711,0,0.17535082,2025-36-212
9712,0,0.08533754,2025-37-212
9713,0,0.20666775,2025-38-212
9714,0,0.032192316,2025-39-212
9715,0,0.15753269,2025-40-212
9716,0,0.069009736,2025-41-212
9717,1,0.069009736,2025-42-212
9718,0,0.06821254,2025-43-212
9719,0,0.069009736,2025-44-212
9720,0,0.069009736,2025-45-212
9721,0,0.06821254,2025-46-212
9722,0,0.24706903,2025-47-212
9723,0,0.21403116,2025-48-212
9724,0,0.11790344,2025-49-212
9725,0,0.19103341,2025-50-212
9726,0,0.08273545,2025-51-212
9727,0,0.06697049,2025-52-212
9980,0,0.47216165,2025-1-213
9981,0,0.23682338,2025-2-213
9982,1,0.14490588,2025-3-213
9983,0,0.11489792,2025-4-213
9984,0,0.2072999,2025-5-213
9985,0,0.20642649,2025-6-213
9986,0,0.30315095,2025-7-213
9987,0,0.3306351,2025-8-213
9988,0,0.47554362,2025-9-213
9989,0,0.20278023,2025-10-213
9990,0,0.25306576,2025-11-213
9991,0,0.13547997,2025-12-213
9992,0,1.3650315,2025-13-213
9993,1,0.7642808,2025-14-213
9994,0,0.48990485,2025-15-213
9995,0,0.39640704,2025-16-213
9996,0,0.19108331,2025-17-213
9997,0,0.33395442,2025-18-213
9998,0,0.44074655,2025-19-213
9999,0,0.30619574,2025-20-213
10000,0,0.3760799,2025-21-213
10001,0,0.6468385,2025-22-213
10002,0,0.390509,2025-23-213
10003,0,0.19418724,2025-24-213
10004,0,-0.32705465,2025-25-213
10005,0,0.6283748,2025-26-213
10006,0,0.32781333,2025-27-213
10007,1,0.29606068,2025-28-213
10008,0,0.37977186,2025-29-213
10009,0,0.42160472,2025-30-213
10010,1,0.52949005,2025-31-213
10011,0,0.45318988,2025-32-213
10012,0,0.572584,2025-33-213
10013,0,0.31700307,2025-34-213
10014,0,0.39259717,2025-35-213
10015,0,0.6707665,2025-36-213
10016,0,0.5251333,2025-37-213
10017,0,0.2613626,2025-38-213
10018,0,0.5203738,2025-39-213
10019,0,0.3110796,2025-40-213
10020,0,0.24243252,2025-41-213
10021,0,0.35466877,2025-42-213
10022,0,0.35466877,2025-43-213
10023,0,0.17684916,2025-44-213
10024,0,0.1576157,2025-45-213
10025,0,0.20953272,2025-46-213
10026,0,0.37600756,2025-47-213
10027,2,0.24318604,2025-48-213
10028,0,0.21209686,2025-49-213
10029,1,0.16188084,2025-50-213
10030,1,0.27411708,2025-51-213
10031,1,0.20749341,2025-52-213
10284,1,6.1765695,2025-1-214
10285,1,4.6875606,2025-2-214
10286,0,4.8687196,2025-3-214
10287,0,3.3882012,2025-4-214
10288,0,2.4352882,2025-5-214
10289,0,1.5978881,2025-6-214
10290,0,1.0149713,2025-7-214
10291,0,0.41723096,2025-8-214
10292,0,0.41985154,2025-9-214
10293,0,0.2988726,2025-10-214
10294,0,0.10434091,2025-11-214
10295,0,0.120488316,2025-12-214
10296,0,1.371146,2025-13-214
10297,0,0.7924225,2025-14-214
10298,0,0.47102886,2025-15-214
10299,0,0.39640704,2025-16-214
10300,0,0.15914087,2025-17-214
10301,0,0.2768571,2025-18-214
10302,0,0.22532278,2025-19-214
10303,0,0.16644338,2025-20-214
10304,0,0.33197287,2025-21-214
10305,0,0.19655836,2025-22-214
10306,0,0.14414582,2025-23-214
10307,0,0.13961864,2025-24-214
10308,2,-0.5948122,2025-25-214
10309,1,0.36585805,2025-26-214
10310,1,0.4222225,2025-27-214
10311,3,0.3192791,2025-28-214
10312,4,0.5238946,2025-29-214
10313,3,2.0631492,2025-30-214
10314,1,1.1968622,2025-31-214
10315,10,1.2409908,2025-32-214
10316,4,4.035406,2025-33-214
10317,1,5.930056,2025-34-214
10318,3,7.023453,2025-35-214
10319,0,5.0332503,2025-36-214
10320,0,10.64285,2025-37-214
10321,1,7.5884943,2025-38-214
10322,0,5.36253,2025-39-214
10323,1,4.678219,2025-40-214
10324,1,2.2761834,2025-41-214
10325,1,1.5780091,2025-42-214
10326,1,0.72414094,2025-43-214
10327,1,0.31930637,2025-44-214
10328,0,0.46830657,2025-45-214
10329,1,0.7044295,2025-46-214
10330,0,0.7779279,2025-47-214
10331,0,0.7383879,2025-48-214
10332,3,0.8519395,2025-49-214
10333,3,0.50782734,2025-50-214
10334,6,0.70691794,2025-51-214
10335,1,0.4596271,2025-52-214
10588,0,0.57139415,2025-1-215
10589,0,0.33622926,2025-2-215
10590,1,0.1601461,2025-3-215
10591,0,0.29446128,2025-4-215
10592,0,0.4574761,2025-5-215
10593,0,0.47718975,2025-6-215
10594,0,0.4906399,2025-7-215
10595,0,0.49721286,2025-8-215
10596,0,0.29364786,2025-9-215
10597,0,0.20153898,2025-10-215
10598,1,0.25761312,2025-11-215
10599,0,0.12493214,2025-12-215
10600,0,4.9452443,2025-13-215
10601,0,0.7924225,2025-14-215
10602,0,0.47102886,2025-15-215
10603,0,0.5798882,2025-16-215
10604,1,0.37861308,2025-17-215
10605,0,0.36227253,2025-18-215
10606,0,0.41308615,2025-19-215
10607,0,0.18822701,2025-20-215
10608,0,0.3633456,2025-21-215
10609,0,0.39474565,2025-22-215
10610,0,0.36862233,2025-23-215
10611,0,0.26068422,2025-24-215
10612,0,-0.4018079,2025-25-215
10613,0,0.36585805,2025-26-215
10614,0,0.388996,2025-27-215
10615,1,0.3192791,2025-28-215
10616,0,0.5238946,2025-29-215
10617,0,0.67559713,2025-30-215
10618,1,0.56093234,2025-31-215
10619,0,0.4985412,2025-32-215
10620,0,0.51761425,2025-33-215
10621,0,0.34770423,2025-34-215
10622,0,0.36065474,2025-35-215
10623,0,0.861823,2025-36-215
10624,0,0.660588,2025-37-215
10625,0,0.39157632,2025-38-215
10626,0,0.24347097,2025-39-215
10627,0,0.2768396,2025-40-215
10628,0,0.20953272,2025-41-215
10629,1,0.20953272,2025-42-215
10630,0,0.20873553,2025-43-215
10631,1,0.20953272,2025-44-215
10632,0,0.18751967,2025-45-215
10633,0,0.20953272,2025-46-215
10634,0,0.44009328,2025-47-215
10635,0,0.35375696,2025-48-215
10636,0,0.45150056,2025-49-215
10637,0,0.44133002,2025-50-215
10638,1,0.37060392,2025-51-215
10639,2,0.32951692,2025-52-215
10892,1,0.57840633,2025-1-216
10893,2,1.9275732,2025-2-216
10894,2,2.4777482,2025-3-216
10895,0,2.0497131,2025-4-216
10896,1,1.7169095,2025-5-216
10897,0,0.9193342,2025-6-216
10898,0,1.3291886,2025-7-216
10899,0,1.3890936,2025-8-216
10900,0,1.0470517,2025-9-216
10901,0,1.0036455,2025-10-216
10902,0,0.5905158,2025-11-216
10903,1,0.27523234,2025-12-216
10904,0,5.1223655,2025-13-216
10905,0,0.7954298,2025-14-216
10906,0,0.25154746,2025-15-216
10907,1,0.25874394,2025-16-216
10908,0,0.48138463,2025-17-216
10909,0,0.42076728,2025-18-216
10910,0,0.32881677,2025-19-216
10911,1,0.39495388,2025-20-216
10912,0,0.7158804,2025-21-216
10913,0,0.36225334,2025-22-216
10914,0,0.3054555,2025-23-216
10915,0,0.4772016,2025-24-216
10916,0,0.38326314,2025-25-216
10917,0,0.4993833,2025-26-216
10918,0,0.45558384,2025-27-216
10919,2,0.5224303,2025-28-216
10920,0,0.37796122,2025-29-216
10921,3,0.5288665,2025-30-216
10922,3,0.5601351,2025-31-216
10923,0,0.4985412,2025-32-216
10924,0,1.3133163,2025-33-216
10925,0,0.69996524,2025-34-216
10926,0,3.6693685,2025-35-216
10927,0,4.284661,2025-36-216
10928,0,3.2401066,2025-37-216
10929,0,1.8518203,2025-38-216
10930,0,0.64651096,2025-39-216
10931,0,0.29725826,2025-40-216
10932,0,0.20953272,2025-41-216
10933,0,0.20953272,2025-42-216
10934,0,0.20873553,2025-43-216
10935,0,0.20873553,2025-44-216
10936,0,0.20953272,2025-45-216
10937,0,0.20953272,2025-46-216
10938,0,0.24398322,2025-47-216
10939,1,0.24318604,2025-48-216
10940,0,0.24398322,2025-49-216
10941,1,0.20953272,2025-50-216
10942,2,0.20953272,2025-51-216
10943,1,0.22782968,2025-52-216
11196,0,2.263123,2025-1-301
11197,2,0.5015943,2025-2-301
11198,0,3.3757336,2025-3-301
11199,1,1.9976039,2025-4-301
11200,3,2.1689262,2025-5-301
11201,0,1.1999488,2025-6-301
11202,0,0.9581031,2025-7-301
11203,2,8.7677765,2025-8-301
11204,0,1.3010821,2025-9-301
11205,0,1.9060841,2025-10-301
11206,1,2.3959646,2025-11-301
11207,0,1.2913721,2025-12-301
11208,2,1.1918501,2025-13-301
11209,2,0.4841468,2025-14-301
11210,0,0.41090283,2025-15-301
11211,1,0.47369483,2025-16-301
11212,1,0.16601461,2025-17-301
11213,0,1.1585487,2025-18-301
11214,0,1.5574511,2025-19-301
11215,1,0.91145337,2025-20-301
11216,0,1.6711912,2025-21-301
11217,0,0.67279166,2025-22-301
11218,1,1.6207786,2025-23-301
11219,0,0.39331436,2025-24-301
11220,0,0.63380367,2025-25-301
11221,0,0.07126619,2025-26-301
11222,0,0.2034784,2025-27-301
11223,0,0.5581187,2025-28-301
11224,2,0.43953463,2025-29-301
11225,0,0.34753495,2025-30-301
11226,1,0.46880126,2025-31-301
11227,0,0.21864685,2025-32-301
11228,0,-0.0077456264,2025-33-301
11229,0,0.9762099,2025-34-301
11230,1,0.49737817,2025-35-301
11231,0,0.7031423,2025-36-301
11232,0,0.70403963,2025-37-301
11233,0,0.25575835,2025-38-301
11234,0,0.23891559,2025-39-301
11235,0,0.3003441,2025-40-301
11236,0,0.3466049,2025-41-301
11237,0,-0.08781225,2025-42-301
11238,0,0.19023621,2025-43-301
11239,0,0.10266314,2025-44-301
11240,2,0.18722492,2025-45-301
11241,0,0.047799867,2025-46-301
11242,0,0.10266314,2025-47-301
11243,0,0.06821254,2025-48-301
11244,0,0.06821254,2025-49-301
11245,1,0.70831037,2025-50-301
11246,0,0.6397254,2025-51-301
11247,0,0.3834227,2025-52-301
11500,1,1.5309566,2025-1-302
11501,1,1.2837119,2025-2-302
11502,0,0.5157421,2025-3-302
11503,0,0.2410309,2025-4-302
11504,0,0.18670203,2025-5-302
11505,0,0.2553977,2025-6-302
11506,0,0.47508326,2025-7-302
11507,0,0.12304251,2025-8-302
11508,1,5.4838057,2025-9-302
11509,0,0.3012499,2025-10-302
11510,1,1.4332751,2025-11-302
11511,0,0.01115761,2025-12-302
11512,0,0.096548684,2025-13-302
11513,1,0.2939621,2025-14-302
11514,1,0.17686415,2025-15-302
11515,1,0.23989947,2025-16-302
11516,0,0.38054907,2025-17-302
11517,0,0.17727464,2025-18-302
11518,0,0.35544252,2025-19-302
11519,0,0.43320903,2025-20-302
11520,0,2.3324592,2025-21-302
11521,0,1.1802404,2025-22-302
11522,0,1.378991,2025-23-302
11523,0,0.31789595,2025-24-302
11524,1,0.32750228,2025-25-302
11525,0,0.16280465,2025-26-302
11526,0,0.042406965,2025-27-302
11527,0,0.08445423,2025-28-302
11528,0,0.23615679,2025-29-302
11529,0,0.36246872,2025-30-302
11530,1,0.39240584,2025-31-302
11531,0,0.23388714,2025-32-302
11532,0,0.20491977,2025-33-302
11533,1,0.17659707,2025-34-302
11534,0,0.27263907,2025-35-302
11535,0,0.46728063,2025-36-302
11536,0,0.3468136,2025-37-302
11537,0,0.3113141,2025-38-302
11538,0,0.46976066,2025-39-302
11539,0,0.2681034,2025-40-302
11540,0,0.20246525,2025-41-302
11541,0,0.18217419,2025-42-302
11542,0,0.06821254,2025-43-302
11543,0,0.10266314,2025-44-302
11544,0,0.18802212,2025-45-302
11545,0,0.047799867,2025-46-302
11546,0,0.103460334,2025-47-302
11547,0,0.069009736,2025-48-302
11548,1,0.069009736,2025-49-302
11549,0,0.06776769,2025-50-302
11550,0,0.1827811,2025-51-302
11551,0,0.03497833,2025-52-302
11804,1,3.0467315,2025-1-303
11805,1,3.8816419,2025-2-303
11806,1,4.6304107,2025-3-303
11807,0,3.7342432,2025-4-303
11808,0,2.4999027,2025-5-303
11809,1,1.9071232,2025-6-303
11810,0,0.806275,2025-7-303
11811,0,0.30633777,2025-8-303
11812,0,1.884006,2025-9-303
11813,1,0.36250582,2025-10-303
11814,0,1.606391,2025-11-303
11815,0,0.07450905,2025-12-303
11816,1,0.12211209,2025-13-303
11817,0,0.20892785,2025-14-303
11818,0,0.13895188,2025-15-303
11819,1,0.16601461,2025-16-303
11820,0,0.12211209,2025-17-303
11821,0,0.38431615,2025-18-303
11822,0,0.11999718,2025-19-303
11823,2,0.13448392,2025-20-303
11824,0,2.029763,2025-21-303
11825,0,0.30810472,2025-22-303
11826,0,1.4670386,2025-23-303
11827,1,0.3268174,2025-24-303
11828,0,1.2084004,2025-25-303
11829,0,0.5725341,2025-26-303
11830,2,0.37383202,2025-27-303
11831,2,0.44350153,2025-28-303
11832,3,0.5220579,2025-29-303
11833,3,0.44041792,2025-30-303
11834,2,0.4429065,2025-31-303
11835,1,1.4090788,2025-32-303
11836,1,1.3495982,2025-33-303
11837,1,2.4666212,2025-34-303
11838,0,3.201267,2025-35-303
11839,1,3.621056,2025-36-303
11840,0,2.7022312,2025-37-303
11841,0,1.2930437,2025-38-303
11842,0,0.6527232,2025-39-303
11843,1,0.5038389,2025-40-303
11844,0,0.49508065,2025-41-303
11845,0,0.3399598,2025-42-303
11846,2,0.13470966,2025-43-303
11847,4,0.22548395,2025-44-303
11848,3,0.30655995,2025-45-303
11849,1,0.1583707,2025-46-303
11850,1,0.11790344,2025-47-303
11851,4,0.83109295,2025-48-303
11852,0,1.9491243,2025-49-303
11853,2,2.8075643,2025-50-303
11854,2,2.4607778,2025-51-303
11855,0,1.6678516,2025-52-303
12108,0,2.761487,2025-1-304
12109,0,1.612922,2025-2-304
12110,0,0.5157421,2025-3-304
12111,0,0.75566196,2025-4-304
12112,0,0.77389187,2025-5-304
12113,0,0.5873542,2025-6-304
12114,0,0.35245585,2025-7-304
12115,0,8.32716,2025-8-304
12116,0,1.7619412,2025-9-304
12117,0,0.7248799,2025-10-304
12118,0,1.4163244,2025-11-304
12119,0,0.01115761,2025-12-304
12120,0,0.096548684,2025-13-304
12121,0,0.03331713,2025-14-304
12122,0,0.02369048,2025-15-304
12123,0,0.05734385,2025-16-304
12124,0,0.055615045,2025-17-304
12125,1,0.1961956,2025-18-304
12126,0,0.05162061,2025-19-304
12127,0,0.08270425,2025-20-304
12128,0,1.7143202,2025-21-304
12129,0,0.83617294,2025-22-304
12130,0,1.8197793,2025-23-304
12131,2,0.6035636,2025-24-304
12132,0,0.750993,2025-25-304
12133,0,1.1565945,2025-26-304
12134,1,0.1829299,2025-27-304
12135,1,0.48695064,2025-28-304
12136,0,1.5289642,2025-29-304
12137,0,0.8793025,2025-30-304
12138,0,1.0389605,2025-31-304
12139,0,0.97124904,2025-32-304
12140,0,0.80204904,2025-33-304
12141,0,0.8340609,2025-34-304
12142,0,5.8782053,2025-35-304
12143,0,1.4371431,2025-36-304
12144,0,0.5734459,2025-37-304
12145,0,0.34666598,2025-38-304
12146,0,0.3797676,2025-39-304
12147,0,0.27511048,2025-40-304
12148,2,0.37989104,2025-41-304
12149,0,1.0451794,2025-42-304
12150,0,0.20873553,2025-43-304
12151,1,0.24318604,2025-44-304
12152,0,0.45123932,2025-45-304
12153,0,1.8074423,2025-46-304
12154,1,0.6529156,2025-47-304
12155,0,0.6073956,2025-48-304
12156,0,0.5841599,2025-49-304
12157,0,0.21033944,2025-50-304
12158,0,0.25372192,2025-51-304
12159,0,0.2518864,2025-52-304
12412,1,11.447902,2025-1-305
12413,1,3.283236,2025-2-305
12414,2,6.3453565,2025-3-305
12415,5,5.5398517,2025-4-305
12416,0,2.7811978,2025-5-305
12417,3,2.5107636,2025-6-305
12418,1,1.1002266,2025-7-305
12419,0,8.145294,2025-8-305
12420,0,7.426643,2025-9-305
12421,0,1.7901196,2025-10-305
12422,0,3.4914558,2025-11-305
12423,0,1.7156405,2025-12-305
12424,0,1.4969678,2025-13-305
12425,0,0.5773657,2025-14-305
12426,0,0.3294477,2025-15-305
12427,0,0.19313186,2025-16-305
12428,0,0.05734385,2025-17-305
12429,0,0.13398089,2025-18-305
12430,0,0.069414586,2025-19-305
12431,2,1.0109483,2025-20-305
12432,0,2.85276,2025-21-305
12433,0,0.82987726,2025-22-305
12434,0,1.7030227,2025-23-305
12435,0,0.42168826,2025-24-305
12436,0,1.6766763,2025-25-305
12437,2,1.5841857,2025-26-305
12438,0,0.7315337,2025-27-305
12439,0,0.75640804,2025-28-305
12440,0,0.3758824,2025-29-305
12441,0,0.5947414,2025-30-305
12442,0,1.368578,2025-31-305
12443,1,0.76969653,2025-32-305
12444,0,0.70628315,2025-33-305
12445,1,0.77856994,2025-34-305
12446,1,5.784775,2025-35-305
12447,0,1.2771369,2025-36-305
12448,1,1.4317496,2025-37-305
12449,0,0.5564214,2025-38-305
12450,0,0.5394513,2025-39-305
12451,0,0.7877114,2025-40-305
12452,0,0.55599076,2025-41-305
12453,0,3.0619006,2025-42-305
12454,0,0.4893421,2025-43-305
12455,0,0.30968294,2025-44-305
12456,1,0.57326305,2025-45-305
12457,0,0.842273,2025-46-305
12458,5,0.24398322,2025-47-305
12459,4,0.20873553,2025-48-305
12460,2,0.20873553,2025-49-305
12461,4,0.2993535,2025-50-305
12462,7,0.38866103,2025-51-305
12463,6,2.3368647,2025-52-305
12716,0,0.14787097,2025-1-306
12717,0,0.25465417,2025-2-306
12718,0,0.06697049,2025-3-306
12719,0,0.06172949,2025-4-306
12720,0,0.07217156,2025-5-306
12721,0,0.096548684,2025-6-306
12722,0,0.06165324,2025-7-306
12723,0,-0.0019713603,2025-8-306
12724,0,1.6091912,2025-9-306
12725,0,0.7248799,2025-10-306
12726,0,1.3650323,2025-11-306
12727,0,0.0059165973,2025-12-306
12728,0,0.080395155,2025-13-306
12729,0,0.026405472,2025-14-306
12730,1,0.012242994,2025-15-306
12731,1,0.046693575,2025-16-306
12732,0,0.055615045,2025-17-306
12733,0,0.08938301,2025-18-306
12734,0,0.040970337,2025-19-306
12735,0,0.32977867,2025-20-306
12736,0,1.9434776,2025-21-306
12737,0,0.37460175,2025-22-306
12738,0,1.6548016,2025-23-306
12739,0,0.2820223,2025-24-306
12740,0,0.33562657,2025-25-306
12741,0,0.04480114,2025-26-306
12742,1,0.042406965,2025-27-306
12743,0,0.12924936,2025-28-306
12744,0,0.2809518,2025-29-306
12745,0,0.28103787,2025-30-306
12746,0,0.28103787,2025-31-306
12747,0,0.45975277,2025-32-306
12748,0,0.11560959,2025-33-306
12749,0,0.16180922,2025-34-306
12750,0,0.30311915,2025-35-306
12751,0,0.06337616,2025-36-306
12752,0,0.23624288,2025-37-306
12753,0,0.16061988,2025-38-306
12754,0,0.0927872,2025-39-306
12755,0,0.1567355,2025-40-306
12756,0,0.18722492,2025-41-306
12757,0,0.048597068,2025-42-306
12758,0,0.06821254,2025-43-306
12759,0,0.103460334,2025-44-306
12760,0,0.18722492,2025-45-306
12761,0,-0.15430923,2025-46-306
12762,0,0.103460334,2025-47-306
12763,0,0.06821254,2025-48-306
12764,0,0.069009736,2025-49-306
12765,1,0.103460334,2025-50-306
12766,1,0.2017478,2025-51-306
12767,1,-0.0007142894,2025-52-306
13020,0,0.24854876,2025-1-307
13021,0,0.26286238,2025-2-307
13022,0,0.1334676,2025-3-307
13023,0,0.17843585,2025-4-307
13024,0,0.07217156,2025-5-307
13025,0,0.096548684,2025-6-307
13026,0,0.06165324,2025-7-307
13027,0,-0.0019713603,2025-8-307
13028,0,1.6091912,2025-9-307
13029,0,0.7248799,2025-10-307
13030,0,1.3650323,2025-11-307
13031,0,0.0059165973,2025-12-307
13032,0,0.096548684,2025-13-307
13033,0,0.040928397,2025-14-307
13034,0,0.012242994,2025-15-307
13035,0,0.046693575,2025-16-307
13036,0,0.055615045,2025-17-307
13037,0,0.10553654,2025-18-307
13038,0,0.040970337,2025-19-307
13039,0,0.0379092,2025-20-307
13040,0,1.6615741,2025-21-307
13041,0,0.10472685,2025-22-307
13042,0,1.386866,2025-23-307
13043,0,0.13013268,2025-24-307
13044,0,0.32750228,2025-25-307
13045,0,0.16280465,2025-26-307
13046,1,0.042406965,2025-27-307
13047,1,0.08445423,2025-28-307
13048,1,0.2809518,2025-29-307
13049,0,0.28183508,2025-30-307
13050,2,0.28103787,2025-31-307
13051,0,0.46054995,2025-32-307
13052,0,0.25798908,2025-33-307
13053,0,0.4560493,2025-34-307
13054,0,0.6208822,2025-35-307
13055,0,1.467313,2025-36-307
13056,0,0.8817477,2025-37-307
13057,0,0.53763735,2025-38-307
13058,0,0.33529088,2025-39-307
13059,1,0.15753269,2025-40-307
13060,0,0.18722492,2025-41-307
13061,0,0.047799867,2025-42-307
13062,0,0.06821254,2025-43-307
13063,0,0.10266314,2025-44-307
13064,0,0.30655995,2025-45-307
13065,0,0.20638278,2025-46-307
13066,0,0.11790344,2025-47-307
13067,2,0.19103341,2025-48-307
13068,1,0.069009736,2025-49-307
13069,0,0.103460334,2025-50-307
13070,0,0.18722492,2025-51-307
13071,0,-0.19000185,2025-52-307
13324,0,3.2951062,2025-1-308
13325,1,2.0731807,2025-2-308
13326,0,1.7430971,2025-3-308
13327,0,1.5014305,2025-4-308
13328,1,1.6889484,2025-5-308
13329,0,1.1875021,2025-6-308
13330,0,0.7604544,2025-7-308
13331,0,8.55026,2025-8-308
13332,0,1.9636154,2025-9-308
13333,0,0.4279588,2025-10-308
13334,3,1.5669557,2025-11-308
13335,0,0.07241358,2025-12-308
13336,0,0.18287967,2025-13-308
13337,0,0.021961663,2025-14-308
13338,0,0.012242994,2025-15-308
13339,0,1.487981,2025-16-308
13340,1,1.4585317,2025-17-308
13341,0,1.6033007,2025-18-308
13342,0,0.5599255,2025-19-308
13343,0,0.0393453,2025-20-308
13344,0,1.6615741,2025-21-308
13345,0,1.1127019,2025-22-308
13346,0,1.5595227,2025-23-308
13347,0,0.20555118,2025-24-308
13348,0,0.5144686,2025-25-308
13349,0,0.16280465,2025-26-308
13350,0,0.042406965,2025-27-308
13351,0,0.08445423,2025-28-308
13352,2,0.23615679,2025-29-308
13353,2,0.23624288,2025-30-308
13354,0,0.23624288,2025-31-308
13355,1,0.21864685,2025-32-308
13356,1,0.016359203,2025-33-308
13357,0,0.9907328,2025-34-308
13358,0,1.4398404,2025-35-308
13359,0,1.0104364,2025-36-308
13360,0,1.3088714,2025-37-308
13361,0,0.6973642,2025-38-308
13362,0,0.34197184,2025-39-308
13363,0,0.30046082,2025-40-308
13364,1,0.3100456,2025-41-308
13365,0,0.047799867,2025-42-308
13366,0,0.06821254,2025-43-308
13367,0,0.103460334,2025-44-308
13368,1,0.18722492,2025-45-308
13369,1,0.19140868,2025-46-308
13370,0,0.26204324,2025-47-308
13371,0,0.13470966,2025-48-308
13372,0,0.19103341,2025-49-308
13373,1,0.19447653,2025-50-308
13374,0,0.47442484,2025-51-308
13375,0,0.16165939,2025-52-308
13628,1,2.9437606,2025-1-401
13629,2,4.3656607,2025-2-401
13630,3,3.6613128,2025-3-401
13631,1,3.1958783,2025-4-401
13632,1,2.4053185,2025-5-401
13633,0,1.9210831,2025-6-401
13634,1,1.2864549,2025-7-401
13635,0,1.5684497,2025-8-401
13636,0,1.5498174,2025-9-401
13637,1,1.5200843,2025-10-401
13638,0,0.69946,2025-11-401
13639,1,0.75243044,2025-12-401
13640,0,0.3427045,2025-13-401
13641,0,0.082210824,2025-14-401
13642,0,0.3267152,2025-15-401
13643,1,0.10239636,2025-16-401
13644,2,0.24882089,2025-17-401
13645,1,0.49222237,2025-18-401
13646,0,0.2562365,2025-19-401
13647,0,0.38261992,2025-20-401
13648,0,0.34384316,2025-21-401
13649,1,1.222558,2025-22-401
13650,3,0.83784246,2025-23-401
13651,1,0.78661627,2025-24-401
13652,1,0.3318917,2025-25-401
13653,0,0.20323922,2025-26-401
13654,2,0.37203568,2025-27-401
13655,2,2.1437838,2025-28-401
13656,0,1.6247587,2025-29-401
13657,11,2.0453074,2025-30-401
13658,1,0.60371304,2025-31-401
13659,2,1.4123102,2025-32-401
13660,2,1.6180254,2025-33-401
13661,6,0.8111355,2025-34-401
13662,2,7.489293,2025-35-401
13663,4,4.169744,2025-36-401
13664,0,2.3981109,2025-37-401
13665,1,3.5664632,2025-38-401
13666,3,3.6017404,2025-39-401
13667,1,2.662783,2025-40-401
13668,1,2.5466552,2025-41-401
13669,0,2.3264856,2025-42-401
13670,1,1.6111386,2025-43-401
13671,2,2.249622,2025-44-401
13672,1,1.1354939,2025-45-401
13673,1,1.685173,2025-46-401
13674,0,0.72970194,2025-47-401
13675,2,0.3835358,2025-48-401
13676,1,0.97611463,2025-49-401
13677,0,0.6494993,2025-50-401
13678,0,0.92026764,2025-51-401
13679,2,0.3297593,2025-52-401
13932,1,0.069009736,2025-1-402
13933,0,0.12184001,2025-2-402
13934,0,0.028076123,2025-3-402
13935,0,0.05601803,2025-4-402
13936,0,0.096548684,2025-5-402
13937,0,0.24015743,2025-6-402
13938,0,0.19190007,2025-7-402
13939,0,0.017268676,2025-8-402
13940,0,0.18499519,2025-9-402
13941,0,0.026405472,2025-10-402
13942,1,0.021164466,2025-11-402
13943,0,0.062971525,2025-12-402
13944,0,0.026405472,2025-13-402
13945,0,0.06252668,2025-14-402
13946,0,0.022893276,2025-15-402
13947,0,0.11370131,2025-16-402
13948,0,0.16601461,2025-17-402
13949,0,0.2157614,2025-18-402
13950,0,0.33270776,2025-19-402
13951,0,0.15006159,2025-20-402
13952,0,0.08658372,2025-21-402
13953,0,0.05255813,2025-22-402
13954,0,0.041609768,2025-23-402
13955,0,0.041609768,2025-24-402
13956,0,0.0171564,2025-25-402
13957,0,0.015475878,2025-26-402
13958,0,0.08613474,2025-27-402
13959,0,0.16726458,2025-28-402
13960,0,0.042406965,2025-29-402
13961,0,0.041523647,2025-30-402
13962,0,0.041609768,2025-31-402
13963,0,0.11058595,2025-32-402
13964,0,0.10265329,2025-33-402
13965,0,0.06998121,2025-34-402
13966,0,0.19251515,2025-35-402
13967,0,0.041609768,2025-36-402
13968,0,0.059203673,2025-37-402
13969,0,0.116008714,2025-38-402
13970,1,0.056645684,2025-39-402
13971,0,0.1567355,2025-40-402
13972,0,0.069009736,2025-41-402
13973,0,0.06821254,2025-42-402
13974,0,0.06821254,2025-43-402
13975,0,0.21261856,2025-44-402
13976,0,0.21323396,2025-45-402
13977,0,0.13470966,2025-46-402
13978,0,0.22548395,2025-47-402
13979,0,0.103460334,2025-48-402
13980,0,0.103460334,2025-49-402
13981,0,0.069009736,2025-50-402
13982,0,0.06821254,2025-51-402
13983,0,0.044107746,2025-52-402
14236,0,0.36342585,2025-1-403
14237,0,0.28962496,2025-2-403
14238,0,0.85713947,2025-3-403
14239,0,0.7245475,2025-4-403
14240,0,0.60036737,2025-5-403
14241,0,0.39759815,2025-6-403
14242,0,0.14922632,2025-7-403
14243,1,0.0020283563,2025-8-403
14244,0,0.02727892,2025-9-403
14245,0,0.021164466,2025-10-403
14246,0,0.021164466,2025-11-403
14247,0,0.021164466,2025-12-403
14248,1,0.14787336,2025-13-403
14249,0,0.22484821,2025-14-403
14250,2,0.20738432,2025-15-403
14251,0,0.19432756,2025-16-403
14252,1,0.06626531,2025-17-403
14253,0,0.31351984,2025-18-403
14254,0,0.39639512,2025-19-403
14255,0,1.5538849,2025-20-403
14256,0,0.76310813,2025-21-403
14257,0,0.5880484,2025-22-403
14258,1,0.5629464,2025-23-403
14259,0,0.31388238,2025-24-403
14260,0,0.3454425,2025-25-403
14261,0,0.15599883,2025-26-403
14262,1,0.2714526,2025-27-403
14263,1,0.6195748,2025-28-403
14264,0,0.28627452,2025-29-403
14265,0,0.1718522,2025-30-403
14266,0,0.30316007,2025-31-403
14267,0,0.52781546,2025-32-403
14268,0,0.48756337,2025-33-403
14269,1,0.6070615,2025-34-403
14270,0,0.4752448,2025-35-403
14271,0,0.58707446,2025-36-403
14272,0,0.11663925,2025-37-403
14273,0,0.14880694,2025-38-403
14274,0,0.2133424,2025-39-403
14275,1,0.36446795,2025-40-403
14276,0,0.17320907,2025-41-403
14277,0,0.28397366,2025-42-403
14278,0,0.12129425,2025-43-403
14279,1,0.16418986,2025-44-403
14280,0,0.26337948,2025-45-403
14281,3,0.24894336,2025-46-403
14282,1,0.11790344,2025-47-403
14283,0,0.25313094,2025-48-403
14284,0,0.3606035,2025-49-403
14285,0,0.1626299,2025-50-403
14286,0,1.5928968,2025-51-403
14287,1,1.1662643,2025-52-403
14540,0,2.2618926,2025-1-404
14541,2,1.58169,2025-2-404
14542,1,1.7003539,2025-3-404
14543,0,1.1912344,2025-4-404
14544,0,0.60560834,2025-5-404
14545,0,0.4115582,2025-6-404
14546,0,0.7966804,2025-7-404
14547,0,0.574985,2025-8-404
14548,0,0.5720313,2025-9-404
14549,1,0.32745495,2025-10-404
14550,0,0.1431881,2025-11-404
14551,0,0.062971525,2025-12-404
14552,0,0.026405472,2025-13-404
14553,1,0.06252668,2025-14-404
14554,0,0.14960216,2025-15-404
14555,0,0.10239636,2025-16-404
14556,0,0.12211209,2025-17-404
14557,1,0.3818227,2025-18-404
14558,0,0.31644833,2025-19-404
14559,0,0.35343942,2025-20-404
14560,0,0.15308078,2025-21-404
14561,0,0.24032149,2025-22-404
14562,0,0.28271562,2025-23-404
14563,1,0.20019269,2025-24-404
14564,0,0.031599518,2025-25-404
14565,0,0.20323922,2025-26-404
14566,1,0.08613474,2025-27-404
14567,0,0.16726458,2025-28-404
14568,0,0.2835128,2025-29-404
14569,0,0.20010659,2025-30-404
14570,0,0.108106785,2025-31-404
14571,0,0.58425045,2025-32-404
14572,1,0.21322408,2025-33-404
14573,0,0.12921944,2025-34-404
14574,1,0.38027835,2025-35-404
14575,0,0.041609768,2025-36-404
14576,0,0.10399879,2025-37-404
14577,0,0.2596174,2025-38-404
14578,2,0.21522862,2025-39-404
14579,0,0.3038661,2025-40-404
14580,0,0.34961614,2025-41-404
14581,0,0.23008123,2025-42-404
14582,0,0.32280645,2025-43-404
14583,0,0.7272496,2025-44-404
14584,0,0.5123926,2025-45-404
14585,1,0.4668724,2025-46-404
14586,0,0.3380127,2025-47-404
14587,0,0.103460334,2025-48-404
14588,0,0.103460334,2025-49-404
14589,0,0.069009736,2025-50-404
14590,0,0.1936414,2025-51-404
14591,0,0.15467861,2025-52-404
14844,1,0.069009736,2025-1-405
14845,0,0.0770449,2025-2-405
14846,0,0.028076123,2025-3-405
14847,0,0.036478925,2025-4-405
14848,0,0.09130767,2025-5-405
14849,0,0.24015743,2025-6-405
14850,0,0.19190007,2025-7-405
14851,1,0.017268676,2025-8-405
14852,0,0.16089037,2025-9-405
14853,0,0.026405472,2025-10-405
14854,0,0.021164466,2025-11-405
14855,0,0.062971525,2025-12-405
14856,0,0.18955338,2025-13-405
14857,0,0.21943897,2025-14-405
14858,0,0.089390315,2025-15-405
14859,0,0.18540609,2025-16-405
14860,0,0.06626531,2025-17-405
14861,0,0.17790596,2025-18-405
14862,0,0.20038986,2025-19-405
14863,0,0.19405949,2025-20-405
14864,0,0.0670446,2025-21-405
14865,0,0.00959758,2025-22-405
14866,0,0.036368746,2025-23-405
14867,0,0.0611815,2025-24-405
14868,0,0.0171564,2025-25-405
14869,0,0.015475878,2025-26-405
14870,0,0.13092987,2025-27-405
14871,0,0.16726458,2025-28-405
14872,0,0.042406965,2025-29-405
14873,0,0.041523647,2025-30-405
14874,0,0.041609768,2025-31-405
14875,0,0.1553811,2025-32-405
14876,0,0.08649976,2025-33-405
14877,0,0.1236815,2025-34-405
14878,0,0.09661507,2025-35-405
14879,0,0.041609768,2025-36-405
14880,0,0.059203673,2025-37-405
14881,0,0.116008714,2025-38-405
14882,0,0.041289363,2025-39-405
14883,0,0.1567355,2025-40-405
14884,0,0.06821254,2025-41-405
14885,0,0.069009736,2025-42-405
14886,0,0.06821254,2025-43-405
14887,0,0.07966002,2025-44-405
14888,0,0.10266314,2025-45-405
14889,0,0.06821254,2025-46-405
14890,0,0.10266314,2025-47-405
14891,0,0.103460334,2025-48-405
14892,0,0.103460334,2025-49-405
14893,0,0.069009736,2025-50-405
14894,0,0.06821254,2025-51-405
14895,0,0.032519925,2025-52-405
15148,1,0.069009736,2025-1-406
15149,0,0.121042795,2025-2-406
15150,0,0.154785,2025-3-406
15151,1,0.17142193,2025-4-406
15152,0,0.16304575,2025-5-406
15153,0,0.36218107,2025-6-406
15154,0,0.2275927,2025-7-406
15155,0,0.0225097,2025-8-406
15156,0,0.29506758,2025-9-406
15157,0,0.14291956,2025-10-406
15158,0,0.0876615,2025-11-406
15159,0,0.18499519,2025-12-406
15160,0,0.062098093,2025-13-406
15161,1,0.06165324,2025-14-406
15162,0,0.02369048,2025-15-406
15163,0,-0.013007569,2025-16-406
15164,0,0.055615045,2025-17-406
15165,0,0.17790596,2025-18-406
15166,0,0.31644833,2025-19-406
15167,0,0.3526422,2025-20-406
15168,0,0.13354169,2025-21-406
15169,0,0.21690007,2025-22-406
15170,0,0.041609768,2025-23-406
15171,0,0.050531227,2025-24-406
15172,1,0.0171564,2025-25-406
15173,1,0.015475878,2025-26-406
15174,0,0.13092987,2025-27-406
15175,0,0.16726458,2025-28-406
15176,0,0.042406965,2025-29-406
15177,0,0.37466145,2025-30-406
15178,0,0.27760938,2025-31-406
15179,1,0.42782035,2025-32-406
15180,0,0.3048596,2025-33-406
15181,2,0.29458827,2025-34-406
15182,0,0.10185609,2025-35-406
15183,0,0.041609768,2025-36-406
15184,0,0.3451047,2025-37-406
15185,0,0.27459162,2025-38-406
15186,0,0.9770573,2025-39-406
15187,0,0.73650056,2025-40-406
15188,0,0.40043485,2025-41-406
15189,0,0.30276492,2025-42-406
15190,0,0.06821254,2025-43-406
15191,0,0.069009736,2025-44-406
15192,0,0.10266314,2025-45-406
15193,0,0.06821254,2025-46-406
15194,0,0.10266314,2025-47-406
15195,0,0.103460334,2025-48-406
15196,0,0.103460334,2025-49-406
15197,0,0.069009736,2025-50-406
15198,0,0.06821254,2025-51-406
15199,0,0.032519925,2025-52-406
15452,1,1.9724376,2025-1-407
15453,0,1.1198618,2025-2-407
15454,1,0.9558218,2025-3-407
15455,0,1.3320069,2025-4-407
15456,1,1.1875561,2025-5-407
15457,0,1.1425757,2025-6-407
15458,0,0.48393098,2025-7-407
15459,0,0.32790813,2025-8-407
15460,0,0.2881463,2025-9-407
15461,0,0.3802317,2025-10-407
15462,0,0.35125726,2025-11-407
15463,0,0.26387686,2025-12-407
15464,0,0.28895187,2025-13-407
15465,0,0.1754326,2025-14-407
15466,0,0.25005442,2025-15-407
15467,0,0.11573147,2025-16-407
15468,0,0.1754326,2025-17-407
15469,0,0.33900905,2025-18-407
15470,1,0.3508427,2025-19-407
15471,0,0.43376678,2025-20-407
15472,0,0.42474592,2025-21-407
15473,0,0.24930494,2025-22-407
15474,0,0.39407003,2025-23-407
15475,0,0.7110985,2025-24-407
15476,0,0.49026182,2025-25-407
15477,0,0.5350458,2025-26-407
15478,0,0.6763945,2025-27-407
15479,0,0.5249659,2025-28-407
15480,0,0.1829299,2025-29-407
15481,0,0.39922494,2025-30-407
15482,1,0.39931107,2025-31-407
15483,8,0.5130824,2025-32-407
15484,3,0.44340384,2025-33-407
15485,2,0.45214128,2025-34-407
15486,0,0.43816283,2025-35-407
15487,2,0.63249433,2025-36-407
15488,2,7.523637,2025-37-407
15489,2,5.6698184,2025-38-407
15490,0,3.6648846,2025-39-407
15491,0,2.677052,2025-40-407
15492,1,1.6318668,2025-41-407
15493,1,1.6949773,2025-42-407
15494,0,1.7337179,2025-43-407
15495,1,1.4704163,2025-44-407
15496,2,0.9612182,2025-45-407
15497,4,0.65757805,2025-46-407
15498,0,0.56884426,2025-47-407
15499,1,0.51562566,2025-48-407
15500,2,0.59474015,2025-49-407
15501,0,1.6776085,2025-50-407
15502,0,2.2068264,2025-51-407
15503,0,1.6364412,2025-52-407
15756,0,0.10415833,2025-1-408
15757,0,0.2637718,2025-2-408
15758,1,0.26540795,2025-3-408
15759,0,0.15188283,2025-4-408
15760,0,0.414948,2025-5-408
15761,0,0.32897177,2025-6-408
15762,0,0.09290252,2025-7-408
15763,0,0.25076082,2025-8-408
15764,0,0.13767853,2025-9-408
15765,0,0.11610575,2025-10-408
15766,0,0.1716324,2025-11-408
15767,0,0.12988932,2025-12-408
15768,0,0.12407513,2025-13-408
15769,0,0.1754326,2025-14-408
15770,1,0.22541703,2025-15-408
15771,0,0.09358352,2025-16-408
15772,1,0.1754326,2025-17-408
15773,0,0.39807415,2025-18-408
15774,0,0.3773688,2025-19-408
15775,0,0.7294006,2025-20-408
15776,0,0.54015005,2025-21-408
15777,0,0.5131922,2025-22-408
15778,1,1.0443215,2025-23-408
15779,0,0.3567355,2025-24-408
15780,0,0.45275134,2025-25-408
15781,1,0.3731772,2025-26-408
15782,0,0.48863107,2025-27-408
15783,0,0.72107613,2025-28-408
15784,0,0.3415128,2025-29-408
15785,0,0.19648959,2025-30-408
15786,0,0.5660061,2025-31-408
15787,1,0.40647486,2025-32-408
15788,0,0.59732115,2025-33-408
15789,0,0.6399047,2025-34-408
15790,0,0.43816283,2025-35-408
15791,0,0.39931107,2025-36-408
15792,0,1.2992983,2025-37-408
15793,0,0.4935936,2025-38-408
15794,0,0.3115932,2025-39-408
15795,1,0.41928184,2025-40-408
15796,0,0.20953272,2025-41-408
15797,0,0.20873553,2025-42-408
15798,0,0.20873553,2025-43-408
15799,0,0.20953272,2025-44-408
15800,0,0.4185907,2025-45-408
15801,0,0.25401282,2025-46-408
15802,0,0.1684956,2025-47-408
15803,0,0.2977188,2025-48-408
15804,0,0.1665972,2025-49-408
15805,0,0.0848572,2025-50-408
15806,0,0.06821254,2025-51-408
15807,0,0.043170232,2025-52-408
16060,0,0.69347256,2025-1-409
16061,0,0.6066074,2025-2-409
16062,0,0.45503736,2025-3-409
16063,0,0.26779193,2025-4-409
16064,0,0.15780474,2025-5-409
16065,1,0.2185723,2025-6-409
16066,0,0.027202671,2025-7-409
16067,0,0.0020283563,2025-8-409
16068,0,0.02727892,2025-9-409
16069,0,0.021164466,2025-10-409
16070,1,0.14787336,2025-11-409
16071,0,0.13156408,2025-12-409
16072,0,0.0876615,2025-13-409
16073,0,0.25402862,2025-14-409
16074,0,0.14088728,2025-15-409
16075,0,0.13327307,2025-16-409
16076,0,0.17666489,2025-17-409
16077,0,0.253308,2025-18-409
16078,0,0.47375888,2025-19-409
16079,0,0.31316262,2025-20-409
16080,0,0.16078225,2025-21-409
16081,0,0.06267923,2025-22-409
16082,0,0.15225421,2025-23-409
16083,0,0.24738531,2025-24-409
16084,0,0.15767933,2025-25-409
16085,0,0.15599883,2025-26-409
16086,0,0.2714526,2025-27-409
16087,0,0.30778736,2025-28-409
16088,0,0.12769172,2025-29-409
16089,1,0.15740912,2025-30-409
16090,0,0.11539687,2025-31-409
16091,0,0.21602833,2025-32-409
16092,0,0.15873478,2025-33-409
16093,0,0.4299935,2025-34-409
16094,0,0.53277177,2025-35-409
16095,1,0.5578942,2025-36-409
16096,0,0.22793132,2025-37-409
16097,1,0.27083027,2025-38-409
16098,0,0.069733605,2025-39-409
16099,0,0.2058852,2025-40-409
16100,0,0.34314975,2025-41-409
16101,0,0.32053298,2025-42-409
16102,1,0.42422917,2025-43-409
16103,1,0.39678422,2025-44-409
16104,1,0.20444785,2025-45-409
16105,0,0.21238402,2025-46-409
16106,1,0.103460334,2025-47-409
16107,1,0.2565361,2025-48-409
16108,0,0.4711744,2025-49-409
16109,1,0.3545557,2025-50-409
16110,0,0.41531605,2025-51-409
16111,0,0.3477494,2025-52-409
16364,0,6.074363,2025-1-410
16365,1,3.5656981,2025-2-410
16366,2,4.033273,2025-3-410
16367,3,4.5374346,2025-4-410
16368,0,4.807129,2025-5-410
16369,1,2.5774398,2025-6-410
16370,0,1.8675461,2025-7-410
16371,2,1.3638616,2025-8-410
16372,3,1.8738642,2025-9-410
16373,0,1.628963,2025-10-410
16374,0,1.7337362,2025-11-410
16375,1,0.64098024,2025-12-410
16376,1,1.3269473,2025-13-410
16377,2,3.0077581,2025-14-410
16378,0,1.7142413,2025-15-410
16379,3,1.9389646,2025-16-410
16380,0,1.0864689,2025-17-410
16381,2,0.7773495,2025-18-410
16382,2,1.8156005,2025-19-410
16383,1,1.0990359,2025-20-410
16384,0,4.604903,2025-21-410
16385,0,2.6328404,2025-22-410
16386,0,2.9031668,2025-23-410
16387,1,2.816679,2025-24-410
16388,2,1.6488767,2025-25-410
16389,2,1.1646731,2025-26-410
16390,2,0.9152355,2025-27-410
16391,0,0.6349223,2025-28-410
16392,0,0.63249433,2025-29-410
16393,1,1.5082959,2025-30-410
16394,1,1.819633,2025-31-410
16395,2,2.2451015,2025-32-410
16396,0,1.3799357,2025-33-410
16397,1,0.86302954,2025-34-410
16398,1,1.0541437,2025-35-410
16399,0,0.7430652,2025-36-410
16400,1,1.8408182,2025-37-410
16401,0,0.84173244,2025-38-410
16402,0,0.886285,2025-39-410
16403,2,0.9428011,2025-40-410
16404,1,0.38255873,2025-41-410
16405,1,0.5602896,2025-42-410
16406,0,0.4893421,2025-43-410
16407,0,0.37060392,2025-44-410
16408,3,1.11009,2025-45-410
16409,0,0.9116549,2025-46-410
16410,0,0.9482814,2025-47-410
16411,1,0.61625844,2025-48-410
16412,2,0.43170664,2025-49-410
16413,4,1.876384,2025-50-410
16414,3,1.7314905,2025-51-410
16415,1,1.4150715,2025-52-410
16668,38,0.47356632,2025-1-501
16669,0,1.8514293,2025-2-501
16670,1,1.3218741,2025-3-501
16671,0,1.5958227,2025-4-501
16672,0,1.0958647,2025-5-501
16673,1,29.879314,2025-6-501
16674,0,-3.0146341,2025-7-501
16675,1,3.1117465,2025-8-501
16676,1,0.116376676,2025-9-501
16677,0,0.2626348,2025-10-501
16678,1,0.4624494,2025-11-501
16679,28,0.25596073,2025-12-501
16680,6,0.40944812,2025-13-501
16681,1,0.6735702,2025-14-501
16682,0,0.31364766,2025-15-501
16683,0,0.5884016,2025-16-501
16684,0,25.368261,2025-17-501
16685,0,2.9068413,2025-18-501
16686,0,4.276956,2025-19-501
16687,0,3.0565748,2025-20-501
16688,0,1.3474126,2025-21-501
16689,0,0.47023648,2025-22-501
16690,0,0.302012,2025-23-501
16691,1,0.43209895,2025-24-501
16692,1,0.4140655,2025-25-501
16693,0,0.45135495,2025-26-501
16694,2,0.43520144,2025-27-501
16695,1,0.4021593,2025-28-501
16696,2,2.1685581,2025-29-501
16697,1,1.1622965,2025-30-501
16698,0,1.0697968,2025-31-501
16699,1,1.9479263,2025-32-501
16700,2,1.2033217,2025-33-501
16701,1,2.1156151,2025-34-501
16702,3,2.2198973,2025-35-501
16703,2,1.1093905,2025-36-501
16704,7,1.0625539,2025-37-501
16705,5,1.6697625,2025-38-501
16706,4,1.1251067,2025-39-501
16707,2,3.1165519,2025-40-501
16708,3,3.3118474,2025-41-501
16709,4,4.982716,2025-42-501
16710,4,5.9894857,2025-43-501
16711,9,5.530927,2025-44-501
16712,5,4.2431417,2025-45-501
16713,4,3.3203444,2025-46-501
16714,5,4.246577,2025-47-501
16715,1,4.396354,2025-48-501
16716,0,5.317287,2025-49-501
16717,1,5.2652774,2025-50-501
16718,2,3.8989294,2025-51-501
16719,1,6.5963626,2025-52-501
16972,0,2.352139,2025-1-502
16973,0,2.2843995,2025-2-502
16974,0,1.6679195,2025-3-502
16975,1,1.5681129,2025-4-502
16976,0,0.9193549,2025-5-502
16977,0,0.4285613,2025-6-502
16978,0,0.2626348,2025-7-502
16979,0,0.31816146,2025-8-502
16980,0,0.39352807,2025-9-502
16981,0,0.30653763,2025-10-502
16982,0,0.24141902,2025-11-502
16983,2,0.28712365,2025-12-502
16984,1,0.15080208,2025-13-502
16985,1,0.14556105,2025-14-502
16986,0,0.23575749,2025-15-502
16987,0,0.12668507,2025-16-502
16988,0,0.8988334,2025-17-502
16989,0,0.88785326,2025-18-502
16990,1,0.9340768,2025-19-502
16991,1,0.8911237,2025-20-502
16992,0,0.6547886,2025-21-502
16993,0,0.4377804,2025-22-502
16994,0,0.5178971,2025-23-502
16995,0,0.8555417,2025-24-502
16996,0,0.8708561,2025-25-502
16997,0,0.7617628,2025-26-502
16998,0,0.7392608,2025-27-502
16999,1,0.6095961,2025-28-502
17000,0,0.44596976,2025-29-502
17001,0,0.7364461,2025-30-502
17002,0,0.89352626,2025-31-502
17003,0,0.497744,2025-32-502
17004,0,0.57172453,2025-33-502
17005,1,0.6118762,2025-34-502
17006,0,1.0060722,2025-35-502
17007,1,0.55553585,2025-36-502
17008,0,0.37068683,2025-37-502
17009,0,0.3911661,2025-38-502
17010,2,0.57609546,2025-39-502
17011,0,0.3906276,2025-40-502
17012,1,0.5396908,2025-41-502
17013,0,0.4757806,2025-42-502
17014,2,0.28846708,2025-43-502
17015,2,1.436999,2025-44-502
17016,0,0.6537128,2025-45-502
17017,3,0.7896986,2025-46-502
17018,1,0.46914664,2025-47-502
17019,1,1.3493325,2025-48-502
17020,1,4.121722,2025-49-502
17021,2,1.7730498,2025-50-502
17022,0,2.4387293,2025-51-502
17023,0,2.5346987,2025-52-502
17276,1,5.4714723,2025-1-503
17277,2,6.111503,2025-2-503
17278,0,4.417317,2025-3-503
17279,0,3.611208,2025-4-503
17280,2,3.362826,2025-5-503
17281,0,2.7337523,2025-6-503
17282,2,2.2909076,2025-7-503
17283,0,1.1937128,2025-8-503
17284,0,0.7168216,2025-9-503
17285,0,1.47162,2025-10-503
17286,1,0.58448035,2025-11-503
17287,0,1.1910027,2025-12-503
17288,0,0.8758007,2025-13-503
17289,0,0.5442212,2025-14-503
17290,0,0.5131067,2025-15-503
17291,0,0.3240752,2025-16-503
17292,0,0.23708475,2025-17-503
17293,0,0.3265799,2025-18-503
17294,0,0.47023648,2025-19-503
17295,0,0.28247288,2025-20-503
17296,0,0.3013489,2025-21-503
17297,2,0.28247288,2025-22-503
17298,0,0.4854413,2025-23-503
17299,0,0.5437543,2025-24-503
17300,0,0.46658683,2025-25-503
17301,0,0.57645655,2025-26-503
17302,1,1.7807052,2025-27-503
17303,1,0.99047047,2025-28-503
17304,1,0.9273314,2025-29-503
17305,4,0.9999982,2025-30-503
17306,5,0.89272904,2025-31-503
17307,4,0.7083771,2025-32-503
17308,4,0.6971003,2025-33-503
17309,6,0.8736305,2025-34-503
17310,6,5.3659034,2025-35-503
17311,4,8.274217,2025-36-503
17312,5,9.289961,2025-37-503
17313,1,9.228883,2025-38-503
17314,4,10.46496,2025-39-503
17315,8,7.5337768,2025-40-503
17316,12,5.232646,2025-41-503
17317,17,6.278404,2025-42-503
17318,11,3.7820382,2025-43-503
17319,13,4.286924,2025-44-503
17320,15,6.142725,2025-45-503
17321,23,6.9782515,2025-46-503
17322,17,11.656908,2025-47-503
17323,10,9.3864975,2025-48-503
17324,17,11.826859,2025-49-503
17325,20,26.027565,2025-50-503
17326,11,15.562096,2025-51-503
17327,5,16.36219,2025-52-503
17580,1,0.5748288,2025-1-504
17581,0,0.64231163,2025-2-504
17582,1,0.3791491,2025-3-504
17583,0,0.38465855,2025-4-504
17584,0,0.35385406,2025-5-504
17585,0,0.45136166,2025-6-504
17586,0,0.38029823,2025-7-504
17587,1,0.42012373,2025-8-504
17588,0,0.48285908,2025-9-504
17589,0,0.23686293,2025-10-504
17590,0,0.23435807,2025-11-504
17591,0,0.15714887,2025-12-504
17592,0,0.37980545,2025-13-504
17593,1,0.33163288,2025-14-504
17594,0,0.3123203,2025-15-504
17595,0,0.34690425,2025-16-504
17596,0,0.15914087,2025-17-504
17597,0,0.28247288,2025-18-504
17598,1,0.47986323,2025-19-504
17599,1,0.441056,2025-20-504
17600,0,0.3446134,2025-21-504
17601,0,0.47023648,2025-22-504
17602,0,0.40882447,2025-23-504
17603,0,0.74388653,2025-24-504
17604,0,0.88443595,2025-25-504
17605,0,0.67643553,2025-26-504
17606,0,0.68151075,2025-27-504
17607,0,0.6412548,2025-28-504
17608,0,0.5231372,2025-29-504
17609,0,0.813697,2025-30-504
17610,0,0.93752414,2025-31-504
17611,0,0.4070849,2025-32-504
17612,0,0.3490783,2025-33-504
17613,1,0.4746598,2025-34-504
17614,1,0.9102144,2025-35-504
17615,0,0.44930768,2025-36-504
17616,1,0.27458724,2025-37-504
17617,5,0.35656402,2025-38-504
17618,0,0.569981,2025-39-504
17619,1,0.51457506,2025-40-504
17620,1,0.35352355,2025-41-504
17621,5,0.7063162,2025-42-504
17622,7,3.5445263,2025-43-504
17623,3,1.9210175,2025-44-504
17624,3,1.5191514,2025-45-504
17625,6,1.3015708,2025-46-504
17626,5,3.5262897,2025-47-504
17627,2,5.924128,2025-48-504
17628,8,5.626425,2025-49-504
17629,1,4.0375338,2025-50-504
17630,1,5.118571,2025-51-504
17631,1,6.699365,2025-52-504
17884,0,0.23201084,2025-1-505
17885,0,0.30246392,2025-2-505
17886,0,3.019471,2025-3-505
17887,1,1.250033,2025-4-505
17888,0,4.267044,2025-5-505
17889,0,2.5004416,2025-6-505
17890,1,1.4689115,2025-7-505
17891,0,0.7142666,2025-8-505
17892,0,0.34042585,2025-9-505
17893,0,0.22273424,2025-10-505
17894,0,0.212058,2025-11-505
17895,0,0.47855467,2025-12-505
17896,0,0.28344956,2025-13-505
17897,0,0.23519026,2025-14-505
17898,0,0.37884668,2025-15-505
17899,0,0.19108331,2025-16-505
17900,1,0.19108331,2025-17-505
17901,0,0.3144153,2025-18-505
17902,0,0.3144153,2025-19-505
17903,2,0.3144153,2025-20-505
17904,1,0.3144153,2025-21-505
17905,0,0.4978967,2025-22-505
17906,0,0.21085589,2025-23-505
17907,0,0.16783763,2025-24-505
17908,1,1.4310625,2025-25-505
17909,0,1.1556444,2025-26-505
17910,2,0.88843405,2025-27-505
17911,4,0.57480884,2025-28-505
17912,7,0.6768323,2025-29-505
17913,8,0.83282924,2025-30-505
17914,15,0.966089,2025-31-505
17915,9,1.5590646,2025-32-505
17916,8,4.6853285,2025-33-505
17917,12,8.502306,2025-34-505
17918,11,11.985466,2025-35-505
17919,17,19.461075,2025-36-505
17920,12,16.115637,2025-37-505
17921,18,11.727856,2025-38-505
17922,13,9.320682,2025-39-505
17923,11,7.7680197,2025-40-505
17924,27,15.858755,2025-41-505
17925,10,7.2947087,2025-42-505
17926,19,17.457735,2025-43-505
17927,36,16.918247,2025-44-505
17928,29,17.413855,2025-45-505
17929,26,22.746012,2025-46-505
17930,17,13.299996,2025-47-505
17931,30,19.378372,2025-48-505
17932,19,30.79599,2025-49-505
17933,18,29.968456,2025-50-505
17934,12,14.470404,2025-51-505
17935,9,10.177409,2025-52-505
18188,2,6.0181313,2025-1-506
18189,5,5.273258,2025-2-506
18190,3,4.849323,2025-3-506
18191,3,2.5242603,2025-4-506
18192,3,1.9950747,2025-5-506
18193,0,1.6902826,2025-6-506
18194,0,3.497798,2025-7-506
18195,0,4.057752,2025-8-506
18196,2,4.1839275,2025-9-506
18197,0,4.2397447,2025-10-506
18198,0,3.0177684,2025-11-506
18199,0,1.836784,2025-12-506
18200,0,0.69848555,2025-13-506
18201,0,0.9312892,2025-14-506
18202,0,0.64531595,2025-15-506
18203,0,0.53541106,2025-16-506
18204,0,0.54556257,2025-17-506
18205,2,0.28247288,2025-18-506
18206,0,0.28247288,2025-19-506
18207,1,0.28247288,2025-20-506
18208,0,0.3915454,2025-21-506
18209,0,0.28247288,2025-22-506
18210,0,1.4516429,2025-23-506
18211,0,0.8359649,2025-24-506
18212,0,1.1021224,2025-25-506
18213,0,0.9963598,2025-26-506
18214,0,0.5016987,2025-27-506
18215,0,0.6412548,2025-28-506
18216,0,0.5231372,2025-29-506
18217,1,0.7689019,2025-30-506
18218,0,0.89272904,2025-31-506
18219,1,0.4070849,2025-32-506
18220,1,0.30832338,2025-33-506
18221,0,0.46941882,2025-34-506
18222,0,1.2220014,2025-35-506
18223,0,0.5597074,2025-36-506
18224,0,0.67053086,2025-37-506
18225,1,0.8085186,2025-38-506
18226,0,0.61322695,2025-39-506
18227,0,0.39040694,2025-40-506
18228,3,0.2984791,2025-41-506
18229,4,0.32472113,2025-42-506
18230,2,0.51779544,2025-43-506
18231,2,0.3805532,2025-44-506
18232,5,0.34155416,2025-45-506
18233,9,1.9290146,2025-46-506
18234,9,4.2029514,2025-47-506
18235,4,3.92363,2025-48-506
18236,7,4.064056,2025-49-506
18237,13,7.3291044,2025-50-506
18238,6,6.118896,2025-51-506
18239,0,7.2277875,2025-52-506
18492,0,2.020788,2025-1-507
18493,0,1.740907,2025-2-507
18494,1,1.3607715,2025-3-507
18495,0,1.1371399,2025-4-507
18496,0,0.943699,2025-5-507
18497,0,0.5002995,2025-6-507
18498,0,0.38465855,2025-7-507
18499,0,0.52166617,2025-8-507
18500,1,0.31265208,2025-9-507
18501,0,0.2626348,2025-10-507
18502,1,0.26758456,2025-11-507
18503,0,0.12668507,2025-12-507
18504,1,0.12668507,2025-13-507
18505,0,0.3240752,2025-14-507
18506,1,0.2695406,2025-15-507
18507,0,0.40063795,2025-16-507
18508,0,0.4573042,2025-17-507
18509,0,0.5239702,2025-18-507
18510,0,0.5806364,2025-19-507
18511,0,0.5239702,2025-20-507
18512,0,0.5806364,2025-21-507
18513,0,0.3265799,2025-22-507
18514,1,0.5965882,2025-23-507
18515,1,0.4140655,2025-24-507
18516,0,0.4140655,2025-25-507
18517,1,0.5420141,2025-26-507
18518,0,0.5420141,2025-27-507
18519,0,0.7652786,2025-28-507
18520,0,0.83061564,2025-29-507
18521,0,1.0462722,2025-30-507
18522,0,1.4077401,2025-31-507
18523,0,0.7960785,2025-32-507
18524,1,0.438698,2025-33-507
18525,0,0.6943095,2025-34-507
18526,2,1.0008733,2025-35-507
18527,0,0.38731158,2025-36-507
18528,0,0.43294153,2025-37-507
18529,1,0.6869916,2025-38-507
18530,1,0.56518346,2025-39-507
18531,0,1.140623,2025-40-507
18532,1,0.88406783,2025-41-507
18533,0,0.6418461,2025-42-507
18534,2,0.838477,2025-43-507
18535,1,0.56804705,2025-44-507
18536,1,0.47334108,2025-45-507
18537,1,0.69908404,2025-46-507
18538,1,0.4765778,2025-47-507
18539,1,1.3493325,2025-48-507
18540,0,3.5729516,2025-49-507
18541,1,1.6712818,2025-50-507
18542,1,0.9081239,2025-51-507
18543,0,1.6338184,2025-52-507
18796,0,5.0841136,2025-1-508
18797,0,3.0027225,2025-2-508
18798,0,2.2198875,2025-3-508
18799,1,1.1284491,2025-4-508
18800,0,0.8415484,2025-5-508
18801,0,0.595984,2025-6-508
18802,0,0.21661918,2025-7-508
18803,0,0.3250731,2025-8-508
18804,0,0.43405506,2025-9-508
18805,0,0.31177863,2025-10-508
18806,0,0.28217393,2025-11-508
18807,0,0.36520955,2025-12-508
18808,0,0.22091803,2025-13-508
18809,0,0.20749341,2025-14-508
18810,0,0.30521035,2025-15-508
18811,0,0.30521035,2025-16-508
18812,0,0.19613793,2025-17-508
18813,0,0.31036752,2025-18-508
18814,0,0.30604762,2025-19-508
18815,1,0.27547204,2025-20-508
18816,1,0.38374734,2025-21-508
18817,0,0.2746749,2025-22-508
18818,0,0.4010265,2025-23-508
18819,0,0.45106262,2025-24-508
18820,0,0.76285,2025-25-508
18821,1,0.8918343,2025-26-508
18822,0,0.63039064,2025-27-508
18823,0,0.8212444,2025-28-508
18824,0,0.5969931,2025-29-508
18825,0,0.777513,2025-30-508
18826,1,1.3287125,2025-31-508
18827,1,0.68691933,2025-32-508
18828,2,0.50307417,2025-33-508
18829,0,0.7512179,2025-34-508
18830,0,0.8980799,2025-35-508
18831,0,0.6311737,2025-36-508
18832,2,0.9804693,2025-37-508
18833,0,1.6015903,2025-38-508
18834,4,1.1173993,2025-39-508
18835,1,0.7515045,2025-40-508
18836,1,0.4777386,2025-41-508
18837,6,0.98886347,2025-42-508
18838,6,0.7009277,2025-43-508
18839,1,2.603229,2025-44-508
18840,2,1.904023,2025-45-508
18841,1,1.7917582,2025-46-508
18842,0,3.8578498,2025-47-508
18843,2,5.1206717,2025-48-508
18844,2,9.001631,2025-49-508
18845,8,4.4415464,2025-50-508
18846,0,3.3632789,2025-51-508
18847,1,1.7685912,2025-52-508
19100,1,0.46381342,2025-1-509
19101,0,0.49817446,2025-2-509
19102,0,0.36412087,2025-3-509
19103,0,0.3242759,2025-4-509
19104,0,0.94841295,2025-5-509
19105,0,0.833974,2025-6-509
19106,0,0.70519775,2025-7-509
19107,0,0.49718758,2025-8-509
19108,0,0.31816146,2025-9-509
19109,1,0.19613793,2025-10-509
19110,0,0.19613793,2025-11-509
19111,0,0.21567702,2025-12-509
19112,0,0.20137896,2025-13-509
19113,2,0.19613793,2025-14-509
19114,0,0.50260055,2025-15-509
19115,0,0.28532177,2025-16-509
19116,0,0.24141902,2025-17-509
19117,0,0.45665643,2025-18-509
19118,0,1.5861152,2025-19-509
19119,0,0.7772116,2025-20-509
19120,0,0.80598676,2025-21-509
19121,0,0.6846757,2025-22-509
19122,0,0.44582158,2025-23-509
19123,1,0.53259784,2025-24-509
19124,0,0.45106262,2025-25-509
19125,0,0.56093234,2025-26-509
19126,0,0.46947604,2025-27-509
19127,0,0.4716122,2025-28-509
19128,0,0.5605448,2025-29-509
19129,0,0.81349397,2025-30-509
19130,0,0.90796924,2025-31-509
19131,0,0.6855074,2025-32-509
19132,0,0.32953924,2025-33-509
19133,0,0.522521,2025-34-509
19134,0,1.0676038,2025-35-509
19135,0,0.38898838,2025-36-509
19136,0,0.44582158,2025-37-509
19137,1,0.45717704,2025-38-509
19138,0,0.45717704,2025-39-509
19139,0,0.29805547,2025-40-509
19140,0,0.24398322,2025-41-509
19141,0,0.24318604,2025-42-509
19142,3,0.4574761,2025-43-509
19143,0,0.40256622,2025-44-509
19144,0,0.2584262,2025-45-509
19145,0,0.36600673,2025-46-509
19146,1,0.24398322,2025-47-509
19147,4,1.7888112,2025-48-509
19148,4,2.1061215,2025-49-509
19149,0,3.4868484,2025-50-509
19150,0,2.4257429,2025-51-509
19151,0,1.616063,2025-52-509
19404,0,2.4293673,2025-1-510
19405,0,2.7820873,2025-2-510
19406,0,1.4453611,2025-3-510
19407,0,1.4382104,2025-4-510
19408,1,0.69116044,2025-5-510
19409,0,0.23707156,2025-6-510
19410,0,0.20137896,2025-7-510
19411,1,0.20304959,2025-8-510
19412,2,0.20225239,2025-9-510
19413,0,0.3616417,2025-10-510
19414,0,0.29213342,2025-11-510
19415,0,0.20616184,2025-12-510
19416,0,0.4709977,2025-13-510
19417,0,1.0160983,2025-14-510
19418,0,0.6650731,2025-15-510
19419,0,0.763927,2025-16-510
19420,0,0.53198266,2025-17-510
19421,0,0.2565538,2025-18-510
19422,0,0.2565538,2025-19-510
19423,0,0.33329132,2025-20-510
19424,0,0.41230115,2025-21-510
19425,0,0.30000877,2025-22-510
19426,1,0.3797893,2025-23-510
19427,3,0.41230115,2025-24-510
19428,0,0.3952447,2025-25-510
19429,1,0.5437543,2025-26-510
19430,3,0.2605107,2025-27-510
19431,4,0.77673095,2025-28-510
19432,0,4.134276,2025-29-510
19433,5,2.9077764,2025-30-510
19434,3,2.524124,2025-31-510
19435,1,4.707355,2025-32-510
19436,0,5.43809,2025-33-510
19437,1,3.597841,2025-34-510
19438,0,6.2725706,2025-35-510
19439,0,7.7030644,2025-36-510
19440,1,5.365615,2025-37-510
19441,3,2.6531708,2025-38-510
19442,5,1.2931993,2025-39-510
19443,4,0.6462552,2025-40-510
19444,6,0.43563515,2025-41-510
19445,5,0.90327173,2025-42-510
19446,10,2.7964468,2025-43-510
19447,5,4.0775137,2025-44-510
19448,8,4.7860875,2025-45-510
19449,5,5.90312,2025-46-510
19450,8,6.0507617,2025-47-510
19451,9,7.4614305,2025-48-510
19452,8,5.1481304,2025-49-510
19453,6,8.824467,2025-50-510
19454,8,4.8975887,2025-51-510
19455,11,6.5365725,2025-52-510
19708,0,0.60473657,2025-1-511
19709,0,0.435389,2025-2-511
19710,0,0.33951625,2025-3-511
19711,1,0.3242759,2025-4-511
19712,1,0.19613793,2025-5-511
19713,0,0.19613793,2025-6-511
19714,0,0.19613793,2025-7-511
19715,0,0.19613793,2025-8-511
19716,0,0.39352807,2025-9-511
19717,0,0.5039277,2025-10-511
19718,0,0.37303466,2025-11-511
19719,0,0.3991353,2025-12-511
19720,0,0.32340246,2025-13-511
19721,0,0.19613793,2025-14-511
19722,0,0.2839945,2025-15-511
19723,0,0.14556105,2025-16-511
19724,0,0.14556105,2025-17-511
19725,0,0.25001708,2025-18-511
19726,0,0.2688931,2025-19-511
19727,0,0.2688931,2025-20-511
19728,0,0.37796554,2025-21-511
19729,0,0.2688931,2025-22-511
19730,0,0.61513,2025-23-511
19731,0,0.53259784,2025-24-511
19732,0,0.40626752,2025-25-511
19733,1,0.56093234,2025-26-511
19734,2,0.5601351,2025-27-511
19735,0,0.47240937,2025-28-511
19736,0,0.3644346,2025-29-511
19737,0,0.6549109,2025-30-511
19738,1,1.0896362,2025-31-511
19739,0,1.6001271,2025-32-511
19740,0,0.7732512,2025-33-511
19741,0,1.1141855,2025-34-511
19742,0,1.4655786,2025-35-511
19743,0,0.5863786,2025-36-511
19744,0,0.5596098,2025-37-511
19745,0,0.47887892,2025-38-511
19746,0,0.5344057,2025-39-511
19747,0,0.25326037,2025-40-511
19748,0,0.24398322,2025-41-511
19749,0,0.24318604,2025-42-511
19750,0,0.24318604,2025-43-511
19751,1,0.24398322,2025-44-511
19752,0,0.24398322,2025-45-511
19753,0,0.24398322,2025-46-511
19754,0,0.24398322,2025-47-511
19755,2,0.24318604,2025-48-511
19756,3,1.2781066,2025-49-511
19757,5,3.1406894,2025-50-511
19758,1,2.7178602,2025-51-511
19759,1,1.2593603,2025-52-511
20012,1,6.2242837,2025-1-601
20013,3,4.8538704,2025-2-601
20014,0,6.191404,2025-3-601
20015,0,5.4712725,2025-4-601
20016,0,6.11406,2025-5-601
20017,1,2.7262907,2025-6-601
20018,1,3.2337246,2025-7-601
20019,1,1.2161491,2025-8-601
20020,3,1.4135668,2025-9-601
20021,3,0.61870825,2025-10-601
20022,2,0.34897402,2025-11-601
20023,1,0.43826634,2025-12-601
20024,0,0.51307833,2025-13-601
20025,1,2.5753815,2025-14-601
20026,0,3.9836924,2025-15-601
20027,1,3.4419465,2025-16-601
20028,0,2.5868702,2025-17-601
20029,0,1.3881351,2025-18-601
20030,0,0.9696912,2025-19-601
20031,0,0.68732566,2025-20-601
20032,1,0.6146425,2025-21-601
20033,7,0.6972973,2025-22-601
20034,4,0.35638794,2025-23-601
20035,6,0.6672801,2025-24-601
20036,0,0.5893863,2025-25-601
20037,4,0.58047915,2025-26-601
20038,5,6.581181,2025-27-601
20039,2,7.53933,2025-28-601
20040,6,10.62749,2025-29-601
20041,5,6.385299,2025-30-601
20042,10,6.3746367,2025-31-601
20043,11,8.872678,2025-32-601
20044,16,5.303705,2025-33-601
20045,14,7.105844,2025-34-601
20046,17,7.705538,2025-35-601
20047,18,12.981892,2025-36-601
20048,6,11.300957,2025-37-601
20049,11,18.22434,2025-38-601
20050,17,22.893131,2025-39-601
20051,12,14.497674,2025-40-601
20052,15,16.011131,2025-41-601
20053,11,10.159507,2025-42-601
20054,9,8.032953,2025-43-601
20055,22,11.97638,2025-44-601
20056,8,11.518388,2025-45-601
20057,22,11.488833,2025-46-601
20058,17,7.7892056,2025-47-601
20059,15,6.0396957,2025-48-601
20060,23,9.892829,2025-49-601
20061,17,6.777147,2025-50-601
20062,16,13.628982,2025-51-601
20063,9,15.365113,2025-52-601
20316,1,3.9243486,2025-1-602
20317,2,4.068187,2025-2-602
20318,1,4.317923,2025-3-602
20319,0,3.967905,2025-4-602
20320,1,4.902498,2025-5-602
20321,0,2.4234054,2025-6-602
20322,2,1.9009356,2025-7-602
20323,0,1.1893213,2025-8-602
20324,2,0.8333359,2025-9-602
20325,1,0.6945777,2025-10-602
20326,1,0.4285613,2025-11-602
20327,2,1.2843368,2025-12-602
20328,1,0.7329608,2025-13-602
20329,1,1.5103608,2025-14-602
20330,2,1.3082519,2025-15-602
20331,7,0.8520107,2025-16-602
20332,3,1.4810275,2025-17-602
20333,4,1.1197233,2025-18-602
20334,3,1.1955616,2025-19-602
20335,2,2.0176835,2025-20-602
20336,5,6.471763,2025-21-602
20337,9,6.882293,2025-22-602
20338,5,7.450703,2025-23-602
20339,7,8.028299,2025-24-602
20340,10,4.84798,2025-25-602
20341,5,6.1077185,2025-26-602
20342,5,10.160175,2025-27-602
20343,15,8.554027,2025-28-602
20344,10,9.705977,2025-29-602
20345,5,9.991245,2025-30-602
20346,7,9.27486,2025-31-602
20347,7,9.500548,2025-32-602
20348,7,15.833148,2025-33-602
20349,10,15.590247,2025-34-602
20350,7,9.381216,2025-35-602
20351,3,9.613732,2025-36-602
20352,3,10.214443,2025-37-602
20353,5,9.966177,2025-38-602
20354,4,8.783273,2025-39-602
20355,1,6.7723355,2025-40-602
20356,3,4.4065022,2025-41-602
20357,5,3.9123826,2025-42-602
20358,1,5.7102532,2025-43-602
20359,1,5.039595,2025-44-602
20360,2,3.2650926,2025-45-602
20361,5,3.0957456,2025-46-602
20362,4,4.638122,2025-47-602
20363,3,2.6707428,2025-48-602
20364,0,2.134468,2025-49-602
20365,4,1.6522417,2025-50-602
20366,1,2.8388565,2025-51-602
20367,2,3.9360363,2025-52-602
20620,1,2.826699,2025-1-603
20621,0,1.1856731,2025-2-603
20622,1,2.33219,2025-3-603
20623,0,1.6267568,2025-4-603
20624,0,3.5462663,2025-5-603
20625,0,1.3372662,2025-6-603
20626,0,0.9773617,2025-7-603
20627,0,0.7006922,2025-8-603
20628,0,0.43467575,2025-9-603
20629,0,0.2626348,2025-10-603
20630,0,0.31816146,2025-11-603
20631,1,0.19738005,2025-12-603
20632,0,0.23707156,2025-13-603
20633,0,0.20217615,2025-14-603
20634,2,0.30521035,2025-15-603
20635,0,0.30521035,2025-16-603
20636,1,0.40511587,2025-17-603
20637,0,0.5166673,2025-18-603
20638,0,0.41733968,2025-19-603
20639,0,1.850147,2025-20-603
20640,1,0.8890125,2025-21-603
20641,0,1.1876414,2025-22-603
20642,1,1.3230867,2025-23-603
20643,1,0.6266321,2025-24-603
20644,0,0.7178607,2025-25-603
20645,0,0.7114503,2025-26-603
20646,0,0.6267083,2025-27-603
20647,0,0.72589326,2025-28-603
20648,1,1.0553766,2025-29-603
20649,1,0.6859465,2025-30-603
20650,0,0.8649721,2025-31-603
20651,0,0.73003244,2025-32-603
20652,0,0.42547816,2025-33-603
20653,0,0.62079126,2025-34-603
20654,0,0.93769825,2025-35-603
20655,2,0.6891635,2025-36-603
20656,0,0.6789415,2025-37-603
20657,0,0.5344057,2025-38-603
20658,2,0.41238195,2025-39-603
20659,0,0.25326037,2025-40-603
20660,0,1.0062462,2025-41-603
20661,2,0.6529156,2025-42-603
20662,1,0.5754086,2025-43-603
20663,0,1.0894961,2025-44-603
20664,0,0.7017249,2025-45-603
20665,0,0.8605857,2025-46-603
20666,0,1.0894961,2025-47-603
20667,1,0.87991333,2025-48-603
20668,1,0.6859796,2025-49-603
20669,0,0.3590588,2025-50-603
20670,0,0.36600673,2025-51-603
20671,0,0.21908122,2025-52-603
20924,0,0.26236284,2025-1-604
20925,0,0.2571218,2025-2-604
20926,0,0.20225239,2025-3-604
20927,0,2.3889742,2025-4-604
20928,0,2.4595413,2025-5-604
20929,0,1.9995011,2025-6-604
20930,0,1.1609675,2025-7-604
20931,0,0.43680498,2025-8-604
20932,0,0.20225239,2025-9-604
20933,0,0.19613793,2025-10-604
20934,0,0.19613793,2025-11-604
20935,0,0.16168742,2025-12-604
20936,0,0.19613793,2025-13-604
20937,0,0.19613793,2025-14-604
20938,0,0.19613793,2025-15-604
20939,0,0.19613793,2025-16-604
20940,0,0.19613793,2025-17-604
20941,0,0.33900905,2025-18-604
20942,0,0.3508427,2025-19-604
20943,0,0.33900905,2025-20-604
20944,0,0.45991516,2025-21-604
20945,0,0.31947,2025-22-604
20946,0,0.5548941,2025-23-604
20947,1,0.5601351,2025-24-604
20948,3,0.45185977,2025-25-604
20949,7,0.56093234,2025-26-604
20950,6,0.51613724,2025-27-604
20951,11,0.56093234,2025-28-604
20952,6,0.7570426,2025-29-604
20953,6,4.171987,2025-30-604
20954,7,7.40077,2025-31-604
20955,1,9.530591,2025-32-604
20956,7,11.584313,2025-33-604
20957,4,10.059802,2025-34-604
20958,1,10.162513,2025-35-604
20959,1,10.272685,2025-36-604
20960,1,6.48371,2025-37-604
20961,2,8.105073,2025-38-604
20962,0,8.515372,2025-39-604
20963,0,2.9936223,2025-40-604
20964,4,2.317461,2025-41-604
20965,1,1.6332299,2025-42-604
20966,0,1.3533499,2025-43-604
20967,3,0.8414364,2025-44-604
20968,1,0.7113922,2025-45-604
20969,0,2.28861,2025-46-604
20970,2,1.6694702,2025-47-604
20971,0,1.714385,2025-48-604
20972,2,2.528991,2025-49-604
20973,1,1.527708,2025-50-604
20974,3,1.5007113,2025-51-604
20975,3,1.4733661,2025-52-604
21228,0,0.693005,2025-1-605
21229,3,3.0787542,2025-2-605
21230,1,3.8725226,2025-3-605
21231,2,5.5297623,2025-4-605
21232,3,5.6840453,2025-5-605
21233,2,2.2819614,2025-6-605
21234,5,2.8151386,2025-7-605
21235,0,1.2866712,2025-8-605
21236,0,1.9127293,2025-9-605
21237,5,2.9973304,2025-10-605
21238,1,3.11565,2025-11-605
21239,1,3.7051294,2025-12-605
21240,2,2.6505675,2025-13-605
21241,1,2.3928587,2025-14-605
21242,0,4.1855116,2025-15-605
21243,1,2.3359811,2025-16-605
21244,2,2.6974783,2025-17-605
21245,2,2.405851,2025-18-605
21246,2,1.3048227,2025-19-605
21247,6,1.2447475,2025-20-605
21248,1,0.35239252,2025-21-605
21249,4,1.6808968,2025-22-605
21250,1,1.9564502,2025-23-605
21251,3,2.6100717,2025-24-605
21252,4,6.252527,2025-25-605
21253,2,4.393886,2025-26-605
21254,1,5.112576,2025-27-605
21255,3,4.3554444,2025-28-605
21256,2,5.508906,2025-29-605
21257,1,7.5251493,2025-30-605
21258,2,6.4085097,2025-31-605
21259,3,3.132574,2025-32-605
21260,4,5.5835843,2025-33-605
21261,1,3.9672747,2025-34-605
21262,1,2.230138,2025-35-605
21263,0,2.7660367,2025-36-605
21264,0,4.6647205,2025-37-605
21265,1,6.256969,2025-38-605
21266,0,4.8402658,2025-39-605
21267,1,2.0515783,2025-40-605
21268,0,1.0903931,2025-41-605
21269,2,0.3691191,2025-42-605
21270,0,0.5145271,2025-43-605
21271,3,0.41811186,2025-44-605
21272,1,0.5756327,2025-45-605
21273,3,0.5573158,2025-46-605
21274,1,1.5166576,2025-47-605
21275,2,0.7896965,2025-48-605
21276,1,2.0673273,2025-49-605
21277,0,2.4870522,2025-50-605
21278,2,3.2383993,2025-51-605
21279,0,1.7135464,2025-52-605
21532,0,0.40481642,2025-1-606
21533,0,0.56354606,2025-2-606
21534,0,0.6204634,2025-3-606
21535,0,1.2133095,2025-4-606
21536,0,1.023855,2025-5-606
21537,0,0.8599032,2025-6-606
21538,0,0.5309852,2025-7-606
21539,0,0.294428,2025-8-606
21540,0,0.2072999,2025-9-606
21541,1,0.20318966,2025-10-606
21542,0,0.21748768,2025-11-606
21543,0,0.17809036,2025-12-606
21544,0,0.29233015,2025-13-606
21545,0,0.21010129,2025-14-606
21546,0,0.54072475,2025-15-606
21547,0,0.37817153,2025-16-606
21548,0,0.31466812,2025-17-606
21549,1,0.3633407,2025-18-606
21550,0,0.40287587,2025-19-606
21551,0,0.1755774,2025-20-606
21552,0,0.5119484,2025-21-606
21553,0,0.1763746,2025-22-606
21554,0,0.8150292,2025-23-606
21555,0,0.40686125,2025-24-606
21556,0,0.6869576,2025-25-606
21557,0,0.5648256,2025-26-606
21558,2,0.517948,2025-27-606
21559,0,0.7197583,2025-28-606
21560,0,0.7205554,2025-29-606
21561,0,0.5375206,2025-30-606
21562,0,0.7197583,2025-31-606
21563,0,1.5479708,2025-32-606
21564,0,1.0200245,2025-33-606
21565,0,0.93250144,2025-34-606
21566,0,0.76268655,2025-35-606
21567,0,0.51715076,2025-36-606
21568,0,0.24509583,2025-37-606
21569,0,0.4193484,2025-38-606
21570,0,0.45814168,2025-39-606
21571,0,0.29906896,2025-40-606
21572,0,0.24579385,2025-41-606
21573,0,0.24499667,2025-42-606
21574,0,0.31643498,2025-43-606
21575,0,0.31723216,2025-44-606
21576,0,0.4409111,2025-45-606
21577,0,0.24579385,2025-46-606
21578,1,0.24579385,2025-47-606
21579,0,0.24499667,2025-48-606
21580,0,0.24579385,2025-49-606
21581,2,0.24579385,2025-50-606
21582,0,0.24579385,2025-51-606
21583,1,0.394742,2025-52-606
21836,0,6.646356,2025-1-607
21837,2,4.371499,2025-2-607
21838,0,3.1567569,2025-3-607
21839,0,4.043563,2025-4-607
21840,0,4.231752,2025-5-607
21841,0,2.8711965,2025-6-607
21842,0,2.3482041,2025-7-607
21843,1,1.1387424,2025-8-607
21844,1,0.6009125,2025-9-607
21845,0,0.43680498,2025-10-607
21846,0,0.19613793,2025-11-607
21847,0,0.19738005,2025-12-607
21848,0,0.45136166,2025-13-607
21849,0,0.5581493,2025-14-607
21850,0,0.5302904,2025-15-607
21851,1,0.5594708,2025-16-607
21852,0,0.5045615,2025-17-607
21853,1,0.40626752,2025-18-607
21854,0,0.30604762,2025-19-607
21855,0,0.5108962,2025-20-607
21856,0,0.63076943,2025-21-607
21857,0,0.70085216,2025-22-607
21858,0,0.7779472,2025-23-607
21859,0,0.86168665,2025-24-607
21860,0,0.5305803,2025-25-607
21861,0,0.7031035,2025-26-607
21862,0,0.51613724,2025-27-607
21863,1,0.51613724,2025-28-607
21864,0,0.51613724,2025-29-607
21865,0,0.51613724,2025-30-607
21866,0,0.51534003,2025-31-607
21867,0,0.54226893,2025-32-607
21868,1,0.62158847,2025-33-607
21869,0,0.53525203,2025-34-607
21870,0,0.6772086,2025-35-607
21871,1,0.7039007,2025-36-607
21872,0,0.42468095,2025-37-607
21873,0,0.62667227,2025-38-607
21874,0,0.5229531,2025-39-607
21875,1,0.2677034,2025-40-607
21876,5,0.5613197,2025-41-607
21877,1,0.35375696,2025-42-607
21878,3,0.2584262,2025-43-607
21879,2,0.36600673,2025-44-607
21880,3,0.4582733,2025-45-607
21881,2,2.6812754,2025-46-607
21882,1,1.5307196,2025-47-607
21883,1,2.5038319,2025-48-607
21884,1,2.3026145,2025-49-607
21885,3,2.4104671,2025-50-607
21886,0,2.2920053,2025-51-607
21887,2,1.9864097,2025-52-607
22140,0,0.5185196,2025-1-608
22141,0,0.18761575,2025-2-608
22142,0,0.3503069,2025-3-608
22143,0,0.16885376,2025-4-608
22144,0,0.15780474,2025-5-608
22145,0,0.21081573,2025-6-608
22146,0,0.0785583,2025-7-608
22147,1,0.06697049,2025-8-608
22148,1,0.06172949,2025-9-608
22149,0,0.06172949,2025-10-608
22150,0,0.055615045,2025-11-608
22151,0,0.056857094,2025-12-608
22152,1,0.24015743,2025-13-608
22153,0,0.5137995,2025-14-608
22154,0,0.2876647,2025-15-608
22155,0,0.42476967,2025-16-608
22156,0,0.27448893,2025-17-608
22157,0,0.6523388,2025-18-608
22158,0,0.35897264,2025-19-608
22159,0,0.27468634,2025-20-608
22160,0,0.39247507,2025-21-608
22161,0,0.27209324,2025-22-608
22162,0,0.37477553,2025-23-608
22163,0,0.3546179,2025-24-608
22164,0,0.37756288,2025-25-608
22165,0,0.37676573,2025-26-608
22166,0,0.37756288,2025-27-608
22167,0,0.37756288,2025-28-608
22168,0,0.36632264,2025-29-608
22169,0,0.38707018,2025-30-608
22170,0,0.34476477,2025-31-608
22171,0,0.32381898,2025-32-608
22172,0,0.45729703,2025-33-608
22173,0,0.4811374,2025-34-608
22174,0,0.42235798,2025-35-608
22175,1,0.42235798,2025-36-608
22176,0,0.24781449,2025-37-608
22177,1,0.32887203,2025-38-608
22178,0,0.32451814,2025-39-608
22179,0,0.19603212,2025-40-608
22180,1,0.3700706,2025-41-608
22181,0,0.3069715,2025-42-608
22182,0,0.56410664,2025-43-608
22183,0,0.45194027,2025-44-608
22184,1,0.11790344,2025-45-608
22185,1,0.3690927,2025-46-608
22186,0,0.21403116,2025-47-608
22187,0,0.11790344,2025-48-608
22188,0,0.24618937,2025-49-608
22189,0,0.2288891,2025-50-608
22190,0,0.33945993,2025-51-608
22191,0,0.27973086,2025-52-608
22444,0,0.45161968,2025-1-609
22445,0,1.2628162,2025-2-609
22446,0,0.77026516,2025-3-609
22447,0,0.48287475,2025-4-609
22448,0,0.7608186,2025-5-609
22449,1,0.37167528,2025-6-609
22450,2,0.29031783,2025-7-609
22451,0,0.294428,2025-8-609
22452,0,0.15039143,2025-9-609
22453,0,0.1767328,2025-10-609
22454,0,0.3663284,2025-11-609
22455,0,1.0836241,2025-12-609
22456,0,0.7371964,2025-13-609
22457,0,1.5963401,2025-14-609
22458,0,0.70545346,2025-15-609
22459,0,0.2099593,2025-16-609
22460,1,0.2099593,2025-17-609
22461,0,0.26400444,2025-18-609
22462,4,0.31986895,2025-19-609
22463,2,0.092570476,2025-20-609
22464,1,0.44848046,2025-21-609
22465,1,0.6534401,2025-22-609
22466,3,0.4304405,2025-23-609
22467,1,3.8764853,2025-24-609
22468,1,4.973506,2025-25-609
22469,3,1.6899549,2025-26-609
22470,3,1.5091987,2025-27-609
22471,4,4.0061917,2025-28-609
22472,5,3.2264175,2025-29-609
22473,1,3.2775939,2025-30-609
22474,7,5.1651497,2025-31-609
22475,5,6.381222,2025-32-609
22476,3,6.234763,2025-33-609
22477,3,7.6090918,2025-34-609
22478,2,4.8974814,2025-35-609
22479,2,9.009691,2025-36-609
22480,3,8.926173,2025-37-609
22481,1,8.949879,2025-38-609
22482,1,6.6651587,2025-39-609
22483,1,4.289865,2025-40-609
22484,2,2.8677545,2025-41-609
22485,0,3.1711113,2025-42-609
22486,0,3.6390698,2025-43-609
22487,1,1.9003406,2025-44-609
22488,0,1.4162998,2025-45-609
22489,1,1.4185898,2025-46-609
22490,2,0.8906929,2025-47-609
22491,0,0.8175469,2025-48-609
22492,0,0.69500506,2025-49-609
22493,0,0.28177074,2025-50-609
22494,2,0.54008925,2025-51-609
22495,6,1.2505057,2025-52-609
22748,1,6.1586432,2025-1-610
22749,1,6.602319,2025-2-610
22750,0,6.4570007,2025-3-610
22751,1,5.2086573,2025-4-610
22752,3,5.4907093,2025-5-610
22753,0,2.0233455,2025-6-610
22754,7,1.007484,2025-7-610
22755,9,0.31466693,2025-8-610
22756,2,0.52239347,2025-9-610
22757,0,2.3798604,2025-10-610
22758,2,1.9914327,2025-11-610
22759,0,4.790984,2025-12-610
22760,2,9.701604,2025-13-610
22761,0,3.8691401,2025-14-610
22762,0,3.3023918,2025-15-610
22763,0,2.1936803,2025-16-610
22764,0,1.0345206,2025-17-610
22765,0,1.4938966,2025-18-610
22766,1,1.1319394,2025-19-610
22767,0,0.8448809,2025-20-610
22768,0,0.8153631,2025-21-610
22769,1,0.20244014,2025-22-610
22770,0,0.4959349,2025-23-610
22771,1,0.79381335,2025-24-610
22772,2,0.65180486,2025-25-610
22773,2,0.6155193,2025-26-610
22774,0,0.86669666,2025-27-610
22775,2,0.5892699,2025-28-610
22776,0,0.81893617,2025-29-610
22777,0,1.9170198,2025-30-610
22778,1,1.9776664,2025-31-610
22779,0,1.6455128,2025-32-610
22780,4,2.4089515,2025-33-610
22781,1,1.2129099,2025-34-610
22782,1,0.5970856,2025-35-610
22783,0,1.2014506,2025-36-610
22784,0,0.6683711,2025-37-610
22785,0,4.5614347,2025-38-610
22786,1,4.03,2025-39-610
22787,1,1.6618559,2025-40-610
22788,2,1.2873816,2025-41-610
22789,0,0.3691191,2025-42-610
22790,0,0.3345084,2025-43-610
22791,2,0.44009328,2025-44-610
22792,4,0.6495822,2025-45-610
22793,2,1.2786858,2025-46-610
22794,1,0.88944846,2025-47-610
22795,0,0.7638697,2025-48-610
22796,1,1.2097096,2025-49-610
22797,0,3.1280391,2025-50-610
22798,0,2.5504751,2025-51-610
22799,1,1.9822261,2025-52-610
23052,1,1.542989,2025-1-611
23053,0,1.0430593,2025-2-611
23054,1,0.9805377,2025-3-611
23055,0,2.212226,2025-4-611
23056,2,1.4412141,2025-5-611
23057,2,2.123282,2025-6-611
23058,1,0.89930046,2025-7-611
23059,2,0.5436093,2025-8-611
23060,2,0.38599718,2025-9-611
23061,0,0.9902293,2025-10-611
23062,0,1.5163515,2025-11-611
23063,0,1.1730862,2025-12-611
23064,0,1.6477702,2025-13-611
23065,0,1.9186848,2025-14-611
23066,0,2.0953686,2025-15-611
23067,0,1.387888,2025-16-611
23068,2,0.59638095,2025-17-611
23069,0,0.30531284,2025-18-611
23070,0,0.31986895,2025-19-611
23071,0,0.3462471,2025-20-611
23072,0,0.4289414,2025-21-611
23073,0,1.2121389,2025-22-611
23074,0,0.64957553,2025-23-611
23075,0,0.88931906,2025-24-611
23076,0,0.6323146,2025-25-611
23077,0,0.37706208,2025-26-611
23078,0,0.37626493,2025-27-611
23079,1,0.37626493,2025-28-611
23080,0,0.60390913,2025-29-611
23081,0,0.6683272,2025-30-611
23082,0,0.29350924,2025-31-611
23083,0,0.2855455,2025-32-611
23084,0,1.6285175,2025-33-611
23085,0,0.48333675,2025-34-611
23086,0,0.52181673,2025-35-611
23087,0,0.7763526,2025-36-611
23088,0,0.1572392,2025-37-611
23089,0,0.53042614,2025-38-611
23090,0,0.53042614,2025-39-611
23091,0,0.29906896,2025-40-611
23092,0,0.31723216,2025-41-611
23093,0,0.31643498,2025-42-611
23094,0,0.31643498,2025-43-611
23095,3,0.24579385,2025-44-611
23096,2,0.26536644,2025-45-611
23097,6,0.24579385,2025-46-611
23098,2,0.24579385,2025-47-611
23099,3,0.2278609,2025-48-611
23100,2,1.807878,2025-49-611
23101,2,1.9324212,2025-50-611
23102,1,3.7905395,2025-51-611
23103,6,3.0243533,2025-52-611
23356,1,3.5691519,2025-1-701
23357,0,3.6772087,2025-2-701
23358,0,2.6262589,2025-3-701
23359,1,1.9007698,2025-4-701
23360,0,0.8743848,2025-5-701
23361,1,0.5207222,2025-6-701
23362,1,0.2614991,2025-7-701
23363,0,0.19899334,2025-8-701
23364,0,0.49562496,2025-9-701
23365,2,0.18577854,2025-10-701
23366,2,0.27493158,2025-11-701
23367,1,0.6575039,2025-12-701
23368,3,0.3361514,2025-13-701
23369,2,0.2895131,2025-14-701
23370,1,0.88183486,2025-15-701
23371,2,1.1766624,2025-16-701
23372,0,1.0125078,2025-17-701
23373,0,3.2906802,2025-18-701
23374,0,2.5881748,2025-19-701
23375,1,2.356316,2025-20-701
23376,2,2.2146566,2025-21-701
23377,2,1.0051682,2025-22-701
23378,1,0.9825366,2025-23-701
23379,0,0.87910473,2025-24-701
23380,2,0.9012878,2025-25-701
23381,1,1.5946547,2025-26-701
23382,0,2.1581972,2025-27-701
23383,0,1.6418271,2025-28-701
23384,2,1.2236505,2025-29-701
23385,4,1.7997878,2025-30-701
23386,3,1.4975157,2025-31-701
23387,5,0.9139818,2025-32-701
23388,2,0.6647079,2025-33-701
23389,1,1.5571386,2025-34-701
23390,2,3.5700843,2025-35-701
23391,4,7.151362,2025-36-701
23392,2,5.3106027,2025-37-701
23393,6,6.7490454,2025-38-701
23394,0,3.3821926,2025-39-701
23395,1,2.4476826,2025-40-701
23396,2,2.6701868,2025-41-701
23397,2,2.6813502,2025-42-701
23398,2,4.137056,2025-43-701
23399,0,2.2029264,2025-44-701
23400,3,1.7895508,2025-45-701
23401,2,1.812224,2025-46-701
23402,4,1.536735,2025-47-701
23403,2,1.9981251,2025-48-701
23404,1,1.2804548,2025-49-701
23405,1,2.0491664,2025-50-701
23406,2,2.1816304,2025-51-701
23407,3,2.5513675,2025-52-701
23660,0,5.2344904,2025-1-702
23661,0,4.8420024,2025-2-702
23662,1,6.495009,2025-3-702
23663,0,2.8329172,2025-4-702
23664,1,1.8128073,2025-5-702
23665,0,1.1875278,2025-6-702
23666,1,0.24398322,2025-7-702
23667,1,0.44009328,2025-8-702
23668,3,0.35455415,2025-9-702
23669,1,0.545174,2025-10-702
23670,0,0.46898672,2025-11-702
23671,2,0.52446765,2025-12-702
23672,0,0.73284185,2025-13-702
23673,3,2.649704,2025-14-702
23674,0,1.6703718,2025-15-702
23675,0,1.8867184,2025-16-702
23676,0,1.8926735,2025-17-702
23677,2,1.200399,2025-18-702
23678,2,4.414581,2025-19-702
23679,0,2.7137465,2025-20-702
23680,1,1.9014711,2025-21-702
23681,1,0.8138406,2025-22-702
23682,0,1.8541181,2025-23-702
23683,1,2.4510229,2025-24-702
23684,1,1.4332262,2025-25-702
23685,3,1.6251173,2025-26-702
23686,1,1.3390108,2025-27-702
23687,2,0.7454953,2025-28-702
23688,0,1.0472459,2025-29-702
23689,0,1.1850138,2025-30-702
23690,0,4.2419643,2025-31-702
23691,3,2.5110664,2025-32-702
23692,2,3.0406306,2025-33-702
23693,2,1.4744835,2025-34-702
23694,3,1.1465585,2025-35-702
23695,2,0.8604275,2025-36-702
23696,3,3.851224,2025-37-702
23697,1,3.0567853,2025-38-702
23698,3,3.000258,2025-39-702
23699,4,3.8703418,2025-40-702
23700,1,3.0064106,2025-41-702
23701,1,3.7390819,2025-42-702
23702,3,2.4883487,2025-43-702
23703,2,3.5004654,2025-44-702
23704,1,4.1678715,2025-45-702
23705,2,2.736935,2025-46-702
23706,5,2.0871086,2025-47-702
23707,3,3.3490655,2025-48-702
23708,4,2.2392297,2025-49-702
23709,11,2.1375058,2025-50-702
23710,0,1.645518,2025-51-702
23711,0,2.8227065,2025-52-702
23964,1,5.8049083,2025-1-703
23965,1,4.755381,2025-2-703
23966,2,2.7385497,2025-3-703
23967,0,2.0203762,2025-4-703
23968,0,1.6503183,2025-5-703
23969,0,1.0912148,2025-6-703
23970,0,1.0703048,2025-7-703
23971,0,1.312668,2025-8-703
23972,0,0.9175091,2025-9-703
23973,0,0.8964401,2025-10-703
23974,0,0.47162414,2025-11-703
23975,0,0.2082906,2025-12-703
23976,0,0.23794498,2025-13-703
23977,0,0.22703248,2025-14-703
23978,0,0.20217615,2025-15-703
23979,0,0.30521035,2025-16-703
23980,0,0.30521035,2025-17-703
23981,0,0.35516262,2025-18-703
23982,0,0.38653535,2025-19-703
23983,0,0.3425374,2025-20-703
23984,0,0.4516099,2025-21-703
23985,0,0.4516099,2025-22-703
23986,0,0.42547816,2025-23-703
23987,0,0.51613724,2025-24-703
23988,0,0.51613724,2025-25-703
23989,0,0.51534003,2025-26-703
23990,0,0.51613724,2025-27-703
23991,0,0.51534003,2025-28-703
23992,0,0.51613724,2025-29-703
23993,1,0.51613724,2025-30-703
23994,0,0.51534003,2025-31-703
23995,1,0.55679184,2025-32-703
23996,2,0.5950782,2025-33-703
23997,1,1.309256,2025-34-703
23998,2,0.7114503,2025-35-703
23999,1,0.6747204,2025-36-703
24000,0,0.8423676,2025-37-703
24001,1,1.9505347,2025-38-703
24002,1,1.0501345,2025-39-703
24003,0,1.5214112,2025-40-703
24004,1,1.1991428,2025-41-703
24005,0,0.8560153,2025-42-703
24006,1,0.74237216,2025-43-703
24007,0,0.6556202,2025-44-703
24008,2,0.420254,2025-45-703
24009,2,0.64599687,2025-46-703
24010,1,0.5237927,2025-47-703
24011,1,0.52397317,2025-48-703
24012,1,0.5237927,2025-49-703
24013,2,1.0727433,2025-50-703
24014,1,1.6176962,2025-51-703
24015,0,1.2785728,2025-52-703
24268,1,4.263588,2025-1-704
24269,3,3.612923,2025-2-704
24270,2,2.6726482,2025-3-704
24271,1,2.0508018,2025-4-704
24272,0,0.9176026,2025-5-704
24273,1,0.45042682,2025-6-704
24274,0,1.8815551,2025-7-704
24275,1,1.650073,2025-8-704
24276,0,1.9398341,2025-9-704
24277,0,1.1618153,2025-10-704
24278,0,0.71680105,2025-11-704
24279,0,0.5320746,2025-12-704
24280,0,0.4784245,2025-13-704
24281,1,0.46045676,2025-14-704
24282,0,0.07782516,2025-15-704
24283,0,0.24510722,2025-16-704
24284,0,0.046693575,2025-17-704
24285,0,0.14926441,2025-18-704
24286,0,0.43239325,2025-19-704
24287,0,0.3607225,2025-20-704
24288,0,0.37208354,2025-21-704
24289,0,0.3594789,2025-22-704
24290,0,0.25384432,2025-23-704
24291,0,0.65153456,2025-24-704
24292,0,0.2729232,2025-25-704
24293,0,0.19318512,2025-26-704
24294,0,0.5947414,2025-27-704
24295,0,0.5939442,2025-28-704
24296,1,0.42156082,2025-29-704
24297,0,0.6387393,2025-30-704
24298,0,0.37676573,2025-31-704
24299,0,0.41821748,2025-32-704
24300,0,0.6591595,2025-33-704
24301,0,0.5873989,2025-34-704
24302,3,0.55175483,2025-35-704
24303,3,1.4848502,2025-36-704
24304,1,0.7405315,2025-37-704
24305,0,0.31039643,2025-38-704
24306,2,0.33283645,2025-39-704
24307,0,2.1924806,2025-40-704
24308,2,2.5600047,2025-41-704
24309,1,2.7886252,2025-42-704
24310,1,2.0800512,2025-43-704
24311,0,1.6240784,2025-44-704
24312,1,0.9563189,2025-45-704
24313,1,1.2795397,2025-46-704
24314,1,1.1806577,2025-47-704
24315,0,0.94852686,2025-48-704
24316,0,0.54831177,2025-49-704
24317,4,0.54042846,2025-50-704
24318,3,0.65900433,2025-51-704
24319,1,0.40515983,2025-52-704
24572,1,2.6543198,2025-1-705
24573,0,1.8673898,2025-2-705
24574,2,0.9876899,2025-3-705
24575,0,0.33857742,2025-4-705
24576,0,0.45136166,2025-5-705
24577,2,0.61074185,2025-6-705
24578,1,0.3813167,2025-7-705
24579,0,1.0856767,2025-8-705
24580,0,0.76952696,2025-9-705
24581,0,0.63573164,2025-10-705
24582,2,1.182092,2025-11-705
24583,0,0.841057,2025-12-705
24584,0,0.79518825,2025-13-705
24585,0,0.5742828,2025-14-705
24586,0,0.3846984,2025-15-705
24587,0,1.0513711,2025-16-705
24588,0,0.7147687,2025-17-705
24589,0,0.7538227,2025-18-705
24590,0,0.65113515,2025-19-705
24591,0,0.33185494,2025-20-705
24592,0,0.4956078,2025-21-705
24593,1,0.38653535,2025-22-705
24594,0,0.42547816,2025-23-705
24595,0,0.45411974,2025-24-705
24596,1,0.56093234,2025-25-705
24597,0,0.5601351,2025-26-705
24598,0,0.7820607,2025-27-705
24599,1,0.6707062,2025-28-705
24600,0,0.6266321,2025-29-705
24601,0,1.3677759,2025-30-705
24602,1,0.6259111,2025-31-705
24603,2,0.556712,2025-32-705
24604,1,0.8379932,2025-33-705
24605,0,0.58084434,2025-34-705
24606,0,0.5359731,2025-35-705
24607,2,1.0596857,2025-36-705
24608,0,2.0303173,2025-37-705
24609,0,1.2265931,2025-38-705
24610,2,1.0296315,2025-39-705
24611,1,0.598308,2025-40-705
24612,1,1.1282699,2025-41-705
24613,1,0.6855713,2025-42-705
24614,1,0.6061535,2025-43-705
24615,0,1.5658518,2025-44-705
24616,0,0.89792204,2025-45-705
24617,0,1.0086045,2025-46-705
24618,2,0.91710883,2025-47-705
24619,0,0.80458,2025-48-705
24620,1,0.68566155,2025-49-705
24621,4,0.43170664,2025-50-705
24622,2,0.36600673,2025-51-705
24623,0,1.0062462,2025-52-705
24876,0,0.2677034,2025-1-706
24877,0,0.45740652,2025-2-706
24878,0,0.3668736,2025-3-706
24879,0,1.7980132,2025-4-706
24880,0,1.5588795,2025-5-706
24881,2,1.542609,2025-6-706
24882,1,0.5802716,2025-7-706
24883,1,0.3303141,2025-8-706
24884,0,0.23874217,2025-9-706
24885,1,0.24318604,2025-10-706
24886,0,0.9839781,2025-11-706
24887,0,0.88071054,2025-12-706
24888,0,1.014719,2025-13-706
24889,0,0.7011483,2025-14-706
24890,0,0.8447815,2025-15-706
24891,3,0.69249064,2025-16-706
24892,0,0.37694833,2025-17-706
24893,1,0.69786245,2025-18-706
24894,0,0.41512007,2025-19-706
24895,0,0.31036752,2025-20-706
24896,0,4.0074615,2025-21-706
24897,0,1.838524,2025-22-706
24898,0,2.2436821,2025-23-706
24899,1,1.1894897,2025-24-706
24900,1,0.42150772,2025-25-706
24901,1,0.7031035,2025-26-706
24902,1,0.51613724,2025-27-706
24903,2,0.51534003,2025-28-706
24904,1,0.8279246,2025-29-706
24905,2,0.93849546,2025-30-706
24906,1,1.0286847,2025-31-706
24907,0,0.96458155,2025-32-706
24908,0,2.1602907,2025-33-706
24909,0,1.399866,2025-34-706
24910,1,2.0787797,2025-35-706
24911,0,1.6345336,2025-36-706
24912,0,1.2123342,2025-37-706
24913,0,0.66217494,2025-38-706
24914,0,0.4723881,2025-39-706
24915,1,0.46755052,2025-40-706
24916,0,0.35375696,2025-41-706
24917,0,0.2584262,2025-42-706
24918,1,0.36520955,2025-43-706
24919,0,0.20873553,2025-44-706
24920,0,0.43626025,2025-45-706
24921,0,0.40176904,2025-46-706
24922,2,0.30968294,2025-47-706
24923,1,0.5613197,2025-48-706
24924,1,0.40176904,2025-49-706
24925,0,0.2584262,2025-50-706
24926,0,0.36600673,2025-51-706
24927,0,0.98806626,2025-52-706
