,actual,pred,week_canton
200,67,57.54018912913416,2024-1-101
201,68,47.19682613123459,2024-2-101
202,61,31.82397494366107,2024-3-101
203,52,16.75338867203435,2024-4-101
204,48,2.68038753824256,2024-5-101
205,41,60.31477888514318,2024-6-101
206,50,71.80590616448141,2024-7-101
207,26,74.45998470173404,2024-8-101
208,32,59.56702953818473,2024-9-101
209,18,57.92258631831169,2024-10-101
210,20,50.07072812122637,2024-11-101
211,13,63.35960416804447,2024-12-101
212,12,23.901722736316113,2024-13-101
213,21,26.505471549983803,2024-14-101
214,15,22.09012307388626,2024-15-101
215,13,22.79490289945751,2024-16-101
216,13,20.89919264151607,2024-17-101
217,11,13.810619842189768,2024-18-101
218,16,22.82668330608837,2024-19-101
219,7,23.2401841000056,2024-20-101
220,18,19.70732332074005,2024-21-101
221,23,21.021918830480114,2024-22-101
222,27,13.56468388992061,2024-23-101
223,27,23.570493211755494,2024-24-101
224,36,10.223175453506567,2024-25-101
225,20,23.003977438065846,2024-26-101
226,46,25.549449779020083,2024-27-101
227,42,37.75944122301484,2024-28-101
228,61,38.59704334004195,2024-29-101
229,89,45.497015925693276,2024-30-101
230,68,22.690581429540007,2024-31-101
231,72,60.70511554321124,2024-32-101
232,175,53.72036231342995,2024-33-101
233,165,75.88932377636726,2024-34-101
234,226,78.65853517043185,2024-35-101
235,197,72.40947828083253,2024-36-101
236,255,67.4567437357636,2024-37-101
237,288,117.23075888917384,2024-38-101
238,276,125.45115281736473,2024-39-101
239,211,123.12123608782292,2024-40-101
240,212,140.87139803439845,2024-41-101
241,193,120.82063335316877,2024-42-101
242,138,127.75452880300536,2024-43-101
243,176,117.84319042293723,2024-44-101
244,156,131.22234606529327,2024-45-101
245,125,133.42243156682625,2024-46-101
246,107,121.50650609035085,2024-47-101
247,132,113.28773970656138,2024-48-101
248,85,125.78117038456554,2024-49-101
249,62,143.4553309703672,2024-50-101
250,50,92.69765620483251,2024-51-101
251,29,77.45209989499133,2024-52-101
504,5,1.8487824393660983,2024-1-102
505,3,2.6629040059801015,2024-2-102
506,2,1.848237098182894,2024-3-102
507,2,1.5248244968798366,2024-4-102
508,0,1.51028490844381,2024-5-102
509,2,6.118087668873593,2024-6-102
510,1,6.3246433808795075,2024-7-102
511,0,3.765570563345762,2024-8-102
512,0,3.1472222294746013,2024-9-102
513,0,1.862231345435716,2024-10-102
514,2,2.6629040059801015,2024-11-102
515,1,1.9419666413491676,2024-12-102
516,0,1.5935933275124285,2024-13-102
517,1,1.51028490844381,2024-14-102
518,1,1.69307857509618,2024-15-102
519,0,2.710452469337075,2024-16-102
520,0,2.017990961897554,2024-17-102
521,0,1.7325422898241043,2024-18-102
522,0,1.7332406004110776,2024-19-102
523,1,1.5738782608731552,2024-20-102
524,0,1.457629547782103,2024-21-102
525,2,1.1909482498561064,2024-22-102
526,2,0.5980004931273565,2024-23-102
527,2,0.4063476447336802,2024-24-102
528,0,0.30733301788055906,2024-25-102
529,3,0.34238009948888204,2024-26-102
530,2,2.065111290277217,2024-27-102
531,2,2.707947883523459,2024-28-102
532,1,2.707947883523459,2024-29-102
533,0,1.3267259699536127,2024-30-102
534,5,5.363580529054094,2024-31-102
535,3,3.243157172143876,2024-32-102
536,4,2.8693993455592506,2024-33-102
537,5,1.3355932012640417,2024-34-102
538,5,0.6327262053622578,2024-35-102
539,4,6.7939986102898215,2024-36-102
540,7,6.780064527631646,2024-37-102
541,12,6.796330011260064,2024-38-102
542,9,7.642872988809611,2024-39-102
543,13,7.519530575411918,2024-40-102
544,10,7.329784343242675,2024-41-102
545,8,9.70327494817597,2024-42-102
546,7,12.261253656794997,2024-43-102
547,7,10.620256103371357,2024-44-102
548,3,17.838947739302224,2024-45-102
549,5,11.699207970160145,2024-46-102
550,3,9.64327964886488,2024-47-102
551,1,9.016784228672206,2024-48-102
552,1,8.761441619195486,2024-49-102
553,0,5.0049112762165935,2024-50-102
554,0,5.626011803942442,2024-51-102
555,0,4.868983373209228,2024-52-102
808,20,15.062103138327718,2024-1-103
809,13,15.535813448399518,2024-2-103
810,29,8.64074733235635,2024-3-103
811,10,3.2265717298501095,2024-4-103
812,8,1.973840409807642,2024-5-103
813,7,18.147690487135034,2024-6-103
814,6,14.673893238324725,2024-7-103
815,12,24.843268278906045,2024-8-103
816,10,12.93324974998332,2024-9-103
817,7,9.112349077252496,2024-10-103
818,9,10.211765828492066,2024-11-103
819,5,8.353039234482377,2024-12-103
820,2,12.483949728678663,2024-13-103
821,1,11.918396650285803,2024-14-103
822,1,9.393698793212437,2024-15-103
823,4,11.470658528712844,2024-16-103
824,6,7.381878758315931,2024-17-103
825,3,4.661699193404682,2024-18-103
826,3,2.3482147185235034,2024-19-103
827,2,1.4599284846315286,2024-20-103
828,4,6.158657077183078,2024-21-103
829,9,8.666727886560931,2024-22-103
830,11,6.430967172716314,2024-23-103
831,9,5.379838542547849,2024-24-103
832,11,4.09362783057603,2024-25-103
833,20,6.033796590752823,2024-26-103
834,10,10.64182460250796,2024-27-103
835,14,12.348595545709934,2024-28-103
836,17,10.920355300759045,2024-29-103
837,33,12.115249052730062,2024-30-103
838,38,21.32295474999088,2024-31-103
839,38,11.599195077263552,2024-32-103
840,38,18.873264817245687,2024-33-103
841,52,20.29017980376839,2024-34-103
842,78,28.814011432496088,2024-35-103
843,80,58.656003153167234,2024-36-103
844,94,49.41638256871082,2024-37-103
845,110,41.57572742267948,2024-38-103
846,114,57.560057869148494,2024-39-103
847,97,84.09125081544475,2024-40-103
848,105,83.64950670650765,2024-41-103
849,70,88.89699620291854,2024-42-103
850,54,93.06390032555167,2024-43-103
851,49,80.77066804797472,2024-44-103
852,31,87.4263387727611,2024-45-103
853,16,85.83984368787195,2024-46-103
854,17,76.4299348357726,2024-47-103
855,9,61.12358237385576,2024-48-103
856,10,62.7537744639452,2024-49-103
857,9,34.13537804820304,2024-50-103
858,1,24.601753155715826,2024-51-103
859,1,21.647680778097733,2024-52-103
1112,1,1.7252581913038723,2024-1-104
1113,1,1.9721780997927463,2024-2-104
1114,0,5.892957380804013,2024-3-104
1115,0,2.532964503463237,2024-4-104
1116,1,3.0472107365160896,2024-5-104
1117,0,2.0626650398597515,2024-6-104
1118,0,1.7410700401145143,2024-7-104
1119,1,1.7180027013880776,2024-8-104
1120,0,1.7252581913038723,2024-9-104
1121,4,1.7337859415942822,2024-10-104
1122,0,1.7185480425712822,2024-11-104
1123,0,1.7252581913038723,2024-12-104
1124,1,1.7337859415942822,2024-13-104
1125,0,1.7419646956172579,2024-14-104
1126,0,7.19540443281308,2024-15-104
1127,1,2.418799853807988,2024-16-104
1128,2,1.9550709965377493,2024-17-104
1129,2,1.7566572534570535,2024-18-104
1130,3,1.7419646956172579,2024-19-104
1131,1,1.5834760294804835,2024-20-104
1132,2,1.4842828169702513,2024-21-104
1133,2,2.624956906603865,2024-22-104
1134,3,2.8986552866314437,2024-23-104
1135,6,5.819720858307895,2024-24-104
1136,4,1.9632338699228438,2024-25-104
1137,11,2.4431209905495765,2024-26-104
1138,8,2.7262374065853923,2024-27-104
1139,7,5.7870034494010145,2024-28-104
1140,5,8.930260096672788,2024-29-104
1141,4,8.186123410432948,2024-30-104
1142,6,12.611095585680221,2024-31-104
1143,3,10.613589664351709,2024-32-104
1144,2,10.067352385824561,2024-33-104
1145,2,8.430810818594464,2024-34-104
1146,4,8.016905864325729,2024-35-104
1147,4,9.060262771628757,2024-36-104
1148,0,7.014481261650103,2024-37-104
1149,6,3.650469923402144,2024-38-104
1150,5,2.9431666896978754,2024-39-104
1151,3,6.501229681713163,2024-40-104
1152,5,7.533163796281863,2024-41-104
1153,4,2.3152355668108426,2024-42-104
1154,5,7.781621229585957,2024-43-104
1155,1,7.078530561843529,2024-44-104
1156,3,5.830074385631067,2024-45-104
1157,1,5.959670157081004,2024-46-104
1158,3,6.162519799182897,2024-47-104
1159,6,6.292071537175669,2024-48-104
1160,4,2.2201094631376175,2024-49-104
1161,0,4.468715156147092,2024-50-104
1162,3,1.413908680970146,2024-51-104
1163,1,3.784437317112619,2024-52-104
1416,0,1.5108302496270145,2024-1-105
1417,0,1.7577501581158885,2024-2-105
1418,0,1.5108302496270145,2024-3-105
1419,0,1.5948369792826063,2024-4-105
1420,0,1.5041201008944243,2024-5-105
1421,0,1.5560496687724166,2024-6-105
1422,0,1.6045597927932882,2024-7-105
1423,0,1.6800387721584702,2024-8-105
1424,0,1.6800387721584702,2024-9-105
1425,0,1.7252581913038723,2024-10-105
1426,0,1.7252581913038723,2024-11-105
1427,0,1.7252581913038723,2024-12-105
1428,0,1.7252581913038723,2024-13-105
1429,0,1.7252581913038723,2024-14-105
1430,0,1.7252581913038723,2024-15-105
1431,0,1.7252581913038723,2024-16-105
1432,0,1.7252581913038723,2024-17-105
1433,0,1.7252581913038723,2024-18-105
1434,0,1.7252581913038723,2024-19-105
1435,0,1.5600593764345079,2024-20-105
1436,1,1.4523384136338657,2024-21-105
1437,0,1.1909482498561064,2024-22-105
1438,0,0.5980004931273565,2024-23-105
1439,0,0.4063476447336802,2024-24-105
1440,0,0.2899380362797201,2024-25-105
1441,0,0.30733301788055906,2024-26-105
1442,0,0.34238009948888204,2024-27-105
1443,0,0.2899380362797201,2024-28-105
1444,0,0.2899380362797201,2024-29-105
1445,0,0.2899380362797201,2024-30-105
1446,0,0.2899380362797201,2024-31-105
1447,0,0.2899380362797201,2024-32-105
1448,0,0.2899380362797201,2024-33-105
1449,0,0.2899380362797201,2024-34-105
1450,0,0.2899380362797201,2024-35-105
1451,0,0.2899380362797201,2024-36-105
1452,0,0.2899380362797201,2024-37-105
1453,0,0.2899380362797201,2024-38-105
1454,0,0.2899380362797201,2024-39-105
1455,0,0.2899380362797201,2024-40-105
1456,0,0.2899380362797201,2024-41-105
1457,0,0.2899380362797201,2024-42-105
1458,0,0.2899380362797201,2024-43-105
1459,0,0.2899380362797201,2024-44-105
1460,0,0.2899380362797201,2024-45-105
1461,0,0.2899380362797201,2024-46-105
1462,0,0.2899380362797201,2024-47-105
1463,0,0.2899380362797201,2024-48-105
1464,0,0.2899380362797201,2024-49-105
1465,0,0.2899380362797201,2024-50-105
1466,0,0.2899380362797201,2024-51-105
1467,0,0.2899380362797201,2024-52-105
1720,2,2.8092788050133324,2024-1-106
1721,2,2.0951570066717675,2024-2-106
1722,0,1.5333522471702465,2024-3-106
1723,1,5.884937204281113,2024-4-106
1724,1,2.180955259085154,2024-5-106
1725,3,2.8096032033262865,2024-6-106
1726,2,2.9827616471719085,2024-7-106
1727,1,1.8627766866189206,2024-8-106
1728,0,1.5328069059870422,2024-9-106
1729,1,1.5121025100016299,2024-10-106
1730,2,4.887269957891161,2024-11-106
1731,1,3.6011099810430687,2024-12-106
1732,1,2.0916007105307775,2024-13-106
1733,1,1.5175690069640422,2024-14-106
1734,1,1.51881265873422,2024-15-106
1735,2,2.662579607667147,2024-16-106
1736,1,1.8487824393660983,2024-17-106
1737,0,1.5266420984376563,2024-18-106
1738,2,1.5121025100016299,2024-19-106
1739,2,1.3823078130537916,2024-20-106
1740,0,2.5594787179733673,2024-21-106
1741,5,1.573561104429091,2024-22-106
1742,3,0.7453657271995433,2024-23-106
1743,4,1.9402847080700698,2024-24-106
1744,7,2.665119526132539,2024-25-106
1745,9,1.279680627579622,2024-26-106
1746,9,6.2928565652860184,2024-27-106
1747,6,6.131925525633131,2024-28-106
1748,18,6.40801149611014,2024-29-106
1749,9,9.195823471891588,2024-30-106
1750,18,10.669514449355093,2024-31-106
1751,17,10.669514449355093,2024-32-106
1752,12,8.426935843778013,2024-33-106
1753,11,19.206939484682895,2024-34-106
1754,9,10.990443007030334,2024-35-106
1755,7,19.420311090623585,2024-36-106
1756,7,20.19685787746888,2024-37-106
1757,16,12.58387284011572,2024-38-106
1758,9,11.802065373399214,2024-39-106
1759,9,10.706186718843158,2024-40-106
1760,5,8.970167978266481,2024-41-106
1761,8,9.125861579154147,2024-42-106
1762,4,19.047519946511812,2024-43-106
1763,2,10.713051804526362,2024-44-106
1764,2,10.704902284430512,2024-45-106
1765,0,6.090104050268975,2024-46-106
1766,1,9.512206860435315,2024-47-106
1767,0,5.719054097341663,2024-48-106
1768,0,3.663460258929455,2024-49-106
1769,0,2.605274384169624,2024-50-106
1770,0,1.2978866306142731,2024-51-106
1771,1,0.5976791237539347,2024-52-106
2024,1,7.131562682401497,2024-1-107
2025,3,9.527586612072831,2024-2-107
2026,3,9.033171173392883,2024-3-107
2027,2,9.033171173392883,2024-4-107
2028,2,2.7536723175262545,2024-5-107
2029,3,1.9531626796414872,2024-6-107
2030,5,5.482058968371811,2024-7-107
2031,1,6.4342021737334365,2024-8-107
2032,1,3.9898432585450427,2024-9-107
2033,2,3.3851541609773603,2024-10-107
2034,4,5.552647244559402,2024-11-107
2035,3,7.61392069375237,2024-12-107
2036,0,2.6511820577859955,2024-13-107
2037,0,1.9651132649291685,2024-14-107
2038,1,2.9005115391699046,2024-15-107
2039,2,7.255962199240556,2024-16-107
2040,0,7.4244087484069885,2024-17-107
2041,2,2.5936597863753814,2024-18-107
2042,7,1.9446349293510772,2024-19-107
2043,3,1.604053341867951,2024-20-107
2044,6,2.7974106494761255,2024-21-107
2045,10,1.6777974817926347,2024-22-107
2046,13,2.326492421742033,2024-23-107
2047,7,9.869761463284629,2024-24-107
2048,19,7.409697076639358,2024-25-107
2049,11,8.930260096672788,2024-26-107
2050,9,12.173347742583422,2024-27-107
2051,10,19.29224640950924,2024-28-107
2052,10,10.379790472956689,2024-29-107
2053,8,21.58946601125087,2024-30-107
2054,10,13.118030150023133,2024-31-107
2055,11,13.112949667507264,2024-32-107
2056,18,11.872498140908014,2024-33-107
2057,11,11.48840596895916,2024-34-107
2058,18,10.50714892161336,2024-35-107
2059,18,11.716173639556049,2024-36-107
2060,23,13.092315091024512,2024-37-107
2061,21,22.30560264238943,2024-38-107
2062,24,13.00393744290295,2024-39-107
2063,14,21.410488411237587,2024-40-107
2064,9,22.014066162755647,2024-41-107
2065,3,24.881915126126845,2024-42-107
2066,5,23.54544291083615,2024-43-107
2067,9,27.002433698419765,2024-44-107
2068,11,20.00664054073793,2024-45-107
2069,4,11.290954958066324,2024-46-107
2070,1,5.432945093561696,2024-47-107
2071,4,6.027207102713294,2024-48-107
2072,4,10.680605157792215,2024-49-107
2073,3,11.607288263371775,2024-50-107
2074,2,6.175623601054498,2024-51-107
2075,0,2.2201094631376175,2024-52-107
2328,4,8.189332106307045,2024-1-108
2329,4,6.336889228101682,2024-2-108
2330,1,3.765570563345762,2024-3-108
2331,1,2.650765487997633,2024-4-108
2332,1,4.933869870056291,2024-5-108
2333,0,6.281832097452731,2024-6-108
2334,0,6.973906729384155,2024-7-108
2335,0,2.436754116109137,2024-8-108
2336,1,1.750685323252311,2024-9-108
2337,1,1.5121025100016299,2024-10-108
2338,0,1.5041201008944243,2024-11-108
2339,0,1.5108302496270145,2024-12-108
2340,0,1.5108302496270145,2024-13-108
2341,2,1.5193579999174245,2024-14-108
2342,0,1.5126478511848345,2024-15-108
2343,0,1.5041201008944243,2024-16-108
2344,0,1.5108302496270145,2024-17-108
2345,1,1.5108302496270145,2024-18-108
2346,0,2.6629040059801015,2024-19-108
2347,0,1.7316248664446567,2024-20-108
2348,0,1.3754497342559702,2024-21-108
2349,1,1.102258633621672,2024-22-108
2350,0,0.5564491395524355,2024-23-108
2351,1,0.44237815628443583,2024-24-108
2352,0,0.2899380362797201,2024-25-108
2353,2,0.2899380362797201,2024-26-108
2354,0,0.30733301788055906,2024-27-108
2355,1,0.34238009948888204,2024-28-108
2356,1,0.30733301788055906,2024-29-108
2357,1,0.34238009948888204,2024-30-108
2358,1,1.8271793587744583,2024-31-108
2359,5,1.0494244557513264,2024-32-108
2360,3,0.5506337813799438,2024-33-108
2361,5,0.40682042346371206,2024-34-108
2362,1,0.3597750810897211,2024-35-108
2363,2,0.3597750810897211,2024-36-108
2364,2,6.080866000993999,2024-37-108
2365,6,6.02028115594157,2024-38-108
2366,2,6.428544462475259,2024-39-108
2367,1,2.344074906150182,2024-40-108
2368,1,2.2409564064580163,2024-41-108
2369,3,2.372137611233203,2024-42-108
2370,4,7.157767580357918,2024-43-108
2371,2,3.549193296333345,2024-44-108
2372,2,1.8826984722638784,2024-45-108
2373,1,0.6501211869630968,2024-46-108
2374,2,3.4654608516872476,2024-47-108
2375,2,4.999080205920005,2024-48-108
2376,1,3.6223289296474253,2024-49-108
2377,1,2.582432577949529,2024-50-108
2378,0,1.3067538619247023,2024-51-108
2379,0,1.5504914740891036,2024-52-108
2632,34,18.716515637051387,2024-1-109
2633,18,2.68038753824256,2024-2-109
2634,19,15.022711582521078,2024-3-109
2635,15,2.619146914147211,2024-4-109
2636,5,1.7257541521053261,2024-5-109
2637,9,24.644371645463092,2024-6-109
2638,7,17.156804605696184,2024-7-109
2639,8,17.559852846125448,2024-8-109
2640,8,16.484369070603034,2024-9-109
2641,5,7.2382329041690445,2024-10-109
2642,6,10.664660822279032,2024-11-109
2643,5,9.281640199303112,2024-12-109
2644,5,9.969675789505319,2024-13-109
2645,3,10.193331248165853,2024-14-109
2646,3,7.714112781438882,2024-15-109
2647,3,9.337374789406761,2024-16-109
2648,10,7.994077266048932,2024-17-109
2649,3,8.089136331179416,2024-18-109
2650,7,7.014908224142796,2024-19-109
2651,10,6.445852258662322,2024-20-109
2652,13,6.071528985811374,2024-21-109
2653,8,12.558126247947198,2024-22-109
2654,22,7.009837510177172,2024-23-109
2655,33,9.974712290221207,2024-24-109
2656,55,12.050454562965902,2024-25-109
2657,61,20.40489168469615,2024-26-109
2658,68,10.769412732033711,2024-27-109
2659,59,23.86217916694108,2024-28-109
2660,96,40.7099669187577,2024-29-109
2661,87,59.06498071966623,2024-30-109
2662,76,65.24954126179563,2024-31-109
2663,78,76.25548813827278,2024-32-109
2664,51,69.6649169669532,2024-33-109
2665,76,84.97861329792592,2024-34-109
2666,83,78.49813675899608,2024-35-109
2667,46,80.3045797754734,2024-36-109
2668,68,70.67461048040566,2024-37-109
2669,61,45.67755959557521,2024-38-109
2670,28,75.7202630130687,2024-39-109
2671,36,76.2015861871842,2024-40-109
2672,25,53.12882173687766,2024-41-109
2673,21,67.93404187529244,2024-42-109
2674,14,71.1418860139535,2024-43-109
2675,16,30.326690702486317,2024-44-109
2676,13,40.63938952299003,2024-45-109
2677,3,23.45903177996932,2024-46-109
2678,7,20.753012036987876,2024-47-109
2679,7,19.27622842987803,2024-48-109
2680,5,22.633352296645818,2024-49-109
2681,4,17.53326321333636,2024-50-109
2682,5,5.179668969942936,2024-51-109
2683,2,8.4003903953318,2024-52-109
2936,5,8.484924264674346,2024-1-110
2937,6,10.31564714526309,2024-2-110
2938,6,6.973906729384155,2024-3-110
2939,9,3.0854285674569475,2024-4-110
2940,8,1.973840409807642,2024-5-110
2941,11,6.118087668873593,2024-6-110
2942,2,8.189332106307045,2024-7-110
2943,6,8.189332106307045,2024-8-110
2944,5,10.134453240636157,2024-9-110
2945,3,9.112349077252496,2024-10-110
2946,3,11.80763275136753,2024-11-110
2947,1,4.661699193404682,2024-12-110
2948,1,7.869602316950399,2024-13-110
2949,4,7.16667814451489,2024-14-110
2950,4,6.430967172716314,2024-15-110
2951,2,5.534838542657399,2024-16-110
2952,2,2.3792318446985234,2024-17-110
2953,3,1.750685323252311,2024-18-110
2954,1,6.1844061261100025,2024-19-110
2955,2,7.273375651213045,2024-20-110
2956,3,4.661699193404682,2024-21-110
2957,6,3.0598614084161055,2024-22-110
2958,5,4.9304367091152805,2024-23-110
2959,3,1.7842861102918919,2024-24-110
2960,7,2.55626967654253,2024-25-110
2961,6,4.799605549550096,2024-26-110
2962,12,8.08642102958695,2024-27-110
2963,22,7.359254745463909,2024-28-110
2964,27,6.226221897789689,2024-29-110
2965,23,9.130873223135369,2024-30-110
2966,31,8.426935843778013,2024-31-110
2967,52,12.292598288086417,2024-32-110
2968,57,22.870304653159348,2024-33-110
2969,56,30.572540203198113,2024-34-110
2970,67,23.169705940888434,2024-35-110
2971,72,33.32726822010652,2024-36-110
2972,77,56.61526390639564,2024-37-110
2973,93,57.83366076314887,2024-38-110
2974,96,69.35129575532423,2024-39-110
2975,107,76.24097037619407,2024-40-110
2976,71,76.11244909730394,2024-41-110
2977,84,85.59598345016741,2024-42-110
2978,65,94.91202460993016,2024-43-110
2979,64,78.2438283461592,2024-44-110
2980,50,86.5400271504537,2024-45-110
2981,36,74.84030029312588,2024-46-110
2982,50,90.72197416408869,2024-47-110
2983,44,77.82289216813847,2024-48-110
2984,29,88.37380781882472,2024-49-110
2985,26,52.17299233783163,2024-50-110
2986,20,42.74474810561128,2024-51-110
2987,18,53.80342771479474,2024-52-110
3240,1,1.5193579999174245,2024-1-111
3241,0,1.5126478511848345,2024-2-111
3242,0,1.5041201008944243,2024-3-111
3243,0,1.5108302496270145,2024-4-111
3244,0,1.5108302496270145,2024-5-111
3245,2,1.5193579999174245,2024-6-111
3246,0,1.5041201008944243,2024-7-111
3247,0,1.5108302496270145,2024-8-111
3248,0,1.5108302496270145,2024-9-111
3249,0,1.5108302496270145,2024-10-111
3250,1,2.6629040059801015,2024-11-111
3251,0,1.8487824393660983,2024-12-111
3252,1,1.5248244968798366,2024-13-111
3253,0,1.51028490844381,2024-14-111
3254,0,1.5108302496270145,2024-15-111
3255,0,1.5193579999174245,2024-16-111
3256,1,1.5041201008944243,2024-17-111
3257,0,1.5193579999174245,2024-18-111
3258,0,1.5041201008944243,2024-19-111
3259,0,1.3684889286151443,2024-20-111
3260,0,1.2960952276987634,2024-21-111
3261,0,1.0952396227829722,2024-22-111
3262,0,0.5632868039904991,2024-23-111
3263,0,0.38993609307527377,2024-24-111
3264,0,0.2899380362797201,2024-25-111
3265,0,0.2899380362797201,2024-26-111
3266,1,0.2899380362797201,2024-27-111
3267,0,0.2899380362797201,2024-28-111
3268,0,0.2899380362797201,2024-29-111
3269,2,0.2899380362797201,2024-30-111
3270,1,0.2899380362797201,2024-31-111
3271,0,0.30733301788055906,2024-32-111
3272,0,0.34238009948888204,2024-33-111
3273,0,0.2899380362797201,2024-34-111
3274,0,1.8271793587744583,2024-35-111
3275,0,1.0582916870617554,2024-36-111
3276,3,0.5856808629882667,2024-37-111
3277,2,0.33698337865371103,2024-38-111
3278,2,0.2899380362797201,2024-39-111
3279,1,0.2899380362797201,2024-40-111
3280,1,0.2899380362797201,2024-41-111
3281,0,4.1634304511835465,2024-42-111
3282,0,3.20239597209036,2024-43-111
3283,1,2.939086279690701,2024-44-111
3284,1,1.3067538619247023,2024-45-111
3285,0,0.6501211869630968,2024-46-111
3286,0,0.3894254418628731,2024-47-111
3287,2,0.2899380362797201,2024-48-111
3288,0,0.30733301788055906,2024-49-111
3289,0,0.3597750810897211,2024-50-111
3290,0,0.34238009948888204,2024-51-111
3291,2,0.2899380362797201,2024-52-111
3544,0,1.5193579999174245,2024-1-112
3545,0,1.801984450866178,2024-2-112
3546,1,1.579599080259606,2024-3-112
3547,1,1.6800387721584702,2024-4-112
3548,0,1.6315286481375983,2024-5-112
3549,1,1.5108302496270145,2024-6-112
3550,0,1.5560496687724166,2024-7-112
3551,1,1.6885665224488802,2024-8-112
3552,0,1.68185637371629,2024-9-112
3553,1,1.9654679510601563,2024-10-112
3554,0,1.7337859415942822,2024-11-112
3555,0,1.7185480425712822,2024-12-112
3556,0,1.7337859415942822,2024-13-112
3557,0,1.7185480425712822,2024-14-112
3558,0,1.7337859415942822,2024-15-112
3559,1,1.7185480425712822,2024-16-112
3560,1,1.7252581913038723,2024-17-112
3561,1,1.7252581913038723,2024-18-112
3562,0,1.7252581913038723,2024-19-112
3563,0,1.5600593764345079,2024-20-112
3564,0,1.4608661639242757,2024-21-112
3565,0,1.2136343656051827,2024-22-112
3566,0,0.6396281207670982,2024-23-112
3567,0,0.4587897079428423,2024-24-112
3568,1,0.2899380362797201,2024-25-112
3569,0,0.2899380362797201,2024-26-112
3570,0,0.2899380362797201,2024-27-112
3571,0,0.2899380362797201,2024-28-112
3572,0,0.2899380362797201,2024-29-112
3573,0,0.30733301788055906,2024-30-112
3574,0,0.34238009948888204,2024-31-112
3575,0,0.2899380362797201,2024-32-112
3576,1,0.2899380362797201,2024-33-112
3577,1,0.2899380362797201,2024-34-112
3578,1,0.2899380362797201,2024-35-112
3579,0,0.2899380362797201,2024-36-112
3580,0,0.2899380362797201,2024-37-112
3581,2,0.30733301788055906,2024-38-112
3582,0,0.3597750810897211,2024-39-112
3583,2,0.3597750810897211,2024-40-112
3584,2,0.34238009948888204,2024-41-112
3585,1,0.2899380362797201,2024-42-112
3586,2,1.6641882857177208,2024-43-112
3587,1,1.020585116411987,2024-44-112
3588,2,1.720473800161671,2024-45-112
3589,0,2.2106015806930746,2024-46-112
3590,0,1.2597085195507116,2024-47-112
3591,2,1.5949918845981352,2024-48-112
3592,0,1.0764976900964067,2024-49-112
3593,3,1.5347980493334552,2024-50-112
3594,2,1.0676304587859777,2024-51-112
3595,0,0.5332387997791047,2024-52-112
3848,13,8.189332106307045,2024-1-113
3849,5,13.985804052741276,2024-2-113
3850,9,8.994133341067224,2024-3-113
3851,2,9.939853256916361,2024-4-113
3852,4,6.465539665201194,2024-5-113
3853,2,14.659795176057084,2024-6-113
3854,0,7.2382329041690445,2024-7-113
3855,2,10.134453240636157,2024-8-113
3856,1,4.743749718339065,2024-9-113
3857,2,5.884937204281113,2024-10-113
3858,0,4.49723861110199,2024-11-113
3859,0,2.1045812963900814,2024-12-113
3860,1,2.6629040059801015,2024-13-113
3861,3,1.848237098182894,2024-14-113
3862,0,2.662579607667147,2024-15-113
3863,0,1.9237160775480755,2024-16-113
3864,0,1.6185540400461107,2024-17-113
3865,1,1.7332406004110776,2024-18-113
3866,1,5.209463735014051,2024-19-113
3867,0,2.051494833898501,2024-20-113
3868,1,1.7486170562560144,2024-21-113
3869,1,1.1619695484375676,2024-22-113
3870,1,0.5564491395524355,2024-23-113
3871,2,0.47618468954368126,2024-24-113
3872,1,0.34238009948888204,2024-25-113
3873,5,0.30733301788055906,2024-26-113
3874,3,0.3597750810897211,2024-27-113
3875,4,0.3597750810897211,2024-28-113
3876,8,1.9820035693536227,2024-29-113
3877,5,1.0582916870617554,2024-30-113
3878,3,6.2928565652860184,2024-31-113
3879,8,6.241948408580842,2024-32-113
3880,10,6.873931769749978,2024-33-113
3881,15,10.40657726742347,2024-34-113
3882,14,7.9834427561789285,2024-35-113
3883,17,6.629327077202861,2024-36-113
3884,23,9.898995281646606,2024-37-113
3885,26,11.538153064708549,2024-38-113
3886,21,20.452137997014344,2024-39-113
3887,13,19.68675478887625,2024-40-113
3888,18,21.928609406500456,2024-41-113
3889,12,27.015178475855368,2024-42-113
3890,18,32.072315735980986,2024-43-113
3891,16,22.387209360247688,2024-44-113
3892,10,18.604434696984402,2024-45-113
3893,7,20.015953631800986,2024-46-113
3894,9,12.610138860089432,2024-47-113
3895,4,19.803810607974132,2024-48-113
3896,8,24.015734887438658,2024-49-113
3897,7,11.754650128048763,2024-50-113
3898,2,8.833673739502863,2024-51-113
3899,2,10.314373451842481,2024-52-113
4152,1,2.6629040059801015,2024-1-114
4153,0,5.884937204281113,2024-2-114
4154,0,2.1949495063379767,2024-3-114
4155,0,3.1603594225090434,2024-4-114
4156,0,1.848237098182894,2024-5-114
4157,0,1.5333522471702465,2024-6-114
4158,0,1.5035747597112197,2024-7-114
4159,0,1.5108302496270145,2024-8-114
4160,0,1.5108302496270145,2024-9-114
4161,0,1.5108302496270145,2024-10-114
4162,1,1.5108302496270145,2024-11-114
4163,0,1.5108302496270145,2024-12-114
4164,0,1.5108302496270145,2024-13-114
4165,2,1.5108302496270145,2024-14-114
4166,0,1.5108302496270145,2024-15-114
4167,1,1.5193579999174245,2024-16-114
4168,0,1.5041201008944243,2024-17-114
4169,0,1.5108302496270145,2024-18-114
4170,1,2.6629040059801015,2024-19-114
4171,0,1.7316248664446567,2024-20-114
4172,3,1.3839774845463801,2024-21-114
4173,0,1.1075497677699093,2024-22-114
4174,0,0.5390541579515965,2024-23-114
4175,1,0.40733107467611274,2024-24-114
4176,0,0.34238009948888204,2024-25-114
4177,0,4.711656616382308,2024-26-114
4178,0,1.4908287816087205,2024-27-114
4179,0,1.0592353640989962,2024-28-114
4180,0,0.35437836025455005,2024-29-114
4181,0,0.34238009948888204,2024-30-114
4182,1,0.2899380362797201,2024-31-114
4183,0,0.2899380362797201,2024-32-114
4184,2,0.2899380362797201,2024-33-114
4185,3,0.2899380362797201,2024-34-114
4186,0,0.2899380362797201,2024-35-114
4187,1,0.30733301788055906,2024-36-114
4188,0,0.34238009948888204,2024-37-114
4189,2,1.7234827042403893,2024-38-114
4190,0,4.666027194518237,2024-39-114
4191,2,1.721084953437015,2024-40-114
4192,3,1.1372016151163344,2024-41-114
4193,0,0.3894254418628731,2024-42-114
4194,1,1.5724372669361841,2024-43-114
4195,1,1.020585116411987,2024-44-114
4196,0,1.6287227813801346,2024-45-114
4197,1,3.6508388325980343,2024-46-114
4198,1,1.5971195104244498,2024-47-114
4199,0,1.1372016151163344,2024-48-114
4200,2,0.40682042346371206,2024-49-114
4201,0,0.34238009948888204,2024-50-114
4202,0,0.30733301788055906,2024-51-114
4203,0,0.3597750810897211,2024-52-114
4456,2,1.8627766866189206,2024-1-115
4457,1,2.662579607667147,2024-2-115
4458,0,1.848237098182894,2024-3-115
4459,0,1.5181143481472466,2024-4-115
4460,1,2.6629040059801015,2024-5-115
4461,0,2.9827616471719085,2024-6-115
4462,0,1.8627766866189206,2024-7-115
4463,1,1.5175690069640422,2024-8-115
4464,1,1.51028490844381,2024-9-115
4465,1,1.5193579999174245,2024-10-115
4466,0,1.5041201008944243,2024-11-115
4467,1,1.5108302496270145,2024-12-115
4468,3,1.5193579999174245,2024-13-115
4469,1,1.5126478511848345,2024-14-115
4470,3,1.5126478511848345,2024-15-115
4471,0,1.579599080259606,2024-16-115
4472,0,1.6130875430836986,2024-17-115
4473,1,5.146040764231469,2024-18-115
4474,0,2.198911967039722,2024-19-115
4475,4,5.4084509034811585,2024-20-115
4476,1,2.0345340878508855,2024-21-115
4477,0,1.5200456050608477,2024-22-115
4478,1,0.5925208170238538,2024-23-115
4479,3,0.4587897079428423,2024-24-115
4480,0,6.321957222339689,2024-25-115
4481,0,1.4908287816087205,2024-26-115
4482,0,1.1303381613284293,2024-27-115
4483,1,0.35437836025455005,2024-28-115
4484,2,4.8216794993300205,2024-29-115
4485,2,1.4908287816087205,2024-30-115
4486,2,1.0592353640989962,2024-31-115
4487,2,0.33698337865371103,2024-32-115
4488,3,0.30733301788055906,2024-33-115
4489,4,1.8873298624456993,2024-34-115
4490,4,2.470015952020701,2024-35-115
4491,3,2.463703774990463,2024-36-115
4492,1,2.471992827131747,2024-37-115
4493,3,4.68431671758017,2024-38-115
4494,0,6.169484487942063,2024-39-115
4495,4,6.678167273835823,2024-40-115
4496,5,6.078106328339448,2024-41-115
4497,0,2.3152355668108426,2024-42-115
4498,0,4.078148024767285,2024-43-115
4499,0,1.4826062661248534,2024-44-115
4500,0,4.866941906992465,2024-45-115
4501,2,5.713945367028132,2024-46-115
4502,0,2.159538193721118,2024-47-115
4503,3,1.1198066335154955,2024-48-115
4504,1,0.33698337865371103,2024-49-115
4505,1,0.2899380362797201,2024-50-115
4506,0,1.46860595198726,2024-51-115
4507,0,1.020585116411987,2024-52-115
4760,0,1.7252581913038723,2024-1-116
4761,0,1.7252581913038723,2024-2-116
4762,0,1.7651933833588669,2024-3-116
4763,0,1.7504924459076678,2024-4-116
4764,0,1.7419646956172579,2024-5-116
4765,0,1.7486748443498479,2024-6-116
4766,0,1.7486748443498479,2024-7-116
4767,0,1.7252581913038723,2024-8-116
4768,0,1.7252581913038723,2024-9-116
4769,0,1.7486748443498479,2024-10-116
4770,0,1.7486748443498479,2024-11-116
4771,0,1.8814208304210625,2024-12-116
4772,0,1.7800822861144325,2024-13-116
4773,0,1.7800822861144325,2024-14-116
4774,0,1.8814208304210625,2024-15-116
4775,0,1.8814208304210625,2024-16-116
4776,0,1.8814208304210625,2024-17-116
4777,0,1.8502566221128143,2024-18-116
4778,0,1.7800822861144325,2024-19-116
4779,0,1.6843452940449604,2024-20-116
4780,0,1.5071625084444262,2024-21-116
4781,1,1.214364902902082,2024-22-116
4782,0,0.5980004931273565,2024-23-116
4783,0,0.4063476447336802,2024-24-116
4784,0,0.2899380362797201,2024-25-116
4785,0,0.2899380362797201,2024-26-116
4786,1,0.30733301788055906,2024-27-116
4787,0,0.34238009948888204,2024-28-116
4788,0,0.2899380362797201,2024-29-116
4789,1,0.2899380362797201,2024-30-116
4790,0,0.2899380362797201,2024-31-116
4791,1,0.30733301788055906,2024-32-116
4792,0,0.34238009948888204,2024-33-116
4793,1,0.2899380362797201,2024-34-116
4794,3,0.30733301788055906,2024-35-116
4795,0,0.34238009948888204,2024-36-116
4796,0,0.30733301788055906,2024-37-116
4797,3,0.34238009948888204,2024-38-116
4798,0,0.30733301788055906,2024-39-116
4799,2,5.253492358344075,2024-40-116
4800,4,1.5371315201291944,2024-41-116
4801,3,1.0592353640989962,2024-42-116
4802,2,4.617420693196334,2024-43-116
4803,1,1.4355609237508624,2024-44-116
4804,0,2.054547345386741,2024-45-116
4805,2,5.224433382054161,2024-46-116
4806,2,5.081132041266623,2024-47-116
4807,1,3.207946621666182,2024-48-116
4808,0,1.8826984722638784,2024-49-116
4809,1,0.6327262053622578,2024-50-116
4810,0,1.531395885558225,2024-51-116
4811,0,2.192312057631141,2024-52-116
5064,0,1.5108302496270145,2024-1-117
5065,0,1.7577501581158885,2024-2-117
5066,0,1.5108302496270145,2024-3-117
5067,0,1.5108302496270145,2024-4-117
5068,0,1.5108302496270145,2024-5-117
5069,0,1.5108302496270145,2024-6-117
5070,0,1.5108302496270145,2024-7-117
5071,0,1.5108302496270145,2024-8-117
5072,0,1.5108302496270145,2024-9-117
5073,0,1.5108302496270145,2024-10-117
5074,0,1.5108302496270145,2024-11-117
5075,0,1.5108302496270145,2024-12-117
5076,0,1.5108302496270145,2024-13-117
5077,0,1.5108302496270145,2024-14-117
5078,0,1.5108302496270145,2024-15-117
5079,0,1.5108302496270145,2024-16-117
5080,0,1.5108302496270145,2024-17-117
5081,0,1.5108302496270145,2024-18-117
5082,0,1.5108302496270145,2024-19-117
5083,0,1.3684889286151443,2024-20-117
5084,0,1.2960952276987634,2024-21-117
5085,0,1.0778446411821332,2024-22-117
5086,0,0.5390541579515965,2024-23-117
5087,0,0.38993609307527377,2024-24-117
5088,0,0.2899380362797201,2024-25-117
5089,0,0.2899380362797201,2024-26-117
5090,0,0.2899380362797201,2024-27-117
5091,0,0.2899380362797201,2024-28-117
5092,0,0.2899380362797201,2024-29-117
5093,0,0.2899380362797201,2024-30-117
5094,0,0.2899380362797201,2024-31-117
5095,0,0.2899380362797201,2024-32-117
5096,0,0.2899380362797201,2024-33-117
5097,0,0.2899380362797201,2024-34-117
5098,0,0.2899380362797201,2024-35-117
5099,0,0.2899380362797201,2024-36-117
5100,0,0.2899380362797201,2024-37-117
5101,0,0.2899380362797201,2024-38-117
5102,0,0.2899380362797201,2024-39-117
5103,0,0.2899380362797201,2024-40-117
5104,0,0.2899380362797201,2024-41-117
5105,0,0.2899380362797201,2024-42-117
5106,0,0.2899380362797201,2024-43-117
5107,0,0.2899380362797201,2024-44-117
5108,0,0.2899380362797201,2024-45-117
5109,0,0.2899380362797201,2024-46-117
5110,0,0.2899380362797201,2024-47-117
5111,0,0.2899380362797201,2024-48-117
5112,0,0.2899380362797201,2024-49-117
5113,0,0.2899380362797201,2024-50-117
5114,0,0.2899380362797201,2024-51-117
5115,0,0.2899380362797201,2024-52-117
5368,3,6.406693905813889,2024-1-118
5369,1,3.765570563345762,2024-2-118
5370,3,4.92285347302842,2024-3-118
5371,2,6.281832097452731,2024-4-118
5372,2,2.436754116109137,2024-5-118
5373,1,4.899515805113335,2024-6-118
5374,1,2.122887646491336,2024-7-118
5375,2,4.899515805113335,2024-8-118
5376,0,3.683160505977453,2024-9-118
5377,1,3.1472222294746013,2024-10-118
5378,0,1.862231345435716,2024-11-118
5379,1,1.526096757254452,2024-12-118
5380,0,2.662579607667147,2024-13-118
5381,1,1.8487824393660983,2024-14-118
5382,0,1.5333522471702465,2024-15-118
5383,0,1.5790537390764015,2024-16-118
5384,0,1.6130875430836986,2024-17-118
5385,0,1.67332862342588,2024-18-118
5386,2,1.5948369792826063,2024-19-118
5387,0,1.418999481908784,2024-20-118
5388,0,1.3413146468441655,2024-21-118
5389,1,1.0778446411821332,2024-22-118
5390,3,0.5390541579515965,2024-23-118
5391,0,1.9219951850081365,2024-24-118
5392,5,1.2445280298631654,2024-25-118
5393,1,0.5332387997791047,2024-26-118
5394,0,0.35437836025455005,2024-27-118
5395,1,4.872888848923516,2024-28-118
5396,3,1.4908287816087205,2024-29-118
5397,5,6.40287944823373,2024-30-118
5398,5,1.5378741239827114,2024-31-118
5399,6,1.1303381613284293,2024-32-118
5400,1,0.35437836025455005,2024-33-118
5401,7,5.177576890022147,2024-34-118
5402,1,6.700415049923439,2024-35-118
5403,11,7.305471663341731,2024-36-118
5404,9,8.277180435868917,2024-37-118
5405,5,2.344074906150182,2024-38-118
5406,8,8.864680076580475,2024-39-118
5407,8,1.5378741239827114,2024-40-118
5408,12,12.11609049635327,2024-41-118
5409,2,10.920692354535525,2024-42-118
5410,2,6.575350162761695,2024-43-118
5411,3,9.53304673237886,2024-44-118
5412,4,9.540750156534246,2024-45-118
5413,3,11.809542678702389,2024-46-118
5414,2,3.692103001094022,2024-47-118
5415,7,2.6026782858633397,2024-48-118
5416,4,3.797546389279851,2024-49-118
5417,4,5.1401119246860345,2024-50-118
5418,6,4.9259282335642585,2024-51-118
5419,1,3.2011466575498617,2024-52-118
5672,4,14.678556421324597,2024-1-119
5673,9,9.683409679754837,2024-2-119
5674,1,9.328763331760186,2024-3-119
5675,2,10.47065139791176,2024-4-119
5676,2,9.375363243925314,2024-5-119
5677,1,8.04546280251471,2024-6-119
5678,2,10.565573299439775,2024-7-119
5679,2,2.7536723175262545,2024-8-119
5680,1,3.0472107365160896,2024-9-119
5681,0,3.2206935786746675,2024-10-119
5682,0,2.077204628295778,2024-11-119
5683,0,2.9005115391699046,2024-12-119
5684,0,3.2206935786746675,2024-13-119
5685,3,2.077204628295778,2024-14-119
5686,2,1.7319969486409,2024-15-119
5687,1,1.7247128501206677,2024-16-119
5688,1,1.7252581913038723,2024-17-119
5689,0,1.7252581913038723,2024-18-119
5690,3,5.9870353254186455,2024-19-119
5691,1,3.8061959851103193,2024-20-119
5692,0,2.2373367153605503,2024-21-119
5693,3,1.3560195177912953,2024-22-119
5694,2,0.6583048166376773,2024-23-119
5695,4,5.750061448202042,2024-24-119
5696,2,1.6859323557205588,2024-25-119
5697,3,1.1303381613284293,2024-26-119
5698,7,5.735633562357094,2024-27-119
5699,2,3.4152511172277276,2024-28-119
5700,6,7.087063140821441,2024-29-119
5701,7,4.230590879504003,2024-30-119
5702,3,5.8175388196851205,2024-31-119
5703,10,9.974712290221207,2024-32-119
5704,4,4.582425809685579,2024-33-119
5705,5,8.75964814648474,2024-34-119
5706,2,9.960911643086213,2024-35-119
5707,3,7.024481732570752,2024-36-119
5708,3,11.689675848520055,2024-37-119
5709,3,7.827849329983107,2024-38-119
5710,7,7.965131437703531,2024-39-119
5711,3,4.455153690300252,2024-40-119
5712,5,5.584497564817756,2024-41-119
5713,3,5.6542876501878085,2024-42-119
5714,4,5.344637492620678,2024-43-119
5715,2,9.152443306441116,2024-44-119
5716,5,5.89950063360486,2024-45-119
5717,1,5.965846803373827,2024-46-119
5718,4,5.3090755589177085,2024-47-119
5719,3,5.618942777194204,2024-48-119
5720,10,3.707960669438486,2024-49-119
5721,4,5.556298403435107,2024-50-119
5722,0,1.6441648527984407,2024-51-119
5723,2,4.72362572950244,2024-52-119
5976,0,1.5108302496270145,2024-1-120
5977,1,1.7577501581158885,2024-2-120
5978,0,1.5108302496270145,2024-3-120
5979,0,1.5108302496270145,2024-4-120
5980,0,1.5108302496270145,2024-5-120
5981,0,1.5108302496270145,2024-6-120
5982,0,1.5193579999174245,2024-7-120
5983,0,1.5041201008944243,2024-8-120
5984,0,1.5108302496270145,2024-9-120
5985,0,1.5108302496270145,2024-10-120
5986,0,1.5108302496270145,2024-11-120
5987,0,1.5108302496270145,2024-12-120
5988,0,1.5108302496270145,2024-13-120
5989,0,1.5108302496270145,2024-14-120
5990,0,1.5108302496270145,2024-15-120
5991,0,1.5108302496270145,2024-16-120
5992,0,1.5108302496270145,2024-17-120
5993,0,1.5108302496270145,2024-18-120
5994,0,1.5108302496270145,2024-19-120
5995,0,1.3684889286151443,2024-20-120
5996,0,1.2960952276987634,2024-21-120
5997,0,1.0778446411821332,2024-22-120
5998,0,0.5390541579515965,2024-23-120
5999,0,0.38993609307527377,2024-24-120
6000,1,0.2899380362797201,2024-25-120
6001,0,0.2899380362797201,2024-26-120
6002,0,0.2899380362797201,2024-27-120
6003,0,0.2899380362797201,2024-28-120
6004,0,0.2899380362797201,2024-29-120
6005,0,0.30733301788055906,2024-30-120
6006,1,0.34238009948888204,2024-31-120
6007,0,0.2899380362797201,2024-32-120
6008,0,0.2899380362797201,2024-33-120
6009,0,0.2899380362797201,2024-34-120
6010,0,0.2899380362797201,2024-35-120
6011,0,0.30733301788055906,2024-36-120
6012,0,0.34238009948888204,2024-37-120
6013,0,0.2899380362797201,2024-38-120
6014,0,0.2899380362797201,2024-39-120
6015,0,0.2899380362797201,2024-40-120
6016,0,0.2899380362797201,2024-41-120
6017,0,0.2899380362797201,2024-42-120
6018,0,0.2899380362797201,2024-43-120
6019,0,0.2899380362797201,2024-44-120
6020,0,0.2899380362797201,2024-45-120
6021,0,0.2899380362797201,2024-46-120
6022,0,0.2899380362797201,2024-47-120
6023,0,0.2899380362797201,2024-48-120
6024,0,0.2899380362797201,2024-49-120
6025,0,0.2899380362797201,2024-50-120
6026,0,0.2899380362797201,2024-51-120
6027,0,0.2899380362797201,2024-52-120
6280,141,90.29729232778448,2024-1-201
6281,139,82.56760022734643,2024-2-201
6282,106,65.072577054698,2024-3-201
6283,96,4.3697915598186325,2024-4-201
6284,95,2.5471329178713926,2024-5-201
6285,66,102.20380488136134,2024-6-201
6286,74,99.78079371791466,2024-7-201
6287,55,90.76131299623825,2024-8-201
6288,33,84.16824284989302,2024-9-201
6289,26,84.66668483074216,2024-10-201
6290,25,86.31434448417251,2024-11-201
6291,29,91.0468183672496,2024-12-201
6292,13,54.39797844372035,2024-13-201
6293,24,26.384000980035616,2024-14-201
6294,34,24.175727860544757,2024-15-201
6295,19,24.623361462670108,2024-16-201
6296,21,26.535859777710243,2024-17-201
6297,21,20.2175413243866,2024-18-201
6298,14,25.315638251874454,2024-19-201
6299,21,26.587011916524467,2024-20-201
6300,17,21.467982213236418,2024-21-201
6301,29,24.011271930899138,2024-22-201
6302,46,21.628938983604368,2024-23-201
6303,35,21.83879345242677,2024-24-201
6304,50,24.102658798585857,2024-25-201
6305,43,22.648282786936726,2024-26-201
6306,40,26.04715951882232,2024-27-201
6307,51,60.439394762965996,2024-28-201
6308,94,49.26025516630379,2024-29-201
6309,93,59.74550912547436,2024-30-201
6310,111,51.975265546962554,2024-31-201
6311,109,47.87458344043519,2024-32-201
6312,90,54.28949948317486,2024-33-201
6313,116,77.21696530772947,2024-34-201
6314,105,84.38301242037852,2024-35-201
6315,141,82.6891912916889,2024-36-201
6316,162,83.94754963348801,2024-37-201
6317,122,74.68476914562665,2024-38-201
6318,93,83.11731809452723,2024-39-201
6319,57,71.44926478724533,2024-40-201
6320,72,148.27743345948534,2024-41-201
6321,73,113.61400888549238,2024-42-201
6322,53,106.87342478891352,2024-43-201
6323,57,94.4034531966883,2024-44-201
6324,46,62.884313340404816,2024-45-201
6325,33,76.37253630339836,2024-46-201
6326,39,72.03198658967293,2024-47-201
6327,29,45.41742416119424,2024-48-201
6328,32,58.054671084583326,2024-49-201
6329,34,46.376964629974836,2024-50-201
6330,22,31.196632420915876,2024-51-201
6331,5,49.84604225426201,2024-52-201
6584,4,9.719813532439286,2024-1-202
6585,2,7.342576651014529,2024-2-202
6586,3,7.331020735784732,2024-3-202
6587,2,17.308280238885203,2024-4-202
6588,1,12.462515779477966,2024-5-202
6589,1,8.322371586392023,2024-6-202
6590,0,4.8859718886039625,2024-7-202
6591,0,5.92854089594127,2024-8-202
6592,1,3.743332151307967,2024-9-202
6593,0,2.319009238066939,2024-10-202
6594,1,1.74052469893131,2024-11-202
6595,1,1.7180027013880776,2024-12-202
6596,0,1.7252581913038723,2024-13-202
6597,0,1.7337859415942822,2024-14-202
6598,0,1.7185480425712822,2024-15-202
6599,1,1.7337859415942822,2024-16-202
6600,0,1.7270757928616922,2024-17-202
6601,0,1.7419646956172579,2024-18-202
6602,0,1.7486748443498479,2024-19-202
6603,0,1.5834760294804835,2024-20-202
6604,0,1.4842828169702513,2024-21-202
6605,2,1.2196560370503193,2024-22-202
6606,1,0.5980004931273565,2024-23-202
6607,3,0.4063476447336802,2024-24-202
6608,3,0.2899380362797201,2024-25-202
6609,5,0.2899380362797201,2024-26-202
6610,3,2.065111290277217,2024-27-202
6611,4,1.0582916870617554,2024-28-202
6612,3,5.73038863096625,2024-29-202
6613,3,6.340562709331643,2024-30-202
6614,0,8.56345359039053,2024-31-202
6615,2,7.149858795768153,2024-32-202
6616,6,13.00307419366139,2024-33-202
6617,2,7.231909320702535,2024-34-202
6618,0,6.547912130665654,2024-35-202
6619,5,2.344074906150182,2024-36-202
6620,4,2.2725445527202353,2024-37-202
6621,2,9.513627169438802,2024-38-202
6622,0,4.054701197641053,2024-39-202
6623,1,1.9026705802927888,2024-40-202
6624,2,6.744283415625965,2024-41-202
6625,4,7.150382385799196,2024-42-202
6626,2,4.012190168627237,2024-43-202
6627,6,1.8738312409534494,2024-44-202
6628,3,0.5976791237539347,2024-45-202
6629,4,1.5200469136494212,2024-46-202
6630,5,5.229296893092629,2024-47-202
6631,4,3.314994409974879,2024-48-202
6632,1,7.511295494753041,2024-49-202
6633,2,5.734252828278355,2024-50-202
6634,2,5.517180155467636,2024-51-202
6635,1,5.895935439380252,2024-52-202
6888,18,19.14200305385353,2024-1-203
6889,15,17.037250158574555,2024-2-203
6890,13,8.789153721152966,2024-3-203
6891,14,4.3697915598186325,2024-4-203
6892,17,2.5471329178713926,2024-5-203
6893,8,17.39008532752031,2024-6-203
6894,8,16.626147775300602,2024-7-203
6895,6,15.326574720862139,2024-8-203
6896,3,17.41279075079917,2024-9-203
6897,5,21.627625789151693,2024-10-203
6898,5,9.838251566553101,2024-11-203
6899,9,10.308322090865717,2024-12-203
6900,3,8.724783379460915,2024-13-203
6901,5,6.561290741935186,2024-14-203
6902,7,7.247072748766023,2024-15-203
6903,2,8.294555788916327,2024-16-203
6904,4,12.001456669708247,2024-17-203
6905,2,7.1196067036346,2024-18-203
6906,1,7.515980029994165,2024-19-203
6907,3,10.374337898472698,2024-20-203
6908,4,4.852082661550466,2024-21-203
6909,3,7.203466414541677,2024-22-203
6910,15,4.511424936488907,2024-23-203
6911,11,1.9288940080451555,2024-24-203
6912,16,5.799184680628631,2024-25-203
6913,7,7.4978570923026275,2024-26-203
6914,12,7.131569272706217,2024-27-203
6915,11,20.723074801645918,2024-28-203
6916,23,13.223601920837584,2024-29-203
6917,9,21.40884932424058,2024-30-203
6918,12,15.229229098007375,2024-31-203
6919,16,13.436883507250695,2024-32-203
6920,21,16.20203370304143,2024-33-203
6921,15,28.758120090744733,2024-34-203
6922,24,11.66414528336408,2024-35-203
6923,12,12.066024484097879,2024-36-203
6924,10,24.218961937227434,2024-37-203
6925,14,27.150678395247997,2024-38-203
6926,5,21.120034915503723,2024-39-203
6927,8,27.304484912424478,2024-40-203
6928,13,12.821874251750524,2024-41-203
6929,5,11.60938246040218,2024-42-203
6930,3,19.62682698490754,2024-43-203
6931,1,7.1701011604996525,2024-44-203
6932,2,9.903375697834749,2024-45-203
6933,0,17.295390244025842,2024-46-203
6934,4,6.560414266360109,2024-47-203
6935,3,5.222083055802156,2024-48-203
6936,3,2.4437574671546893,2024-49-203
6937,2,1.9100029238405534,2024-50-203
6938,0,1.0676304587859777,2024-51-203
6939,2,4.444333572058431,2024-52-203
7192,3,2.9005115391699046,2024-1-204
7193,4,5.083517145840709,2024-2-204
7194,4,3.3004934804860526,2024-3-204
7195,1,6.372203567730146,2024-4-204
7196,5,4.366406687045746,2024-5-204
7197,2,5.916295048719095,2024-6-204
7198,0,7.353388170583283,2024-7-204
7199,1,8.04546280251471,2024-8-204
7200,0,2.6511820577859955,2024-9-204
7201,0,7.705483660312597,2024-10-204
7202,0,5.111789465857898,2024-11-204
7203,0,2.329445305253611,2024-12-204
7204,0,1.7706515007098755,2024-13-204
7205,1,1.7414193544340535,2024-14-204
7206,1,1.7486748443498479,2024-15-204
7207,0,1.7486748443498479,2024-16-204
7208,0,1.7486748443498479,2024-17-204
7209,0,1.7486748443498479,2024-18-204
7210,1,1.7572025946402579,2024-19-204
7211,0,1.6287023556837155,2024-20-204
7212,1,1.481046200828079,2024-21-204
7213,1,1.214364902902082,2024-22-204
7214,0,0.5980004931273565,2024-23-204
7215,0,0.4237426263345192,2024-24-204
7216,3,0.34238009948888204,2024-25-204
7217,1,0.30733301788055906,2024-26-204
7218,0,0.3597750810897211,2024-27-204
7219,4,0.34238009948888204,2024-28-204
7220,2,0.2899380362797201,2024-29-204
7221,2,5.717344039295159,2024-30-204
7222,1,2.2206036064141816,2024-31-204
7223,1,1.6905620512077775,2024-32-204
7224,0,14.363959111192905,2024-33-204
7225,1,4.2943518813764525,2024-34-204
7226,3,3.605967005312586,2024-35-204
7227,1,1.3355932012640417,2024-36-204
7228,6,0.6501211869630968,2024-37-204
7229,2,0.3894254418628731,2024-38-204
7230,1,0.30733301788055906,2024-39-204
7231,0,5.300092270509205,2024-40-204
7232,0,1.4908287816087205,2024-41-204
7233,1,7.979891516430497,2024-42-204
7234,1,3.635403838734732,2024-43-204
7235,0,1.8221272028473794,2024-44-204
7236,0,0.6327262053622578,2024-45-204
7237,1,0.33698337865371103,2024-46-204
7238,0,0.30733301788055906,2024-47-204
7239,0,0.3597750810897211,2024-48-204
7240,0,0.34238009948888204,2024-49-204
7241,0,0.2899380362797201,2024-50-204
7242,0,0.30733301788055906,2024-51-204
7243,1,0.34238009948888204,2024-52-204
7496,17,41.54909435838741,2024-1-205
7497,19,37.153469436648145,2024-2-205
7498,20,31.373577168611824,2024-3-205
7499,23,12.78442887068857,2024-4-205
7500,18,3.4105857165725517,2024-5-205
7501,12,18.458023484012095,2024-6-205
7502,8,18.297204926385806,2024-7-205
7503,10,20.17291417022316,2024-8-205
7504,16,20.902421322997633,2024-9-205
7505,12,23.127244772055914,2024-10-205
7506,6,12.803219213266216,2024-11-205
7507,9,10.427632750988927,2024-12-205
7508,3,12.383939367925596,2024-13-205
7509,15,21.810033043716526,2024-14-205
7510,13,14.020394169080987,2024-15-205
7511,16,9.51056695364677,2024-16-205
7512,15,12.001456669708247,2024-17-205
7513,9,7.4832545077942925,2024-18-205
7514,15,22.22718897090129,2024-19-205
7515,14,20.25264195110773,2024-20-205
7516,22,22.685994092730674,2024-21-205
7517,38,23.64717589053038,2024-22-205
7518,43,12.108549664214591,2024-23-205
7519,53,22.819528496571433,2024-24-205
7520,47,20.911364559787764,2024-25-205
7521,63,23.46875755864278,2024-26-205
7522,66,42.064663396473904,2024-27-205
7523,63,52.601768769618474,2024-28-205
7524,72,60.341823077300106,2024-29-205
7525,63,54.73362614204237,2024-30-205
7526,61,63.231802789667164,2024-31-205
7527,59,68.6415791235159,2024-32-205
7528,37,74.83797283877239,2024-33-205
7529,53,70.31541011486661,2024-34-205
7530,29,67.62018659533892,2024-35-205
7531,17,61.14043985389575,2024-36-205
7532,28,61.29091689098947,2024-37-205
7533,14,42.81285646725165,2024-38-205
7534,8,48.215360784930525,2024-39-205
7535,7,26.518921938347585,2024-40-205
7536,11,21.14655855234636,2024-41-205
7537,7,30.812090839646707,2024-42-205
7538,8,19.60402111948936,2024-43-205
7539,3,10.424062107747291,2024-44-205
7540,3,9.377112668713881,2024-45-205
7541,6,12.160315087663331,2024-46-205
7542,3,9.306710463329058,2024-47-205
7543,2,10.130792523207722,2024-48-205
7544,3,5.432945093561696,2024-49-205
7545,3,4.69782452561392,2024-50-205
7546,3,7.551067073622054,2024-51-205
7547,2,5.061204320902763,2024-52-205
7800,5,8.6771511850408,2024-1-206
7801,3,13.743253001738124,2024-2-206
7802,1,18.179421882120725,2024-3-206
7803,2,16.825833095243294,2024-4-206
7804,1,15.436825221396573,2024-5-206
7805,0,8.588233220695482,2024-6-206
7806,2,6.418939753036064,2024-7-206
7807,0,2.3792318446985234,2024-8-206
7808,0,2.8092788050133324,2024-9-206
7809,0,1.848237098182894,2024-10-206
7810,3,1.5181143481472466,2024-11-206
7811,1,2.710452469337075,2024-12-206
7812,1,1.9242614187312799,2024-13-206
7813,2,1.6185540400461107,2024-14-206
7814,0,1.7247128501206677,2024-15-206
7815,0,5.718133399940774,2024-16-206
7816,0,2.3378609293513986,2024-17-206
7817,0,1.952132679069865,2024-18-206
7818,0,2.8529630758129305,2024-19-206
7819,0,1.92319531426402,2024-20-206
7820,1,1.5316929201910727,2024-21-206
7821,1,1.215362242295645,2024-22-206
7822,1,0.5980004931273565,2024-23-206
7823,0,0.4063476447336802,2024-24-206
7824,0,0.2899380362797201,2024-25-206
7825,2,0.30733301788055906,2024-26-206
7826,0,0.3597750810897211,2024-27-206
7827,1,0.3597750810897211,2024-28-206
7828,2,0.34238009948888204,2024-29-206
7829,5,0.2899380362797201,2024-30-206
7830,0,1.8271793587744583,2024-31-206
7831,3,1.0494244557513264,2024-32-206
7832,5,0.5506337813799438,2024-33-206
7833,2,1.9056193855076327,2024-34-206
7834,2,6.821945729521406,2024-35-206
7835,0,1.721084953437015,2024-36-206
7836,2,5.251377354775949,2024-37-206
7837,2,7.088409344746289,2024-38-206
7838,0,4.266325956075738,2024-39-206
7839,0,2.7781228610333737,2024-40-206
7840,1,1.3267259699536127,2024-41-206
7841,2,1.6810696981823514,2024-42-206
7842,0,2.3383839078650692,2024-43-206
7843,0,1.2508412882402826,2024-44-206
7844,2,0.5802841421530957,2024-45-206
7845,0,0.35437836025455005,2024-46-206
7846,0,1.4572569800784563,2024-47-206
7847,0,1.020585116411987,2024-48-206
7848,0,0.5332387997791047,2024-49-206
7849,0,1.4868954750491934,2024-50-206
7850,0,1.020585116411987,2024-51-206
7851,0,0.5332387997791047,2024-52-206
8104,10,10.322386191392127,2024-1-207
8105,8,14.34560391952326,2024-2-207
8106,8,8.408527433432443,2024-3-207
8107,6,4.113097719464759,2024-4-207
8108,4,1.7740303327535247,2024-5-207
8109,2,18.331883300103282,2024-6-207
8110,4,9.183550078980439,2024-7-207
8111,7,9.278149902227955,2024-8-207
8112,3,8.749933298516344,2024-9-207
8113,2,8.043846588098933,2024-10-207
8114,4,5.038318116657832,2024-11-207
8115,0,6.946087878531593,2024-12-207
8116,0,9.860534554210933,2024-13-207
8117,2,6.883219085616974,2024-14-207
8118,3,4.03800455642593,2024-15-207
8119,5,7.255962199240556,2024-16-207
8120,5,2.40883210683163,2024-17-207
8121,4,1.9446349293510772,2024-18-207
8122,8,2.900835937482859,2024-19-207
8123,15,6.010372993333729,2024-20-207
8124,5,7.465473503393717,2024-21-207
8125,12,8.453434831446486,2024-22-207
8126,5,8.39153163650873,2024-23-207
8127,10,10.632499729669705,2024-24-207
8128,4,22.44705786071609,2024-25-207
8129,13,8.586633886276468,2024-26-207
8130,16,12.350421648894114,2024-27-207
8131,19,8.430810818594464,2024-28-207
8132,13,11.984585912748194,2024-29-207
8133,14,8.068030460872405,2024-30-207
8134,12,19.84833572778208,2024-31-207
8135,9,21.546377800457922,2024-32-207
8136,12,22.686467866070984,2024-33-207
8137,19,20.93998606921325,2024-34-207
8138,17,20.843666182730008,2024-35-207
8139,13,12.691521563291465,2024-36-207
8140,10,11.303418105888221,2024-37-207
8141,12,13.521680813050947,2024-38-207
8142,4,20.87993425285164,2024-39-207
8143,7,21.91087085698288,2024-40-207
8144,8,19.774299861978086,2024-41-207
8145,4,11.873271905817512,2024-42-207
8146,11,12.471227077790333,2024-43-207
8147,5,6.701816315451383,2024-44-207
8148,6,9.03009702261901,2024-45-207
8149,2,9.845893245005774,2024-46-207
8150,4,6.159176758709756,2024-47-207
8151,3,12.009021131643172,2024-48-207
8152,1,6.433485134466979,2024-49-207
8153,0,7.8904843765469375,2024-50-207
8154,1,3.7752936435651647,2024-51-207
8155,1,4.644064250193615,2024-52-207
8408,10,7.274636756853495,2024-1-208
8409,4,12.554998059480717,2024-2-208
8410,4,6.418939753036064,2024-3-208
8411,2,4.068635866274596,2024-4-208
8412,3,2.30349949573797,2024-5-208
8413,1,18.197718664824883,2024-6-208
8414,3,6.973906729384155,2024-7-208
8415,0,6.973906729384155,2024-8-208
8416,5,4.661699193404682,2024-9-208
8417,0,5.43869339133687,2024-10-208
8418,3,2.5135008169973085,2024-11-208
8419,0,4.899515805113335,2024-12-208
8420,0,2.122887646491336,2024-13-208
8421,1,6.202355976901442,2024-14-208
8422,0,2.18040991790195,2024-15-208
8423,0,5.111686699288514,2024-16-208
8424,1,2.21661718965761,2024-17-208
8425,1,1.8864349243463718,2024-18-208
8426,1,1.5942916380994019,2024-19-208
8427,1,1.418999481908784,2024-20-208
8428,1,1.3413146468441655,2024-21-208
8429,3,1.0952396227829722,2024-22-208
8430,1,0.5806817855913381,2024-23-208
8431,5,0.47618468954368126,2024-24-208
8432,3,0.3597750810897211,2024-25-208
8433,7,0.3597750810897211,2024-26-208
8434,6,4.711656616382308,2024-27-208
8435,9,1.4908287816087205,2024-28-208
8436,8,6.2928565652860184,2024-29-208
8437,11,6.131925525633131,2024-30-208
8438,11,14.320905975138455,2024-31-208
8439,10,9.40291391767639,2024-32-208
8440,12,15.264097234441454,2024-33-208
8441,9,15.520421712617347,2024-34-208
8442,7,11.802065373399214,2024-35-208
8443,4,11.680106208964846,2024-36-208
8444,9,11.413715700816944,2024-37-208
8445,6,13.080372466995932,2024-38-208
8446,6,10.58253584481487,2024-39-208
8447,5,9.01676789043161,2024-40-208
8448,2,6.79145060380514,2024-41-208
8449,0,10.56844088018887,2024-42-208
8450,1,7.706092743931273,2024-43-208
8451,0,7.646009760778296,2024-44-208
8452,2,6.428660514645149,2024-45-208
8453,0,3.663460258929455,2024-46-208
8454,2,1.8738312409534494,2024-47-208
8455,0,0.5976791237539347,2024-48-208
8456,1,0.3894254418628731,2024-49-208
8457,0,1.46860595198726,2024-50-208
8458,1,1.020585116411987,2024-51-208
8459,0,1.5195999107129032,2024-52-208
8712,3,8.283992461401638,2024-1-209
8713,10,7.388879389535003,2024-2-209
8714,8,18.83560506377468,2024-3-209
8715,14,18.664373163380095,2024-4-209
8716,6,24.881114501396816,2024-5-209
8717,4,7.945672630494364,2024-6-209
8718,8,11.238248756132226,2024-7-209
8719,6,9.722186595792628,2024-8-209
8720,2,17.17070466843267,2024-9-209
8721,5,9.880332768879976,2024-10-209
8722,1,8.253106671531796,2024-11-209
8723,0,10.475296628781969,2024-12-209
8724,1,9.485165011283822,2024-13-209
8725,0,5.179944527262713,2024-14-209
8726,3,7.5047025843381165,2024-15-209
8727,1,3.1123387907100835,2024-16-209
8728,0,2.9933078152413812,2024-17-209
8729,0,2.3925360324767517,2024-18-209
8730,0,2.2205499847756967,2024-19-209
8731,1,6.083536167841795,2024-20-209
8732,3,2.639389502724739,2024-21-209
8733,6,2.2436614065400056,2024-22-209
8734,6,0.6764218469667159,2024-23-209
8735,9,0.4063476447336802,2024-24-209
8736,12,0.30733301788055906,2024-25-209
8737,4,5.792849544948284,2024-26-209
8738,19,9.107837022545013,2024-27-209
8739,10,9.400881060716173,2024-28-209
8740,18,11.382494494386023,2024-29-209
8741,11,14.079874446936959,2024-30-209
8742,18,8.822666229820383,2024-31-209
8743,19,21.365389492778828,2024-32-209
8744,12,16.466441861261117,2024-33-209
8745,18,22.45669828519361,2024-34-209
8746,9,12.858063448704222,2024-35-209
8747,6,21.04029444529632,2024-36-209
8748,14,24.764935853142653,2024-37-209
8749,8,14.174049296766247,2024-38-209
8750,9,21.30052948205704,2024-39-209
8751,5,11.466411067009316,2024-40-209
8752,4,9.056430035199767,2024-41-209
8753,4,19.680814724787734,2024-42-209
8754,1,10.35688374899774,2024-43-209
8755,4,10.978425231980985,2024-44-209
8756,1,7.187805335737389,2024-45-209
8757,2,6.238138163860948,2024-46-209
8758,0,6.058000248265874,2024-47-209
8759,0,2.2201094631376175,2024-48-209
8760,0,5.155363640258689,2024-49-209
8761,1,1.413908680970146,2024-50-209
8762,4,1.9133720050675556,2024-51-209
8763,2,1.0676304587859777,2024-52-209
9016,51,55.522188234718186,2024-1-210
9017,51,52.25960235591858,2024-2-210
9018,52,44.059777459794695,2024-3-210
9019,52,20.87751936214154,2024-4-210
9020,45,23.685737283203476,2024-5-210
9021,40,46.31234348014845,2024-6-210
9022,45,48.27582794906925,2024-7-210
9023,32,51.77703863919588,2024-8-210
9024,32,51.27965270253832,2024-9-210
9025,33,51.588823535679005,2024-10-210
9026,16,54.007919867631436,2024-11-210
9027,20,54.178384267418885,2024-12-210
9028,7,26.706102610298117,2024-13-210
9029,18,27.8614053561988,2024-14-210
9030,18,32.01598595031991,2024-15-210
9031,26,22.02695685633893,2024-16-210
9032,19,25.80266016989243,2024-17-210
9033,20,10.624424756112871,2024-18-210
9034,19,26.46019417157443,2024-19-210
9035,14,27.193116483551,2024-20-210
9036,22,32.912284632335556,2024-21-210
9037,26,28.880232311599194,2024-22-210
9038,32,27.532389403377632,2024-23-210
9039,28,27.26164801033539,2024-24-210
9040,38,25.55018632611643,2024-25-210
9041,34,28.48220207584997,2024-26-210
9042,28,30.545307751866797,2024-27-210
9043,36,37.846183581243174,2024-28-210
9044,51,41.87394314581457,2024-29-210
9045,35,52.937349134269425,2024-30-210
9046,64,31.585837329268735,2024-31-210
9047,48,29.3719917860725,2024-32-210
9048,28,37.119633054411004,2024-33-210
9049,48,52.242888933724515,2024-34-210
9050,40,39.32589629015374,2024-35-210
9051,31,61.361663139474814,2024-36-210
9052,31,51.362586896487386,2024-37-210
9053,46,32.73554406325878,2024-38-210
9054,34,51.793136483582,2024-39-210
9055,28,47.211307821059464,2024-40-210
9056,36,37.82337170787713,2024-41-210
9057,21,32.64833262606998,2024-42-210
9058,17,50.950519528567256,2024-43-210
9059,8,34.953362020418645,2024-44-210
9060,18,35.059970219578474,2024-45-210
9061,10,33.59087756567003,2024-46-210
9062,17,21.078377443622667,2024-47-210
9063,13,21.13284104041942,2024-48-210
9064,15,10.295457836613213,2024-49-210
9065,9,19.90706955848601,2024-50-210
9066,5,11.39270989965374,2024-51-210
9067,2,19.66808203535449,2024-52-210
9320,0,1.51028490844381,2024-1-211
9321,0,2.5571010335365294,2024-2-211
9322,0,3.077537788518785,2024-3-211
9323,0,2.1229659533416654,2024-4-211
9324,0,1.6195818965308353,2024-5-211
9325,0,1.5108302496270145,2024-6-211
9326,0,1.5108302496270145,2024-7-211
9327,0,1.5108302496270145,2024-8-211
9328,0,1.5108302496270145,2024-9-211
9329,0,1.5108302496270145,2024-10-211
9330,0,1.5108302496270145,2024-11-211
9331,0,1.5108302496270145,2024-12-211
9332,0,1.5108302496270145,2024-13-211
9333,0,1.5108302496270145,2024-14-211
9334,0,1.6045597927932882,2024-15-211
9335,0,1.5863092289921963,2024-16-211
9336,0,1.6045597927932882,2024-17-211
9337,0,1.7252581913038723,2024-18-211
9338,0,1.6800387721584702,2024-19-211
9339,0,1.489187327125728,2024-20-211
9340,0,1.39262749881797,2024-21-211
9341,0,1.1909482498561064,2024-22-211
9342,0,0.5772297246833045,2024-23-211
9343,0,0.4063476447336802,2024-24-211
9344,0,0.2899380362797201,2024-25-211
9345,0,0.2899380362797201,2024-26-211
9346,0,0.2899380362797201,2024-27-211
9347,0,0.2899380362797201,2024-28-211
9348,0,0.2899380362797201,2024-29-211
9349,0,0.2899380362797201,2024-30-211
9350,0,0.2899380362797201,2024-31-211
9351,0,0.2899380362797201,2024-32-211
9352,0,0.2899380362797201,2024-33-211
9353,0,0.2899380362797201,2024-34-211
9354,0,0.2899380362797201,2024-35-211
9355,0,0.2899380362797201,2024-36-211
9356,1,0.2899380362797201,2024-37-211
9357,0,0.2899380362797201,2024-38-211
9358,0,0.2899380362797201,2024-39-211
9359,0,0.2899380362797201,2024-40-211
9360,0,0.2899380362797201,2024-41-211
9361,0,0.30733301788055906,2024-42-211
9362,0,0.34238009948888204,2024-43-211
9363,0,0.2899380362797201,2024-44-211
9364,0,0.2899380362797201,2024-45-211
9365,0,0.2899380362797201,2024-46-211
9366,0,0.2899380362797201,2024-47-211
9367,0,0.2899380362797201,2024-48-211
9368,0,0.2899380362797201,2024-49-211
9369,0,0.2899380362797201,2024-50-211
9370,0,0.2899380362797201,2024-51-211
9371,0,0.2899380362797201,2024-52-211
9624,0,1.5193579999174245,2024-1-212
9625,1,2.662579607667147,2024-2-212
9626,4,5.437766758493998,2024-3-212
9627,9,2.425410759698662,2024-4-212
9628,6,1.619036555347631,2024-5-212
9629,3,1.5108302496270145,2024-6-212
9630,1,1.5193579999174245,2024-7-212
9631,1,5.884937204281113,2024-8-212
9632,1,10.134453240636157,2024-9-212
9633,2,8.78461084476298,2024-10-212
9634,0,6.925446568436961,2024-11-212
9635,0,2.6228652668319454,2024-12-212
9636,0,1.750685323252311,2024-13-212
9637,0,1.5121025100016299,2024-14-212
9638,0,2.662579607667147,2024-15-212
9639,0,1.8487824393660983,2024-16-212
9640,0,1.5248244968798366,2024-17-212
9641,1,1.6040144516100838,2024-18-212
9642,2,1.5863092289921963,2024-19-212
9643,2,1.3684889286151443,2024-20-212
9644,0,1.3413146468441655,2024-21-212
9645,2,1.0778446411821332,2024-22-212
9646,0,0.5564491395524355,2024-23-212
9647,0,1.9345972253224035,2024-24-212
9648,3,2.470015952020701,2024-25-212
9649,1,1.279680627579622,2024-26-212
9650,0,1.858513473507481,2024-27-212
9651,0,1.0964697981253173,2024-28-212
9652,0,0.5332387997791047,2024-29-212
9653,0,4.729946139444241,2024-30-212
9654,1,2.2206036064141816,2024-31-212
9655,1,1.6905620512077775,2024-32-212
9656,2,0.33698337865371103,2024-33-212
9657,2,0.2899380362797201,2024-34-212
9658,4,0.2899380362797201,2024-35-212
9659,1,0.30733301788055906,2024-36-212
9660,3,0.3597750810897211,2024-37-212
9661,3,1.7360847445546566,2024-38-212
9662,1,2.4328320647074735,2024-39-212
9663,1,5.674543548370318,2024-40-212
9664,0,1.7681302958110054,2024-41-212
9665,0,4.2288964219948175,2024-42-212
9666,2,4.6813466925304725,2024-43-212
9667,1,2.228235778875826,2024-44-212
9668,0,1.2083044123457676,2024-45-212
9669,0,0.3894254418628731,2024-46-212
9670,0,0.2899380362797201,2024-47-212
9671,0,1.4446549397641888,2024-48-212
9672,0,1.029452347722416,2024-49-212
9673,0,0.5856808629882667,2024-50-212
9674,0,0.33698337865371103,2024-51-212
9675,0,0.2899380362797201,2024-52-212
9928,9,11.25650471885308,2024-1-213
9929,0,9.055201083248889,2024-2-213
9930,0,7.519325826025497,2024-3-213
9931,0,6.6373779646684214,2024-4-213
9932,3,3.048464385247879,2024-5-213
9933,0,18.286763475404527,2024-6-213
9934,0,3.145854473965587,2024-7-213
9935,1,2.400373681967257,2024-8-213
9936,0,2.396666043915869,2024-9-213
9937,0,6.437474210025113,2024-10-213
9938,1,2.9826776750450197,2024-11-213
9939,0,2.310747263339642,2024-12-213
9940,0,2.1615603720728567,2024-13-213
9941,0,2.377843474636956,2024-14-213
9942,0,2.384553623369546,2024-15-213
9943,0,2.3193992031173205,2024-16-213
9944,0,2.377843474636956,2024-17-213
9945,0,2.384553623369546,2024-18-213
9946,0,2.384553623369546,2024-19-213
9947,0,2.021729334802938,2024-20-213
9948,0,1.9140083720022956,2024-21-213
9949,1,1.5573751958170925,2024-22-213
9950,1,0.6403501694952978,2024-23-213
9951,1,0.4063476447336802,2024-24-213
9952,1,0.2899380362797201,2024-25-213
9953,0,0.2899380362797201,2024-26-213
9954,0,0.30733301788055906,2024-27-213
9955,0,0.3597750810897211,2024-28-213
9956,3,0.3597750810897211,2024-29-213
9957,0,0.3597750810897211,2024-30-213
9958,1,0.34238009948888204,2024-31-213
9959,0,0.2899380362797201,2024-32-213
9960,0,0.2899380362797201,2024-33-213
9961,1,5.717344039295159,2024-34-213
9962,0,1.7322350942410327,2024-35-213
9963,1,1.0766303456998352,2024-36-213
9964,0,0.3894254418628731,2024-37-213
9965,0,0.2899380362797201,2024-38-213
9966,1,0.30733301788055906,2024-39-213
9967,1,0.34238009948888204,2024-40-213
9968,1,0.30733301788055906,2024-41-213
9969,1,0.34238009948888204,2024-42-213
9970,0,0.2899380362797201,2024-43-213
9971,0,0.30733301788055906,2024-44-213
9972,1,0.3597750810897211,2024-45-213
9973,0,0.3597750810897211,2024-46-213
9974,0,0.3597750810897211,2024-47-213
9975,0,0.34238009948888204,2024-48-213
9976,0,0.2899380362797201,2024-49-213
9977,0,0.30733301788055906,2024-50-213
9978,0,0.34238009948888204,2024-51-213
9979,0,0.2899380362797201,2024-52-213
10232,0,10.519671653997998,2024-1-214
10233,3,13.835297288355186,2024-2-214
10234,2,15.460503713215111,2024-3-214
10235,0,16.18881609226152,2024-4-214
10236,0,24.668028194389443,2024-5-214
10237,0,2.886675872364026,2024-6-214
10238,0,6.541204085453138,2024-7-214
10239,1,3.996893376373297,2024-8-214
10240,3,2.6954291335145917,2024-9-214
10241,0,2.1728851080674034,2024-10-214
10242,1,1.8494680474732732,2024-11-214
10243,0,2.038714320282322,2024-12-214
10244,0,2.1621057132560613,2024-13-214
10245,0,6.099439631718522,2024-14-214
10246,2,3.4464762248911023,2024-15-214
10247,1,2.90322222384217,2024-16-214
10248,1,2.3772981334537517,2024-17-214
10249,1,2.384553623369546,2024-18-214
10250,0,2.384553623369546,2024-19-214
10251,0,3.045795350049209,2024-20-214
10252,2,2.267675706959335,2024-21-214
10253,2,1.6980324713127428,2024-22-214
10254,1,0.7180494746064575,2024-23-214
10255,3,0.4587897079428423,2024-24-214
10256,2,0.2899380362797201,2024-25-214
10257,2,2.1750926987685753,2024-26-214
10258,6,2.8179292920148176,2024-27-214
10259,5,1.288547858890051,2024-28-214
10260,7,5.945048792263848,2024-29-214
10261,16,3.6296187667162756,2024-30-214
10262,7,4.317276605169877,2024-31-214
10263,24,10.711100128645324,2024-32-214
10264,15,14.989330797880454,2024-33-214
10265,26,15.764758838473652,2024-34-214
10266,7,25.730152476832306,2024-35-214
10267,3,10.424282097459395,2024-36-214
10268,3,30.103549357203278,2024-37-214
10269,2,26.417779638388097,2024-38-214
10270,1,32.187208582573334,2024-39-214
10271,5,10.08485430818957,2024-40-214
10272,12,7.066610104661945,2024-41-214
10273,0,5.95201068691944,2024-42-214
10274,3,3.6141970856908814,2024-43-214
10275,7,1.8826984722638784,2024-44-214
10276,5,6.071991519213492,2024-45-214
10277,3,12.529036970556456,2024-46-214
10278,6,2.225270638523926,2024-47-214
10279,5,4.143575315977974,2024-48-214
10280,6,9.044927731881856,2024-49-214
10281,5,6.637264852822904,2024-50-214
10282,2,5.53866999652722,2024-51-214
10283,0,7.533909129768147,2024-52-214
10536,1,5.968356041777068,2024-1-215
10537,2,5.961753809674917,2024-2-215
10538,0,8.96176777056705,2024-3-215
10539,0,5.6630454447119005,2024-4-215
10540,2,3.048464385247879,2024-5-215
10541,0,1.8020589424744602,2024-6-215
10542,0,3.536512396596856,2024-7-215
10543,0,2.46629292864902,2024-8-215
10544,3,2.167572210218473,2024-9-215
10545,0,2.9639887512337424,2024-10-215
10546,1,2.2664489088813933,2024-11-215
10547,1,2.052708567535144,2024-12-215
10548,1,2.1530326217824465,2024-13-215
10549,0,6.099439631718522,2024-14-215
10550,0,3.4464762248911023,2024-15-215
10551,0,2.90322222384217,2024-16-215
10552,0,2.3858258837441615,2024-17-215
10553,0,2.386371224927366,2024-18-215
10554,0,2.377843474636956,2024-19-215
10555,0,2.021729334802938,2024-20-215
10556,0,1.9140083720022956,2024-21-215
10557,1,1.5573751958170925,2024-22-215
10558,0,0.6403501694952978,2024-23-215
10559,0,0.4063476447336802,2024-24-215
10560,0,0.2899380362797201,2024-25-215
10561,0,0.2899380362797201,2024-26-215
10562,0,0.30733301788055906,2024-27-215
10563,0,0.34238009948888204,2024-28-215
10564,0,0.2899380362797201,2024-29-215
10565,0,0.2899380362797201,2024-30-215
10566,0,0.2899380362797201,2024-31-215
10567,1,0.2899380362797201,2024-32-215
10568,0,0.2899380362797201,2024-33-215
10569,0,0.2899380362797201,2024-34-215
10570,0,0.2899380362797201,2024-35-215
10571,0,0.2899380362797201,2024-36-215
10572,1,0.30733301788055906,2024-37-215
10573,0,0.34238009948888204,2024-38-215
10574,1,0.2899380362797201,2024-39-215
10575,2,0.2899380362797201,2024-40-215
10576,1,0.2899380362797201,2024-41-215
10577,2,0.30733301788055906,2024-42-215
10578,0,0.34238009948888204,2024-43-215
10579,2,0.30733301788055906,2024-44-215
10580,1,1.676790326031988,2024-45-215
10581,0,1.029452347722416,2024-46-215
10582,0,1.576702361536202,2024-47-215
10583,1,1.0676304587859777,2024-48-215
10584,0,1.5641003212219342,2024-49-215
10585,0,1.0764976900964067,2024-50-215
10586,0,0.5856808629882667,2024-51-215
10587,1,0.33698337865371103,2024-52-215
10840,7,18.766583216313,2024-1-216
10841,6,17.260410267830203,2024-2-216
10842,1,18.152097291422223,2024-3-216
10843,2,4.607636154541465,2024-4-216
10844,2,2.784977512594226,2024-5-216
10845,3,15.772937024718205,2024-6-216
10846,1,9.033171173392883,2024-7-216
10847,4,2.6616181249726676,2024-8-216
10848,2,3.110363550266972,2024-9-216
10849,4,3.2838463924255503,2024-10-216
10850,2,5.979447862469979,2024-11-216
10851,1,2.3747264884669916,2024-12-216
10852,0,7.296141319556853,2024-13-216
10853,4,4.798323356355631,2024-14-216
10854,2,7.258557246563965,2024-15-216
10855,3,4.893022006432216,2024-16-216
10856,4,2.648097636453633,2024-17-216
10857,3,2.014045635854765,2024-18-216
10858,6,7.502839364076668,2024-19-216
10859,11,4.898402741595852,2024-20-216
10860,14,6.060022605379862,2024-21-216
10861,6,7.897623642203954,2024-22-216
10862,14,8.236742838298275,2024-23-216
10863,20,10.101495861578856,2024-24-216
10864,19,15.742603044518475,2024-25-216
10865,23,28.06745656983185,2024-26-216
10866,15,10.184226294991666,2024-27-216
10867,18,21.31492175242057,2024-28-216
10868,8,27.71407564920507,2024-29-216
10869,8,21.658573753454803,2024-30-216
10870,12,24.245257411032675,2024-31-216
10871,12,21.25339559723372,2024-32-216
10872,10,26.306298821844294,2024-33-216
10873,9,16.365521118986965,2024-34-216
10874,5,10.663763941063483,2024-35-216
10875,8,12.293583767752919,2024-36-216
10876,8,12.80490668179759,2024-37-216
10877,4,12.558594820210523,2024-38-216
10878,2,12.021183237318821,2024-39-216
10879,7,7.887227919977381,2024-40-216
10880,1,10.318227925707669,2024-41-216
10881,4,10.254993651009288,2024-42-216
10882,3,6.991193448219742,2024-43-216
10883,4,4.015621051516556,2024-44-216
10884,2,9.010800755800057,2024-45-216
10885,1,1.6441648527984407,2024-46-216
10886,0,5.184693320651914,2024-47-216
10887,1,5.130409781500885,2024-48-216
10888,3,5.577206376067543,2024-49-216
10889,3,3.753450865516917,2024-50-216
10890,0,1.8826984722638784,2024-51-216
10891,0,0.6327262053622578,2024-52-216
11144,3,1.7302069876742197,2024-1-301
11145,1,5.403109876199612,2024-2-301
11146,0,3.97772890429622,2024-3-301
11147,0,5.168463573740706,2024-4-301
11148,2,2.136881893744158,2024-5-301
11149,1,4.950022331713782,2024-6-301
11150,0,2.122887646491336,2024-7-301
11151,1,1.7291769871025975,2024-8-301
11152,0,1.51028490844381,2024-9-301
11153,0,2.6629040059801015,2024-10-301
11154,1,1.8487824393660983,2024-11-301
11155,0,1.5181143481472466,2024-12-301
11156,1,1.51881265873422,2024-13-301
11157,1,1.5041201008944243,2024-14-301
11158,0,1.5108302496270145,2024-15-301
11159,0,1.5193579999174245,2024-16-301
11160,0,1.5041201008944243,2024-17-301
11161,0,1.5193579999174245,2024-18-301
11162,1,1.5126478511848345,2024-19-301
11163,0,1.3737800627633816,2024-20-301
11164,0,1.2960952276987634,2024-21-301
11165,0,1.0778446411821332,2024-22-301
11166,1,0.5390541579515965,2024-23-301
11167,2,0.40733107467611274,2024-24-301
11168,0,0.34238009948888204,2024-25-301
11169,0,0.2899380362797201,2024-26-301
11170,0,0.2899380362797201,2024-27-301
11171,0,0.30733301788055906,2024-28-301
11172,0,1.8397813990887253,2024-29-301
11173,1,1.0494244557513264,2024-30-301
11174,1,0.5332387997791047,2024-31-301
11175,1,0.33698337865371103,2024-32-301
11176,1,0.2899380362797201,2024-33-301
11177,0,0.2899380362797201,2024-34-301
11178,0,0.30733301788055906,2024-35-301
11179,0,0.3597750810897211,2024-36-301
11180,0,0.3597750810897211,2024-37-301
11181,0,0.3597750810897211,2024-38-301
11182,3,0.34238009948888204,2024-39-301
11183,2,0.2899380362797201,2024-40-301
11184,1,0.2899380362797201,2024-41-301
11185,2,0.2899380362797201,2024-42-301
11186,3,0.2899380362797201,2024-43-301
11187,3,3.9310600710720927,2024-44-301
11188,7,2.896279073255489,2024-45-301
11189,3,1.8221272028473794,2024-46-301
11190,1,1.5504914740891036,2024-47-301
11191,0,3.6508388325980343,2024-48-301
11192,0,4.15262583565719,2024-49-301
11193,7,8.53284682212065,2024-50-301
11194,2,5.121376550953587,2024-51-301
11195,1,2.2201094631376175,2024-52-301
11448,3,3.6011099810430687,2024-1-302
11449,3,6.400777122589563,2024-2-302
11450,1,7.020506641549286,2024-3-302
11451,1,5.207883385012232,2024-4-302
11452,1,2.1045812963900814,2024-5-302
11453,1,4.937776484491608,2024-6-302
11454,1,5.944354669129042,2024-7-302
11455,1,2.989790090581243,2024-8-302
11456,1,1.750685323252311,2024-9-302
11457,0,1.5121025100016299,2024-10-302
11458,2,1.5126478511848345,2024-11-302
11459,2,1.5126478511848345,2024-12-302
11460,5,1.5126478511848345,2024-13-302
11461,0,1.5126478511848345,2024-14-302
11462,0,1.5041201008944243,2024-15-302
11463,0,2.6629040059801015,2024-16-302
11464,2,2.9827616471719085,2024-17-302
11465,0,6.9799964211760654,2024-18-302
11466,1,2.571023088407922,2024-19-302
11467,1,1.7035859845998704,2024-20-302
11468,0,1.3081447897958207,2024-21-302
11469,0,2.857844491527118,2024-22-302
11470,2,1.2325139688783393,2024-23-302
11471,2,0.6262252367898514,2024-24-302
11472,1,0.40682042346371206,2024-25-302
11473,0,0.34238009948888204,2024-26-302
11474,0,0.2899380362797201,2024-27-302
11475,1,1.8271793587744583,2024-28-302
11476,1,2.470015952020701,2024-29-302
11477,1,1.288547858890051,2024-30-302
11478,1,0.6327262053622578,2024-31-302
11479,0,0.33698337865371103,2024-32-302
11480,0,0.30733301788055906,2024-33-302
11481,0,0.3597750810897211,2024-34-302
11482,0,0.3597750810897211,2024-35-302
11483,0,0.3597750810897211,2024-36-302
11484,0,0.34238009948888204,2024-37-302
11485,0,0.2899380362797201,2024-38-302
11486,0,0.2899380362797201,2024-39-302
11487,2,0.2899380362797201,2024-40-302
11488,1,0.2899380362797201,2024-41-302
11489,2,0.2899380362797201,2024-42-302
11490,2,0.2899380362797201,2024-43-302
11491,2,0.2899380362797201,2024-44-302
11492,0,1.5724372669361841,2024-45-302
11493,1,1.029452347722416,2024-46-302
11494,3,1.53220195102717,2024-47-302
11495,0,2.1661011701840436,2024-48-302
11496,0,2.209712026399734,2024-49-302
11497,0,1.2978866306142731,2024-50-302
11498,1,0.5976791237539347,2024-51-302
11499,0,3.375358836295519,2024-52-302
11752,2,6.387395754702128,2024-1-303
11753,4,8.392347057271568,2024-2-303
11754,1,2.8133730393622876,2024-3-303
11755,2,2.0812876051699316,2024-4-303
11756,1,1.51881265873422,2024-5-303
11757,0,2.662579607667147,2024-6-303
11758,2,6.400777122589563,2024-7-303
11759,2,2.5715684295911263,2024-8-303
11760,2,4.63366582510352,2024-9-303
11761,0,1.848237098182894,2024-10-303
11762,0,1.5181143481472466,2024-11-303
11763,1,2.6629040059801015,2024-12-303
11764,0,2.9827616471719085,2024-13-303
11765,0,2.9827616471719085,2024-14-303
11766,0,1.862231345435716,2024-15-303
11767,0,1.5242791556966322,2024-16-303
11768,0,1.51881265873422,2024-17-303
11769,1,1.5041201008944243,2024-18-303
11770,2,1.5108302496270145,2024-19-303
11771,2,1.3684889286151443,2024-20-303
11772,0,1.2960952276987634,2024-21-303
11773,1,1.0778446411821332,2024-22-303
11774,2,0.5564491395524355,2024-23-303
11775,1,1.9345972253224035,2024-24-303
11776,5,2.470015952020701,2024-25-303
11777,2,1.279680627579622,2024-26-303
11778,0,0.5976791237539347,2024-27-303
11779,0,1.8580709221506586,2024-28-303
11780,0,1.0582916870617554,2024-29-303
11781,1,6.389963004051595,2024-30-303
11782,3,4.074709472935628,2024-31-303
11783,4,1.8420993108762898,2024-32-303
11784,4,0.5802841421530957,2024-33-303
11785,1,0.33698337865371103,2024-34-303
11786,5,0.30733301788055906,2024-35-303
11787,3,4.672460986648263,2024-36-303
11788,0,6.755800839934889,2024-37-303
11789,2,7.396145251977192,2024-38-303
11790,5,2.7206938294033325,2024-39-303
11791,11,5.9358868053450555,2024-40-303
11792,4,5.952069348854846,2024-41-303
11793,1,2.254664297394344,2024-42-303
11794,4,2.0039276558872325,2024-43-303
11795,3,5.436387596321705,2024-44-303
11796,4,12.028076239792302,2024-45-303
11797,4,5.719365325221968,2024-46-303
11798,3,2.2201094631376175,2024-47-303
11799,1,4.658996886003383,2024-48-303
11800,5,4.6613931843439165,2024-49-303
11801,7,5.3307612104049005,2024-50-303
11802,3,5.72434189512731,2024-51-303
11803,0,4.665815453002214,2024-52-303
12056,8,14.184801848481998,2024-1-304
12057,9,13.207089209483122,2024-2-304
12058,3,16.663870209080315,2024-3-304
12059,5,7.288739430769493,2024-4-304
12060,2,4.661699193404682,2024-5-304
12061,1,8.933232174913234,2024-6-304
12062,2,10.168939793722775,2024-7-304
12063,4,6.573044399884445,2024-8-304
12064,5,7.551767952874058,2024-9-304
12065,5,4.661699193404682,2024-10-304
12066,2,2.1045812963900814,2024-11-304
12067,7,2.662579607667147,2024-12-304
12068,5,6.019712038909408,2024-13-304
12069,5,7.2132780566800205,2024-14-304
12070,1,7.437696168706611,2024-15-304
12071,8,4.661699193404682,2024-16-304
12072,8,9.494762390972456,2024-17-304
12073,6,8.128280188567764,2024-18-304
12074,13,7.550478234476923,2024-19-304
12075,6,2.5830265400108785,2024-20-304
12076,9,10.365463473590628,2024-21-304
12077,14,10.51667039361189,2024-22-304
12078,12,8.953368901425078,2024-23-304
12079,15,20.297012420955475,2024-24-304
12080,21,9.413935223854004,2024-25-304
12081,11,11.451153441754446,2024-26-304
12082,18,19.398775669647254,2024-27-304
12083,15,13.11134003728347,2024-28-304
12084,32,22.01831700519985,2024-29-304
12085,26,25.534974144744382,2024-30-304
12086,19,13.698280652426407,2024-31-304
12087,36,21.248219373233738,2024-32-304
12088,30,22.746876633857404,2024-33-304
12089,38,32.19599421196326,2024-34-304
12090,40,28.29493541514911,2024-35-304
12091,24,21.507549354734007,2024-36-304
12092,18,42.818117500831285,2024-37-304
12093,13,33.84006734978172,2024-38-304
12094,20,42.071089320315096,2024-39-304
12095,9,41.305476795109705,2024-40-304
12096,10,26.905455898739415,2024-41-304
12097,10,21.155456792244692,2024-42-304
12098,12,20.884333787905263,2024-43-304
12099,5,21.27648246673339,2024-44-304
12100,3,11.272025959354066,2024-45-304
12101,3,11.462588056661138,2024-46-304
12102,3,11.023053726823669,2024-47-304
12103,0,12.34398015272798,2024-48-304
12104,0,6.443109691797475,2024-49-304
12105,0,5.2890397019661135,2024-50-304
12106,2,4.686019393938954,2024-51-304
12107,1,4.1515243930613694,2024-52-304
12360,27,35.768772795779654,2024-1-305
12361,34,46.119398809222965,2024-2-305
12362,27,44.1183045325723,2024-3-305
12363,28,40.04658409759576,2024-4-305
12364,23,19.90510372165129,2024-5-305
12365,15,18.305185682378127,2024-6-305
12366,10,21.758419387750234,2024-7-305
12367,25,22.749811373329006,2024-8-305
12368,23,23.23637898079942,2024-9-305
12369,22,17.83197399975652,2024-10-305
12370,21,20.41793132805433,2024-11-305
12371,19,11.704738768298286,2024-12-305
12372,28,25.362263647148943,2024-13-305
12373,26,22.17877007496942,2024-14-305
12374,22,21.731277412116594,2024-15-305
12375,25,20.72166240252726,2024-16-305
12376,22,21.131764205186347,2024-17-305
12377,28,28.87441698561172,2024-18-305
12378,39,30.967046961977925,2024-19-305
12379,22,23.243877604226427,2024-20-305
12380,34,29.078256959193315,2024-21-305
12381,33,22.04569823098898,2024-22-305
12382,45,27.578171467288485,2024-23-305
12383,46,43.65733903891447,2024-24-305
12384,70,24.14141015086159,2024-25-305
12385,57,31.721905241063887,2024-26-305
12386,65,25.38249757981547,2024-27-305
12387,80,54.54459331963199,2024-28-305
12388,182,49.42529269916449,2024-29-305
12389,171,53.90825995129563,2024-30-305
12390,211,51.099345290608426,2024-31-305
12391,231,50.17012063467831,2024-32-305
12392,217,65.62073095422532,2024-33-305
12393,180,110.23476883299371,2024-34-305
12394,159,118.37942928813072,2024-35-305
12395,130,116.2138741471755,2024-36-305
12396,102,117.7607848350402,2024-37-305
12397,84,110.94023175002484,2024-38-305
12398,81,111.71498588335399,2024-39-305
12399,83,106.29411605764031,2024-40-305
12400,53,110.49085467121587,2024-41-305
12401,40,68.37549062261705,2024-42-305
12402,40,60.94783570913266,2024-43-305
12403,33,59.264024196550146,2024-44-305
12404,12,66.84572385986885,2024-45-305
12405,27,50.45189607619698,2024-46-305
12406,20,44.97711308438495,2024-47-305
12407,9,48.28047539841701,2024-48-305
12408,5,26.79257881627831,2024-49-305
12409,9,12.589011566311864,2024-50-305
12410,8,30.45112208764103,2024-51-305
12411,1,18.61580370693032,2024-52-305
12664,0,1.51028490844381,2024-1-306
12665,1,1.5108302496270145,2024-2-306
12666,0,1.5108302496270145,2024-3-306
12667,0,1.5108302496270145,2024-4-306
12668,0,1.5108302496270145,2024-5-306
12669,0,1.5108302496270145,2024-6-306
12670,0,1.5193579999174245,2024-7-306
12671,0,1.5041201008944243,2024-8-306
12672,0,1.5108302496270145,2024-9-306
12673,0,1.5108302496270145,2024-10-306
12674,0,1.5108302496270145,2024-11-306
12675,0,1.5108302496270145,2024-12-306
12676,0,1.5108302496270145,2024-13-306
12677,0,1.5108302496270145,2024-14-306
12678,0,1.5108302496270145,2024-15-306
12679,0,1.5108302496270145,2024-16-306
12680,0,1.5108302496270145,2024-17-306
12681,0,1.5108302496270145,2024-18-306
12682,0,1.5108302496270145,2024-19-306
12683,0,1.3684889286151443,2024-20-306
12684,0,1.2960952276987634,2024-21-306
12685,0,1.0778446411821332,2024-22-306
12686,0,0.5390541579515965,2024-23-306
12687,0,0.38993609307527377,2024-24-306
12688,1,0.2899380362797201,2024-25-306
12689,0,0.2899380362797201,2024-26-306
12690,0,0.2899380362797201,2024-27-306
12691,0,0.2899380362797201,2024-28-306
12692,0,0.2899380362797201,2024-29-306
12693,0,0.30733301788055906,2024-30-306
12694,0,0.34238009948888204,2024-31-306
12695,0,0.2899380362797201,2024-32-306
12696,0,0.2899380362797201,2024-33-306
12697,0,0.2899380362797201,2024-34-306
12698,0,0.2899380362797201,2024-35-306
12699,0,0.2899380362797201,2024-36-306
12700,0,0.2899380362797201,2024-37-306
12701,0,0.2899380362797201,2024-38-306
12702,0,0.2899380362797201,2024-39-306
12703,0,0.2899380362797201,2024-40-306
12704,0,0.2899380362797201,2024-41-306
12705,0,0.2899380362797201,2024-42-306
12706,0,0.2899380362797201,2024-43-306
12707,0,0.2899380362797201,2024-44-306
12708,0,0.2899380362797201,2024-45-306
12709,1,0.2899380362797201,2024-46-306
12710,0,0.2899380362797201,2024-47-306
12711,0,0.2899380362797201,2024-48-306
12712,0,0.2899380362797201,2024-49-306
12713,0,0.2899380362797201,2024-50-306
12714,0,0.30733301788055906,2024-51-306
12715,0,0.34238009948888204,2024-52-306
12968,0,1.5108302496270145,2024-1-307
12969,0,1.5108302496270145,2024-2-307
12970,1,1.5108302496270145,2024-3-307
12971,1,1.5108302496270145,2024-4-307
12972,0,1.5108302496270145,2024-5-307
12973,0,1.5108302496270145,2024-6-307
12974,0,1.5108302496270145,2024-7-307
12975,0,1.5193579999174245,2024-8-307
12976,0,1.5126478511848345,2024-9-307
12977,0,1.5041201008944243,2024-10-307
12978,0,1.5108302496270145,2024-11-307
12979,0,1.5108302496270145,2024-12-307
12980,0,1.5108302496270145,2024-13-307
12981,0,1.5108302496270145,2024-14-307
12982,0,1.5108302496270145,2024-15-307
12983,0,1.5108302496270145,2024-16-307
12984,0,1.5108302496270145,2024-17-307
12985,0,1.5108302496270145,2024-18-307
12986,0,1.5108302496270145,2024-19-307
12987,0,1.3684889286151443,2024-20-307
12988,1,1.2960952276987634,2024-21-307
12989,0,1.0778446411821332,2024-22-307
12990,0,0.5390541579515965,2024-23-307
12991,0,0.38993609307527377,2024-24-307
12992,0,0.2899380362797201,2024-25-307
12993,1,0.30733301788055906,2024-26-307
12994,0,0.34238009948888204,2024-27-307
12995,0,0.2899380362797201,2024-28-307
12996,1,0.2899380362797201,2024-29-307
12997,2,0.2899380362797201,2024-30-307
12998,0,0.30733301788055906,2024-31-307
12999,1,0.34238009948888204,2024-32-307
13000,0,0.2899380362797201,2024-33-307
13001,0,0.30733301788055906,2024-34-307
13002,0,1.8397813990887253,2024-35-307
13003,0,1.0494244557513264,2024-36-307
13004,0,0.5506337813799438,2024-37-307
13005,0,0.3894254418628731,2024-38-307
13006,0,0.2899380362797201,2024-39-307
13007,0,0.2899380362797201,2024-40-307
13008,1,0.2899380362797201,2024-41-307
13009,0,0.2899380362797201,2024-42-307
13010,0,0.2899380362797201,2024-43-307
13011,0,0.2899380362797201,2024-44-307
13012,0,0.2899380362797201,2024-45-307
13013,0,0.30733301788055906,2024-46-307
13014,0,0.34238009948888204,2024-47-307
13015,1,0.2899380362797201,2024-48-307
13016,0,0.2899380362797201,2024-49-307
13017,0,0.2899380362797201,2024-50-307
13018,0,0.2899380362797201,2024-51-307
13019,0,0.2899380362797201,2024-52-307
13272,0,1.848237098182894,2024-1-308
13273,0,2.662579607667147,2024-2-308
13274,0,4.9572075379713745,2024-3-308
13275,3,2.332530809039201,2024-4-308
13276,0,1.7302069876742197,2024-5-308
13277,0,1.51028490844381,2024-6-308
13278,0,1.5108302496270145,2024-7-308
13279,0,1.5108302496270145,2024-8-308
13280,0,6.71165697798135,2024-9-308
13281,0,2.12343298767454,2024-10-308
13282,0,1.7172264018149161,2024-11-308
13283,0,1.51028490844381,2024-12-308
13284,0,1.5108302496270145,2024-13-308
13285,1,1.5108302496270145,2024-14-308
13286,1,1.5108302496270145,2024-15-308
13287,0,1.5108302496270145,2024-16-308
13288,0,1.5108302496270145,2024-17-308
13289,0,1.5108302496270145,2024-18-308
13290,1,1.5193579999174245,2024-19-308
13291,0,1.3823078130537916,2024-20-308
13292,0,1.301386361847001,2024-21-308
13293,0,1.0778446411821332,2024-22-308
13294,0,0.5390541579515965,2024-23-308
13295,0,0.40733107467611274,2024-24-308
13296,0,0.34238009948888204,2024-25-308
13297,0,0.2899380362797201,2024-26-308
13298,1,0.2899380362797201,2024-27-308
13299,1,0.2899380362797201,2024-28-308
13300,5,0.2899380362797201,2024-29-308
13301,4,0.2899380362797201,2024-30-308
13302,2,0.2899380362797201,2024-31-308
13303,2,0.30733301788055906,2024-32-308
13304,0,0.3597750810897211,2024-33-308
13305,0,6.339456477451149,2024-34-308
13306,0,6.977566794733687,2024-35-308
13307,1,5.698396389103534,2024-36-308
13308,0,2.8238277573133224,2024-37-308
13309,0,1.3267259699536127,2024-38-308
13310,0,0.5802841421530957,2024-39-308
13311,2,0.33698337865371103,2024-40-308
13312,0,0.30733301788055906,2024-41-308
13313,0,0.34238009948888204,2024-42-308
13314,0,0.2899380362797201,2024-43-308
13315,1,0.2899380362797201,2024-44-308
13316,0,1.5724372669361841,2024-45-308
13317,3,1.020585116411987,2024-46-308
13318,4,0.5332387997791047,2024-47-308
13319,0,0.33698337865371103,2024-48-308
13320,2,0.30733301788055906,2024-49-308
13321,2,0.34238009948888204,2024-50-308
13322,2,3.6357585047784857,2024-51-308
13323,2,4.904138054834496,2024-52-308
13576,7,10.928860358476298,2024-1-401
13577,8,9.904768186527454,2024-2-401
13578,8,8.189332106307045,2024-3-401
13579,4,2.68038753824256,2024-4-401
13580,2,1.973840409807642,2024-5-401
13581,7,8.40994509050956,2024-6-401
13582,1,8.933232174913234,2024-7-401
13583,14,9.032910257105014,2024-8-401
13584,0,6.973906729384155,2024-9-401
13585,2,4.661699193404682,2024-10-401
13586,0,8.673330300876673,2024-11-401
13587,0,2.194404165154772,2024-12-401
13588,2,19.24721455784829,2024-13-401
13589,0,2.28290017764221,2024-14-401
13590,1,2.8096032033262865,2024-15-401
13591,0,2.0918705203163164,2024-16-401
13592,0,1.5248244968798366,2024-17-401
13593,0,2.6629040059801015,2024-18-401
13594,0,1.8487824393660983,2024-19-401
13595,0,1.442587788386234,2024-20-401
13596,5,1.3134359239440583,2024-21-401
13597,0,1.0778446411821332,2024-22-401
13598,2,0.5390541579515965,2024-23-401
13599,1,0.38993609307527377,2024-24-401
13600,1,0.2899380362797201,2024-25-401
13601,2,6.343363091886465,2024-26-401
13602,3,1.4908287816087205,2024-27-401
13603,1,2.174297495670617,2024-28-401
13604,4,1.1053370294357463,2024-29-401
13605,3,0.6030758445891058,2024-30-401
13606,0,1.8580709221506586,2024-31-401
13607,5,4.83182255308861,2024-32-401
13608,4,1.721084953437015,2024-33-401
13609,4,6.064869217369776,2024-34-401
13610,0,6.131925525633131,2024-35-401
13611,12,2.283503636733683,2024-36-401
13612,7,6.177972439759576,2024-37-401
13613,8,7.105716402781245,2024-38-401
13614,3,6.839583451031841,2024-39-401
13615,8,2.344074906150182,2024-40-401
13616,4,12.08346631071429,2024-41-401
13617,6,8.886034434124223,2024-42-401
13618,5,9.595823535747734,2024-43-401
13619,6,5.458248731767234,2024-44-401
13620,2,9.4563708793857,2024-45-401
13621,6,5.719054097341663,2024-46-401
13622,2,7.357921118891695,2024-47-401
13623,3,6.0225671046366855,2024-48-401
13624,6,7.480022129460932,2024-49-401
13625,4,3.737593197172454,2024-50-401
13626,3,7.10587120853694,2024-51-401
13627,0,3.377968517305155,2024-52-401
13880,2,4.49723861110199,2024-1-402
13881,1,5.884937204281113,2024-2-402
13882,1,2.296894424895032,2024-3-402
13883,1,1.742157572961901,2024-4-402
13884,1,1.51028490844381,2024-5-402
13885,2,2.6629040059801015,2024-6-402
13886,3,1.8487824393660983,2024-7-402
13887,1,1.5266420984376563,2024-8-402
13888,1,1.5121025100016299,2024-9-402
13889,1,1.5126478511848345,2024-10-402
13890,0,2.662579607667147,2024-11-402
13891,0,4.910607625806246,2024-12-402
13892,0,2.1374272349273626,2024-13-402
13893,0,1.750685323252311,2024-14-402
13894,0,1.5121025100016299,2024-15-402
13895,0,1.5041201008944243,2024-16-402
13896,0,1.5108302496270145,2024-17-402
13897,0,1.5108302496270145,2024-18-402
13898,0,1.5108302496270145,2024-19-402
13899,0,1.3684889286151443,2024-20-402
13900,0,1.2960952276987634,2024-21-402
13901,0,1.0778446411821332,2024-22-402
13902,2,0.5390541579515965,2024-23-402
13903,0,0.38993609307527377,2024-24-402
13904,0,0.2899380362797201,2024-25-402
13905,0,0.2899380362797201,2024-26-402
13906,1,0.2899380362797201,2024-27-402
13907,0,1.8271793587744583,2024-28-402
13908,0,1.0494244557513264,2024-29-402
13909,3,0.5332387997791047,2024-30-402
13910,1,0.33698337865371103,2024-31-402
13911,1,0.30733301788055906,2024-32-402
13912,4,0.34238009948888204,2024-33-402
13913,0,0.2899380362797201,2024-34-402
13914,1,4.711656616382308,2024-35-402
13915,1,1.4908287816087205,2024-36-402
13916,0,1.1477331429292683,2024-37-402
13917,3,5.788139831084054,2024-38-402
13918,0,1.4908287816087205,2024-39-402
13919,0,1.0766303456998352,2024-40-402
13920,1,0.40682042346371206,2024-41-402
13921,0,0.34238009948888204,2024-42-402
13922,1,3.9684853338191313,2024-43-402
13923,1,1.4355609237508624,2024-44-402
13924,0,1.0592353640989962,2024-45-402
13925,0,0.35437836025455005,2024-46-402
13926,0,0.34238009948888204,2024-47-402
13927,0,0.30733301788055906,2024-48-402
13928,0,0.3597750810897211,2024-49-402
13929,0,0.34238009948888204,2024-50-402
13930,0,0.2899380362797201,2024-51-402
13931,0,0.2899380362797201,2024-52-402
14184,2,4.899515805113335,2024-1-403
14185,2,2.122887646491336,2024-2-403
14186,2,1.7172264018149161,2024-3-403
14187,4,1.51028490844381,2024-4-403
14188,1,1.5108302496270145,2024-5-403
14189,1,2.6629040059801015,2024-6-403
14190,0,2.9827616471719085,2024-7-403
14191,0,2.9827616471719085,2024-8-403
14192,0,5.884937204281113,2024-9-403
14193,1,2.194404165154772,2024-10-403
14194,1,1.750685323252311,2024-11-403
14195,0,1.5035747597112197,2024-12-403
14196,1,1.5108302496270145,2024-13-403
14197,0,1.5108302496270145,2024-14-403
14198,0,1.6130875430836986,2024-15-403
14199,0,1.588126830550016,2024-16-403
14200,0,1.597849644060698,2024-17-403
14201,0,1.7337859415942822,2024-18-403
14202,0,1.579599080259606,2024-19-403
14203,0,1.4137083477605465,2024-20-403
14204,0,1.39262749881797,2024-21-403
14205,1,1.1375555559980293,2024-22-403
14206,0,0.5390541579515965,2024-23-403
14207,0,0.4063476447336802,2024-24-403
14208,0,0.2899380362797201,2024-25-403
14209,0,0.2899380362797201,2024-26-403
14210,3,0.30733301788055906,2024-27-403
14211,1,0.34238009948888204,2024-28-403
14212,3,0.2899380362797201,2024-29-403
14213,0,0.2899380362797201,2024-30-403
14214,2,0.2899380362797201,2024-31-403
14215,2,4.872186025930468,2024-32-403
14216,2,1.4908287816087205,2024-33-403
14217,1,5.31147242284253,2024-34-403
14218,6,1.5378741239827114,2024-35-403
14219,4,2.145312093209299,2024-36-403
14220,0,2.5204519800971017,2024-37-403
14221,0,2.4328320647074735,2024-38-403
14222,1,1.3355932012640417,2024-39-403
14223,0,7.598578145154102,2024-40-403
14224,0,7.082516545537827,2024-41-403
14225,0,2.254664297394344,2024-42-403
14226,2,1.1198066335154955,2024-43-403
14227,0,0.35437836025455005,2024-44-403
14228,0,0.34238009948888204,2024-45-403
14229,0,0.2899380362797201,2024-46-403
14230,1,0.2899380362797201,2024-47-403
14231,1,1.4446549397641888,2024-48-403
14232,0,1.020585116411987,2024-49-403
14233,2,0.5332387997791047,2024-50-403
14234,1,0.33698337865371103,2024-51-403
14235,0,0.30733301788055906,2024-52-403
14488,2,3.1472222294746013,2024-1-404
14489,5,2.10915125392459,2024-2-404
14490,4,1.5242791556966322,2024-3-404
14491,5,1.51028490844381,2024-4-404
14492,2,1.5108302496270145,2024-5-404
14493,3,2.6629040059801015,2024-6-404
14494,4,6.118087668873593,2024-7-404
14495,3,6.973906729384155,2024-8-404
14496,2,7.082409836487041,2024-9-404
14497,0,4.661699193404682,2024-10-404
14498,1,4.973359999628866,2024-11-404
14499,2,6.36610040548058,2024-12-404
14500,0,6.336889228101682,2024-13-404
14501,0,3.765570563345762,2024-14-404
14502,1,2.1045812963900814,2024-15-404
14503,0,1.5328069059870422,2024-16-404
14504,0,2.662579607667147,2024-17-404
14505,1,1.8487824393660983,2024-18-404
14506,0,1.5248244968798366,2024-19-404
14507,1,1.3890662410026116,2024-20-404
14508,0,1.301386361847001,2024-21-404
14509,0,1.0778446411821332,2024-22-404
14510,1,0.5564491395524355,2024-23-404
14511,1,0.44237815628443583,2024-24-404
14512,0,0.30733301788055906,2024-25-404
14513,0,0.34238009948888204,2024-26-404
14514,1,0.2899380362797201,2024-27-404
14515,2,0.30733301788055906,2024-28-404
14516,2,0.3597750810897211,2024-29-404
14517,1,0.34238009948888204,2024-30-404
14518,1,0.2899380362797201,2024-31-404
14519,1,0.30733301788055906,2024-32-404
14520,1,1.8397813990887253,2024-33-404
14521,3,2.470015952020701,2024-34-404
14522,3,1.288547858890051,2024-35-404
14523,1,0.6501211869630968,2024-36-404
14524,1,0.40682042346371206,2024-37-404
14525,1,0.3597750810897211,2024-38-404
14526,3,4.580361543791989,2024-39-404
14527,1,5.156211328251626,2024-40-404
14528,2,2.283503636733683,2024-41-404
14529,4,1.2083044123457676,2024-42-404
14530,1,0.40682042346371206,2024-43-404
14531,1,3.8844601589069634,2024-44-404
14532,0,1.4355609237508624,2024-45-404
14533,2,1.8662754962522397,2024-46-404
14534,2,4.689548134679484,2024-47-404
14535,4,1.5971195104244498,2024-48-404
14536,0,1.2083044123457676,2024-49-404
14537,2,0.3894254418628731,2024-50-404
14538,1,1.46860595198726,2024-51-404
14539,0,2.14781164712211,2024-52-404
14792,0,1.5121025100016299,2024-1-405
14793,3,4.887269957891161,2024-2-405
14794,8,3.6011099810430687,2024-3-405
14795,0,2.0916007105307775,2024-4-405
14796,3,1.5242791556966322,2024-5-405
14797,1,1.51028490844381,2024-6-405
14798,0,4.887269957891161,2024-7-405
14799,1,9.032910257105014,2024-8-405
14800,1,2.4237735302498336,2024-9-405
14801,0,4.946115717278465,2024-10-405
14802,0,2.2253779062315955,2024-11-405
14803,0,1.7291769871025975,2024-12-405
14804,0,1.51881265873422,2024-13-405
14805,0,1.5126478511848345,2024-14-405
14806,0,1.5041201008944243,2024-15-405
14807,0,1.5108302496270145,2024-16-405
14808,0,1.5108302496270145,2024-17-405
14809,0,1.5108302496270145,2024-18-405
14810,0,1.5863092289921963,2024-19-405
14811,0,1.3684889286151443,2024-20-405
14812,0,1.3413146468441655,2024-21-405
14813,0,1.0778446411821332,2024-22-405
14814,1,0.5390541579515965,2024-23-405
14815,0,0.4063476447336802,2024-24-405
14816,0,0.2899380362797201,2024-25-405
14817,0,0.2899380362797201,2024-26-405
14818,0,0.2899380362797201,2024-27-405
14819,0,0.30733301788055906,2024-28-405
14820,0,0.34238009948888204,2024-29-405
14821,0,0.2899380362797201,2024-30-405
14822,0,0.2899380362797201,2024-31-405
14823,0,0.2899380362797201,2024-32-405
14824,0,0.2899380362797201,2024-33-405
14825,0,0.2899380362797201,2024-34-405
14826,0,0.2899380362797201,2024-35-405
14827,0,0.2899380362797201,2024-36-405
14828,0,0.2899380362797201,2024-37-405
14829,0,0.2899380362797201,2024-38-405
14830,0,0.2899380362797201,2024-39-405
14831,0,0.2899380362797201,2024-40-405
14832,1,0.2899380362797201,2024-41-405
14833,0,0.2899380362797201,2024-42-405
14834,0,0.2899380362797201,2024-43-405
14835,0,0.2899380362797201,2024-44-405
14836,0,0.2899380362797201,2024-45-405
14837,0,0.30733301788055906,2024-46-405
14838,0,0.34238009948888204,2024-47-405
14839,0,0.2899380362797201,2024-48-405
14840,0,0.2899380362797201,2024-49-405
14841,0,0.2899380362797201,2024-50-405
14842,0,0.2899380362797201,2024-51-405
14843,0,0.2899380362797201,2024-52-405
15096,1,1.5108302496270145,2024-1-406
15097,0,1.5108302496270145,2024-2-406
15098,0,1.5108302496270145,2024-3-406
15099,0,1.5108302496270145,2024-4-406
15100,0,1.5108302496270145,2024-5-406
15101,0,1.5193579999174245,2024-6-406
15102,1,1.5041201008944243,2024-7-406
15103,0,1.5108302496270145,2024-8-406
15104,0,1.5108302496270145,2024-9-406
15105,0,1.5108302496270145,2024-10-406
15106,0,1.5108302496270145,2024-11-406
15107,0,1.5193579999174245,2024-12-406
15108,0,1.5041201008944243,2024-13-406
15109,0,1.5108302496270145,2024-14-406
15110,0,1.5108302496270145,2024-15-406
15111,0,1.5108302496270145,2024-16-406
15112,0,1.5108302496270145,2024-17-406
15113,0,1.5108302496270145,2024-18-406
15114,0,1.5108302496270145,2024-19-406
15115,0,1.3684889286151443,2024-20-406
15116,0,1.2960952276987634,2024-21-406
15117,0,1.0778446411821332,2024-22-406
15118,0,0.5390541579515965,2024-23-406
15119,1,0.38993609307527377,2024-24-406
15120,0,0.2899380362797201,2024-25-406
15121,0,0.2899380362797201,2024-26-406
15122,2,0.2899380362797201,2024-27-406
15123,0,0.2899380362797201,2024-28-406
15124,0,0.30733301788055906,2024-29-406
15125,0,0.34238009948888204,2024-30-406
15126,1,0.2899380362797201,2024-31-406
15127,0,1.8271793587744583,2024-32-406
15128,2,1.0494244557513264,2024-33-406
15129,0,0.5332387997791047,2024-34-406
15130,0,0.33698337865371103,2024-35-406
15131,1,0.30733301788055906,2024-36-406
15132,0,0.34238009948888204,2024-37-406
15133,0,1.7234827042403893,2024-38-406
15134,0,1.0494244557513264,2024-39-406
15135,0,0.5332387997791047,2024-40-406
15136,0,0.35437836025455005,2024-41-406
15137,0,0.34238009948888204,2024-42-406
15138,0,0.2899380362797201,2024-43-406
15139,0,0.2899380362797201,2024-44-406
15140,0,0.2899380362797201,2024-45-406
15141,0,0.2899380362797201,2024-46-406
15142,0,0.2899380362797201,2024-47-406
15143,0,0.2899380362797201,2024-48-406
15144,0,0.2899380362797201,2024-49-406
15145,1,0.2899380362797201,2024-50-406
15146,0,0.2899380362797201,2024-51-406
15147,0,0.2899380362797201,2024-52-406
15400,6,10.064290620807967,2024-1-407
15401,3,6.75086235843166,2024-2-407
15402,2,7.370773343194361,2024-3-407
15403,4,2.7558665176077413,2024-4-407
15404,4,1.787376992107303,2024-5-407
15405,2,7.950578240611808,2024-6-407
15406,1,6.493945680033545,2024-7-407
15407,1,3.765570563345762,2024-8-407
15408,1,6.385851596344435,2024-9-407
15409,1,7.409164831183169,2024-10-407
15410,1,4.661699193404682,2024-11-407
15411,0,2.319009238066939,2024-12-407
15412,0,1.601575736619634,2024-13-407
15413,2,1.6510514723133063,2024-14-407
15414,1,1.7270757928616922,2024-15-407
15415,0,1.68185637371629,2024-16-407
15416,1,1.7185480425712822,2024-17-407
15417,0,1.7252581913038723,2024-18-407
15418,0,2.8532874741258847,2024-19-407
15419,0,1.92319531426402,2024-20-407
15420,0,1.53698405433931,2024-21-407
15421,0,1.232757223896484,2024-22-407
15422,0,0.6222331391662592,2024-23-407
15423,1,0.4063476447336802,2024-24-407
15424,2,0.2899380362797201,2024-25-407
15425,4,0.2899380362797201,2024-26-407
15426,4,0.2899380362797201,2024-27-407
15427,5,0.2899380362797201,2024-28-407
15428,1,0.30733301788055906,2024-29-407
15429,3,2.077713330591484,2024-30-407
15430,3,7.133663052986573,2024-31-407
15431,4,8.190650567124328,2024-32-407
15432,1,8.449720883912459,2024-33-407
15433,10,2.344074906150182,2024-34-407
15434,3,5.760924001250358,2024-35-407
15435,3,6.212161726111941,2024-36-407
15436,3,7.250144942440706,2024-37-407
15437,5,2.344074906150182,2024-38-407
15438,0,11.689675848520055,2024-39-407
15439,3,6.718380541329868,2024-40-407
15440,3,6.004184959867265,2024-41-407
15441,2,5.713133409575111,2024-42-407
15442,3,6.612020082161442,2024-43-407
15443,3,2.288807048292324,2024-44-407
15444,3,4.316794408208016,2024-45-407
15445,4,4.473208048251236,2024-46-407
15446,0,3.1896570986042487,2024-47-407
15447,1,4.217448534319528,2024-48-407
15448,0,4.558680354449017,2024-49-407
15449,2,4.633744072799794,2024-50-407
15450,2,5.540627033532362,2024-51-407
15451,1,2.2201094631376175,2024-52-407
15704,2,20.29200253454055,2024-1-408
15705,4,7.24680779687736,2024-2-408
15706,9,10.35134073778855,2024-3-408
15707,1,2.68038753824256,2024-4-408
15708,9,1.7302069876742197,2024-5-408
15709,4,2.6629040059801015,2024-6-408
15710,0,5.950805854498819,2024-7-408
15711,3,10.202749225696849,2024-8-408
15712,3,2.436754116109137,2024-9-408
15713,2,10.282188045844327,2024-10-408
15714,1,7.174550214230157,2024-11-408
15715,1,2.5929820527812892,2024-12-408
15716,1,5.1122824615818026,2024-13-408
15717,1,5.601706915060602,2024-14-408
15718,3,3.765570563345762,2024-15-408
15719,4,2.273789818921537,2024-16-408
15720,1,1.74052469893131,2024-17-408
15721,0,1.7265304516784878,2024-18-408
15722,0,1.7270757928616922,2024-19-408
15723,0,5.892361618510721,2024-20-408
15724,0,7.214541351798642,2024-21-408
15725,0,2.5462583573265873,2024-22-408
15726,0,1.3677140608086773,2024-23-408
15727,0,0.45339298710767123,2024-24-408
15728,1,0.2899380362797201,2024-25-408
15729,1,0.2899380362797201,2024-26-408
15730,0,0.2899380362797201,2024-27-408
15731,2,0.2899380362797201,2024-28-408
15732,4,0.2899380362797201,2024-29-408
15733,7,0.30733301788055906,2024-30-408
15734,3,0.3597750810897211,2024-31-408
15735,6,0.34238009948888204,2024-32-408
15736,7,1.9231869750967874,2024-33-408
15737,11,6.9786906248917315,2024-34-408
15738,9,9.89813483971734,2024-35-408
15739,5,7.071081644735882,2024-36-408
15740,4,8.844544243050406,2024-37-408
15741,11,9.927040203567117,2024-38-408
15742,2,12.569367324076413,2024-39-408
15743,2,11.176228128512555,2024-40-408
15744,0,7.8399773117048746,2024-41-408
15745,1,7.19445950476799,2024-42-408
15746,1,12.469384585847319,2024-43-408
15747,0,4.015621051516556,2024-44-408
15748,0,2.759051764803077,2024-45-408
15749,1,1.2978866306142731,2024-46-408
15750,0,0.5976791237539347,2024-47-408
15751,0,0.40682042346371206,2024-48-408
15752,0,0.34238009948888204,2024-49-408
15753,1,0.2899380362797201,2024-50-408
15754,0,0.30733301788055906,2024-51-408
15755,1,0.34238009948888204,2024-52-408
16008,3,3.1472222294746013,2024-1-409
16009,1,1.862231345435716,2024-2-409
16010,1,1.5242791556966322,2024-3-409
16011,0,1.51028490844381,2024-4-409
16012,1,1.5108302496270145,2024-5-409
16013,1,4.937776484491608,2024-6-409
16014,0,2.12343298767454,2024-7-409
16015,1,1.7377047373930075,2024-8-409
16016,0,1.5035747597112197,2024-9-409
16017,0,1.5193579999174245,2024-10-409
16018,0,1.5126478511848345,2024-11-409
16019,0,1.5041201008944243,2024-12-409
16020,1,1.5193579999174245,2024-13-409
16021,0,1.5041201008944243,2024-14-409
16022,0,1.6045597927932882,2024-15-409
16023,0,1.5863092289921963,2024-16-409
16024,0,1.6045597927932882,2024-17-409
16025,0,1.7337859415942822,2024-18-409
16026,0,1.579599080259606,2024-19-409
16027,0,1.4137083477605465,2024-20-409
16028,0,1.39262749881797,2024-21-409
16029,1,1.1375555559980293,2024-22-409
16030,0,0.5390541579515965,2024-23-409
16031,0,0.4063476447336802,2024-24-409
16032,0,0.2899380362797201,2024-25-409
16033,0,0.2899380362797201,2024-26-409
16034,1,0.30733301788055906,2024-27-409
16035,0,0.34238009948888204,2024-28-409
16036,0,0.2899380362797201,2024-29-409
16037,0,0.2899380362797201,2024-30-409
16038,1,0.2899380362797201,2024-31-409
16039,1,0.30733301788055906,2024-32-409
16040,1,0.34238009948888204,2024-33-409
16041,2,0.2899380362797201,2024-34-409
16042,3,0.2899380362797201,2024-35-409
16043,2,0.30733301788055906,2024-36-409
16044,1,0.3597750810897211,2024-37-409
16045,0,0.3597750810897211,2024-38-409
16046,3,1.7360847445546566,2024-39-409
16047,2,4.600536663442435,2024-40-409
16048,1,3.135706569434625,2024-41-409
16049,0,1.8826984722638784,2024-42-409
16050,1,0.6327262053622578,2024-43-409
16051,2,3.965918963261195,2024-44-409
16052,0,2.896279073255489,2024-45-409
16053,0,1.8221272028473794,2024-46-409
16054,2,0.6327262053622578,2024-47-409
16055,1,0.35437836025455005,2024-48-409
16056,0,1.4572569800784563,2024-49-409
16057,1,1.020585116411987,2024-50-409
16058,0,0.5332387997791047,2024-51-409
16059,0,1.4629444628261223,2024-52-409
16312,19,23.909038116667404,2024-1-410
16313,15,23.512351693647407,2024-2-410
16314,14,15.786173655693268,2024-3-410
16315,15,9.683409679754837,2024-4-410
16316,14,2.9182321329653926,2024-5-410
16317,13,16.37664060985964,2024-6-410
16318,7,17.602756836370105,2024-7-410
16319,6,16.65039014446276,2024-8-410
16320,4,17.85869021919271,2024-9-410
16321,12,23.565699381620632,2024-10-410
16322,13,17.54555345346723,2024-11-410
16323,10,9.926754772027843,2024-12-410
16324,5,9.196878301568216,2024-13-410
16325,4,8.192883924293442,2024-14-410
16326,8,13.25405597363654,2024-15-410
16327,5,19.6449002884344,2024-16-410
16328,2,13.01873722784255,2024-17-410
16329,6,8.842778596023745,2024-18-410
16330,3,8.67843146333497,2024-19-410
16331,3,10.968239054792882,2024-20-410
16332,7,8.98116559396347,2024-21-410
16333,2,5.161346042203474,2024-22-410
16334,3,9.182938825420436,2024-23-410
16335,7,7.601982188553928,2024-24-410
16336,2,6.794341210499764,2024-25-410
16337,2,10.208434218109455,2024-26-410
16338,5,5.155930804649142,2024-27-410
16339,7,5.97779807220158,2024-28-410
16340,5,10.160963442089551,2024-29-410
16341,2,4.732201197591718,2024-30-410
16342,7,3.141225150517851,2024-31-410
16343,5,7.478071978767901,2024-32-410
16344,9,10.118928266406725,2024-33-410
16345,9,8.591940934965699,2024-34-410
16346,7,4.693974534992574,2024-35-410
16347,5,9.815056219584871,2024-36-410
16348,7,8.25840913365651,2024-37-410
16349,12,11.123724995045874,2024-38-410
16350,4,11.186501798414747,2024-39-410
16351,4,9.834767450549393,2024-40-410
16352,2,7.983094607553396,2024-41-410
16353,2,9.771333799905717,2024-42-410
16354,2,12.93515574308936,2024-43-410
16355,5,6.847276929834286,2024-44-410
16356,11,6.585574830351497,2024-45-410
16357,6,3.707960669438486,2024-46-410
16358,7,2.6471786963723707,2024-47-410
16359,5,2.2953437661907943,2024-48-410
16360,1,5.562113000428997,2024-49-410
16361,6,12.576305866576897,2024-50-410
16362,5,8.321291812946766,2024-51-410
16363,3,9.234070101978146,2024-52-410
16616,18,35.56851659578267,2024-1-501
16617,9,26.784389601772947,2024-2-501
16618,8,17.588555298312293,2024-3-501
16619,8,3.4644163245729414,2024-4-501
16620,5,2.3130235488371045,2024-5-501
16621,6,23.591060217842866,2024-6-501
16622,0,10.629516753012851,2024-7-501
16623,6,9.816450385750798,2024-8-501
16624,2,9.816450385750798,2024-9-501
16625,0,8.518383523043116,2024-10-501
16626,0,9.494585443255078,2024-11-501
16627,0,3.7609236993990214,2024-12-501
16628,1,8.962752614166988,2024-13-501
16629,2,4.949847154090603,2024-14-501
16630,0,3.27242422069085,2024-15-501
16631,0,2.3980025294391636,2024-16-501
16632,2,2.352600840421757,2024-17-501
16633,1,2.393081373659956,2024-18-501
16634,0,3.0151640654208816,2024-19-501
16635,0,2.345945982277627,2024-20-501
16636,2,1.9619554367949177,2024-21-501
16637,0,2.711029190012118,2024-22-501
16638,6,1.342677211732469,2024-23-501
16639,2,0.6776838700565808,2024-24-501
16640,1,0.33698337865371103,2024-25-501
16641,1,2.065111290277217,2024-26-501
16642,2,1.0494244557513264,2024-27-501
16643,2,9.043005737118659,2024-28-501
16644,3,4.467880315600288,2024-29-501
16645,1,1.850966542186719,2024-30-501
16646,3,0.6501211869630968,2024-31-501
16647,1,2.0960028536534177,2024-32-501
16648,0,2.707947883523459,2024-33-501
16649,1,5.884109888166589,2024-34-501
16650,0,1.8144330343314798,2024-35-501
16651,0,5.793574143684806,2024-36-501
16652,0,1.6036065687855188,2024-37-501
16653,0,1.1303381613284293,2024-38-501
16654,4,0.35437836025455005,2024-39-501
16655,2,0.34238009948888204,2024-40-501
16656,7,0.2899380362797201,2024-41-501
16657,7,0.2899380362797201,2024-42-501
16658,1,0.2899380362797201,2024-43-501
16659,0,5.6103651657441205,2024-44-501
16660,2,3.579413869280087,2024-45-501
16661,0,8.995840708303852,2024-46-501
16662,1,9.386596851658126,2024-47-501
16663,0,2.2201094631376175,2024-48-501
16664,3,1.1909094307449286,2024-49-501
16665,0,1.5542376917783205,2024-50-501
16666,1,1.020585116411987,2024-51-501
16667,1,0.5506337813799438,2024-52-501
16920,30,34.26646016425805,2024-1-502
16921,18,27.535397611109232,2024-2-502
16922,10,32.05581620506673,2024-3-502
16923,6,18.712126127930503,2024-4-502
16924,8,9.531186311607321,2024-5-502
16925,1,23.12036874336971,2024-6-502
16926,3,17.53830779078525,2024-7-502
16927,4,11.0551004999084,2024-8-502
16928,1,9.330878315079747,2024-9-502
16929,3,10.000430119470412,2024-10-502
16930,4,3.5125666038395953,2024-11-502
16931,1,6.188680823480394,2024-12-502
16932,1,7.817756129767637,2024-13-502
16933,1,3.641424844057035,2024-14-502
16934,3,6.321678058449849,2024-15-502
16935,1,7.97471856851702,2024-16-502
16936,0,3.641424844057035,2024-17-502
16937,0,3.0018355655317905,2024-18-502
16938,1,2.354418441979577,2024-19-502
16939,0,6.290624015098732,2024-20-502
16940,0,2.5616793224396797,2024-21-502
16941,3,2.400954896401265,2024-22-502
16942,6,0.6764218469667159,2024-23-502
16943,3,0.4237426263345192,2024-24-502
16944,10,0.34238009948888204,2024-25-502
16945,3,0.2899380362797201,2024-26-502
16946,5,5.906280202724268,2024-27-502
16947,3,9.262013598862818,2024-28-502
16948,2,7.404047773189432,2024-29-502
16949,3,12.835485335889718,2024-30-502
16950,2,7.2873013685313,2024-31-502
16951,2,7.917176319352285,2024-32-502
16952,0,7.4048166983611985,2024-33-502
16953,0,3.9432270342987072,2024-34-502
16954,6,6.111015896686364,2024-35-502
16955,5,3.5255848299301715,2024-36-502
16956,3,2.964037929060215,2024-37-502
16957,2,1.3267259699536127,2024-38-502
16958,10,0.5802841421530957,2024-39-502
16959,1,8.539458847161805,2024-40-502
16960,3,8.119348182618719,2024-41-502
16961,2,6.4056108047680915,2024-42-502
16962,2,3.5103336322223164,2024-43-502
16963,4,11.03580149735796,2024-44-502
16964,0,1.712862437953148,2024-45-502
16965,0,4.097286631693151,2024-46-502
16966,4,2.817053118427077,2024-47-502
16967,0,2.606047367090341,2024-48-502
16968,3,5.31427421699215,2024-49-502
16969,1,1.6441648527984407,2024-50-502
16970,0,1.1198066335154955,2024-51-502
16971,1,4.980676937191442,2024-52-502
17224,4,34.48421576989633,2024-1-503
17225,3,32.95263073082146,2024-2-503
17226,2,27.895985089904087,2024-3-503
17227,3,25.863697504778965,2024-4-503
17228,1,17.357419135368616,2024-5-503
17229,3,8.361545122713174,2024-6-503
17230,2,7.502835903530988,2024-7-503
17231,2,4.115051220155515,2024-8-503
17232,1,6.222017972942513,2024-9-503
17233,4,2.5106332692681814,2024-10-503
17234,0,6.133286412053147,2024-11-503
17235,2,3.9505906378528226,2024-12-503
17236,1,3.8546384844208705,2024-13-503
17237,1,2.591945816516205,2024-14-503
17238,0,7.384340596242192,2024-15-503
17239,1,3.0983445434572614,2024-16-503
17240,0,3.555938748627376,2024-17-503
17241,1,2.6830411815706032,2024-18-503
17242,1,2.3689580304156035,2024-19-503
17243,2,2.0390700310482326,2024-20-503
17244,2,1.9225361222927055,2024-21-503
17245,2,1.5626663299653298,2024-22-503
17246,6,0.6577451510961366,2024-23-503
17247,6,0.47618468954368126,2024-24-503
17248,5,2.140866144342367,2024-25-503
17249,4,2.7711006972743415,2024-26-503
17250,2,2.7711006972743415,2024-27-503
17251,3,8.961488600595587,2024-28-503
17252,4,9.367881349629428,2024-29-503
17253,3,8.590772897466268,2024-30-503
17254,2,8.26818628950183,2024-31-503
17255,6,4.691881361956936,2024-32-503
17256,10,5.97779807220158,2024-33-503
17257,2,7.704419083339563,2024-34-503
17258,2,7.356420786805088,2024-35-503
17259,3,3.7907971859564906,2024-36-503
17260,2,8.755449429385429,2024-37-503
17261,4,11.62709679602916,2024-38-503
17262,1,4.471128389405037,2024-39-503
17263,6,2.9183330327802666,2024-40-503
17264,2,5.505060497498281,2024-41-503
17265,4,3.2369437328159547,2024-42-503
17266,4,5.942282606873008,2024-43-503
17267,4,1.7591651764736225,2024-44-503
17268,6,7.647031002347502,2024-45-503
17269,5,3.3228681021438513,2024-46-503
17270,6,5.2725378158654905,2024-47-503
17271,3,6.058000248265874,2024-48-503
17272,12,6.011711563981051,2024-49-503
17273,4,8.49241628882234,2024-50-503
17274,4,7.058300641078505,2024-51-503
17275,4,8.026283597933096,2024-52-503
17528,9,18.55334528430996,2024-1-504
17529,9,18.597700279872093,2024-2-504
17530,6,17.869763569427423,2024-3-504
17531,5,15.75612616020529,2024-4-504
17532,1,8.555745668435112,2024-5-504
17533,1,10.948270490554018,2024-6-504
17534,2,10.61304407545968,2024-7-504
17535,2,9.226337401507614,2024-8-504
17536,1,8.523298161742343,2024-9-504
17537,0,3.4289552845209714,2024-10-504
17538,0,2.5849558755570414,2024-11-504
17539,1,3.0314882844312883,2024-12-504
17540,0,3.3127510335812285,2024-13-504
17541,0,2.6975807700066294,2024-14-504
17542,0,2.359884938941989,2024-15-504
17543,1,2.3840082821863415,2024-16-504
17544,0,2.393081373659956,2024-17-504
17545,0,2.377843474636956,2024-18-504
17546,0,2.3531461816049615,2024-19-504
17547,0,2.021729334802938,2024-20-504
17548,0,1.8911286805281207,2024-21-504
17549,0,1.5626663299653298,2024-22-504
17550,1,0.6403501694952978,2024-23-504
17551,1,0.4063476447336802,2024-24-504
17552,0,0.2899380362797201,2024-25-504
17553,0,0.2899380362797201,2024-26-504
17554,0,0.2899380362797201,2024-27-504
17555,2,0.30733301788055906,2024-28-504
17556,0,0.3597750810897211,2024-29-504
17557,0,0.34238009948888204,2024-30-504
17558,1,0.2899380362797201,2024-31-504
17559,3,0.2899380362797201,2024-32-504
17560,0,2.1282641040280996,2024-33-504
17561,1,1.0494244557513264,2024-34-504
17562,1,0.5332387997791047,2024-35-504
17563,0,0.35437836025455005,2024-36-504
17564,1,5.718726946431717,2024-37-504
17565,0,1.6028639649320022,2024-38-504
17566,1,1.1422671365692547,2024-39-504
17567,0,0.40682042346371206,2024-40-504
17568,1,0.34238009948888204,2024-41-504
17569,0,0.30733301788055906,2024-42-504
17570,0,0.34238009948888204,2024-43-504
17571,0,0.30733301788055906,2024-44-504
17572,2,0.34238009948888204,2024-45-504
17573,1,0.30733301788055906,2024-46-504
17574,0,0.34238009948888204,2024-47-504
17575,1,0.2899380362797201,2024-48-504
17576,1,0.2899380362797201,2024-49-504
17577,0,1.5131063624962917,2024-50-504
17578,0,1.029452347722416,2024-51-504
17579,0,0.5856808629882667,2024-52-504
17832,3,36.50735311707238,2024-1-505
17833,5,32.47565887182544,2024-2-505
17834,5,16.839769583465117,2024-3-505
17835,4,3.9480032775626968,2024-4-505
17836,2,2.6165881231462786,2024-5-505
17837,4,6.018740730482238,2024-6-505
17838,3,7.835831824098383,2024-7-505
17839,3,8.460145347991459,2024-8-505
17840,1,8.304171464868668,2024-9-505
17841,4,5.64240146687127,2024-10-505
17842,4,7.213373529858217,2024-11-505
17843,4,7.821457626897463,2024-12-505
17844,2,6.817622068919467,2024-13-505
17845,3,3.674593338790784,2024-14-505
17846,4,7.368016377231785,2024-15-505
17847,2,8.754307248638586,2024-16-505
17848,0,8.754307248638586,2024-17-505
17849,1,5.64240146687127,2024-18-505
17850,0,6.289772216999703,2024-19-505
17851,0,7.958394349506612,2024-20-505
17852,3,5.64240146687127,2024-21-505
17853,0,2.899295008273286,2024-22-505
17854,3,0.8758957517765991,2024-23-505
17855,1,0.5058350503168332,2024-24-505
17856,0,0.2899380362797201,2024-25-505
17857,2,5.889955983713861,2024-26-505
17858,3,1.6028639649320022,2024-27-505
17859,4,5.980883213476544,2024-28-505
17860,1,1.649909307305993,2024-29-505
17861,1,1.1303381613284293,2024-30-505
17862,1,2.08340081333915,2024-31-505
17863,3,5.884109888166589,2024-32-505
17864,0,7.700049568995508,2024-33-505
17865,0,2.4561100894734644,2024-34-505
17866,0,1.2083044123457676,2024-35-505
17867,1,0.40682042346371206,2024-36-505
17868,1,5.614186032859585,2024-37-505
17869,2,1.6028639649320022,2024-38-505
17870,1,1.1248721549684157,2024-39-505
17871,1,0.33698337865371103,2024-40-505
17872,3,0.30733301788055906,2024-41-505
17873,2,0.3597750810897211,2024-42-505
17874,1,1.676790326031988,2024-43-505
17875,1,1.029452347722416,2024-44-505
17876,0,0.6030758445891058,2024-45-505
17877,1,3.981077361009346,2024-46-505
17878,0,2.7759217891450483,2024-47-505
17879,0,1.8221272028473794,2024-48-505
17880,0,0.6501211869630968,2024-49-505
17881,5,0.3894254418628731,2024-50-505
17882,0,0.30733301788055906,2024-51-505
17883,3,0.34238009948888204,2024-52-505
18136,24,22.16515893583007,2024-1-506
18137,17,31.18137602215456,2024-2-506
18138,10,27.536722743024804,2024-3-506
18139,10,3.595785560245169,2024-4-506
18140,10,2.585180681381694,2024-5-506
18141,3,23.976506977368512,2024-6-506
18142,8,18.757643092727655,2024-7-506
18143,3,11.670408644526196,2024-8-506
18144,0,11.83493677002462,2024-9-506
18145,0,12.466884067724243,2024-10-506
18146,0,7.788313093040449,2024-11-506
18147,3,10.411432772831155,2024-12-506
18148,0,7.683772179468315,2024-13-506
18149,0,3.674593338790784,2024-14-506
18150,2,3.0524400479293745,2024-15-506
18151,0,2.3840082821863415,2024-16-506
18152,0,6.290624015098732,2024-17-506
18153,0,3.041367613229852,2024-18-506
18154,1,2.936969202329811,2024-19-506
18155,4,3.045795350049209,2024-20-506
18156,5,2.2362682651947505,2024-21-506
18157,7,1.6753463555636665,2024-22-506
18158,10,0.6764218469667159,2024-23-506
18159,3,0.4237426263345192,2024-24-506
18160,4,7.256565404267059,2024-25-506
18161,1,8.923120085813103,2024-26-506
18162,1,10.215443465458673,2024-27-506
18163,2,13.051004786065107,2024-28-506
18164,9,7.836369193043411,2024-29-506
18165,4,7.696045833773579,2024-30-506
18166,5,2.3903776446706564,2024-31-506
18167,1,1.2083044123457676,2024-32-506
18168,4,2.1591556674043004,2024-33-506
18169,7,11.354018063453738,2024-34-506
18170,8,8.38325462073751,2024-35-506
18171,5,8.477858614567456,2024-36-506
18172,5,2.5217468803428833,2024-37-506
18173,11,6.729894324045391,2024-38-506
18174,3,10.097985328086493,2024-39-506
18175,5,10.44264433339573,2024-40-506
18176,6,8.251348359758245,2024-41-506
18177,6,7.6299321738242,2024-42-506
18178,3,14.747806813790689,2024-43-506
18179,3,6.149673497697579,2024-44-506
18180,2,6.466233027806035,2024-45-506
18181,3,8.139593082588897,2024-46-506
18182,4,8.244443393825266,2024-47-506
18183,6,5.593621796135432,2024-48-506
18184,6,4.918306886023128,2024-49-506
18185,3,3.276278623964709,2024-50-506
18186,0,4.43589014614941,2024-51-506
18187,0,5.546273427291924,2024-52-506
18440,38,30.434874333407624,2024-1-507
18441,24,29.35652587147173,2024-2-507
18442,14,29.279046149838354,2024-3-507
18443,29,29.090318724082376,2024-4-507
18444,27,19.50594589634042,2024-5-507
18445,15,28.65782098320542,2024-6-507
18446,11,19.05813569770606,2024-7-507
18447,8,19.9580912207644,2024-8-507
18448,3,26.007302443535394,2024-9-507
18449,3,29.43816927120763,2024-10-507
18450,2,28.482508904020733,2024-11-507
18451,2,14.503820852907715,2024-12-507
18452,0,10.729448956704646,2024-13-507
18453,2,7.9161903402194636,2024-14-507
18454,0,6.881721494024033,2024-15-507
18455,0,4.577007489812083,2024-16-507
18456,0,3.901467079161346,2024-17-507
18457,0,2.697035428823425,2024-18-507
18458,0,3.0786412774847185,2024-19-507
18459,2,2.3579955443746847,2024-20-507
18460,0,1.9619554367949177,2024-21-507
18461,0,1.5817891882566313,2024-22-507
18462,0,0.6403501694952978,2024-23-507
18463,1,0.4063476447336802,2024-24-507
18464,1,2.1282641040280996,2024-25-507
18465,1,1.0494244557513264,2024-26-507
18466,0,0.5332387997791047,2024-27-507
18467,1,0.33698337865371103,2024-28-507
18468,4,0.30733301788055906,2024-29-507
18469,0,0.3597750810897211,2024-30-507
18470,1,0.3597750810897211,2024-31-507
18471,0,0.34238009948888204,2024-32-507
18472,0,0.30733301788055906,2024-33-507
18473,1,7.256565404267059,2024-34-507
18474,1,1.6028639649320022,2024-35-507
18475,1,1.0766303456998352,2024-36-507
18476,1,0.3894254418628731,2024-37-507
18477,0,0.2899380362797201,2024-38-507
18478,3,0.30733301788055906,2024-39-507
18479,4,0.3597750810897211,2024-40-507
18480,2,0.3597750810897211,2024-41-507
18481,1,0.3597750810897211,2024-42-507
18482,5,0.34238009948888204,2024-43-507
18483,4,4.510496557793866,2024-44-507
18484,4,6.011509871506795,2024-45-507
18485,2,3.6668293401564562,2024-46-507
18486,1,1.8826984722638784,2024-47-507
18487,2,5.719971626578707,2024-48-507
18488,2,6.301203840331239,2024-49-507
18489,1,6.111149976449497,2024-50-507
18490,1,3.791151311909628,2024-51-507
18491,1,1.8826984722638784,2024-52-507
18744,2,10.757848451577065,2024-1-508
18745,6,17.981210019133638,2024-2-508
18746,2,9.531186311607321,2024-3-508
18747,3,3.4409996715269657,2024-4-508
18748,0,2.1882683514844996,2024-5-508
18749,0,2.9639887512337424,2024-6-508
18750,0,8.646840694626484,2024-7-508
18751,1,4.798323356355631,2024-8-508
18752,0,6.08880014845773,2024-9-508
18753,1,2.351309835421016,2024-10-508
18754,1,1.9446349293510772,2024-11-508
18755,0,1.7247128501206677,2024-12-508
18756,0,1.7337859415942822,2024-13-508
18757,0,1.7185480425712822,2024-14-508
18758,0,1.8585411389468875,2024-15-508
18759,0,1.7270757928616922,2024-16-508
18760,0,1.8433032399238878,2024-17-508
18761,0,1.8500133886564776,2024-18-508
18762,0,1.9180771158967562,2024-19-508
18763,0,1.7246472900223784,2024-20-508
18764,0,1.4757550666798414,2024-21-508
18765,0,1.214364902902082,2024-22-508
18766,0,0.5980004931273565,2024-23-508
18767,2,0.4063476447336802,2024-24-508
18768,1,0.2899380362797201,2024-25-508
18769,0,0.2899380362797201,2024-26-508
18770,0,0.2899380362797201,2024-27-508
18771,0,0.2899380362797201,2024-28-508
18772,1,2.1282641040280996,2024-29-508
18773,1,1.0582916870617554,2024-30-508
18774,3,0.5856808629882667,2024-31-508
18775,1,0.33698337865371103,2024-32-508
18776,3,0.2899380362797201,2024-33-508
18777,7,0.30733301788055906,2024-34-508
18778,1,0.3597750810897211,2024-35-508
18779,4,5.67992917099571,2024-36-508
18780,1,1.4908287816087205,2024-37-508
18781,4,5.499460826681367,2024-38-508
18782,9,9.955928170892145,2024-39-508
18783,5,2.283503636733683,2024-40-508
18784,9,6.512389453274405,2024-41-508
18785,3,1.5090347846433718,2024-42-508
18786,5,5.7888406130226455,2024-43-508
18787,3,10.717118316968573,2024-44-508
18788,4,7.074276879464935,2024-45-508
18789,4,10.964070194835148,2024-46-508
18790,3,5.412008060094537,2024-47-508
18791,3,6.035288521759053,2024-48-508
18792,1,5.355675471082837,2024-49-508
18793,2,5.679175312072862,2024-50-508
18794,0,6.126457384593208,2024-51-508
18795,1,5.031516566876091,2024-52-508
19048,6,9.130277612158464,2024-1-509
19049,2,9.375363243925314,2024-2-509
19050,3,10.065672882342822,2024-3-509
19051,4,5.508968130265873,2024-4-509
19052,1,6.08880014845773,2024-5-509
19053,1,8.817452644814534,2024-6-509
19054,0,4.962783938658323,2024-7-509
19055,1,6.08880014845773,2024-8-509
19056,0,7.513647423099745,2024-9-509
19057,0,2.6745987108319706,2024-10-509
19058,0,1.988529917975144,2024-11-509
19059,0,1.8427578987406832,2024-12-509
19060,0,1.8273769306386396,2024-13-509
19061,0,2.0765410821136543,2024-14-509
19062,0,2.007306878517737,2024-15-509
19063,0,2.271952162472088,2024-16-509
19064,0,2.153577962965651,2024-17-509
19065,0,2.227260133508287,2024-18-509
19066,0,2.227260133508287,2024-19-509
19067,0,1.8644358449416782,2024-20-509
19068,1,1.6863881500216287,2024-21-509
19069,0,1.214364902902082,2024-22-509
19070,0,0.6403501694952978,2024-23-509
19071,1,0.4063476447336802,2024-24-509
19072,0,0.2899380362797201,2024-25-509
19073,0,0.30733301788055906,2024-26-509
19074,0,0.34238009948888204,2024-27-509
19075,1,0.2899380362797201,2024-28-509
19076,0,0.30733301788055906,2024-29-509
19077,1,0.34238009948888204,2024-30-509
19078,7,0.2899380362797201,2024-31-509
19079,1,0.2899380362797201,2024-32-509
19080,0,0.30733301788055906,2024-33-509
19081,0,0.34238009948888204,2024-34-509
19082,0,0.30733301788055906,2024-35-509
19083,0,9.733539083061798,2024-36-509
19084,1,1.5371315201291944,2024-37-509
19085,0,1.1303381613284293,2024-38-509
19086,0,0.33698337865371103,2024-39-509
19087,0,0.2899380362797201,2024-40-509
19088,0,0.2899380362797201,2024-41-509
19089,0,0.30733301788055906,2024-42-509
19090,0,0.34238009948888204,2024-43-509
19091,0,0.2899380362797201,2024-44-509
19092,0,0.2899380362797201,2024-45-509
19093,1,0.2899380362797201,2024-46-509
19094,0,0.2899380362797201,2024-47-509
19095,1,0.2899380362797201,2024-48-509
19096,0,0.2899380362797201,2024-49-509
19097,0,0.2899380362797201,2024-50-509
19098,0,0.30733301788055906,2024-51-509
19099,2,0.34238009948888204,2024-52-509
19352,22,48.47379021122616,2024-1-510
19353,13,35.15677385771405,2024-2-510
19354,9,33.87812856971197,2024-3-510
19355,4,31.799754707264306,2024-4-510
19356,9,20.582251736759414,2024-5-510
19357,5,18.231547258530448,2024-6-510
19358,3,16.06130358276364,2024-7-510
19359,2,10.276745543615789,2024-8-510
19360,1,8.338647367706901,2024-9-510
19361,0,11.079916616873374,2024-10-510
19362,1,8.44479620868238,2024-11-510
19363,2,7.626211464520225,2024-12-510
19364,1,4.226990749545409,2024-13-510
19365,2,2.7084097193738956,2024-14-510
19366,1,2.04545307761935,2024-15-510
19367,2,2.2799345715792936,2024-16-510
19368,0,3.0314882844312883,2024-17-510
19369,0,2.6835865227538074,2024-18-510
19370,0,3.078316879171764,2024-19-510
19371,0,2.200702054513425,2024-20-510
19372,1,2.9283873947375088,2024-21-510
19373,2,2.0297191298383375,2024-22-510
19374,4,0.8224290927043418,2024-23-510
19375,2,0.45339298710767123,2024-24-510
19376,3,0.2899380362797201,2024-25-510
19377,1,0.30733301788055906,2024-26-510
19378,2,2.187694739082843,2024-27-510
19379,0,7.427368812563162,2024-28-510
19380,0,4.559046344809712,2024-29-510
19381,0,5.93119816003645,2024-30-510
19382,1,1.8144330343314798,2024-31-510
19383,1,2.5062738043004593,2024-32-510
19384,1,1.0964697981253173,2024-33-510
19385,3,0.5332387997791047,2024-34-510
19386,3,0.33698337865371103,2024-35-510
19387,3,0.30733301788055906,2024-36-510
19388,7,0.3597750810897211,2024-37-510
19389,1,0.3597750810897211,2024-38-510
19390,1,5.502847298700752,2024-39-510
19391,2,6.204047862833919,2024-40-510
19392,4,6.281930500925513,2024-41-510
19393,4,9.513509740406654,2024-42-510
19394,1,2.400746577682218,2024-43-510
19395,1,1.3162299442606613,2024-44-510
19396,1,1.717921655314017,2024-45-510
19397,0,5.229296893092629,2024-46-510
19398,4,5.993422040919117,2024-47-510
19399,0,2.2201094631376175,2024-48-510
19400,3,1.2083044123457676,2024-49-510
19401,0,0.40682042346371206,2024-50-510
19402,0,0.34238009948888204,2024-51-510
19403,0,4.916098729844685,2024-52-510
19656,0,2.0866270340889317,2024-1-511
19657,0,1.7711968418930801,2024-2-511
19658,0,1.7414193544340535,2024-3-511
19659,0,1.7572025946402579,2024-4-511
19660,0,1.7419646956172579,2024-5-511
19661,0,1.7486748443498479,2024-6-511
19662,0,1.7486748443498479,2024-7-511
19663,0,1.7486748443498479,2024-8-511
19664,0,1.8188491803482296,2024-9-511
19665,0,1.7486748443498479,2024-10-511
19666,0,1.8500133886564776,2024-11-511
19667,0,2.007306878517737,2024-12-511
19668,0,1.8500133886564776,2024-13-511
19669,0,2.2794640110623257,2024-14-511
19670,1,2.3531461816049615,2024-15-511
19671,0,2.3108714528269103,2024-16-511
19672,0,2.3531461816049615,2024-17-511
19673,1,2.384553623369546,2024-18-511
19674,0,2.3531461816049615,2024-19-511
19675,0,2.0302570850933477,2024-20-511
19676,1,1.8878920643859483,2024-21-511
19677,0,1.4000817059558333,2024-22-511
19678,0,0.6577451510961366,2024-23-511
19679,0,0.4587897079428423,2024-24-511
19680,0,0.2899380362797201,2024-25-511
19681,0,0.30733301788055906,2024-26-511
19682,0,0.34238009948888204,2024-27-511
19683,0,0.2899380362797201,2024-28-511
19684,1,0.2899380362797201,2024-29-511
19685,0,0.2899380362797201,2024-30-511
19686,0,0.2899380362797201,2024-31-511
19687,0,0.2899380362797201,2024-32-511
19688,0,0.2899380362797201,2024-33-511
19689,0,0.30733301788055906,2024-34-511
19690,1,0.34238009948888204,2024-35-511
19691,0,0.2899380362797201,2024-36-511
19692,0,0.2899380362797201,2024-37-511
19693,0,0.2899380362797201,2024-38-511
19694,0,0.2899380362797201,2024-39-511
19695,0,0.30733301788055906,2024-40-511
19696,0,0.34238009948888204,2024-41-511
19697,0,0.2899380362797201,2024-42-511
19698,1,0.2899380362797201,2024-43-511
19699,0,0.2899380362797201,2024-44-511
19700,0,0.2899380362797201,2024-45-511
19701,0,0.2899380362797201,2024-46-511
19702,1,0.2899380362797201,2024-47-511
19703,1,0.30733301788055906,2024-48-511
19704,0,0.34238009948888204,2024-49-511
19705,0,0.2899380362797201,2024-50-511
19706,0,0.2899380362797201,2024-51-511
19707,0,0.30733301788055906,2024-52-511
19960,34,53.11143469740887,2024-1-601
19961,26,88.65698050673777,2024-2-601
19962,39,67.28460870837088,2024-3-601
19963,36,64.12835866240624,2024-4-601
19964,42,48.66237190343889,2024-5-601
19965,49,25.938851904798945,2024-6-601
19966,24,20.749201879556537,2024-7-601
19967,27,38.41870055681157,2024-8-601
19968,17,36.90306459165488,2024-9-601
19969,12,46.312954331006495,2024-10-601
19970,10,49.371676102335385,2024-11-601
19971,9,24.563114997519087,2024-12-601
19972,14,28.14118903944841,2024-13-601
19973,6,21.956052148558662,2024-14-601
19974,6,14.055461075266829,2024-15-601
19975,3,12.42911776789446,2024-16-601
19976,5,11.912514112394817,2024-17-601
19977,3,21.59366116681403,2024-18-601
19978,7,9.859556249443504,2024-19-601
19979,3,9.7037331817615,2024-20-601
19980,8,7.842751347662663,2024-21-601
19981,4,8.135300745927275,2024-22-601
19982,14,7.842751347662663,2024-23-601
19983,12,10.150493216702452,2024-24-601
19984,21,7.585588833975712,2024-25-601
19985,22,10.761680743985819,2024-26-601
19986,14,8.444832072786907,2024-27-601
19987,8,22.13218161731459,2024-28-601
19988,16,15.023392411660561,2024-29-601
19989,14,25.10272134615981,2024-30-601
19990,17,24.134306863841747,2024-31-601
19991,9,20.61669388044412,2024-32-601
19992,16,10.816012644198842,2024-33-601
19993,21,21.041410010603567,2024-34-601
19994,14,21.038943242549422,2024-35-601
19995,11,22.23130161307305,2024-36-601
19996,2,11.62502067888708,2024-37-601
19997,15,21.46687504267435,2024-38-601
19998,7,23.154578681564395,2024-39-601
19999,9,20.366140148682206,2024-40-601
20000,11,12.762297346409177,2024-41-601
20001,5,4.2509259738561,2024-42-601
20002,17,21.10464955708212,2024-43-601
20003,9,9.544911936052896,2024-44-601
20004,4,11.118802315268995,2024-45-601
20005,8,11.921297039703695,2024-46-601
20006,6,6.633070716689409,2024-47-601
20007,5,20.414036742664283,2024-48-601
20008,3,11.202888614538727,2024-49-601
20009,11,6.464501140214241,2024-50-601
20010,6,10.013789060420194,2024-51-601
20011,11,8.090300899366381,2024-52-601
20264,20,21.05283198627967,2024-1-602
20265,14,16.735115654940444,2024-2-602
20266,14,17.551055756941707,2024-3-602
20267,27,17.48126620912723,2024-4-602
20268,17,2.9959423132504512,2024-5-602
20269,14,20.71016439577761,2024-6-602
20270,12,16.784362251752736,2024-7-602
20271,11,17.401202689630978,2024-8-602
20272,14,24.06475486177223,2024-9-602
20273,5,18.975943000046552,2024-10-602
20274,3,19.450988213155075,2024-11-602
20275,5,13.362899579519478,2024-12-602
20276,1,13.88997255267267,2024-13-602
20277,4,24.18248401966659,2024-14-602
20278,1,9.005546433015907,2024-15-602
20279,1,7.761000048852541,2024-16-602
20280,1,8.135300745927275,2024-17-602
20281,1,3.7321156102013977,2024-18-602
20282,2,7.428574143659261,2024-19-602
20283,0,2.773298906261344,2024-20-602
20284,0,2.6799044164362074,2024-21-602
20285,3,1.4471818141444481,2024-22-602
20286,2,0.6819777971350391,2024-23-602
20287,5,2.219357751565638,2024-24-602
20288,5,1.0494244557513264,2024-25-602
20289,10,0.5332387997791047,2024-26-602
20290,8,5.908245506775794,2024-27-602
20291,10,3.5950050246439353,2024-28-602
20292,13,7.461519077182149,2024-29-602
20293,7,8.54653014903338,2024-30-602
20294,9,12.023388382691017,2024-31-602
20295,23,10.660189576516839,2024-32-602
20296,9,12.158924303844236,2024-33-602
20297,13,19.176586580643967,2024-34-602
20298,8,10.244851759456424,2024-35-602
20299,5,11.186501798414747,2024-36-602
20300,3,25.987572683356287,2024-37-602
20301,10,11.706537815410154,2024-38-602
20302,13,18.777419702624066,2024-39-602
20303,6,10.583427708923677,2024-40-602
20304,6,8.032433096654414,2024-41-602
20305,3,6.501418122136579,2024-42-602
20306,3,11.532453445953095,2024-43-602
20307,0,17.943548690713193,2024-44-602
20308,0,8.447833650269558,2024-45-602
20309,3,8.215616612553559,2024-46-602
20310,2,5.4505265532139076,2024-47-602
20311,5,4.698466487383089,2024-48-602
20312,3,2.2201094631376175,2024-49-602
20313,6,1.1198066335154955,2024-50-602
20314,4,4.1977208526556105,2024-51-602
20315,2,2.8136222355377587,2024-52-602
20568,21,17.19524391560079,2024-1-603
20569,17,17.81681956097371,2024-2-603
20570,13,10.899841702656918,2024-3-603
20571,23,2.894815479919417,2024-4-603
20572,36,2.1882683514844996,2024-5-603
20573,34,18.661249557900053,2024-6-603
20574,41,18.39952524916268,2024-7-603
20575,17,15.850714954149852,2024-8-603
20576,32,19.627904575374608,2024-9-603
20577,19,29.95190445738378,2024-10-603
20578,22,27.36810325309281,2024-11-603
20579,20,39.64307695266412,2024-12-603
20580,9,21.114421965545812,2024-13-603
20581,24,24.988928715102574,2024-14-603
20582,15,21.922580546607364,2024-15-603
20583,15,23.14418517511134,2024-16-603
20584,21,21.889857489724807,2024-17-603
20585,24,12.235234948454067,2024-18-603
20586,37,28.717771094428436,2024-19-603
20587,44,22.71004215956452,2024-20-603
20588,43,21.997459106380862,2024-21-603
20589,59,24.46205637815438,2024-22-603
20590,60,30.16627374842951,2024-23-603
20591,57,44.69260724031768,2024-24-603
20592,78,50.54473820999628,2024-25-603
20593,55,50.359883703833454,2024-26-603
20594,45,49.14285232402619,2024-27-603
20595,48,50.74381782856224,2024-28-603
20596,48,49.23584195516799,2024-29-603
20597,28,60.60638315386678,2024-30-603
20598,24,49.64596342986403,2024-31-603
20599,24,43.38462849389002,2024-32-603
20600,9,43.86247492471687,2024-33-603
20601,14,44.416157454480484,2024-34-603
20602,11,30.68977501842876,2024-35-603
20603,10,25.412047638854265,2024-36-603
20604,8,26.019687146456185,2024-37-603
20605,4,12.369295946419838,2024-38-603
20606,9,20.682428101423035,2024-39-603
20607,4,13.295356790656092,2024-40-603
20608,3,12.934951071570334,2024-41-603
20609,2,11.221306595124878,2024-42-603
20610,3,6.991193448219742,2024-43-603
20611,2,10.749742502607555,2024-44-603
20612,1,6.817052556454737,2024-45-603
20613,0,5.2335744605136005,2024-46-603
20614,1,3.2307884278862775,2024-47-603
20615,3,4.286890252704754,2024-48-603
20616,0,2.8561116914846054,2024-49-603
20617,3,1.8826984722638784,2024-50-603
20618,0,0.6327262053622578,2024-51-603
20619,2,0.35437836025455005,2024-52-603
20872,3,7.439683089780106,2024-1-604
20873,4,2.5936597863753814,2024-2-604
20874,4,7.053599716177242,2024-3-604
20875,4,10.741333419173886,2024-4-604
20876,1,10.47065139791176,2024-5-604
20877,3,7.439683089780106,2024-6-604
20878,3,7.450494609348863,2024-7-604
20879,2,8.095969329115157,2024-8-604
20880,1,8.09206271467984,2024-9-604
20881,1,2.6511820577859955,2024-10-604
20882,2,6.002309666791763,2024-11-604
20883,4,6.531308612499016,2024-12-604
20884,4,4.003502494848521,2024-13-604
20885,2,2.3424258911129145,2024-14-604
20886,1,1.7958180734840226,2024-15-604
20887,3,2.9005115391699046,2024-16-604
20888,2,7.353068638006133,2024-17-604
20889,2,8.62365189915007,2024-18-604
20890,4,4.937857787506586,2024-19-604
20891,1,2.3181311422714996,2024-20-604
20892,1,6.043291736941647,2024-21-604
20893,7,3.7615289937548027,2024-22-604
20894,17,3.219637312392306,2024-23-604
20895,23,7.2024591026489535,2024-24-604
20896,34,1.7681302958110054,2024-25-604
20897,34,1.2083044123457676,2024-26-604
20898,29,9.916361375449759,2024-27-604
20899,27,21.00291051202812,2024-28-604
20900,16,26.99710344516378,2024-29-604
20901,12,35.79570270270495,2024-30-604
20902,7,31.679458636860783,2024-31-604
20903,6,29.984435877120262,2024-32-604
20904,4,27.129128064991882,2024-33-604
20905,6,20.713021785400002,2024-34-604
20906,2,12.766948828513755,2024-35-604
20907,7,9.96621696212347,2024-36-604
20908,0,9.220146013763207,2024-37-604
20909,3,7.924955768748687,2024-38-604
20910,1,9.073563954765763,2024-39-604
20911,0,4.373103165365869,2024-40-604
20912,0,9.538735791930513,2024-41-604
20913,0,1.7392909564716665,2024-42-604
20914,0,4.685952054862458,2024-43-604
20915,1,1.4826062661248534,2024-44-604
20916,0,1.1303381613284293,2024-45-604
20917,0,0.33698337865371103,2024-46-604
20918,0,0.2899380362797201,2024-47-604
20919,0,0.2899380362797201,2024-48-604
20920,0,0.30733301788055906,2024-49-604
20921,0,0.34238009948888204,2024-50-604
20922,4,0.2899380362797201,2024-51-604
20923,2,0.2899380362797201,2024-52-604
21176,0,2.431027083016577,2024-1-605
21177,1,1.8948697364906801,2024-2-605
21178,1,6.018740730482238,2024-3-605
21179,3,2.606058751791871,2024-4-605
21180,0,2.3210548247987295,2024-5-605
21181,1,1.8808754892378579,2024-6-605
21182,0,1.8899485807114724,2024-7-605
21183,0,2.155395564523471,2024-8-605
21184,1,6.08288673013277,2024-9-605
21185,3,3.288287521718725,2024-10-605
21186,1,2.9769043943848055,2024-11-605
21187,0,2.3772981334537517,2024-12-605
21188,5,2.384553623369546,2024-13-605
21189,1,2.393081373659956,2024-14-605
21190,1,6.22747120134785,2024-15-605
21191,4,3.041367613229852,2024-16-605
21192,8,2.9803272293820773,2024-17-605
21193,17,7.662366789531169,2024-18-605
21194,28,2.9415963947792063,2024-19-605
21195,41,2.4293673109764358,2024-20-605
21196,57,7.402825094732335,2024-21-605
21197,72,11.014838966958012,2024-22-605
21198,106,25.040234686064217,2024-23-605
21199,92,38.09786082287963,2024-24-605
21200,74,53.737820021684314,2024-25-605
21201,90,67.26495641729724,2024-26-605
21202,54,79.5778837333835,2024-27-605
21203,31,91.3916268258561,2024-28-605
21204,36,94.26743846278718,2024-29-605
21205,33,89.76019983395173,2024-30-605
21206,19,81.58143051881677,2024-31-605
21207,10,46.37905119863074,2024-32-605
21208,9,31.748127190803825,2024-33-605
21209,3,42.15299045251973,2024-34-605
21210,9,29.287036602237258,2024-35-605
21211,3,25.55828970725764,2024-36-605
21212,5,12.596497375213712,2024-37-605
21213,2,12.75008523500244,2024-38-605
21214,2,7.1015688075863865,2024-39-605
21215,2,11.294846645094067,2024-40-605
21216,5,6.951108388306852,2024-41-605
21217,4,7.108857378551544,2024-42-605
21218,2,4.251883601454417,2024-43-605
21219,5,2.780710369092012,2024-44-605
21220,1,2.4517172451305314,2024-45-605
21221,1,5.608712912594127,2024-46-605
21222,1,6.1628310270632065,2024-47-605
21223,1,3.7335147747745014,2024-48-605
21224,3,5.6836785077916,2024-49-605
21225,4,1.7098972976012485,2024-50-605
21226,6,1.2083044123457676,2024-51-605
21227,0,0.40682042346371206,2024-52-605
21480,1,8.188871979800762,2024-1-606
21481,0,8.188871979800762,2024-2-606
21482,1,2.82248322711541,2024-3-606
21483,1,3.0472107365160896,2024-4-606
21484,0,2.117489134670312,2024-5-606
21485,1,1.8277708564318118,2024-6-606
21486,0,1.8741653405052678,2024-7-606
21487,1,2.136868489200346,2024-8-606
21488,0,1.8832384319788824,2024-9-606
21489,2,1.8747106816884724,2024-10-606
21490,2,2.09428178174556,2024-11-606
21491,1,2.3041613040943205,2024-12-606
21492,0,2.1621057132560613,2024-13-606
21493,1,2.1468678142330613,2024-14-606
21494,0,2.9765691733790134,2024-15-606
21495,1,3.2964268145708218,2024-16-606
21496,0,2.6238985994639936,2024-17-606
21497,0,2.391292380706574,2024-18-606
21498,0,2.2352425426154925,2024-19-606
21499,1,1.8697269790899156,2024-20-606
21500,2,1.7263233420766233,2024-21-606
21501,1,1.4053728401040706,2024-22-606
21502,5,0.6403501694952978,2024-23-606
21503,1,0.4063476447336802,2024-24-606
21504,4,0.30733301788055906,2024-25-606
21505,2,2.1245419253319597,2024-26-606
21506,9,1.0582916870617554,2024-27-606
21507,5,7.537666764114703,2024-28-606
21508,6,1.649909307305993,2024-29-606
21509,4,7.211564274344002,2024-30-606
21510,3,4.407040828390711,2024-31-606
21511,2,11.306547287433835,2024-32-606
21512,6,8.670086683456532,2024-33-606
21513,5,9.517768428654522,2024-34-606
21514,3,8.338391330048559,2024-35-606
21515,2,7.337251846887698,2024-36-606
21516,3,3.8128684075815458,2024-37-606
21517,0,8.76374344684898,2024-38-606
21518,1,8.248390240827217,2024-39-606
21519,2,7.014719591956337,2024-40-606
21520,0,3.7407398445016145,2024-41-606
21521,2,5.2329642504190454,2024-42-606
21522,1,1.8248976212764298,2024-43-606
21523,2,1.1372016151163344,2024-44-606
21524,0,1.7419084438343975,2024-45-606
21525,0,1.020585116411987,2024-46-606
21526,0,1.5641003212219342,2024-47-606
21527,1,1.0764976900964067,2024-48-606
21528,1,1.623530956276677,2024-49-606
21529,1,1.0676304587859777,2024-50-606
21530,2,0.5332387997791047,2024-51-606
21531,1,0.33698337865371103,2024-52-606
21784,0,1.7252581913038723,2024-1-607
21785,2,1.7252581913038723,2024-2-607
21786,1,1.7252581913038723,2024-3-607
21787,0,2.9639887512337424,2024-4-607
21788,0,2.063210381042956,2024-5-607
21789,2,1.7392524385566943,2024-6-607
21790,2,2.9639887512337424,2024-7-607
21791,4,2.063210381042956,2024-8-607
21792,1,1.7559589428700801,2024-9-607
21793,4,1.7481295031666435,2024-10-607
21794,1,2.9639887512337424,2024-11-607
21795,0,3.2838463924255503,2024-12-607
21796,2,7.201020837955976,2024-13-607
21797,1,2.4322487598776052,2024-14-607
21798,0,7.355663685329542,2024-15-607
21799,1,2.418254512624783,2024-16-607
21800,0,1.9670215818254304,2024-17-607
21801,0,2.9639887512337424,2024-18-607
21802,1,2.0866270340889317,2024-19-607
21803,2,1.6543382731094005,2024-20-607
21804,2,1.4963323790673086,2024-21-607
21805,4,1.2196560370503193,2024-22-607
21806,5,0.5980004931273565,2024-23-607
21807,1,0.4237426263345192,2024-24-607
21808,9,2.140866144342367,2024-25-607
21809,9,2.7711006972743415,2024-26-607
21810,5,7.247322393337903,2024-27-607
21811,3,8.56338022426379,2024-28-607
21812,10,2.344074906150182,2024-29-607
21813,19,11.42346359490731,2024-30-607
21814,9,11.20031259035049,2024-31-607
21815,10,8.591070071110924,2024-32-607
21816,14,7.310118048284615,2024-33-607
21817,6,11.872498140908014,2024-34-607
21818,7,21.638169158119414,2024-35-607
21819,8,11.479946554897857,2024-36-607
21820,3,11.724762805041793,2024-37-607
21821,5,19.603719448425398,2024-38-607
21822,6,9.29216382581664,2024-39-607
21823,7,9.799850226191452,2024-40-607
21824,1,10.346087504718598,2024-41-607
21825,6,6.482805230463239,2024-42-607
21826,8,6.634861888381539,2024-43-607
21827,9,8.190040334641285,2024-44-607
21828,2,9.366639674796389,2024-45-607
21829,4,2.2201094631376175,2024-46-607
21830,10,7.570332241485979,2024-47-607
21831,9,10.09816833756874,2024-48-607
21832,4,11.026846998204022,2024-49-607
21833,2,3.782093607681485,2024-50-607
21834,5,5.4430890726592915,2024-51-607
21835,4,10.820086078150007,2024-52-607
22088,1,1.5108302496270145,2024-1-608
22089,0,1.5193579999174245,2024-2-608
22090,0,1.5041201008944243,2024-3-608
22091,0,2.6629040059801015,2024-4-608
22092,0,1.8487824393660983,2024-5-608
22093,0,1.5333522471702465,2024-6-608
22094,0,1.5035747597112197,2024-7-608
22095,0,1.5108302496270145,2024-8-608
22096,0,1.5108302496270145,2024-9-608
22097,0,1.5108302496270145,2024-10-608
22098,0,1.5108302496270145,2024-11-608
22099,0,1.5108302496270145,2024-12-608
22100,0,1.5108302496270145,2024-13-608
22101,0,1.5108302496270145,2024-14-608
22102,0,1.6045597927932882,2024-15-608
22103,0,1.5863092289921963,2024-16-608
22104,0,1.647859155950778,2024-17-608
22105,1,1.7252581913038723,2024-18-608
22106,1,1.5863092289921963,2024-19-608
22107,1,1.4845803970693263,2024-20-608
22108,1,1.4523384136338657,2024-21-608
22109,1,1.1375555559980293,2024-22-608
22110,0,0.5772199079964875,2024-23-608
22111,0,0.4597731378852748,2024-24-608
22112,1,0.3597750810897211,2024-25-608
22113,2,0.3597750810897211,2024-26-608
22114,0,0.3597750810897211,2024-27-608
22115,2,0.34238009948888204,2024-28-608
22116,1,0.2899380362797201,2024-29-608
22117,0,0.30733301788055906,2024-30-608
22118,0,1.8873298624456993,2024-31-608
22119,1,1.0494244557513264,2024-32-608
22120,1,1.8877724138025218,2024-33-608
22121,2,1.1053370294357463,2024-34-608
22122,0,0.5856808629882667,2024-35-608
22123,0,0.33698337865371103,2024-36-608
22124,0,0.30733301788055906,2024-37-608
22125,0,0.3597750810897211,2024-38-608
22126,0,1.7360847445546566,2024-39-608
22127,1,1.0494244557513264,2024-40-608
22128,0,0.5332387997791047,2024-41-608
22129,0,0.33698337865371103,2024-42-608
22130,0,0.2899380362797201,2024-43-608
22131,0,0.2899380362797201,2024-44-608
22132,1,0.30733301788055906,2024-45-608
22133,0,0.34238009948888204,2024-46-608
22134,0,0.2899380362797201,2024-47-608
22135,1,0.2899380362797201,2024-48-608
22136,0,0.2899380362797201,2024-49-608
22137,1,0.30733301788055906,2024-50-608
22138,0,0.34238009948888204,2024-51-608
22139,0,0.2899380362797201,2024-52-608
22392,0,7.70180827887557,2024-1-609
22393,1,4.994329774984026,2024-2-609
22394,1,3.4976195465872557,2024-3-609
22395,8,2.6233532582807895,2024-4-609
22396,0,7.2857202412804885,2024-5-609
22397,2,2.867368883053367,2024-6-609
22398,2,2.235663694311428,2024-7-609
22399,3,2.154850223340267,2024-8-609
22400,0,9.816450385750798,2024-9-609
22401,1,3.0252077140978297,2024-10-609
22402,1,3.539614529616969,2024-11-609
22403,2,3.2964268145708218,2024-12-609
22404,1,6.117811634293477,2024-13-609
22405,3,3.05481651929947,2024-14-609
22406,0,2.9898849802441094,2024-15-609
22407,1,2.3858258837441615,2024-16-609
22408,0,3.0151640654208816,2024-17-609
22409,0,2.6835865227538074,2024-18-609
22410,1,6.22747120134785,2024-19-609
22411,1,2.71577663485073,2024-20-609
22412,1,2.6559525482676984,2024-21-609
22413,1,1.4297868325436094,2024-22-609
22414,0,0.6403501694952978,2024-23-609
22415,4,0.4237426263345192,2024-24-609
22416,0,0.3597750810897211,2024-25-609
22417,4,0.3597750810897211,2024-26-609
22418,1,0.3597750810897211,2024-27-609
22419,16,0.34238009948888204,2024-28-609
22420,7,7.240241185256649,2024-29-609
22421,7,1.6028639649320022,2024-30-609
22422,12,7.193412590516174,2024-31-609
22423,6,1.649909307305993,2024-32-609
22424,4,22.602604748758125,2024-33-609
22425,3,10.398956379987812,2024-34-609
22426,3,10.136692569567458,2024-35-609
22427,6,12.07448025653319,2024-36-609
22428,0,9.397722939635434,2024-37-609
22429,0,8.086557992337069,2024-38-609
22430,0,7.1938569221485205,2024-39-609
22431,0,6.281411827858502,2024-40-609
22432,0,8.787096365878371,2024-41-609
22433,0,2.427270750134125,2024-42-609
22434,0,1.1854434243849148,2024-43-609
22435,0,0.33698337865371103,2024-44-609
22436,1,0.2899380362797201,2024-45-609
22437,1,0.2899380362797201,2024-46-609
22438,1,0.2899380362797201,2024-47-609
22439,0,0.2899380362797201,2024-48-609
22440,2,0.2899380362797201,2024-49-609
22441,0,0.30733301788055906,2024-50-609
22442,0,0.3597750810897211,2024-51-609
22443,1,0.3597750810897211,2024-52-609
22696,4,2.3927294685249327,2024-1-610
22697,2,7.3342209567896255,2024-2-610
22698,1,2.597303237216472,2024-3-610
22699,2,7.082276627089892,2024-4-610
22700,3,2.631871473711032,2024-5-610
22701,2,7.082276627089892,2024-6-610
22702,0,4.86809585528048,2024-7-610
22703,4,2.918359414245269,2024-8-610
22704,5,3.0151640654208816,2024-9-610
22705,1,6.117811634293477,2024-10-610
22706,1,4.018795819962036,2024-11-610
22707,2,3.316812248314739,2024-12-610
22708,3,7.36998854930834,2024-13-610
22709,10,8.851695537410457,2024-14-610
22710,3,3.7191350243420938,2024-15-610
22711,4,3.0018355655317905,2024-16-610
22712,6,3.0151640654208816,2024-17-610
22713,8,6.211889578908111,2024-18-610
22714,7,13.524106957168964,2024-19-610
22715,9,7.99341820960369,2024-20-610
22716,15,7.958394349506612,2024-21-610
22717,39,9.7037331817615,2024-22-610
22718,33,10.900742968432821,2024-23-610
22719,40,10.243133312305806,2024-24-610
22720,50,11.639880526410714,2024-25-610
22721,24,24.56615903671168,2024-26-610
22722,28,53.442569312626546,2024-27-610
22723,44,37.98327430208276,2024-28-610
22724,35,49.78723166218752,2024-29-610
22725,37,46.96427351493905,2024-30-610
22726,25,28.451464979692833,2024-31-610
22727,21,29.765005987042887,2024-32-610
22728,19,49.440128906961014,2024-33-610
22729,11,41.10903838852028,2024-34-610
22730,18,46.88716120281422,2024-35-610
22731,7,30.874091016846823,2024-36-610
22732,14,25.999643925929828,2024-37-610
22733,14,21.732620963096114,2024-38-610
22734,21,12.839650259725685,2024-39-610
22735,26,21.651313721724197,2024-40-610
22736,9,10.037190430396532,2024-41-610
22737,10,20.741102578292463,2024-42-610
22738,9,21.122669491434532,2024-43-610
22739,8,23.947893366804337,2024-44-610
22740,8,34.83871730823938,2024-45-610
22741,2,11.290954958066324,2024-46-610
22742,5,11.364922047648509,2024-47-610
22743,5,11.748431790217142,2024-48-610
22744,5,10.130792523207722,2024-49-610
22745,5,10.27799729457949,2024-50-610
22746,3,3.819794054074196,2024-51-610
22747,0,5.498031888418831,2024-52-610
23000,8,16.15386893923816,2024-1-611
23001,6,16.491276143582628,2024-2-611
23002,5,9.730009591919966,2024-3-611
23003,4,18.064483643310382,2024-4-611
23004,3,7.975678219870665,2024-5-611
23005,2,9.825723445216097,2024-6-611
23006,2,10.899639340250872,2024-7-611
23007,6,9.308018140856431,2024-8-611
23008,7,9.28649890348293,2024-9-611
23009,7,8.139201155241874,2024-10-611
23010,4,4.265217412144555,2024-11-611
23011,3,3.589677001493817,2024-12-611
23012,4,8.858211700594856,2024-13-611
23013,1,10.177158802882879,2024-14-611
23014,2,10.331801650256448,2024-15-611
23015,6,8.666793200448442,2024-16-611
23016,3,7.905904161413546,2024-17-611
23017,0,8.021547163257495,2024-18-611
23018,3,3.574822120340138,2024-19-611
23019,4,3.290652867387368,2024-20-611
23020,4,9.17190035267341,2024-21-611
23021,4,7.828021523321952,2024-22-611
23022,6,2.688180265364848,2024-23-611
23023,4,6.565538077309302,2024-24-611
23024,11,8.390142197401918,2024-25-611
23025,10,8.618620536078845,2024-26-611
23026,13,8.480295039690656,2024-27-611
23027,16,9.470297652634617,2024-28-611
23028,16,8.507984886537791,2024-29-611
23029,23,14.731232615561112,2024-30-611
23030,15,12.239154722678915,2024-31-611
23031,10,19.275417801960014,2024-32-611
23032,11,21.6792307576463,2024-33-611
23033,7,21.687859694896392,2024-34-611
23034,6,25.500967748062145,2024-35-611
23035,1,22.16166703870699,2024-36-611
23036,0,12.61868612837733,2024-37-611
23037,0,12.791081005878095,2024-38-611
23038,0,10.00855734009019,2024-39-611
23039,0,9.054634035808784,2024-40-611
23040,2,2.3903776446706564,2024-41-611
23041,0,1.1909094307449286,2024-42-611
23042,1,0.33698337865371103,2024-43-611
23043,2,0.2899380362797201,2024-44-611
23044,1,0.2899380362797201,2024-45-611
23045,0,1.4891553502732204,2024-46-611
23046,2,1.020585116411987,2024-47-611
23047,2,0.5506337813799438,2024-48-611
23048,0,1.5200469136494212,2024-49-611
23049,0,1.029452347722416,2024-50-611
23050,4,0.5856808629882667,2024-51-611
23051,1,1.507444873335154,2024-52-611
23304,8,10.603124859206348,2024-1-701
23305,12,9.691456496825674,2024-2-701
23306,5,8.847623517642194,2024-3-701
23307,1,9.725552181647544,2024-4-701
23308,1,10.36952958362304,2024-5-701
23309,5,9.136447106528486,2024-6-701
23310,3,12.454879106369901,2024-7-701
23311,4,8.796072876964336,2024-8-701
23312,1,2.539244375849397,2024-9-701
23313,3,2.241238653874607,2024-10-701
23314,2,7.3567053817849315,2024-11-701
23315,3,6.997892324117617,2024-12-701
23316,4,7.039349348718691,2024-13-701
23317,2,2.436754116109137,2024-14-701
23318,2,5.153853002244428,2024-15-701
23319,4,3.7118112581509255,2024-16-701
23320,5,5.177190670159513,2024-17-701
23321,2,6.807428922015791,2024-18-701
23322,1,4.724852007155564,2024-19-701
23323,2,3.2579235065824577,2024-20-701
23324,1,6.3189163296995385,2024-21-701
23325,0,8.208035618306253,2024-22-701
23326,0,4.75272477121184,2024-23-701
23327,3,1.912482456386749,2024-24-701
23328,1,2.0764904978375283,2024-25-701
23329,0,1.1053370294357463,2024-26-701
23330,1,0.5856808629882667,2024-27-701
23331,2,0.33698337865371103,2024-28-701
23332,3,5.877603291811619,2024-29-701
23333,3,1.4908287816087205,2024-30-701
23334,5,1.1303381613284293,2024-31-701
23335,0,0.35437836025455005,2024-32-701
23336,0,1.950482676196582,2024-33-701
23337,3,5.733459991119069,2024-34-701
23338,2,6.268729727987765,2024-35-701
23339,1,7.262877796364581,2024-36-701
23340,1,2.344074906150182,2024-37-701
23341,1,1.1198066335154955,2024-38-701
23342,1,5.066289028758501,2024-39-701
23343,2,3.135706569434625,2024-40-701
23344,1,1.850966542186719,2024-41-701
23345,0,0.6501211869630968,2024-42-701
23346,0,0.40682042346371206,2024-43-701
23347,0,0.3597750810897211,2024-44-701
23348,2,1.8534557596926104,2024-45-701
23349,0,1.029452347722416,2024-46-701
23350,3,0.5856808629882667,2024-47-701
23351,3,0.33698337865371103,2024-48-701
23352,5,0.2899380362797201,2024-49-701
23353,1,1.46860595198726,2024-50-701
23354,0,1.020585116411987,2024-51-701
23355,1,3.4996901803468243,2024-52-701
23608,17,17.38371340667952,2024-1-702
23609,9,16.483836922172923,2024-2-702
23610,11,10.426825179687153,2024-3-702
23611,13,11.225332538625555,2024-4-702
23612,10,9.375363243925314,2024-5-702
23613,20,17.427530696480837,2024-6-702
23614,12,10.629516753012851,2024-7-702
23615,13,10.978158240579878,2024-8-702
23616,17,15.976794911000097,2024-9-702
23617,12,11.883377491705371,2024-10-702
23618,10,20.98690355173842,2024-11-702
23619,8,12.94812041996102,2024-12-702
23620,3,18.999480684606873,2024-13-702
23621,6,21.18083339853611,2024-14-702
23622,7,14.002668416519674,2024-15-702
23623,0,12.08748738726572,2024-16-702
23624,5,11.014645865184875,2024-17-702
23625,11,7.785926200004278,2024-18-702
23626,6,9.495449127989701,2024-19-702
23627,6,10.421130912410963,2024-20-702
23628,9,2.7990360919217894,2024-21-702
23629,4,7.865250738949632,2024-22-702
23630,9,13.40892685270944,2024-23-702
23631,12,9.545458275501655,2024-24-702
23632,7,9.545458275501655,2024-25-702
23633,6,11.866135428371496,2024-26-702
23634,1,8.507984886537791,2024-27-702
23635,1,11.285359116085319,2024-28-702
23636,15,14.060910135263702,2024-29-702
23637,6,10.195469434512766,2024-30-702
23638,8,9.400547164893597,2024-31-702
23639,8,2.3903776446706564,2024-32-702
23640,12,1.2083044123457676,2024-33-702
23641,14,21.402765839645014,2024-34-702
23642,10,9.54717672265227,2024-35-702
23643,9,10.593971377173691,2024-36-702
23644,4,10.593971377173691,2024-37-702
23645,11,12.550434315809284,2024-38-702
23646,8,20.000160892035073,2024-39-702
23647,3,12.095481028610275,2024-40-702
23648,2,11.310152672443037,2024-41-702
23649,6,7.532403390970737,2024-42-702
23650,4,12.948437796094893,2024-43-702
23651,3,10.21484330606875,2024-44-702
23652,6,5.997960804503005,2024-45-702
23653,2,3.2307884278862775,2024-46-702
23654,4,7.5578954069181705,2024-47-702
23655,3,6.277697450661373,2024-48-702
23656,7,5.15826732371586,2024-49-702
23657,11,8.29063537799177,2024-50-702
23658,0,3.819794054074196,2024-51-702
23659,0,5.1573045085320315,2024-52-702
23912,19,19.839351359437643,2024-1-703
23913,14,17.02878628880301,2024-2-703
23914,11,17.25844230293365,2024-3-703
23915,16,2.9182321329653926,2024-4-703
23916,14,2.2116850045304752,2024-5-703
23917,11,16.550500673241658,2024-6-703
23918,7,17.419173636018936,2024-7-703
23919,8,11.060758190423453,2024-8-703
23920,6,18.401976852933633,2024-9-703
23921,5,17.84139195238039,2024-10-703
23922,10,12.962835853395145,2024-11-703
23923,10,9.974146635961093,2024-12-703
23924,7,11.100839199593443,2024-13-703
23925,13,9.549087798061429,2024-14-703
23926,8,8.553136317535472,2024-15-703
23927,8,12.578133778067679,2024-16-703
23928,4,12.578133778067679,2024-17-703
23929,9,10.420937810637827,2024-18-703
23930,6,20.00800360147163,2024-19-703
23931,1,11.122998156846975,2024-20-703
23932,0,10.967175089164972,2024-21-703
23933,5,8.697417897226517,2024-22-703
23934,5,11.445609511880841,2024-23-703
23935,4,9.545265173728518,2024-24-703
23936,3,2.3903776446706564,2024-25-703
23937,0,1.1909094307449286,2024-26-703
23938,5,7.657889715417815,2024-27-703
23939,4,8.696305536939521,2024-28-703
23940,3,8.395101943116929,2024-29-703
23941,6,7.356420786805088,2024-30-703
23942,5,2.344074906150182,2024-31-703
23943,6,7.524671890933033,2024-32-703
23944,8,8.318692816102278,2024-33-703
23945,0,7.338131263743153,2024-34-703
23946,2,9.015751884257464,2024-35-703
23947,4,8.331562418328044,2024-36-703
23948,1,9.346650045108625,2024-37-703
23949,6,10.71140963806746,2024-38-703
23950,3,2.344074906150182,2024-39-703
23951,3,2.2042668790277653,2024-40-703
23952,3,6.59833612047874,2024-41-703
23953,2,1.6922456140976758,2024-42-703
23954,0,8.282888746061587,2024-43-703
23955,1,6.275980605989447,2024-44-703
23956,1,5.373670230847754,2024-45-703
23957,3,4.698466487383089,2024-46-703
23958,4,3.207946621666182,2024-47-703
23959,6,1.9817567728683432,2024-48-703
23960,3,0.5976791237539347,2024-49-703
23961,1,0.40682042346371206,2024-50-703
23962,1,4.15598445152895,2024-51-703
23963,2,5.440220119393007,2024-52-703
24216,0,10.693838874045241,2024-1-704
24217,2,2.539244375849397,2024-2-704
24218,0,8.17031031793686,2024-3-704
24219,3,7.1341659819006145,2024-4-704
24220,2,8.370600748047416,2024-5-704
24221,1,2.6836740245980115,2024-6-704
24222,2,3.3857457077988182,2024-7-704
24223,4,1.9237160775480755,2024-8-704
24224,3,5.584369178807325,2024-9-704
24225,1,3.7127219477593076,2024-10-704
24226,1,2.0916007105307775,2024-11-704
24227,0,2.7257324214180296,2024-12-704
24228,0,6.493112568985115,2024-13-704
24229,1,6.4849026333959685,2024-14-704
24230,0,2.3792318446985234,2024-15-704
24231,4,1.750685323252311,2024-16-704
24232,1,1.5035747597112197,2024-17-704
24233,0,1.6045597927932882,2024-18-704
24234,2,1.5948369792826063,2024-19-704
24235,0,1.6206999712522554,2024-20-704
24236,0,6.384784979917246,2024-21-704
24237,4,2.014242580613017,2024-22-704
24238,2,1.259170121118991,2024-23-704
24239,1,2.1456596920858497,2024-24-704
24240,3,1.0494244557513264,2024-25-704
24241,0,0.5332387997791047,2024-26-704
24242,1,7.246178016416342,2024-27-704
24243,2,4.275454170192952,2024-28-704
24244,7,1.850966542186719,2024-29-704
24245,5,5.908937406544643,2024-30-704
24246,7,1.5378741239827114,2024-31-704
24247,4,1.0766303456998352,2024-32-704
24248,6,2.1591556674043004,2024-33-704
24249,5,9.916361375449759,2024-34-704
24250,11,8.484629328372577,2024-35-704
24251,3,9.837571508536891,2024-36-704
24252,3,7.837530208607782,2024-37-704
24253,3,8.804751275034587,2024-38-704
24254,7,7.986663748891314,2024-39-704
24255,4,12.324659536129948,2024-40-704
24256,4,6.7320230660797575,2024-41-704
24257,5,5.665882801302606,2024-42-704
24258,2,5.366828602733397,2024-43-704
24259,4,9.199043218606246,2024-44-704
24260,5,6.794210750234643,2024-45-704
24261,0,6.064176894558696,2024-46-704
24262,3,6.3615132555608955,2024-47-704
24263,4,3.707960669438486,2024-48-704
24264,4,5.1086365052009395,2024-49-704
24265,0,6.161471890594174,2024-50-704
24266,0,2.2201094631376175,2024-51-704
24267,0,3.5765142349157553,2024-52-704
24520,5,8.314225162134058,2024-1-705
24521,4,10.336354903604947,2024-2-705
24522,3,8.360527900654533,2024-3-705
24523,4,2.6745987108319706,2024-4-705
24524,4,2.2116850045304752,2024-5-705
24525,5,7.3499029945206065,2024-6-705
24526,5,8.205722055031172,2024-7-705
24527,5,7.551231815087101,2024-8-705
24528,5,7.513647423099745,2024-9-705
24529,4,8.205722055031172,2024-10-705
24530,6,8.398493470161906,2024-11-705
24531,5,8.398493470161906,2024-12-705
24532,4,8.398493470161906,2024-13-705
24533,1,8.398493470161906,2024-14-705
24534,3,8.444633210432587,2024-15-705
24535,2,9.607673392412346,2024-16-705
24536,3,8.613694083962946,2024-17-705
24537,2,8.50519097686006,2024-18-705
24538,1,2.6745987108319706,2024-19-705
24539,1,6.15954042515728,2024-20-705
24540,1,3.8542935730122077,2024-21-705
24541,5,6.124612223458351,2024-22-705
24542,1,3.7259975835378425,2024-23-705
24543,2,1.9288940080451555,2024-24-705
24544,0,0.6501211869630968,2024-25-705
24545,2,0.40682042346371206,2024-26-705
24546,2,7.657889715417815,2024-27-705
24547,2,1.6028639649320022,2024-28-705
24548,0,2.487984281238526,2024-29-705
24549,4,1.0964697981253173,2024-30-705
24550,7,2.1413086956991894,2024-31-705
24551,4,2.789390220336275,2024-32-705
24552,2,2.7711006972743415,2024-33-705
24553,10,1.3267259699536127,2024-34-705
24554,4,7.104650317156257,2024-35-705
24555,4,9.903440158754597,2024-36-705
24556,3,7.995432202433062,2024-37-705
24557,0,4.469454147956782,2024-38-705
24558,4,11.976102011456273,2024-39-705
24559,3,7.6425405118158665,2024-40-705
24560,6,7.676572973567915,2024-41-705
24561,6,6.447137564290167,2024-42-705
24562,1,2.3351097868127986,2024-43-705
24563,0,5.694737417799011,2024-44-705
24564,2,5.75810720436614,2024-45-705
24565,1,7.699778304000688,2024-46-705
24566,3,8.11545548128229,2024-47-705
24567,2,2.2201094631376175,2024-48-705
24568,0,1.1909094307449286,2024-49-705
24569,0,1.5542376917783205,2024-50-705
24570,0,1.029452347722416,2024-51-705
24571,1,3.923303682522499,2024-52-705
24824,19,20.80952463050312,2024-1-706
24825,16,14.737004185078394,2024-2-706
24826,17,15.848807042344054,2024-3-706
24827,11,14.408996906696718,2024-4-706
24828,13,16.860296056855503,2024-5-706
24829,4,16.249975770380114,2024-6-706
24830,12,17.984797842304957,2024-7-706
24831,9,17.614961069841446,2024-8-706
24832,12,11.57320608687834,2024-9-706
24833,11,16.720191468378633,2024-10-706
24834,8,8.38266061699014,2024-11-706
24835,7,12.614170343747368,2024-12-706
24836,5,11.55447757277223,2024-13-706
24837,5,13.078284299906336,2024-14-706
24838,3,13.240488951092944,2024-15-706
24839,4,10.967175089164972,2024-16-706
24840,6,10.420937810637827,2024-17-706
24841,6,8.646407957788078,2024-18-706
24842,2,8.732155006252958,2024-19-706
24843,4,7.6182904355143615,2024-20-706
24844,3,7.7499635311777535,2024-21-706
24845,4,10.422059019310373,2024-22-706
24846,5,9.656637551328387,2024-23-706
24847,5,4.866558426945966,2024-24-706
24848,9,7.335676927133735,2024-25-706
24849,7,7.454559785951594,2024-26-706
24850,10,7.861106668228721,2024-27-706
24851,5,8.586849984668163,2024-28-706
24852,3,8.728143885074276,2024-29-706
24853,3,11.257695966174929,2024-30-706
24854,7,10.146618113253858,2024-31-706
24855,6,11.48840596895916,2024-32-706
24856,5,8.527917257360041,2024-33-706
24857,1,7.24696523453373,2024-34-706
24858,7,6.498310906875505,2024-35-706
24859,1,9.871155725262545,2024-36-706
24860,2,9.301663150286283,2024-37-706
24861,4,8.1696431769102,2024-38-706
24862,3,2.344074906150182,2024-39-706
24863,6,9.587628742814605,2024-40-706
24864,2,1.5378741239827114,2024-41-706
24865,2,2.1012067794412914,2024-42-706
24866,2,6.0551013148050234,2024-43-706
24867,2,5.84629478251092,2024-44-706
24868,0,7.814690767154051,2024-45-706
24869,1,3.7366034116030535,2024-46-706
24870,0,2.6243368901522746,2024-47-706
24871,0,2.2953437661907943,2024-48-706
24872,1,2.2725019599706986,2024-49-706
24873,0,1.2978866306142731,2024-50-706
24874,3,0.5976791237539347,2024-51-706
24875,1,0.3894254418628731,2024-52-706
252,43,112.92805319115159,2025-1-101
253,34,67.29785163038542,2025-2-101
254,45,55.30181336460483,2025-3-101
255,30,40.11252508868099,2025-4-101
256,25,26.447251329891916,2025-5-101
257,23,39.89642060404415,2025-6-101
258,11,26.373445835160965,2025-7-101
259,30,60.565784183717206,2025-8-101
260,20,20.157409404732135,2025-9-101
261,15,21.696604498950155,2025-10-101
262,12,17.343112609276137,2025-11-101
263,17,8.718495499818289,2025-12-101
264,20,22.789236860172135,2025-13-101
265,9,17.902524079673547,2025-14-101
266,11,17.61595928663589,2025-15-101
267,12,11.511081455531295,2025-16-101
268,11,20.061120370661925,2025-17-101
269,8,27.814261473222164,2025-18-101
270,6,11.319111268809253,2025-19-101
271,5,12.410295452741181,2025-20-101
272,7,12.627465891403087,2025-21-101
273,8,12.569367324076413,2025-22-101
274,7,10.36857900260246,2025-23-101
275,7,8.626589979800107,2025-24-101
276,10,7.725738994884434,2025-25-101
277,13,9.751794837815407,2025-26-101
278,17,10.366665679971238,2025-27-101
279,18,9.803072986022737,2025-28-101
280,29,9.525892729358876,2025-29-101
281,31,11.793022507863869,2025-30-101
282,40,18.59563754263015,2025-31-101
283,36,21.461227391206805,2025-32-101
284,42,21.369947728697948,2025-33-101
285,65,26.72192877536778,2025-34-101
286,57,29.481211833072486,2025-35-101
287,52,41.970646891614116,2025-36-101
288,71,35.69989048642543,2025-37-101
289,69,34.37916383781376,2025-38-101
290,69,53.49118519825251,2025-39-101
291,68,50.27117008313761,2025-40-101
292,68,44.12521550079798,2025-41-101
293,44,63.602464868371186,2025-42-101
294,32,58.20305591162056,2025-43-101
295,31,58.441003335710285,2025-44-101
296,47,60.794518146895555,2025-45-101
297,42,58.39284928205812,2025-46-101
298,44,46.39165458374088,2025-47-101
299,24,25.70822078947778,2025-48-101
300,31,25.422397808381923,2025-49-101
301,36,40.33778096768592,2025-50-101
302,29,36.27365679168445,2025-51-101
303,5,43.291799355598116,2025-52-101
556,2,2.212535770021535,2025-1-102
557,2,1.2083044123457676,2025-2-102
558,0,0.3894254418628731,2025-3-102
559,3,0.2899380362797201,2025-4-102
560,1,0.2899380362797201,2025-5-102
561,0,1.2446149484460622,2025-6-102
562,0,1.970683575186372,2025-7-102
563,0,1.2508412882402826,2025-8-102
564,1,2.727591353182252,2025-9-102
565,0,1.3253096623539051,2025-10-102
566,2,1.1303381613284293,2025-11-102
567,0,0.33698337865371103,2025-12-102
568,1,0.2899380362797201,2025-13-102
569,0,0.30733301788055906,2025-14-102
570,0,0.34238009948888204,2025-15-102
571,0,1.3170005144821308,2025-16-102
572,0,1.020585116411987,2025-17-102
573,0,0.5506337813799438,2025-18-102
574,2,0.3894254418628731,2025-19-102
575,1,0.2899380362797201,2025-20-102
576,0,0.2899380362797201,2025-21-102
577,1,0.2899380362797201,2025-22-102
578,0,0.2899380362797201,2025-23-102
579,0,1.7471082002881355,2025-24-102
580,0,1.0582916870617554,2025-25-102
581,0,0.5856808629882667,2025-26-102
582,0,0.35437836025455005,2025-27-102
583,0,0.34238009948888204,2025-28-102
584,0,0.2899380362797201,2025-29-102
585,3,0.2899380362797201,2025-30-102
586,1,0.2899380362797201,2025-31-102
587,4,0.2899380362797201,2025-32-102
588,1,0.2899380362797201,2025-33-102
589,4,0.2899380362797201,2025-34-102
590,0,5.036514748487244,2025-35-102
591,2,1.4908287816087205,2025-36-102
592,4,5.944672670004269,2025-37-102
593,0,1.5090347846433718,2025-38-102
594,0,4.473787496950404,2025-39-102
595,2,1.3253096623539051,2025-40-102
596,5,1.6715962754554072,2025-41-102
597,1,3.2847384997263442,2025-42-102
598,1,1.5085204918082094,2025-43-102
599,1,1.1198066335154955,2025-44-102
600,2,1.2857462777280912,2025-45-102
601,0,3.4293446863811976,2025-46-102
602,1,1.5085204918082094,2025-47-102
603,2,1.2083044123457676,2025-48-102
604,3,0.40682042346371206,2025-49-102
605,0,1.2572169887603295,2025-50-102
606,0,1.020585116411987,2025-51-102
607,0,0.5506337813799438,2025-52-102
860,12,9.576061352765649,2025-1-103
861,6,8.384776004244538,2025-2-103
862,10,7.344420098204456,2025-3-103
863,5,2.131510444521376,2025-4-103
864,4,1.2083044123457676,2025-5-103
865,2,7.847707544416616,2025-6-103
866,0,5.551639345401748,2025-7-103
867,1,7.379141854107679,2025-8-103
868,1,4.722740554811804,2025-9-103
869,1,4.383405004100246,2025-10-103
870,1,3.3572204517390634,2025-11-103
871,0,1.8738312409534494,2025-12-103
872,0,0.5976791237539347,2025-13-103
873,1,0.40682042346371206,2025-14-103
874,2,0.3597750810897211,2025-15-103
875,0,0.3597750810897211,2025-16-103
876,0,0.34238009948888204,2025-17-103
877,0,0.2899380362797201,2025-18-103
878,0,0.30733301788055906,2025-19-103
879,0,1.7360847445546566,2025-20-103
880,0,1.0494244557513264,2025-21-103
881,0,0.5332387997791047,2025-22-103
882,1,0.33698337865371103,2025-23-103
883,2,0.2899380362797201,2025-24-103
884,4,0.2899380362797201,2025-25-103
885,1,0.2899380362797201,2025-26-103
886,1,0.2899380362797201,2025-27-103
887,3,0.30733301788055906,2025-28-103
888,5,1.7112510876370477,2025-29-103
889,2,5.997517368992464,2025-30-103
890,2,1.721084953437015,2025-31-103
891,3,1.2083044123457676,2025-32-103
892,2,4.482654009177674,2025-33-103
893,3,6.430058771505081,2025-34-103
894,5,4.296653995491426,2025-35-103
895,4,2.7781228610333737,2025-36-103
896,3,4.5822190113452805,2025-37-103
897,4,3.015699333042801,2025-38-103
898,3,3.8277670000491586,2025-39-103
899,6,4.304801514726962,2025-40-103
900,4,4.350153833058406,2025-41-103
901,4,3.8134388937448795,2025-42-103
902,0,3.634098526983183,2025-43-103
903,1,3.7863844503976924,2025-44-103
904,0,5.015832286877378,2025-45-103
905,2,4.333335214939722,2025-46-103
906,1,4.0023043875254025,2025-47-103
907,1,2.131510444521376,2025-48-103
908,3,1.1372016151163344,2025-49-103
909,2,0.3894254418628731,2025-50-103
910,0,1.2446149484460622,2025-51-103
911,1,1.029452347722416,2025-52-103
1164,0,6.490619327125697,2025-1-104
1165,0,5.108121972013471,2025-2-104
1166,0,2.131510444521376,2025-3-104
1167,0,2.786125884689249,2025-4-104
1168,0,1.3253096623539051,2025-5-104
1169,0,1.1303381613284293,2025-6-104
1170,0,0.33698337865371103,2025-7-104
1171,0,0.2899380362797201,2025-8-104
1172,0,0.2899380362797201,2025-9-104
1173,1,0.2899380362797201,2025-10-104
1174,1,0.2899380362797201,2025-11-104
1175,1,0.2899380362797201,2025-12-104
1176,0,0.2899380362797201,2025-13-104
1177,0,0.2899380362797201,2025-14-104
1178,0,0.30733301788055906,2025-15-104
1179,0,0.3597750810897211,2025-16-104
1180,1,0.3597750810897211,2025-17-104
1181,0,0.34238009948888204,2025-18-104
1182,0,0.2899380362797201,2025-19-104
1183,0,0.2899380362797201,2025-20-104
1184,0,0.2899380362797201,2025-21-104
1185,1,0.30733301788055906,2025-22-104
1186,0,0.34238009948888204,2025-23-104
1187,1,0.2899380362797201,2025-24-104
1188,0,0.2899380362797201,2025-25-104
1189,0,0.2899380362797201,2025-26-104
1190,0,0.30733301788055906,2025-27-104
1191,0,0.34238009948888204,2025-28-104
1192,0,0.30733301788055906,2025-29-104
1193,0,0.34238009948888204,2025-30-104
1194,0,0.2899380362797201,2025-31-104
1195,0,0.2899380362797201,2025-32-104
1196,0,0.2899380362797201,2025-33-104
1197,0,0.2899380362797201,2025-34-104
1198,0,0.2899380362797201,2025-35-104
1199,0,0.2899380362797201,2025-36-104
1200,0,0.2899380362797201,2025-37-104
1201,1,0.2899380362797201,2025-38-104
1202,0,0.2899380362797201,2025-39-104
1203,0,0.2899380362797201,2025-40-104
1204,0,0.2899380362797201,2025-41-104
1205,0,0.2899380362797201,2025-42-104
1206,0,0.30733301788055906,2025-43-104
1207,1,0.34238009948888204,2025-44-104
1208,2,0.2899380362797201,2025-45-104
1209,0,0.2899380362797201,2025-46-104
1210,0,0.2899380362797201,2025-47-104
1211,0,0.2899380362797201,2025-48-104
1212,0,0.30733301788055906,2025-49-104
1213,0,1.2572169887603295,2025-50-104
1214,0,1.020585116411987,2025-51-104
1215,0,0.5332387997791047,2025-52-104
1468,0,0.2899380362797201,2025-1-105
1469,0,0.2899380362797201,2025-2-105
1470,0,0.2899380362797201,2025-3-105
1471,0,0.2899380362797201,2025-4-105
1472,0,0.2899380362797201,2025-5-105
1473,0,0.2899380362797201,2025-6-105
1474,0,0.2899380362797201,2025-7-105
1475,0,0.2899380362797201,2025-8-105
1476,1,0.2899380362797201,2025-9-105
1477,0,0.2899380362797201,2025-10-105
1478,0,0.2899380362797201,2025-11-105
1479,0,0.2899380362797201,2025-12-105
1480,1,0.2899380362797201,2025-13-105
1481,0,0.30733301788055906,2025-14-105
1482,0,0.34238009948888204,2025-15-105
1483,0,0.2899380362797201,2025-16-105
1484,0,0.2899380362797201,2025-17-105
1485,0,0.30733301788055906,2025-18-105
1486,0,0.34238009948888204,2025-19-105
1487,0,0.2899380362797201,2025-20-105
1488,0,0.2899380362797201,2025-21-105
1489,0,0.2899380362797201,2025-22-105
1490,0,0.2899380362797201,2025-23-105
1491,0,0.2899380362797201,2025-24-105
1492,0,0.2899380362797201,2025-25-105
1493,0,0.2899380362797201,2025-26-105
1494,0,0.2899380362797201,2025-27-105
1495,0,0.2899380362797201,2025-28-105
1496,0,0.2899380362797201,2025-29-105
1497,0,0.2899380362797201,2025-30-105
1498,0,0.2899380362797201,2025-31-105
1499,0,0.2899380362797201,2025-32-105
1500,0,0.2899380362797201,2025-33-105
1501,0,0.2899380362797201,2025-34-105
1502,0,0.2899380362797201,2025-35-105
1503,0,0.2899380362797201,2025-36-105
1504,0,0.2899380362797201,2025-37-105
1505,0,0.2899380362797201,2025-38-105
1506,0,0.2899380362797201,2025-39-105
1507,0,0.2899380362797201,2025-40-105
1508,0,0.2899380362797201,2025-41-105
1509,0,0.2899380362797201,2025-42-105
1510,0,0.2899380362797201,2025-43-105
1511,0,0.2899380362797201,2025-44-105
1512,0,0.2899380362797201,2025-45-105
1513,0,0.2899380362797201,2025-46-105
1514,0,0.2899380362797201,2025-47-105
1515,1,0.2899380362797201,2025-48-105
1516,0,0.2899380362797201,2025-49-105
1517,0,0.2899380362797201,2025-50-105
1518,0,0.2899380362797201,2025-51-105
1519,0,0.2899380362797201,2025-52-105
1772,0,0.3894254418628731,2025-1-106
1773,1,0.2899380362797201,2025-2-106
1774,1,0.2899380362797201,2025-3-106
1775,1,0.2899380362797201,2025-4-106
1776,0,0.30733301788055906,2025-5-106
1777,0,0.34238009948888204,2025-6-106
1778,1,0.30733301788055906,2025-7-106
1779,1,0.3597750810897211,2025-8-106
1780,2,0.3597750810897211,2025-9-106
1781,1,0.34238009948888204,2025-10-106
1782,0,0.2899380362797201,2025-11-106
1783,0,0.30733301788055906,2025-12-106
1784,0,0.3597750810897211,2025-13-106
1785,0,1.2795212033381116,2025-14-106
1786,0,1.029452347722416,2025-15-106
1787,1,0.5856808629882667,2025-16-106
1788,1,0.33698337865371103,2025-17-106
1789,0,0.2899380362797201,2025-18-106
1790,0,0.2899380362797201,2025-19-106
1791,0,0.2899380362797201,2025-20-106
1792,0,0.30733301788055906,2025-21-106
1793,0,0.3597750810897211,2025-22-106
1794,0,0.34238009948888204,2025-23-106
1795,0,0.2899380362797201,2025-24-106
1796,0,0.2899380362797201,2025-25-106
1797,0,0.2899380362797201,2025-26-106
1798,2,0.2899380362797201,2025-27-106
1799,0,0.2899380362797201,2025-28-106
1800,0,0.2899380362797201,2025-29-106
1801,0,0.2899380362797201,2025-30-106
1802,0,0.2899380362797201,2025-31-106
1803,0,1.7234827042403893,2025-32-106
1804,0,1.0494244557513264,2025-33-106
1805,2,0.5332387997791047,2025-34-106
1806,1,0.33698337865371103,2025-35-106
1807,1,0.2899380362797201,2025-36-106
1808,0,0.2899380362797201,2025-37-106
1809,0,0.2899380362797201,2025-38-106
1810,0,1.5501330523584018,2025-39-106
1811,0,1.029452347722416,2025-40-106
1812,0,0.6030758445891058,2025-41-106
1813,1,0.3894254418628731,2025-42-106
1814,0,0.2899380362797201,2025-43-106
1815,0,0.2899380362797201,2025-44-106
1816,0,0.2899380362797201,2025-45-106
1817,0,0.2899380362797201,2025-46-106
1818,1,0.30733301788055906,2025-47-106
1819,1,0.34238009948888204,2025-48-106
1820,1,0.2899380362797201,2025-49-106
1821,1,0.2899380362797201,2025-50-106
1822,0,0.2899380362797201,2025-51-106
1823,1,0.30733301788055906,2025-52-106
2076,1,4.7382363878968095,2025-1-107
2077,3,4.6413618888861,2025-2-107
2078,0,3.721806243050936,2025-3-107
2079,0,2.8779895668971704,2025-4-107
2080,0,1.8738312409534494,2025-5-107
2081,1,0.5976791237539347,2025-6-107
2082,0,2.6136075873985813,2025-7-107
2083,2,1.2782643199799144,2025-8-107
2084,2,1.0592353640989962,2025-9-107
2085,0,0.33698337865371103,2025-10-107
2086,0,0.30733301788055906,2025-11-107
2087,1,0.34238009948888204,2025-12-107
2088,0,1.2446149484460622,2025-13-107
2089,1,1.9929877897641541,2025-14-107
2090,0,1.2508412882402826,2025-15-107
2091,0,0.5802841421530957,2025-16-107
2092,0,0.35437836025455005,2025-17-107
2093,0,0.34238009948888204,2025-18-107
2094,0,0.30733301788055906,2025-19-107
2095,1,0.34238009948888204,2025-20-107
2096,0,0.2899380362797201,2025-21-107
2097,0,0.2899380362797201,2025-22-107
2098,0,0.2899380362797201,2025-23-107
2099,0,0.2899380362797201,2025-24-107
2100,0,0.30733301788055906,2025-25-107
2101,1,0.34238009948888204,2025-26-107
2102,0,0.2899380362797201,2025-27-107
2103,0,0.2899380362797201,2025-28-107
2104,0,0.2899380362797201,2025-29-107
2105,0,0.2899380362797201,2025-30-107
2106,0,0.30733301788055906,2025-31-107
2107,0,0.34238009948888204,2025-32-107
2108,0,0.2899380362797201,2025-33-107
2109,0,0.2899380362797201,2025-34-107
2110,0,0.2899380362797201,2025-35-107
2111,0,0.2899380362797201,2025-36-107
2112,0,0.2899380362797201,2025-37-107
2113,1,0.2899380362797201,2025-38-107
2114,0,0.2899380362797201,2025-39-107
2115,0,0.2899380362797201,2025-40-107
2116,1,0.2899380362797201,2025-41-107
2117,0,0.2899380362797201,2025-42-107
2118,0,0.30733301788055906,2025-43-107
2119,0,0.34238009948888204,2025-44-107
2120,0,0.2899380362797201,2025-45-107
2121,1,0.30733301788055906,2025-46-107
2122,1,0.34238009948888204,2025-47-107
2123,0,0.2899380362797201,2025-48-107
2124,0,0.2899380362797201,2025-49-107
2125,0,0.2899380362797201,2025-50-107
2126,0,0.30733301788055906,2025-51-107
2127,3,0.3597750810897211,2025-52-107
2380,1,2.271579282778256,2025-1-108
2381,4,1.2597085195507116,2025-2-108
2382,4,0.6501211869630968,2025-3-108
2383,0,0.3894254418628731,2025-4-108
2384,1,0.2899380362797201,2025-5-108
2385,1,0.30733301788055906,2025-6-108
2386,0,3.06209590220877,2025-7-108
2387,0,3.828392019223641,2025-8-108
2388,1,2.070939175104877,2025-9-108
2389,1,1.1372016151163344,2025-10-108
2390,1,0.40682042346371206,2025-11-108
2391,0,0.34238009948888204,2025-12-108
2392,0,0.2899380362797201,2025-13-108
2393,1,0.30733301788055906,2025-14-108
2394,1,0.3597750810897211,2025-15-108
2395,0,0.3597750810897211,2025-16-108
2396,1,0.34238009948888204,2025-17-108
2397,0,0.2899380362797201,2025-18-108
2398,0,0.30733301788055906,2025-19-108
2399,1,0.3597750810897211,2025-20-108
2400,0,0.34238009948888204,2025-21-108
2401,1,0.30733301788055906,2025-22-108
2402,0,0.34238009948888204,2025-23-108
2403,0,0.2899380362797201,2025-24-108
2404,0,0.30733301788055906,2025-25-108
2405,1,0.34238009948888204,2025-26-108
2406,1,0.30733301788055906,2025-27-108
2407,0,0.34238009948888204,2025-28-108
2408,0,0.2899380362797201,2025-29-108
2409,0,0.2899380362797201,2025-30-108
2410,0,0.30733301788055906,2025-31-108
2411,1,0.3597750810897211,2025-32-108
2412,1,0.34238009948888204,2025-33-108
2413,0,0.2899380362797201,2025-34-108
2414,1,0.2899380362797201,2025-35-108
2415,0,0.2899380362797201,2025-36-108
2416,0,0.30733301788055906,2025-37-108
2417,3,0.3597750810897211,2025-38-108
2418,1,0.34238009948888204,2025-39-108
2419,0,0.30733301788055906,2025-40-108
2420,0,0.34238009948888204,2025-41-108
2421,1,0.2899380362797201,2025-42-108
2422,1,2.595318064336648,2025-43-108
2423,0,1.2782643199799144,2025-44-108
2424,0,1.1303381613284293,2025-45-108
2425,1,0.33698337865371103,2025-46-108
2426,1,0.30733301788055906,2025-47-108
2427,0,0.3597750810897211,2025-48-108
2428,1,0.34238009948888204,2025-49-108
2429,0,0.2899380362797201,2025-50-108
2430,3,0.30733301788055906,2025-51-108
2431,0,0.3597750810897211,2025-52-108
2684,3,7.771832347643835,2025-1-109
2685,2,5.3667387356411,2025-2-109
2686,1,4.383405004100246,2025-3-109
2687,1,4.2253272499795385,2025-4-109
2688,0,3.3572204517390634,2025-5-109
2689,2,3.0312674428786175,2025-6-109
2690,3,2.6082051616499773,2025-7-109
2691,1,1.8826984722638784,2025-8-109
2692,3,0.6501211869630968,2025-9-109
2693,2,0.3894254418628731,2025-10-109
2694,0,1.2446149484460622,2025-11-109
2695,2,2.8036079646298244,2025-12-109
2696,1,1.5085204918082094,2025-13-109
2697,1,2.995427400770479,2025-14-109
2698,0,2.5612777708055963,2025-15-109
2699,2,1.8132599715369506,2025-16-109
2700,0,1.5717527673790113,2025-17-109
2701,1,1.1053370294357463,2025-18-109
2702,2,0.6030758445891058,2025-19-109
2703,3,0.3894254418628731,2025-20-109
2704,1,1.7234827042403893,2025-21-109
2705,1,1.0494244557513264,2025-22-109
2706,1,0.5506337813799438,2025-23-109
2707,3,1.8697507824458734,2025-24-109
2708,4,5.340554686598039,2025-25-109
2709,3,1.721084953437015,2025-26-109
2710,2,1.2083044123457676,2025-27-109
2711,5,0.40682042346371206,2025-28-109
2712,2,5.039818370663829,2025-29-109
2713,2,7.0165388018464485,2025-30-109
2714,0,6.312675021730526,2025-31-109
2715,0,3.592310276589635,2025-32-109
2716,1,6.402637097104699,2025-33-109
2717,2,4.007608998880815,2025-34-109
2718,3,2.822623271542405,2025-35-109
2719,1,1.3267259699536127,2025-36-109
2720,3,0.5802841421530957,2025-37-109
2721,0,0.35437836025455005,2025-38-109
2722,5,1.6099857009451752,2025-39-109
2723,5,3.0498362891814956,2025-40-109
2724,3,1.5085204918082094,2025-41-109
2725,7,2.739837200404426,2025-42-109
2726,6,1.3253096623539051,2025-43-109
2727,7,3.3729939138016936,2025-44-109
2728,3,4.346424967297967,2025-45-109
2729,3,4.120418742780669,2025-46-109
2730,7,5.863378632063587,2025-47-109
2731,5,5.590116403423241,2025-48-109
2732,4,6.310109125469844,2025-49-109
2733,7,4.193143697908138,2025-50-109
2734,6,3.422309864787609,2025-51-109
2735,0,5.804032617010747,2025-52-109
2988,6,61.87656900669946,2025-1-110
2989,6,22.012448944949565,2025-2-110
2990,7,18.49337018253156,2025-3-110
2991,4,15.318879064849643,2025-4-110
2992,4,15.166538499931885,2025-5-110
2993,4,5.978447177710949,2025-6-110
2994,4,5.801786631780767,2025-7-110
2995,2,6.274393510698893,2025-8-110
2996,7,4.470637400078145,2025-9-110
2997,2,4.1167392788721795,2025-10-110
2998,5,4.0031886793560805,2025-11-110
2999,3,3.975249944178215,2025-12-110
3000,2,3.2751699268046797,2025-13-110
3001,0,7.4765522296284175,2025-14-110
3002,2,3.167764695567405,2025-15-110
3003,2,4.71511919685614,2025-16-110
3004,0,5.083668976767547,2025-17-110
3005,0,3.4732411770650744,2025-18-110
3006,1,1.9026705802927888,2025-19-110
3007,2,1.7548168189734126,2025-20-110
3008,1,2.4511215877694066,2025-21-110
3009,1,1.279680627579622,2025-22-110
3010,1,0.5802841421530957,2025-23-110
3011,4,0.35437836025455005,2025-24-110
3012,3,1.7112510876370477,2025-25-110
3013,0,1.0582916870617554,2025-26-110
3014,4,0.6030758445891058,2025-27-110
3015,0,0.40682042346371206,2025-28-110
3016,6,5.607253338180741,2025-29-110
3017,4,6.148931593041081,2025-30-110
3018,7,2.283503636733683,2025-31-110
3019,7,5.883260312684932,2025-32-110
3020,13,1.5378741239827114,2025-33-110
3021,10,7.765132790472457,2025-34-110
3022,10,6.777763891185313,2025-35-110
3023,10,8.907391174897606,2025-36-110
3024,12,8.937543792627498,2025-37-110
3025,8,17.27108235106165,2025-38-110
3026,8,10.017043862609196,2025-39-110
3027,15,8.587429724358918,2025-40-110
3028,9,7.719583014947059,2025-41-110
3029,12,8.019344050324031,2025-42-110
3030,8,6.701662304838549,2025-43-110
3031,6,6.660319964280435,2025-44-110
3032,3,15.16938210396424,2025-45-110
3033,5,7.495584222245245,2025-46-110
3034,6,8.059795808397324,2025-47-110
3035,1,6.646114353182607,2025-48-110
3036,3,5.726841423092762,2025-49-110
3037,2,4.26145185727293,2025-50-110
3038,8,3.8985483991561876,2025-51-110
3039,6,5.458422634175535,2025-52-110
3292,0,1.5501330523584018,2025-1-111
3293,0,1.020585116411987,2025-2-111
3294,1,0.5332387997791047,2025-3-111
3295,0,0.33698337865371103,2025-4-111
3296,0,1.2446149484460622,2025-5-111
3297,0,1.020585116411987,2025-6-111
3298,1,0.5332387997791047,2025-7-111
3299,0,0.35437836025455005,2025-8-111
3300,0,0.34238009948888204,2025-9-111
3301,0,0.2899380362797201,2025-10-111
3302,0,0.2899380362797201,2025-11-111
3303,0,0.30733301788055906,2025-12-111
3304,0,0.34238009948888204,2025-13-111
3305,0,0.2899380362797201,2025-14-111
3306,0,0.2899380362797201,2025-15-111
3307,0,0.2899380362797201,2025-16-111
3308,1,0.2899380362797201,2025-17-111
3309,0,0.2899380362797201,2025-18-111
3310,0,0.2899380362797201,2025-19-111
3311,0,0.2899380362797201,2025-20-111
3312,0,0.2899380362797201,2025-21-111
3313,0,0.30733301788055906,2025-22-111
3314,0,0.34238009948888204,2025-23-111
3315,0,0.2899380362797201,2025-24-111
3316,0,0.2899380362797201,2025-25-111
3317,0,0.2899380362797201,2025-26-111
3318,0,0.2899380362797201,2025-27-111
3319,0,0.2899380362797201,2025-28-111
3320,0,0.2899380362797201,2025-29-111
3321,0,0.2899380362797201,2025-30-111
3322,0,0.2899380362797201,2025-31-111
3323,0,0.2899380362797201,2025-32-111
3324,0,0.2899380362797201,2025-33-111
3325,1,0.2899380362797201,2025-34-111
3326,0,0.2899380362797201,2025-35-111
3327,0,0.2899380362797201,2025-36-111
3328,0,0.2899380362797201,2025-37-111
3329,0,0.2899380362797201,2025-38-111
3330,0,0.30733301788055906,2025-39-111
3331,0,0.34238009948888204,2025-40-111
3332,0,0.2899380362797201,2025-41-111
3333,1,0.2899380362797201,2025-42-111
3334,0,0.2899380362797201,2025-43-111
3335,1,0.2899380362797201,2025-44-111
3336,2,0.2899380362797201,2025-45-111
3337,0,0.2899380362797201,2025-46-111
3338,1,0.30733301788055906,2025-47-111
3339,0,0.34238009948888204,2025-48-111
3340,0,0.30733301788055906,2025-49-111
3341,0,1.2572169887603295,2025-50-111
3342,2,1.020585116411987,2025-51-111
3343,0,0.5506337813799438,2025-52-111
3596,0,1.5684225754203354,2025-1-112
3597,0,1.020585116411987,2025-2-112
3598,0,2.7093018301203187,2025-3-112
3599,0,2.4234496403823136,2025-4-112
3600,0,1.8132599715369506,2025-5-112
3601,1,0.5802841421530957,2025-6-112
3602,0,0.33698337865371103,2025-7-112
3603,0,0.2899380362797201,2025-8-112
3604,0,0.2899380362797201,2025-9-112
3605,0,0.2899380362797201,2025-10-112
3606,0,0.30733301788055906,2025-11-112
3607,0,0.34238009948888204,2025-12-112
3608,0,0.2899380362797201,2025-13-112
3609,0,0.2899380362797201,2025-14-112
3610,1,0.2899380362797201,2025-15-112
3611,0,0.2899380362797201,2025-16-112
3612,0,0.2899380362797201,2025-17-112
3613,0,0.2899380362797201,2025-18-112
3614,0,0.2899380362797201,2025-19-112
3615,0,0.30733301788055906,2025-20-112
3616,0,0.34238009948888204,2025-21-112
3617,1,0.2899380362797201,2025-22-112
3618,0,0.2899380362797201,2025-23-112
3619,0,0.2899380362797201,2025-24-112
3620,0,0.2899380362797201,2025-25-112
3621,0,0.2899380362797201,2025-26-112
3622,0,0.30733301788055906,2025-27-112
3623,0,0.34238009948888204,2025-28-112
3624,0,0.2899380362797201,2025-29-112
3625,0,0.2899380362797201,2025-30-112
3626,0,0.2899380362797201,2025-31-112
3627,0,0.2899380362797201,2025-32-112
3628,0,0.2899380362797201,2025-33-112
3629,0,0.2899380362797201,2025-34-112
3630,0,0.2899380362797201,2025-35-112
3631,0,0.2899380362797201,2025-36-112
3632,1,0.2899380362797201,2025-37-112
3633,0,0.2899380362797201,2025-38-112
3634,1,0.2899380362797201,2025-39-112
3635,0,0.2899380362797201,2025-40-112
3636,0,0.2899380362797201,2025-41-112
3637,0,0.30733301788055906,2025-42-112
3638,0,0.34238009948888204,2025-43-112
3639,0,0.30733301788055906,2025-44-112
3640,2,0.34238009948888204,2025-45-112
3641,0,0.2899380362797201,2025-46-112
3642,0,0.2899380362797201,2025-47-112
3643,0,0.2899380362797201,2025-48-112
3644,0,0.2899380362797201,2025-49-112
3645,1,1.2446149484460622,2025-50-112
3646,1,1.020585116411987,2025-51-112
3647,0,0.5332387997791047,2025-52-112
3900,7,5.874114436500168,2025-1-113
3901,7,6.824161345809487,2025-2-113
3902,0,6.326647968193596,2025-3-113
3903,1,3.3038126689692473,2025-4-113
3904,1,2.4435130247631633,2025-5-113
3905,0,5.698891156070509,2025-6-113
3906,2,6.2234015407080365,2025-7-113
3907,0,2.131510444521376,2025-8-113
3908,0,1.1372016151163344,2025-9-113
3909,1,0.40682042346371206,2025-10-113
3910,1,0.34238009948888204,2025-11-113
3911,0,1.2446149484460622,2025-12-113
3912,1,1.020585116411987,2025-13-113
3913,0,0.5332387997791047,2025-14-113
3914,0,0.35437836025455005,2025-15-113
3915,2,0.3597750810897211,2025-16-113
3916,0,0.34238009948888204,2025-17-113
3917,0,0.30733301788055906,2025-18-113
3918,0,0.34238009948888204,2025-19-113
3919,0,0.2899380362797201,2025-20-113
3920,0,1.7234827042403893,2025-21-113
3921,0,1.0494244557513264,2025-22-113
3922,0,0.5332387997791047,2025-23-113
3923,0,0.33698337865371103,2025-24-113
3924,0,0.2899380362797201,2025-25-113
3925,1,0.2899380362797201,2025-26-113
3926,0,0.2899380362797201,2025-27-113
3927,1,0.2899380362797201,2025-28-113
3928,0,0.2899380362797201,2025-29-113
3929,1,0.2899380362797201,2025-30-113
3930,1,0.30733301788055906,2025-31-113
3931,1,0.34238009948888204,2025-32-113
3932,2,0.30733301788055906,2025-33-113
3933,0,0.34238009948888204,2025-34-113
3934,1,0.30733301788055906,2025-35-113
3935,1,0.3597750810897211,2025-36-113
3936,1,0.3597750810897211,2025-37-113
3937,0,1.6165006026844497,2025-38-113
3938,0,1.020585116411987,2025-39-113
3939,0,0.5506337813799438,2025-40-113
3940,2,0.40682042346371206,2025-41-113
3941,0,0.3597750810897211,2025-42-113
3942,2,0.34238009948888204,2025-43-113
3943,0,0.2899380362797201,2025-44-113
3944,1,0.2899380362797201,2025-45-113
3945,6,1.2446149484460622,2025-46-113
3946,0,1.020585116411987,2025-47-113
3947,1,1.3375227302303372,2025-48-113
3948,1,1.0676304587859777,2025-49-113
3949,2,0.5506337813799438,2025-50-113
3950,1,4.712557743051672,2025-51-113
3951,2,1.2782643199799144,2025-52-113
4204,0,0.34238009948888204,2025-1-114
4205,1,1.5240027131231861,2025-2-114
4206,0,1.020585116411987,2025-3-114
4207,0,0.5332387997791047,2025-4-114
4208,0,0.33698337865371103,2025-5-114
4209,0,0.2899380362797201,2025-6-114
4210,1,0.30733301788055906,2025-7-114
4211,0,0.34238009948888204,2025-8-114
4212,0,0.2899380362797201,2025-9-114
4213,0,0.2899380362797201,2025-10-114
4214,0,0.2899380362797201,2025-11-114
4215,0,0.30733301788055906,2025-12-114
4216,0,0.34238009948888204,2025-13-114
4217,0,0.2899380362797201,2025-14-114
4218,0,0.2899380362797201,2025-15-114
4219,0,0.2899380362797201,2025-16-114
4220,0,0.2899380362797201,2025-17-114
4221,0,0.2899380362797201,2025-18-114
4222,0,0.2899380362797201,2025-19-114
4223,0,0.2899380362797201,2025-20-114
4224,1,0.2899380362797201,2025-21-114
4225,0,0.2899380362797201,2025-22-114
4226,0,0.2899380362797201,2025-23-114
4227,0,0.2899380362797201,2025-24-114
4228,1,0.2899380362797201,2025-25-114
4229,0,0.30733301788055906,2025-26-114
4230,0,0.34238009948888204,2025-27-114
4231,0,0.2899380362797201,2025-28-114
4232,0,0.2899380362797201,2025-29-114
4233,1,0.30733301788055906,2025-30-114
4234,0,0.34238009948888204,2025-31-114
4235,0,0.2899380362797201,2025-32-114
4236,0,0.2899380362797201,2025-33-114
4237,1,0.2899380362797201,2025-34-114
4238,0,0.30733301788055906,2025-35-114
4239,1,0.34238009948888204,2025-36-114
4240,0,0.2899380362797201,2025-37-114
4241,0,0.2899380362797201,2025-38-114
4242,0,0.30733301788055906,2025-39-114
4243,1,0.34238009948888204,2025-40-114
4244,0,0.30733301788055906,2025-41-114
4245,0,0.34238009948888204,2025-42-114
4246,0,0.2899380362797201,2025-43-114
4247,0,0.2899380362797201,2025-44-114
4248,0,0.30733301788055906,2025-45-114
4249,1,0.34238009948888204,2025-46-114
4250,1,0.2899380362797201,2025-47-114
4251,0,0.2899380362797201,2025-48-114
4252,0,0.2899380362797201,2025-49-114
4253,0,0.2899380362797201,2025-50-114
4254,0,0.30733301788055906,2025-51-114
4255,1,0.3597750810897211,2025-52-114
4508,1,3.6030848301365683,2025-1-115
4509,1,1.3940072475086125,2025-2-115
4510,1,1.1477331429292683,2025-3-115
4511,0,0.3894254418628731,2025-4-115
4512,0,0.2899380362797201,2025-5-115
4513,0,0.30733301788055906,2025-6-115
4514,1,0.3597750810897211,2025-7-115
4515,1,0.3597750810897211,2025-8-115
4516,1,0.34238009948888204,2025-9-115
4517,0,0.2899380362797201,2025-10-115
4518,0,0.2899380362797201,2025-11-115
4519,1,0.30733301788055906,2025-12-115
4520,0,0.3597750810897211,2025-13-115
4521,0,0.3597750810897211,2025-14-115
4522,0,0.34238009948888204,2025-15-115
4523,0,0.2899380362797201,2025-16-115
4524,0,0.30733301788055906,2025-17-115
4525,1,0.34238009948888204,2025-18-115
4526,0,0.2899380362797201,2025-19-115
4527,0,0.2899380362797201,2025-20-115
4528,0,0.2899380362797201,2025-21-115
4529,0,0.2899380362797201,2025-22-115
4530,0,0.30733301788055906,2025-23-115
4531,0,0.34238009948888204,2025-24-115
4532,0,0.2899380362797201,2025-25-115
4533,0,0.2899380362797201,2025-26-115
4534,0,0.2899380362797201,2025-27-115
4535,0,0.2899380362797201,2025-28-115
4536,0,0.2899380362797201,2025-29-115
4537,0,0.2899380362797201,2025-30-115
4538,0,0.2899380362797201,2025-31-115
4539,1,0.2899380362797201,2025-32-115
4540,0,0.2899380362797201,2025-33-115
4541,0,0.2899380362797201,2025-34-115
4542,0,0.2899380362797201,2025-35-115
4543,0,0.2899380362797201,2025-36-115
4544,0,0.30733301788055906,2025-37-115
4545,0,0.34238009948888204,2025-38-115
4546,0,0.2899380362797201,2025-39-115
4547,0,0.2899380362797201,2025-40-115
4548,0,0.2899380362797201,2025-41-115
4549,0,0.2899380362797201,2025-42-115
4550,0,0.2899380362797201,2025-43-115
4551,0,0.2899380362797201,2025-44-115
4552,0,0.2899380362797201,2025-45-115
4553,0,0.2899380362797201,2025-46-115
4554,0,0.2899380362797201,2025-47-115
4555,0,0.2899380362797201,2025-48-115
4556,0,0.2899380362797201,2025-49-115
4557,0,0.2899380362797201,2025-50-115
4558,0,0.2899380362797201,2025-51-115
4559,0,0.2899380362797201,2025-52-115
4812,0,1.2597085195507116,2025-1-116
4813,0,0.6327262053622578,2025-2-116
4814,0,0.35437836025455005,2025-3-116
4815,0,0.34238009948888204,2025-4-116
4816,0,0.2899380362797201,2025-5-116
4817,0,0.2899380362797201,2025-6-116
4818,0,0.2899380362797201,2025-7-116
4819,0,0.2899380362797201,2025-8-116
4820,0,0.2899380362797201,2025-9-116
4821,0,0.2899380362797201,2025-10-116
4822,0,0.2899380362797201,2025-11-116
4823,0,0.2899380362797201,2025-12-116
4824,0,0.2899380362797201,2025-13-116
4825,0,0.2899380362797201,2025-14-116
4826,0,0.2899380362797201,2025-15-116
4827,0,0.2899380362797201,2025-16-116
4828,0,0.2899380362797201,2025-17-116
4829,0,0.2899380362797201,2025-18-116
4830,0,0.2899380362797201,2025-19-116
4831,0,0.2899380362797201,2025-20-116
4832,0,0.2899380362797201,2025-21-116
4833,0,0.2899380362797201,2025-22-116
4834,0,0.2899380362797201,2025-23-116
4835,0,0.2899380362797201,2025-24-116
4836,0,0.2899380362797201,2025-25-116
4837,1,0.2899380362797201,2025-26-116
4838,0,0.2899380362797201,2025-27-116
4839,0,0.2899380362797201,2025-28-116
4840,0,0.2899380362797201,2025-29-116
4841,0,0.2899380362797201,2025-30-116
4842,0,0.30733301788055906,2025-31-116
4843,0,0.34238009948888204,2025-32-116
4844,0,0.2899380362797201,2025-33-116
4845,0,0.2899380362797201,2025-34-116
4846,0,0.2899380362797201,2025-35-116
4847,0,0.2899380362797201,2025-36-116
4848,0,0.2899380362797201,2025-37-116
4849,0,0.2899380362797201,2025-38-116
4850,0,0.2899380362797201,2025-39-116
4851,0,0.2899380362797201,2025-40-116
4852,0,0.2899380362797201,2025-41-116
4853,0,0.2899380362797201,2025-42-116
4854,0,0.2899380362797201,2025-43-116
4855,0,0.2899380362797201,2025-44-116
4856,0,0.2899380362797201,2025-45-116
4857,0,0.2899380362797201,2025-46-116
4858,0,0.2899380362797201,2025-47-116
4859,0,0.2899380362797201,2025-48-116
4860,0,0.2899380362797201,2025-49-116
4861,0,0.2899380362797201,2025-50-116
4862,0,0.2899380362797201,2025-51-116
4863,0,0.2899380362797201,2025-52-116
5116,0,0.2899380362797201,2025-1-117
5117,0,0.2899380362797201,2025-2-117
5118,0,0.2899380362797201,2025-3-117
5119,0,0.2899380362797201,2025-4-117
5120,0,0.2899380362797201,2025-5-117
5121,0,0.2899380362797201,2025-6-117
5122,0,0.2899380362797201,2025-7-117
5123,0,0.2899380362797201,2025-8-117
5124,0,0.2899380362797201,2025-9-117
5125,0,0.2899380362797201,2025-10-117
5126,0,0.2899380362797201,2025-11-117
5127,0,0.2899380362797201,2025-12-117
5128,0,0.2899380362797201,2025-13-117
5129,0,0.2899380362797201,2025-14-117
5130,0,0.2899380362797201,2025-15-117
5131,0,0.2899380362797201,2025-16-117
5132,0,0.2899380362797201,2025-17-117
5133,0,0.2899380362797201,2025-18-117
5134,0,0.2899380362797201,2025-19-117
5135,0,0.2899380362797201,2025-20-117
5136,0,0.2899380362797201,2025-21-117
5137,0,0.2899380362797201,2025-22-117
5138,0,0.2899380362797201,2025-23-117
5139,0,0.2899380362797201,2025-24-117
5140,0,0.2899380362797201,2025-25-117
5141,0,0.2899380362797201,2025-26-117
5142,0,0.2899380362797201,2025-27-117
5143,0,0.2899380362797201,2025-28-117
5144,0,0.2899380362797201,2025-29-117
5145,0,0.2899380362797201,2025-30-117
5146,0,0.2899380362797201,2025-31-117
5147,0,0.2899380362797201,2025-32-117
5148,0,0.2899380362797201,2025-33-117
5149,0,0.2899380362797201,2025-34-117
5150,0,0.2899380362797201,2025-35-117
5151,0,0.2899380362797201,2025-36-117
5152,0,0.2899380362797201,2025-37-117
5153,0,0.2899380362797201,2025-38-117
5154,0,0.2899380362797201,2025-39-117
5155,0,0.2899380362797201,2025-40-117
5156,0,0.2899380362797201,2025-41-117
5157,0,0.2899380362797201,2025-42-117
5158,0,0.2899380362797201,2025-43-117
5159,0,0.2899380362797201,2025-44-117
5160,0,0.2899380362797201,2025-45-117
5161,0,0.2899380362797201,2025-46-117
5162,0,0.2899380362797201,2025-47-117
5163,0,0.2899380362797201,2025-48-117
5164,0,0.2899380362797201,2025-49-117
5165,0,0.2899380362797201,2025-50-117
5166,0,0.2899380362797201,2025-51-117
5167,0,0.2899380362797201,2025-52-117
5420,3,7.328411434477386,2025-1-118
5421,1,5.043557314405402,2025-2-118
5422,1,4.042511859409491,2025-3-118
5423,0,5.191756908947467,2025-4-118
5424,2,2.131510444521376,2025-5-118
5425,0,2.8360221342565315,2025-6-118
5426,0,1.3253096623539051,2025-7-118
5427,0,1.1477331429292683,2025-8-118
5428,1,0.3894254418628731,2025-9-118
5429,0,1.2446149484460622,2025-10-118
5430,1,1.020585116411987,2025-11-118
5431,0,0.5332387997791047,2025-12-118
5432,1,0.33698337865371103,2025-13-118
5433,0,0.30733301788055906,2025-14-118
5434,0,0.34238009948888204,2025-15-118
5435,1,0.30733301788055906,2025-16-118
5436,0,0.34238009948888204,2025-17-118
5437,1,0.30733301788055906,2025-18-118
5438,2,0.34238009948888204,2025-19-118
5439,0,0.2899380362797201,2025-20-118
5440,0,0.30733301788055906,2025-21-118
5441,0,0.34238009948888204,2025-22-118
5442,0,0.30733301788055906,2025-23-118
5443,0,1.7112510876370477,2025-24-118
5444,0,1.0494244557513264,2025-25-118
5445,1,0.5332387997791047,2025-26-118
5446,2,0.33698337865371103,2025-27-118
5447,0,0.2899380362797201,2025-28-118
5448,1,0.2899380362797201,2025-29-118
5449,1,0.2899380362797201,2025-30-118
5450,2,0.30733301788055906,2025-31-118
5451,0,1.7360847445546566,2025-32-118
5452,0,1.0494244557513264,2025-33-118
5453,0,0.5506337813799438,2025-34-118
5454,1,0.40682042346371206,2025-35-118
5455,2,1.7112510876370477,2025-36-118
5456,3,1.0494244557513264,2025-37-118
5457,3,0.5332387997791047,2025-38-118
5458,3,0.33698337865371103,2025-39-118
5459,0,0.30733301788055906,2025-40-118
5460,1,1.2572169887603295,2025-41-118
5461,1,2.8036079646298244,2025-42-118
5462,2,3.313985735636963,2025-43-118
5463,0,3.262470580986688,2025-44-118
5464,0,2.131510444521376,2025-45-118
5465,0,1.1372016151163344,2025-46-118
5466,2,0.40682042346371206,2025-47-118
5467,1,1.2572169887603295,2025-48-118
5468,0,1.020585116411987,2025-49-118
5469,0,0.5332387997791047,2025-50-118
5470,0,0.33698337865371103,2025-51-118
5471,0,1.2446149484460622,2025-52-118
5724,0,4.935182171807462,2025-1-119
5725,0,8.370616367101944,2025-2-119
5726,1,4.43414475589111,2025-3-119
5727,0,2.131510444521376,2025-4-119
5728,0,1.7127276047374362,2025-5-119
5729,2,1.0676304587859777,2025-6-119
5730,0,0.5332387997791047,2025-7-119
5731,1,0.35437836025455005,2025-8-119
5732,0,0.34238009948888204,2025-9-119
5733,0,0.2899380362797201,2025-10-119
5734,0,1.2446149484460622,2025-11-119
5735,1,1.020585116411987,2025-12-119
5736,0,0.5506337813799438,2025-13-119
5737,0,0.3894254418628731,2025-14-119
5738,0,0.2899380362797201,2025-15-119
5739,2,0.2899380362797201,2025-16-119
5740,3,0.30733301788055906,2025-17-119
5741,2,0.34238009948888204,2025-18-119
5742,5,0.2899380362797201,2025-19-119
5743,5,0.2899380362797201,2025-20-119
5744,1,1.8636928759872817,2025-21-119
5745,0,5.3896645356707715,2025-22-119
5746,1,3.275916741181518,2025-23-119
5747,2,6.825546025426246,2025-24-119
5748,4,7.861270930589128,2025-25-119
5749,0,2.344074906150182,2025-26-119
5750,1,1.1909094307449286,2025-27-119
5751,1,0.35437836025455005,2025-28-119
5752,1,1.85146125938394,2025-29-119
5753,3,6.910594951041151,2025-30-119
5754,1,1.721084953437015,2025-31-119
5755,3,1.1372016151163344,2025-32-119
5756,0,0.40682042346371206,2025-33-119
5757,0,0.3597750810897211,2025-34-119
5758,1,5.253492358344075,2025-35-119
5759,0,1.4908287816087205,2025-36-119
5760,1,5.2421756220782525,2025-37-119
5761,0,1.5090347846433718,2025-38-119
5762,0,1.0592353640989962,2025-39-119
5763,2,0.35437836025455005,2025-40-119
5764,1,0.34238009948888204,2025-41-119
5765,0,0.30733301788055906,2025-42-119
5766,0,0.34238009948888204,2025-43-119
5767,2,0.2899380362797201,2025-44-119
5768,2,1.2446149484460622,2025-45-119
5769,0,1.029452347722416,2025-46-119
5770,1,0.5856808629882667,2025-47-119
5771,1,0.33698337865371103,2025-48-119
5772,0,1.2446149484460622,2025-49-119
5773,1,1.970683575186372,2025-50-119
5774,0,1.2508412882402826,2025-51-119
5775,0,0.5976791237539347,2025-52-119
6028,0,0.2899380362797201,2025-1-120
6029,0,0.2899380362797201,2025-2-120
6030,0,0.2899380362797201,2025-3-120
6031,0,0.2899380362797201,2025-4-120
6032,0,0.2899380362797201,2025-5-120
6033,0,0.2899380362797201,2025-6-120
6034,0,0.2899380362797201,2025-7-120
6035,1,0.2899380362797201,2025-8-120
6036,0,0.2899380362797201,2025-9-120
6037,0,0.2899380362797201,2025-10-120
6038,0,0.2899380362797201,2025-11-120
6039,0,0.2899380362797201,2025-12-120
6040,0,0.30733301788055906,2025-13-120
6041,0,0.34238009948888204,2025-14-120
6042,0,0.2899380362797201,2025-15-120
6043,0,0.2899380362797201,2025-16-120
6044,0,0.2899380362797201,2025-17-120
6045,0,0.2899380362797201,2025-18-120
6046,0,0.2899380362797201,2025-19-120
6047,0,0.2899380362797201,2025-20-120
6048,0,0.2899380362797201,2025-21-120
6049,0,0.2899380362797201,2025-22-120
6050,0,0.2899380362797201,2025-23-120
6051,0,0.2899380362797201,2025-24-120
6052,0,0.2899380362797201,2025-25-120
6053,0,0.2899380362797201,2025-26-120
6054,0,0.2899380362797201,2025-27-120
6055,0,0.2899380362797201,2025-28-120
6056,0,0.2899380362797201,2025-29-120
6057,0,0.2899380362797201,2025-30-120
6058,0,0.2899380362797201,2025-31-120
6059,0,0.2899380362797201,2025-32-120
6060,0,0.2899380362797201,2025-33-120
6061,0,0.2899380362797201,2025-34-120
6062,0,0.2899380362797201,2025-35-120
6063,0,0.2899380362797201,2025-36-120
6064,0,0.2899380362797201,2025-37-120
6065,0,0.2899380362797201,2025-38-120
6066,0,0.2899380362797201,2025-39-120
6067,0,0.2899380362797201,2025-40-120
6068,0,0.2899380362797201,2025-41-120
6069,0,0.2899380362797201,2025-42-120
6070,0,0.2899380362797201,2025-43-120
6071,0,0.2899380362797201,2025-44-120
6072,0,0.2899380362797201,2025-45-120
6073,0,0.2899380362797201,2025-46-120
6074,0,0.2899380362797201,2025-47-120
6075,0,0.2899380362797201,2025-48-120
6076,0,0.2899380362797201,2025-49-120
6077,0,0.2899380362797201,2025-50-120
6078,0,0.2899380362797201,2025-51-120
6079,0,0.2899380362797201,2025-52-120
6332,7,20.565694576991838,2025-1-201
6333,14,19.488088331514717,2025-2-201
6334,5,17.870106065780465,2025-3-201
6335,2,14.763672661200783,2025-4-201
6336,4,4.958139825701321,2025-5-201
6337,6,6.371164973240745,2025-6-201
6338,2,12.244191989226904,2025-7-201
6339,1,4.719937676463384,2025-8-201
6340,2,3.2751699268046797,2025-9-201
6341,4,3.483371695198681,2025-10-201
6342,4,5.201206674433025,2025-11-201
6343,3,3.280970862749152,2025-12-201
6344,6,1.8826984722638784,2025-13-201
6345,5,1.4135603144044158,2025-14-201
6346,1,4.095812570220043,2025-15-201
6347,5,5.208006553839628,2025-16-201
6348,2,5.005118478745768,2025-17-201
6349,6,8.252389169152462,2025-18-201
6350,12,7.445136632068126,2025-19-201
6351,4,2.344074906150182,2025-20-201
6352,5,6.725825308009798,2025-21-201
6353,2,3.9255584739464315,2025-22-201
6354,5,8.18817403726377,2025-23-201
6355,5,12.392018088720057,2025-24-201
6356,6,7.115939783788772,2025-25-201
6357,2,7.533924260005558,2025-26-201
6358,8,4.232892993618977,2025-27-201
6359,7,6.203753557178111,2025-28-201
6360,2,7.224095069455313,2025-29-201
6361,12,8.590452725554862,2025-30-201
6362,5,4.32924397620989,2025-31-201
6363,6,9.735381159198647,2025-32-201
6364,16,10.415325033862539,2025-33-201
6365,18,4.232892993618977,2025-34-201
6366,11,13.479289494667421,2025-35-201
6367,12,7.7911846471868635,2025-36-201
6368,12,8.301449368809319,2025-37-201
6369,12,20.23566189757097,2025-38-201
6370,17,19.160016499046627,2025-39-201
6371,9,9.673728373734411,2025-40-201
6372,9,8.540003196059061,2025-41-201
6373,6,8.592335396195649,2025-42-201
6374,14,9.041440978242582,2025-43-201
6375,16,13.850616343940628,2025-44-201
6376,14,7.428531091885693,2025-45-201
6377,6,7.284428173832035,2025-46-201
6378,13,5.844090757433671,2025-47-201
6379,7,12.318875981434736,2025-48-201
6380,17,14.526038425379395,2025-49-201
6381,16,12.135627077775432,2025-50-201
6382,13,5.902596172732156,2025-51-201
6383,6,12.578922066495915,2025-52-201
6636,1,5.759129506121171,2025-1-202
6637,0,2.2002080296760833,2025-2-202
6638,0,1.725329645051704,2025-3-202
6639,0,2.0118149044684013,2025-4-202
6640,0,1.2597085195507116,2025-5-202
6641,0,0.6501211869630968,2025-6-202
6642,1,0.3894254418628731,2025-7-202
6643,1,0.2899380362797201,2025-8-202
6644,0,0.2899380362797201,2025-9-202
6645,0,0.2899380362797201,2025-10-202
6646,0,0.2899380362797201,2025-11-202
6647,0,0.30733301788055906,2025-12-202
6648,0,0.3597750810897211,2025-13-202
6649,0,0.34238009948888204,2025-14-202
6650,0,0.2899380362797201,2025-15-202
6651,0,0.2899380362797201,2025-16-202
6652,0,0.2899380362797201,2025-17-202
6653,0,0.2899380362797201,2025-18-202
6654,1,0.2899380362797201,2025-19-202
6655,0,0.2899380362797201,2025-20-202
6656,1,0.2899380362797201,2025-21-202
6657,0,0.2899380362797201,2025-22-202
6658,0,0.2899380362797201,2025-23-202
6659,1,0.30733301788055906,2025-24-202
6660,3,0.34238009948888204,2025-25-202
6661,0,0.30733301788055906,2025-26-202
6662,0,0.34238009948888204,2025-27-202
6663,2,0.2899380362797201,2025-28-202
6664,1,0.30733301788055906,2025-29-202
6665,1,5.474170387788103,2025-30-202
6666,0,1.4908287816087205,2025-31-202
6667,1,1.0592353640989962,2025-32-202
6668,1,1.8571487421316062,2025-33-202
6669,0,1.0582916870617554,2025-34-202
6670,1,0.6030758445891058,2025-35-202
6671,0,0.3894254418628731,2025-36-202
6672,0,0.30733301788055906,2025-37-202
6673,0,0.3597750810897211,2025-38-202
6674,2,0.34238009948888204,2025-39-202
6675,0,0.30733301788055906,2025-40-202
6676,0,0.34238009948888204,2025-41-202
6677,0,0.2899380362797201,2025-42-202
6678,0,0.2899380362797201,2025-43-202
6679,1,1.2446149484460622,2025-44-202
6680,0,1.020585116411987,2025-45-202
6681,1,0.5332387997791047,2025-46-202
6682,2,0.33698337865371103,2025-47-202
6683,1,0.2899380362797201,2025-48-202
6684,0,0.30733301788055906,2025-49-202
6685,0,0.34238009948888204,2025-50-202
6686,0,0.30733301788055906,2025-51-202
6687,0,1.2572169887603295,2025-52-202
6940,0,5.025247798200428,2025-1-203
6941,2,3.8595321332091856,2025-2-203
6942,0,2.8779895668971704,2025-3-203
6943,1,1.8738312409534494,2025-4-203
6944,4,1.3558122532922707,2025-5-203
6945,0,1.0676304587859777,2025-6-203
6946,1,1.3375227302303372,2025-7-203
6947,0,1.0676304587859777,2025-8-203
6948,0,0.5506337813799438,2025-9-203
6949,0,3.0803854252707037,2025-10-203
6950,1,1.2782643199799144,2025-11-203
6951,1,1.0766303456998352,2025-12-203
6952,2,0.3894254418628731,2025-13-203
6953,1,0.2899380362797201,2025-14-203
6954,0,0.2899380362797201,2025-15-203
6955,0,0.30733301788055906,2025-16-203
6956,1,0.3597750810897211,2025-17-203
6957,0,1.7925678764045498,2025-18-203
6958,0,1.0582916870617554,2025-19-203
6959,0,0.5856808629882667,2025-20-203
6960,0,0.33698337865371103,2025-21-203
6961,0,0.30733301788055906,2025-22-203
6962,0,0.34238009948888204,2025-23-203
6963,0,0.2899380362797201,2025-24-203
6964,0,0.2899380362797201,2025-25-203
6965,1,0.2899380362797201,2025-26-203
6966,0,0.2899380362797201,2025-27-203
6967,0,0.2899380362797201,2025-28-203
6968,0,0.2899380362797201,2025-29-203
6969,1,0.2899380362797201,2025-30-203
6970,0,0.30733301788055906,2025-31-203
6971,0,0.34238009948888204,2025-32-203
6972,2,0.2899380362797201,2025-33-203
6973,0,0.2899380362797201,2025-34-203
6974,1,0.30733301788055906,2025-35-203
6975,0,0.34238009948888204,2025-36-203
6976,0,0.2899380362797201,2025-37-203
6977,0,1.6511491706426886,2025-38-203
6978,1,1.020585116411987,2025-39-203
6979,0,0.5506337813799438,2025-40-203
6980,0,0.3894254418628731,2025-41-203
6981,0,0.2899380362797201,2025-42-203
6982,0,0.2899380362797201,2025-43-203
6983,0,0.30733301788055906,2025-44-203
6984,0,0.34238009948888204,2025-45-203
6985,0,0.2899380362797201,2025-46-203
6986,0,0.2899380362797201,2025-47-203
6987,1,0.2899380362797201,2025-48-203
6988,0,0.2899380362797201,2025-49-203
6989,0,0.2899380362797201,2025-50-203
6990,0,0.2899380362797201,2025-51-203
6991,0,0.2899380362797201,2025-52-203
7244,0,0.2899380362797201,2025-1-204
7245,0,0.2899380362797201,2025-2-204
7246,0,0.2899380362797201,2025-3-204
7247,0,0.2899380362797201,2025-4-204
7248,0,0.30733301788055906,2025-5-204
7249,0,0.34238009948888204,2025-6-204
7250,0,0.2899380362797201,2025-7-204
7251,0,0.2899380362797201,2025-8-204
7252,0,0.2899380362797201,2025-9-204
7253,0,0.2899380362797201,2025-10-204
7254,0,0.2899380362797201,2025-11-204
7255,0,0.2899380362797201,2025-12-204
7256,0,0.2899380362797201,2025-13-204
7257,0,0.2899380362797201,2025-14-204
7258,0,0.2899380362797201,2025-15-204
7259,0,0.2899380362797201,2025-16-204
7260,0,0.2899380362797201,2025-17-204
7261,0,0.2899380362797201,2025-18-204
7262,0,0.2899380362797201,2025-19-204
7263,0,0.2899380362797201,2025-20-204
7264,1,0.2899380362797201,2025-21-204
7265,0,0.2899380362797201,2025-22-204
7266,1,0.2899380362797201,2025-23-204
7267,0,0.2899380362797201,2025-24-204
7268,0,0.2899380362797201,2025-25-204
7269,0,0.30733301788055906,2025-26-204
7270,0,0.34238009948888204,2025-27-204
7271,0,0.30733301788055906,2025-28-204
7272,0,0.34238009948888204,2025-29-204
7273,0,0.2899380362797201,2025-30-204
7274,0,0.2899380362797201,2025-31-204
7275,1,0.2899380362797201,2025-32-204
7276,0,0.2899380362797201,2025-33-204
7277,0,0.2899380362797201,2025-34-204
7278,0,0.2899380362797201,2025-35-204
7279,0,0.2899380362797201,2025-36-204
7280,1,0.30733301788055906,2025-37-204
7281,0,0.34238009948888204,2025-38-204
7282,0,0.2899380362797201,2025-39-204
7283,0,0.2899380362797201,2025-40-204
7284,0,0.2899380362797201,2025-41-204
7285,0,0.30733301788055906,2025-42-204
7286,0,0.34238009948888204,2025-43-204
7287,0,0.2899380362797201,2025-44-204
7288,0,0.2899380362797201,2025-45-204
7289,0,0.2899380362797201,2025-46-204
7290,0,0.2899380362797201,2025-47-204
7291,0,0.2899380362797201,2025-48-204
7292,0,0.2899380362797201,2025-49-204
7293,0,0.2899380362797201,2025-50-204
7294,3,0.2899380362797201,2025-51-204
7295,0,0.2899380362797201,2025-52-204
7548,1,3.7572531480308395,2025-1-205
7549,4,3.4991127303846303,2025-2-205
7550,1,3.273671611829241,2025-3-205
7551,0,3.262470580986688,2025-4-205
7552,0,2.8551477606770748,2025-5-205
7553,1,1.8826984722638784,2025-6-205
7554,0,3.186112020943249,2025-7-205
7555,0,1.3253096623539051,2025-8-205
7556,0,1.1303381613284293,2025-9-205
7557,0,0.33698337865371103,2025-10-205
7558,0,0.30733301788055906,2025-11-205
7559,0,0.34238009948888204,2025-12-205
7560,0,0.2899380362797201,2025-13-205
7561,0,0.2899380362797201,2025-14-205
7562,0,0.2899380362797201,2025-15-205
7563,0,0.2899380362797201,2025-16-205
7564,1,0.2899380362797201,2025-17-205
7565,2,0.2899380362797201,2025-18-205
7566,2,0.2899380362797201,2025-19-205
7567,1,0.2899380362797201,2025-20-205
7568,1,0.2899380362797201,2025-21-205
7569,1,0.30733301788055906,2025-22-205
7570,0,1.85146125938394,2025-23-205
7571,0,2.548208579536757,2025-24-205
7572,0,1.288547858890051,2025-25-205
7573,0,0.6501211869630968,2025-26-205
7574,1,0.40682042346371206,2025-27-205
7575,0,0.34238009948888204,2025-28-205
7576,1,0.2899380362797201,2025-29-205
7577,1,0.2899380362797201,2025-30-205
7578,1,0.2899380362797201,2025-31-205
7579,0,0.30733301788055906,2025-32-205
7580,0,0.34238009948888204,2025-33-205
7581,0,0.30733301788055906,2025-34-205
7582,1,0.3597750810897211,2025-35-205
7583,3,0.3597750810897211,2025-36-205
7584,0,0.34238009948888204,2025-37-205
7585,0,0.2899380362797201,2025-38-205
7586,2,0.2899380362797201,2025-39-205
7587,3,0.30733301788055906,2025-40-205
7588,1,2.629712282336443,2025-41-205
7589,2,1.2782643199799144,2025-42-205
7590,2,1.0592353640989962,2025-43-205
7591,0,1.2629044715079956,2025-44-205
7592,1,2.8036079646298244,2025-45-205
7593,1,1.5085204918082094,2025-46-205
7594,0,1.702487838831608,2025-47-205
7595,1,1.9889730982483056,2025-48-205
7596,1,1.2508412882402826,2025-49-205
7597,0,0.5976791237539347,2025-50-205
7598,2,0.40682042346371206,2025-51-205
7599,1,0.34238009948888204,2025-52-205
7852,0,0.33698337865371103,2025-1-206
7853,1,0.2899380362797201,2025-2-206
7854,1,0.2899380362797201,2025-3-206
7855,1,0.2899380362797201,2025-4-206
7856,0,0.2899380362797201,2025-5-206
7857,0,0.2899380362797201,2025-6-206
7858,0,0.30733301788055906,2025-7-206
7859,0,0.3597750810897211,2025-8-206
7860,1,0.3597750810897211,2025-9-206
7861,1,0.34238009948888204,2025-10-206
7862,0,0.2899380362797201,2025-11-206
7863,0,0.2899380362797201,2025-12-206
7864,0,0.2899380362797201,2025-13-206
7865,1,0.30733301788055906,2025-14-206
7866,0,0.3597750810897211,2025-15-206
7867,0,0.34238009948888204,2025-16-206
7868,0,0.2899380362797201,2025-17-206
7869,0,0.2899380362797201,2025-18-206
7870,0,0.30733301788055906,2025-19-206
7871,1,0.34238009948888204,2025-20-206
7872,0,0.2899380362797201,2025-21-206
7873,0,0.2899380362797201,2025-22-206
7874,0,0.2899380362797201,2025-23-206
7875,0,0.2899380362797201,2025-24-206
7876,0,0.30733301788055906,2025-25-206
7877,1,0.34238009948888204,2025-26-206
7878,1,0.2899380362797201,2025-27-206
7879,0,0.2899380362797201,2025-28-206
7880,1,0.2899380362797201,2025-29-206
7881,0,0.2899380362797201,2025-30-206
7882,1,0.30733301788055906,2025-31-206
7883,0,0.3597750810897211,2025-32-206
7884,0,0.34238009948888204,2025-33-206
7885,0,0.30733301788055906,2025-34-206
7886,0,0.34238009948888204,2025-35-206
7887,0,0.30733301788055906,2025-36-206
7888,2,0.34238009948888204,2025-37-206
7889,1,0.2899380362797201,2025-38-206
7890,0,0.2899380362797201,2025-39-206
7891,0,0.2899380362797201,2025-40-206
7892,3,0.2899380362797201,2025-41-206
7893,0,1.2446149484460622,2025-42-206
7894,0,1.029452347722416,2025-43-206
7895,0,0.5856808629882667,2025-44-206
7896,1,0.33698337865371103,2025-45-206
7897,0,2.595318064336648,2025-46-206
7898,0,1.2782643199799144,2025-47-206
7899,1,1.0592353640989962,2025-48-206
7900,0,0.33698337865371103,2025-49-206
7901,0,0.30733301788055906,2025-50-206
7902,0,0.34238009948888204,2025-51-206
7903,0,0.2899380362797201,2025-52-206
8156,2,5.135853389257506,2025-1-207
8157,2,2.2002080296760833,2025-2-207
8158,0,1.1909094307449286,2025-3-207
8159,0,0.35437836025455005,2025-4-207
8160,0,0.3597750810897211,2025-5-207
8161,0,1.2572169887603295,2025-6-207
8162,0,1.970683575186372,2025-7-207
8163,0,1.2508412882402826,2025-8-207
8164,0,0.5802841421530957,2025-9-207
8165,0,0.33698337865371103,2025-10-207
8166,0,0.2899380362797201,2025-11-207
8167,0,0.2899380362797201,2025-12-207
8168,1,0.2899380362797201,2025-13-207
8169,1,0.2899380362797201,2025-14-207
8170,0,0.2899380362797201,2025-15-207
8171,0,0.2899380362797201,2025-16-207
8172,0,0.2899380362797201,2025-17-207
8173,0,0.30733301788055906,2025-18-207
8174,0,0.3597750810897211,2025-19-207
8175,0,0.34238009948888204,2025-20-207
8176,1,0.2899380362797201,2025-21-207
8177,0,0.2899380362797201,2025-22-207
8178,0,0.2899380362797201,2025-23-207
8179,0,0.2899380362797201,2025-24-207
8180,0,0.2899380362797201,2025-25-207
8181,0,0.30733301788055906,2025-26-207
8182,1,0.34238009948888204,2025-27-207
8183,0,0.2899380362797201,2025-28-207
8184,0,0.2899380362797201,2025-29-207
8185,0,0.2899380362797201,2025-30-207
8186,0,0.2899380362797201,2025-31-207
8187,0,0.30733301788055906,2025-32-207
8188,0,0.34238009948888204,2025-33-207
8189,0,0.2899380362797201,2025-34-207
8190,0,0.2899380362797201,2025-35-207
8191,0,0.2899380362797201,2025-36-207
8192,0,0.2899380362797201,2025-37-207
8193,1,0.2899380362797201,2025-38-207
8194,0,0.2899380362797201,2025-39-207
8195,0,0.2899380362797201,2025-40-207
8196,0,0.2899380362797201,2025-41-207
8197,0,0.2899380362797201,2025-42-207
8198,0,0.30733301788055906,2025-43-207
8199,0,0.34238009948888204,2025-44-207
8200,1,0.2899380362797201,2025-45-207
8201,0,0.2899380362797201,2025-46-207
8202,1,0.2899380362797201,2025-47-207
8203,0,0.2899380362797201,2025-48-207
8204,0,0.2899380362797201,2025-49-207
8205,0,0.30733301788055906,2025-50-207
8206,0,0.34238009948888204,2025-51-207
8207,1,0.30733301788055906,2025-52-207
8460,0,1.262734032897817,2025-1-208
8461,0,0.5506337813799438,2025-2-208
8462,0,0.3894254418628731,2025-3-208
8463,1,0.30733301788055906,2025-4-208
8464,1,0.34238009948888204,2025-5-208
8465,0,0.2899380362797201,2025-6-208
8466,0,0.2899380362797201,2025-7-208
8467,0,0.2899380362797201,2025-8-208
8468,1,0.30733301788055906,2025-9-208
8469,0,0.3597750810897211,2025-10-208
8470,0,0.34238009948888204,2025-11-208
8471,0,0.2899380362797201,2025-12-208
8472,0,0.2899380362797201,2025-13-208
8473,1,0.30733301788055906,2025-14-208
8474,0,0.34238009948888204,2025-15-208
8475,0,0.2899380362797201,2025-16-208
8476,0,0.2899380362797201,2025-17-208
8477,1,0.2899380362797201,2025-18-208
8478,0,0.30733301788055906,2025-19-208
8479,1,0.34238009948888204,2025-20-208
8480,0,0.2899380362797201,2025-21-208
8481,0,0.2899380362797201,2025-22-208
8482,0,0.30733301788055906,2025-23-208
8483,0,0.34238009948888204,2025-24-208
8484,0,0.30733301788055906,2025-25-208
8485,0,0.34238009948888204,2025-26-208
8486,0,0.2899380362797201,2025-27-208
8487,0,0.2899380362797201,2025-28-208
8488,0,0.2899380362797201,2025-29-208
8489,0,0.2899380362797201,2025-30-208
8490,0,0.2899380362797201,2025-31-208
8491,0,0.2899380362797201,2025-32-208
8492,1,0.2899380362797201,2025-33-208
8493,0,0.2899380362797201,2025-34-208
8494,3,0.2899380362797201,2025-35-208
8495,1,0.2899380362797201,2025-36-208
8496,0,0.2899380362797201,2025-37-208
8497,1,0.30733301788055906,2025-38-208
8498,0,0.34238009948888204,2025-39-208
8499,0,2.911058220435838,2025-40-208
8500,0,1.2782643199799144,2025-41-208
8501,1,1.1303381613284293,2025-42-208
8502,0,0.35437836025455005,2025-43-208
8503,0,0.34238009948888204,2025-44-208
8504,0,0.2899380362797201,2025-45-208
8505,0,0.2899380362797201,2025-46-208
8506,0,0.30733301788055906,2025-47-208
8507,0,0.34238009948888204,2025-48-208
8508,0,0.2899380362797201,2025-49-208
8509,0,0.2899380362797201,2025-50-208
8510,0,0.2899380362797201,2025-51-208
8511,0,0.2899380362797201,2025-52-208
8764,0,0.5332387997791047,2025-1-209
8765,0,0.33698337865371103,2025-2-209
8766,0,0.30733301788055906,2025-3-209
8767,2,3.06209590220877,2025-4-209
8768,1,2.8023404772278893,2025-5-209
8769,0,1.8132599715369506,2025-6-209
8770,0,0.5802841421530957,2025-7-209
8771,0,0.33698337865371103,2025-8-209
8772,0,1.2446149484460622,2025-9-209
8773,0,1.029452347722416,2025-10-209
8774,0,0.5856808629882667,2025-11-209
8775,1,0.33698337865371103,2025-12-209
8776,1,0.2899380362797201,2025-13-209
8777,0,0.2899380362797201,2025-14-209
8778,0,0.2899380362797201,2025-15-209
8779,0,0.2899380362797201,2025-16-209
8780,0,0.30733301788055906,2025-17-209
8781,0,0.3597750810897211,2025-18-209
8782,0,0.34238009948888204,2025-19-209
8783,1,0.2899380362797201,2025-20-209
8784,0,0.2899380362797201,2025-21-209
8785,1,0.2899380362797201,2025-22-209
8786,0,0.2899380362797201,2025-23-209
8787,0,0.2899380362797201,2025-24-209
8788,0,0.30733301788055906,2025-25-209
8789,0,0.34238009948888204,2025-26-209
8790,1,0.30733301788055906,2025-27-209
8791,1,0.34238009948888204,2025-28-209
8792,0,0.2899380362797201,2025-29-209
8793,0,0.2899380362797201,2025-30-209
8794,0,0.2899380362797201,2025-31-209
8795,0,0.30733301788055906,2025-32-209
8796,1,0.3597750810897211,2025-33-209
8797,1,0.34238009948888204,2025-34-209
8798,0,0.2899380362797201,2025-35-209
8799,1,0.2899380362797201,2025-36-209
8800,0,0.2899380362797201,2025-37-209
8801,1,0.30733301788055906,2025-38-209
8802,0,0.3597750810897211,2025-39-209
8803,0,0.34238009948888204,2025-40-209
8804,0,0.30733301788055906,2025-41-209
8805,0,0.34238009948888204,2025-42-209
8806,0,0.30733301788055906,2025-43-209
8807,0,0.34238009948888204,2025-44-209
8808,1,0.2899380362797201,2025-45-209
8809,0,0.2899380362797201,2025-46-209
8810,1,0.2899380362797201,2025-47-209
8811,0,0.2899380362797201,2025-48-209
8812,2,0.2899380362797201,2025-49-209
8813,3,0.30733301788055906,2025-50-209
8814,5,0.34238009948888204,2025-51-209
8815,1,0.30733301788055906,2025-52-209
9068,1,16.17140708814278,2025-1-210
9069,3,15.982406134852829,2025-2-210
9070,2,7.478779969019213,2025-3-210
9071,1,4.882288820722527,2025-4-210
9072,0,3.2751699268046797,2025-5-210
9073,0,1.8826984722638784,2025-6-210
9074,2,2.773880037467075,2025-7-210
9075,4,2.4234496403823136,2025-8-210
9076,1,1.8221272028473794,2025-9-210
9077,1,0.6327262053622578,2025-10-210
9078,5,0.33698337865371103,2025-11-210
9079,2,1.2446149484460622,2025-12-210
9080,0,3.399711954212316,2025-13-210
9081,6,1.5085204918082094,2025-14-210
9082,1,1.273941203215187,2025-15-210
9083,2,5.218464802551585,2025-16-210
9084,3,3.49889112923331,2025-17-210
9085,0,1.907736101745709,2025-18-210
9086,0,8.717336636456986,2025-19-210
9087,1,1.649909307305993,2025-20-210
9088,1,2.2234130531977083,2025-21-210
9089,1,5.591678409817933,2025-22-210
9090,0,1.8331201367602967,2025-23-210
9091,0,1.1854434243849148,2025-24-210
9092,1,0.35437836025455005,2025-25-210
9093,2,0.3597750810897211,2025-26-210
9094,1,0.3597750810897211,2025-27-210
9095,2,0.34238009948888204,2025-28-210
9096,0,0.2899380362797201,2025-29-210
9097,0,0.30733301788055906,2025-30-210
9098,3,1.876294916301549,2025-31-210
9099,1,1.0582916870617554,2025-32-210
9100,1,1.8645058510550296,2025-33-210
9101,1,1.0964697981253173,2025-34-210
9102,1,0.5332387997791047,2025-35-210
9103,2,5.3222884080064565,2025-36-210
9104,4,1.4908287816087205,2025-37-210
9105,1,1.1477331429292683,2025-38-210
9106,5,0.40682042346371206,2025-39-210
9107,8,0.3597750810897211,2025-40-210
9108,5,1.2572169887603295,2025-41-210
9109,3,3.2201602923795876,2025-42-210
9110,2,1.5085204918082094,2025-43-210
9111,2,3.4204646898215985,2025-44-210
9112,0,6.634050378976878,2025-45-210
9113,3,4.677837538124768,2025-46-210
9114,3,4.166600775141858,2025-47-210
9115,4,2.8779895668971704,2025-48-210
9116,3,2.4435130247631633,2025-49-210
9117,4,1.2978866306142731,2025-50-210
9118,9,2.727591353182252,2025-51-210
9119,2,3.1492855596519327,2025-52-210
9372,0,0.2899380362797201,2025-1-211
9373,0,0.2899380362797201,2025-2-211
9374,0,0.2899380362797201,2025-3-211
9375,0,0.2899380362797201,2025-4-211
9376,0,0.2899380362797201,2025-5-211
9377,0,0.2899380362797201,2025-6-211
9378,0,0.2899380362797201,2025-7-211
9379,0,0.2899380362797201,2025-8-211
9380,0,0.2899380362797201,2025-9-211
9381,0,0.2899380362797201,2025-10-211
9382,0,0.2899380362797201,2025-11-211
9383,0,0.2899380362797201,2025-12-211
9384,0,0.2899380362797201,2025-13-211
9385,0,0.2899380362797201,2025-14-211
9386,0,0.2899380362797201,2025-15-211
9387,0,0.2899380362797201,2025-16-211
9388,0,0.2899380362797201,2025-17-211
9389,0,0.2899380362797201,2025-18-211
9390,0,0.2899380362797201,2025-19-211
9391,0,0.2899380362797201,2025-20-211
9392,0,0.2899380362797201,2025-21-211
9393,1,0.2899380362797201,2025-22-211
9394,0,0.2899380362797201,2025-23-211
9395,0,0.2899380362797201,2025-24-211
9396,0,0.2899380362797201,2025-25-211
9397,0,0.2899380362797201,2025-26-211
9398,0,0.30733301788055906,2025-27-211
9399,0,0.34238009948888204,2025-28-211
9400,0,0.2899380362797201,2025-29-211
9401,0,0.2899380362797201,2025-30-211
9402,0,0.2899380362797201,2025-31-211
9403,0,0.2899380362797201,2025-32-211
9404,0,0.2899380362797201,2025-33-211
9405,0,0.2899380362797201,2025-34-211
9406,0,0.2899380362797201,2025-35-211
9407,0,0.2899380362797201,2025-36-211
9408,0,0.2899380362797201,2025-37-211
9409,0,0.2899380362797201,2025-38-211
9410,0,0.2899380362797201,2025-39-211
9411,0,0.2899380362797201,2025-40-211
9412,0,0.2899380362797201,2025-41-211
9413,0,0.2899380362797201,2025-42-211
9414,0,0.2899380362797201,2025-43-211
9415,0,0.2899380362797201,2025-44-211
9416,0,0.2899380362797201,2025-45-211
9417,0,0.2899380362797201,2025-46-211
9418,0,0.2899380362797201,2025-47-211
9419,0,0.2899380362797201,2025-48-211
9420,0,0.2899380362797201,2025-49-211
9421,0,0.2899380362797201,2025-50-211
9422,0,0.2899380362797201,2025-51-211
9423,0,0.2899380362797201,2025-52-211
9676,0,0.2899380362797201,2025-1-212
9677,0,0.2899380362797201,2025-2-212
9678,0,0.2899380362797201,2025-3-212
9679,0,0.2899380362797201,2025-4-212
9680,0,0.2899380362797201,2025-5-212
9681,0,0.2899380362797201,2025-6-212
9682,0,0.2899380362797201,2025-7-212
9683,0,0.2899380362797201,2025-8-212
9684,0,0.2899380362797201,2025-9-212
9685,0,0.2899380362797201,2025-10-212
9686,0,0.2899380362797201,2025-11-212
9687,0,0.2899380362797201,2025-12-212
9688,0,0.2899380362797201,2025-13-212
9689,0,0.2899380362797201,2025-14-212
9690,0,0.2899380362797201,2025-15-212
9691,0,0.2899380362797201,2025-16-212
9692,0,0.2899380362797201,2025-17-212
9693,0,0.2899380362797201,2025-18-212
9694,0,0.2899380362797201,2025-19-212
9695,0,0.2899380362797201,2025-20-212
9696,0,0.2899380362797201,2025-21-212
9697,0,0.2899380362797201,2025-22-212
9698,0,0.2899380362797201,2025-23-212
9699,0,0.2899380362797201,2025-24-212
9700,0,0.2899380362797201,2025-25-212
9701,0,0.2899380362797201,2025-26-212
9702,0,0.2899380362797201,2025-27-212
9703,0,0.2899380362797201,2025-28-212
9704,0,0.2899380362797201,2025-29-212
9705,0,0.2899380362797201,2025-30-212
9706,0,0.2899380362797201,2025-31-212
9707,0,0.2899380362797201,2025-32-212
9708,0,0.2899380362797201,2025-33-212
9709,0,0.2899380362797201,2025-34-212
9710,0,0.2899380362797201,2025-35-212
9711,0,0.2899380362797201,2025-36-212
9712,0,0.2899380362797201,2025-37-212
9713,0,0.2899380362797201,2025-38-212
9714,0,0.2899380362797201,2025-39-212
9715,0,0.2899380362797201,2025-40-212
9716,0,0.2899380362797201,2025-41-212
9717,1,0.2899380362797201,2025-42-212
9718,0,0.2899380362797201,2025-43-212
9719,0,0.2899380362797201,2025-44-212
9720,0,0.2899380362797201,2025-45-212
9721,0,0.2899380362797201,2025-46-212
9722,0,0.30733301788055906,2025-47-212
9723,0,0.34238009948888204,2025-48-212
9724,0,0.2899380362797201,2025-49-212
9725,0,0.2899380362797201,2025-50-212
9726,0,0.2899380362797201,2025-51-212
9727,0,0.2899380362797201,2025-52-212
9980,0,0.2899380362797201,2025-1-213
9981,0,0.2899380362797201,2025-2-213
9982,1,0.2899380362797201,2025-3-213
9983,0,0.2899380362797201,2025-4-213
9984,0,0.2899380362797201,2025-5-213
9985,0,0.2899380362797201,2025-6-213
9986,0,0.2899380362797201,2025-7-213
9987,0,0.30733301788055906,2025-8-213
9988,0,0.34238009948888204,2025-9-213
9989,0,0.2899380362797201,2025-10-213
9990,0,0.2899380362797201,2025-11-213
9991,0,0.2899380362797201,2025-12-213
9992,0,0.2899380362797201,2025-13-213
9993,1,0.2899380362797201,2025-14-213
9994,0,0.2899380362797201,2025-15-213
9995,0,0.2899380362797201,2025-16-213
9996,0,0.2899380362797201,2025-17-213
9997,0,0.2899380362797201,2025-18-213
9998,0,0.30733301788055906,2025-19-213
9999,0,0.34238009948888204,2025-20-213
10000,0,0.2899380362797201,2025-21-213
10001,0,0.2899380362797201,2025-22-213
10002,0,0.2899380362797201,2025-23-213
10003,0,0.2899380362797201,2025-24-213
10004,0,0.2899380362797201,2025-25-213
10005,0,0.2899380362797201,2025-26-213
10006,0,0.2899380362797201,2025-27-213
10007,1,0.2899380362797201,2025-28-213
10008,0,0.2899380362797201,2025-29-213
10009,0,0.2899380362797201,2025-30-213
10010,1,0.2899380362797201,2025-31-213
10011,0,0.2899380362797201,2025-32-213
10012,0,0.30733301788055906,2025-33-213
10013,0,0.34238009948888204,2025-34-213
10014,0,0.2899380362797201,2025-35-213
10015,0,0.30733301788055906,2025-36-213
10016,0,0.34238009948888204,2025-37-213
10017,0,0.2899380362797201,2025-38-213
10018,0,0.2899380362797201,2025-39-213
10019,0,0.2899380362797201,2025-40-213
10020,0,0.2899380362797201,2025-41-213
10021,0,0.2899380362797201,2025-42-213
10022,0,0.2899380362797201,2025-43-213
10023,0,0.2899380362797201,2025-44-213
10024,0,0.2899380362797201,2025-45-213
10025,0,0.2899380362797201,2025-46-213
10026,0,0.2899380362797201,2025-47-213
10027,2,0.2899380362797201,2025-48-213
10028,0,0.2899380362797201,2025-49-213
10029,1,0.2899380362797201,2025-50-213
10030,1,0.2899380362797201,2025-51-213
10031,1,0.2899380362797201,2025-52-213
10284,1,6.350259427325118,2025-1-214
10285,1,6.009044964959414,2025-2-214
10286,0,4.668271797424374,2025-3-214
10287,0,3.3235658383607913,2025-4-214
10288,0,1.8738312409534494,2025-5-214
10289,0,0.5976791237539347,2025-6-214
10290,0,0.40682042346371206,2025-7-214
10291,0,0.34238009948888204,2025-8-214
10292,0,0.2899380362797201,2025-9-214
10293,0,0.2899380362797201,2025-10-214
10294,0,0.2899380362797201,2025-11-214
10295,0,0.2899380362797201,2025-12-214
10296,0,0.2899380362797201,2025-13-214
10297,0,0.2899380362797201,2025-14-214
10298,0,0.2899380362797201,2025-15-214
10299,0,0.2899380362797201,2025-16-214
10300,0,0.2899380362797201,2025-17-214
10301,0,0.2899380362797201,2025-18-214
10302,0,0.2899380362797201,2025-19-214
10303,0,0.2899380362797201,2025-20-214
10304,0,0.2899380362797201,2025-21-214
10305,0,0.2899380362797201,2025-22-214
10306,0,0.2899380362797201,2025-23-214
10307,0,0.2899380362797201,2025-24-214
10308,2,0.2899380362797201,2025-25-214
10309,1,0.2899380362797201,2025-26-214
10310,1,0.2899380362797201,2025-27-214
10311,3,0.2899380362797201,2025-28-214
10312,4,0.2899380362797201,2025-29-214
10313,3,1.8636928759872817,2025-30-214
10314,1,1.0582916870617554,2025-31-214
10315,10,0.6030758445891058,2025-32-214
10316,4,5.271781881406009,2025-33-214
10317,1,7.2767083655465505,2025-34-214
10318,3,7.627896175718725,2025-35-214
10319,0,2.9389288814197716,2025-36-214
10320,0,12.017845273411933,2025-37-214
10321,1,6.767731445444285,2025-38-214
10322,0,2.2452894178283493,2025-39-214
10323,1,3.4238753162621554,2025-40-214
10324,1,1.391042107156713,2025-41-214
10325,1,1.0592353640989962,2025-42-214
10326,1,0.35437836025455005,2025-43-214
10327,1,0.34238009948888204,2025-44-214
10328,0,0.30733301788055906,2025-45-214
10329,1,0.3597750810897211,2025-46-214
10330,0,0.3597750810897211,2025-47-214
10331,0,0.3597750810897211,2025-48-214
10332,3,0.3597750810897211,2025-49-214
10333,3,0.34238009948888204,2025-50-214
10334,6,0.30733301788055906,2025-51-214
10335,1,0.34238009948888204,2025-52-214
10588,0,0.30733301788055906,2025-1-215
10589,0,0.34238009948888204,2025-2-215
10590,1,0.2899380362797201,2025-3-215
10591,0,0.2899380362797201,2025-4-215
10592,0,0.30733301788055906,2025-5-215
10593,0,0.34238009948888204,2025-6-215
10594,0,0.2899380362797201,2025-7-215
10595,0,0.30733301788055906,2025-8-215
10596,0,0.34238009948888204,2025-9-215
10597,0,0.2899380362797201,2025-10-215
10598,1,0.2899380362797201,2025-11-215
10599,0,0.2899380362797201,2025-12-215
10600,0,0.2899380362797201,2025-13-215
10601,0,0.2899380362797201,2025-14-215
10602,0,0.2899380362797201,2025-15-215
10603,0,0.30733301788055906,2025-16-215
10604,1,0.34238009948888204,2025-17-215
10605,0,0.2899380362797201,2025-18-215
10606,0,0.2899380362797201,2025-19-215
10607,0,0.2899380362797201,2025-20-215
10608,0,0.2899380362797201,2025-21-215
10609,0,0.30733301788055906,2025-22-215
10610,0,0.34238009948888204,2025-23-215
10611,0,0.2899380362797201,2025-24-215
10612,0,0.2899380362797201,2025-25-215
10613,0,0.2899380362797201,2025-26-215
10614,0,0.2899380362797201,2025-27-215
10615,1,0.2899380362797201,2025-28-215
10616,0,0.2899380362797201,2025-29-215
10617,0,0.2899380362797201,2025-30-215
10618,1,0.2899380362797201,2025-31-215
10619,0,0.2899380362797201,2025-32-215
10620,0,0.30733301788055906,2025-33-215
10621,0,0.34238009948888204,2025-34-215
10622,0,0.2899380362797201,2025-35-215
10623,0,0.30733301788055906,2025-36-215
10624,0,0.34238009948888204,2025-37-215
10625,0,0.2899380362797201,2025-38-215
10626,0,0.2899380362797201,2025-39-215
10627,0,0.2899380362797201,2025-40-215
10628,0,0.2899380362797201,2025-41-215
10629,1,0.2899380362797201,2025-42-215
10630,0,0.2899380362797201,2025-43-215
10631,1,0.2899380362797201,2025-44-215
10632,0,0.2899380362797201,2025-45-215
10633,0,0.2899380362797201,2025-46-215
10634,0,0.30733301788055906,2025-47-215
10635,0,0.34238009948888204,2025-48-215
10636,0,0.30733301788055906,2025-49-215
10637,0,0.34238009948888204,2025-50-215
10638,1,0.2899380362797201,2025-51-215
10639,2,0.2899380362797201,2025-52-215
10892,1,0.35437836025455005,2025-1-216
10893,2,3.385612655533165,2025-2-216
10894,2,3.130996036589999,2025-3-216
10895,0,2.070939175104877,2025-4-216
10896,1,1.1198066335154955,2025-5-216
10897,0,0.35437836025455005,2025-6-216
10898,0,1.2572169887603295,2025-7-216
10899,0,1.970683575186372,2025-8-216
10900,0,1.2508412882402826,2025-9-216
10901,0,0.5976791237539347,2025-10-216
10902,0,0.3894254418628731,2025-11-216
10903,1,0.2899380362797201,2025-12-216
10904,0,0.2899380362797201,2025-13-216
10905,0,0.2899380362797201,2025-14-216
10906,0,0.2899380362797201,2025-15-216
10907,1,0.2899380362797201,2025-16-216
10908,0,0.30733301788055906,2025-17-216
10909,0,0.34238009948888204,2025-18-216
10910,0,0.2899380362797201,2025-19-216
10911,1,0.2899380362797201,2025-20-216
10912,0,0.30733301788055906,2025-21-216
10913,0,0.34238009948888204,2025-22-216
10914,0,0.2899380362797201,2025-23-216
10915,0,0.2899380362797201,2025-24-216
10916,0,0.30733301788055906,2025-25-216
10917,0,0.34238009948888204,2025-26-216
10918,0,0.2899380362797201,2025-27-216
10919,2,0.2899380362797201,2025-28-216
10920,0,0.2899380362797201,2025-29-216
10921,3,0.2899380362797201,2025-30-216
10922,3,0.2899380362797201,2025-31-216
10923,0,0.2899380362797201,2025-32-216
10924,0,1.8388592190696726,2025-33-216
10925,0,1.0494244557513264,2025-34-216
10926,0,5.313136862180296,2025-35-216
10927,0,6.096185775076725,2025-36-216
10928,0,2.283503636733683,2025-37-216
10929,0,1.1198066335154955,2025-38-216
10930,0,0.33698337865371103,2025-39-216
10931,0,0.2899380362797201,2025-40-216
10932,0,0.2899380362797201,2025-41-216
10933,0,0.2899380362797201,2025-42-216
10934,0,0.2899380362797201,2025-43-216
10935,0,0.2899380362797201,2025-44-216
10936,0,0.2899380362797201,2025-45-216
10937,0,0.2899380362797201,2025-46-216
10938,0,0.2899380362797201,2025-47-216
10939,1,0.2899380362797201,2025-48-216
10940,0,0.2899380362797201,2025-49-216
10941,1,0.2899380362797201,2025-50-216
10942,2,0.2899380362797201,2025-51-216
10943,1,0.2899380362797201,2025-52-216
11196,0,1.1909094307449286,2025-1-301
11197,2,0.33698337865371103,2025-2-301
11198,0,5.719700995846421,2025-3-301
11199,1,2.830983219392457,2025-4-301
11200,3,1.8221272028473794,2025-5-301
11201,0,0.6327262053622578,2025-6-301
11202,0,1.2629044715079956,2025-7-301
11203,2,2.5935489471105733,2025-8-301
11204,0,0.5506337813799438,2025-9-301
11205,0,2.826653945014475,2025-10-301
11206,1,1.6813117617515831,2025-11-301
11207,0,1.0592353640989962,2025-12-301
11208,2,1.2629044715079956,2025-13-301
11209,2,1.020585116411987,2025-14-301
11210,0,0.5332387997791047,2025-15-301
11211,1,0.35437836025455005,2025-16-301
11212,1,0.34238009948888204,2025-17-301
11213,0,1.7354654255812512,2025-18-301
11214,0,2.4328320647074735,2025-19-301
11215,1,2.8526444582782067,2025-20-301
11216,0,0.5976791237539347,2025-21-301
11217,0,0.40682042346371206,2025-22-301
11218,1,0.34238009948888204,2025-23-301
11219,0,0.2899380362797201,2025-24-301
11220,0,0.30733301788055906,2025-25-301
11221,0,0.34238009948888204,2025-26-301
11222,0,0.2899380362797201,2025-27-301
11223,0,0.30733301788055906,2025-28-301
11224,2,0.34238009948888204,2025-29-301
11225,0,0.2899380362797201,2025-30-301
11226,1,0.2899380362797201,2025-31-301
11227,0,0.2899380362797201,2025-32-301
11228,0,0.2899380362797201,2025-33-301
11229,0,1.6986490473227804,2025-34-301
11230,1,1.0494244557513264,2025-35-301
11231,0,0.5506337813799438,2025-36-301
11232,0,0.3894254418628731,2025-37-301
11233,0,0.2899380362797201,2025-38-301
11234,0,0.2899380362797201,2025-39-301
11235,0,0.30733301788055906,2025-40-301
11236,0,0.34238009948888204,2025-41-301
11237,0,0.2899380362797201,2025-42-301
11238,0,0.2899380362797201,2025-43-301
11239,0,0.2899380362797201,2025-44-301
11240,2,0.2899380362797201,2025-45-301
11241,0,0.2899380362797201,2025-46-301
11242,0,0.2899380362797201,2025-47-301
11243,0,0.2899380362797201,2025-48-301
11244,0,0.2899380362797201,2025-49-301
11245,1,1.2446149484460622,2025-50-301
11246,0,1.020585116411987,2025-51-301
11247,0,0.5332387997791047,2025-52-301
11500,1,1.359289645480073,2025-1-302
11501,1,1.0592353640989962,2025-2-302
11502,0,0.33698337865371103,2025-3-302
11503,0,0.30733301788055906,2025-4-302
11504,0,0.34238009948888204,2025-5-302
11505,0,0.30733301788055906,2025-6-302
11506,0,0.3597750810897211,2025-7-302
11507,0,0.6541553987850555,2025-8-302
11508,1,0.2899380362797201,2025-9-302
11509,0,0.2899380362797201,2025-10-302
11510,1,0.2899380362797201,2025-11-302
11511,0,0.2899380362797201,2025-12-302
11512,0,0.2899380362797201,2025-13-302
11513,1,0.30733301788055906,2025-14-302
11514,1,0.34238009948888204,2025-15-302
11515,1,0.30733301788055906,2025-16-302
11516,0,0.34238009948888204,2025-17-302
11517,0,0.2899380362797201,2025-18-302
11518,0,0.30733301788055906,2025-19-302
11519,0,0.6715503803858944,2025-20-302
11520,0,0.3597750810897211,2025-21-302
11521,0,0.34238009948888204,2025-22-302
11522,0,0.2899380362797201,2025-23-302
11523,0,0.2899380362797201,2025-24-302
11524,1,0.2899380362797201,2025-25-302
11525,0,0.2899380362797201,2025-26-302
11526,0,0.2899380362797201,2025-27-302
11527,0,0.2899380362797201,2025-28-302
11528,0,0.2899380362797201,2025-29-302
11529,0,0.30733301788055906,2025-30-302
11530,1,0.34238009948888204,2025-31-302
11531,0,0.2899380362797201,2025-32-302
11532,0,0.2899380362797201,2025-33-302
11533,1,0.2899380362797201,2025-34-302
11534,0,0.2899380362797201,2025-35-302
11535,0,0.30733301788055906,2025-36-302
11536,0,0.34238009948888204,2025-37-302
11537,0,0.2899380362797201,2025-38-302
11538,0,0.30733301788055906,2025-39-302
11539,0,0.34238009948888204,2025-40-302
11540,0,0.2899380362797201,2025-41-302
11541,0,0.2899380362797201,2025-42-302
11542,0,0.2899380362797201,2025-43-302
11543,0,0.2899380362797201,2025-44-302
11544,0,0.2899380362797201,2025-45-302
11545,0,0.2899380362797201,2025-46-302
11546,0,0.2899380362797201,2025-47-302
11547,0,0.2899380362797201,2025-48-302
11548,1,0.2899380362797201,2025-49-302
11549,0,0.2899380362797201,2025-50-302
11550,0,0.2899380362797201,2025-51-302
11551,0,0.2899380362797201,2025-52-302
11804,1,2.212535770021535,2025-1-303
11805,1,4.054316538261232,2025-2-303
11806,1,6.176465229253583,2025-3-303
11807,0,4.128565490561381,2025-4-303
11808,0,2.131510444521376,2025-5-303
11809,1,1.1372016151163344,2025-6-303
11810,0,0.40682042346371206,2025-7-303
11811,0,0.6715503803858944,2025-8-303
11812,0,0.34238009948888204,2025-9-303
11813,1,0.2899380362797201,2025-10-303
11814,0,0.30733301788055906,2025-11-303
11815,0,0.34238009948888204,2025-12-303
11816,1,0.2899380362797201,2025-13-303
11817,0,0.2899380362797201,2025-14-303
11818,0,0.30733301788055906,2025-15-303
11819,1,0.34238009948888204,2025-16-303
11820,0,0.2899380362797201,2025-17-303
11821,0,0.30733301788055906,2025-18-303
11822,0,0.34238009948888204,2025-19-303
11823,2,0.43668608561271777,2025-20-303
11824,0,0.30733301788055906,2025-21-303
11825,0,0.34238009948888204,2025-22-303
11826,0,0.2899380362797201,2025-23-303
11827,1,0.2899380362797201,2025-24-303
11828,0,1.6986490473227804,2025-25-303
11829,0,1.0494244557513264,2025-26-303
11830,2,0.5332387997791047,2025-27-303
11831,2,0.33698337865371103,2025-28-303
11832,3,0.30733301788055906,2025-29-303
11833,3,0.34238009948888204,2025-30-303
11834,2,0.2899380362797201,2025-31-303
11835,1,1.7234827042403893,2025-32-303
11836,1,2.407998407789864,2025-33-303
11837,1,5.162976493916016,2025-34-303
11838,0,5.3896695123013565,2025-35-303
11839,1,3.5058310226781355,2025-36-303
11840,0,1.9115378116032176,2025-37-303
11841,0,0.6501211869630968,2025-38-303
11842,0,0.40682042346371206,2025-39-303
11843,1,0.34238009948888204,2025-40-303
11844,0,0.30733301788055906,2025-41-303
11845,0,0.34238009948888204,2025-42-303
11846,2,0.2899380362797201,2025-43-303
11847,4,0.2899380362797201,2025-44-303
11848,3,0.30733301788055906,2025-45-303
11849,1,0.34238009948888204,2025-46-303
11850,1,0.2899380362797201,2025-47-303
11851,4,1.2446149484460622,2025-48-303
11852,0,3.2201602923795876,2025-49-303
11853,2,3.709560395828762,2025-50-303
11854,2,2.5345578862930447,2025-51-303
11855,0,1.2083044123457676,2025-52-303
12108,0,2.212535770021535,2025-1-304
12109,0,1.1198066335154955,2025-2-304
12110,0,0.33698337865371103,2025-3-304
12111,0,1.2446149484460622,2025-4-304
12112,0,1.029452347722416,2025-5-304
12113,0,0.5856808629882667,2025-6-304
12114,0,0.33698337865371103,2025-7-304
12115,0,0.43668608561271777,2025-8-304
12116,0,0.2899380362797201,2025-9-304
12117,0,0.2899380362797201,2025-10-304
12118,0,0.2899380362797201,2025-11-304
12119,0,0.2899380362797201,2025-12-304
12120,0,0.2899380362797201,2025-13-304
12121,0,0.2899380362797201,2025-14-304
12122,0,0.2899380362797201,2025-15-304
12123,0,0.2899380362797201,2025-16-304
12124,0,0.2899380362797201,2025-17-304
12125,1,0.2899380362797201,2025-18-304
12126,0,0.2899380362797201,2025-19-304
12127,0,0.43668608561271777,2025-20-304
12128,0,0.2899380362797201,2025-21-304
12129,0,0.2899380362797201,2025-22-304
12130,0,0.30733301788055906,2025-23-304
12131,2,0.34238009948888204,2025-24-304
12132,0,0.2899380362797201,2025-25-304
12133,0,0.2899380362797201,2025-26-304
12134,1,0.2899380362797201,2025-27-304
12135,1,0.2899380362797201,2025-28-304
12136,0,1.7431494578318112,2025-29-304
12137,0,1.0494244557513264,2025-30-304
12138,0,0.5332387997791047,2025-31-304
12139,0,0.35437836025455005,2025-32-304
12140,0,0.3597750810897211,2025-33-304
12141,0,0.34238009948888204,2025-34-304
12142,0,0.2899380362797201,2025-35-304
12143,0,0.2899380362797201,2025-36-304
12144,0,0.2899380362797201,2025-37-304
12145,0,0.2899380362797201,2025-38-304
12146,0,0.2899380362797201,2025-39-304
12147,0,0.2899380362797201,2025-40-304
12148,2,0.2899380362797201,2025-41-304
12149,0,0.2899380362797201,2025-42-304
12150,0,0.2899380362797201,2025-43-304
12151,1,0.2899380362797201,2025-44-304
12152,0,0.2899380362797201,2025-45-304
12153,0,1.2446149484460622,2025-46-304
12154,1,1.020585116411987,2025-47-304
12155,0,0.5332387997791047,2025-48-304
12156,0,0.35437836025455005,2025-49-304
12157,0,0.34238009948888204,2025-50-304
12158,0,0.2899380362797201,2025-51-304
12159,0,0.30733301788055906,2025-52-304
12412,1,9.685319642979646,2025-1-305
12413,1,5.5985315982854695,2025-2-305
12414,2,7.180833753884197,2025-3-305
12415,5,6.599517978279646,2025-4-305
12416,0,2.131510444521376,2025-5-305
12417,3,1.2083044123457676,2025-6-305
12418,1,0.40682042346371206,2025-7-305
12419,0,1.2572169887603295,2025-8-305
12420,0,3.391956185717774,2025-9-305
12421,0,1.5085204918082094,2025-10-305
12422,0,2.789733449971709,2025-11-305
12423,0,1.3253096623539051,2025-12-305
12424,0,1.1303381613284293,2025-13-305
12425,0,0.33698337865371103,2025-14-305
12426,0,0.2899380362797201,2025-15-305
12427,0,0.2899380362797201,2025-16-305
12428,0,0.2899380362797201,2025-17-305
12429,0,0.2899380362797201,2025-18-305
12430,0,0.2899380362797201,2025-19-305
12431,2,0.43668608561271777,2025-20-305
12432,0,0.2899380362797201,2025-21-305
12433,0,0.2899380362797201,2025-22-305
12434,0,0.2899380362797201,2025-23-305
12435,0,0.2899380362797201,2025-24-305
12436,0,1.7431494578318112,2025-25-305
12437,2,1.0494244557513264,2025-26-305
12438,0,0.5332387997791047,2025-27-305
12439,0,0.33698337865371103,2025-28-305
12440,0,0.2899380362797201,2025-29-305
12441,0,0.2899380362797201,2025-30-305
12442,0,1.8636928759872817,2025-31-305
12443,1,1.0494244557513264,2025-32-305
12444,0,0.5332387997791047,2025-33-305
12445,1,0.33698337865371103,2025-34-305
12446,1,0.2899380362797201,2025-35-305
12447,0,0.2899380362797201,2025-36-305
12448,1,0.30733301788055906,2025-37-305
12449,0,0.34238009948888204,2025-38-305
12450,0,0.30733301788055906,2025-39-305
12451,0,0.3597750810897211,2025-40-305
12452,0,0.34238009948888204,2025-41-305
12453,0,0.30733301788055906,2025-42-305
12454,0,0.34238009948888204,2025-43-305
12455,0,0.2899380362797201,2025-44-305
12456,1,0.2899380362797201,2025-45-305
12457,0,0.2899380362797201,2025-46-305
12458,5,0.2899380362797201,2025-47-305
12459,4,0.2899380362797201,2025-48-305
12460,2,0.2899380362797201,2025-49-305
12461,4,0.30733301788055906,2025-50-305
12462,7,0.34238009948888204,2025-51-305
12463,6,3.253325695530453,2025-52-305
12716,0,0.2899380362797201,2025-1-306
12717,0,0.2899380362797201,2025-2-306
12718,0,0.2899380362797201,2025-3-306
12719,0,0.2899380362797201,2025-4-306
12720,0,0.2899380362797201,2025-5-306
12721,0,0.2899380362797201,2025-6-306
12722,0,0.2899380362797201,2025-7-306
12723,0,0.43668608561271777,2025-8-306
12724,0,0.2899380362797201,2025-9-306
12725,0,0.2899380362797201,2025-10-306
12726,0,0.2899380362797201,2025-11-306
12727,0,0.2899380362797201,2025-12-306
12728,0,0.2899380362797201,2025-13-306
12729,0,0.2899380362797201,2025-14-306
12730,1,0.2899380362797201,2025-15-306
12731,1,0.2899380362797201,2025-16-306
12732,0,0.2899380362797201,2025-17-306
12733,0,0.2899380362797201,2025-18-306
12734,0,0.2899380362797201,2025-19-306
12735,0,0.4540810672135568,2025-20-306
12736,0,0.3597750810897211,2025-21-306
12737,0,0.34238009948888204,2025-22-306
12738,0,0.2899380362797201,2025-23-306
12739,0,0.2899380362797201,2025-24-306
12740,0,0.2899380362797201,2025-25-306
12741,0,0.2899380362797201,2025-26-306
12742,1,0.2899380362797201,2025-27-306
12743,0,0.2899380362797201,2025-28-306
12744,0,0.2899380362797201,2025-29-306
12745,0,0.2899380362797201,2025-30-306
12746,0,0.2899380362797201,2025-31-306
12747,0,0.30733301788055906,2025-32-306
12748,0,0.34238009948888204,2025-33-306
12749,0,0.2899380362797201,2025-34-306
12750,0,0.2899380362797201,2025-35-306
12751,0,0.2899380362797201,2025-36-306
12752,0,0.2899380362797201,2025-37-306
12753,0,0.2899380362797201,2025-38-306
12754,0,0.2899380362797201,2025-39-306
12755,0,0.2899380362797201,2025-40-306
12756,0,0.2899380362797201,2025-41-306
12757,0,0.2899380362797201,2025-42-306
12758,0,0.2899380362797201,2025-43-306
12759,0,0.2899380362797201,2025-44-306
12760,0,0.2899380362797201,2025-45-306
12761,0,0.2899380362797201,2025-46-306
12762,0,0.2899380362797201,2025-47-306
12763,0,0.2899380362797201,2025-48-306
12764,0,0.2899380362797201,2025-49-306
12765,1,0.2899380362797201,2025-50-306
12766,1,0.2899380362797201,2025-51-306
12767,1,0.2899380362797201,2025-52-306
13020,0,0.30733301788055906,2025-1-307
13021,0,0.34238009948888204,2025-2-307
13022,0,0.2899380362797201,2025-3-307
13023,0,0.2899380362797201,2025-4-307
13024,0,0.2899380362797201,2025-5-307
13025,0,0.2899380362797201,2025-6-307
13026,0,0.2899380362797201,2025-7-307
13027,0,0.43668608561271777,2025-8-307
13028,0,0.2899380362797201,2025-9-307
13029,0,0.2899380362797201,2025-10-307
13030,0,0.2899380362797201,2025-11-307
13031,0,0.2899380362797201,2025-12-307
13032,0,0.2899380362797201,2025-13-307
13033,0,0.2899380362797201,2025-14-307
13034,0,0.2899380362797201,2025-15-307
13035,0,0.2899380362797201,2025-16-307
13036,0,0.2899380362797201,2025-17-307
13037,0,0.2899380362797201,2025-18-307
13038,0,0.2899380362797201,2025-19-307
13039,0,0.43668608561271777,2025-20-307
13040,0,0.2899380362797201,2025-21-307
13041,0,0.2899380362797201,2025-22-307
13042,0,0.2899380362797201,2025-23-307
13043,0,0.2899380362797201,2025-24-307
13044,0,0.2899380362797201,2025-25-307
13045,0,0.2899380362797201,2025-26-307
13046,1,0.2899380362797201,2025-27-307
13047,1,0.2899380362797201,2025-28-307
13048,1,0.2899380362797201,2025-29-307
13049,0,0.2899380362797201,2025-30-307
13050,2,0.2899380362797201,2025-31-307
13051,0,0.30733301788055906,2025-32-307
13052,0,0.3597750810897211,2025-33-307
13053,0,0.3597750810897211,2025-34-307
13054,0,0.34238009948888204,2025-35-307
13055,0,1.6986490473227804,2025-36-307
13056,0,1.0494244557513264,2025-37-307
13057,0,0.5332387997791047,2025-38-307
13058,0,0.33698337865371103,2025-39-307
13059,1,0.2899380362797201,2025-40-307
13060,0,0.2899380362797201,2025-41-307
13061,0,0.2899380362797201,2025-42-307
13062,0,0.2899380362797201,2025-43-307
13063,0,0.2899380362797201,2025-44-307
13064,0,0.30733301788055906,2025-45-307
13065,0,0.34238009948888204,2025-46-307
13066,0,0.2899380362797201,2025-47-307
13067,2,0.2899380362797201,2025-48-307
13068,1,0.2899380362797201,2025-49-307
13069,0,0.2899380362797201,2025-50-307
13070,0,0.2899380362797201,2025-51-307
13071,0,0.2899380362797201,2025-52-307
13324,0,2.1519645006050356,2025-1-308
13325,1,1.932651295854139,2025-2-308
13326,0,2.0118149044684013,2025-3-308
13327,0,2.0505467652995573,2025-4-308
13328,1,2.068836288361491,2025-5-308
13329,0,1.2978866306142731,2025-6-308
13330,0,0.5976791237539347,2025-7-308
13331,0,0.7012007411590463,2025-8-308
13332,0,0.2899380362797201,2025-9-308
13333,0,0.30733301788055906,2025-10-308
13334,3,0.34238009948888204,2025-11-308
13335,0,0.2899380362797201,2025-12-308
13336,0,0.2899380362797201,2025-13-308
13337,0,0.2899380362797201,2025-14-308
13338,0,0.2899380362797201,2025-15-308
13339,0,3.2060463405281623,2025-16-308
13340,1,1.3668633385961548,2025-17-308
13341,0,1.0592353640989962,2025-18-308
13342,0,0.33698337865371103,2025-19-308
13343,0,0.43668608561271777,2025-20-308
13344,0,0.2899380362797201,2025-21-308
13345,0,0.30733301788055906,2025-22-308
13346,0,0.34238009948888204,2025-23-308
13347,0,0.2899380362797201,2025-24-308
13348,0,0.2899380362797201,2025-25-308
13349,0,0.2899380362797201,2025-26-308
13350,0,0.2899380362797201,2025-27-308
13351,0,0.2899380362797201,2025-28-308
13352,2,0.2899380362797201,2025-29-308
13353,2,0.2899380362797201,2025-30-308
13354,0,0.2899380362797201,2025-31-308
13355,1,0.2899380362797201,2025-32-308
13356,1,0.2899380362797201,2025-33-308
13357,0,1.9670654997649395,2025-34-308
13358,0,2.407998407789864,2025-35-308
13359,0,1.279680627579622,2025-36-308
13360,0,0.5976791237539347,2025-37-308
13361,0,0.40682042346371206,2025-38-308
13362,0,0.34238009948888204,2025-39-308
13363,0,0.2899380362797201,2025-40-308
13364,1,0.2899380362797201,2025-41-308
13365,0,0.2899380362797201,2025-42-308
13366,0,0.2899380362797201,2025-43-308
13367,0,0.2899380362797201,2025-44-308
13368,1,0.2899380362797201,2025-45-308
13369,1,0.30733301788055906,2025-46-308
13370,0,0.34238009948888204,2025-47-308
13371,0,0.2899380362797201,2025-48-308
13372,0,0.2899380362797201,2025-49-308
13373,1,0.30733301788055906,2025-50-308
13374,0,0.3597750810897211,2025-51-308
13375,0,0.34238009948888204,2025-52-308
13628,1,3.827201850880081,2025-1-401
13629,2,5.3423288200214,2025-2-401
13630,3,4.2870465306549,2025-3-401
13631,1,3.8134388937448795,2025-4-401
13632,1,2.131510444521376,2025-5-401
13633,0,1.1372016151163344,2025-6-401
13634,1,1.2755065118222628,2025-7-401
13635,0,2.8036079646298244,2025-8-401
13636,0,1.5085204918082094,2025-9-401
13637,1,1.2083044123457676,2025-10-401
13638,0,0.3894254418628731,2025-11-401
13639,1,0.30733301788055906,2025-12-401
13640,0,0.34238009948888204,2025-13-401
13641,0,0.2899380362797201,2025-14-401
13642,0,0.30733301788055906,2025-15-401
13643,1,0.34238009948888204,2025-16-401
13644,2,0.30733301788055906,2025-17-401
13645,1,0.34238009948888204,2025-18-401
13646,0,0.2899380362797201,2025-19-401
13647,0,0.2899380362797201,2025-20-401
13648,0,0.30733301788055906,2025-21-401
13649,1,1.7112510876370477,2025-22-401
13650,3,1.0582916870617554,2025-23-401
13651,1,0.5856808629882667,2025-24-401
13652,1,0.33698337865371103,2025-25-401
13653,0,0.2899380362797201,2025-26-401
13654,2,0.30733301788055906,2025-27-401
13655,2,4.5148710127161875,2025-28-401
13656,0,1.4908287816087205,2025-29-401
13657,11,1.1477331429292683,2025-30-401
13658,1,0.3894254418628731,2025-31-401
13659,2,1.7234827042403893,2025-32-401
13660,2,2.407998407789864,2025-33-401
13661,6,1.279680627579622,2025-34-401
13662,2,11.82236848779946,2025-35-401
13663,4,1.5378741239827114,2025-36-401
13664,0,2.055773126226922,2025-37-401
13665,1,2.3481865990101323,2025-38-401
13666,3,6.313952451890388,2025-39-401
13667,1,3.081078951989873,2025-40-401
13668,1,3.5501774444493504,2025-41-401
13669,0,1.5555658341822,2025-42-401
13670,1,1.1372016151163344,2025-43-401
13671,2,2.659896271683404,2025-44-401
13672,1,1.2782643199799144,2025-45-401
13673,1,1.1477331429292683,2025-46-401
13674,0,0.3894254418628731,2025-47-401
13675,2,0.30733301788055906,2025-48-401
13676,1,1.2572169887603295,2025-49-401
13677,0,1.029452347722416,2025-50-401
13678,0,0.6030758445891058,2025-51-401
13679,2,0.3894254418628731,2025-52-401
13932,1,0.2899380362797201,2025-1-402
13933,0,0.2899380362797201,2025-2-402
13934,0,0.2899380362797201,2025-3-402
13935,0,0.2899380362797201,2025-4-402
13936,0,0.2899380362797201,2025-5-402
13937,0,0.30733301788055906,2025-6-402
13938,0,0.34238009948888204,2025-7-402
13939,0,0.2899380362797201,2025-8-402
13940,0,0.2899380362797201,2025-9-402
13941,0,0.2899380362797201,2025-10-402
13942,1,0.2899380362797201,2025-11-402
13943,0,0.2899380362797201,2025-12-402
13944,0,0.2899380362797201,2025-13-402
13945,0,0.2899380362797201,2025-14-402
13946,0,0.2899380362797201,2025-15-402
13947,0,0.30733301788055906,2025-16-402
13948,0,0.34238009948888204,2025-17-402
13949,0,0.2899380362797201,2025-18-402
13950,0,0.2899380362797201,2025-19-402
13951,0,0.2899380362797201,2025-20-402
13952,0,0.2899380362797201,2025-21-402
13953,0,0.2899380362797201,2025-22-402
13954,0,0.2899380362797201,2025-23-402
13955,0,0.2899380362797201,2025-24-402
13956,0,0.2899380362797201,2025-25-402
13957,0,0.2899380362797201,2025-26-402
13958,0,0.2899380362797201,2025-27-402
13959,0,0.2899380362797201,2025-28-402
13960,0,0.2899380362797201,2025-29-402
13961,0,0.2899380362797201,2025-30-402
13962,0,0.2899380362797201,2025-31-402
13963,0,0.2899380362797201,2025-32-402
13964,0,0.2899380362797201,2025-33-402
13965,0,0.2899380362797201,2025-34-402
13966,0,0.2899380362797201,2025-35-402
13967,0,0.2899380362797201,2025-36-402
13968,0,0.2899380362797201,2025-37-402
13969,0,0.2899380362797201,2025-38-402
13970,1,0.2899380362797201,2025-39-402
13971,0,0.2899380362797201,2025-40-402
13972,0,0.2899380362797201,2025-41-402
13973,0,0.2899380362797201,2025-42-402
13974,0,0.2899380362797201,2025-43-402
13975,0,0.30733301788055906,2025-44-402
13976,0,0.34238009948888204,2025-45-402
13977,0,0.2899380362797201,2025-46-402
13978,0,0.2899380362797201,2025-47-402
13979,0,0.2899380362797201,2025-48-402
13980,0,0.2899380362797201,2025-49-402
13981,0,0.2899380362797201,2025-50-402
13982,0,0.2899380362797201,2025-51-402
13983,0,0.2899380362797201,2025-52-402
14236,0,0.3597750810897211,2025-1-403
14237,0,0.34238009948888204,2025-2-403
14238,0,1.2446149484460622,2025-3-403
14239,0,1.029452347722416,2025-4-403
14240,0,0.5856808629882667,2025-5-403
14241,0,0.33698337865371103,2025-6-403
14242,0,0.2899380362797201,2025-7-403
14243,1,0.2899380362797201,2025-8-403
14244,0,0.2899380362797201,2025-9-403
14245,0,0.2899380362797201,2025-10-403
14246,0,0.2899380362797201,2025-11-403
14247,0,0.2899380362797201,2025-12-403
14248,1,0.30733301788055906,2025-13-403
14249,0,0.34238009948888204,2025-14-403
14250,2,0.2899380362797201,2025-15-403
14251,0,0.2899380362797201,2025-16-403
14252,1,0.2899380362797201,2025-17-403
14253,0,0.30733301788055906,2025-18-403
14254,0,0.34238009948888204,2025-19-403
14255,0,1.7234827042403893,2025-20-403
14256,0,1.0494244557513264,2025-21-403
14257,0,0.5506337813799438,2025-22-403
14258,1,0.3894254418628731,2025-23-403
14259,0,0.2899380362797201,2025-24-403
14260,0,0.2899380362797201,2025-25-403
14261,0,0.2899380362797201,2025-26-403
14262,1,0.2899380362797201,2025-27-403
14263,1,0.30733301788055906,2025-28-403
14264,0,0.34238009948888204,2025-29-403
14265,0,0.2899380362797201,2025-30-403
14266,0,0.2899380362797201,2025-31-403
14267,0,0.30733301788055906,2025-32-403
14268,0,0.3597750810897211,2025-33-403
14269,1,0.34238009948888204,2025-34-403
14270,0,0.2899380362797201,2025-35-403
14271,0,0.2899380362797201,2025-36-403
14272,0,0.2899380362797201,2025-37-403
14273,0,0.2899380362797201,2025-38-403
14274,0,0.30733301788055906,2025-39-403
14275,1,0.34238009948888204,2025-40-403
14276,0,0.2899380362797201,2025-41-403
14277,0,0.2899380362797201,2025-42-403
14278,0,0.2899380362797201,2025-43-403
14279,1,0.2899380362797201,2025-44-403
14280,0,0.30733301788055906,2025-45-403
14281,3,0.34238009948888204,2025-46-403
14282,1,0.2899380362797201,2025-47-403
14283,0,0.2899380362797201,2025-48-403
14284,0,0.30733301788055906,2025-49-403
14285,0,0.34238009948888204,2025-50-403
14286,0,2.595318064336648,2025-51-403
14287,1,1.2782643199799144,2025-52-403
14540,0,4.633095132827248,2025-1-404
14541,2,1.624263419336907,2025-2-404
14542,1,1.6898857985173408,2025-3-404
14543,0,1.0764976900964067,2025-4-404
14544,0,0.5856808629882667,2025-5-404
14545,0,0.33698337865371103,2025-6-404
14546,0,1.2446149484460622,2025-7-404
14547,0,1.029452347722416,2025-8-404
14548,0,0.5856808629882667,2025-9-404
14549,1,0.33698337865371103,2025-10-404
14550,0,0.2899380362797201,2025-11-404
14551,0,0.2899380362797201,2025-12-404
14552,0,0.2899380362797201,2025-13-404
14553,1,0.2899380362797201,2025-14-404
14554,0,0.30733301788055906,2025-15-404
14555,0,0.34238009948888204,2025-16-404
14556,0,0.2899380362797201,2025-17-404
14557,1,0.2899380362797201,2025-18-404
14558,0,0.30733301788055906,2025-19-404
14559,0,0.34238009948888204,2025-20-404
14560,0,0.2899380362797201,2025-21-404
14561,0,0.2899380362797201,2025-22-404
14562,0,0.30733301788055906,2025-23-404
14563,1,0.34238009948888204,2025-24-404
14564,0,0.2899380362797201,2025-25-404
14565,0,0.2899380362797201,2025-26-404
14566,1,0.2899380362797201,2025-27-404
14567,0,0.2899380362797201,2025-28-404
14568,0,0.30733301788055906,2025-29-404
14569,0,0.34238009948888204,2025-30-404
14570,0,0.2899380362797201,2025-31-404
14571,0,0.30733301788055906,2025-32-404
14572,1,0.34238009948888204,2025-33-404
14573,0,0.2899380362797201,2025-34-404
14574,1,0.2899380362797201,2025-35-404
14575,0,0.2899380362797201,2025-36-404
14576,0,0.2899380362797201,2025-37-404
14577,0,0.30733301788055906,2025-38-404
14578,2,0.34238009948888204,2025-39-404
14579,0,0.30733301788055906,2025-40-404
14580,0,0.34238009948888204,2025-41-404
14581,0,0.2899380362797201,2025-42-404
14582,0,0.2899380362797201,2025-43-404
14583,0,1.2446149484460622,2025-44-404
14584,0,1.020585116411987,2025-45-404
14585,1,0.5332387997791047,2025-46-404
14586,0,0.33698337865371103,2025-47-404
14587,0,0.2899380362797201,2025-48-404
14588,0,0.2899380362797201,2025-49-404
14589,0,0.2899380362797201,2025-50-404
14590,0,0.30733301788055906,2025-51-404
14591,0,0.34238009948888204,2025-52-404
14844,1,0.2899380362797201,2025-1-405
14845,0,0.2899380362797201,2025-2-405
14846,0,0.2899380362797201,2025-3-405
14847,0,0.2899380362797201,2025-4-405
14848,0,0.2899380362797201,2025-5-405
14849,0,0.30733301788055906,2025-6-405
14850,0,0.34238009948888204,2025-7-405
14851,1,0.2899380362797201,2025-8-405
14852,0,0.2899380362797201,2025-9-405
14853,0,0.2899380362797201,2025-10-405
14854,0,0.2899380362797201,2025-11-405
14855,0,0.2899380362797201,2025-12-405
14856,0,0.30733301788055906,2025-13-405
14857,0,0.34238009948888204,2025-14-405
14858,0,0.2899380362797201,2025-15-405
14859,0,0.2899380362797201,2025-16-405
14860,0,0.2899380362797201,2025-17-405
14861,0,0.2899380362797201,2025-18-405
14862,0,0.2899380362797201,2025-19-405
14863,0,0.2899380362797201,2025-20-405
14864,0,0.2899380362797201,2025-21-405
14865,0,0.2899380362797201,2025-22-405
14866,0,0.2899380362797201,2025-23-405
14867,0,0.2899380362797201,2025-24-405
14868,0,0.2899380362797201,2025-25-405
14869,0,0.2899380362797201,2025-26-405
14870,0,0.2899380362797201,2025-27-405
14871,0,0.2899380362797201,2025-28-405
14872,0,0.2899380362797201,2025-29-405
14873,0,0.2899380362797201,2025-30-405
14874,0,0.2899380362797201,2025-31-405
14875,0,0.2899380362797201,2025-32-405
14876,0,0.2899380362797201,2025-33-405
14877,0,0.2899380362797201,2025-34-405
14878,0,0.2899380362797201,2025-35-405
14879,0,0.2899380362797201,2025-36-405
14880,0,0.2899380362797201,2025-37-405
14881,0,0.2899380362797201,2025-38-405
14882,0,0.2899380362797201,2025-39-405
14883,0,0.2899380362797201,2025-40-405
14884,0,0.2899380362797201,2025-41-405
14885,0,0.2899380362797201,2025-42-405
14886,0,0.2899380362797201,2025-43-405
14887,0,0.2899380362797201,2025-44-405
14888,0,0.2899380362797201,2025-45-405
14889,0,0.2899380362797201,2025-46-405
14890,0,0.2899380362797201,2025-47-405
14891,0,0.2899380362797201,2025-48-405
14892,0,0.2899380362797201,2025-49-405
14893,0,0.2899380362797201,2025-50-405
14894,0,0.2899380362797201,2025-51-405
14895,0,0.2899380362797201,2025-52-405
15148,1,0.2899380362797201,2025-1-406
15149,0,0.2899380362797201,2025-2-406
15150,0,0.30733301788055906,2025-3-406
15151,1,0.34238009948888204,2025-4-406
15152,0,0.2899380362797201,2025-5-406
15153,0,0.30733301788055906,2025-6-406
15154,0,0.34238009948888204,2025-7-406
15155,0,0.2899380362797201,2025-8-406
15156,0,0.30733301788055906,2025-9-406
15157,0,0.34238009948888204,2025-10-406
15158,0,0.2899380362797201,2025-11-406
15159,0,0.2899380362797201,2025-12-406
15160,0,0.2899380362797201,2025-13-406
15161,1,0.2899380362797201,2025-14-406
15162,0,0.2899380362797201,2025-15-406
15163,0,0.2899380362797201,2025-16-406
15164,0,0.2899380362797201,2025-17-406
15165,0,0.2899380362797201,2025-18-406
15166,0,0.30733301788055906,2025-19-406
15167,0,0.34238009948888204,2025-20-406
15168,0,0.2899380362797201,2025-21-406
15169,0,0.2899380362797201,2025-22-406
15170,0,0.2899380362797201,2025-23-406
15171,0,0.2899380362797201,2025-24-406
15172,1,0.2899380362797201,2025-25-406
15173,1,0.2899380362797201,2025-26-406
15174,0,0.2899380362797201,2025-27-406
15175,0,0.2899380362797201,2025-28-406
15176,0,0.2899380362797201,2025-29-406
15177,0,0.30733301788055906,2025-30-406
15178,0,0.3597750810897211,2025-31-406
15179,1,0.34238009948888204,2025-32-406
15180,0,0.2899380362797201,2025-33-406
15181,2,0.2899380362797201,2025-34-406
15182,0,0.2899380362797201,2025-35-406
15183,0,0.2899380362797201,2025-36-406
15184,0,0.30733301788055906,2025-37-406
15185,0,0.34238009948888204,2025-38-406
15186,0,1.5501330523584018,2025-39-406
15187,0,1.020585116411987,2025-40-406
15188,0,0.5332387997791047,2025-41-406
15189,0,0.33698337865371103,2025-42-406
15190,0,0.2899380362797201,2025-43-406
15191,0,0.2899380362797201,2025-44-406
15192,0,0.2899380362797201,2025-45-406
15193,0,0.2899380362797201,2025-46-406
15194,0,0.2899380362797201,2025-47-406
15195,0,0.2899380362797201,2025-48-406
15196,0,0.2899380362797201,2025-49-406
15197,0,0.2899380362797201,2025-50-406
15198,0,0.2899380362797201,2025-51-406
15199,0,0.2899380362797201,2025-52-406
15452,1,1.1372016151163344,2025-1-407
15453,0,0.3894254418628731,2025-2-407
15454,1,1.2446149484460622,2025-3-407
15455,0,1.970683575186372,2025-4-407
15456,1,1.2597085195507116,2025-5-407
15457,0,0.6501211869630968,2025-6-407
15458,0,0.3894254418628731,2025-7-407
15459,0,0.30733301788055906,2025-8-407
15460,0,0.34238009948888204,2025-9-407
15461,0,0.30733301788055906,2025-10-407
15462,0,0.34238009948888204,2025-11-407
15463,0,0.2899380362797201,2025-12-407
15464,0,0.2899380362797201,2025-13-407
15465,0,0.2899380362797201,2025-14-407
15466,0,0.2899380362797201,2025-15-407
15467,0,0.2899380362797201,2025-16-407
15468,0,0.2899380362797201,2025-17-407
15469,0,0.2899380362797201,2025-18-407
15470,1,0.2899380362797201,2025-19-407
15471,0,0.2899380362797201,2025-20-407
15472,0,0.2899380362797201,2025-21-407
15473,0,0.2899380362797201,2025-22-407
15474,0,0.2899380362797201,2025-23-407
15475,0,0.30733301788055906,2025-24-407
15476,0,0.34238009948888204,2025-25-407
15477,0,0.2899380362797201,2025-26-407
15478,0,0.2899380362797201,2025-27-407
15479,0,0.2899380362797201,2025-28-407
15480,0,0.2899380362797201,2025-29-407
15481,0,0.2899380362797201,2025-30-407
15482,1,0.2899380362797201,2025-31-407
15483,8,0.2899380362797201,2025-32-407
15484,3,0.2899380362797201,2025-33-407
15485,2,0.2899380362797201,2025-34-407
15486,0,0.2899380362797201,2025-35-407
15487,2,0.30733301788055906,2025-36-407
15488,2,10.016379225722687,2025-37-407
15489,2,5.676126460189953,2025-38-407
15490,0,3.312122924563399,2025-39-407
15491,0,1.8738312409534494,2025-40-407
15492,1,1.3558122532922707,2025-41-407
15493,1,1.9889730982483056,2025-42-407
15494,0,2.0505467652995573,2025-43-407
15495,1,1.2978866306142731,2025-44-407
15496,2,0.5802841421530957,2025-45-407
15497,4,0.35437836025455005,2025-46-407
15498,0,0.3597750810897211,2025-47-407
15499,1,0.34238009948888204,2025-48-407
15500,2,0.30733301788055906,2025-49-407
15501,0,1.2572169887603295,2025-50-407
15502,0,3.2201602923795876,2025-51-407
15503,0,1.5085204918082094,2025-52-407
15756,0,0.2899380362797201,2025-1-408
15757,0,0.2899380362797201,2025-2-408
15758,1,0.30733301788055906,2025-3-408
15759,0,0.34238009948888204,2025-4-408
15760,0,0.30733301788055906,2025-5-408
15761,0,0.34238009948888204,2025-6-408
15762,0,0.2899380362797201,2025-7-408
15763,0,0.30733301788055906,2025-8-408
15764,0,0.34238009948888204,2025-9-408
15765,0,0.2899380362797201,2025-10-408
15766,0,0.2899380362797201,2025-11-408
15767,0,0.2899380362797201,2025-12-408
15768,0,0.2899380362797201,2025-13-408
15769,0,0.2899380362797201,2025-14-408
15770,1,0.2899380362797201,2025-15-408
15771,0,0.2899380362797201,2025-16-408
15772,1,0.2899380362797201,2025-17-408
15773,0,0.2899380362797201,2025-18-408
15774,0,0.2899380362797201,2025-19-408
15775,0,0.30733301788055906,2025-20-408
15776,0,0.34238009948888204,2025-21-408
15777,0,0.30733301788055906,2025-22-408
15778,1,0.34238009948888204,2025-23-408
15779,0,0.2899380362797201,2025-24-408
15780,0,0.2899380362797201,2025-25-408
15781,1,0.2899380362797201,2025-26-408
15782,0,0.2899380362797201,2025-27-408
15783,0,0.30733301788055906,2025-28-408
15784,0,0.34238009948888204,2025-29-408
15785,0,0.2899380362797201,2025-30-408
15786,0,0.30733301788055906,2025-31-408
15787,1,0.34238009948888204,2025-32-408
15788,0,0.2899380362797201,2025-33-408
15789,0,0.2899380362797201,2025-34-408
15790,0,0.2899380362797201,2025-35-408
15791,0,0.2899380362797201,2025-36-408
15792,0,0.30733301788055906,2025-37-408
15793,0,0.34238009948888204,2025-38-408
15794,0,0.2899380362797201,2025-39-408
15795,1,0.2899380362797201,2025-40-408
15796,0,0.2899380362797201,2025-41-408
15797,0,0.2899380362797201,2025-42-408
15798,0,0.2899380362797201,2025-43-408
15799,0,0.2899380362797201,2025-44-408
15800,0,0.30733301788055906,2025-45-408
15801,0,0.34238009948888204,2025-46-408
15802,0,0.2899380362797201,2025-47-408
15803,0,0.2899380362797201,2025-48-408
15804,0,0.2899380362797201,2025-49-408
15805,0,0.2899380362797201,2025-50-408
15806,0,0.2899380362797201,2025-51-408
15807,0,0.2899380362797201,2025-52-408
16060,0,1.029452347722416,2025-1-409
16061,0,0.5856808629882667,2025-2-409
16062,0,0.35437836025455005,2025-3-409
16063,0,0.34238009948888204,2025-4-409
16064,0,0.2899380362797201,2025-5-409
16065,1,0.2899380362797201,2025-6-409
16066,0,0.2899380362797201,2025-7-409
16067,0,0.2899380362797201,2025-8-409
16068,0,0.2899380362797201,2025-9-409
16069,0,0.2899380362797201,2025-10-409
16070,1,0.30733301788055906,2025-11-409
16071,0,0.34238009948888204,2025-12-409
16072,0,0.2899380362797201,2025-13-409
16073,0,0.2899380362797201,2025-14-409
16074,0,0.2899380362797201,2025-15-409
16075,0,0.30733301788055906,2025-16-409
16076,0,0.34238009948888204,2025-17-409
16077,0,0.2899380362797201,2025-18-409
16078,0,0.2899380362797201,2025-19-409
16079,0,0.2899380362797201,2025-20-409
16080,0,0.2899380362797201,2025-21-409
16081,0,0.2899380362797201,2025-22-409
16082,0,0.2899380362797201,2025-23-409
16083,0,0.2899380362797201,2025-24-409
16084,0,0.2899380362797201,2025-25-409
16085,0,0.2899380362797201,2025-26-409
16086,0,0.2899380362797201,2025-27-409
16087,0,0.2899380362797201,2025-28-409
16088,0,0.2899380362797201,2025-29-409
16089,1,0.2899380362797201,2025-30-409
16090,0,0.2899380362797201,2025-31-409
16091,0,0.2899380362797201,2025-32-409
16092,0,0.2899380362797201,2025-33-409
16093,0,0.2899380362797201,2025-34-409
16094,0,0.30733301788055906,2025-35-409
16095,1,0.34238009948888204,2025-36-409
16096,0,0.2899380362797201,2025-37-409
16097,1,0.2899380362797201,2025-38-409
16098,0,0.2899380362797201,2025-39-409
16099,0,0.2899380362797201,2025-40-409
16100,0,0.30733301788055906,2025-41-409
16101,0,0.34238009948888204,2025-42-409
16102,1,0.30733301788055906,2025-43-409
16103,1,0.34238009948888204,2025-44-409
16104,1,0.2899380362797201,2025-45-409
16105,0,0.2899380362797201,2025-46-409
16106,1,0.2899380362797201,2025-47-409
16107,1,0.30733301788055906,2025-48-409
16108,0,0.3597750810897211,2025-49-409
16109,1,0.3597750810897211,2025-50-409
16110,0,0.34238009948888204,2025-51-409
16111,0,0.30733301788055906,2025-52-409
16364,0,6.627041821452733,2025-1-410
16365,1,2.2002080296760833,2025-2-410
16366,2,4.832823625713003,2025-3-410
16367,3,4.42329781838808,2025-4-410
16368,0,4.402519247534363,2025-5-410
16369,1,2.131510444521376,2025-6-410
16370,0,1.1372016151163344,2025-7-410
16371,2,1.2755065118222628,2025-8-410
16372,3,2.8036079646298244,2025-9-410
16373,0,1.5085204918082094,2025-10-410
16374,0,1.1372016151163344,2025-11-410
16375,1,0.3894254418628731,2025-12-410
16376,1,1.2446149484460622,2025-13-410
16377,2,3.1768865935700625,2025-14-410
16378,0,1.5571992976584923,2025-15-410
16379,3,1.1854434243849148,2025-16-410
16380,0,0.35437836025455005,2025-17-410
16381,2,0.3597750810897211,2025-18-410
16382,2,1.876294916301549,2025-19-410
16383,1,1.0494244557513264,2025-20-410
16384,0,5.440615067294062,2025-21-410
16385,0,1.5378741239827114,2025-22-410
16386,0,2.1859773559658318,2025-23-410
16387,1,2.56649810259869,2025-24-410
16388,2,1.288547858890051,2025-25-410
16389,2,0.6327262053622578,2025-26-410
16390,2,0.33698337865371103,2025-27-410
16391,0,0.2899380362797201,2025-28-410
16392,0,0.30733301788055906,2025-29-410
16393,1,1.876294916301549,2025-30-410
16394,1,2.573042236454366,2025-31-410
16395,2,2.573042236454366,2025-32-410
16396,0,1.3267259699536127,2025-33-410
16397,1,0.5802841421530957,2025-34-410
16398,1,0.35437836025455005,2025-35-410
16399,0,0.3597750810897211,2025-36-410
16400,1,1.827510247160869,2025-37-410
16401,0,1.020585116411987,2025-38-410
16402,0,0.5506337813799438,2025-39-410
16403,2,0.40682042346371206,2025-40-410
16404,1,0.34238009948888204,2025-41-410
16405,1,0.30733301788055906,2025-42-410
16406,0,0.34238009948888204,2025-43-410
16407,0,0.2899380362797201,2025-44-410
16408,3,1.2446149484460622,2025-45-410
16409,0,1.029452347722416,2025-46-410
16410,0,0.6030758445891058,2025-47-410
16411,1,0.3894254418628731,2025-48-410
16412,2,0.2899380362797201,2025-49-410
16413,4,2.595318064336648,2025-50-410
16414,3,1.2782643199799144,2025-51-410
16415,1,1.0592353640989962,2025-52-410
16668,38,0.3894254418628731,2025-1-501
16669,0,3.4322125676982944,2025-2-501
16670,1,1.2782643199799144,2025-3-501
16671,0,1.0766303456998352,2025-4-501
16672,0,0.40682042346371206,2025-5-501
16673,1,35.57382171171108,2025-6-501
16674,0,1.2782643199799144,2025-7-501
16675,1,1.0766303456998352,2025-8-501
16676,1,0.3894254418628731,2025-9-501
16677,0,0.2899380362797201,2025-10-501
16678,1,0.30733301788055906,2025-11-501
16679,28,0.34238009948888204,2025-12-501
16680,6,0.30733301788055906,2025-13-501
16681,1,0.3597750810897211,2025-14-501
16682,0,0.34238009948888204,2025-15-501
16683,0,0.30733301788055906,2025-16-501
16684,0,35.98314316623999,2025-17-501
16685,0,9.397815019658172,2025-18-501
16686,0,2.72666295007344,2025-19-501
16687,0,1.5683362992818772,2025-20-501
16688,0,0.33698337865371103,2025-21-501
16689,0,0.2899380362797201,2025-22-501
16690,0,0.2899380362797201,2025-23-501
16691,1,0.2899380362797201,2025-24-501
16692,1,0.2899380362797201,2025-25-501
16693,0,0.2899380362797201,2025-26-501
16694,2,0.2899380362797201,2025-27-501
16695,1,0.2899380362797201,2025-28-501
16696,2,0.30733301788055906,2025-29-501
16697,1,0.3597750810897211,2025-30-501
16698,0,0.34238009948888204,2025-31-501
16699,1,1.8636928759872817,2025-32-501
16700,2,1.0582916870617554,2025-33-501
16701,1,1.8645058510550296,2025-34-501
16702,3,1.1053370294357463,2025-35-501
16703,2,0.5856808629882667,2025-36-501
16704,7,0.35437836025455005,2025-37-501
16705,5,1.7082516214659866,2025-38-501
16706,4,1.029452347722416,2025-39-501
16707,2,3.2428959777044355,2025-40-501
16708,3,2.510072214537571,2025-41-501
16709,4,5.9756329226348806,2025-42-501
16710,4,4.880472678683011,2025-43-501
16711,9,4.529017983277598,2025-44-501
16712,5,3.361792500959938,2025-45-501
16713,4,2.9813711933113347,2025-46-501
16714,5,3.7964374235988534,2025-47-501
16715,1,3.9289612598933923,2025-48-501
16716,0,8.257495786064517,2025-49-501
16717,1,4.606387076947285,2025-50-501
16718,2,4.568512626538275,2025-51-501
16719,1,4.2253272499795385,2025-52-501
16972,0,1.359289645480073,2025-1-502
16973,0,3.5218199133638155,2025-2-502
16974,0,1.3253096623539051,2025-3-502
16975,1,1.1303381613284293,2025-4-502
16976,0,0.35437836025455005,2025-5-502
16977,0,0.34238009948888204,2025-6-502
16978,0,0.2899380362797201,2025-7-502
16979,0,0.2899380362797201,2025-8-502
16980,0,0.30733301788055906,2025-9-502
16981,0,0.34238009948888204,2025-10-502
16982,0,0.2899380362797201,2025-11-502
16983,2,0.2899380362797201,2025-12-502
16984,1,0.2899380362797201,2025-13-502
16985,1,0.2899380362797201,2025-14-502
16986,0,0.2899380362797201,2025-15-502
16987,0,0.2899380362797201,2025-16-502
16988,0,1.6075264115450645,2025-17-502
16989,0,1.0582916870617554,2025-18-502
16990,1,0.6030758445891058,2025-19-502
16991,1,0.3894254418628731,2025-20-502
16992,0,0.2899380362797201,2025-21-502
16993,0,0.2899380362797201,2025-22-502
16994,0,0.2899380362797201,2025-23-502
16995,0,0.30733301788055906,2025-24-502
16996,0,0.3597750810897211,2025-25-502
16997,0,0.34238009948888204,2025-26-502
16998,0,0.2899380362797201,2025-27-502
16999,1,0.2899380362797201,2025-28-502
17000,0,0.2899380362797201,2025-29-502
17001,0,0.2899380362797201,2025-30-502
17002,0,0.2899380362797201,2025-31-502
17003,0,0.2899380362797201,2025-32-502
17004,0,0.30733301788055906,2025-33-502
17005,1,0.34238009948888204,2025-34-502
17006,0,0.2899380362797201,2025-35-502
17007,1,0.2899380362797201,2025-36-502
17008,0,0.2899380362797201,2025-37-502
17009,0,0.2899380362797201,2025-38-502
17010,2,0.30733301788055906,2025-39-502
17011,0,0.34238009948888204,2025-40-502
17012,1,0.30733301788055906,2025-41-502
17013,0,0.34238009948888204,2025-42-502
17014,2,0.2899380362797201,2025-43-502
17015,2,1.2446149484460622,2025-44-502
17016,0,1.020585116411987,2025-45-502
17017,3,0.5506337813799438,2025-46-502
17018,1,0.3894254418628731,2025-47-502
17019,1,1.2446149484460622,2025-48-502
17020,1,2.38509976736283,2025-49-502
17021,2,1.2508412882402826,2025-50-502
17022,0,2.9406377107981454,2025-51-502
17023,0,1.3253096623539051,2025-52-502
17276,1,5.455290641780005,2025-1-503
17277,2,9.045843950873856,2025-2-503
17278,0,4.4620834910689755,2025-3-503
17279,0,4.065958737474218,2025-4-503
17280,2,4.041707172475451,2025-5-503
17281,0,2.131510444521376,2025-6-503
17282,2,1.725329645051704,2025-7-503
17283,0,1.0676304587859777,2025-8-503
17284,0,0.5332387997791047,2025-9-503
17285,0,1.2629044715079956,2025-10-503
17286,1,1.020585116411987,2025-11-503
17287,0,1.3375227302303372,2025-12-503
17288,0,1.0676304587859777,2025-13-503
17289,0,0.5332387997791047,2025-14-503
17290,0,0.33698337865371103,2025-15-503
17291,0,0.30733301788055906,2025-16-503
17292,0,0.34238009948888204,2025-17-503
17293,0,0.2899380362797201,2025-18-503
17294,0,0.2899380362797201,2025-19-503
17295,0,0.2899380362797201,2025-20-503
17296,0,0.2899380362797201,2025-21-503
17297,2,0.2899380362797201,2025-22-503
17298,0,0.2899380362797201,2025-23-503
17299,0,0.2899380362797201,2025-24-503
17300,0,0.2899380362797201,2025-25-503
17301,0,0.2899380362797201,2025-26-503
17302,1,1.8388592190696726,2025-27-503
17303,1,1.0494244557513264,2025-28-503
17304,1,0.5332387997791047,2025-29-503
17305,4,0.33698337865371103,2025-30-503
17306,5,0.2899380362797201,2025-31-503
17307,4,0.30733301788055906,2025-32-503
17308,4,0.3597750810897211,2025-33-503
17309,6,0.3597750810897211,2025-34-503
17310,6,6.69257412387714,2025-35-503
17311,4,8.05535373190459,2025-36-503
17312,5,7.714093175095165,2025-37-503
17313,1,6.672965463222215,2025-38-503
17314,4,7.124212429359501,2025-39-503
17315,8,6.3874609622939635,2025-40-503
17316,12,4.719372048484846,2025-41-503
17317,17,4.334512486432675,2025-42-503
17318,11,2.131510444521376,2025-43-503
17319,13,3.258850076730628,2025-44-503
17320,15,6.534663530952509,2025-45-503
17321,23,8.436471547804052,2025-46-503
17322,17,15.33387891400397,2025-47-503
17323,10,9.19945326322296,2025-48-503
17324,17,14.108347358427208,2025-49-503
17325,20,15.912249926122977,2025-50-503
17326,11,17.18046434924362,2025-51-503
17327,5,14.836586589413137,2025-52-503
17580,1,0.35437836025455005,2025-1-504
17581,0,0.3597750810897211,2025-2-504
17582,1,0.34238009948888204,2025-3-504
17583,0,0.2899380362797201,2025-4-504
17584,0,0.2899380362797201,2025-5-504
17585,0,0.30733301788055906,2025-6-504
17586,0,0.34238009948888204,2025-7-504
17587,1,0.30733301788055906,2025-8-504
17588,0,0.34238009948888204,2025-9-504
17589,0,0.2899380362797201,2025-10-504
17590,0,0.2899380362797201,2025-11-504
17591,0,0.2899380362797201,2025-12-504
17592,0,0.30733301788055906,2025-13-504
17593,1,0.34238009948888204,2025-14-504
17594,0,0.2899380362797201,2025-15-504
17595,0,0.2899380362797201,2025-16-504
17596,0,0.2899380362797201,2025-17-504
17597,0,0.2899380362797201,2025-18-504
17598,1,0.30733301788055906,2025-19-504
17599,1,0.34238009948888204,2025-20-504
17600,0,0.2899380362797201,2025-21-504
17601,0,0.2899380362797201,2025-22-504
17602,0,0.2899380362797201,2025-23-504
17603,0,0.30733301788055906,2025-24-504
17604,0,0.3597750810897211,2025-25-504
17605,0,0.34238009948888204,2025-26-504
17606,0,0.2899380362797201,2025-27-504
17607,0,0.2899380362797201,2025-28-504
17608,0,0.2899380362797201,2025-29-504
17609,0,0.2899380362797201,2025-30-504
17610,0,0.2899380362797201,2025-31-504
17611,0,0.2899380362797201,2025-32-504
17612,0,0.2899380362797201,2025-33-504
17613,1,0.2899380362797201,2025-34-504
17614,1,0.2899380362797201,2025-35-504
17615,0,0.2899380362797201,2025-36-504
17616,1,0.2899380362797201,2025-37-504
17617,5,0.2899380362797201,2025-38-504
17618,0,0.30733301788055906,2025-39-504
17619,1,0.3597750810897211,2025-40-504
17620,1,0.34238009948888204,2025-41-504
17621,5,0.30733301788055906,2025-42-504
17622,7,3.50497286988913,2025-43-504
17623,3,1.3439967647827222,2025-44-504
17624,3,1.0766303456998352,2025-45-504
17625,6,0.40682042346371206,2025-46-504
17626,5,3.4866231660001126,2025-47-504
17627,2,6.253633247322953,2025-48-504
17628,8,4.176961402117493,2025-49-504
17629,1,3.422309864787609,2025-50-504
17630,1,5.088348506138499,2025-51-504
17631,1,4.482735729775802,2025-52-504
17884,0,0.2899380362797201,2025-1-505
17885,0,0.2899380362797201,2025-2-505
17886,0,3.3381849722137815,2025-3-505
17887,1,1.2782643199799144,2025-4-505
17888,0,2.7714439269097757,2025-5-505
17889,0,1.3253096623539051,2025-6-505
17890,1,1.0592353640989962,2025-7-505
17891,0,0.33698337865371103,2025-8-505
17892,0,0.30733301788055906,2025-9-505
17893,0,0.34238009948888204,2025-10-505
17894,0,0.2899380362797201,2025-11-505
17895,0,0.30733301788055906,2025-12-505
17896,0,0.34238009948888204,2025-13-505
17897,0,0.2899380362797201,2025-14-505
17898,0,0.2899380362797201,2025-15-505
17899,0,0.2899380362797201,2025-16-505
17900,1,0.2899380362797201,2025-17-505
17901,0,0.2899380362797201,2025-18-505
17902,0,0.2899380362797201,2025-19-505
17903,2,0.2899380362797201,2025-20-505
17904,1,0.2899380362797201,2025-21-505
17905,0,0.30733301788055906,2025-22-505
17906,0,0.34238009948888204,2025-23-505
17907,0,0.2899380362797201,2025-24-505
17908,1,1.8856878138101485,2025-25-505
17909,0,1.0582916870617554,2025-26-505
17910,2,0.5856808629882667,2025-27-505
17911,4,0.33698337865371103,2025-28-505
17912,7,0.2899380362797201,2025-29-505
17913,8,0.30733301788055906,2025-30-505
17914,15,0.34238009948888204,2025-31-505
17915,9,1.8636928759872817,2025-32-505
17916,8,7.29592828866747,2025-33-505
17917,12,10.15005943396448,2025-34-505
17918,11,10.712922264526322,2025-35-505
17919,17,25.30336756526952,2025-36-505
17920,12,12.221428551121942,2025-37-505
17921,18,9.80706586881468,2025-38-505
17922,13,13.516809026440704,2025-39-505
17923,11,12.195441691744925,2025-40-505
17924,27,19.77698292840769,2025-41-505
17925,10,11.337914043092562,2025-42-505
17926,19,19.367943251627572,2025-43-505
17927,36,16.404799281198486,2025-44-505
17928,29,10.637442527308735,2025-45-505
17929,26,29.116539179917492,2025-46-505
17930,17,9.147224273688563,2025-47-505
17931,30,22.921871942030474,2025-48-505
17932,19,34.010744106737576,2025-49-505
17933,18,23.572843498333565,2025-50-505
17934,12,19.55077827972408,2025-51-505
17935,9,14.84478516287007,2025-52-505
18188,2,6.933525510647285,2025-1-506
18189,5,6.035901245287151,2025-2-506
18190,3,4.159279014204744,2025-3-506
18191,3,2.131510444521376,2025-4-506
18192,3,1.1198066335154955,2025-5-506
18193,0,1.2629044715079956,2025-6-506
18194,0,3.391956185717774,2025-7-506
18195,0,3.9762261210568295,2025-8-506
18196,2,3.3607627421100816,2025-9-506
18197,0,3.357155176827622,2025-10-506
18198,0,2.1971472353907955,2025-11-506
18199,0,1.4972335020524445,2025-12-506
18200,0,0.33698337865371103,2025-13-506
18201,0,1.266919163023844,2025-14-506
18202,0,1.020585116411987,2025-15-506
18203,0,0.5332387997791047,2025-16-506
18204,0,0.33698337865371103,2025-17-506
18205,2,0.2899380362797201,2025-18-506
18206,0,0.2899380362797201,2025-19-506
18207,1,0.2899380362797201,2025-20-506
18208,0,0.2899380362797201,2025-21-506
18209,0,0.2899380362797201,2025-22-506
18210,0,1.8856878138101485,2025-23-506
18211,0,1.0494244557513264,2025-24-506
18212,0,0.5506337813799438,2025-25-506
18213,0,0.3894254418628731,2025-26-506
18214,0,0.2899380362797201,2025-27-506
18215,0,0.2899380362797201,2025-28-506
18216,0,0.2899380362797201,2025-29-506
18217,1,0.2899380362797201,2025-30-506
18218,0,0.2899380362797201,2025-31-506
18219,1,0.2899380362797201,2025-32-506
18220,1,0.2899380362797201,2025-33-506
18221,0,0.2899380362797201,2025-34-506
18222,0,0.30733301788055906,2025-35-506
18223,0,0.34238009948888204,2025-36-506
18224,0,0.30733301788055906,2025-37-506
18225,1,0.3597750810897211,2025-38-506
18226,0,0.34238009948888204,2025-39-506
18227,0,0.2899380362797201,2025-40-506
18228,3,0.2899380362797201,2025-41-506
18229,4,0.2899380362797201,2025-42-506
18230,2,0.30733301788055906,2025-43-506
18231,2,0.34238009948888204,2025-44-506
18232,5,0.2899380362797201,2025-45-506
18233,9,2.595318064336648,2025-46-506
18234,9,3.487240602028609,2025-47-506
18235,4,3.234038597522651,2025-48-506
18236,7,2.8350874107195243,2025-49-506
18237,13,3.5205245876104145,2025-50-506
18238,6,6.935945524042074,2025-51-506
18239,0,7.227011637499738,2025-52-506
18492,0,1.7519029551801857,2025-1-507
18493,0,2.3371999623245774,2025-2-507
18494,1,1.2597085195507116,2025-3-507
18495,0,0.6501211869630968,2025-4-507
18496,0,0.40682042346371206,2025-5-507
18497,0,0.34238009948888204,2025-6-507
18498,0,0.2899380362797201,2025-7-507
18499,0,0.30733301788055906,2025-8-507
18500,1,0.34238009948888204,2025-9-507
18501,0,0.2899380362797201,2025-10-507
18502,1,0.2899380362797201,2025-11-507
18503,0,0.2899380362797201,2025-12-507
18504,1,0.2899380362797201,2025-13-507
18505,0,0.30733301788055906,2025-14-507
18506,1,0.34238009948888204,2025-15-507
18507,0,0.30733301788055906,2025-16-507
18508,0,0.34238009948888204,2025-17-507
18509,0,0.30733301788055906,2025-18-507
18510,0,0.34238009948888204,2025-19-507
18511,0,0.30733301788055906,2025-20-507
18512,0,0.34238009948888204,2025-21-507
18513,0,0.2899380362797201,2025-22-507
18514,1,0.2899380362797201,2025-23-507
18515,1,0.2899380362797201,2025-24-507
18516,0,0.2899380362797201,2025-25-507
18517,1,0.2899380362797201,2025-26-507
18518,0,0.2899380362797201,2025-27-507
18519,0,0.30733301788055906,2025-28-507
18520,0,0.3597750810897211,2025-29-507
18521,0,0.34238009948888204,2025-30-507
18522,0,0.30733301788055906,2025-31-507
18523,0,0.34238009948888204,2025-32-507
18524,1,0.2899380362797201,2025-33-507
18525,0,0.2899380362797201,2025-34-507
18526,2,0.2899380362797201,2025-35-507
18527,0,0.2899380362797201,2025-36-507
18528,0,0.2899380362797201,2025-37-507
18529,1,0.30733301788055906,2025-38-507
18530,1,0.34238009948888204,2025-39-507
18531,0,1.4407207964602222,2025-40-507
18532,1,1.020585116411987,2025-41-507
18533,0,0.5332387997791047,2025-42-507
18534,2,0.35437836025455005,2025-43-507
18535,1,0.3597750810897211,2025-44-507
18536,1,0.34238009948888204,2025-45-507
18537,1,0.30733301788055906,2025-46-507
18538,1,0.34238009948888204,2025-47-507
18539,1,1.2446149484460622,2025-48-507
18540,0,2.6024161784210027,2025-49-507
18541,1,0.6030758445891058,2025-50-507
18542,1,0.40682042346371206,2025-51-507
18543,0,0.3597750810897211,2025-52-507
18796,0,4.530330386287559,2025-1-508
18797,0,2.2002080296760833,2025-2-508
18798,0,1.702487838831608,2025-3-508
18799,1,1.0676304587859777,2025-4-508
18800,0,0.5506337813799438,2025-5-508
18801,0,0.3894254418628731,2025-6-508
18802,0,0.2899380362797201,2025-7-508
18803,0,0.2899380362797201,2025-8-508
18804,0,0.30733301788055906,2025-9-508
18805,0,0.34238009948888204,2025-10-508
18806,0,0.2899380362797201,2025-11-508
18807,0,0.2899380362797201,2025-12-508
18808,0,0.2899380362797201,2025-13-508
18809,0,0.2899380362797201,2025-14-508
18810,0,0.2899380362797201,2025-15-508
18811,0,0.2899380362797201,2025-16-508
18812,0,0.2899380362797201,2025-17-508
18813,0,0.2899380362797201,2025-18-508
18814,0,0.2899380362797201,2025-19-508
18815,1,0.2899380362797201,2025-20-508
18816,1,0.2899380362797201,2025-21-508
18817,0,0.2899380362797201,2025-22-508
18818,0,0.2899380362797201,2025-23-508
18819,0,0.2899380362797201,2025-24-508
18820,0,0.30733301788055906,2025-25-508
18821,1,0.3597750810897211,2025-26-508
18822,0,0.34238009948888204,2025-27-508
18823,0,0.2899380362797201,2025-28-508
18824,0,0.2899380362797201,2025-29-508
18825,0,0.2899380362797201,2025-30-508
18826,1,0.30733301788055906,2025-31-508
18827,1,0.34238009948888204,2025-32-508
18828,2,0.2899380362797201,2025-33-508
18829,0,0.2899380362797201,2025-34-508
18830,0,0.2899380362797201,2025-35-508
18831,0,0.30733301788055906,2025-36-508
18832,2,0.3597750810897211,2025-37-508
18833,0,1.7082516214659866,2025-38-508
18834,4,1.020585116411987,2025-39-508
18835,1,0.5332387997791047,2025-40-508
18836,1,0.33698337865371103,2025-41-508
18837,6,1.2446149484460622,2025-42-508
18838,6,1.020585116411987,2025-43-508
18839,1,3.1443756198165884,2025-44-508
18840,2,1.3253096623539051,2025-45-508
18841,1,1.1477331429292683,2025-46-508
18842,0,4.749946243715096,2025-47-508
18843,2,5.488218305113784,2025-48-508
18844,2,3.643903005803464,2025-49-508
18845,8,1.725329645051704,2025-50-508
18846,0,1.0764976900964067,2025-51-508
18847,1,0.5856808629882667,2025-52-508
19100,1,0.30733301788055906,2025-1-509
19101,0,0.34238009948888204,2025-2-509
19102,0,0.2899380362797201,2025-3-509
19103,0,0.2899380362797201,2025-4-509
19104,0,1.2446149484460622,2025-5-509
19105,0,1.029452347722416,2025-6-509
19106,0,0.5856808629882667,2025-7-509
19107,0,0.33698337865371103,2025-8-509
19108,0,0.2899380362797201,2025-9-509
19109,1,0.2899380362797201,2025-10-509
19110,0,0.2899380362797201,2025-11-509
19111,0,0.2899380362797201,2025-12-509
19112,0,0.2899380362797201,2025-13-509
19113,2,0.2899380362797201,2025-14-509
19114,0,0.30733301788055906,2025-15-509
19115,0,0.34238009948888204,2025-16-509
19116,0,0.2899380362797201,2025-17-509
19117,0,0.2899380362797201,2025-18-509
19118,0,1.8636928759872817,2025-19-509
19119,0,1.0494244557513264,2025-20-509
19120,0,0.5332387997791047,2025-21-509
19121,0,0.33698337865371103,2025-22-509
19122,0,0.2899380362797201,2025-23-509
19123,1,0.2899380362797201,2025-24-509
19124,0,0.2899380362797201,2025-25-509
19125,0,0.2899380362797201,2025-26-509
19126,0,0.2899380362797201,2025-27-509
19127,0,0.2899380362797201,2025-28-509
19128,0,0.30733301788055906,2025-29-509
19129,0,0.34238009948888204,2025-30-509
19130,0,0.2899380362797201,2025-31-509
19131,0,0.2899380362797201,2025-32-509
19132,0,0.2899380362797201,2025-33-509
19133,0,0.2899380362797201,2025-34-509
19134,0,0.2899380362797201,2025-35-509
19135,0,0.2899380362797201,2025-36-509
19136,0,0.2899380362797201,2025-37-509
19137,1,0.2899380362797201,2025-38-509
19138,0,0.2899380362797201,2025-39-509
19139,0,0.2899380362797201,2025-40-509
19140,0,0.2899380362797201,2025-41-509
19141,0,0.2899380362797201,2025-42-509
19142,3,0.30733301788055906,2025-43-509
19143,0,0.34238009948888204,2025-44-509
19144,0,0.2899380362797201,2025-45-509
19145,0,0.2899380362797201,2025-46-509
19146,1,0.2899380362797201,2025-47-509
19147,4,2.595318064336648,2025-48-509
19148,4,2.8512281506785,2025-49-509
19149,0,1.0592353640989962,2025-50-509
19150,0,0.33698337865371103,2025-51-509
19151,0,0.30733301788055906,2025-52-509
19404,0,1.4055923840005469,2025-1-510
19405,0,3.5218199133638155,2025-2-510
19406,0,1.3253096623539051,2025-3-510
19407,0,1.0592353640989962,2025-4-510
19408,1,0.33698337865371103,2025-5-510
19409,0,0.2899380362797201,2025-6-510
19410,0,0.2899380362797201,2025-7-510
19411,1,0.2899380362797201,2025-8-510
19412,2,0.2899380362797201,2025-9-510
19413,0,0.30733301788055906,2025-10-510
19414,0,0.34238009948888204,2025-11-510
19415,0,0.2899380362797201,2025-12-510
19416,0,0.30733301788055906,2025-13-510
19417,0,1.2795212033381116,2025-14-510
19418,0,1.020585116411987,2025-15-510
19419,0,0.5332387997791047,2025-16-510
19420,0,0.33698337865371103,2025-17-510
19421,0,0.2899380362797201,2025-18-510
19422,0,0.2899380362797201,2025-19-510
19423,0,0.2899380362797201,2025-20-510
19424,0,0.2899380362797201,2025-21-510
19425,0,0.2899380362797201,2025-22-510
19426,1,0.2899380362797201,2025-23-510
19427,3,0.2899380362797201,2025-24-510
19428,0,0.2899380362797201,2025-25-510
19429,1,0.2899380362797201,2025-26-510
19430,3,0.2899380362797201,2025-27-510
19431,4,0.30733301788055906,2025-28-510
19432,0,5.8159321888176585,2025-29-510
19433,5,1.9137504433823447,2025-30-510
19434,3,1.0766303456998352,2025-31-510
19435,1,5.445859998684906,2025-32-510
19436,0,7.569848453184917,2025-33-510
19437,1,2.706425298507308,2025-34-510
19438,0,6.989357521455764,2025-35-510
19439,0,7.222494285620211,2025-36-510
19440,1,2.3298063752541576,2025-37-510
19441,3,1.1909094307449286,2025-38-510
19442,5,0.35437836025455005,2025-39-510
19443,4,0.34238009948888204,2025-40-510
19444,6,0.2899380362797201,2025-41-510
19445,5,0.30733301788055906,2025-42-510
19446,10,2.595318064336648,2025-43-510
19447,5,3.729533513181823,2025-44-510
19448,8,4.225733373615637,2025-45-510
19449,5,5.284672997190876,2025-46-510
19450,8,4.576536109849888,2025-47-510
19451,9,8.430116912832945,2025-48-510
19452,8,4.9380249332485056,2025-49-510
19453,6,6.41720077302106,2025-50-510
19454,8,4.928014645060151,2025-51-510
19455,11,6.475252981856402,2025-52-510
19708,0,0.3597750810897211,2025-1-511
19709,0,0.34238009948888204,2025-2-511
19710,0,0.2899380362797201,2025-3-511
19711,1,0.2899380362797201,2025-4-511
19712,1,0.2899380362797201,2025-5-511
19713,0,0.2899380362797201,2025-6-511
19714,0,0.2899380362797201,2025-7-511
19715,0,0.2899380362797201,2025-8-511
19716,0,0.30733301788055906,2025-9-511
19717,0,0.3597750810897211,2025-10-511
19718,0,0.34238009948888204,2025-11-511
19719,0,0.2899380362797201,2025-12-511
19720,0,0.2899380362797201,2025-13-511
19721,0,0.2899380362797201,2025-14-511
19722,0,0.2899380362797201,2025-15-511
19723,0,0.2899380362797201,2025-16-511
19724,0,0.2899380362797201,2025-17-511
19725,0,0.2899380362797201,2025-18-511
19726,0,0.2899380362797201,2025-19-511
19727,0,0.2899380362797201,2025-20-511
19728,0,0.2899380362797201,2025-21-511
19729,0,0.2899380362797201,2025-22-511
19730,0,0.2899380362797201,2025-23-511
19731,0,0.2899380362797201,2025-24-511
19732,0,0.2899380362797201,2025-25-511
19733,1,0.2899380362797201,2025-26-511
19734,2,0.2899380362797201,2025-27-511
19735,0,0.2899380362797201,2025-28-511
19736,0,0.2899380362797201,2025-29-511
19737,0,0.2899380362797201,2025-30-511
19738,1,0.30733301788055906,2025-31-511
19739,0,1.876294916301549,2025-32-511
19740,0,1.0494244557513264,2025-33-511
19741,0,0.5332387997791047,2025-34-511
19742,0,0.33698337865371103,2025-35-511
19743,0,0.30733301788055906,2025-36-511
19744,0,0.34238009948888204,2025-37-511
19745,0,0.2899380362797201,2025-38-511
19746,0,0.2899380362797201,2025-39-511
19747,0,0.2899380362797201,2025-40-511
19748,0,0.2899380362797201,2025-41-511
19749,0,0.2899380362797201,2025-42-511
19750,0,0.2899380362797201,2025-43-511
19751,1,0.2899380362797201,2025-44-511
19752,0,0.2899380362797201,2025-45-511
19753,0,0.2899380362797201,2025-46-511
19754,0,0.2899380362797201,2025-47-511
19755,2,0.2899380362797201,2025-48-511
19756,3,0.4540810672135568,2025-49-511
19757,5,0.34238009948888204,2025-50-511
19758,1,0.2899380362797201,2025-51-511
19759,1,0.2899380362797201,2025-52-511
20012,1,6.481464777014119,2025-1-601
20013,3,5.090919291602828,2025-2-601
20014,0,8.26174085880942,2025-3-601
20015,0,5.594070243317931,2025-4-601
20016,0,8.05431874023147,2025-5-601
20017,1,2.131510444521376,2025-6-601
20018,1,2.8996764842053473,2025-7-601
20019,1,1.3253096623539051,2025-8-601
20020,3,1.0592353640989962,2025-9-601
20021,3,0.33698337865371103,2025-10-601
20022,2,0.30733301788055906,2025-11-601
20023,1,0.3597750810897211,2025-12-601
20024,0,0.3597750810897211,2025-13-601
20025,1,2.9685966932768872,2025-14-601
20026,0,4.005821354552321,2025-15-601
20027,1,3.256170412280675,2025-16-601
20028,0,1.9483352631332975,2025-17-601
20029,0,0.6327262053622578,2025-18-601
20030,0,0.35437836025455005,2025-19-601
20031,0,0.34238009948888204,2025-20-601
20032,1,0.30733301788055906,2025-21-601
20033,7,0.34238009948888204,2025-22-601
20034,4,0.2899380362797201,2025-23-601
20035,6,0.2899380362797201,2025-24-601
20036,0,0.2899380362797201,2025-25-601
20037,4,0.30733301788055906,2025-26-601
20038,5,9.93249448047864,2025-27-601
20039,2,8.231307451303868,2025-28-601
20040,6,9.507190042257003,2025-29-601
20041,5,2.49830317658555,2025-30-601
20042,10,6.857832432582862,2025-31-601
20043,11,8.265155634439704,2025-32-601
20044,16,4.401116380824409,2025-33-601
20045,14,8.83685380880594,2025-34-601
20046,17,8.445888470971203,2025-35-601
20047,18,12.263791758285333,2025-36-601
20048,6,13.088358847980587,2025-37-601
20049,11,21.244447905703733,2025-38-601
20050,17,18.190586200037636,2025-39-601
20051,12,16.70403013430211,2025-40-601
20052,15,16.088755673380845,2025-41-601
20053,11,6.015835678374373,2025-42-601
20054,9,8.241716698413661,2025-43-601
20055,22,15.13769313043517,2025-44-601
20056,8,9.557928852609288,2025-45-601
20057,22,15.129082384652527,2025-46-601
20058,17,8.913851352440126,2025-47-601
20059,15,7.228880222176095,2025-48-601
20060,23,17.172881244050046,2025-49-601
20061,17,6.684576857497978,2025-50-601
20062,16,17.251225822166347,2025-51-601
20063,9,15.412140202536829,2025-52-601
20316,1,5.294018219103362,2025-1-602
20317,2,5.005935388593276,2025-2-602
20318,1,5.028340035781238,2025-3-602
20319,0,4.333335214939722,2025-4-602
20320,1,3.2523281205845844,2025-5-602
20321,0,1.8826984722638784,2025-6-602
20322,2,1.3912560998266337,2025-7-602
20323,0,1.0764976900964067,2025-8-602
20324,2,0.5856808629882667,2025-9-602
20325,1,0.35437836025455005,2025-10-602
20326,1,0.34238009948888204,2025-11-602
20327,2,1.2446149484460622,2025-12-602
20328,1,1.020585116411987,2025-13-602
20329,1,1.359826944808119,2025-14-602
20330,2,1.0764976900964067,2025-15-602
20331,7,0.6030758445891058,2025-16-602
20332,3,1.5752651611703823,2025-17-602
20333,4,1.0582916870617554,2025-18-602
20334,3,0.6030758445891058,2025-19-602
20335,2,1.9414130341039582,2025-20-602
20336,5,9.82354333882156,2025-21-602
20337,9,7.040550979432012,2025-22-602
20338,5,7.284932664347228,2025-23-602
20339,7,7.758932681690705,2025-24-602
20340,10,3.8446032979701794,2025-25-602
20341,5,6.998800151124377,2025-26-602
20342,5,11.10253682369736,2025-27-602
20343,15,8.136156484146827,2025-28-602
20344,10,9.864263400198245,2025-29-602
20345,5,12.019232540718317,2025-30-602
20346,7,8.215945915430675,2025-31-602
20347,7,8.108540614989584,2025-32-602
20348,7,20.930083691497625,2025-33-602
20349,10,11.991816337471727,2025-34-602
20350,7,8.097929821547684,2025-35-602
20351,3,9.866254437138691,2025-36-602
20352,3,10.102739150404751,2025-37-602
20353,5,9.196290580396337,2025-38-602
20354,4,10.657633313846679,2025-39-602
20355,1,7.406748286268608,2025-40-602
20356,3,4.447781188001862,2025-41-602
20357,5,4.063924337386817,2025-42-602
20358,1,4.101224459483789,2025-43-602
20359,1,4.257300525785332,2025-44-602
20360,2,2.131510444521376,2025-45-602
20361,5,2.786125884689249,2025-46-602
20362,4,3.8093922706572125,2025-47-602
20363,3,2.070939175104877,2025-48-602
20364,0,1.2083044123457676,2025-49-602
20365,4,1.2983483180423587,2025-50-602
20366,1,3.391956185717774,2025-51-602
20367,2,4.177337462059525,2025-52-602
20620,1,3.9546122914307524,2025-1-603
20621,0,1.3469619051346218,2025-2-603
20622,1,2.721547677342493,2025-3-603
20623,0,1.3253096623539051,2025-4-603
20624,0,1.6715962754554072,2025-5-603
20625,0,1.0764976900964067,2025-6-603
20626,0,0.5856808629882667,2025-7-603
20627,0,0.35437836025455005,2025-8-603
20628,0,0.34238009948888204,2025-9-603
20629,0,0.2899380362797201,2025-10-603
20630,0,0.2899380362797201,2025-11-603
20631,1,0.2899380362797201,2025-12-603
20632,0,0.2899380362797201,2025-13-603
20633,0,0.2899380362797201,2025-14-603
20634,2,0.2899380362797201,2025-15-603
20635,0,0.2899380362797201,2025-16-603
20636,1,0.30733301788055906,2025-17-603
20637,0,0.34238009948888204,2025-18-603
20638,0,0.2899380362797201,2025-19-603
20639,0,1.8636928759872817,2025-20-603
20640,1,1.0494244557513264,2025-21-603
20641,0,0.5506337813799438,2025-22-603
20642,1,0.3894254418628731,2025-23-603
20643,1,0.2899380362797201,2025-24-603
20644,0,0.2899380362797201,2025-25-603
20645,0,0.30733301788055906,2025-26-603
20646,0,0.34238009948888204,2025-27-603
20647,0,0.30733301788055906,2025-28-603
20648,1,0.3597750810897211,2025-29-603
20649,1,0.34238009948888204,2025-30-603
20650,0,0.2899380362797201,2025-31-603
20651,0,0.2899380362797201,2025-32-603
20652,0,0.2899380362797201,2025-33-603
20653,0,0.30733301788055906,2025-34-603
20654,0,0.3597750810897211,2025-35-603
20655,2,0.34238009948888204,2025-36-603
20656,0,0.2899380362797201,2025-37-603
20657,0,0.2899380362797201,2025-38-603
20658,2,0.2899380362797201,2025-39-603
20659,0,0.2899380362797201,2025-40-603
20660,0,1.2446149484460622,2025-41-603
20661,2,1.020585116411987,2025-42-603
20662,1,0.5332387997791047,2025-43-603
20663,0,1.2629044715079956,2025-44-603
20664,0,1.020585116411987,2025-45-603
20665,0,0.5332387997791047,2025-46-603
20666,0,1.2629044715079956,2025-47-603
20667,1,1.029452347722416,2025-48-603
20668,1,0.5856808629882667,2025-49-603
20669,0,0.33698337865371103,2025-50-603
20670,0,0.2899380362797201,2025-51-603
20671,0,0.2899380362797201,2025-52-603
20924,0,0.2899380362797201,2025-1-604
20925,0,0.2899380362797201,2025-2-604
20926,0,0.2899380362797201,2025-3-604
20927,0,3.06209590220877,2025-4-604
20928,0,2.8023404772278893,2025-5-604
20929,0,1.8132599715369506,2025-6-604
20930,0,0.5802841421530957,2025-7-604
20931,0,0.33698337865371103,2025-8-604
20932,0,0.2899380362797201,2025-9-604
20933,0,0.2899380362797201,2025-10-604
20934,0,0.2899380362797201,2025-11-604
20935,0,0.2899380362797201,2025-12-604
20936,0,0.2899380362797201,2025-13-604
20937,0,0.2899380362797201,2025-14-604
20938,0,0.2899380362797201,2025-15-604
20939,0,0.2899380362797201,2025-16-604
20940,0,0.2899380362797201,2025-17-604
20941,0,0.2899380362797201,2025-18-604
20942,0,0.2899380362797201,2025-19-604
20943,0,0.2899380362797201,2025-20-604
20944,0,0.2899380362797201,2025-21-604
20945,0,0.2899380362797201,2025-22-604
20946,0,0.2899380362797201,2025-23-604
20947,1,0.2899380362797201,2025-24-604
20948,3,0.2899380362797201,2025-25-604
20949,7,0.2899380362797201,2025-26-604
20950,6,0.2899380362797201,2025-27-604
20951,11,0.2899380362797201,2025-28-604
20952,6,0.30733301788055906,2025-29-604
20953,6,5.474170387788103,2025-30-604
20954,7,9.799313151442025,2025-31-604
20955,1,9.136340758134637,2025-32-604
20956,7,12.120562670993019,2025-33-604
20957,4,9.100306876661378,2025-34-604
20958,1,9.100306876661378,2025-35-604
20959,1,9.799850226191452,2025-36-604
20960,1,2.344074906150182,2025-37-604
20961,2,8.680536009922548,2025-38-604
20962,0,5.905958603807529,2025-39-604
20963,0,2.070939175104877,2025-40-604
20964,4,1.2083044123457676,2025-41-604
20965,1,0.40682042346371206,2025-42-604
20966,0,1.2572169887603295,2025-43-604
20967,3,1.020585116411987,2025-44-604
20968,1,0.5332387997791047,2025-45-604
20969,0,3.0803854252707037,2025-46-604
20970,2,1.2782643199799144,2025-47-604
20971,0,1.1303381613284293,2025-48-604
20972,2,2.659896271683404,2025-49-604
20973,1,1.2782643199799144,2025-50-604
20974,3,1.1303381613284293,2025-51-604
20975,3,1.2629044715079956,2025-52-604
21228,0,0.3597750810897211,2025-1-605
21229,3,3.4322125676982944,2025-2-605
21230,1,3.535636513584721,2025-3-605
21231,2,5.196483989033768,2025-4-605
21232,3,2.131510444521376,2025-5-605
21233,2,1.1198066335154955,2025-6-605
21234,5,2.659896271683404,2025-7-605
21235,0,1.2782643199799144,2025-8-605
21236,0,1.6841983157696745,2025-9-605
21237,5,2.8740212766691338,2025-10-605
21238,1,2.571645881588823,2025-11-605
21239,1,3.621342164112137,2025-12-605
21240,2,1.6212982789850077,2025-13-605
21241,1,1.1854434243849148,2025-14-605
21242,0,4.654437879592238,2025-15-605
21243,1,1.4325957833989633,2025-16-605
21244,2,1.2133699337986878,2025-17-605
21245,2,1.9533957554448205,2025-18-605
21246,2,1.0582916870617554,2025-19-605
21247,6,0.5856808629882667,2025-20-605
21248,1,0.35437836025455005,2025-21-605
21249,4,1.85146125938394,2025-22-605
21250,1,2.5950371742772322,2025-23-605
21251,3,2.548208579536757,2025-24-605
21252,4,8.727902667148857,2025-25-605
21253,2,1.8801654791342874,2025-26-605
21254,1,6.606322733366943,2025-27-605
21255,3,1.649909307305993,2025-28-605
21256,2,5.404566146915567,2025-29-605
21257,1,7.312593821432059,2025-30-605
21258,2,4.545863274971435,2025-31-605
21259,3,1.9115378116032176,2025-32-605
21260,4,5.410609822755324,2025-33-605
21261,1,3.388904914320037,2025-34-605
21262,1,1.9166033330561378,2025-35-605
21263,0,1.9296239688574388,2025-36-605
21264,0,5.5803162329071885,2025-37-605
21265,1,6.069549710526257,2025-38-605
21266,0,2.4178002166347423,2025-39-605
21267,1,1.2083044123457676,2025-40-605
21268,0,0.3894254418628731,2025-41-605
21269,2,0.2899380362797201,2025-42-605
21270,0,0.30733301788055906,2025-43-605
21271,3,0.34238009948888204,2025-44-605
21272,1,0.30733301788055906,2025-45-605
21273,3,0.34238009948888204,2025-46-605
21274,1,1.2446149484460622,2025-47-605
21275,2,1.020585116411987,2025-48-605
21276,1,2.7093018301203187,2025-49-605
21277,0,1.3253096623539051,2025-50-605
21278,2,2.721547677342493,2025-51-605
21279,0,1.3253096623539051,2025-52-605
21532,0,0.30733301788055906,2025-1-606
21533,0,0.3597750810897211,2025-2-606
21534,0,0.3597750810897211,2025-3-606
21535,0,1.2572169887603295,2025-4-606
21536,0,1.029452347722416,2025-5-606
21537,0,0.5856808629882667,2025-6-606
21538,0,0.33698337865371103,2025-7-606
21539,0,0.2899380362797201,2025-8-606
21540,0,0.2899380362797201,2025-9-606
21541,1,0.2899380362797201,2025-10-606
21542,0,0.2899380362797201,2025-11-606
21543,0,0.2899380362797201,2025-12-606
21544,0,0.2899380362797201,2025-13-606
21545,0,0.2899380362797201,2025-14-606
21546,0,0.30733301788055906,2025-15-606
21547,0,0.34238009948888204,2025-16-606
21548,0,0.2899380362797201,2025-17-606
21549,1,0.2899380362797201,2025-18-606
21550,0,0.2899380362797201,2025-19-606
21551,0,0.2899380362797201,2025-20-606
21552,0,0.2899380362797201,2025-21-606
21553,0,0.2899380362797201,2025-22-606
21554,0,0.30733301788055906,2025-23-606
21555,0,0.34238009948888204,2025-24-606
21556,0,0.2899380362797201,2025-25-606
21557,0,0.2899380362797201,2025-26-606
21558,2,0.2899380362797201,2025-27-606
21559,0,0.2899380362797201,2025-28-606
21560,0,0.2899380362797201,2025-29-606
21561,0,0.2899380362797201,2025-30-606
21562,0,0.2899380362797201,2025-31-606
21563,0,1.8636928759872817,2025-32-606
21564,0,1.0494244557513264,2025-33-606
21565,0,0.5332387997791047,2025-34-606
21566,0,0.33698337865371103,2025-35-606
21567,0,0.2899380362797201,2025-36-606
21568,0,0.2899380362797201,2025-37-606
21569,0,0.2899380362797201,2025-38-606
21570,0,0.2899380362797201,2025-39-606
21571,0,0.2899380362797201,2025-40-606
21572,0,0.2899380362797201,2025-41-606
21573,0,0.2899380362797201,2025-42-606
21574,0,0.2899380362797201,2025-43-606
21575,0,0.2899380362797201,2025-44-606
21576,0,0.2899380362797201,2025-45-606
21577,0,0.2899380362797201,2025-46-606
21578,1,0.2899380362797201,2025-47-606
21579,0,0.2899380362797201,2025-48-606
21580,0,0.2899380362797201,2025-49-606
21581,2,0.2899380362797201,2025-50-606
21582,0,0.2899380362797201,2025-51-606
21583,1,0.30733301788055906,2025-52-606
21836,0,9.486736459353882,2025-1-607
21837,2,5.439568499707235,2025-2-607
21838,0,3.2751699268046797,2025-3-607
21839,0,3.54846332278828,2025-4-607
21840,0,4.241915669406281,2025-5-607
21841,0,2.131510444521376,2025-6-607
21842,0,1.7127276047374362,2025-7-607
21843,1,1.0676304587859777,2025-8-607
21844,1,0.5332387997791047,2025-9-607
21845,0,0.33698337865371103,2025-10-607
21846,0,0.2899380362797201,2025-11-607
21847,0,0.2899380362797201,2025-12-607
21848,0,0.30733301788055906,2025-13-607
21849,0,0.3597750810897211,2025-14-607
21850,0,0.34238009948888204,2025-15-607
21851,1,0.2899380362797201,2025-16-607
21852,0,0.2899380362797201,2025-17-607
21853,1,0.2899380362797201,2025-18-607
21854,0,0.2899380362797201,2025-19-607
21855,0,0.2899380362797201,2025-20-607
21856,0,0.30733301788055906,2025-21-607
21857,0,0.34238009948888204,2025-22-607
21858,0,0.30733301788055906,2025-23-607
21859,0,0.34238009948888204,2025-24-607
21860,0,0.2899380362797201,2025-25-607
21861,0,0.2899380362797201,2025-26-607
21862,0,0.2899380362797201,2025-27-607
21863,1,0.2899380362797201,2025-28-607
21864,0,0.2899380362797201,2025-29-607
21865,0,0.2899380362797201,2025-30-607
21866,0,0.2899380362797201,2025-31-607
21867,0,0.2899380362797201,2025-32-607
21868,1,0.30733301788055906,2025-33-607
21869,0,0.34238009948888204,2025-34-607
21870,0,0.2899380362797201,2025-35-607
21871,1,0.2899380362797201,2025-36-607
21872,0,0.2899380362797201,2025-37-607
21873,0,0.30733301788055906,2025-38-607
21874,0,0.34238009948888204,2025-39-607
21875,1,0.2899380362797201,2025-40-607
21876,5,0.30733301788055906,2025-41-607
21877,1,0.34238009948888204,2025-42-607
21878,3,0.2899380362797201,2025-43-607
21879,2,0.2899380362797201,2025-44-607
21880,3,0.30733301788055906,2025-45-607
21881,2,3.2907141961938766,2025-46-607
21882,1,1.2782643199799144,2025-47-607
21883,1,2.7714439269097757,2025-48-607
21884,1,2.4462914466024093,2025-49-607
21885,3,2.9167929859645785,2025-50-607
21886,0,2.5033128304954984,2025-51-607
21887,2,1.8826984722638784,2025-52-607
22140,0,0.30733301788055906,2025-1-608
22141,0,0.34238009948888204,2025-2-608
22142,0,0.30733301788055906,2025-3-608
22143,0,0.34238009948888204,2025-4-608
22144,0,0.2899380362797201,2025-5-608
22145,0,0.2899380362797201,2025-6-608
22146,0,0.2899380362797201,2025-7-608
22147,1,0.2899380362797201,2025-8-608
22148,1,0.2899380362797201,2025-9-608
22149,0,0.2899380362797201,2025-10-608
22150,0,0.2899380362797201,2025-11-608
22151,0,0.2899380362797201,2025-12-608
22152,1,0.30733301788055906,2025-13-608
22153,0,0.3597750810897211,2025-14-608
22154,0,0.34238009948888204,2025-15-608
22155,0,0.2899380362797201,2025-16-608
22156,0,0.2899380362797201,2025-17-608
22157,0,0.30733301788055906,2025-18-608
22158,0,0.34238009948888204,2025-19-608
22159,0,0.2899380362797201,2025-20-608
22160,0,0.2899380362797201,2025-21-608
22161,0,0.2899380362797201,2025-22-608
22162,0,0.2899380362797201,2025-23-608
22163,0,0.2899380362797201,2025-24-608
22164,0,0.2899380362797201,2025-25-608
22165,0,0.2899380362797201,2025-26-608
22166,0,0.2899380362797201,2025-27-608
22167,0,0.2899380362797201,2025-28-608
22168,0,0.2899380362797201,2025-29-608
22169,0,0.2899380362797201,2025-30-608
22170,0,0.2899380362797201,2025-31-608
22171,0,0.2899380362797201,2025-32-608
22172,0,0.2899380362797201,2025-33-608
22173,0,0.2899380362797201,2025-34-608
22174,0,0.2899380362797201,2025-35-608
22175,1,0.2899380362797201,2025-36-608
22176,0,0.2899380362797201,2025-37-608
22177,1,0.2899380362797201,2025-38-608
22178,0,0.2899380362797201,2025-39-608
22179,0,0.2899380362797201,2025-40-608
22180,1,0.30733301788055906,2025-41-608
22181,0,0.34238009948888204,2025-42-608
22182,0,0.30733301788055906,2025-43-608
22183,0,0.34238009948888204,2025-44-608
22184,1,0.2899380362797201,2025-45-608
22185,1,0.30733301788055906,2025-46-608
22186,0,0.34238009948888204,2025-47-608
22187,0,0.2899380362797201,2025-48-608
22188,0,0.2899380362797201,2025-49-608
22189,0,0.30733301788055906,2025-50-608
22190,0,0.3597750810897211,2025-51-608
22191,0,0.34238009948888204,2025-52-608
22444,0,0.34238009948888204,2025-1-609
22445,0,1.6157537319047233,2025-2-609
22446,0,1.020585116411987,2025-3-609
22447,0,0.5332387997791047,2025-4-609
22448,0,0.35437836025455005,2025-5-609
22449,1,0.34238009948888204,2025-6-609
22450,2,0.2899380362797201,2025-7-609
22451,0,0.2899380362797201,2025-8-609
22452,0,0.2899380362797201,2025-9-609
22453,0,0.2899380362797201,2025-10-609
22454,0,0.30733301788055906,2025-11-609
22455,0,1.304045583500805,2025-12-609
22456,0,1.020585116411987,2025-13-609
22457,0,0.5332387997791047,2025-14-609
22458,0,0.33698337865371103,2025-15-609
22459,0,0.2899380362797201,2025-16-609
22460,1,0.2899380362797201,2025-17-609
22461,0,0.2899380362797201,2025-18-609
22462,4,0.2899380362797201,2025-19-609
22463,2,0.2899380362797201,2025-20-609
22464,1,0.2899380362797201,2025-21-609
22465,1,0.30733301788055906,2025-22-609
22466,3,0.34238009948888204,2025-23-609
22467,1,6.6348618050454835,2025-24-609
22468,1,4.217655323608214,2025-25-609
22469,3,1.9166033330561378,2025-26-609
22470,3,0.6501211869630968,2025-27-609
22471,4,5.44439382582471,2025-28-609
22472,5,1.6028639649320022,2025-29-609
22473,1,1.1477331429292683,2025-30-609
22474,7,5.521136821762685,2025-31-609
22475,5,6.354043120312352,2025-32-609
22476,3,7.219814546544818,2025-33-609
22477,3,8.082623794198714,2025-34-609
22478,2,2.5217468803428833,2025-35-609
22479,2,9.635292620607645,2025-36-609
22480,3,8.299754130894165,2025-37-609
22481,1,6.234473526481756,2025-38-609
22482,1,4.805516252528409,2025-39-609
22483,1,3.227206024352772,2025-40-609
22484,2,2.4206712185430677,2025-41-609
22485,0,3.02178904552219,2025-42-609
22486,0,1.6212982789850077,2025-43-609
22487,1,1.2083044123457676,2025-44-609
22488,0,0.40682042346371206,2025-45-609
22489,1,1.304045583500805,2025-46-609
22490,2,1.020585116411987,2025-47-609
22491,0,0.5332387997791047,2025-48-609
22492,0,0.35437836025455005,2025-49-609
22493,0,0.34238009948888204,2025-50-609
22494,2,0.30733301788055906,2025-51-609
22495,6,1.2572169887603295,2025-52-609
22748,1,6.361724097654585,2025-1-610
22749,1,5.463315021951522,2025-2-610
22750,0,4.46405424002974,2025-3-610
22751,1,4.102946425193042,2025-4-610
22752,3,2.131510444521376,2025-5-610
22753,0,1.1372016151163344,2025-6-610
22754,7,0.40682042346371206,2025-7-610
22755,9,0.34238009948888204,2025-8-610
22756,2,0.30733301788055906,2025-9-610
22757,0,2.623994975249297,2025-10-610
22758,2,1.3439967647827222,2025-11-610
22759,0,5.844532891708832,2025-12-610
22760,2,8.183715999084383,2025-13-610
22761,0,3.487557953788015,2025-14-610
22762,0,1.9394680318228685,2025-15-610
22763,0,1.4765133063721252,2025-16-610
22764,0,1.0676304587859777,2025-17-610
22765,0,1.9355487837397092,2025-18-610
22766,1,1.0964697981253173,2025-19-610
22767,0,0.5332387997791047,2025-20-610
22768,0,0.33698337865371103,2025-21-610
22769,1,0.2899380362797201,2025-22-610
22770,0,0.2899380362797201,2025-23-610
22771,1,0.30733301788055906,2025-24-610
22772,2,0.34238009948888204,2025-25-610
22773,2,0.2899380362797201,2025-26-610
22774,0,0.30733301788055906,2025-27-610
22775,2,0.34238009948888204,2025-28-610
22776,0,0.30733301788055906,2025-29-610
22777,0,1.876294916301549,2025-30-610
22778,1,2.573042236454366,2025-31-610
22779,0,1.279680627579622,2025-32-610
22780,4,2.138609786244855,2025-33-610
22781,1,1.0964697981253173,2025-34-610
22782,1,0.5332387997791047,2025-35-610
22783,0,0.35437836025455005,2025-36-610
22784,0,0.34238009948888204,2025-37-610
22785,0,6.736284247921847,2025-38-610
22786,1,1.4331848564210534,2025-39-610
22787,1,1.255658674844162,2025-40-610
22788,2,0.3894254418628731,2025-41-610
22789,0,0.2899380362797201,2025-42-610
22790,0,0.2899380362797201,2025-43-610
22791,2,0.30733301788055906,2025-44-610
22792,4,0.3597750810897211,2025-45-610
22793,2,1.2572169887603295,2025-46-610
22794,1,1.020585116411987,2025-47-610
22795,0,0.5332387997791047,2025-48-610
22796,1,1.2629044715079956,2025-49-610
22797,0,3.2201602923795876,2025-50-610
22798,0,2.882203667341074,2025-51-610
22799,1,1.8826984722638784,2025-52-610
23052,1,2.3450407784978595,2025-1-611
23053,0,1.2508412882402826,2025-2-611
23054,1,0.5802841421530957,2025-3-611
23055,0,3.0803854252707037,2025-4-611
23056,2,1.2782643199799144,2025-5-611
23057,2,1.1477331429292683,2025-6-611
23058,1,0.3894254418628731,2025-7-611
23059,2,0.30733301788055906,2025-8-611
23060,2,0.34238009948888204,2025-9-611
23061,0,1.2446149484460622,2025-10-611
23062,0,1.970683575186372,2025-11-611
23063,0,1.2597085195507116,2025-12-611
23064,0,1.368414293606538,2025-13-611
23065,0,2.0112773128260875,2025-14-611
23066,0,1.2508412882402826,2025-15-611
23067,0,0.5802841421530957,2025-16-611
23068,2,0.33698337865371103,2025-17-611
23069,0,0.2899380362797201,2025-18-611
23070,0,0.2899380362797201,2025-19-611
23071,0,0.2899380362797201,2025-20-611
23072,0,0.2899380362797201,2025-21-611
23073,0,2.1541042662523076,2025-22-611
23074,0,1.0494244557513264,2025-23-611
23075,0,0.5332387997791047,2025-24-611
23076,0,0.33698337865371103,2025-25-611
23077,0,0.2899380362797201,2025-26-611
23078,0,0.2899380362797201,2025-27-611
23079,1,0.2899380362797201,2025-28-611
23080,0,0.2899380362797201,2025-29-611
23081,0,0.2899380362797201,2025-30-611
23082,0,0.2899380362797201,2025-31-611
23083,0,0.2899380362797201,2025-32-611
23084,0,0.30733301788055906,2025-33-611
23085,0,0.34238009948888204,2025-34-611
23086,0,0.2899380362797201,2025-35-611
23087,0,0.2899380362797201,2025-36-611
23088,0,0.2899380362797201,2025-37-611
23089,0,0.2899380362797201,2025-38-611
23090,0,0.2899380362797201,2025-39-611
23091,0,0.2899380362797201,2025-40-611
23092,0,0.2899380362797201,2025-41-611
23093,0,0.2899380362797201,2025-42-611
23094,0,0.2899380362797201,2025-43-611
23095,3,0.2899380362797201,2025-44-611
23096,2,0.2899380362797201,2025-45-611
23097,6,0.2899380362797201,2025-46-611
23098,2,0.2899380362797201,2025-47-611
23099,3,0.2899380362797201,2025-48-611
23100,2,2.595318064336648,2025-49-611
23101,2,2.40516011732038,2025-50-611
23102,1,4.972715844746976,2025-51-611
23103,6,2.929135932567575,2025-52-611
23356,1,4.148371071686096,2025-1-701
23357,0,4.493952317372599,2025-2-701
23358,0,2.131510444521376,2025-3-701
23359,1,1.1909094307449286,2025-4-701
23360,0,0.35437836025455005,2025-5-701
23361,1,0.3597750810897211,2025-6-701
23362,1,0.34238009948888204,2025-7-701
23363,0,0.2899380362797201,2025-8-701
23364,0,0.30733301788055906,2025-9-701
23365,2,0.34238009948888204,2025-10-701
23366,2,0.30733301788055906,2025-11-701
23367,1,0.3597750810897211,2025-12-701
23368,3,0.34238009948888204,2025-13-701
23369,2,0.2899380362797201,2025-14-701
23370,1,1.2908701752469154,2025-15-701
23371,2,2.043069141222441,2025-16-701
23372,0,1.2597085195507116,2025-17-701
23373,0,4.632651276560433,2025-18-701
23374,0,3.1584248214736745,2025-19-701
23375,1,1.850966542186719,2025-20-701
23376,2,1.7674188592876794,2025-21-701
23377,2,1.0964697981253173,2025-22-701
23378,1,0.5332387997791047,2025-23-701
23379,0,0.33698337865371103,2025-24-701
23380,2,0.30733301788055906,2025-25-701
23381,1,2.0241679505882377,2025-26-701
23382,0,2.6764148602320237,2025-27-701
23383,0,1.288547858890051,2025-28-701
23384,2,0.6327262053622578,2025-29-701
23385,4,2.010188679744482,2025-30-701
23386,3,1.0582916870617554,2025-31-701
23387,5,0.5856808629882667,2025-32-701
23388,2,0.33698337865371103,2025-33-701
23389,1,1.6986490473227804,2025-34-701
23390,2,6.096858403220871,2025-35-701
23391,4,6.448017699862619,2025-36-701
23392,2,6.420385590024585,2025-37-701
23393,6,3.979368539584609,2025-38-701
23394,0,2.4288826638714287,2025-39-701
23395,1,1.5248987264962017,2025-40-701
23396,2,3.4180014772742497,2025-41-701
23397,2,2.882203667341074,2025-42-701
23398,2,4.864494864597759,2025-43-701
23399,0,1.5555658341822,2025-44-701
23400,3,1.1372016151163344,2025-45-701
23401,2,1.2983483180423587,2025-46-701
23402,4,1.970683575186372,2025-47-701
23403,2,2.0505467652995573,2025-48-701
23404,1,1.2978866306142731,2025-49-701
23405,1,2.727591353182252,2025-50-701
23406,2,2.4234496403823136,2025-51-701
23407,3,3.3024400099874054,2025-52-701
23660,0,5.577931602192148,2025-1-702
23661,0,6.338378731862089,2025-2-702
23662,1,8.296587859857853,2025-3-702
23663,0,2.131510444521376,2025-4-702
23664,1,1.1198066335154955,2025-5-702
23665,0,0.33698337865371103,2025-6-702
23666,1,0.2899380362797201,2025-7-702
23667,1,0.30733301788055906,2025-8-702
23668,3,0.34238009948888204,2025-9-702
23669,1,0.30733301788055906,2025-10-702
23670,0,0.34238009948888204,2025-11-702
23671,2,0.30733301788055906,2025-12-702
23672,0,0.3597750810897211,2025-13-702
23673,3,2.9685966932768872,2025-14-702
23674,0,1.3269431258301971,2025-15-702
23675,0,1.1303381613284293,2025-16-702
23676,0,1.625815934606998,2025-17-702
23677,2,1.0494244557513264,2025-18-702
23678,2,5.487214979459194,2025-19-702
23679,0,1.5841768625031853,2025-20-702
23680,1,1.0592353640989962,2025-21-702
23681,1,0.33698337865371103,2025-22-702
23682,0,1.8388592190696726,2025-23-702
23683,1,2.548208579536757,2025-24-702
23684,1,1.279680627579622,2025-25-702
23685,3,0.5976791237539347,2025-26-702
23686,1,0.40682042346371206,2025-27-702
23687,2,0.34238009948888204,2025-28-702
23688,0,0.30733301788055906,2025-29-702
23689,0,0.3597750810897211,2025-30-702
23690,0,5.474170387788103,2025-31-702
23691,3,1.5371315201291944,2025-32-702
23692,2,2.198579396280099,2025-33-702
23693,2,1.0964697981253173,2025-34-702
23694,3,0.5332387997791047,2025-35-702
23695,2,0.33698337865371103,2025-36-702
23696,3,5.292636708033777,2025-37-702
23697,1,3.0943158175456555,2025-38-702
23698,3,3.286300823059847,2025-39-702
23699,4,3.3237479435860102,2025-40-702
23700,1,2.5033128304954984,2025-41-702
23701,1,2.935082509026512,2025-42-702
23702,3,1.5555658341822,2025-43-702
23703,2,2.739837200404426,2025-44-702
23704,1,3.7105907391961637,2025-45-702
23705,2,2.136671619907685,2025-46-702
23706,5,1.2083044123457676,2025-47-702
23707,3,2.659896271683404,2025-48-702
23708,4,2.4535560288764917,2025-49-702
23709,11,1.8221272028473794,2025-50-702
23710,0,1.368414293606538,2025-51-702
23711,0,3.391956185717774,2025-52-702
23964,1,7.201941963089444,2025-1-703
23965,1,5.267984796584269,2025-2-703
23966,2,2.131510444521376,2025-3-703
23967,0,1.2083044123457676,2025-4-703
23968,0,1.2755065118222628,2025-5-703
23969,0,1.029452347722416,2025-6-703
23970,0,0.6030758445891058,2025-7-703
23971,0,1.2755065118222628,2025-8-703
23972,0,1.020585116411987,2025-9-703
23973,0,0.5332387997791047,2025-10-703
23974,0,0.33698337865371103,2025-11-703
23975,0,0.2899380362797201,2025-12-703
23976,0,0.2899380362797201,2025-13-703
23977,0,0.2899380362797201,2025-14-703
23978,0,0.2899380362797201,2025-15-703
23979,0,0.2899380362797201,2025-16-703
23980,0,0.2899380362797201,2025-17-703
23981,0,0.2899380362797201,2025-18-703
23982,0,0.2899380362797201,2025-19-703
23983,0,0.2899380362797201,2025-20-703
23984,0,0.2899380362797201,2025-21-703
23985,0,0.2899380362797201,2025-22-703
23986,0,0.2899380362797201,2025-23-703
23987,0,0.2899380362797201,2025-24-703
23988,0,0.2899380362797201,2025-25-703
23989,0,0.2899380362797201,2025-26-703
23990,0,0.2899380362797201,2025-27-703
23991,0,0.2899380362797201,2025-28-703
23992,0,0.2899380362797201,2025-29-703
23993,1,0.2899380362797201,2025-30-703
23994,0,0.2899380362797201,2025-31-703
23995,1,0.2899380362797201,2025-32-703
23996,2,0.2899380362797201,2025-33-703
23997,1,0.2899380362797201,2025-34-703
23998,2,0.30733301788055906,2025-35-703
23999,1,0.34238009948888204,2025-36-703
24000,0,0.30733301788055906,2025-37-703
24001,1,1.7082516214659866,2025-38-703
24002,1,1.224555921834255,2025-39-703
24003,0,1.5282678077232035,2025-40-703
24004,1,1.0764976900964067,2025-41-703
24005,0,0.5856808629882667,2025-42-703
24006,1,0.35437836025455005,2025-43-703
24007,0,0.3597750810897211,2025-44-703
24008,2,0.34238009948888204,2025-45-703
24009,2,0.30733301788055906,2025-46-703
24010,1,0.34238009948888204,2025-47-703
24011,1,0.30733301788055906,2025-48-703
24012,1,0.34238009948888204,2025-49-703
24013,2,1.2446149484460622,2025-50-703
24014,1,1.970683575186372,2025-51-703
24015,0,1.2597085195507116,2025-52-703
24268,1,5.101287197324744,2025-1-704
24269,3,4.68770050047673,2025-2-704
24270,2,2.131510444521376,2025-3-704
24271,1,1.2277321654303892,2025-4-704
24272,0,0.33698337865371103,2025-5-704
24273,1,0.30733301788055906,2025-6-704
24274,0,2.595318064336648,2025-7-704
24275,1,2.40516011732038,2025-8-704
24276,0,1.8221272028473794,2025-9-704
24277,0,0.6327262053622578,2025-10-704
24278,0,0.35437836025455005,2025-11-704
24279,0,0.34238009948888204,2025-12-704
24280,0,0.30733301788055906,2025-13-704
24281,1,0.34238009948888204,2025-14-704
24282,0,0.2899380362797201,2025-15-704
24283,0,0.2899380362797201,2025-16-704
24284,0,0.2899380362797201,2025-17-704
24285,0,0.2899380362797201,2025-18-704
24286,0,0.30733301788055906,2025-19-704
24287,0,0.34238009948888204,2025-20-704
24288,0,0.2899380362797201,2025-21-704
24289,0,0.2899380362797201,2025-22-704
24290,0,0.2899380362797201,2025-23-704
24291,0,0.2899380362797201,2025-24-704
24292,0,0.2899380362797201,2025-25-704
24293,0,0.2899380362797201,2025-26-704
24294,0,0.2899380362797201,2025-27-704
24295,0,0.2899380362797201,2025-28-704
24296,1,0.2899380362797201,2025-29-704
24297,0,0.2899380362797201,2025-30-704
24298,0,0.2899380362797201,2025-31-704
24299,0,0.2899380362797201,2025-32-704
24300,0,0.2899380362797201,2025-33-704
24301,0,0.30733301788055906,2025-34-704
24302,3,0.34238009948888204,2025-35-704
24303,3,0.2899380362797201,2025-36-704
24304,1,0.2899380362797201,2025-37-704
24305,0,0.2899380362797201,2025-38-704
24306,2,0.2899380362797201,2025-39-704
24307,0,2.911058220435838,2025-40-704
24308,2,3.1403654406940134,2025-41-704
24309,1,2.070939175104877,2025-42-704
24310,1,1.1909094307449286,2025-43-704
24311,0,1.2629044715079956,2025-44-704
24312,1,1.020585116411987,2025-45-704
24313,1,1.3375227302303372,2025-46-704
24314,1,1.0764976900964067,2025-47-704
24315,0,0.6030758445891058,2025-48-704
24316,0,0.3894254418628731,2025-49-704
24317,4,0.30733301788055906,2025-50-704
24318,3,0.3597750810897211,2025-51-704
24319,1,0.3597750810897211,2025-52-704
24572,1,2.907744122250388,2025-1-705
24573,0,1.8132599715369506,2025-2-705
24574,2,0.5802841421530957,2025-3-705
24575,0,0.33698337865371103,2025-4-705
24576,0,0.30733301788055906,2025-5-705
24577,2,0.3597750810897211,2025-6-705
24578,1,0.34238009948888204,2025-7-705
24579,0,1.2446149484460622,2025-8-705
24580,0,1.020585116411987,2025-9-705
24581,0,0.5332387997791047,2025-10-705
24582,2,1.2629044715079956,2025-11-705
24583,0,1.029452347722416,2025-12-705
24584,0,0.5856808629882667,2025-13-705
24585,0,0.33698337865371103,2025-14-705
24586,0,0.2899380362797201,2025-15-705
24587,0,1.3170005144821308,2025-16-705
24588,0,1.020585116411987,2025-17-705
24589,0,0.5332387997791047,2025-18-705
24590,0,0.33698337865371103,2025-19-705
24591,0,0.2899380362797201,2025-20-705
24592,0,0.2899380362797201,2025-21-705
24593,1,0.2899380362797201,2025-22-705
24594,0,0.2899380362797201,2025-23-705
24595,0,0.2899380362797201,2025-24-705
24596,1,0.2899380362797201,2025-25-705
24597,0,0.2899380362797201,2025-26-705
24598,0,0.30733301788055906,2025-27-705
24599,1,0.34238009948888204,2025-28-705
24600,0,0.2899380362797201,2025-29-705
24601,0,0.30733301788055906,2025-30-705
24602,1,0.34238009948888204,2025-31-705
24603,2,0.2899380362797201,2025-32-705
24604,1,0.30733301788055906,2025-33-705
24605,0,0.34238009948888204,2025-34-705
24606,0,0.2899380362797201,2025-35-705
24607,2,0.30733301788055906,2025-36-705
24608,0,1.827510247160869,2025-37-705
24609,0,1.029452347722416,2025-38-705
24610,2,0.5856808629882667,2025-39-705
24611,1,0.33698337865371103,2025-40-705
24612,1,1.2446149484460622,2025-41-705
24613,1,1.020585116411987,2025-42-705
24614,1,0.5332387997791047,2025-43-705
24615,0,1.2629044715079956,2025-44-705
24616,0,1.029452347722416,2025-45-705
24617,0,0.6030758445891058,2025-46-705
24618,2,0.40682042346371206,2025-47-705
24619,0,0.3597750810897211,2025-48-705
24620,1,0.34238009948888204,2025-49-705
24621,4,0.2899380362797201,2025-50-705
24622,2,0.2899380362797201,2025-51-705
24623,0,1.2446149484460622,2025-52-705
24876,0,0.2899380362797201,2025-1-706
24877,0,0.30733301788055906,2025-2-706
24878,0,0.34238009948888204,2025-3-706
24879,0,2.595318064336648,2025-4-706
24880,0,1.2782643199799144,2025-5-706
24881,2,1.1303381613284293,2025-6-706
24882,1,0.33698337865371103,2025-7-706
24883,1,0.2899380362797201,2025-8-706
24884,0,0.2899380362797201,2025-9-706
24885,1,0.2899380362797201,2025-10-706
24886,0,1.2446149484460622,2025-11-706
24887,0,1.029452347722416,2025-12-706
24888,0,0.6030758445891058,2025-13-706
24889,0,0.3894254418628731,2025-14-706
24890,0,0.30733301788055906,2025-15-706
24891,3,0.34238009948888204,2025-16-706
24892,0,0.2899380362797201,2025-17-706
24893,1,0.2899380362797201,2025-18-706
24894,0,0.2899380362797201,2025-19-706
24895,0,0.2899380362797201,2025-20-706
24896,0,5.474170387788103,2025-21-706
24897,0,1.4908287816087205,2025-22-706
24898,0,1.0766303456998352,2025-23-706
24899,1,0.3894254418628731,2025-24-706
24900,1,0.2899380362797201,2025-25-706
24901,1,0.2899380362797201,2025-26-706
24902,1,0.2899380362797201,2025-27-706
24903,2,0.2899380362797201,2025-28-706
24904,1,0.30733301788055906,2025-29-706
24905,2,0.3597750810897211,2025-30-706
24906,1,0.3597750810897211,2025-31-706
24907,0,0.3597750810897211,2025-32-706
24908,0,1.85146125938394,2025-33-706
24909,0,1.0582916870617554,2025-34-706
24910,1,1.8645058510550296,2025-35-706
24911,0,1.1053370294357463,2025-36-706
24912,0,0.5856808629882667,2025-37-706
24913,0,0.33698337865371103,2025-38-706
24914,0,0.2899380362797201,2025-39-706
24915,1,0.30733301788055906,2025-40-706
24916,0,0.34238009948888204,2025-41-706
24917,0,0.2899380362797201,2025-42-706
24918,1,0.2899380362797201,2025-43-706
24919,0,0.2899380362797201,2025-44-706
24920,0,0.30733301788055906,2025-45-706
24921,0,0.34238009948888204,2025-46-706
24922,2,0.2899380362797201,2025-47-706
24923,1,0.30733301788055906,2025-48-706
24924,1,0.34238009948888204,2025-49-706
24925,0,0.2899380362797201,2025-50-706
24926,0,0.2899380362797201,2025-51-706
24927,0,1.2446149484460622,2025-52-706
