,actual,pred,week_canton
200,67,66.19185622044284,2024-1-101
201,68,75.47457276762856,2024-2-101
202,61,35.334619488337324,2024-3-101
203,52,-4.338998128748946,2024-4-101
204,48,-25.520985305124047,2024-5-101
205,41,47.27662999736324,2024-6-101
206,50,70.46141192397216,2024-7-101
207,26,66.99242176279141,2024-8-101
208,32,38.91314258228673,2024-9-101
209,18,33.46835119853738,2024-10-101
210,20,28.57163976105884,2024-11-101
211,13,37.78641745414655,2024-12-101
212,12,19.02026381396948,2024-13-101
213,21,21.8481929364369,2024-14-101
214,15,8.880681617534826,2024-15-101
215,13,14.17675277333819,2024-16-101
216,13,7.185478095079713,2024-17-101
217,11,8.883695056192057,2024-18-101
218,16,14.844516940890122,2024-19-101
219,7,15.404970553321824,2024-20-101
220,18,12.327708270098944,2024-21-101
221,23,9.301588187828978,2024-22-101
222,27,7.675200838701224,2024-23-101
223,27,13.316111070769493,2024-24-101
224,36,5.458457464811339,2024-25-101
225,20,15.360050218359058,2024-26-101
226,46,19.365662526948242,2024-27-101
227,42,26.327047461174992,2024-28-101
228,61,23.431421198610305,2024-29-101
229,89,29.75259332628189,2024-30-101
230,68,15.821788622528187,2024-31-101
231,72,36.91327451799038,2024-32-101
232,175,37.18034442374307,2024-33-101
233,165,56.294466001369486,2024-34-101
234,226,76.13894642525163,2024-35-101
235,197,63.905833325935156,2024-36-101
236,255,57.214623709821,2024-37-101
237,288,138.956083408704,2024-38-101
238,276,156.78042196040377,2024-39-101
239,211,205.18760537828027,2024-40-101
240,212,164.78287039148566,2024-41-101
241,193,212.4399297140094,2024-42-101
242,138,234.3282510492846,2024-43-101
243,176,237.25764382888786,2024-44-101
244,156,163.86230902548888,2024-45-101
245,125,140.1143063717651,2024-46-101
246,107,126.70771468354822,2024-47-101
247,132,92.19304762714215,2024-48-101
248,85,115.78150475671207,2024-49-101
249,62,114.33076320843733,2024-50-101
250,50,97.57661282436703,2024-51-101
251,29,62.818856625638986,2024-52-101
504,5,4.552858756585484,2024-1-102
505,3,4.36719411474895,2024-2-102
506,2,3.3504288733112393,2024-3-102
507,2,0.7136182233125101,2024-4-102
508,0,0.35021662556652267,2024-5-102
509,2,6.7964510592219,2024-6-102
510,1,6.052859352872867,2024-7-102
511,0,4.62597931245853,2024-8-102
512,0,2.7099716369049673,2024-9-102
513,0,1.482026785707376,2024-10-102
514,2,2.918431479976599,2024-11-102
515,1,2.7333685187087045,2024-12-102
516,0,1.1007017334751383,2024-13-102
517,1,0.9957018206141011,2024-14-102
518,1,1.2414579738132145,2024-15-102
519,0,3.011790940005607,2024-16-102
520,0,2.6143688060316075,2024-17-102
521,0,1.5444883515485548,2024-18-102
522,0,0.42294516205188337,2024-19-102
523,1,2.936853858736596,2024-20-102
524,0,2.0848861059152766,2024-21-102
525,2,1.3637600219681194,2024-22-102
526,2,-0.2686419312589696,2024-23-102
527,2,1.1502825349850565,2024-24-102
528,0,0.9010552782581494,2024-25-102
529,3,1.8819056175045683,2024-26-102
530,2,2.1204389331791376,2024-27-102
531,2,2.568027901882277,2024-28-102
532,1,2.2715174324695218,2024-29-102
533,0,0.016335699738098786,2024-30-102
534,5,1.4709088664828813,2024-31-102
535,3,3.348786005980855,2024-32-102
536,4,4.426677408530326,2024-33-102
537,5,2.2704234546773963,2024-34-102
538,5,0.5855012304705092,2024-35-102
539,4,4.230407572896827,2024-36-102
540,7,3.844946453229797,2024-37-102
541,12,3.799302255561959,2024-38-102
542,9,3.729685673340387,2024-39-102
543,13,5.599606858243716,2024-40-102
544,10,5.736919918149098,2024-41-102
545,8,9.725366238997916,2024-42-102
546,7,13.067092553046434,2024-43-102
547,7,11.586716112361962,2024-44-102
548,3,15.627024396743671,2024-45-102
549,5,9.762688141283313,2024-46-102
550,3,6.230458374585913,2024-47-102
551,1,2.5140713111923256,2024-48-102
552,1,4.847060469490108,2024-49-102
553,0,3.6503281413047044,2024-50-102
554,0,4.240533970269103,2024-51-102
555,0,0.19371072882689067,2024-52-102
808,20,16.184488076869137,2024-1-103
809,13,22.693432439858082,2024-2-103
810,29,8.502105576855543,2024-3-103
811,10,-3.654570741463657,2024-4-103
812,8,-7.858530486947274,2024-5-103
813,7,17.915393873172263,2024-6-103
814,6,17.966970503699553,2024-7-103
815,12,29.93881195156779,2024-8-103
816,10,10.793959316739738,2024-9-103
817,7,6.766635426544981,2024-10-103
818,9,1.334384399568182,2024-11-103
819,5,5.8310345783408355,2024-12-103
820,2,10.366161692967667,2024-13-103
821,1,10.709392752101374,2024-14-103
822,1,7.897056925764163,2024-15-103
823,4,7.051048902926699,2024-16-103
824,6,4.602735560571455,2024-17-103
825,3,2.0560441419655024,2024-18-103
826,3,-1.0256409197112144,2024-19-103
827,2,1.8683926009726934,2024-20-103
828,4,4.989343510346487,2024-21-103
829,9,7.279753475047899,2024-22-103
830,11,3.6109930718778336,2024-23-103
831,9,4.015582778701159,2024-24-103
832,11,1.5414692537623382,2024-25-103
833,20,4.481295225765452,2024-26-103
834,10,7.510541241268573,2024-27-103
835,14,11.860198573129592,2024-28-103
836,17,9.47424854507366,2024-29-103
837,33,8.677733645322112,2024-30-103
838,38,15.411467285858734,2024-31-103
839,38,11.361820264445686,2024-32-103
840,38,12.876336890489952,2024-33-103
841,52,13.43186123332345,2024-34-103
842,78,29.546937361274157,2024-35-103
843,80,36.078728421155375,2024-36-103
844,94,35.56378813358887,2024-37-103
845,110,30.18268812577576,2024-38-103
846,114,41.251424767178975,2024-39-103
847,97,67.58725930367989,2024-40-103
848,105,75.58796756401381,2024-41-103
849,70,85.41853068646643,2024-42-103
850,54,92.89484206953193,2024-43-103
851,49,98.68533586359725,2024-44-103
852,31,82.67375660029695,2024-45-103
853,16,78.9866043988955,2024-46-103
854,17,47.22355984590931,2024-47-103
855,9,29.845312244369484,2024-48-103
856,10,23.00990027488783,2024-49-103
857,9,19.109284933349546,2024-50-103
858,1,7.368415419112507,2024-51-103
859,1,2.7724151927466654,2024-52-103
1112,1,3.966413031642592,2024-1-104
1113,1,3.30177830967982,2024-2-104
1114,0,6.8738767368737355,2024-3-104
1115,0,3.113577682422954,2024-4-104
1116,1,2.759713758224738,2024-5-104
1117,0,3.667267208160325,2024-6-104
1118,0,3.9820172407799683,2024-7-104
1119,1,2.36678140433763,2024-8-104
1120,0,2.6288859595546037,2024-9-104
1121,4,3.499865945350999,2024-10-104
1122,0,2.4410571422707297,2024-11-104
1123,0,2.552921374166525,2024-12-104
1124,1,2.16184790542979,2024-13-104
1125,0,2.157265964926335,2024-14-104
1126,0,5.597423802219837,2024-15-104
1127,1,2.662366965994333,2024-16-104
1128,2,1.6027469655425994,2024-17-104
1129,2,1.555548940699805,2024-18-104
1130,3,1.2215605139383954,2024-19-104
1131,1,2.5432911520936696,2024-20-104
1132,2,2.792957424456379,2024-21-104
1133,2,4.112562392470978,2024-22-104
1134,3,2.7094104771625993,2024-23-104
1135,6,4.568193877460101,2024-24-104
1136,4,1.4559680098355654,2024-25-104
1137,11,2.1298626098395834,2024-26-104
1138,8,1.1517700042654315,2024-27-104
1139,7,4.44164450597845,2024-28-104
1140,5,5.8892122588011055,2024-29-104
1141,4,3.6413164965864717,2024-30-104
1142,6,8.676962137383004,2024-31-104
1143,3,9.429892141878476,2024-32-104
1144,2,9.45694714477835,2024-33-104
1145,2,4.7388025450887845,2024-34-104
1146,4,3.6038829024395476,2024-35-104
1147,4,5.148455994217104,2024-36-104
1148,0,3.006166325940625,2024-37-104
1149,6,1.0684899825089889,2024-38-104
1150,5,0.8218966051272485,2024-39-104
1151,3,4.373024125762379,2024-40-104
1152,5,6.6887149589035175,2024-41-104
1153,4,4.931165883306342,2024-42-104
1154,5,6.81836870219083,2024-43-104
1155,1,7.33707975159315,2024-44-104
1156,3,8.513410124909345,2024-45-104
1157,1,4.817324451062507,2024-46-104
1158,3,3.2746462305688975,2024-47-104
1159,6,4.901595330387813,2024-48-104
1160,4,3.3741970803749086,2024-49-104
1161,0,5.941610876135158,2024-50-104
1162,3,2.593570789296817,2024-51-104
1163,1,0.0970127948855275,2024-52-104
1416,0,4.257187311860204,2024-1-105
1417,0,2.8661742789310445,2024-2-105
1418,0,4.2239582001604825,2024-3-105
1419,0,2.1517531107078476,2024-4-105
1420,0,1.2328597026908337,2024-5-105
1421,0,3.041022821009298,2024-6-105
1422,0,3.130897989172927,2024-7-105
1423,0,3.072355652468058,2024-8-105
1424,0,2.5732683000792362,2024-9-105
1425,0,2.469118022642409,2024-10-105
1426,0,2.2823905492516805,2024-11-105
1427,0,2.6060613406798745,2024-12-105
1428,0,1.7062426036274305,2024-13-105
1429,0,2.173033372982883,2024-14-105
1430,0,2.1969016545960907,2024-15-105
1431,0,2.082379517523489,2024-16-105
1432,0,1.6142261684213617,2024-17-105
1433,0,1.7393594949210802,2024-18-105
1434,0,0.7913109536964584,2024-19-105
1435,0,2.4790617937601542,2024-20-105
1436,1,2.06986329570895,2024-21-105
1437,0,1.486504863702412,2024-22-105
1438,0,0.3606978845167297,2024-23-105
1439,0,2.322605420888002,2024-24-105
1440,0,1.186196242239955,2024-25-105
1441,0,3.2626206121802492,2024-26-105
1442,0,1.5173747755762605,2024-27-105
1443,0,1.5652466201013646,2024-28-105
1444,0,-0.33135267134538804,2024-29-105
1445,0,0.24891156177836615,2024-30-105
1446,0,-0.006098142825017305,2024-31-105
1447,0,2.0938057842177518,2024-32-105
1448,0,2.7647734453570467,2024-33-105
1449,0,2.12805883260239,2024-34-105
1450,0,1.2918219703936382,2024-35-105
1451,0,0.917244999290542,2024-36-105
1452,0,0.2963575146642574,2024-37-105
1453,0,-0.22684089954036768,2024-38-105
1454,0,0.8437441523511424,2024-39-105
1455,0,2.053994382474148,2024-40-105
1456,0,3.150681440751328,2024-41-105
1457,0,4.590230031312855,2024-42-105
1458,0,3.427649533879205,2024-43-105
1459,0,2.8819999706987782,2024-44-105
1460,0,4.674825252922254,2024-45-105
1461,0,1.2837889191926464,2024-46-105
1462,0,-0.737916841039723,2024-47-105
1463,0,-0.47928994461534336,2024-48-105
1464,0,3.3634093757543977,2024-49-105
1465,0,5.065931209086097,2024-50-105
1466,0,1.8039143431358649,2024-51-105
1467,0,-2.886373145316701,2024-52-105
1720,2,4.3919887074802855,2024-1-106
1721,2,2.4868459562871426,2024-2-106
1722,0,4.429955183300663,2024-3-106
1723,1,4.132700086524565,2024-4-106
1724,1,1.8773186767544725,2024-5-106
1725,3,4.320032679691831,2024-6-106
1726,2,3.838635356086321,2024-7-106
1727,1,2.7540674542088834,2024-8-106
1728,0,2.4706042516092666,2024-9-106
1729,1,2.5798021326641325,2024-10-106
1730,2,4.740936011835565,2024-11-106
1731,1,4.274892498988161,2024-12-106
1732,1,2.201131920125329,2024-13-106
1733,1,1.0881933316578563,2024-14-106
1734,1,2.164475791203259,2024-15-106
1735,2,3.3341224524196993,2024-16-106
1736,1,2.724348761404788,2024-17-106
1737,0,2.3044270796855857,2024-18-106
1738,2,0.9761250169053777,2024-19-106
1739,2,3.0764018852509816,2024-20-106
1740,0,3.584246092869072,2024-21-106
1741,5,2.7884350653484735,2024-22-106
1742,3,0.2735759851705355,2024-23-106
1743,4,3.1913484957699243,2024-24-106
1744,7,2.7501625659793723,2024-25-106
1745,9,1.458000931097495,2024-26-106
1746,9,2.992709071229223,2024-27-106
1747,6,4.054814848573951,2024-28-106
1748,18,4.994909041961881,2024-29-106
1749,9,5.366364170224891,2024-30-106
1750,18,7.387843749687352,2024-31-106
1751,17,10.193947372289196,2024-32-106
1752,12,7.706027907577486,2024-33-106
1753,11,16.277104223434375,2024-34-106
1754,9,9.395846194286454,2024-35-106
1755,7,15.979252204186109,2024-36-106
1756,7,14.001222453265756,2024-37-106
1757,16,10.539501679287058,2024-38-106
1758,9,6.492291771097037,2024-39-106
1759,9,6.293449297458351,2024-40-106
1760,5,7.429482987146638,2024-41-106
1761,8,8.462426593403729,2024-42-106
1762,4,15.383873692750685,2024-43-106
1763,2,11.620694533225024,2024-44-106
1764,2,12.192102524414574,2024-45-106
1765,0,3.641080802041318,2024-46-106
1766,1,5.570629816746018,2024-47-106
1767,0,2.7940346422008133,2024-48-106
1768,0,3.0136241434478084,2024-49-106
1769,0,3.6856545934965665,2024-50-106
1770,0,1.1333930785690431,2024-51-106
1771,1,-2.9040451179687286,2024-52-106
2024,1,9.021973344275029,2024-1-107
2025,3,10.106173555538868,2024-2-107
2026,3,10.125714292214406,2024-3-107
2027,2,6.19572427961864,2024-4-107
2028,2,0.1010381332796566,2024-5-107
2029,3,2.136572607977839,2024-6-107
2030,5,4.149618964273077,2024-7-107
2031,1,5.951334259463245,2024-8-107
2032,1,4.826459609346367,2024-9-107
2033,2,4.018426798118843,2024-10-107
2034,4,4.417260656837738,2024-11-107
2035,3,6.86145604404622,2024-12-107
2036,0,2.7290675897433845,2024-13-107
2037,0,2.4173033623103177,2024-14-107
2038,1,2.823495246602007,2024-15-107
2039,2,5.674746096300697,2024-16-107
2040,0,5.06829515440911,2024-17-107
2041,2,1.937290697359229,2024-18-107
2042,7,-0.2299929657649753,2024-19-107
2043,3,2.7744831237140026,2024-20-107
2044,6,4.311870476857556,2024-21-107
2045,10,2.7387538266480647,2024-22-107
2046,13,2.1325956005042066,2024-23-107
2047,7,7.752606948186136,2024-24-107
2048,19,4.838366579539351,2024-25-107
2049,11,7.040682887487498,2024-26-107
2050,9,8.114477038499961,2024-27-107
2051,10,13.170136748746549,2024-28-107
2052,10,7.675928804477072,2024-29-107
2053,8,15.141603706091649,2024-30-107
2054,10,9.071155769257173,2024-31-107
2055,11,9.720645006835856,2024-32-107
2056,18,7.723998648112955,2024-33-107
2057,11,9.420630287854733,2024-34-107
2058,18,7.551702067246373,2024-35-107
2059,18,8.788323096723,2024-36-107
2060,23,9.79364431809632,2024-37-107
2061,21,15.498170221159075,2024-38-107
2062,24,10.456214512726428,2024-39-107
2063,14,15.952898328132216,2024-40-107
2064,9,16.8802425111844,2024-41-107
2065,3,24.728405497832863,2024-42-107
2066,5,20.14813749194898,2024-43-107
2067,9,22.196523606912663,2024-44-107
2068,11,15.152533530903938,2024-45-107
2069,4,6.912419408482091,2024-46-107
2070,1,-1.6221850845892463,2024-47-107
2071,4,-0.21299146432442573,2024-48-107
2072,4,6.803352234508289,2024-49-107
2073,3,13.232050060606879,2024-50-107
2074,2,6.569513722135357,2024-51-107
2075,0,-2.49892677660575,2024-52-107
2328,4,10.162063466335647,2024-1-108
2329,4,5.18854296384939,2024-2-108
2330,1,3.8644986283192844,2024-3-108
2331,1,0.2798733321874094,2024-4-108
2332,1,3.080512302945615,2024-5-108
2333,0,5.884064287592836,2024-6-108
2334,0,6.307755746326379,2024-7-108
2335,0,3.077740461506212,2024-8-108
2336,1,1.977547787354116,2024-9-108
2337,1,2.003325660351755,2024-10-108
2338,0,1.6655475808594733,2024-11-108
2339,0,1.7254596483506317,2024-12-108
2340,0,0.7198618762114464,2024-13-108
2341,2,2.453653004479264,2024-14-108
2342,0,2.658025535928311,2024-15-108
2343,0,1.3395714585400273,2024-16-108
2344,0,0.8858720500997359,2024-17-108
2345,1,1.0729082147511573,2024-18-108
2346,0,1.7585095269547883,2024-19-108
2347,0,2.3866425781477796,2024-20-108
2348,0,1.7056601702112932,2024-21-108
2349,1,0.8269917809703955,2024-22-108
2350,0,0.721042315449516,2024-23-108
2351,1,1.142539887109213,2024-24-108
2352,0,0.005305107613363891,2024-25-108
2353,2,1.13396082979316,2024-26-108
2354,0,1.4408387730077015,2024-27-108
2355,1,1.3041704364893227,2024-28-108
2356,1,1.4756797419828507,2024-29-108
2357,1,-0.3912686217468577,2024-30-108
2358,1,0.8663844314018867,2024-31-108
2359,5,1.7271471901683375,2024-32-108
2360,3,3.4183436023033815,2024-33-108
2361,5,2.504614775191512,2024-34-108
2362,1,1.6882968355947359,2024-35-108
2363,2,1.2914599547430459,2024-36-108
2364,2,5.024198856771217,2024-37-108
2365,6,2.961656714656755,2024-38-108
2366,2,4.550151168643735,2024-39-108
2367,1,1.697774433376733,2024-40-108
2368,1,3.9057494536784434,2024-41-108
2369,3,5.133994640961068,2024-42-108
2370,4,7.855726964079894,2024-43-108
2371,2,4.836115836196501,2024-44-108
2372,2,5.4372907247987685,2024-45-108
2373,1,1.5371188421145625,2024-46-108
2374,2,2.073970729358348,2024-47-108
2375,2,2.3211333974448722,2024-48-108
2376,1,2.720004219710254,2024-49-108
2377,1,4.7432389148964536,2024-50-108
2378,0,2.972464340058039,2024-51-108
2379,0,-0.6263009158998507,2024-52-108
2632,34,29.54811036585981,2024-1-109
2633,18,-2.662843749515076,2024-2-109
2634,19,4.450611448371326,2024-3-109
2635,15,-3.7175962350835756,2024-4-109
2636,5,1.6454415663126143,2024-5-109
2637,9,28.610386132163907,2024-6-109
2638,7,24.86890277451406,2024-7-109
2639,8,21.452859858124235,2024-8-109
2640,8,8.936749773004697,2024-9-109
2641,5,3.912792478610136,2024-10-109
2642,6,4.997513070206194,2024-11-109
2643,5,5.594208126890449,2024-12-109
2644,5,7.651943406215473,2024-13-109
2645,3,7.508039310336379,2024-14-109
2646,3,5.4774114928707505,2024-15-109
2647,3,5.1556478992497885,2024-16-109
2648,10,4.582486332635772,2024-17-109
2649,3,5.178580071489264,2024-18-109
2650,7,1.9790596008418107,2024-19-109
2651,10,3.9341346917574214,2024-20-109
2652,13,3.733597070677355,2024-21-109
2653,8,10.072236396923408,2024-22-109
2654,22,3.7199791520859096,2024-23-109
2655,33,7.075439339857986,2024-24-109
2656,55,7.516456410469882,2024-25-109
2657,61,13.865342312297305,2024-26-109
2658,68,7.281001102766545,2024-27-109
2659,59,18.29486305142331,2024-28-109
2660,96,29.677206329964665,2024-29-109
2661,87,51.82322351423372,2024-30-109
2662,76,56.36186718926398,2024-31-109
2663,78,62.29646932774723,2024-32-109
2664,51,50.433046085615445,2024-33-109
2665,76,78.09307194896532,2024-34-109
2666,83,74.87623769353785,2024-35-109
2667,46,65.0266413343903,2024-36-109
2668,68,54.0660573558524,2024-37-109
2669,61,33.117086907797365,2024-38-109
2670,28,52.96625563158356,2024-39-109
2671,36,65.4347169166039,2024-40-109
2672,25,42.79436917579388,2024-41-109
2673,21,49.086140784952676,2024-42-109
2674,14,44.79751877262986,2024-43-109
2675,16,24.787659229484913,2024-44-109
2676,13,21.26247154425857,2024-45-109
2677,3,13.662042940954814,2024-46-109
2678,7,15.126914831688527,2024-47-109
2679,7,5.052559000005698,2024-48-109
2680,5,9.53848502431179,2024-49-109
2681,4,10.664161781712629,2024-50-109
2682,5,3.1696884729843005,2024-51-109
2683,2,1.1674949446884062,2024-52-109
2936,5,8.307245807382769,2024-1-110
2937,6,9.004988283607927,2024-2-110
2938,6,5.813450387774903,2024-3-110
2939,9,-0.5835932785948463,2024-4-110
2940,8,-2.082083477780149,2024-5-110
2941,11,5.901122633825186,2024-6-110
2942,2,8.68017695793486,2024-7-110
2943,6,8.511082686675019,2024-8-110
2944,5,9.474633310149624,2024-9-110
2945,3,8.884495613514694,2024-10-110
2946,3,11.022325871362211,2024-11-110
2947,1,3.2363464544683764,2024-12-110
2948,1,4.05475295456428,2024-13-110
2949,4,3.9511381681772892,2024-14-110
2950,4,4.480825541245903,2024-15-110
2951,2,2.6820412199584225,2024-16-110
2952,2,1.2751244689822092,2024-17-110
2953,3,1.4478288127196517,2024-18-110
2954,1,2.901797417611292,2024-19-110
2955,2,6.054873202016119,2024-20-110
2956,3,3.9904527037210067,2024-21-110
2957,6,2.608610810332204,2024-22-110
2958,5,1.8872676120200491,2024-23-110
2959,3,1.9787298194783176,2024-24-110
2960,7,1.659690888308887,2024-25-110
2961,6,3.9724902010717766,2024-26-110
2962,12,5.374971079369093,2024-27-110
2963,22,5.117275548104674,2024-28-110
2964,27,2.776447665291141,2024-29-110
2965,23,4.841237374637096,2024-30-110
2966,31,4.286023543823529,2024-31-110
2967,52,12.319510997802615,2024-32-110
2968,57,21.93809674435638,2024-33-110
2969,56,27.509898578152566,2024-34-110
2970,67,21.95469406645327,2024-35-110
2971,72,25.333670918188904,2024-36-110
2972,77,43.47530096293719,2024-37-110
2973,93,52.29708963341048,2024-38-110
2974,96,49.890224590179024,2024-39-110
2975,107,54.4640957523953,2024-40-110
2976,71,60.924045065299644,2024-41-110
2977,84,67.9391734264644,2024-42-110
2978,65,78.36063118182294,2024-43-110
2979,64,82.96607588214695,2024-44-110
2980,50,92.96242842221719,2024-45-110
2981,36,56.52120946415513,2024-46-110
2982,50,57.7552267144626,2024-47-110
2983,44,39.930352528524665,2024-48-110
2984,29,46.5858058208083,2024-49-110
2985,26,33.06872568875575,2024-50-110
2986,20,23.379534962658717,2024-51-110
2987,18,29.827084956625864,2024-52-110
3240,1,4.652492850714316,2024-1-111
3241,0,3.022120666130746,2024-2-111
3242,0,3.773228088396027,2024-3-111
3243,0,0.5448959537944909,2024-4-111
3244,0,1.1236043998532605,2024-5-111
3245,2,3.199617751728793,2024-6-111
3246,0,2.33803697296056,2024-7-111
3247,0,1.942099047056651,2024-8-111
3248,0,1.5524811484806245,2024-9-111
3249,0,1.9171425846878118,2024-10-111
3250,1,3.3703221165970842,2024-11-111
3251,0,2.046386622134599,2024-12-111
3252,1,1.0723476574516884,2024-13-111
3253,0,1.1836977388576766,2024-14-111
3254,0,1.898721580526477,2024-15-111
3255,0,2.4054042736856784,2024-16-111
3256,1,1.735177594439122,2024-17-111
3257,0,2.5028209396511403,2024-18-111
3258,0,0.2552919570424361,2024-19-111
3259,0,2.317027272879926,2024-20-111
3260,0,1.9100463979533508,2024-21-111
3261,0,2.5283836681965055,2024-22-111
3262,0,0.14956276775843236,2024-23-111
3263,0,1.4400685366976735,2024-24-111
3264,0,0.14024101542309175,2024-25-111
3265,0,1.4450123567630488,2024-26-111
3266,1,0.6786121281870052,2024-27-111
3267,0,1.2796749372731975,2024-28-111
3268,0,0.8157554899004307,2024-29-111
3269,2,0.022234496378612523,2024-30-111
3270,1,-0.5476156125407479,2024-31-111
3271,0,2.3868707246447265,2024-32-111
3272,0,2.738122164251988,2024-33-111
3273,0,1.6190248607463837,2024-34-111
3274,0,1.5708263717907596,2024-35-111
3275,0,1.6744834288884278,2024-36-111
3276,3,0.6430331814604355,2024-37-111
3277,2,-1.3944684413405448,2024-38-111
3278,2,-0.531806782214634,2024-39-111
3279,1,1.5774414533098724,2024-40-111
3280,1,2.6435866222349196,2024-41-111
3281,0,6.791155790566637,2024-42-111
3282,0,5.151204892751425,2024-43-111
3283,1,5.270133150034954,2024-44-111
3284,1,5.457112057057968,2024-45-111
3285,0,3.1353889827976187,2024-46-111
3286,0,-0.08592779498873604,2024-47-111
3287,2,-1.4774105493359087,2024-48-111
3288,0,1.3721495756936162,2024-49-111
3289,0,6.444018247095697,2024-50-111
3290,0,5.818288388825574,2024-51-111
3291,2,-1.2408323762408267,2024-52-111
3544,0,5.110962481266883,2024-1-112
3545,0,3.5328401003650685,2024-2-112
3546,1,4.260037986303253,2024-3-112
3547,1,1.1065284412763585,2024-4-112
3548,0,0.6392021208112655,2024-5-112
3549,1,3.0031653150051514,2024-6-112
3550,0,2.953502543121913,2024-7-112
3551,1,3.429635387109345,2024-8-112
3552,0,3.9625324653624197,2024-9-112
3553,1,3.07773928824846,2024-10-112
3554,0,2.716886341724486,2024-11-112
3555,0,2.3606004209862066,2024-12-112
3556,0,2.2922006804704202,2024-13-112
3557,0,1.7947315639242734,2024-14-112
3558,0,2.872651148346268,2024-15-112
3559,1,1.8699002148043653,2024-16-112
3560,1,1.6421532727822221,2024-17-112
3561,1,1.385348218106368,2024-18-112
3562,0,0.700278497775459,2024-19-112
3563,0,2.6821901664335073,2024-20-112
3564,0,3.179491662489374,2024-21-112
3565,0,3.157706336106864,2024-22-112
3566,0,1.5918786028055085,2024-23-112
3567,0,1.5623154099469674,2024-24-112
3568,1,0.3344025325275646,2024-25-112
3569,0,1.168041149620732,2024-26-112
3570,0,0.561393522552101,2024-27-112
3571,0,1.1957257895034534,2024-28-112
3572,0,0.1979640593169547,2024-29-112
3573,0,0.6161156821863139,2024-30-112
3574,0,-0.13311630501079108,2024-31-112
3575,0,2.3486938653734772,2024-32-112
3576,1,3.111301726682202,2024-33-112
3577,1,1.912705168625453,2024-34-112
3578,1,0.9521559949744529,2024-35-112
3579,0,0.7295863517799743,2024-36-112
3580,0,0.3827244838927055,2024-37-112
3581,2,0.8955745720020025,2024-38-112
3582,0,1.5595370272318385,2024-39-112
3583,2,2.67283770536565,2024-40-112
3584,2,2.8263104867109146,2024-41-112
3585,1,4.119173490255653,2024-42-112
3586,2,4.0364887108868865,2024-43-112
3587,1,3.1635883090288535,2024-44-112
3588,2,6.850599511219763,2024-45-112
3589,0,4.377204986819223,2024-46-112
3590,0,1.8648125603406083,2024-47-112
3591,2,0.9382278309114271,2024-48-112
3592,0,1.9144221069849408,2024-49-112
3593,3,5.393354798543961,2024-50-112
3594,2,1.2567825654098996,2024-51-112
3595,0,-3.4117327031958307,2024-52-112
3848,13,9.642451928658687,2024-1-113
3849,5,14.341711144977562,2024-2-113
3850,9,10.617661024926916,2024-3-113
3851,2,7.804948476465734,2024-4-113
3852,4,1.226290554397936,2024-5-113
3853,2,11.51056188140596,2024-6-113
3854,0,6.398516069029439,2024-7-113
3855,2,9.731663717305784,2024-8-113
3856,1,1.5187409736672883,2024-9-113
3857,2,3.934406876071439,2024-10-113
3858,0,1.3879068884121366,2024-11-113
3859,0,1.4454400087826775,2024-12-113
3860,1,1.219851246560302,2024-13-113
3861,3,1.9733015571794164,2024-14-113
3862,0,3.0735625066308736,2024-15-113
3863,0,0.7077273831842179,2024-16-113
3864,0,0.6674247207639352,2024-17-113
3865,1,1.4126504657560353,2024-18-113
3866,1,2.620826599942502,2024-19-113
3867,0,2.4079129143199127,2024-20-113
3868,1,1.2543650601845835,2024-21-113
3869,1,0.4393454216442323,2024-22-113
3870,1,0.4819424988115424,2024-23-113
3871,2,1.692823520002171,2024-24-113
3872,1,-0.28926796680996336,2024-25-113
3873,5,1.4947223473506492,2024-26-113
3874,3,0.48078003018404525,2024-27-113
3875,4,1.4481766827895353,2024-28-113
3876,8,1.8611469880836533,2024-29-113
3877,5,0.6601491579090841,2024-30-113
3878,3,3.080559574104556,2024-31-113
3879,8,4.2130573717472455,2024-32-113
3880,10,5.680554642278206,2024-33-113
3881,15,7.711954891454489,2024-34-113
3882,14,5.411963439825817,2024-35-113
3883,17,2.9006091933877807,2024-36-113
3884,23,5.800176433561342,2024-37-113
3885,26,8.206431597227995,2024-38-113
3886,21,13.475777125744116,2024-39-113
3887,13,13.533198370146973,2024-40-113
3888,18,16.637929057968734,2024-41-113
3889,12,22.817874743408655,2024-42-113
3890,18,25.092158659961743,2024-43-113
3891,16,20.12365073718652,2024-44-113
3892,10,12.555829198206574,2024-45-113
3893,7,11.798071698145314,2024-46-113
3894,9,7.309371486956678,2024-47-113
3895,4,12.536556989348998,2024-48-113
3896,8,13.148520767859326,2024-49-113
3897,7,10.528774254017192,2024-50-113
3898,2,3.3740198707715745,2024-51-113
3899,2,1.625301830475357,2024-52-113
4152,1,5.752675608356123,2024-1-114
4153,0,6.254377703004053,2024-2-114
4154,0,5.609440016944586,2024-3-114
4155,0,2.1826448556336544,2024-4-114
4156,0,0.5862193306061041,2024-5-114
4157,0,2.9324317492797265,2024-6-114
4158,0,1.945560127862183,2024-7-114
4159,0,2.119016919478801,2024-8-114
4160,0,1.7478996304725123,2024-9-114
4161,0,2.1757497892442217,2024-10-114
4162,1,1.6449259581839313,2024-11-114
4163,0,2.023320607436948,2024-12-114
4164,0,1.1600696761287268,2024-13-114
4165,2,1.8382668088043568,2024-14-114
4166,0,1.7029653393906479,2024-15-114
4167,1,2.2795187153860628,2024-16-114
4168,0,1.6835563980179145,2024-17-114
4169,0,1.6217562397298704,2024-18-114
4170,1,1.703824806090555,2024-19-114
4171,0,2.7544747629683726,2024-20-114
4172,3,2.9940377268645877,2024-21-114
4173,0,1.4363116187453802,2024-22-114
4174,0,-0.003362816943172753,2024-23-114
4175,1,1.6415035287723976,2024-24-114
4176,0,0.19034390851177196,2024-25-114
4177,0,4.023875307212745,2024-26-114
4178,0,0.4783595243589871,2024-27-114
4179,0,0.567659152374091,2024-28-114
4180,0,0.6381542032924816,2024-29-114
4181,0,0.40285906276394945,2024-30-114
4182,1,-0.4536994099725127,2024-31-114
4183,0,1.3415752764952016,2024-32-114
4184,2,2.7910250274766177,2024-33-114
4185,3,2.2782776687918913,2024-34-114
4186,0,0.8865874749059364,2024-35-114
4187,1,1.165240379270239,2024-36-114
4188,0,0.604149572783617,2024-37-114
4189,2,1.3984822342599725,2024-38-114
4190,0,3.1531821919857395,2024-39-114
4191,2,2.168845355277481,2024-40-114
4192,3,2.90219697992418,2024-41-114
4193,0,3.7380094247845506,2024-42-114
4194,1,4.56814882639462,2024-43-114
4195,1,2.9516191920401607,2024-44-114
4196,0,6.717280626826529,2024-45-114
4197,1,4.943214176606236,2024-46-114
4198,1,0.9480698959200109,2024-47-114
4199,0,-0.7036403910207194,2024-48-114
4200,2,1.2725328047580569,2024-49-114
4201,0,2.975337599228167,2024-50-114
4202,0,2.9044960916898224,2024-51-114
4203,0,-0.4117768966474129,2024-52-114
4456,2,5.011834713247281,2024-1-115
4457,1,3.9479766182044767,2024-2-115
4458,0,4.206950197384403,2024-3-115
4459,0,0.5293437984393341,2024-4-115
4460,1,2.102934026437164,2024-5-115
4461,0,4.32604407356023,2024-6-115
4462,0,3.561302030958091,2024-7-115
4463,1,1.80963900368477,2024-8-115
4464,1,1.4495043662157499,2024-9-115
4465,1,2.5997779379476382,2024-10-115
4466,0,1.9060603905684845,2024-11-115
4467,1,1.9259473362842867,2024-12-115
4468,3,1.5696869997503493,2024-13-115
4469,1,2.6207051500219185,2024-14-115
4470,3,2.5391669125651495,2024-15-115
4471,0,1.0621156534109133,2024-16-115
4472,0,1.7814459381495233,2024-17-115
4473,1,3.843622428369023,2024-18-115
4474,0,1.5943675795852317,2024-19-115
4475,4,4.548052381892893,2024-20-115
4476,1,1.5291737523374833,2024-21-115
4477,0,1.1711190621176741,2024-22-115
4478,1,-0.01898916347463553,2024-23-115
4479,3,1.1457588962333443,2024-24-115
4480,0,3.341569051224508,2024-25-115
4481,0,2.76111233135073,2024-26-115
4482,0,0.5320209199598267,2024-27-115
4483,1,0.5758155014277291,2024-28-115
4484,2,2.998391819265031,2024-29-115
4485,2,0.7141566226888143,2024-30-115
4486,2,-0.8595942700267485,2024-31-115
4487,2,0.7791704125904619,2024-32-115
4488,3,3.1887539411524646,2024-33-115
4489,4,3.7161578484155466,2024-34-115
4490,4,2.6941344519191937,2024-35-115
4491,3,2.7782319623804272,2024-36-115
4492,1,2.4399195263401063,2024-37-115
4493,3,2.0564348670117782,2024-38-115
4494,0,3.2539011399776516,2024-39-115
4495,4,4.865027702551096,2024-40-115
4496,5,5.288996911324336,2024-41-115
4497,0,4.614435328270333,2024-42-115
4498,0,4.2111805315687025,2024-43-115
4499,0,2.386116435495844,2024-44-115
4500,0,7.908071400947746,2024-45-115
4501,2,6.031870382271771,2024-46-115
4502,0,0.6653280757140916,2024-47-115
4503,3,-2.322621449202859,2024-48-115
4504,1,-0.6318774286163782,2024-49-115
4505,1,2.8201353027827936,2024-50-115
4506,0,3.998891230935989,2024-51-115
4507,0,-1.439098161722907,2024-52-115
4760,0,4.464398491061255,2024-1-116
4761,0,3.1922170210406042,2024-2-116
4762,0,5.452086777484145,2024-3-116
4763,0,3.231069947252412,2024-4-116
4764,0,1.883046048193611,2024-5-116
4765,0,3.778128717856455,2024-6-116
4766,0,3.640376702956614,2024-7-116
4767,0,3.2064942882308274,2024-8-116
4768,0,3.2497984867177383,2024-9-116
4769,0,3.2771413391474513,2024-10-116
4770,0,2.8630608014592585,2024-11-116
4771,0,3.236872020050196,2024-12-116
4772,0,2.3048911998681234,2024-13-116
4773,0,2.770099395632414,2024-14-116
4774,0,3.061330955597733,2024-15-116
4775,0,3.100750003805348,2024-16-116
4776,0,2.5323424048716756,2024-17-116
4777,0,2.6283528532415197,2024-18-116
4778,0,1.9017010224659705,2024-19-116
4779,0,3.2321908276204967,2024-20-116
4780,0,2.793131841702634,2024-21-116
4781,1,2.669749408398898,2024-22-116
4782,0,1.4345053177953422,2024-23-116
4783,0,2.8793052773580285,2024-24-116
4784,0,2.2243653890098294,2024-25-116
4785,0,2.334076039452836,2024-26-116
4786,1,1.332040149162496,2024-27-116
4787,0,1.5631023441054892,2024-28-116
4788,0,1.0476298912389286,2024-29-116
4789,1,0.4701980193361437,2024-30-116
4790,0,0.15992842712797684,2024-31-116
4791,1,3.7414113188257825,2024-32-116
4792,0,3.891303651410367,2024-33-116
4793,1,2.655720060942171,2024-34-116
4794,3,2.7289210206143193,2024-35-116
4795,0,1.9809817128784108,2024-36-116
4796,0,1.5200662197426114,2024-37-116
4797,3,-0.5628348805861996,2024-38-116
4798,0,1.1744737297301984,2024-39-116
4799,2,5.176878573089187,2024-40-116
4800,4,4.144602339827244,2024-41-116
4801,3,4.44080819391286,2024-42-116
4802,2,6.00782496913509,2024-43-116
4803,1,5.410062942375255,2024-44-116
4804,0,7.226062384374403,2024-45-116
4805,2,4.942210369091715,2024-46-116
4806,2,4.612459234159585,2024-47-116
4807,1,2.3916844192839224,2024-48-116
4808,0,2.6759622307672752,2024-49-116
4809,1,2.785550428780382,2024-50-116
4810,0,3.386464933323347,2024-51-116
4811,0,0.1458693607533048,2024-52-116
5064,0,4.160137368257628,2024-1-117
5065,0,3.3939366101298285,2024-2-117
5066,0,3.872065411742698,2024-3-117
5067,0,0.9852541088543392,2024-4-117
5068,0,0.9033952420448017,2024-5-117
5069,0,2.9012666418464845,2024-6-117
5070,0,3.084797820327427,2024-7-117
5071,0,2.727953856010762,2024-8-117
5072,0,2.3507363783857125,2024-9-117
5073,0,2.282391368998104,2024-10-117
5074,0,2.1675389063917025,2024-11-117
5075,0,2.491587534011883,2024-12-117
5076,0,1.5747981386412757,2024-13-117
5077,0,1.9745790498664542,2024-14-117
5078,0,2.0966250158046082,2024-15-117
5079,0,1.882112711178926,2024-16-117
5080,0,1.592513856213888,2024-17-117
5081,0,1.7215582849747937,2024-18-117
5082,0,0.7443371467977951,2024-19-117
5083,0,2.4628687327191936,2024-20-117
5084,0,2.102561196663669,2024-21-117
5085,0,1.7039715677770644,2024-22-117
5086,0,0.5280473603452327,2024-23-117
5087,0,1.581952992668839,2024-24-117
5088,0,0.5546857476579254,2024-25-117
5089,0,1.0015773237026497,2024-26-117
5090,0,0.0648336626110928,2024-27-117
5091,0,1.2221096896245238,2024-28-117
5092,0,0.395690825282097,2024-29-117
5093,0,-0.2850921493441798,2024-30-117
5094,0,-0.45517267078826773,2024-31-117
5095,0,2.1511671171457847,2024-32-117
5096,0,2.9617806784943665,2024-33-117
5097,0,1.7819656682107914,2024-34-117
5098,0,1.0036339339010985,2024-35-117
5099,0,1.104266525425094,2024-36-117
5100,0,0.18538627627771564,2024-37-117
5101,0,-1.3545864096435918,2024-38-117
5102,0,-0.1860376487303559,2024-39-117
5103,0,2.1478425399413377,2024-40-117
5104,0,3.306818903500571,2024-41-117
5105,0,4.420361780235724,2024-42-117
5106,0,3.798413838967181,2024-43-117
5107,0,3.024981080255366,2024-44-117
5108,0,4.7116775385136656,2024-45-117
5109,0,1.6209110057941054,2024-46-117
5110,0,-1.0783016740298899,2024-47-117
5111,0,-1.458470877056961,2024-48-117
5112,0,1.5578109743968696,2024-49-117
5113,0,2.931806327371365,2024-50-117
5114,0,0.8259591798856709,2024-51-117
5115,0,-2.62029425618254,2024-52-117
5368,3,5.972814522362167,2024-1-118
5369,1,4.505582800856399,2024-2-118
5370,3,5.253856326014141,2024-3-118
5371,2,3.75187505304908,2024-4-118
5372,2,1.0008759381703678,2024-5-118
5373,1,3.948634192965253,2024-6-118
5374,1,2.6032980889590096,2024-7-118
5375,2,4.962531605935159,2024-8-118
5376,0,3.38773728044992,2024-9-118
5377,1,3.6770038396262095,2024-10-118
5378,0,2.0196916466228902,2024-11-118
5379,1,2.3503856898704685,2024-12-118
5380,0,2.2232579788575704,2024-13-118
5381,1,1.5414254330543478,2024-14-118
5382,0,1.9434221201787276,2024-15-118
5383,0,0.7642176344284568,2024-16-118
5384,0,2.0999686641694613,2024-17-118
5385,0,1.2237344026720922,2024-18-118
5386,2,0.8541256144567959,2024-19-118
5387,0,1.9328785070302583,2024-20-118
5388,0,1.7365944440197356,2024-21-118
5389,1,1.1882535770379452,2024-22-118
5390,3,-0.09425690360493144,2024-23-118
5391,0,2.6626710210986113,2024-24-118
5392,5,0.25339271210292136,2024-25-118
5393,1,1.2073298980388458,2024-26-118
5394,0,0.6423773849691208,2024-27-118
5395,1,3.5608686732131294,2024-28-118
5396,3,0.9101742876335037,2024-29-118
5397,5,4.073078262389742,2024-30-118
5398,5,0.5576848951030153,2024-31-118
5399,6,1.6779005206875914,2024-32-118
5400,1,1.7304271365511497,2024-33-118
5401,7,4.501730037624814,2024-34-118
5402,1,5.473913093939433,2024-35-118
5403,11,5.961057446896796,2024-36-118
5404,9,6.131203717550469,2024-37-118
5405,5,0.16775994281662676,2024-38-118
5406,8,4.461618102147154,2024-39-118
5407,8,1.6730074666432784,2024-40-118
5408,12,12.014820060350946,2024-41-118
5409,2,12.248911905580194,2024-42-118
5410,2,8.074670602410619,2024-43-118
5411,3,7.124488347169053,2024-44-118
5412,4,10.55084151266848,2024-45-118
5413,3,12.070320288762144,2024-46-118
5414,2,1.4113455917049644,2024-47-118
5415,7,-1.4778182324547378,2024-48-118
5416,4,0.37584753684562866,2024-49-118
5417,4,6.288861056933141,2024-50-118
5418,6,5.043241679958603,2024-51-118
5419,1,-0.4402199321011624,2024-52-118
5672,4,15.670725764132804,2024-1-119
5673,9,11.818463938182486,2024-2-119
5674,1,8.571777649810562,2024-3-119
5675,2,6.682974804689151,2024-4-119
5676,2,6.58273087411091,2024-5-119
5677,1,5.7371709449016794,2024-6-119
5678,2,9.149510353515517,2024-7-119
5679,2,3.4444670468341774,2024-8-119
5680,1,3.030687086592009,2024-9-119
5681,0,1.737617901190839,2024-10-119
5682,0,3.0981584703941554,2024-11-119
5683,0,3.9469006837405582,2024-12-119
5684,0,3.305453627900054,2024-13-119
5685,3,2.633993565687282,2024-14-119
5686,2,1.6618119443606647,2024-15-119
5687,1,1.2213002933476036,2024-16-119
5688,1,1.3399359030182394,2024-17-119
5689,0,1.5092114775083563,2024-18-119
5690,3,3.191872499542462,2024-19-119
5691,1,4.691561933399547,2024-20-119
5692,0,3.2135390808110182,2024-21-119
5693,3,1.6263872675073572,2024-22-119
5694,2,0.23412803942308624,2024-23-119
5695,4,4.935309672083141,2024-24-119
5696,2,2.8736445702621127,2024-25-119
5697,3,2.109211904078361,2024-26-119
5698,7,2.027794420007366,2024-27-119
5699,2,3.195113133507373,2024-28-119
5700,6,4.2893746316271795,2024-29-119
5701,7,1.9109757407962038,2024-30-119
5702,3,1.7835795076836825,2024-31-119
5703,10,7.139300875649119,2024-32-119
5704,4,5.398805569468739,2024-33-119
5705,5,7.296239178486616,2024-34-119
5706,2,7.192991285984347,2024-35-119
5707,3,4.791504743791764,2024-36-119
5708,3,8.3519991384987,2024-37-119
5709,3,2.9722550438331172,2024-38-119
5710,7,4.568117514532673,2024-39-119
5711,3,1.9898241822297122,2024-40-119
5712,5,5.573723034829492,2024-41-119
5713,3,6.146608828034974,2024-42-119
5714,4,5.536785587236727,2024-43-119
5715,2,8.398760057474687,2024-44-119
5716,5,7.939524091063673,2024-45-119
5717,1,5.9382186915887685,2024-46-119
5718,4,1.8139644216193398,2024-47-119
5719,3,2.7929955256709795,2024-48-119
5720,10,2.6403731217035156,2024-49-119
5721,4,6.590785987080885,2024-50-119
5722,0,2.725426055388932,2024-51-119
5723,2,2.263392218215918,2024-52-119
5976,0,4.292201603929116,2024-1-120
5977,1,3.1945410929882385,2024-2-120
5978,0,3.869130964635532,2024-3-120
5979,0,1.0161370480198841,2024-4-120
5980,0,1.0992041066390685,2024-5-120
5981,0,3.0345053218393963,2024-6-120
5982,0,3.7397664446215817,2024-7-120
5983,0,2.675817459927078,2024-8-120
5984,0,2.2336015633782274,2024-9-120
5985,0,1.870477614613663,2024-10-120
5986,0,2.004954017385617,2024-11-120
5987,0,2.280769501566696,2024-12-120
5988,0,1.3272175748221693,2024-13-120
5989,0,1.84611232906527,2024-14-120
5990,0,2.0143160908850475,2024-15-120
5991,0,1.9057779347107398,2024-16-120
5992,0,1.5527787170798408,2024-17-120
5993,0,1.6480688396051548,2024-18-120
5994,0,0.623300489697141,2024-19-120
5995,0,2.329053509087964,2024-20-120
5996,0,2.008375835044073,2024-21-120
5997,0,1.5515266968368846,2024-22-120
5998,0,0.28674681084037656,2024-23-120
5999,0,2.0564585137614353,2024-24-120
6000,1,1.1207860756005483,2024-25-120
6001,0,1.1304547218530328,2024-26-120
6002,0,-0.015502934244878919,2024-27-120
6003,0,1.7250818109092543,2024-28-120
6004,0,1.183161671525373,2024-29-120
6005,0,0.8897897456140216,2024-30-120
6006,1,-0.3436081133837128,2024-31-120
6007,0,1.5658638886604341,2024-32-120
6008,0,2.412692602693786,2024-33-120
6009,0,2.064403883997729,2024-34-120
6010,0,0.5173628328534847,2024-35-120
6011,0,1.3754697516288539,2024-36-120
6012,0,0.9348285776019178,2024-37-120
6013,0,-0.437713653870079,2024-38-120
6014,0,-0.4036001977489958,2024-39-120
6015,0,1.30527177506045,2024-40-120
6016,0,3.091594822483936,2024-41-120
6017,0,4.314357338210709,2024-42-120
6018,0,2.759040952694097,2024-43-120
6019,0,3.1741504513005125,2024-44-120
6020,0,5.368812814216824,2024-45-120
6021,0,2.12689529253678,2024-46-120
6022,0,0.09820890426442386,2024-47-120
6023,0,-1.1543679661916477,2024-48-120
6024,0,0.5383589162966476,2024-49-120
6025,0,3.13221755480944,2024-50-120
6026,0,1.9808516599026376,2024-51-120
6027,0,-2.6722489264511,2024-52-120
6280,141,168.13718483450302,2024-1-201
6281,139,94.90687562878708,2024-2-201
6282,106,27.774666469543472,2024-3-201
6283,96,-36.73871970243558,2024-4-201
6284,95,-35.12318383410124,2024-5-201
6285,66,108.75848564751801,2024-6-201
6286,74,154.17545189181777,2024-7-201
6287,55,119.32634822632862,2024-8-201
6288,33,61.14772279053477,2024-9-201
6289,26,61.752703397185286,2024-10-201
6290,25,46.48272122232508,2024-11-201
6291,29,49.73962130411608,2024-12-201
6292,13,35.80756462366069,2024-13-201
6293,24,21.474968931106776,2024-14-201
6294,34,9.770004134227586,2024-15-201
6295,19,12.293478402721762,2024-16-201
6296,21,23.818724112194047,2024-17-201
6297,21,11.514802370657875,2024-18-201
6298,14,16.882607510036287,2024-19-201
6299,21,29.45807912716317,2024-20-201
6300,17,20.584927562580027,2024-21-201
6301,29,15.236753429689148,2024-22-201
6302,46,12.641872483771035,2024-23-201
6303,35,12.439977131232705,2024-24-201
6304,50,16.64405959661846,2024-25-201
6305,43,15.617943342279201,2024-26-201
6306,40,24.109521041106746,2024-27-201
6307,51,40.94169521151397,2024-28-201
6308,94,36.66528095734962,2024-29-201
6309,93,40.44054231697317,2024-30-201
6310,111,32.62240767250047,2024-31-201
6311,109,36.44468447584623,2024-32-201
6312,90,44.23094105080576,2024-33-201
6313,116,82.83208036543617,2024-34-201
6314,105,89.23123329118025,2024-35-201
6315,141,97.34013757540876,2024-36-201
6316,162,88.83979978102603,2024-37-201
6317,122,71.48138771202426,2024-38-201
6318,93,85.01839311724757,2024-39-201
6319,57,82.46379350701747,2024-40-201
6320,72,115.30526601676601,2024-41-201
6321,73,134.61554537863012,2024-42-201
6322,53,106.79928260491191,2024-43-201
6323,57,62.51891796886652,2024-44-201
6324,46,21.19187593148536,2024-45-201
6325,33,39.001599392602884,2024-46-201
6326,39,51.34328192049246,2024-47-201
6327,29,42.98327005669634,2024-48-201
6328,32,35.20261167208117,2024-49-201
6329,34,33.444498113491406,2024-50-201
6330,22,25.031796169427576,2024-51-201
6331,5,25.31232061362674,2024-52-201
6584,4,13.192557436144057,2024-1-202
6585,2,5.777447839052892,2024-2-202
6586,3,5.280618902739208,2024-3-202
6587,2,9.113503476867757,2024-4-202
6588,1,8.90596461331262,2024-5-202
6589,1,12.558754905357304,2024-6-202
6590,0,6.466063305362196,2024-7-202
6591,0,4.62286046012495,2024-8-202
6592,1,0.7158253688994414,2024-9-202
6593,0,2.583411062523371,2024-10-202
6594,1,2.5491719453881605,2024-11-202
6595,1,1.4461346623353908,2024-12-202
6596,0,1.3897057414209713,2024-13-202
6597,0,2.971243021121616,2024-14-202
6598,0,3.1620419290786264,2024-15-202
6599,1,2.7025643657294185,2024-16-202
6600,0,4.661087583491125,2024-17-202
6601,0,2.91339689938299,2024-18-202
6602,0,1.2183001248150205,2024-19-202
6603,0,3.7126099809313846,2024-20-202
6604,0,2.235929451420451,2024-21-202
6605,2,0.8083434180987896,2024-22-202
6606,1,0.15494299075200413,2024-23-202
6607,3,2.0432889722736345,2024-24-202
6608,3,3.1344586697378762,2024-25-202
6609,5,3.374363124843086,2024-26-202
6610,3,1.2179717726203425,2024-27-202
6611,4,1.709802221931752,2024-28-202
6612,3,5.006420248021596,2024-29-202
6613,3,2.7202963325802507,2024-30-202
6614,0,4.217602880083642,2024-31-202
6615,2,7.02663229875415,2024-32-202
6616,6,10.731754475343935,2024-33-202
6617,2,6.316184555328346,2024-34-202
6618,0,4.291283905583016,2024-35-202
6619,5,-2.1616649692135668,2024-36-202
6620,4,1.6363412430639313,2024-37-202
6621,2,5.753836726786595,2024-38-202
6622,0,3.668025767765762,2024-39-202
6623,1,0.03205227067720573,2024-40-202
6624,2,1.7458070389452955,2024-41-202
6625,4,5.166080722055659,2024-42-202
6626,2,4.317434232850481,2024-43-202
6627,6,0.5091274434103226,2024-44-202
6628,3,1.4175000810326248,2024-45-202
6629,4,2.489391272339083,2024-46-202
6630,5,4.958058411645054,2024-47-202
6631,4,3.1038635962381687,2024-48-202
6632,1,3.597041164762696,2024-49-202
6633,2,8.731608812395438,2024-50-202
6634,2,8.303216910985014,2024-51-202
6635,1,5.478772350407058,2024-52-202
6888,18,23.43181624571621,2024-1-203
6889,15,12.75012633439097,2024-2-203
6890,13,5.263095898621828,2024-3-203
6891,14,1.8767638956253954,2024-4-203
6892,17,3.199963667078879,2024-5-203
6893,8,24.027833577800248,2024-6-203
6894,8,22.640655535118277,2024-7-203
6895,6,17.09696295152302,2024-8-203
6896,3,9.079627140329578,2024-9-203
6897,5,14.877418641688195,2024-10-203
6898,5,8.687145508325964,2024-11-203
6899,9,5.786947366632344,2024-12-203
6900,3,3.3793629477292337,2024-13-203
6901,5,3.4427001648094278,2024-14-203
6902,7,5.13940147958005,2024-15-203
6903,2,5.117432859748218,2024-16-203
6904,4,11.339823672637248,2024-17-203
6905,2,5.071270079373211,2024-18-203
6906,1,4.307162285467973,2024-19-203
6907,3,7.969345534434089,2024-20-203
6908,4,3.547199483562423,2024-21-203
6909,3,3.2783396532175386,2024-22-203
6910,15,1.03628468124271,2024-23-203
6911,11,2.3927068657404575,2024-24-203
6912,16,3.779000070201949,2024-25-203
6913,7,6.771756010223997,2024-26-203
6914,12,2.9152520086515707,2024-27-203
6915,11,13.692630327013513,2024-28-203
6916,23,14.001959048682213,2024-29-203
6917,9,14.303848920176458,2024-30-203
6918,12,3.909722430438113,2024-31-203
6919,16,12.860871281837985,2024-32-203
6920,21,15.316225430707725,2024-33-203
6921,15,24.41285168398084,2024-34-203
6922,24,10.924204222225292,2024-35-203
6923,12,7.640755770602359,2024-36-203
6924,10,10.750177854656272,2024-37-203
6925,14,18.813050835082677,2024-38-203
6926,5,13.586036863082889,2024-39-203
6927,8,20.093320077888624,2024-40-203
6928,13,9.36853228118219,2024-41-203
6929,5,7.717167242446413,2024-42-203
6930,3,8.814651205924156,2024-43-203
6931,1,5.108228658835358,2024-44-203
6932,2,6.980046778706405,2024-45-203
6933,0,10.902478638893728,2024-46-203
6934,4,6.81423076964674,2024-47-203
6935,3,0.7589018835477912,2024-48-203
6936,3,-5.373740338370709,2024-49-203
6937,2,5.415308445878642,2024-50-203
6938,0,4.6099163259303255,2024-51-203
6939,2,5.496999539686566,2024-52-203
7192,3,10.114568585340916,2024-1-204
7193,4,4.384834248528738,2024-2-204
7194,4,4.766752907009284,2024-3-204
7195,1,8.009344290528803,2024-4-204
7196,5,8.751474841757467,2024-5-204
7197,2,13.197758459156347,2024-6-204
7198,0,9.963494780397905,2024-7-204
7199,1,6.943655503326399,2024-8-204
7200,0,0.7825105057217945,2024-9-204
7201,0,5.478249292939408,2024-10-204
7202,0,4.267582301668154,2024-11-204
7203,0,2.09947380310476,2024-12-204
7204,0,1.4285162782685805,2024-13-204
7205,1,2.108938940123788,2024-14-204
7206,1,3.0700291620542135,2024-15-204
7207,0,2.2165126837329336,2024-16-204
7208,0,4.060962243477024,2024-17-204
7209,0,2.6238773272138833,2024-18-204
7210,1,2.865404796721245,2024-19-204
7211,0,5.037155610290945,2024-20-204
7212,1,1.8562638686800361,2024-21-204
7213,1,1.163919264687154,2024-22-204
7214,0,0.9463990400374893,2024-23-204
7215,0,3.488138341214467,2024-24-204
7216,3,2.3671090981936675,2024-25-204
7217,1,3.799582567508925,2024-26-204
7218,0,1.2379475408400242,2024-27-204
7219,4,1.9793602594001143,2024-28-204
7220,2,2.2770948229292447,2024-29-204
7221,2,2.2889928852219414,2024-30-204
7222,1,1.3821905243511843,2024-31-204
7223,1,5.11317720655774,2024-32-204
7224,0,10.950445870177726,2024-33-204
7225,1,6.969987506209317,2024-34-204
7226,3,4.618525638025847,2024-35-204
7227,1,-0.22822880913373966,2024-36-204
7228,6,2.0526547529766956,2024-37-204
7229,2,1.3334425090650603,2024-38-204
7230,1,1.8055592037213293,2024-39-204
7231,0,3.974708891478482,2024-40-204
7232,0,1.7960336037088402,2024-41-204
7233,1,6.974844875754409,2024-42-204
7234,1,3.980066568431619,2024-43-204
7235,0,1.9479153507182645,2024-44-204
7236,0,-0.05358344384954172,2024-45-204
7237,1,0.5862240731795993,2024-46-204
7238,0,1.7509229714255248,2024-47-204
7239,0,1.1041792595741566,2024-48-204
7240,0,-1.5373072038885858,2024-49-204
7241,0,4.479614352547064,2024-50-204
7242,0,5.038082354601719,2024-51-204
7243,1,2.462313131339838,2024-52-204
7496,17,45.55973710135761,2024-1-205
7497,19,33.55950189460642,2024-2-205
7498,20,30.513841772014757,2024-3-205
7499,23,3.734505246798527,2024-4-205
7500,18,-5.475756442954644,2024-5-205
7501,12,13.011222065473266,2024-6-205
7502,8,25.0907610566553,2024-7-205
7503,10,23.82748085239452,2024-8-205
7504,16,18.442315044567817,2024-9-205
7505,12,16.24292322111184,2024-10-205
7506,6,10.355520934013576,2024-11-205
7507,9,4.329315697053192,2024-12-205
7508,3,6.6815433439862355,2024-13-205
7509,15,14.579694781688053,2024-14-205
7510,13,13.992707660469737,2024-15-205
7511,16,6.62825435950155,2024-16-205
7512,15,8.011780475051813,2024-17-205
7513,9,3.3299308077836143,2024-18-205
7514,15,13.404357528011836,2024-19-205
7515,14,15.377605703930893,2024-20-205
7516,22,16.65793489408487,2024-21-205
7517,38,12.930295727198825,2024-22-205
7518,43,7.743838207951736,2024-23-205
7519,53,12.270936056482952,2024-24-205
7520,47,13.132572672147655,2024-25-205
7521,63,22.156687400574878,2024-26-205
7522,66,32.57384359810578,2024-27-205
7523,63,41.40192821760021,2024-28-205
7524,72,49.9792630561123,2024-29-205
7525,63,39.051450604568075,2024-30-205
7526,61,49.8126989528087,2024-31-205
7527,59,58.053163372457064,2024-32-205
7528,37,60.617159938653,2024-33-205
7529,53,59.946872267325155,2024-34-205
7530,29,51.25131637790693,2024-35-205
7531,17,45.37960619572936,2024-36-205
7532,28,42.6466532546807,2024-37-205
7533,14,25.89283976376941,2024-38-205
7534,8,35.702245959379646,2024-39-205
7535,7,19.486822947791396,2024-40-205
7536,11,8.677250597828074,2024-41-205
7537,7,13.431426597565753,2024-42-205
7538,8,10.912722366847277,2024-43-205
7539,3,5.472684798101841,2024-44-205
7540,3,0.6855882275736334,2024-45-205
7541,6,8.33622831845694,2024-46-205
7542,3,7.304519309395209,2024-47-205
7543,2,5.853915229525846,2024-48-205
7544,3,-1.6205092700319548,2024-49-205
7545,3,4.874541715496727,2024-50-205
7546,3,6.765505567732644,2024-51-205
7547,2,5.322252511381804,2024-52-205
7800,5,14.0760021973859,2024-1-206
7801,3,8.397588331071919,2024-2-206
7802,1,12.535767251045177,2024-3-206
7803,2,11.473429038476915,2024-4-206
7804,1,9.590584364222368,2024-5-206
7805,0,11.601598240243566,2024-6-206
7806,2,7.738928134109825,2024-7-206
7807,0,2.893910901863299,2024-8-206
7808,0,0.10200599306871361,2024-9-206
7809,0,2.1959559856925153,2024-10-206
7810,3,2.103911059528457,2024-11-206
7811,1,2.68629437372669,2024-12-206
7812,1,1.6051044633118974,2024-13-206
7813,2,2.015170007114693,2024-14-206
7814,0,2.018430870930213,2024-15-206
7815,0,4.106473360336613,2024-16-206
7816,0,4.976184409937938,2024-17-206
7817,0,3.2500638771654287,2024-18-206
7818,0,2.156570965218739,2024-19-206
7819,0,3.6684198786705355,2024-20-206
7820,1,1.0946492514282395,2024-21-206
7821,1,0.11947804491394542,2024-22-206
7822,1,0.2695901417015314,2024-23-206
7823,0,2.3913159681161495,2024-24-206
7824,0,2.4150575540114545,2024-25-206
7825,2,3.6398728204912847,2024-26-206
7826,0,0.9131048186175073,2024-27-206
7827,1,2.1464644827069,2024-28-206
7828,2,1.8764835499685784,2024-29-206
7829,5,-1.0352249206145934,2024-30-206
7830,0,0.6891291657800309,2024-31-206
7831,3,4.371376745117729,2024-32-206
7832,5,8.351298644649509,2024-33-206
7833,2,6.254692981359163,2024-34-206
7834,2,7.180928757628189,2024-35-206
7835,0,-0.7072503084465609,2024-36-206
7836,2,2.5352295286301487,2024-37-206
7837,2,4.66185520203107,2024-38-206
7838,0,4.036291701282342,2024-39-206
7839,0,2.3841837861823265,2024-40-206
7840,1,-1.500959655147175,2024-41-206
7841,2,2.097976954975603,2024-42-206
7842,0,2.972899379493658,2024-43-206
7843,0,1.4260829804488426,2024-44-206
7844,2,1.0769639007034142,2024-45-206
7845,0,1.5601189319475401,2024-46-206
7846,0,2.9324822207109893,2024-47-206
7847,0,-0.11465097203348273,2024-48-206
7848,0,-3.8437339295920627,2024-49-206
7849,0,4.95173320539984,2024-50-206
7850,0,5.141936350053026,2024-51-206
7851,0,3.8277271846032472,2024-52-206
8104,10,12.498921898869487,2024-1-207
8105,8,9.458235883633733,2024-2-207
8106,8,5.541651489439587,2024-3-207
8107,6,4.775908440727291,2024-4-207
8108,4,4.595913249490138,2024-5-207
8109,2,18.13364902881285,2024-6-207
8110,4,14.606551178726772,2024-7-207
8111,7,11.173833590312924,2024-8-207
8112,3,3.386407701041834,2024-9-207
8113,2,3.9279191333720433,2024-10-207
8114,4,2.4030993361268624,2024-11-207
8115,0,3.6504574205058584,2024-12-207
8116,0,7.133375802932998,2024-13-207
8117,2,5.409239984268958,2024-14-207
8118,3,3.7178269653747766,2024-15-207
8119,5,3.6879029692541527,2024-16-207
8120,5,3.493346055795093,2024-17-207
8121,4,1.5643905360012609,2024-18-207
8122,8,2.014289518605269,2024-19-207
8123,15,6.599454291843282,2024-20-207
8124,5,6.261235480482787,2024-21-207
8125,12,5.584016196249207,2024-22-207
8126,5,4.041396518790535,2024-23-207
8127,10,8.15587014841143,2024-24-207
8128,4,15.449581808375786,2024-25-207
8129,13,9.270795589302827,2024-26-207
8130,16,8.610893777317484,2024-27-207
8131,19,2.7464061760367464,2024-28-207
8132,13,10.092642955336714,2024-29-207
8133,14,1.5522651313676004,2024-30-207
8134,12,9.699386634361668,2024-31-207
8135,9,17.67801362257494,2024-32-207
8136,12,25.57094473410872,2024-33-207
8137,19,15.321005872456576,2024-34-207
8138,17,12.16873489495266,2024-35-207
8139,13,6.417242186436156,2024-36-207
8140,10,6.862784010072585,2024-37-207
8141,12,9.280943423578023,2024-38-207
8142,4,16.632959049337376,2024-39-207
8143,7,16.72955855698975,2024-40-207
8144,8,10.076761605390251,2024-41-207
8145,4,6.687723950339336,2024-42-207
8146,11,9.158754394352183,2024-43-207
8147,5,3.375459145025453,2024-44-207
8148,6,5.14130429003462,2024-45-207
8149,2,6.13497517383651,2024-46-207
8150,4,4.877769263788197,2024-47-207
8151,3,7.804518575732155,2024-48-207
8152,1,1.9918864262928875,2024-49-207
8153,0,8.939213791804084,2024-50-207
8154,1,2.970307448469039,2024-51-207
8155,1,4.423799625201421,2024-52-207
8408,10,12.22857948408301,2024-1-208
8409,4,8.585770805556326,2024-2-208
8410,4,4.914929777751064,2024-3-208
8411,2,5.101123637840834,2024-4-208
8412,3,4.532630534300674,2024-5-208
8413,1,17.435010133579908,2024-6-208
8414,3,11.40140205846554,2024-7-208
8415,0,7.146665526871859,2024-8-208
8416,5,-0.7648811811224614,2024-9-208
8417,0,3.565067495784961,2024-10-208
8418,3,2.482337588521431,2024-11-208
8419,0,3.5908139556911203,2024-12-208
8420,0,1.1983482163398247,2024-13-208
8421,1,5.878150838282304,2024-14-208
8422,0,2.551405706241459,2024-15-208
8423,0,3.826637658534888,2024-16-208
8424,1,2.5288211225813666,2024-17-208
8425,1,2.022356540168089,2024-18-208
8426,1,0.8449993100860804,2024-19-208
8427,1,3.685055441589937,2024-20-208
8428,1,1.3372948341536903,2024-21-208
8429,3,1.0145192124223077,2024-22-208
8430,1,1.0237624646749648,2024-23-208
8431,5,3.029016885983132,2024-24-208
8432,3,2.805482766324088,2024-25-208
8433,7,3.4534425671185573,2024-26-208
8434,6,2.2459523436335593,2024-27-208
8435,9,2.537078333064038,2024-28-208
8436,8,6.579846296185543,2024-29-208
8437,11,1.9398425036584899,2024-30-208
8438,11,5.467493274245037,2024-31-208
8439,10,9.282123250522794,2024-32-208
8440,12,15.004639054847772,2024-33-208
8441,9,10.67784583267105,2024-34-208
8442,7,11.364160511675792,2024-35-208
8443,4,8.208019853089182,2024-36-208
8444,9,9.020046340257935,2024-37-208
8445,6,8.863421350235411,2024-38-208
8446,6,6.970231743270961,2024-39-208
8447,5,6.178616062211651,2024-40-208
8448,2,1.7262222981992712,2024-41-208
8449,0,7.164088886060812,2024-42-208
8450,1,6.6367757894793,2024-43-208
8451,0,6.5462574535721085,2024-44-208
8452,2,4.653271063984169,2024-45-208
8453,0,1.8818160066479985,2024-46-208
8454,2,-0.6403286279503297,2024-47-208
8455,0,-0.9526193791611424,2024-48-208
8456,1,-2.897187145955743,2024-49-208
8457,0,6.518374017036543,2024-50-208
8458,1,4.556091289242394,2024-51-208
8459,0,3.37526027449946,2024-52-208
8712,3,12.46659383134192,2024-1-209
8713,10,5.787042049349321,2024-2-209
8714,8,12.646744987199112,2024-3-209
8715,14,23.380489384161944,2024-4-209
8716,6,15.362797148981025,2024-5-209
8717,4,11.450963176560204,2024-6-209
8718,8,10.736780565617902,2024-7-209
8719,6,10.059760424950982,2024-8-209
8720,2,12.75292757375669,2024-9-209
8721,5,7.199662366625807,2024-10-209
8722,1,4.719594901525028,2024-11-209
8723,0,5.640432056307376,2024-12-209
8724,1,6.960268987948375,2024-13-209
8725,0,3.8931256961484078,2024-14-209
8726,3,5.459842406810385,2024-15-209
8727,1,2.598792299870224,2024-16-209
8728,0,3.2842725113603426,2024-17-209
8729,0,1.9153254526086472,2024-18-209
8730,0,1.9056122445776673,2024-19-209
8731,1,6.283771178677018,2024-20-209
8732,3,2.651948557940986,2024-21-209
8733,6,1.42193536371367,2024-22-209
8734,6,0.32095280239761825,2024-23-209
8735,9,1.9226573464149437,2024-24-209
8736,12,3.2022724501694237,2024-25-209
8737,4,5.829874782488266,2024-26-209
8738,19,6.433231084750863,2024-27-209
8739,10,7.6806501178013065,2024-28-209
8740,18,10.479719288110134,2024-29-209
8741,11,10.17069383597614,2024-30-209
8742,18,4.0384367767130485,2024-31-209
8743,19,19.574950690559902,2024-32-209
8744,12,16.915956412792177,2024-33-209
8745,18,20.721876507526837,2024-34-209
8746,9,10.532417574076321,2024-35-209
8747,6,14.363482586199927,2024-36-209
8748,14,15.995892399401239,2024-37-209
8749,8,12.490603714127998,2024-38-209
8750,9,14.161341062957606,2024-39-209
8751,5,7.396041887920118,2024-40-209
8752,4,3.5142592991282626,2024-41-209
8753,4,9.93912410610585,2024-42-209
8754,1,8.979906708222263,2024-43-209
8755,4,8.825984731658524,2024-44-209
8756,1,3.765057154909525,2024-45-209
8757,2,3.5914932593201363,2024-46-209
8758,0,3.575514665461572,2024-47-209
8759,0,1.477118256601056,2024-48-209
8760,0,1.7655133850399372,2024-49-209
8761,1,4.521503626550994,2024-50-209
8762,4,3.831333384572601,2024-51-209
8763,2,0.5706747843371325,2024-52-209
9016,51,61.46009160074107,2024-1-210
9017,51,72.40066751259012,2024-2-210
9018,52,49.735477350164366,2024-3-210
9019,52,16.398792841750634,2024-4-210
9020,45,-8.020081656519597,2024-5-210
9021,40,39.73339320502985,2024-6-210
9022,45,53.35885839892159,2024-7-210
9023,32,54.812062935407404,2024-8-210
9024,32,40.00004311295748,2024-9-210
9025,33,36.163628029498135,2024-10-210
9026,16,30.51914414793791,2024-11-210
9027,20,33.44655078331903,2024-12-210
9028,7,25.230434065891377,2024-13-210
9029,18,24.581944092036046,2024-14-210
9030,18,24.50203003836361,2024-15-210
9031,26,12.822940787431895,2024-16-210
9032,19,14.502909352354667,2024-17-210
9033,20,3.4342189324233807,2024-18-210
9034,19,13.290175386364941,2024-19-210
9035,14,17.541200195276303,2024-20-210
9036,22,25.872484146161657,2024-21-210
9037,26,17.593618323755646,2024-22-210
9038,32,16.123286713910858,2024-23-210
9039,28,14.421298304735396,2024-24-210
9040,38,11.916123409939173,2024-25-210
9041,34,19.13008655509176,2024-26-210
9042,28,22.25593613102225,2024-27-210
9043,36,30.383432337543397,2024-28-210
9044,51,26.77478205340695,2024-29-210
9045,35,30.90913711881701,2024-30-210
9046,64,27.951756122515476,2024-31-210
9047,48,26.884343174569416,2024-32-210
9048,28,31.99367057684861,2024-33-210
9049,48,45.66364194189326,2024-34-210
9050,40,34.059671465315326,2024-35-210
9051,31,49.089627356744714,2024-36-210
9052,31,39.49597773497862,2024-37-210
9053,46,23.712607356356468,2024-38-210
9054,34,29.940851037258795,2024-39-210
9055,28,31.654077537642,2024-40-210
9056,36,25.87694688234443,2024-41-210
9057,21,20.2495197520317,2024-42-210
9058,17,36.25493257525072,2024-43-210
9059,8,31.064095468014763,2024-44-210
9060,18,23.110299728894404,2024-45-210
9061,10,24.914581585460343,2024-46-210
9062,17,17.223289174774887,2024-47-210
9063,13,11.218952136987546,2024-48-210
9064,15,-1.6741330157920413,2024-49-210
9065,9,16.860695296237637,2024-50-210
9066,5,10.85080721174223,2024-51-210
9067,2,14.89357114505647,2024-52-210
9320,0,6.971721800205964,2024-1-211
9321,0,4.202129140136263,2024-2-211
9322,0,3.688421972341193,2024-3-211
9323,0,6.0073201527133495,2024-4-211
9324,0,6.350494773644627,2024-5-211
9325,0,9.365252294329075,2024-6-211
9326,0,5.886208212963085,2024-7-211
9327,0,2.6755101750267265,2024-8-211
9328,0,-0.5240189175398977,2024-9-211
9329,0,1.6446307429195253,2024-10-211
9330,0,2.0838355071866235,2024-11-211
9331,0,1.4276870178176904,2024-12-211
9332,0,1.6115087792439005,2024-13-211
9333,0,2.1672172166293766,2024-14-211
9334,0,2.56786715928736,2024-15-211
9335,0,1.45988045367108,2024-16-211
9336,0,3.56131188149056,2024-17-211
9337,0,2.3871369527402746,2024-18-211
9338,0,1.0176600685433401,2024-19-211
9339,0,3.7051291411743685,2024-20-211
9340,0,1.5038905309930921,2024-21-211
9341,0,0.747435468080675,2024-22-211
9342,0,0.13139685977828153,2024-23-211
9343,0,2.223554697347126,2024-24-211
9344,0,2.1926115724667907,2024-25-211
9345,0,2.4367748141738836,2024-26-211
9346,0,-0.6985976110362295,2024-27-211
9347,0,1.2039192326085348,2024-28-211
9348,0,2.3791150317696457,2024-29-211
9349,0,-1.0524334802549,2024-30-211
9350,0,-1.5519348479830524,2024-31-211
9351,0,4.2090185205491135,2024-32-211
9352,0,7.31577916982801,2024-33-211
9353,0,4.103154491250917,2024-34-211
9354,0,1.8874874409610993,2024-35-211
9355,0,-1.6269328102122125,2024-36-211
9356,1,0.6484065851797811,2024-37-211
9357,0,0.6405562299089538,2024-38-211
9358,0,0.9170683849112793,2024-39-211
9359,0,0.5853980287550753,2024-40-211
9360,0,-1.1054035588010414,2024-41-211
9361,0,1.540746384362017,2024-42-211
9362,0,1.9444991310632407,2024-43-211
9363,0,1.3309694112822583,2024-44-211
9364,0,1.0531406927126832,2024-45-211
9365,0,-0.09281777476144093,2024-46-211
9366,0,-0.18121260825515018,2024-47-211
9367,0,-0.7618701583176448,2024-48-211
9368,0,-3.3280778157846913,2024-49-211
9369,0,4.677282328618346,2024-50-211
9370,0,4.8386003232195485,2024-51-211
9371,0,2.8210307421465517,2024-52-211
9624,0,8.414630088187925,2024-1-212
9625,1,5.4300767124722835,2024-2-212
9626,4,4.946452326191376,2024-3-212
9627,9,5.713108547508857,2024-4-212
9628,6,5.714122288003155,2024-5-212
9629,3,9.152725067791998,2024-6-212
9630,1,6.548765140719799,2024-7-212
9631,1,6.0643886675186485,2024-8-212
9632,1,7.69748428233493,2024-9-212
9633,2,8.257909736338345,2024-10-212
9634,0,4.520070298596935,2024-11-212
9635,0,0.03376098348725565,2024-12-212
9636,0,0.7794369924184004,2024-13-212
9637,0,2.3576961287173246,2024-14-212
9638,0,4.328526016214842,2024-15-212
9639,0,1.6465267302029347,2024-16-212
9640,0,3.2234317127997647,2024-17-212
9641,1,1.7029255447060805,2024-18-212
9642,2,1.1438643782368834,2024-19-212
9643,2,3.6720301002310927,2024-20-212
9644,0,1.5344900579008731,2024-21-212
9645,2,0.6940830157814961,2024-22-212
9646,0,1.1169029409202582,2024-23-212
9647,0,3.804260095680401,2024-24-212
9648,3,4.025412138693602,2024-25-212
9649,1,3.026897787460645,2024-26-212
9650,0,1.245570661886001,2024-27-212
9651,0,1.2744440176024858,2024-28-212
9652,0,2.155000312637962,2024-29-212
9653,0,1.2162061072972308,2024-30-212
9654,1,0.5913153321310731,2024-31-212
9655,1,4.166595479237313,2024-32-212
9656,2,6.215215313295644,2024-33-212
9657,2,3.6534958756264286,2024-34-212
9658,4,1.746882560095678,2024-35-212
9659,1,-0.8557780367374748,2024-36-212
9660,3,1.1701136941971577,2024-37-212
9661,3,2.135300077171644,2024-38-212
9662,1,2.3958300520931552,2024-39-212
9663,1,4.149363149022668,2024-40-212
9664,0,0.2496204102910089,2024-41-212
9665,0,2.851979444782791,2024-42-212
9666,2,3.0542991338870373,2024-43-212
9667,1,1.9821335909037117,2024-44-212
9668,0,1.538555427360284,2024-45-212
9669,0,0.46182326325089296,2024-46-212
9670,0,0.5494879907570898,2024-47-212
9671,0,0.8455063616548966,2024-48-212
9672,0,-1.881934259994988,2024-49-212
9673,0,4.501673906297436,2024-50-212
9674,0,3.9535921086373054,2024-51-212
9675,0,2.263894222965088,2024-52-212
9928,9,14.445308836096151,2024-1-213
9929,0,7.42534833508714,2024-2-213
9930,0,6.545918218878429,2024-3-213
9931,0,7.199896746996448,2024-4-213
9932,3,5.96682945523998,2024-5-213
9933,0,16.910602312274204,2024-6-213
9934,0,8.977940295386746,2024-7-213
9935,1,4.259487595217572,2024-8-213
9936,0,-2.5254496630233976,2024-9-213
9937,0,5.130493704617309,2024-10-213
9938,1,3.6074011000332553,2024-11-213
9939,0,2.177312787488707,2024-12-213
9940,0,1.9933698843051115,2024-13-213
9941,0,2.9709380302987065,2024-14-213
9942,0,3.1000683134605884,2024-15-213
9943,0,3.0877759179632673,2024-16-213
9944,0,3.945495807351198,2024-17-213
9945,0,3.2549578926759377,2024-18-213
9946,0,1.426613893877758,2024-19-213
9947,0,3.984113882931031,2024-20-213
9948,0,1.9697991225686635,2024-21-213
9949,1,1.5192939655506044,2024-22-213
9950,1,0.9600021774373246,2024-23-213
9951,1,0.8945284960560103,2024-24-213
9952,1,1.1702211392017867,2024-25-213
9953,0,3.4343847308862694,2024-26-213
9954,0,2.3660119137033733,2024-27-213
9955,0,3.4318637144550133,2024-28-213
9956,3,3.987015779849687,2024-29-213
9957,0,1.2601855854020108,2024-30-213
9958,1,0.055050325578125836,2024-31-213
9959,0,3.7665737683187057,2024-32-213
9960,0,5.1397509555739065,2024-33-213
9961,1,7.986281565227404,2024-34-213
9962,0,4.846886190386861,2024-35-213
9963,1,-0.27428029384746333,2024-36-213
9964,0,-1.6574294119600883,2024-37-213
9965,0,1.5996594176680448,2024-38-213
9966,1,3.0903965909309665,2024-39-213
9967,1,2.0244433027146336,2024-40-213
9968,1,1.2789890102185684,2024-41-213
9969,1,2.330956557450538,2024-42-213
9970,0,1.514893846778013,2024-43-213
9971,0,1.8332022940529764,2024-44-213
9972,1,3.566383759055504,2024-45-213
9973,0,2.699284118138177,2024-46-213
9974,0,1.927858351553703,2024-47-213
9975,0,0.10632514897596268,2024-48-213
9976,0,-2.208754974368969,2024-49-213
9977,0,5.774746594243927,2024-50-213
9978,0,3.8820409800635907,2024-51-213
9979,0,2.1705003772940197,2024-52-213
10232,0,17.731187661664134,2024-1-214
10233,3,10.627678633888724,2024-2-214
10234,2,9.34644009896772,2024-3-214
10235,0,15.920391377074889,2024-4-214
10236,0,12.968103356563882,2024-5-214
10237,0,9.32942008342542,2024-6-214
10238,0,7.134550502271062,2024-7-214
10239,1,5.203454090284817,2024-8-214
10240,3,0.41679112077113434,2024-9-214
10241,0,1.6310002467736566,2024-10-214
10242,1,2.146108940015708,2024-11-214
10243,0,2.259072487028029,2024-12-214
10244,0,3.157452799038194,2024-13-214
10245,0,5.938986976446457,2024-14-214
10246,2,3.7743280508381956,2024-15-214
10247,1,3.268191590232105,2024-16-214
10248,1,3.2147225629507163,2024-17-214
10249,1,3.570387990026378,2024-18-214
10250,0,1.4776905053465248,2024-19-214
10251,0,6.168386637885908,2024-20-214
10252,2,3.7962069146978017,2024-21-214
10253,2,2.945746965635711,2024-22-214
10254,1,1.3377631555577958,2024-23-214
10255,3,1.0049317072260489,2024-24-214
10256,2,1.3021622077424175,2024-25-214
10257,2,5.429014743372151,2024-26-214
10258,6,3.919064266205013,2024-27-214
10259,5,3.3349834296302827,2024-28-214
10260,7,5.455873133063188,2024-29-214
10261,16,3.1446526732019406,2024-30-214
10262,7,3.007077552827574,2024-31-214
10263,24,8.911290197739385,2024-32-214
10264,15,10.604739414393046,2024-33-214
10265,26,12.246989270384477,2024-34-214
10266,7,17.789884935040877,2024-35-214
10267,3,6.806378983608891,2024-36-214
10268,3,19.586343899549966,2024-37-214
10269,2,14.465923572866904,2024-38-214
10270,1,25.017918027868944,2024-39-214
10271,5,6.039832273875508,2024-40-214
10272,12,-0.29742569332698254,2024-41-214
10273,0,-1.9675118912304232,2024-42-214
10274,3,2.597371144432311,2024-43-214
10275,7,2.6832013901883354,2024-44-214
10276,5,6.164495247240727,2024-45-214
10277,3,12.49561189228938,2024-46-214
10278,6,3.1024499568157946,2024-47-214
10279,5,1.1841307760099242,2024-48-214
10280,6,2.642281716802418,2024-49-214
10281,5,11.934061847518503,2024-50-214
10282,2,6.035135834106359,2024-51-214
10283,0,4.564291125770416,2024-52-214
10536,1,8.999705256364146,2024-1-215
10537,2,5.402795515530991,2024-2-215
10538,0,8.511058029728355,2024-3-215
10539,0,8.611659832056827,2024-4-215
10540,2,6.283729193646927,2024-5-215
10541,0,9.759773562434328,2024-6-215
10542,0,9.914870392778965,2024-7-215
10543,0,6.251873413077469,2024-8-215
10544,3,0.5012497672513132,2024-9-215
10545,0,3.7847898437761116,2024-10-215
10546,1,2.9182738812359363,2024-11-215
10547,1,2.3104751297968407,2024-12-215
10548,1,2.3667756517462974,2024-13-215
10549,0,6.4076690394624904,2024-14-215
10550,0,3.949734322475546,2024-15-215
10551,0,3.470769961682666,2024-16-215
10552,0,4.260872051922672,2024-17-215
10553,0,4.647285537851028,2024-18-215
10554,0,1.5407631751871633,2024-19-215
10555,0,4.303402775703978,2024-20-215
10556,0,2.354116542081167,2024-21-215
10557,1,2.113764166635927,2024-22-215
10558,0,1.1106202376437024,2024-23-215
10559,0,2.113346091000652,2024-24-215
10560,0,2.528307080990464,2024-25-215
10561,0,3.9968479939748773,2024-26-215
10562,0,2.274939952867955,2024-27-215
10563,0,2.8106239176183663,2024-28-215
10564,0,3.440482553093772,2024-29-215
10565,0,1.4040129190547626,2024-30-215
10566,0,1.720059682969898,2024-31-215
10567,1,5.1077988650362265,2024-32-215
10568,0,5.241480929455786,2024-33-215
10569,0,5.4556225307540895,2024-34-215
10570,0,4.45850457497998,2024-35-215
10571,0,-0.5882732131506487,2024-36-215
10572,1,-0.3674714001292494,2024-37-215
10573,0,0.2749975011490302,2024-38-215
10574,1,0.43114548737556024,2024-39-215
10575,2,1.5966446551332425,2024-40-215
10576,1,0.9418261115932371,2024-41-215
10577,2,3.0878793954645083,2024-42-215
10578,0,2.4118780003593727,2024-43-215
10579,2,2.7736958838156833,2024-44-215
10580,1,4.764319557864957,2024-45-215
10581,0,3.4544657815636586,2024-46-215
10582,0,2.993481283712939,2024-47-215
10583,1,0.13713510562514308,2024-48-215
10584,0,0.22306462029748353,2024-49-215
10585,0,6.598690675312084,2024-50-215
10586,0,3.7754881354709267,2024-51-215
10587,1,0.8053996870699258,2024-52-215
10840,7,18.21674348521004,2024-1-216
10841,6,12.8387256308396,2024-2-216
10842,1,14.379811345782043,2024-3-216
10843,2,5.212348168272819,2024-4-216
10844,2,4.023428984631207,2024-5-216
10845,3,12.899878874861557,2024-6-216
10846,1,13.814273561519,2024-7-216
10847,4,6.402930973272069,2024-8-216
10848,2,0.81226364104152,2024-9-216
10849,4,3.190441650690111,2024-10-216
10850,2,5.80845655639331,2024-11-216
10851,1,3.0321469380258415,2024-12-216
10852,0,4.948175718200922,2024-13-216
10853,4,4.310947770577347,2024-14-216
10854,2,6.6307140791390164,2024-15-216
10855,3,3.38924784275481,2024-16-216
10856,4,4.6023840729537415,2024-17-216
10857,3,2.420074633171617,2024-18-216
10858,6,4.680531223100647,2024-19-216
10859,11,6.667784515990901,2024-20-216
10860,14,5.361613522870723,2024-21-216
10861,6,4.590748264412479,2024-22-216
10862,14,3.662304605806583,2024-23-216
10863,20,7.5055616180331235,2024-24-216
10864,19,12.03366378136038,2024-25-216
10865,23,16.846991881842996,2024-26-216
10866,15,7.264861630138142,2024-27-216
10867,18,12.568455903907795,2024-28-216
10868,8,19.419628427022083,2024-29-216
10869,8,18.57680917104202,2024-30-216
10870,12,19.642005330516724,2024-31-216
10871,12,17.267399801413962,2024-32-216
10872,10,21.037308902341028,2024-33-216
10873,9,8.585975796715726,2024-34-216
10874,5,6.467182649929123,2024-35-216
10875,8,6.0859081332173215,2024-36-216
10876,8,10.978361180176163,2024-37-216
10877,4,9.32828026127345,2024-38-216
10878,2,7.93117105132035,2024-39-216
10879,7,4.981682520682153,2024-40-216
10880,1,5.543854836111736,2024-41-216
10881,4,8.128200218681293,2024-42-216
10882,3,5.790834716257763,2024-43-216
10883,4,2.1048063845084597,2024-44-216
10884,2,6.631030293738508,2024-45-216
10885,1,2.689559485512992,2024-46-216
10886,0,4.099332056267264,2024-47-216
10887,1,2.536473740595131,2024-48-216
10888,3,2.3403910412813747,2024-49-216
10889,3,6.938842237597856,2024-50-216
10890,0,5.558283248991433,2024-51-216
10891,0,2.3305853474512404,2024-52-216
11144,3,2.1684525975975335,2024-1-301
11145,1,3.349824693289684,2024-2-301
11146,0,4.605158932209385,2024-3-301
11147,0,3.6088692755997873,2024-4-301
11148,2,0.9685124040774755,2024-5-301
11149,1,4.296857157884214,2024-6-301
11150,0,2.9997881628488186,2024-7-301
11151,1,2.1523715771028438,2024-8-301
11152,0,1.4104233080563882,2024-9-301
11153,0,3.268664451208962,2024-10-301
11154,1,3.647763272347793,2024-11-301
11155,0,2.674743342954663,2024-12-301
11156,1,2.897373835085229,2024-13-301
11157,1,2.2867487794165235,2024-14-301
11158,0,1.8783061682320366,2024-15-301
11159,0,2.3533474888205252,2024-16-301
11160,0,1.9688051520139866,2024-17-301
11161,0,2.439878337237742,2024-18-301
11162,1,1.3648697885227599,2024-19-301
11163,0,2.363323086875323,2024-20-301
11164,0,0.8960980782623085,2024-21-301
11165,0,0.7592426702477155,2024-22-301
11166,1,0.6152788374397509,2024-23-301
11167,2,2.67809664467756,2024-24-301
11168,0,1.4596288684792835,2024-25-301
11169,0,2.6557615825788927,2024-26-301
11170,0,0.522504382836857,2024-27-301
11171,0,2.0420469338976854,2024-28-301
11172,0,4.337437565590773,2024-29-301
11173,1,1.314420081822202,2024-30-301
11174,1,1.6799547208883894,2024-31-301
11175,1,0.5731190845632215,2024-32-301
11176,1,1.5568835280243027,2024-33-301
11177,0,1.228288818207335,2024-34-301
11178,0,1.3249117360156448,2024-35-301
11179,0,1.9848124826624625,2024-36-301
11180,0,1.5350267707898015,2024-37-301
11181,0,0.4691643280467841,2024-38-301
11182,3,-0.0925034331987229,2024-39-301
11183,2,0.3926536635972009,2024-40-301
11184,1,0.8345987473231617,2024-41-301
11185,2,1.0874881324323336,2024-42-301
11186,3,0.4421538386274131,2024-43-301
11187,3,2.661007433286762,2024-44-301
11188,7,3.450747626263422,2024-45-301
11189,3,2.590169604186213,2024-46-301
11190,1,1.4019724615665536,2024-47-301
11191,0,2.8007264315815976,2024-48-301
11192,0,2.58724618153037,2024-49-301
11193,7,6.950956436595256,2024-50-301
11194,2,5.050875587410939,2024-51-301
11195,1,0.7520935260877692,2024-52-301
11448,3,5.37559512759921,2024-1-302
11449,3,5.468975663698677,2024-2-302
11450,1,5.476628870502839,2024-3-302
11451,1,2.0993219133717202,2024-4-302
11452,1,0.5517725302180274,2024-5-302
11453,1,3.438221120259175,2024-6-302
11454,1,5.8438406384881425,2024-7-302
11455,1,4.404589834046501,2024-8-302
11456,1,3.2251329046425092,2024-9-302
11457,0,2.195295844531535,2024-10-302
11458,2,3.037561647905893,2024-11-302
11459,2,2.7685503095991724,2024-12-302
11460,5,3.0752303264714542,2024-13-302
11461,0,2.5532189391346476,2024-14-302
11462,0,1.570205585424466,2024-15-302
11463,0,2.998792731845156,2024-16-302
11464,2,3.377237576922856,2024-17-302
11465,0,6.400350010746641,2024-18-302
11466,1,1.0905005077444527,2024-19-302
11467,1,1.6554455438190354,2024-20-302
11468,0,-0.24522092603620216,2024-21-302
11469,0,3.3464011577940016,2024-22-302
11470,2,1.0375534125288053,2024-23-302
11471,2,3.0436297611997594,2024-24-302
11472,1,2.3159252148494662,2024-25-302
11473,0,3.2227375953798356,2024-26-302
11474,0,0.021166259056321746,2024-27-302
11475,1,2.8047767985071435,2024-28-302
11476,1,5.638864966519998,2024-29-302
11477,1,2.297550079388839,2024-30-302
11478,1,1.6737247089741458,2024-31-302
11479,0,0.10111449058866029,2024-32-302
11480,0,2.612423021531117,2024-33-302
11481,0,2.107444776293489,2024-34-302
11482,0,0.9268444777776303,2024-35-302
11483,0,1.1337404357730927,2024-36-302
11484,0,-0.4755447196999927,2024-37-302
11485,0,-1.6199797546411916,2024-38-302
11486,0,-0.7008298946008975,2024-39-302
11487,2,0.8304724797863359,2024-40-302
11488,1,0.6848422828016743,2024-41-302
11489,2,0.5109206732901757,2024-42-302
11490,2,0.7162076191185571,2024-43-302
11491,2,0.5892907340314624,2024-44-302
11492,0,3.281099840204443,2024-45-302
11493,1,3.0614128896551738,2024-46-302
11494,3,2.429383218745098,2024-47-302
11495,0,1.0481636757791684,2024-48-302
11496,0,1.2957471384916652,2024-49-302
11497,0,3.373807057205454,2024-50-302
11498,1,6.010002762768277,2024-51-302
11499,0,3.0477281769863307,2024-52-302
11752,2,6.060405377041926,2024-1-303
11753,4,6.45921571657835,2024-2-303
11754,1,2.0321569609462777,2024-3-303
11755,2,-0.5712162490714583,2024-4-303
11756,1,0.12399913801937767,2024-5-303
11757,0,3.9201884465411174,2024-6-303
11758,2,5.887283685334533,2024-7-303
11759,2,3.1635796539003604,2024-8-303
11760,2,3.279102152602707,2024-9-303
11761,0,1.653192775138191,2024-10-303
11762,0,1.954137055787026,2024-11-303
11763,1,3.376748621929321,2024-12-303
11764,0,4.146982671043102,2024-13-303
11765,0,4.058541006037908,2024-14-303
11766,0,1.1660538951959216,2024-15-303
11767,0,0.7387670966509248,2024-16-303
11768,0,1.6866745526552938,2024-17-303
11769,1,1.43329130546853,2024-18-303
11770,2,0.13976513336682617,2024-19-303
11771,2,1.5045699998841058,2024-20-303
11772,0,0.8681464558637764,2024-21-303
11773,1,0.8764114380495589,2024-22-303
11774,2,1.162670628292025,2024-23-303
11775,1,3.565184061020368,2024-24-303
11776,5,3.016897882669498,2024-25-303
11777,2,2.367887989629807,2024-26-303
11778,0,0.6307321767793104,2024-27-303
11779,0,2.1797578416926866,2024-28-303
11780,0,3.5866803642471696,2024-29-303
11781,1,5.111361865332159,2024-30-303
11782,3,3.9892988232346376,2024-31-303
11783,4,1.2111862665475253,2024-32-303
11784,4,0.28386370609040057,2024-33-303
11785,1,0.3365589491739369,2024-34-303
11786,5,1.123865837014447,2024-35-303
11787,3,3.3905197462386027,2024-36-303
11788,0,4.561167203787817,2024-37-303
11789,2,3.699722208153391,2024-38-303
11790,5,0.5614154752884,2024-39-303
11791,11,3.6189366286456064,2024-40-303
11792,4,3.8310184289144154,2024-41-303
11793,1,1.4312894845753172,2024-42-303
11794,4,0.5374478142445214,2024-43-303
11795,3,4.271574509498311,2024-44-303
11796,4,12.034526692631548,2024-45-303
11797,4,6.551928408628362,2024-46-303
11798,3,0.44209378152360745,2024-47-303
11799,1,0.5124093272917478,2024-48-303
11800,5,1.7379395216405853,2024-49-303
11801,7,5.534144072433007,2024-50-303
11802,3,6.294341983240509,2024-51-303
11803,0,2.3647628900881985,2024-52-303
12056,8,13.062597176131034,2024-1-304
12057,9,12.343747268838051,2024-2-304
12058,3,15.027887949476556,2024-3-304
12059,5,3.515940173750657,2024-4-304
12060,2,0.19196418713144459,2024-5-304
12061,1,5.6335396201237575,2024-6-304
12062,2,10.667556670819735,2024-7-304
12063,4,5.828455588727434,2024-8-304
12064,5,4.510522568872956,2024-9-304
12065,5,1.7296125047741382,2024-10-304
12066,2,3.1451507116583692,2024-11-304
12067,7,3.555754470021022,2024-12-304
12068,5,5.95904141239077,2024-13-304
12069,5,6.80471049655989,2024-14-304
12070,1,6.407885984647143,2024-15-304
12071,8,3.090441867331716,2024-16-304
12072,8,6.581301050913201,2024-17-304
12073,6,5.7463774933272465,2024-18-304
12074,13,5.028461746318205,2024-19-304
12075,6,1.9479660678919368,2024-20-304
12076,9,6.800318796962159,2024-21-304
12077,14,7.9606323790769835,2024-22-304
12078,12,6.592112425705855,2024-23-304
12079,15,12.061058425781471,2024-24-304
12080,21,6.760250909743798,2024-25-304
12081,11,9.48533854421116,2024-26-304
12082,18,10.21523802440785,2024-27-304
12083,15,12.758891780106419,2024-28-304
12084,32,15.977775888635684,2024-29-304
12085,26,18.25053363068583,2024-30-304
12086,19,11.749625018628832,2024-31-304
12087,36,14.747116349381292,2024-32-304
12088,30,13.301079822136261,2024-33-304
12089,38,28.748466089046165,2024-34-304
12090,40,23.661865113662948,2024-35-304
12091,24,17.011936312621973,2024-36-304
12092,18,25.816924455793078,2024-37-304
12093,13,25.413296525407507,2024-38-304
12094,20,33.024056717814595,2024-39-304
12095,9,31.95724708520512,2024-40-304
12096,10,20.32253315674173,2024-41-304
12097,10,9.546185723141045,2024-42-304
12098,12,3.513796709935612,2024-43-304
12099,5,13.0011062498735,2024-44-304
12100,3,7.77691468127699,2024-45-304
12101,3,8.147085002930158,2024-46-304
12102,3,5.49368277514356,2024-47-304
12103,0,9.862953542472553,2024-48-304
12104,0,4.010172313272112,2024-49-304
12105,0,3.084835692774955,2024-50-304
12106,2,3.1557919801484138,2024-51-304
12107,1,2.0020927374033937,2024-52-304
12360,27,34.83664482870311,2024-1-305
12361,34,43.689284078569806,2024-2-305
12362,27,49.50878193528563,2024-3-305
12363,28,38.13591009558116,2024-4-305
12364,23,20.53159752429045,2024-5-305
12365,15,15.988436948592547,2024-6-305
12366,10,23.41696494214691,2024-7-305
12367,25,23.221066170640135,2024-8-305
12368,23,23.677488731653206,2024-9-305
12369,22,17.357259878306603,2024-10-305
12370,21,11.64593068719412,2024-11-305
12371,19,5.748276053425737,2024-12-305
12372,28,19.507868185086522,2024-13-305
12373,26,22.51531580620895,2024-14-305
12374,22,22.06120352854246,2024-15-305
12375,25,16.63119254217672,2024-16-305
12376,22,15.374218246429981,2024-17-305
12377,28,22.819691777760926,2024-18-305
12378,39,22.297744460101885,2024-19-305
12379,22,20.674701730995366,2024-20-305
12380,34,18.947652530520507,2024-21-305
12381,33,17.452524059914115,2024-22-305
12382,45,22.292395018120118,2024-23-305
12383,46,33.944497754721596,2024-24-305
12384,70,21.538941869113152,2024-25-305
12385,57,27.619776792262265,2024-26-305
12386,65,24.193796388470986,2024-27-305
12387,80,39.4243375763983,2024-28-305
12388,182,41.438650619986916,2024-29-305
12389,171,61.16803061112278,2024-30-305
12390,211,51.636274906825825,2024-31-305
12391,231,53.64634821503387,2024-32-305
12392,217,62.16828925518359,2024-33-305
12393,180,157.58446254280608,2024-34-305
12394,159,165.3324513146071,2024-35-305
12395,130,190.6380701643905,2024-36-305
12396,102,186.33979552170396,2024-37-305
12397,84,180.00081677512787,2024-38-305
12398,81,134.34903462301946,2024-39-305
12399,83,104.45001946989149,2024-40-305
12400,53,79.97746755074088,2024-41-305
12401,40,60.26827226819517,2024-42-305
12402,40,46.304405022434246,2024-43-305
12403,33,48.86690485038221,2024-44-305
12404,12,58.61488725962444,2024-45-305
12405,27,38.136470364236764,2024-46-305
12406,20,21.09979576478891,2024-47-305
12407,9,18.635474017273754,2024-48-305
12408,5,21.857673902146686,2024-49-305
12409,9,7.007591894949985,2024-50-305
12410,8,16.040897962495556,2024-51-305
12411,1,12.453767087614377,2024-52-305
12664,0,2.1489692121877435,2024-1-306
12665,1,1.3595350925955272,2024-2-306
12666,0,1.864189869210028,2024-3-306
12667,0,0.22102352330686958,2024-4-306
12668,0,1.0474858505042235,2024-5-306
12669,0,1.9090289652436851,2024-6-306
12670,0,2.7329855084486954,2024-7-306
12671,0,1.717090117012119,2024-8-306
12672,0,1.9429574400004062,2024-9-306
12673,0,1.2288099898648845,2024-10-306
12674,0,2.0515154379839626,2024-11-306
12675,0,2.0921019791343403,2024-12-306
12676,0,2.2062112760882497,2024-13-306
12677,0,1.8983729860594423,2024-14-306
12678,0,1.4199496516519476,2024-15-306
12679,0,1.2082344232581672,2024-16-306
12680,0,1.2988284696900623,2024-17-306
12681,0,1.0864971594184945,2024-18-306
12682,0,-0.00935452310126239,2024-19-306
12683,0,1.7957852344029581,2024-20-306
12684,0,0.8981853627375638,2024-21-306
12685,0,0.7931967320172308,2024-22-306
12686,0,0.3370066166162169,2024-23-306
12687,0,1.5533806373873549,2024-24-306
12688,1,0.846657133783161,2024-25-306
12689,0,2.1234049517375877,2024-26-306
12690,0,-0.18398580018326305,2024-27-306
12691,0,0.5797247481893515,2024-28-306
12692,0,2.1595569334605216,2024-29-306
12693,0,1.2606710711026416,2024-30-306
12694,0,1.4022408184696906,2024-31-306
12695,0,0.9359642119412999,2024-32-306
12696,0,0.9081131463051686,2024-33-306
12697,0,0.8173733841646,2024-34-306
12698,0,0.38645159623916214,2024-35-306
12699,0,0.9108015952889801,2024-36-306
12700,0,0.21926426484045347,2024-37-306
12701,0,-0.9645832529152849,2024-38-306
12702,0,-0.5471995494231021,2024-39-306
12703,0,0.36773915775863975,2024-40-306
12704,0,0.6870685945455519,2024-41-306
12705,0,0.6213820963849894,2024-42-306
12706,0,0.46663700318654167,2024-43-306
12707,0,0.5235689625646587,2024-44-306
12708,0,1.0675962125973064,2024-45-306
12709,1,1.098515967353792,2024-46-306
12710,0,0.42215684427905,2024-47-306
12711,0,0.07481200964899593,2024-48-306
12712,0,-1.01684899374848,2024-49-306
12713,0,0.7893042208498016,2024-50-306
12714,0,2.940663482535921,2024-51-306
12715,0,-0.48021028349383243,2024-52-306
12968,0,2.950959079350982,2024-1-307
12969,0,1.4067547832428322,2024-2-307
12970,1,2.0130184313439257,2024-3-307
12971,1,0.5554596679287465,2024-4-307
12972,0,1.3657997276541753,2024-5-307
12973,0,2.147334290285345,2024-6-307
12974,0,2.2024254273530426,2024-7-307
12975,0,2.748278360549172,2024-8-307
12976,0,3.3448267486686327,2024-9-307
12977,0,2.030136243529476,2024-10-307
12978,0,1.9442936722984696,2024-11-307
12979,0,2.051324523834843,2024-12-307
12980,0,2.463004725584261,2024-13-307
12981,0,2.379520416507882,2024-14-307
12982,0,1.846125113735832,2024-15-307
12983,0,1.557432135265617,2024-16-307
12984,0,1.6265046127576968,2024-17-307
12985,0,1.5061229985956412,2024-18-307
12986,0,0.3197128456691809,2024-19-307
12987,0,2.025339106488862,2024-20-307
12988,1,1.2657325763250324,2024-21-307
12989,0,0.9741502317121769,2024-22-307
12990,0,-0.04302588499385207,2024-23-307
12991,0,0.43395232460673583,2024-24-307
12992,0,0.18489127421204188,2024-25-307
12993,1,3.6165966115489523,2024-26-307
12994,0,0.9523948044667092,2024-27-307
12995,0,0.6098562791420807,2024-28-307
12996,1,2.405211655937554,2024-29-307
12997,2,1.0216927219904188,2024-30-307
12998,0,2.0696285548068527,2024-31-307
12999,1,0.8092297135884183,2024-32-307
13000,0,1.7053801451332173,2024-33-307
13001,0,1.5817829367790814,2024-34-307
13002,0,1.8162935301131837,2024-35-307
13003,0,0.5189403294977848,2024-36-307
13004,0,0.5963211928736407,2024-37-307
13005,0,-1.2319211754523258,2024-38-307
13006,0,-0.513389170310433,2024-39-307
13007,0,0.14068722920526655,2024-40-307
13008,1,0.8712176678970605,2024-41-307
13009,0,0.7961288016008505,2024-42-307
13010,0,0.3354158805352738,2024-43-307
13011,0,0.5881939001914742,2024-44-307
13012,0,1.372322599866444,2024-45-307
13013,0,2.1910706763315524,2024-46-307
13014,0,0.5915604277386168,2024-47-307
13015,1,0.10558611960508468,2024-48-307
13016,0,-0.4946000865216429,2024-49-307
13017,0,2.790397170317383,2024-50-307
13018,0,3.5696874284014424,2024-51-307
13019,0,-0.6840560669881657,2024-52-307
13272,0,3.2358269739130794,2024-1-308
13273,0,3.4012530232683624,2024-2-308
13274,0,4.525190439481096,2024-3-308
13275,3,0.814861786803081,2024-4-308
13276,0,0.6738167489901232,2024-5-308
13277,0,1.777949823884219,2024-6-308
13278,0,2.27034917405845,2024-7-308
13279,0,1.6194917662747135,2024-8-308
13280,0,4.7523772804322455,2024-9-308
13281,0,2.2721063888842847,2024-10-308
13282,0,2.2098678943486267,2024-11-308
13283,0,1.5736893274363712,2024-12-308
13284,0,2.641676896507962,2024-13-308
13285,1,2.140686320296213,2024-14-308
13286,1,1.7490649353926875,2024-15-308
13287,0,1.795180513663174,2024-16-308
13288,0,1.6207243742939876,2024-17-308
13289,0,1.4829674676401567,2024-18-308
13290,1,1.4929479557770653,2024-19-308
13291,0,3.190819706379022,2024-20-308
13292,0,1.2770302281287593,2024-21-308
13293,0,0.6844154230123736,2024-22-308
13294,0,0.32167310198897425,2024-23-308
13295,0,2.795975290153486,2024-24-308
13296,0,1.5204522909336453,2024-25-308
13297,0,2.385033529309836,2024-26-308
13298,1,-0.013809273782545706,2024-27-308
13299,1,0.7509052104006666,2024-28-308
13300,5,1.9362354293331816,2024-29-308
13301,4,0.387158011937661,2024-30-308
13302,2,1.585162536272953,2024-31-308
13303,2,1.155450315126429,2024-32-308
13304,0,2.32850651677429,2024-33-308
13305,0,5.116222076329739,2024-34-308
13306,0,4.174138041729127,2024-35-308
13307,1,2.411765992012347,2024-36-308
13308,0,0.9413757884191991,2024-37-308
13309,0,-0.6932514673028547,2024-38-308
13310,0,-0.7188594286989356,2024-39-308
13311,2,-0.07950233523188643,2024-40-308
13312,0,2.172449336285485,2024-41-308
13313,0,1.2479981101335818,2024-42-308
13314,0,0.8911467383820963,2024-43-308
13315,1,0.132029599963706,2024-44-308
13316,0,2.484150717381956,2024-45-308
13317,3,1.1094258686795953,2024-46-308
13318,4,0.2772883248256206,2024-47-308
13319,0,-0.6264890745490459,2024-48-308
13320,2,0.4323062404265712,2024-49-308
13321,2,1.4806390584589453,2024-50-308
13322,2,4.296948168927026,2024-51-308
13323,2,3.4242412160493467,2024-52-308
13576,7,11.40828552400032,2024-1-401
13577,8,10.630121202403569,2024-2-401
13578,8,6.395280185883629,2024-3-401
13579,4,-0.5915334955618681,2024-4-401
13580,2,-0.4261610764187651,2024-5-401
13581,7,6.3001073624491255,2024-6-401
13582,1,10.389837231853866,2024-7-401
13583,14,10.732049839796705,2024-8-401
13584,0,5.222067403783602,2024-9-401
13585,2,2.31294081442356,2024-10-401
13586,0,5.562904869150875,2024-11-401
13587,0,2.952243761079718,2024-12-401
13588,2,12.816084908073387,2024-13-401
13589,0,0.936391098022046,2024-14-401
13590,1,4.575227718772119,2024-15-401
13591,0,0.3421520309262691,2024-16-401
13592,0,3.910056122588383,2024-17-401
13593,0,2.6509735486567507,2024-18-401
13594,0,0.8737864012872287,2024-19-401
13595,0,3.2026190597250013,2024-20-401
13596,5,1.32352728598622,2024-21-401
13597,0,1.5306730447762749,2024-22-401
13598,2,0.6455976295433192,2024-23-401
13599,1,2.3122468341493385,2024-24-401
13600,1,0.7782426490876477,2024-25-401
13601,2,6.301801838158376,2024-26-401
13602,3,0.9984709760718187,2024-27-401
13603,1,2.6917785528808955,2024-28-401
13604,4,2.2254267463682407,2024-29-401
13605,3,2.6436313148861412,2024-30-401
13606,0,2.0594556348095545,2024-31-401
13607,5,3.6000630109968506,2024-32-401
13608,4,2.7148711577510323,2024-33-401
13609,4,3.2583458278337427,2024-34-401
13610,0,2.6446648005437368,2024-35-401
13611,12,0.6962507821401256,2024-36-401
13612,7,3.494458330432746,2024-37-401
13613,8,3.032573137669463,2024-38-401
13614,3,4.001705633530965,2024-39-401
13615,8,0.3275037250335422,2024-40-401
13616,4,10.266931643949476,2024-41-401
13617,6,7.640715493688971,2024-42-401
13618,5,8.961368243037654,2024-43-401
13619,6,2.1014109365651255,2024-44-401
13620,2,6.6439633949538965,2024-45-401
13621,6,2.8619525253814877,2024-46-401
13622,2,5.03933564886834,2024-47-401
13623,3,2.854236078467139,2024-48-401
13624,6,3.865302208971939,2024-49-401
13625,4,0.8968811263951766,2024-50-401
13626,3,3.5480444361430594,2024-51-401
13627,0,-2.026620714063682,2024-52-401
13880,2,3.852995647825787,2024-1-402
13881,1,6.399046915193074,2024-2-402
13882,1,2.405775459029667,2024-3-402
13883,1,1.6956200684761404,2024-4-402
13884,1,2.007017037954153,2024-5-402
13885,2,3.8666802136346474,2024-6-402
13886,3,3.7418893013951515,2024-7-402
13887,1,3.677864583696169,2024-8-402
13888,1,2.9627642235904137,2024-9-402
13889,1,3.281489842247002,2024-10-402
13890,0,3.7522545642438847,2024-11-402
13891,0,5.090982943019723,2024-12-402
13892,0,2.4216108895225066,2024-13-402
13893,0,0.606168518921542,2024-14-402
13894,0,3.811625077516054,2024-15-402
13895,0,4.033487353045994,2024-16-402
13896,0,3.8765695924800117,2024-17-402
13897,0,1.3420786690507158,2024-18-402
13898,0,0.9104681989494186,2024-19-402
13899,0,2.448568912372625,2024-20-402
13900,0,1.8191787016753094,2024-21-402
13901,0,1.4045783444963464,2024-22-402
13902,2,0.9301835555090139,2024-23-402
13903,0,2.370414876837362,2024-24-402
13904,0,1.1169543333558831,2024-25-402
13905,0,2.144780686383408,2024-26-402
13906,1,0.44660042698427205,2024-27-402
13907,0,3.090551074493544,2024-28-402
13908,0,3.0489416617308844,2024-29-402
13909,3,1.7085307906932274,2024-30-402
13910,1,0.45139636583398124,2024-31-402
13911,1,1.6593503558783007,2024-32-402
13912,4,2.2078369402647082,2024-33-402
13913,0,0.7480033950870015,2024-34-402
13914,1,3.0630122055506095,2024-35-402
13915,1,2.2830668132394036,2024-36-402
13916,0,1.8968510478740446,2024-37-402
13917,3,2.7786609813030063,2024-38-402
13918,0,0.5557815573618479,2024-39-402
13919,0,1.5043471721970132,2024-40-402
13920,1,1.2311962987758978,2024-41-402
13921,0,0.802206799406199,2024-42-402
13922,1,3.143422835027352,2024-43-402
13923,1,1.8268595722633807,2024-44-402
13924,0,1.7061570089491658,2024-45-402
13925,0,1.2267146040376153,2024-46-402
13926,0,1.1748589008657175,2024-47-402
13927,0,0.5100313491279911,2024-48-402
13928,0,0.403323224542814,2024-49-402
13929,0,1.8877351933064923,2024-50-402
13930,0,2.191200010068197,2024-51-402
13931,0,-1.5984315420488957,2024-52-402
14184,2,4.600536088261859,2024-1-403
14185,2,2.674007860537819,2024-2-403
14186,2,2.1060918768292707,2024-3-403
14187,4,1.263166196253261,2024-4-403
14188,1,2.975356867567806,2024-5-403
14189,1,4.1429533188913945,2024-6-403
14190,0,4.4102256485012274,2024-7-403
14191,0,4.4727691813386565,2024-8-403
14192,0,5.5691901783544004,2024-9-403
14193,1,3.32816199317205,2024-10-403
14194,1,2.389493982209154,2024-11-403
14195,0,1.309803540159648,2024-12-403
14196,1,0.9040148973869693,2024-13-403
14197,0,-0.413253052576545,2024-14-403
14198,0,4.042061931147401,2024-15-403
14199,0,4.931448951442585,2024-16-403
14200,0,4.176420688851522,2024-17-403
14201,0,1.946598025437026,2024-18-403
14202,0,0.6768818888769683,2024-19-403
14203,0,2.1687700732351165,2024-20-403
14204,0,1.221731268690954,2024-21-403
14205,1,1.0338989285282016,2024-22-403
14206,0,0.6902330552307561,2024-23-403
14207,0,1.7031950843994175,2024-24-403
14208,0,0.5241782911109469,2024-25-403
14209,0,2.063032316673876,2024-26-403
14210,3,1.7433832288566373,2024-27-403
14211,1,1.4728376932548768,2024-28-403
14212,3,2.2136835538804243,2024-29-403
14213,0,1.4219649964757837,2024-30-403
14214,2,1.2493448340626052,2024-31-403
14215,2,3.551264729019019,2024-32-403
14216,2,3.0919472857138457,2024-33-403
14217,1,3.504923164714432,2024-34-403
14218,6,0.5890534347010346,2024-35-403
14219,4,2.4956344336596317,2024-36-403
14220,0,2.4084938722113076,2024-37-403
14221,0,2.771922996057577,2024-38-403
14222,1,1.232888387864651,2024-39-403
14223,0,5.767980919508515,2024-40-403
14224,0,5.123634974885508,2024-41-403
14225,0,1.286600869437589,2024-42-403
14226,2,-0.7604980501347844,2024-43-403
14227,0,0.8697718185981196,2024-44-403
14228,0,1.441488031961961,2024-45-403
14229,0,0.7834184481306861,2024-46-403
14230,1,0.3664873147337908,2024-47-403
14231,1,1.3136150639105089,2024-48-403
14232,0,0.22313695216423302,2024-49-403
14233,2,1.107222910936609,2024-50-403
14234,1,0.44503332098167725,2024-51-403
14235,0,-0.7271286075997363,2024-52-403
14488,2,3.317886668358314,2024-1-404
14489,5,2.3929550125900394,2024-2-404
14490,4,2.089058036199873,2024-3-404
14491,5,1.5472662476263903,2024-4-404
14492,2,3.110285701882436,2024-5-404
14493,3,4.110755969385234,2024-6-404
14494,4,7.192835760291411,2024-7-404
14495,3,7.050748939008363,2024-8-404
14496,2,6.908380489609423,2024-9-404
14497,0,3.7235820500547496,2024-10-404
14498,1,3.863405923023582,2024-11-404
14499,2,4.982061006504524,2024-12-404
14500,0,4.01215439266469,2024-13-404
14501,0,1.5213676140134247,2024-14-404
14502,1,2.7732025307094528,2024-15-404
14503,0,4.067491057267114,2024-16-404
14504,0,5.500158643790642,2024-17-404
14505,1,1.9444073573231193,2024-18-404
14506,0,0.5244943419576771,2024-19-404
14507,1,2.7065719187225623,2024-20-404
14508,0,1.983254613301888,2024-21-404
14509,0,1.3600990659936474,2024-22-404
14510,1,1.48432508393724,2024-23-404
14511,1,2.509605778174887,2024-24-404
14512,0,1.9219025182170992,2024-25-404
14513,0,2.0580447715437336,2024-26-404
14514,1,0.3679716758606002,2024-27-404
14515,2,1.8861960658553467,2024-28-404
14516,2,3.745877973773926,2024-29-404
14517,1,2.1084272225624323,2024-30-404
14518,1,0.8920934989297673,2024-31-404
14519,1,1.5012320426536585,2024-32-404
14520,1,3.979193639421558,2024-33-404
14521,3,3.0281865886760135,2024-34-404
14522,3,1.7791060675308612,2024-35-404
14523,1,1.2959236171655986,2024-36-404
14524,1,1.3709438410846908,2024-37-404
14525,1,0.7419953001534929,2024-38-404
14526,3,2.590935049650067,2024-39-404
14527,1,3.909593995488006,2024-40-404
14528,2,2.39935204037835,2024-41-404
14529,4,0.7804926622388955,2024-42-404
14530,1,1.0668437968482207,2024-43-404
14531,1,3.9837502265457543,2024-44-404
14532,0,2.873225132219736,2024-45-404
14533,2,2.8186584081121944,2024-46-404
14534,2,3.9617905171344843,2024-47-404
14535,4,0.8890477887398514,2024-48-404
14536,0,-0.0353189775448044,2024-49-404
14537,2,0.804288004622006,2024-50-404
14538,1,4.338168538845741,2024-51-404
14539,0,0.8294495764081846,2024-52-404
14792,0,2.4173561132153623,2024-1-405
14793,3,5.4287025470899986,2024-2-405
14794,8,4.396992042310517,2024-3-405
14795,0,2.1582457385066465,2024-4-405
14796,3,2.233164470707699,2024-5-405
14797,1,1.8554734484231057,2024-6-405
14798,0,4.884176179804516,2024-7-405
14799,1,9.94354077217984,2024-8-405
14800,1,3.9927312549006198,2024-9-405
14801,0,4.083162519358926,2024-10-405
14802,0,1.305920508044435,2024-11-405
14803,0,2.4933651598667113,2024-12-405
14804,0,1.3055665514436845,2024-13-405
14805,0,0.8234537659212142,2024-14-405
14806,0,3.559225497396846,2024-15-405
14807,0,3.671112274733251,2024-16-405
14808,0,3.801579316831357,2024-17-405
14809,0,1.5193518633737269,2024-18-405
14810,0,0.8433028214472502,2024-19-405
14811,0,2.3081890734406154,2024-20-405
14812,0,1.6571170495684693,2024-21-405
14813,0,1.1482121031919994,2024-22-405
14814,1,0.8055272434406415,2024-23-405
14815,0,1.9216165886111483,2024-24-405
14816,0,0.7827668823603195,2024-25-405
14817,0,2.1521848368072414,2024-26-405
14818,0,0.8386037216627682,2024-27-405
14819,0,1.8444204380882772,2024-28-405
14820,0,2.435710899564846,2024-29-405
14821,0,2.0787576935436567,2024-30-405
14822,0,1.2788042730900409,2024-31-405
14823,0,0.8910808649510562,2024-32-405
14824,0,2.014685509512621,2024-33-405
14825,0,1.2449111560988353,2024-34-405
14826,0,0.878978401881978,2024-35-405
14827,0,0.9402045537151125,2024-36-405
14828,0,0.7426334926383911,2024-37-405
14829,0,0.18195167333456475,2024-38-405
14830,0,0.4820537561763434,2024-39-405
14831,0,1.1848345808157903,2024-40-405
14832,1,0.8194518204324313,2024-41-405
14833,0,0.5827667615930854,2024-42-405
14834,0,0.8816922967182861,2024-43-405
14835,0,1.1532859287860338,2024-44-405
14836,0,1.348779730094604,2024-45-405
14837,0,2.2350692310116385,2024-46-405
14838,0,1.120731292279216,2024-47-405
14839,0,-1.0728434676706695,2024-48-405
14840,0,-1.297694783017453,2024-49-405
14841,0,1.1690514156027394,2024-50-405
14842,0,1.2384512686409783,2024-51-405
14843,0,-1.981709156891133,2024-52-405
15096,1,1.9626185602683268,2024-1-406
15097,0,2.691564916800189,2024-2-406
15098,0,2.6310583014695,2024-3-406
15099,0,2.000357909479133,2024-4-406
15100,0,3.0938367645334792,2024-5-406
15101,0,3.076311855853753,2024-6-406
15102,1,2.392357338660238,2024-7-406
15103,0,2.3465953150854015,2024-8-406
15104,0,2.100689565865024,2024-9-406
15105,0,2.391014828421619,2024-10-406
15106,0,1.9496488346663052,2024-11-406
15107,0,3.145149126041713,2024-12-406
15108,0,1.4903767326526118,2024-13-406
15109,0,-0.05985571648679855,2024-14-406
15110,0,2.9425475744042933,2024-15-406
15111,0,3.913300411158906,2024-16-406
15112,0,4.01690775719512,2024-17-406
15113,0,1.5000051671913732,2024-18-406
15114,0,0.82204726703426,2024-19-406
15115,0,2.319171469975841,2024-20-406
15116,0,1.6536250354591058,2024-21-406
15117,0,1.1597801193501636,2024-22-406
15118,0,0.7029013136028941,2024-23-406
15119,1,1.7251052222283674,2024-24-406
15120,0,0.5308296874265128,2024-25-406
15121,0,2.078245285301258,2024-26-406
15122,2,0.8516833662297647,2024-27-406
15123,0,1.0064061592035958,2024-28-406
15124,0,2.9137214576292156,2024-29-406
15125,0,1.8580215315695583,2024-30-406
15126,1,1.412319597579694,2024-31-406
15127,0,2.2867243727480195,2024-32-406
15128,2,2.3465359428478503,2024-33-406
15129,0,1.0554180947367637,2024-34-406
15130,0,0.23150248124181605,2024-35-406
15131,1,1.1497020609117676,2024-36-406
15132,0,0.5715998827800606,2024-37-406
15133,0,2.0661343728720656,2024-38-406
15134,0,0.9748867661914153,2024-39-406
15135,0,1.0199102936013502,2024-40-406
15136,0,1.1012731416484085,2024-41-406
15137,0,0.8106353334350485,2024-42-406
15138,0,0.8776264029576621,2024-43-406
15139,0,0.9866590283952692,2024-44-406
15140,0,1.4622305473888242,2024-45-406
15141,0,1.2376075814238225,2024-46-406
15142,0,0.743628720170066,2024-47-406
15143,0,-0.705588762693568,2024-48-406
15144,0,-0.7267276680065087,2024-49-406
15145,1,0.789069233323155,2024-50-406
15146,0,1.857513127361047,2024-51-406
15147,0,-0.6312248039533692,2024-52-406
15400,6,8.282405512519228,2024-1-407
15401,3,4.024728081799074,2024-2-407
15402,2,5.667317897754954,2024-3-407
15403,4,1.2029294820235148,2024-4-407
15404,4,1.987312825578396,2024-5-407
15405,2,6.1043190951620945,2024-6-407
15406,1,5.726697511881882,2024-7-407
15407,1,4.531785511368384,2024-8-407
15408,1,4.319591201201313,2024-9-407
15409,1,5.5700535932331015,2024-10-407
15410,1,3.794363136100799,2024-11-407
15411,0,2.225842928439721,2024-12-407
15412,0,0.950625300441704,2024-13-407
15413,2,0.2750816938451548,2024-14-407
15414,1,3.8372282099895383,2024-15-407
15415,0,4.575858449654207,2024-16-407
15416,1,3.8935214001372325,2024-17-407
15417,0,0.9783293484317612,2024-18-407
15418,0,2.173698017359219,2024-19-407
15419,0,3.450984342057882,2024-20-407
15420,0,1.6413058128904816,2024-21-407
15421,0,1.3966822779521022,2024-22-407
15422,0,0.627938576691716,2024-23-407
15423,1,2.0897897895558337,2024-24-407
15424,2,0.5989275166844164,2024-25-407
15425,4,2.288788940274723,2024-26-407
15426,4,0.7612502617814099,2024-27-407
15427,5,0.893552361767032,2024-28-407
15428,1,2.7308288975101536,2024-29-407
15429,3,3.5824936492641277,2024-30-407
15430,3,4.981459369160038,2024-31-407
15431,4,4.811830572482288,2024-32-407
15432,1,6.209863738710816,2024-33-407
15433,10,1.2420028475228906,2024-34-407
15434,3,2.0602806134534033,2024-35-407
15435,3,2.7276747127439833,2024-36-407
15436,3,4.650828261854624,2024-37-407
15437,5,1.125133313510732,2024-38-407
15438,0,8.287802407243287,2024-39-407
15439,3,4.422495772751109,2024-40-407
15440,3,3.397326469628638,2024-41-407
15441,2,0.7829427619079357,2024-42-407
15442,3,4.817762157475425,2024-43-407
15443,3,1.2037532025262443,2024-44-407
15444,3,2.9173568729677277,2024-45-407
15445,4,2.862888840826901,2024-46-407
15446,0,3.119163564621511,2024-47-407
15447,1,1.3352789979796817,2024-48-407
15448,0,1.259682271662464,2024-49-407
15449,2,4.197599243121946,2024-50-407
15450,2,5.511785350951456,2024-51-407
15451,1,-0.799624834585281,2024-52-407
15704,2,16.086341700199455,2024-1-408
15705,4,7.425490993346283,2024-2-408
15706,9,9.099712496019292,2024-3-408
15707,1,-1.454092405409917,2024-4-408
15708,9,1.5103530502705638,2024-5-408
15709,4,1.5306915242208712,2024-6-408
15710,0,6.010291553884834,2024-7-408
15711,3,10.754792466986022,2024-8-408
15712,3,4.158566023276948,2024-9-408
15713,2,8.84619736062309,2024-10-408
15714,1,4.531224652645285,2024-11-408
15715,1,2.448481570965672,2024-12-408
15716,1,1.0359168032461374,2024-13-408
15717,1,1.8895088231575796,2024-14-408
15718,3,5.344353323624433,2024-15-408
15719,4,4.099784894098887,2024-16-408
15720,1,4.055435075008665,2024-17-408
15721,0,1.6894567540987036,2024-18-408
15722,0,1.3513040628653739,2024-19-408
15723,0,4.533007356847041,2024-20-408
15724,0,5.117393137292748,2024-21-408
15725,0,2.4160141010452394,2024-22-408
15726,0,-0.0075091238951965344,2024-23-408
15727,0,0.6603457474531824,2024-24-408
15728,1,0.3465810929028388,2024-25-408
15729,1,2.170783484123525,2024-26-408
15730,0,0.6880230419465727,2024-27-408
15731,2,1.1316650175600644,2024-28-408
15732,4,2.0159491667550844,2024-29-408
15733,7,2.452543751260951,2024-30-408
15734,3,2.0822705016660263,2024-31-408
15735,6,1.0233320148250762,2024-32-408
15736,7,2.8047542920931843,2024-33-408
15737,11,3.925364813701634,2024-34-408
15738,9,7.115051500422224,2024-35-408
15739,5,3.975954103427406,2024-36-408
15740,4,5.162445607518306,2024-37-408
15741,11,5.545421307194688,2024-38-408
15742,2,10.255343145838152,2024-39-408
15743,2,8.964940367771455,2024-40-408
15744,0,4.363734239786299,2024-41-408
15745,1,1.4153437777457574,2024-42-408
15746,1,8.479419028800658,2024-43-408
15747,0,3.562022516841175,2024-44-408
15748,0,1.892123549807897,2024-45-408
15749,1,-1.8992864914247574,2024-46-408
15750,0,1.016690170298029,2024-47-408
15751,0,-0.2044619870310851,2024-48-408
15752,0,-0.865211123865707,2024-49-408
15753,1,0.11581765934243204,2024-50-408
15754,0,2.154534378507061,2024-51-408
15755,1,-0.8553855836608544,2024-52-408
16008,3,3.3034883835390425,2024-1-409
16009,1,2.0595263577929375,2024-2-409
16010,1,1.4138336966585239,2024-3-409
16011,0,1.1015208407136652,2024-4-409
16012,1,2.5849905839833127,2024-5-409
16013,1,4.662872175437997,2024-6-409
16014,0,3.3536677518929703,2024-7-409
16015,1,2.9843521538740245,2024-8-409
16016,0,1.3156352466099146,2024-9-409
16017,0,2.579629385224634,2024-10-409
16018,0,2.4081733051441683,2024-11-409
16019,0,2.1330036825820144,2024-12-409
16020,1,1.4852086545866563,2024-13-409
16021,0,-0.4775955942036667,2024-14-409
16022,0,2.909285175748274,2024-15-409
16023,0,3.313005484505974,2024-16-409
16024,0,3.665327079988868,2024-17-409
16025,0,1.9544090787745154,2024-18-409
16026,0,0.769430488576746,2024-19-409
16027,0,1.9312797232396504,2024-20-409
16028,0,0.9761750532195386,2024-21-409
16029,1,0.8136516205157416,2024-22-409
16030,0,0.43754135818583606,2024-23-409
16031,0,1.4197055745160478,2024-24-409
16032,0,0.21430370722455994,2024-25-409
16033,0,1.8133962508597894,2024-26-409
16034,1,1.4480856348905689,2024-27-409
16035,0,1.1460841937242008,2024-28-409
16036,0,1.887781002292412,2024-29-409
16037,0,1.127806171027935,2024-30-409
16038,1,0.9607088093787728,2024-31-409
16039,1,1.4781080650843612,2024-32-409
16040,1,1.4958752320688076,2024-33-409
16041,2,0.4214734356014036,2024-34-409
16042,3,0.25001354366668416,2024-35-409
16043,2,1.6028614394549574,2024-36-409
16044,1,1.8453494859414459,2024-37-409
16045,0,1.379448207349748,2024-38-409
16046,3,1.8506930162187523,2024-39-409
16047,2,3.3494300848800145,2024-40-409
16048,1,2.714014675029839,2024-41-409
16049,0,1.1520348902765742,2024-42-409
16050,1,-0.03758987972363759,2024-43-409
16051,2,2.7832742437100317,2024-44-409
16052,0,2.9067083239346347,2024-45-409
16053,0,1.601302978513434,2024-46-409
16054,2,-0.4839330101305892,2024-47-409
16055,1,-0.4499191764586734,2024-48-409
16056,0,1.2932910731325402,2024-49-409
16057,1,1.212737035564025,2024-50-409
16058,0,0.33167503064795856,2024-51-409
16059,0,-0.7599309928353364,2024-52-409
16312,19,23.946691719288772,2024-1-410
16313,15,27.395134134699894,2024-2-410
16314,14,22.777004350310563,2024-3-410
16315,15,3.9724281671313424,2024-4-410
16316,14,-4.820774536616263,2024-5-410
16317,13,11.867259602073455,2024-6-410
16318,7,19.095952055571917,2024-7-410
16319,6,19.467486944264245,2024-8-410
16320,4,13.33323194500889,2024-9-410
16321,12,13.338981278108868,2024-10-410
16322,13,12.374325277770133,2024-11-410
16323,10,7.13149253647614,2024-12-410
16324,5,4.521234908892444,2024-13-410
16325,4,2.0028041495798456,2024-14-410
16326,8,13.553072776807243,2024-15-410
16327,5,17.27971912433399,2024-16-410
16328,2,14.490139115456254,2024-17-410
16329,6,5.1006322220458244,2024-18-410
16330,3,1.8059049309206654,2024-19-410
16331,3,7.852106727659981,2024-20-410
16332,7,6.927986500236306,2024-21-410
16333,2,3.1313644601459476,2024-22-410
16334,3,4.256255960802303,2024-23-410
16335,7,4.586528726586285,2024-24-410
16336,2,3.9778633296285295,2024-25-410
16337,2,7.659394210735734,2024-26-410
16338,5,4.784421586690447,2024-27-410
16339,7,4.868161240078295,2024-28-410
16340,5,8.541807176662005,2024-29-410
16341,2,5.255532491953444,2024-30-410
16342,7,3.37262236702134,2024-31-410
16343,5,4.955857147372715,2024-32-410
16344,9,10.455542276151457,2024-33-410
16345,9,8.042493591660337,2024-34-410
16346,7,2.9314971076495193,2024-35-410
16347,5,5.386527412898546,2024-36-410
16348,7,5.302158088613348,2024-37-410
16349,12,7.77220986506482,2024-38-410
16350,4,7.907850606801556,2024-39-410
16351,4,8.342843973272643,2024-40-410
16352,2,4.429450404646069,2024-41-410
16353,2,5.433616048825732,2024-42-410
16354,2,11.5279579866899,2024-43-410
16355,5,7.014840460644261,2024-44-410
16356,11,4.172559813607025,2024-45-410
16357,6,1.1895563616864522,2024-46-410
16358,7,2.754287330413711,2024-47-410
16359,5,1.46648095975461,2024-48-410
16360,1,3.8318134057887683,2024-49-410
16361,6,12.322300871360556,2024-50-410
16362,5,11.013383929598547,2024-51-410
16363,3,5.946251392891835,2024-52-410
16616,18,59.43786738531244,2024-1-501
16617,9,22.14889552057375,2024-2-501
16618,8,11.931805324652036,2024-3-501
16619,8,-18.366609087229524,2024-4-501
16620,5,-12.08848514448123,2024-5-501
16621,6,12.737068175529828,2024-6-501
16622,0,14.32583057722944,2024-7-501
16623,6,11.436571804420915,2024-8-501
16624,2,6.331242151487218,2024-9-501
16625,0,6.542547242542413,2024-10-501
16626,0,6.549424562241962,2024-11-501
16627,0,1.7974168957528982,2024-12-501
16628,1,5.398492805652087,2024-13-501
16629,2,4.108541904111586,2024-14-501
16630,0,2.654371073030436,2024-15-501
16631,0,0.807761317223767,2024-16-501
16632,2,1.3694872591447256,2024-17-501
16633,1,3.70708713018479,2024-18-501
16634,0,3.48221312475129,2024-19-501
16635,0,2.9632799531809115,2024-20-501
16636,2,1.477346074285631,2024-21-501
16637,0,2.8632888870466187,2024-22-501
16638,6,2.270576394168868,2024-23-501
16639,2,2.3984192069990553,2024-24-501
16640,1,1.5825174331375647,2024-25-501
16641,1,4.682098659402984,2024-26-501
16642,2,1.737674982384078,2024-27-501
16643,2,7.620406547131099,2024-28-501
16644,3,6.5571319832735195,2024-29-501
16645,1,4.470532415388163,2024-30-501
16646,3,0.6730101279155969,2024-31-501
16647,1,2.3679830558280313,2024-32-501
16648,0,3.257799378823702,2024-33-501
16649,1,4.211246667012754,2024-34-501
16650,0,2.5517269602144306,2024-35-501
16651,0,4.139817190205158,2024-36-501
16652,0,1.7487310220354582,2024-37-501
16653,0,1.089235611549181,2024-38-501
16654,4,1.2935898233268437,2024-39-501
16655,2,0.8760619906138483,2024-40-501
16656,7,1.463282730277,2024-41-501
16657,7,1.6377569481624492,2024-42-501
16658,1,1.6261939425415792,2024-43-501
16659,0,4.359365344929884,2024-44-501
16660,2,5.181328757742942,2024-45-501
16661,0,8.634056426731425,2024-46-501
16662,1,7.79700137976139,2024-47-501
16663,0,2.4973594743257106,2024-48-501
16664,3,-1.2063331000110096,2024-49-501
16665,0,1.5502153810448835,2024-50-501
16666,1,1.6736337309618978,2024-51-501
16667,1,0.3854149135623417,2024-52-501
16920,30,50.642751791776945,2024-1-502
16921,18,29.196470150957865,2024-2-502
16922,10,47.660034314675926,2024-3-502
16923,6,18.922849157129722,2024-4-502
16924,8,-2.969572295686851,2024-5-502
16925,1,12.09060250271286,2024-6-502
16926,3,17.942645748961617,2024-7-502
16927,4,12.804980863673313,2024-8-502
16928,1,1.677644006138989,2024-9-502
16929,3,6.016426451685865,2024-10-502
16930,4,2.7198211858589727,2024-11-502
16931,1,4.376829801242625,2024-12-502
16932,1,3.8149885569059405,2024-13-502
16933,1,4.400921470352218,2024-14-502
16934,3,4.721815958045422,2024-15-502
16935,1,5.89819472950701,2024-16-502
16936,0,3.8439776478672187,2024-17-502
16937,0,3.350253210255552,2024-18-502
16938,1,2.5001560418890336,2024-19-502
16939,0,5.4538893868486324,2024-20-502
16940,0,3.3795137943505438,2024-21-502
16941,3,1.9991646957283185,2024-22-502
16942,6,0.9807356868728521,2024-23-502
16943,3,3.658655545801444,2024-24-502
16944,10,3.067071952579085,2024-25-502
16945,3,3.5761950293961116,2024-26-502
16946,5,3.888646535735827,2024-27-502
16947,3,8.405617327299689,2024-28-502
16948,2,7.273248097739025,2024-29-502
16949,3,11.464912521822006,2024-30-502
16950,2,4.74154293225772,2024-31-502
16951,2,5.0666690328372015,2024-32-502
16952,0,1.7108691541468144,2024-33-502
16953,0,3.1932765899362225,2024-34-502
16954,6,4.374758876050999,2024-35-502
16955,5,4.192640641141841,2024-36-502
16956,3,2.875375529682214,2024-37-502
16957,2,0.7891454143250853,2024-38-502
16958,10,0.8936185175429241,2024-39-502
16959,1,5.991213740116378,2024-40-502
16960,3,7.41437085538522,2024-41-502
16961,2,5.554895912358941,2024-42-502
16962,2,2.1089757072678577,2024-43-502
16963,4,9.076275972674301,2024-44-502
16964,0,4.977158361040662,2024-45-502
16965,0,3.9804668443919553,2024-46-502
16966,4,0.2640477572783455,2024-47-502
16967,0,2.252804061631118,2024-48-502
16968,3,5.0219999069321055,2024-49-502
16969,1,4.194492424572122,2024-50-502
16970,0,1.6161826902444025,2024-51-502
16971,1,0.83543262042937,2024-52-502
17224,4,50.89005554614139,2024-1-503
17225,3,46.288536580874045,2024-2-503
17226,2,41.85036474900863,2024-3-503
17227,3,24.904270690538976,2024-4-503
17228,1,2.8196611309005255,2024-5-503
17229,3,-3.7795179298093244,2024-6-503
17230,2,-4.556139307302207,2024-7-503
17231,2,0.6978499701291496,2024-8-503
17232,1,5.072949562282105,2024-9-503
17233,4,3.670888021264473,2024-10-503
17234,0,5.483700704952453,2024-11-503
17235,2,4.956610220033454,2024-12-503
17236,1,3.773644623893729,2024-13-503
17237,1,3.3568424913502604,2024-14-503
17238,0,5.760567500026321,2024-15-503
17239,1,3.266823366562235,2024-16-503
17240,0,3.8486803352314207,2024-17-503
17241,1,3.039956611391391,2024-18-503
17242,1,3.5229467251224458,2024-19-503
17243,2,2.3897927386774818,2024-20-503
17244,2,2.613626082470539,2024-21-503
17245,2,1.832874529385008,2024-22-503
17246,6,2.5156521446310287,2024-23-503
17247,6,3.8016648904712413,2024-24-503
17248,5,5.067690574345903,2024-25-503
17249,4,5.261357998003934,2024-26-503
17250,2,3.019024047107125,2024-27-503
17251,3,7.3399369393130875,2024-28-503
17252,4,9.408793034922043,2024-29-503
17253,3,7.846387335381403,2024-30-503
17254,2,4.2544690548367985,2024-31-503
17255,6,1.9470615024026652,2024-32-503
17256,10,2.9980582128396467,2024-33-503
17257,2,4.2389807940437425,2024-34-503
17258,2,5.092204834521775,2024-35-503
17259,3,4.273346841982074,2024-36-503
17260,2,6.3238537362632465,2024-37-503
17261,4,10.01760574778012,2024-38-503
17262,1,4.3755681043638885,2024-39-503
17263,6,1.3398625591241173,2024-40-503
17264,2,1.2171680796194346,2024-41-503
17265,4,3.6317458069509803,2024-42-503
17266,4,4.9857529217316685,2024-43-503
17267,4,1.6005233758883486,2024-44-503
17268,6,7.283830622838325,2024-45-503
17269,5,4.018745092741424,2024-46-503
17270,6,5.000697018024719,2024-47-503
17271,3,3.2304049823059846,2024-48-503
17272,12,4.964791233994525,2024-49-503
17273,4,9.240906529463768,2024-50-503
17274,4,9.552949071720942,2024-51-503
17275,4,5.00039046384088,2024-52-503
17528,9,14.245861422417189,2024-1-504
17529,9,16.852269477181473,2024-2-504
17530,6,17.904444859221318,2024-3-504
17531,5,10.708718888687006,2024-4-504
17532,1,0.895454520411175,2024-5-504
17533,1,6.599817207758934,2024-6-504
17534,2,9.25747867280624,2024-7-504
17535,2,8.952101268388827,2024-8-504
17536,1,6.358406029491459,2024-9-504
17537,0,2.9298407330371377,2024-10-504
17538,0,2.328605206250965,2024-11-504
17539,1,3.7251176422588967,2024-12-504
17540,0,4.021364424185528,2024-13-504
17541,0,4.204189329957019,2024-14-504
17542,0,2.3210675592703858,2024-15-504
17543,1,2.216724364573457,2024-16-504
17544,0,2.9177930584239706,2024-17-504
17545,0,3.4444501420865414,2024-18-504
17546,0,1.7535120641192083,2024-19-504
17547,0,2.813610060901973,2024-20-504
17548,0,3.2998004610862837,2024-21-504
17549,0,2.3406754646265124,2024-22-504
17550,1,1.266688022441444,2024-23-504
17551,1,1.9935184625199804,2024-24-504
17552,0,2.169517141599071,2024-25-504
17553,0,3.4532301401800285,2024-26-504
17554,0,2.1239020410809735,2024-27-504
17555,2,4.232826292183473,2024-28-504
17556,0,5.313256150016969,2024-29-504
17557,0,3.6333268543669774,2024-30-504
17558,1,2.4485901852590697,2024-31-504
17559,3,1.4912456739587399,2024-32-504
17560,0,2.5505679909596135,2024-33-504
17561,1,0.815376411882875,2024-34-504
17562,1,1.0111063257262716,2024-35-504
17563,0,2.7647823929626982,2024-36-504
17564,1,5.652022401232481,2024-37-504
17565,0,2.713754088810173,2024-38-504
17566,1,1.6887171043094469,2024-39-504
17567,0,1.0941098636735465,2024-40-504
17568,1,1.8904457131325125,2024-41-504
17569,0,2.7281183308168133,2024-42-504
17570,0,1.6005578675896868,2024-43-504
17571,0,2.074240443590113,2024-44-504
17572,2,3.1752363245636457,2024-45-504
17573,1,3.270224960537047,2024-46-504
17574,0,0.9693955070986462,2024-47-504
17575,1,0.6679288116830131,2024-48-504
17576,1,0.7159891500081468,2024-49-504
17577,0,4.205640284456028,2024-50-504
17578,0,4.399004905362615,2024-51-504
17579,0,1.6139370827844388,2024-52-504
17832,3,42.693272653985055,2024-1-505
17833,5,32.786735079463874,2024-2-505
17834,5,11.69831264633119,2024-3-505
17835,4,-10.581394331467285,2024-4-505
17836,2,-10.216501561057143,2024-5-505
17837,4,2.4952437229578495,2024-6-505
17838,3,8.072245805462854,2024-7-505
17839,3,8.46339310225167,2024-8-505
17840,1,6.771765490310774,2024-9-505
17841,4,4.210482859253112,2024-10-505
17842,4,5.568241555648001,2024-11-505
17843,4,5.446167366690837,2024-12-505
17844,2,4.378573989138873,2024-13-505
17845,3,3.1114219130258904,2024-14-505
17846,4,5.458159430555133,2024-15-505
17847,2,6.150511261467957,2024-16-505
17848,0,6.184840390252721,2024-17-505
17849,1,3.9556246281029086,2024-18-505
17850,0,3.8780762451507265,2024-19-505
17851,0,5.425529198763087,2024-20-505
17852,3,3.6761781700089466,2024-21-505
17853,0,1.1325626101947015,2024-22-505
17854,3,0.9318466734185815,2024-23-505
17855,1,2.0285905169238463,2024-24-505
17856,0,2.7683416690340192,2024-25-505
17857,2,5.865350047891087,2024-26-505
17858,3,1.7096325812709232,2024-27-505
17859,4,4.412384068710676,2024-28-505
17860,1,4.613330746483889,2024-29-505
17861,1,4.004317731819552,2024-30-505
17862,1,3.0187776072270913,2024-31-505
17863,3,3.508564251614486,2024-32-505
17864,0,5.416038811096627,2024-33-505
17865,0,2.014821308227444,2024-34-505
17866,0,1.9589972679159267,2024-35-505
17867,1,2.2194698414869896,2024-36-505
17868,1,4.018413254383099,2024-37-505
17869,2,1.5391709367540354,2024-38-505
17870,1,1.297854513410423,2024-39-505
17871,1,0.19927451815610553,2024-40-505
17872,3,2.629262711908468,2024-41-505
17873,2,3.31756821076099,2024-42-505
17874,1,3.9363468486343027,2024-43-505
17875,1,2.650298872669486,2024-44-505
17876,0,4.064158879624317,2024-45-505
17877,1,4.3868936438907,2024-46-505
17878,0,3.215644341215172,2024-47-505
17879,0,1.7183708876759294,2024-48-505
17880,0,1.3304072390753863,2024-49-505
17881,5,1.6673245878817105,2024-50-505
17882,0,3.2129608788967134,2024-51-505
17883,3,-0.17307767485156544,2024-52-505
18136,24,31.311381201330097,2024-1-506
18137,17,41.93739426238788,2024-2-506
18138,10,34.504533997873175,2024-3-506
18139,10,-1.0267818136845892,2024-4-506
18140,10,-14.141577914934075,2024-5-506
18141,3,14.164590957003941,2024-6-506
18142,8,22.778768934550886,2024-7-506
18143,3,14.836746219860203,2024-8-506
18144,0,6.9133735782769286,2024-9-506
18145,0,9.104068509115454,2024-10-506
18146,0,4.58523917285606,2024-11-506
18147,3,7.67948044168052,2024-12-506
18148,0,3.3317292331811403,2024-13-506
18149,0,2.692148435212811,2024-14-506
18150,2,0.4412116966428066,2024-15-506
18151,0,1.8323058263638499,2024-16-506
18152,0,4.945088222334455,2024-17-506
18153,0,3.6465470796645696,2024-18-506
18154,1,1.7352837077922607,2024-19-506
18155,4,3.8658890034262177,2024-20-506
18156,5,2.7705087796312236,2024-21-506
18157,7,1.9768715163927721,2024-22-506
18158,10,0.9401297330044014,2024-23-506
18159,3,3.3528105926490683,2024-24-506
18160,4,5.817138314107625,2024-25-506
18161,1,8.670082036983391,2024-26-506
18162,1,8.573930862886455,2024-27-506
18163,2,11.225334626479896,2024-28-506
18164,9,6.793776118626813,2024-29-506
18165,4,5.928150801375557,2024-30-506
18166,5,2.023875812719739,2024-31-506
18167,1,1.4625451977252788,2024-32-506
18168,4,1.1859355443015425,2024-33-506
18169,7,9.308511694960352,2024-34-506
18170,8,7.338079019563377,2024-35-506
18171,5,6.803861190061781,2024-36-506
18172,5,1.0134423598862812,2024-37-506
18173,11,3.869742228692959,2024-38-506
18174,3,7.079326514767205,2024-39-506
18175,5,9.193246809447405,2024-40-506
18176,6,6.22280170783803,2024-41-506
18177,6,5.080445942288769,2024-42-506
18178,3,9.850584114992898,2024-43-506
18179,3,4.672579414234745,2024-44-506
18180,2,6.400424684424204,2024-45-506
18181,3,5.517687666581356,2024-46-506
18182,4,7.069660836664089,2024-47-506
18183,6,3.1238817283795335,2024-48-506
18184,6,2.223254784808775,2024-49-506
18185,3,2.9543540091283007,2024-50-506
18186,0,4.273751543335927,2024-51-506
18187,0,3.301677908246707,2024-52-506
18440,38,44.008997073405354,2024-1-507
18441,24,38.76404793958806,2024-2-507
18442,14,45.33798217495927,2024-3-507
18443,29,37.4675013794702,2024-4-507
18444,27,9.396213689823496,2024-5-507
18445,15,23.92190467990452,2024-6-507
18446,11,16.836141590250328,2024-7-507
18447,8,15.326066867097415,2024-8-507
18448,3,19.98863752223376,2024-9-507
18449,3,25.335868773292116,2024-10-507
18450,2,16.976152315961144,2024-11-507
18451,2,7.078251457060824,2024-12-507
18452,0,3.11972218138662,2024-13-507
18453,2,2.722415341336828,2024-14-507
18454,0,2.7633782931833366,2024-15-507
18455,0,2.6728115196435898,2024-16-507
18456,0,3.7972461115800744,2024-17-507
18457,0,2.27431095262107,2024-18-507
18458,0,3.3247562451422987,2024-19-507
18459,2,2.7209842029239732,2024-20-507
18460,0,2.057369211099262,2024-21-507
18461,0,1.2776429618337368,2024-22-507
18462,0,1.330077502220953,2024-23-507
18463,1,2.5136362193855963,2024-24-507
18464,1,4.36541466713352,2024-25-507
18465,1,4.166465029568234,2024-26-507
18466,0,1.7042985307634875,2024-27-507
18467,1,2.0921613639505363,2024-28-507
18468,4,5.196962463333382,2024-29-507
18469,0,5.910975777581937,2024-30-507
18470,1,4.508952999116353,2024-31-507
18471,0,0.8354576786001306,2024-32-507
18472,0,0.7738743312542278,2024-33-507
18473,1,5.319840057071501,2024-34-507
18474,1,3.4520305754492564,2024-35-507
18475,1,2.94233217625729,2024-36-507
18476,1,0.7492029550736015,2024-37-507
18477,0,1.6398177799292757,2024-38-507
18478,3,1.8923698521968515,2024-39-507
18479,4,2.047770254330837,2024-40-507
18480,2,2.5742461583829686,2024-41-507
18481,1,2.510760122254224,2024-42-507
18482,5,1.6691363698267754,2024-43-507
18483,4,3.437695612892886,2024-44-507
18484,4,6.390297668058662,2024-45-507
18485,2,5.089142549145484,2024-46-507
18486,1,2.161791725016117,2024-47-507
18487,2,4.664066865549728,2024-48-507
18488,2,4.502147431711387,2024-49-507
18489,1,5.485879126062767,2024-50-507
18490,1,2.7810184221695216,2024-51-507
18491,1,0.23286832270055324,2024-52-507
18744,2,10.218202839370635,2024-1-508
18745,6,20.701751805895785,2024-2-508
18746,2,9.251728173477728,2024-3-508
18747,3,-1.4027943557151086,2024-4-508
18748,0,-7.378666030702128,2024-5-508
18749,0,2.73955604489596,2024-6-508
18750,0,9.693250927832157,2024-7-508
18751,1,7.01845916444893,2024-8-508
18752,0,5.474891975561096,2024-9-508
18753,1,2.1106932744833253,2024-10-508
18754,1,2.270579095289086,2024-11-508
18755,0,2.1399134277386604,2024-12-508
18756,0,2.809327865727479,2024-13-508
18757,0,3.344408381746931,2024-14-508
18758,0,3.5916228987151264,2024-15-508
18759,0,3.3814033237891388,2024-16-508
18760,0,2.549288571916775,2024-17-508
18761,0,2.7219404418702497,2024-18-508
18762,0,1.2801629268256751,2024-19-508
18763,0,2.89796060801733,2024-20-508
18764,0,2.394321806735006,2024-21-508
18765,0,2.007046150427346,2024-22-508
18766,0,1.0808704666150444,2024-23-508
18767,2,2.031465529418528,2024-24-508
18768,1,2.3632253556664096,2024-25-508
18769,0,3.8453064825819134,2024-26-508
18770,0,1.355318793783417,2024-27-508
18771,0,2.037990670649193,2024-28-508
18772,1,5.147796089574447,2024-29-508
18773,1,4.116431264786848,2024-30-508
18774,3,2.4568834598436666,2024-31-508
18775,1,0.9583050594089366,2024-32-508
18776,3,0.7124757574346754,2024-33-508
18777,7,2.5997750457823283,2024-34-508
18778,1,2.806156636456288,2024-35-508
18779,4,4.258407942300622,2024-36-508
18780,1,2.00858163640314,2024-37-508
18781,4,3.429098703266691,2024-38-508
18782,9,7.14589251053447,2024-39-508
18783,5,2.6882375818347453,2024-40-508
18784,9,3.605783709499764,2024-41-508
18785,3,1.1747537878637884,2024-42-508
18786,5,4.661803549081093,2024-43-508
18787,3,8.434115245881165,2024-44-508
18788,4,8.35166611713513,2024-45-508
18789,4,9.280188191622798,2024-46-508
18790,3,2.6374096341332187,2024-47-508
18791,3,3.4321664339182725,2024-48-508
18792,1,1.5525869732933002,2024-49-508
18793,2,5.5340907983065675,2024-50-508
18794,0,4.829960600747727,2024-51-508
18795,1,1.2695811549568465,2024-52-508
19048,6,9.537439160246121,2024-1-509
19049,2,2.9447852765772256,2024-2-509
19050,3,8.440660871899084,2024-3-509
19051,4,2.9289187880801,2024-4-509
19052,1,0.9358461539435181,2024-5-509
19053,1,7.119083591055639,2024-6-509
19054,0,5.689021259130497,2024-7-509
19055,1,5.232702344411695,2024-8-509
19056,0,5.595531075804125,2024-9-509
19057,0,4.147821845980641,2024-10-509
19058,0,3.240711211680415,2024-11-509
19059,0,2.4895112726413826,2024-12-509
19060,0,2.739457044260103,2024-13-509
19061,0,2.8576098845990963,2024-14-509
19062,0,3.0060454106828187,2024-15-509
19063,0,2.9633035881692114,2024-16-509
19064,0,2.5033673690094442,2024-17-509
19065,0,2.843595749643063,2024-18-509
19066,0,2.6047792154925924,2024-19-509
19067,0,2.7212498597642476,2024-20-509
19068,1,2.2351879862499406,2024-21-509
19069,0,1.9031916119723933,2024-22-509
19070,0,1.7535655095217524,2024-23-509
19071,1,2.8333829262029857,2024-24-509
19072,0,2.3032589615997088,2024-25-509
19073,0,3.9814275131789847,2024-26-509
19074,0,1.8169494417013112,2024-27-509
19075,1,2.3752310485441033,2024-28-509
19076,0,3.5428614717308724,2024-29-509
19077,1,2.8776769177180435,2024-30-509
19078,7,2.1179426960141265,2024-31-509
19079,1,0.8179255333717541,2024-32-509
19080,0,2.287443747398342,2024-33-509
19081,0,2.4011223634746273,2024-34-509
19082,0,3.441789576462043,2024-35-509
19083,0,8.678739364566376,2024-36-509
19084,1,3.9021328888331124,2024-37-509
19085,0,1.0964469923097422,2024-38-509
19086,0,-0.9444492148501324,2024-39-509
19087,0,0.8163849960742504,2024-40-509
19088,0,1.8003080858318616,2024-41-509
19089,0,2.7020089694397216,2024-42-509
19090,0,1.5311833230071812,2024-43-509
19091,0,1.5225029432787711,2024-44-509
19092,0,2.5366802365982863,2024-45-509
19093,1,1.7256914211219372,2024-46-509
19094,0,1.256863136970701,2024-47-509
19095,1,1.0492378409287966,2024-48-509
19096,0,1.8732081528395252,2024-49-509
19097,0,3.577127092661738,2024-50-509
19098,0,2.9564826225810403,2024-51-509
19099,2,-1.6120474785867622,2024-52-509
19352,22,50.03584991589196,2024-1-510
19353,13,28.169282447668348,2024-2-510
19354,9,38.2811563763648,2024-3-510
19355,4,25.40076674715002,2024-4-510
19356,9,18.25068288021805,2024-5-510
19357,5,12.300329559351713,2024-6-510
19358,3,8.322427547210653,2024-7-510
19359,2,6.0236462162548445,2024-8-510
19360,1,2.313851886209776,2024-9-510
19361,0,8.354264813793694,2024-10-510
19362,1,6.920044537390814,2024-11-510
19363,2,5.709820127442345,2024-12-510
19364,1,1.861907162889245,2024-13-510
19365,2,2.9202471195608624,2024-14-510
19366,1,2.367194927076112,2024-15-510
19367,2,3.3426649425196455,2024-16-510
19368,0,4.209779659109106,2024-17-510
19369,0,4.379321855654422,2024-18-510
19370,0,3.7862899216069135,2024-19-510
19371,0,3.5217453189504138,2024-20-510
19372,1,4.009849955744617,2024-21-510
19373,2,1.9282132214683412,2024-22-510
19374,4,1.5090420749158164,2024-23-510
19375,2,1.476475573854335,2024-24-510
19376,3,1.9087779675724346,2024-25-510
19377,1,4.4483687174378845,2024-26-510
19378,2,3.722359538241571,2024-27-510
19379,0,7.201766297686206,2024-28-510
19380,0,6.061242505077567,2024-29-510
19381,0,5.904129865816602,2024-30-510
19382,1,3.2211860442730296,2024-31-510
19383,1,3.4309100587753947,2024-32-510
19384,1,-0.24868388542462583,2024-33-510
19385,3,1.5948762368298828,2024-34-510
19386,3,2.037232748454654,2024-35-510
19387,3,2.483892703209607,2024-36-510
19388,7,1.4182249166064045,2024-37-510
19389,1,2.570256817126512,2024-38-510
19390,1,5.043552446968603,2024-39-510
19391,2,4.452160618700592,2024-40-510
19392,4,4.782486997356667,2024-41-510
19393,4,8.342087114903515,2024-42-510
19394,1,2.9133543639542308,2024-43-510
19395,1,1.1580274717569181,2024-44-510
19396,1,3.1015090492163346,2024-45-510
19397,0,6.331193933518371,2024-46-510
19398,4,5.669542520284777,2024-47-510
19399,0,1.9043563377483792,2024-48-510
19400,3,1.0153520470657114,2024-49-510
19401,0,3.4410219769037322,2024-50-510
19402,0,2.5666395353994518,2024-51-510
19403,0,2.3438476175145873,2024-52-510
19656,0,4.510039169480702,2024-1-511
19657,0,1.5574200472170057,2024-2-511
19658,0,1.795677359161067,2024-3-511
19659,0,1.8301346716218485,2024-4-511
19660,0,-0.10677643918885682,2024-5-511
19661,0,3.68688978790036,2024-6-511
19662,0,2.9292181364167793,2024-7-511
19663,0,2.9879560886428775,2024-8-511
19664,0,2.956942486843992,2024-9-511
19665,0,2.7536620355459602,2024-10-511
19666,0,2.786634697501557,2024-11-511
19667,0,3.0892552826340793,2024-12-511
19668,0,1.8295739330824012,2024-13-511
19669,0,2.7026570480392103,2024-14-511
19670,1,2.524457068254714,2024-15-511
19671,0,2.8377604626316257,2024-16-511
19672,0,2.140844621170388,2024-17-511
19673,1,2.752617856840311,2024-18-511
19674,0,2.3287109168180895,2024-19-511
19675,0,3.284069813454023,2024-20-511
19676,1,2.1210689026408636,2024-21-511
19677,0,1.7955451140611811,2024-22-511
19678,0,2.1573509258959556,2024-23-511
19679,0,2.8604087443535944,2024-24-511
19680,0,1.9048556044340488,2024-25-511
19681,0,3.313699814092826,2024-26-511
19682,0,1.6432619262777985,2024-27-511
19683,0,2.3288792140555747,2024-28-511
19684,1,2.7515623653281813,2024-29-511
19685,0,2.5069242995556738,2024-30-511
19686,0,1.6652141937125366,2024-31-511
19687,0,0.7589071051540475,2024-32-511
19688,0,1.154097736630768,2024-33-511
19689,0,3.186924348336107,2024-34-511
19690,1,2.9698417155405563,2024-35-511
19691,0,2.1328876669261234,2024-36-511
19692,0,0.8666512278299354,2024-37-511
19693,0,1.3881284203442734,2024-38-511
19694,0,1.0129113998116344,2024-39-511
19695,0,1.4967557951237231,2024-40-511
19696,0,1.7881510564850611,2024-41-511
19697,0,1.7145132259837506,2024-42-511
19698,1,1.1196338177989968,2024-43-511
19699,0,0.8036838082369608,2024-44-511
19700,0,1.8008913857040174,2024-45-511
19701,0,1.2041584932721738,2024-46-511
19702,1,1.2298938662357142,2024-47-511
19703,1,1.6262315697680851,2024-48-511
19704,0,2.5546153977077504,2024-49-511
19705,0,4.936462307314589,2024-50-511
19706,0,2.478013190424373,2024-51-511
19707,0,-1.8953971733114616,2024-52-511
19960,34,70.22377002520426,2024-1-601
19961,26,97.93856042242938,2024-2-601
19962,39,91.33063718617441,2024-3-601
19963,36,59.208059734079235,2024-4-601
19964,42,26.83695439373699,2024-5-601
19965,49,9.777794996083076,2024-6-601
19966,24,9.361581618192357,2024-7-601
19967,27,23.97585252086654,2024-8-601
19968,17,29.83065561410365,2024-9-601
19969,12,39.24672711647902,2024-10-601
19970,10,43.888602507604745,2024-11-601
19971,9,24.61585661986888,2024-12-601
19972,14,17.543264815631858,2024-13-601
19973,6,8.518283392916095,2024-14-601
19974,6,9.688409957138582,2024-15-601
19975,3,6.447929803205406,2024-16-601
19976,5,7.285368470517328,2024-17-601
19977,3,12.809138784367079,2024-18-601
19978,7,7.617376847698363,2024-19-601
19979,3,6.044114981086424,2024-20-601
19980,8,1.7617101347573858,2024-21-601
19981,4,4.690194726165071,2024-22-601
19982,14,3.434853870897965,2024-23-601
19983,12,8.095191150400632,2024-24-601
19984,21,4.431015617802187,2024-25-601
19985,22,9.131948505773133,2024-26-601
19986,14,4.331203639667364,2024-27-601
19987,8,12.15230727781367,2024-28-601
19988,16,15.00862940630289,2024-29-601
19989,14,23.693148348348398,2024-30-601
19990,17,23.346225862024298,2024-31-601
19991,9,14.563092528231495,2024-32-601
19992,16,5.224380414925125,2024-33-601
19993,21,10.130395525307973,2024-34-601
19994,14,12.77169931861109,2024-35-601
19995,11,16.349835343119288,2024-36-601
19996,2,7.802062339767421,2024-37-601
19997,15,12.540686874450932,2024-38-601
19998,7,17.36025743229183,2024-39-601
19999,9,14.569032338838413,2024-40-601
20000,11,9.458294153890312,2024-41-601
20001,5,-0.6025498123595452,2024-42-601
20002,17,10.543525898359476,2024-43-601
20003,9,7.403836116330982,2024-44-601
20004,4,9.466790187254293,2024-45-601
20005,8,7.849777827774208,2024-46-601
20006,6,5.942251292573373,2024-47-601
20007,5,13.981550029722738,2024-48-601
20008,3,9.354426959335262,2024-49-601
20009,11,6.238689940758882,2024-50-601
20010,6,4.754899126797121,2024-51-601
20011,11,3.276907950011892,2024-52-601
20264,20,27.534217169815864,2024-1-602
20265,14,17.775095937787903,2024-2-602
20266,14,17.717863562341815,2024-3-602
20267,27,18.350854033255555,2024-4-602
20268,17,2.5682271530393077,2024-5-602
20269,14,13.42425860373215,2024-6-602
20270,12,12.333546887390781,2024-7-602
20271,11,16.401605339940858,2024-8-602
20272,14,21.193653371248132,2024-9-602
20273,5,19.8208787873441,2024-10-602
20274,3,15.679629855933616,2024-11-602
20275,5,10.087081071076232,2024-12-602
20276,1,8.811654815623104,2024-13-602
20277,4,12.814474129781885,2024-14-602
20278,1,6.328467631556059,2024-15-602
20279,1,3.187870894142597,2024-16-602
20280,1,3.5069585739386366,2024-17-602
20281,1,2.7722228130317204,2024-18-602
20282,2,5.001189101259906,2024-19-602
20283,0,2.7561313165760764,2024-20-602
20284,0,2.655421918628259,2024-21-602
20285,3,1.5325406692732417,2024-22-602
20286,2,2.2988562337236544,2024-23-602
20287,5,4.874782864843552,2024-24-602
20288,5,2.8782079694130718,2024-25-602
20289,10,2.508914626175937,2024-26-602
20290,8,2.9709370618711763,2024-27-602
20291,10,2.4545915864324606,2024-28-602
20292,13,8.988151011096262,2024-29-602
20293,7,9.573322587941338,2024-30-602
20294,9,13.54273011642605,2024-31-602
20295,23,9.84612938590057,2024-32-602
20296,9,11.586210073449795,2024-33-602
20297,13,11.759128575781459,2024-34-602
20298,8,7.030447441596653,2024-35-602
20299,5,7.500952928096487,2024-36-602
20300,3,19.515084573647552,2024-37-602
20301,10,11.785901651084638,2024-38-602
20302,13,11.186810765964726,2024-39-602
20303,6,3.958455430982199,2024-40-602
20304,6,4.896056108846624,2024-41-602
20305,3,1.5262060097910857,2024-42-602
20306,3,8.563395123604783,2024-43-602
20307,0,13.785290644032216,2024-44-602
20308,0,8.206372134024686,2024-45-602
20309,3,5.066253599538783,2024-46-602
20310,2,2.0809759067215294,2024-47-602
20311,5,2.335200826063688,2024-48-602
20312,3,-0.1739870168069375,2024-49-602
20313,6,2.1460384585203434,2024-50-602
20314,4,4.06391700269524,2024-51-602
20315,2,1.1964315817340507,2024-52-602
20568,21,16.52467924086364,2024-1-603
20569,17,23.74466316336194,2024-2-603
20570,13,14.095272366700176,2024-3-603
20571,23,0.6847911333353327,2024-4-603
20572,36,-3.9007760573195474,2024-5-603
20573,34,17.31833957753505,2024-6-603
20574,41,21.290160425438454,2024-7-603
20575,17,16.646338411734174,2024-8-603
20576,32,17.464834702469147,2024-9-603
20577,19,34.65691057729323,2024-10-603
20578,22,37.16535421924581,2024-11-603
20579,20,39.96107758444166,2024-12-603
20580,9,14.200006110830428,2024-13-603
20581,24,23.245398303602997,2024-14-603
20582,15,13.854420448192975,2024-15-603
20583,15,20.01778903032788,2024-16-603
20584,21,14.853346657299024,2024-17-603
20585,24,9.020176014131941,2024-18-603
20586,37,18.305625472729247,2024-19-603
20587,44,14.817596465141575,2024-20-603
20588,43,14.609149657308818,2024-21-603
20589,59,16.030906610164415,2024-22-603
20590,60,22.4546675809271,2024-23-603
20591,57,35.12910232490786,2024-24-603
20592,78,41.33530499755581,2024-25-603
20593,55,42.34454037821494,2024-26-603
20594,45,49.90369667031735,2024-27-603
20595,48,50.9177225809288,2024-28-603
20596,48,52.48599345538411,2024-29-603
20597,28,65.64004257994455,2024-30-603
20598,24,48.3536021347049,2024-31-603
20599,24,32.93419785857372,2024-32-603
20600,9,29.806858261058007,2024-33-603
20601,14,36.69071746181627,2024-34-603
20602,11,21.862074542351426,2024-35-603
20603,10,13.59820617837884,2024-36-603
20604,8,12.978371851517986,2024-37-603
20605,4,5.0557490008808195,2024-38-603
20606,9,8.24005339496135,2024-39-603
20607,4,7.625894969167181,2024-40-603
20608,3,10.670072973313625,2024-41-603
20609,2,6.290283348156253,2024-42-603
20610,3,3.491321212739971,2024-43-603
20611,2,7.765019222104062,2024-44-603
20612,1,4.891122121353369,2024-45-603
20613,0,3.590923870247036,2024-46-603
20614,1,1.1262794257317643,2024-47-603
20615,3,3.301091752712645,2024-48-603
20616,0,3.2820923174895262,2024-49-603
20617,3,3.2853991394053335,2024-50-603
20618,0,1.4897505259599557,2024-51-603
20619,2,0.504559059297288,2024-52-603
20872,3,5.2324835869401065,2024-1-604
20873,4,3.1039665452806564,2024-2-604
20874,4,5.572824179290425,2024-3-604
20875,4,11.319048718551864,2024-4-604
20876,1,12.776605441204868,2024-5-604
20877,3,5.456681737650238,2024-6-604
20878,3,3.151212034825177,2024-7-604
20879,2,3.565169353596524,2024-8-604
20880,1,4.041000886206969,2024-9-604
20881,1,4.15294060076165,2024-10-604
20882,2,6.083438617033867,2024-11-604
20883,4,6.848248656749578,2024-12-604
20884,4,3.633253801784625,2024-13-604
20885,2,2.9434882467355767,2024-14-604
20886,1,2.7530061645667683,2024-15-604
20887,3,3.7787719121598595,2024-16-604
20888,2,5.911486069335994,2024-17-604
20889,2,6.10508579006715,2024-18-604
20890,4,3.6658436370711915,2024-19-604
20891,1,2.4910012306324645,2024-20-604
20892,1,3.453133943902015,2024-21-604
20893,7,3.0949440458999202,2024-22-604
20894,17,2.8073173905623596,2024-23-604
20895,23,5.870115015778007,2024-24-604
20896,34,4.656849564533999,2024-25-604
20897,34,4.536563924898439,2024-26-604
20898,29,5.5318308447416715,2024-27-604
20899,27,14.463271759923744,2024-28-604
20900,16,27.176379281292892,2024-29-604
20901,12,36.77158852503443,2024-30-604
20902,7,35.02478131637096,2024-31-604
20903,6,26.05073670168435,2024-32-604
20904,4,20.67312411701381,2024-33-604
20905,6,9.774628197685539,2024-34-604
20906,2,5.300470909870679,2024-35-604
20907,7,1.3628652725719648,2024-36-604
20908,0,3.447085821934039,2024-37-604
20909,3,2.818153764531374,2024-38-604
20910,1,4.585298505582211,2024-39-604
20911,0,1.551089460219044,2024-40-604
20912,0,6.023228876763044,2024-41-604
20913,0,0.5135922802746213,2024-42-604
20914,0,3.127493493242749,2024-43-604
20915,1,1.3191930155136293,2024-44-604
20916,0,1.5461819171177262,2024-45-604
20917,0,0.5372096552110874,2024-46-604
20918,0,1.1044920302924348,2024-47-604
20919,0,1.708019517347825,2024-48-604
20920,0,2.674750532792611,2024-49-604
20921,0,2.9929912631823328,2024-50-604
20922,4,0.5255855850487681,2024-51-604
20923,2,-1.9678070596216286,2024-52-604
21176,0,3.9716532797496686,2024-1-605
21177,1,2.0512594072702868,2024-2-605
21178,1,6.198378415848326,2024-3-605
21179,3,4.131834177357242,2024-4-605
21180,0,3.9296755929598763,2024-5-605
21181,1,2.5270136000651324,2024-6-605
21182,0,3.309810503263044,2024-7-605
21183,0,2.926862745496603,2024-8-605
21184,1,4.822176191619095,2024-9-605
21185,3,5.414729682581272,2024-10-605
21186,1,5.5531378721692395,2024-11-605
21187,0,4.572323762293376,2024-12-605
21188,5,2.506290893335814,2024-13-605
21189,1,3.5361559312577415,2024-14-605
21190,1,6.240864365324304,2024-15-605
21191,4,4.922729596203314,2024-16-605
21192,8,2.5782179864967683,2024-17-605
21193,17,6.1438762131506355,2024-18-605
21194,28,3.2864710257380807,2024-19-605
21195,41,3.91553947671379,2024-20-605
21196,57,4.4240503730522525,2024-21-605
21197,72,9.338417181834098,2024-22-605
21198,106,18.052823095395656,2024-23-605
21199,92,28.766121312225113,2024-24-605
21200,74,40.20773234684832,2024-25-605
21201,90,55.00489567067513,2024-26-605
21202,54,65.68090263061158,2024-27-605
21203,31,92.74731267169433,2024-28-605
21204,36,87.13668891366179,2024-29-605
21205,33,65.30022011855222,2024-30-605
21206,19,64.57484122053478,2024-31-605
21207,10,37.427097066695524,2024-32-605
21208,9,17.49309497514946,2024-33-605
21209,3,14.359368121033226,2024-34-605
21210,9,22.452422707593893,2024-35-605
21211,3,15.226603223213653,2024-36-605
21212,5,2.6947964577922283,2024-37-605
21213,2,1.3186118552474826,2024-38-605
21214,2,0.044556110998619225,2024-39-605
21215,2,7.201634103684029,2024-40-605
21216,5,4.9660901322155,2024-41-605
21217,4,6.3035148242761,2024-42-605
21218,2,1.063567556827476,2024-43-605
21219,5,3.0910390057205257,2024-44-605
21220,1,3.3153220536615735,2024-45-605
21221,1,5.093165414588274,2024-46-605
21222,1,4.457261425142873,2024-47-605
21223,1,3.4115808347172405,2024-48-605
21224,3,5.736421032719193,2024-49-605
21225,4,4.327303213715787,2024-50-605
21226,6,3.4294767708348477,2024-51-605
21227,0,-0.6255780553327313,2024-52-605
21480,1,7.822299944374091,2024-1-606
21481,0,7.864768432041979,2024-2-606
21482,1,4.302728849001018,2024-3-606
21483,1,4.12777885716046,2024-4-606
21484,0,3.605855178375736,2024-5-606
21485,1,3.8057821409421226,2024-6-606
21486,0,3.2481198112780465,2024-7-606
21487,1,3.9885119394224824,2024-8-606
21488,0,1.9583389153447608,2024-9-606
21489,2,4.050192900636349,2024-10-606
21490,2,5.562577939658001,2024-11-606
21491,1,5.21180658045858,2024-12-606
21492,0,3.2650453903430496,2024-13-606
21493,1,2.8852093773972673,2024-14-606
21494,0,5.039009838368977,2024-15-606
21495,1,5.187558485223834,2024-16-606
21496,0,3.7062325854285505,2024-17-606
21497,0,2.1097997307293737,2024-18-606
21498,0,2.5908460819702466,2024-19-606
21499,1,2.8513165235450435,2024-20-606
21500,2,3.213078917839048,2024-21-606
21501,1,2.0888563916371297,2024-22-606
21502,5,2.1605850533553785,2024-23-606
21503,1,2.504574772511627,2024-24-606
21504,4,2.849409042016368,2024-25-606
21505,2,5.499843342957957,2024-26-606
21506,9,4.210015416145708,2024-27-606
21507,5,5.566847497619234,2024-28-606
21508,6,4.6611019084062315,2024-29-606
21509,4,7.519436411935162,2024-30-606
21510,3,6.567820463623448,2024-31-606
21511,2,10.368833235579912,2024-32-606
21512,6,8.109357941263818,2024-33-606
21513,5,7.363251627027925,2024-34-606
21514,3,3.908667265119125,2024-35-606
21515,2,3.393946155753465,2024-36-606
21516,3,1.655995442214746,2024-37-606
21517,0,4.444670566718571,2024-38-606
21518,1,5.742830544990213,2024-39-606
21519,2,4.777780695761088,2024-40-606
21520,0,3.01347952169022,2024-41-606
21521,2,3.2953856598083995,2024-42-606
21522,1,1.268976577535508,2024-43-606
21523,2,2.1612273667176467,2024-44-606
21524,0,2.9782464085897864,2024-45-606
21525,0,1.3210131012771258,2024-46-606
21526,0,2.4151429230834602,2024-47-606
21527,1,1.7516854473911905,2024-48-606
21528,1,3.4989852141768956,2024-49-606
21529,1,4.9606712307730065,2024-50-606
21530,2,4.376449032534417,2024-51-606
21531,1,-1.8097339264725147,2024-52-606
21784,0,3.4815369528906155,2024-1-607
21785,2,2.4252223091004987,2024-2-607
21786,1,3.4764578705547513,2024-3-607
21787,0,4.309654192580799,2024-4-607
21788,0,3.839279931032213,2024-5-607
21789,2,2.1015973494609446,2024-6-607
21790,2,3.7116207233847405,2024-7-607
21791,4,3.262646847860795,2024-8-607
21792,1,1.6541290406382099,2024-9-607
21793,4,2.7768079126794913,2024-10-607
21794,1,6.0872864205421005,2024-11-607
21795,0,7.72116565374775,2024-12-607
21796,2,5.78374858194139,2024-13-607
21797,1,3.7648397432581513,2024-14-607
21798,0,6.255278342790799,2024-15-607
21799,1,3.268935447364289,2024-16-607
21800,0,2.3395694714802198,2024-17-607
21801,0,2.1533954890334543,2024-18-607
21802,1,2.2123390052096448,2024-19-607
21803,2,3.1179446439922063,2024-20-607
21804,2,1.449051332275654,2024-21-607
21805,4,0.8060352768637209,2024-22-607
21806,5,0.38754998865268675,2024-23-607
21807,1,1.5616525604033098,2024-24-607
21808,9,1.8624662197302766,2024-25-607
21809,9,4.067898042995875,2024-26-607
21810,5,3.275470530445582,2024-27-607
21811,3,2.4340522513362934,2024-28-607
21812,10,2.4785108166173053,2024-29-607
21813,19,10.218358256476836,2024-30-607
21814,9,10.478035628713283,2024-31-607
21815,10,5.212289213535675,2024-32-607
21816,14,1.4021202934464223,2024-33-607
21817,6,7.3914689468935375,2024-34-607
21818,7,17.50026289309167,2024-35-607
21819,8,10.385587325497557,2024-36-607
21820,3,7.2820411379166305,2024-37-607
21821,5,8.561741568844472,2024-38-607
21822,6,5.045292620615902,2024-39-607
21823,7,4.243539754832978,2024-40-607
21824,1,5.020008357240149,2024-41-607
21825,6,2.2295212882044364,2024-42-607
21826,8,3.0241453776038236,2024-43-607
21827,9,3.156093981448237,2024-44-607
21828,2,6.180093782395971,2024-45-607
21829,4,1.1779476931912087,2024-46-607
21830,10,3.2740475122357133,2024-47-607
21831,9,5.435281515389009,2024-48-607
21832,4,7.7851627804506105,2024-49-607
21833,2,-1.1073028145613848,2024-50-607
21834,5,0.7773337792671056,2024-51-607
21835,4,6.388426543174107,2024-52-607
22088,1,3.177409018320866,2024-1-608
22089,0,2.790946364423043,2024-2-608
22090,0,3.6691471417746944,2024-3-608
22091,0,4.35878987715531,2024-4-608
22092,0,3.2375178493458705,2024-5-608
22093,0,2.9547159621191983,2024-6-608
22094,0,1.5256248652033815,2024-7-608
22095,0,1.8319137369323637,2024-8-608
22096,0,0.2432188816364591,2024-9-608
22097,0,3.594825370854765,2024-10-608
22098,0,4.303735356580127,2024-11-608
22099,0,4.4525989366044225,2024-12-608
22100,0,1.5461567517369146,2024-13-608
22101,0,2.325506190212004,2024-14-608
22102,0,2.3742546210551363,2024-15-608
22103,0,2.189070651557079,2024-16-608
22104,0,2.0973649327324875,2024-17-608
22105,1,2.606035209988479,2024-18-608
22106,1,1.6833488435568844,2024-19-608
22107,1,2.1792959733973842,2024-20-608
22108,1,0.91137101043606,2024-21-608
22109,1,1.4984563356029168,2024-22-608
22110,0,2.8980711684466076,2024-23-608
22111,0,2.7811101850448523,2024-24-608
22112,1,1.5898187184779151,2024-25-608
22113,2,3.575015912660691,2024-26-608
22114,0,1.8347362736804869,2024-27-608
22115,2,-0.6360970334248011,2024-28-608
22116,1,3.3229509487134474,2024-29-608
22117,0,5.098235722585659,2024-30-608
22118,0,4.8478797770866455,2024-31-608
22119,1,1.6596336674686962,2024-32-608
22120,1,3.3567558599007006,2024-33-608
22121,2,1.6720082425189249,2024-34-608
22122,0,0.8142447620648996,2024-35-608
22123,0,0.21413856319396896,2024-36-608
22124,0,1.244105399956455,2024-37-608
22125,0,1.3181302847696545,2024-38-608
22126,0,2.8034569416505355,2024-39-608
22127,1,1.3226165194253094,2024-40-608
22128,0,0.7554643960122531,2024-41-608
22129,0,-0.1916267750740106,2024-42-608
22130,0,0.8749983112115842,2024-43-608
22131,0,1.779619925652671,2024-44-608
22132,1,2.632734225733014,2024-45-608
22133,0,0.9393934808208719,2024-46-608
22134,0,0.4380490023095325,2024-47-608
22135,1,0.01029900951347651,2024-48-608
22136,0,0.9946821430487613,2024-49-608
22137,1,2.973059549427119,2024-50-608
22138,0,2.173707673365663,2024-51-608
22139,0,-0.9838639337099475,2024-52-608
22392,0,5.760475753092253,2024-1-609
22393,1,5.360280853675215,2024-2-609
22394,1,5.457027513802663,2024-3-609
22395,8,3.7953126249038527,2024-4-609
22396,0,6.400070094563199,2024-5-609
22397,2,3.4040940732918976,2024-6-609
22398,2,3.4947639149164567,2024-7-609
22399,3,2.7100891048326434,2024-8-609
22400,0,8.642457349385614,2024-9-609
22401,1,5.881054775036015,2024-10-609
22402,1,6.3792025950592555,2024-11-609
22403,2,5.267727537806646,2024-12-609
22404,1,5.417662136201383,2024-13-609
22405,3,3.091350801864408,2024-14-609
22406,0,3.592295551395544,2024-15-609
22407,1,3.486761475608711,2024-16-609
22408,0,4.631078723926469,2024-17-609
22409,0,3.6407224842075387,2024-18-609
22410,1,4.744665007816096,2024-19-609
22411,1,3.041822688187617,2024-20-609
22412,1,2.9952896299062477,2024-21-609
22413,1,1.5111511102893378,2024-22-609
22414,0,2.1159132324724927,2024-23-609
22415,4,3.6456128743858907,2024-24-609
22416,0,3.370825753308442,2024-25-609
22417,4,4.443378556538011,2024-26-609
22418,1,2.5780572651609637,2024-27-609
22419,16,0.19226986179550565,2024-28-609
22420,7,6.651054601359723,2024-29-609
22421,7,5.313872545223797,2024-30-609
22422,12,8.348441347932347,2024-31-609
22423,6,2.583140763709865,2024-32-609
22424,4,16.633323553440714,2024-33-609
22425,3,9.906293832654157,2024-34-609
22426,3,8.584946130285529,2024-35-609
22427,6,9.022927159083514,2024-36-609
22428,0,7.528151839423604,2024-37-609
22429,0,4.430401963815231,2024-38-609
22430,0,1.5594420416658956,2024-39-609
22431,0,2.9487159548154174,2024-40-609
22432,0,6.588955268352658,2024-41-609
22433,0,2.27032772920756,2024-42-609
22434,0,0.6746740918723133,2024-43-609
22435,0,0.34337636815037653,2024-44-609
22436,1,1.9594594666103264,2024-45-609
22437,1,1.4004463076658515,2024-46-609
22438,1,1.8531190955493402,2024-47-609
22439,0,2.543761746155964,2024-48-609
22440,2,2.849064249233882,2024-49-609
22441,0,4.5713668626177775,2024-50-609
22442,0,2.6340784195001303,2024-51-609
22443,1,-0.2183595022970506,2024-52-609
22696,4,3.7078629545994177,2024-1-610
22697,2,5.051476535599345,2024-2-610
22698,1,5.247559171765519,2024-3-610
22699,2,7.164080886346171,2024-4-610
22700,3,2.874110156218906,2024-5-610
22701,2,6.087970111542728,2024-6-610
22702,0,4.316675265455624,2024-7-610
22703,4,3.9321434901298837,2024-8-610
22704,5,1.9488044396570479,2024-9-610
22705,1,6.544438701009893,2024-10-610
22706,1,7.2371141981602545,2024-11-610
22707,2,5.527831218698811,2024-12-610
22708,3,5.470444659367795,2024-13-610
22709,10,7.6874150358849676,2024-14-610
22710,3,5.04829845282733,2024-15-610
22711,4,3.035116149670211,2024-16-610
22712,6,3.5688208347539296,2024-17-610
22713,8,5.960869003773595,2024-18-610
22714,7,11.192630482594287,2024-19-610
22715,9,6.837935568047577,2024-20-610
22716,15,5.144697585964886,2024-21-610
22717,39,5.023324236612789,2024-22-610
22718,33,9.53928970867808,2024-23-610
22719,40,8.381951509455286,2024-24-610
22720,50,8.843763234181289,2024-25-610
22721,24,15.83444294150722,2024-26-610
22722,28,35.74385247450399,2024-27-610
22723,44,33.21434017305834,2024-28-610
22724,35,39.835346894478604,2024-29-610
22725,37,44.304547285433436,2024-30-610
22726,25,24.705822073505544,2024-31-610
22727,21,19.01727504751452,2024-32-610
22728,19,31.339089649112058,2024-33-610
22729,11,32.91623537661807,2024-34-610
22730,18,31.73055776164656,2024-35-610
22731,7,17.885922014203754,2024-36-610
22732,14,14.263088691804638,2024-37-610
22733,14,10.893620750294305,2024-38-610
22734,21,6.884964479510511,2024-39-610
22735,26,13.128096425877668,2024-40-610
22736,9,6.3173084712304135,2024-41-610
22737,10,11.724017876976735,2024-42-610
22738,9,10.708057820617803,2024-43-610
22739,8,20.972586918002598,2024-44-610
22740,8,24.74964920905818,2024-45-610
22741,2,9.695245356850071,2024-46-610
22742,5,4.826661071396056,2024-47-610
22743,5,3.928164757257674,2024-48-610
22744,5,8.59967135508357,2024-49-610
22745,5,10.753193509224104,2024-50-610
22746,3,5.762100097337808,2024-51-610
22747,0,3.6684923232634383,2024-52-610
23000,8,14.934564627276478,2024-1-611
23001,6,14.874046595916326,2024-2-611
23002,5,10.370865520629192,2024-3-611
23003,4,16.638826871601296,2024-4-611
23004,3,5.252187054198529,2024-5-611
23005,2,8.44577932214342,2024-6-611
23006,2,4.849326220467885,2024-7-611
23007,6,7.224358520198347,2024-8-611
23008,7,3.681695230587649,2024-9-611
23009,7,6.234793627860077,2024-10-611
23010,4,6.073288354618834,2024-11-611
23011,3,6.414198569936223,2024-12-611
23012,4,7.519181054797071,2024-13-611
23013,1,9.821456697936068,2024-14-611
23014,2,10.34342263842197,2024-15-611
23015,6,6.605523195732559,2024-16-611
23016,3,4.309077585154452,2024-17-611
23017,0,4.9070299373329505,2024-18-611
23018,3,3.167239248295833,2024-19-611
23019,4,3.9131564477693153,2024-20-611
23020,4,6.8074017875089154,2024-21-611
23021,4,5.594279748799748,2024-22-611
23022,6,2.075510267839577,2024-23-611
23023,4,4.316032977468987,2024-24-611
23024,11,5.948197980010484,2024-25-611
23025,10,7.142720130219224,2024-26-611
23026,13,5.364253010779063,2024-27-611
23027,16,5.9326129940954475,2024-28-611
23028,16,7.628699704902846,2024-29-611
23029,23,13.780849580097781,2024-30-611
23030,15,14.227376774554175,2024-31-611
23031,10,14.211653222575507,2024-32-611
23032,11,15.687995370826751,2024-33-611
23033,7,15.703476858761563,2024-34-611
23034,6,20.643701261124555,2024-35-611
23035,1,14.613637580379576,2024-36-611
23036,0,8.92692236875088,2024-37-611
23037,0,6.268749782718675,2024-38-611
23038,0,4.779910643949984,2024-39-611
23039,0,5.250997189062155,2024-40-611
23040,2,1.1209243595831828,2024-41-611
23041,0,-0.3268062202149218,2024-42-611
23042,1,-0.15528956114521808,2024-43-611
23043,2,1.7847074902885742,2024-44-611
23044,1,1.8104886279284895,2024-45-611
23045,0,3.650276502477755,2024-46-611
23046,2,3.582021934028114,2024-47-611
23047,2,2.6428894810260743,2024-48-611
23048,0,2.8246255707902312,2024-49-611
23049,0,4.7941788230434526,2024-50-611
23050,4,3.228248625022312,2024-51-611
23051,1,0.7706439517124091,2024-52-611
23304,8,6.250711784379128,2024-1-701
23305,12,8.375187682497932,2024-2-701
23306,5,7.638310641173382,2024-3-701
23307,1,8.796188214420871,2024-4-701
23308,1,11.849301986073389,2024-5-701
23309,5,10.29637589595213,2024-6-701
23310,3,11.790360703148787,2024-7-701
23311,4,6.096629885902428,2024-8-701
23312,1,3.2723891472705575,2024-9-701
23313,3,1.7374010872693624,2024-10-701
23314,2,6.304062249040237,2024-11-701
23315,3,6.469135465290799,2024-12-701
23316,4,5.535173942989854,2024-13-701
23317,2,2.190032135743068,2024-14-701
23318,2,4.414048426285923,2024-15-701
23319,4,3.0944518265918144,2024-16-701
23320,5,4.497347429138268,2024-17-701
23321,2,4.792006498306765,2024-18-701
23322,1,4.121286486066081,2024-19-701
23323,2,4.56810832119944,2024-20-701
23324,1,3.7175220261473925,2024-21-701
23325,0,5.999792200050296,2024-22-701
23326,0,3.0402441449574433,2024-23-701
23327,3,2.7352517431310788,2024-24-701
23328,1,2.4095719276049414,2024-25-701
23329,0,3.8544161030537203,2024-26-701
23330,1,1.3722149835730755,2024-27-701
23331,2,0.2522714341697969,2024-28-701
23332,3,4.858840393240154,2024-29-701
23333,3,3.1249926883148995,2024-30-701
23334,5,1.7927625182055769,2024-31-701
23335,0,1.141780961545694,2024-32-701
23336,0,3.654153223127601,2024-33-701
23337,3,5.917589370937365,2024-34-701
23338,2,5.323137356503196,2024-35-701
23339,1,5.1307655820079425,2024-36-701
23340,1,-0.6416698605930522,2024-37-701
23341,1,-0.9052686791830991,2024-38-701
23342,1,1.997009562293004,2024-39-701
23343,2,4.064839092614257,2024-40-701
23344,1,2.342461747890773,2024-41-701
23345,0,1.2400444939492776,2024-42-701
23346,0,3.3898524244380925,2024-43-701
23347,0,3.870963023165353,2024-44-701
23348,2,2.697030689470251,2024-45-701
23349,0,2.1302521313462996,2024-46-701
23350,3,1.7447700437466556,2024-47-701
23351,3,0.6097594484256832,2024-48-701
23352,5,2.7963524347800774,2024-49-701
23353,1,5.1580902217276385,2024-50-701
23354,0,2.637974011188286,2024-51-701
23355,1,0.5290021731638168,2024-52-701
23608,17,16.582287917394293,2024-1-702
23609,9,26.750112621072542,2024-2-702
23610,11,12.759533098262704,2024-3-702
23611,13,9.154057085920583,2024-4-702
23612,10,3.7684166063578144,2024-5-702
23613,20,15.694480595792033,2024-6-702
23614,12,11.109019668700537,2024-7-702
23615,13,12.56366696596874,2024-8-702
23616,17,12.041907279597112,2024-9-702
23617,12,11.498311757414978,2024-10-702
23618,10,18.912661006845187,2024-11-702
23619,8,13.59183040854542,2024-12-702
23620,3,12.456997185575705,2024-13-702
23621,6,14.102213495164872,2024-14-702
23622,7,13.649015204105037,2024-15-702
23623,0,10.572417644938948,2024-16-702
23624,5,6.426053089568268,2024-17-702
23625,11,3.536283969122719,2024-18-702
23626,6,4.405359673379094,2024-19-702
23627,6,7.732849314572945,2024-20-702
23628,9,2.6615228787956666,2024-21-702
23629,4,4.8863568595685,2024-22-702
23630,9,9.95299935705717,2024-23-702
23631,12,10.378445519754425,2024-24-702
23632,7,6.844387969697224,2024-25-702
23633,6,9.147477990562646,2024-26-702
23634,1,6.09948901697938,2024-27-702
23635,1,9.043259820835047,2024-28-702
23636,15,12.49162883020033,2024-29-702
23637,6,8.396127171686278,2024-30-702
23638,8,5.856592458828626,2024-31-702
23639,8,0.7054145729609225,2024-32-702
23640,12,1.7920506785911319,2024-33-702
23641,14,13.611237916481423,2024-34-702
23642,10,10.029498661317632,2024-35-702
23643,9,8.831040454429127,2024-36-702
23644,4,4.61611204713175,2024-37-702
23645,11,10.003371781850703,2024-38-702
23646,8,13.386357052429712,2024-39-702
23647,3,10.784138576151603,2024-40-702
23648,2,6.967791287940498,2024-41-702
23649,6,1.8764641557066228,2024-42-702
23650,4,9.271633379617247,2024-43-702
23651,3,9.204626172279722,2024-44-702
23652,6,5.087592341696432,2024-45-702
23653,2,1.575938129413422,2024-46-702
23654,4,5.432576832439674,2024-47-702
23655,3,4.894758017909709,2024-48-702
23656,7,4.970735224777653,2024-49-702
23657,11,8.851086185547409,2024-50-702
23658,0,6.500435931808079,2024-51-702
23659,0,3.0399136618344,2024-52-702
23912,19,26.377188212895902,2024-1-703
23913,14,29.730620147129596,2024-2-703
23914,11,20.095324479809218,2024-3-703
23915,16,-1.7258265733067826,2024-4-703
23916,14,-6.07842111109364,2024-5-703
23917,11,14.642782709227061,2024-6-703
23918,7,20.072632940770493,2024-7-703
23919,8,16.666542394809635,2024-8-703
23920,6,14.102070302555846,2024-9-703
23921,5,14.571562248650737,2024-10-703
23922,10,12.639689429986115,2024-11-703
23923,10,7.253156753480685,2024-12-703
23924,7,6.406463917926821,2024-13-703
23925,13,5.9445757734641145,2024-14-703
23926,8,6.109195563418606,2024-15-703
23927,8,9.839015092050467,2024-16-703
23928,4,11.808828036001191,2024-17-703
23929,9,9.135746534857462,2024-18-703
23930,6,10.979090117680883,2024-19-703
23931,1,9.087566047848345,2024-20-703
23932,0,8.667234331432399,2024-21-703
23933,5,3.996420896480843,2024-22-703
23934,5,8.02151288278345,2024-23-703
23935,4,8.193246699136372,2024-24-703
23936,3,2.9306244246812154,2024-25-703
23937,0,0.6652676325254849,2024-26-703
23938,5,4.985942318853968,2024-27-703
23939,4,7.6860434243643,2024-28-703
23940,3,7.985705145905735,2024-29-703
23941,6,4.175675714804635,2024-30-703
23942,5,1.5415690684752192,2024-31-703
23943,6,4.954063013184481,2024-32-703
23944,8,6.051257597225126,2024-33-703
23945,0,6.154043515832698,2024-34-703
23946,2,7.379961771201671,2024-35-703
23947,4,5.71096160205803,2024-36-703
23948,1,5.485691863151516,2024-37-703
23949,6,6.510240841141441,2024-38-703
23950,3,1.149446072275234,2024-39-703
23951,3,2.4583088408920477,2024-40-703
23952,3,3.47046189459441,2024-41-703
23953,2,2.490787074343121,2024-42-703
23954,0,6.536388225099813,2024-43-703
23955,1,5.72921099137773,2024-44-703
23956,1,5.2515715666823795,2024-45-703
23957,3,3.4490052266867,2024-46-703
23958,4,3.5436946498468282,2024-47-703
23959,6,1.3785053955655853,2024-48-703
23960,3,2.9638539748395303,2024-49-703
23961,1,4.995652046618504,2024-50-703
23962,1,5.4844053042060565,2024-51-703
23963,2,2.3481713411232334,2024-52-703
24216,0,12.42841047677986,2024-1-704
24217,2,3.9349980387769095,2024-2-704
24218,0,7.263436987172158,2024-3-704
24219,3,4.101918467357404,2024-4-704
24220,2,8.13803625795081,2024-5-704
24221,1,2.6465276799050517,2024-6-704
24222,2,3.4364035871910343,2024-7-704
24223,4,2.376788387718729,2024-8-704
24224,3,6.24258075864747,2024-9-704
24225,1,5.099781473194489,2024-10-704
24226,1,4.118980836794177,2024-11-704
24227,0,3.8450583067316706,2024-12-704
24228,0,5.411811005985777,2024-13-704
24229,1,4.870037820307395,2024-14-704
24230,0,2.896376157066917,2024-15-704
24231,4,1.772607278303288,2024-16-704
24232,1,1.311034927128345,2024-17-704
24233,0,1.2031535542325698,2024-18-704
24234,2,2.5371297173939578,2024-19-704
24235,0,3.7184490684374736,2024-20-704
24236,0,4.668355297415168,2024-21-704
24237,4,3.9910547826113274,2024-22-704
24238,2,2.089041365195005,2024-23-704
24239,1,3.1406126432256194,2024-24-704
24240,3,1.045143857684581,2024-25-704
24241,0,2.970260087657756,2024-26-704
24242,1,3.709605390448055,2024-27-704
24243,2,3.2446390773476925,2024-28-704
24244,7,3.478335505251639,2024-29-704
24245,5,2.7828341466425597,2024-30-704
24246,7,0.6570403155570252,2024-31-704
24247,4,0.9376945856388472,2024-32-704
24248,6,2.315061230513077,2024-33-704
24249,5,8.574434073677963,2024-34-704
24250,11,7.805426822208998,2024-35-704
24251,3,7.565515032276094,2024-36-704
24252,3,2.8674285301173668,2024-37-704
24253,3,4.71806571854055,2024-38-704
24254,7,4.7388400249994795,2024-39-704
24255,4,11.050828366089993,2024-40-704
24256,4,4.091003854979801,2024-41-704
24257,5,2.0804627299425484,2024-42-704
24258,2,2.319928117935503,2024-43-704
24259,4,8.58533372463197,2024-44-704
24260,5,5.291353939529326,2024-45-704
24261,0,3.8922789284038606,2024-46-704
24262,3,4.078026015815882,2024-47-704
24263,4,2.9102608917176735,2024-48-704
24264,4,3.6243898011915676,2024-49-704
24265,0,5.186654059838305,2024-50-704
24266,0,2.8744083165431578,2024-51-704
24267,0,1.9151400207594511,2024-52-704
24520,5,7.152450979633651,2024-1-705
24521,4,11.571005515211098,2024-2-705
24522,3,8.413858416624503,2024-3-705
24523,4,2.2042337625229544,2024-4-705
24524,4,1.2402097037649424,2024-5-705
24525,5,6.234120298926404,2024-6-705
24526,5,7.846799716954926,2024-7-705
24527,5,6.858394675073293,2024-8-705
24528,5,6.051146499162942,2024-9-705
24529,4,6.274064039473225,2024-10-705
24530,6,7.400968599787809,2024-11-705
24531,5,7.387099221340426,2024-12-705
24532,4,5.948214693414851,2024-13-705
24533,1,6.024986355366629,2024-14-705
24534,3,6.3986634280308,2024-15-705
24535,2,7.811669712095174,2024-16-705
24536,3,6.874654963347506,2024-17-705
24537,2,5.568258675253066,2024-18-705
24538,1,1.0922026783353882,2024-19-705
24539,1,3.9435736907638494,2024-20-705
24540,1,3.040477280937219,2024-21-705
24541,5,4.826117532520854,2024-22-705
24542,1,3.146960112893451,2024-23-705
24543,2,3.434907905154285,2024-24-705
24544,0,1.605058174291208,2024-25-705
24545,2,3.4291173077440256,2024-26-705
24546,2,6.054842701348645,2024-27-705
24547,2,3.410696357345289,2024-28-705
24548,0,4.471481407307017,2024-29-705
24549,4,1.2119006565683577,2024-30-705
24550,7,3.489583005324718,2024-31-705
24551,4,2.82337722885565,2024-32-705
24552,2,3.849835081723695,2024-33-705
24553,10,1.7624285968426285,2024-34-705
24554,4,4.872721229053576,2024-35-705
24555,4,7.912824856177815,2024-36-705
24556,3,5.948550084731711,2024-37-705
24557,0,1.9056176754745997,2024-38-705
24558,4,7.993224820753468,2024-39-705
24559,3,6.463070295532715,2024-40-705
24560,6,5.001764031386691,2024-41-705
24561,6,1.2404084855280026,2024-42-705
24562,1,0.8571583154083657,2024-43-705
24563,0,5.013044491389447,2024-44-705
24564,2,4.654889290738362,2024-45-705
24565,1,7.825577695805201,2024-46-705
24566,3,7.048777366865398,2024-47-705
24567,2,2.6308257049292663,2024-48-705
24568,0,0.2976122928529694,2024-49-705
24569,0,3.250333727058951,2024-50-705
24570,0,3.0350662056106796,2024-51-705
24571,1,1.828293557760293,2024-52-705
24824,19,30.384740125594256,2024-1-706
24825,16,22.129174569523386,2024-2-706
24826,17,28.27423130307071,2024-3-706
24827,11,10.061850520449307,2024-4-706
24828,13,12.018316756460253,2024-5-706
24829,4,13.060542273207215,2024-6-706
24830,12,17.61671598106221,2024-7-706
24831,9,17.979540098182508,2024-8-706
24832,12,10.947949768350194,2024-9-706
24833,11,11.776179136537193,2024-10-706
24834,8,4.340827641297889,2024-11-706
24835,7,11.228814528899875,2024-12-706
24836,5,8.369011712803541,2024-13-706
24837,5,12.876109099285712,2024-14-706
24838,3,10.584292679232686,2024-15-706
24839,4,8.510258483789272,2024-16-706
24840,6,6.582708750089258,2024-17-706
24841,6,4.807979229595098,2024-18-706
24842,2,4.11572067593863,2024-19-706
24843,4,4.365571266487229,2024-20-706
24844,3,4.99936204049312,2024-21-706
24845,4,6.735387102798345,2024-22-706
24846,5,6.619331392462749,2024-23-706
24847,5,4.248838665577627,2024-24-706
24848,9,3.2794211043569854,2024-25-706
24849,7,4.7215172996042245,2024-26-706
24850,10,5.676832497490688,2024-27-706
24851,5,5.5196766768595555,2024-28-706
24852,3,6.946891151161523,2024-29-706
24853,3,9.166743519465575,2024-30-706
24854,7,9.075801295345503,2024-31-706
24855,6,10.436729172290661,2024-32-706
24856,5,6.318892510868679,2024-33-706
24857,1,3.2110918810326003,2024-34-706
24858,7,2.3663499341362635,2024-35-706
24859,1,6.359454580560042,2024-36-706
24860,2,5.9245350688791,2024-37-706
24861,4,4.373509144391335,2024-38-706
24862,3,0.7681844617342759,2024-39-706
24863,6,6.148495701083588,2024-40-706
24864,2,1.5684344001153494,2024-41-706
24865,2,2.0605751882389844,2024-42-706
24866,2,3.965716727899114,2024-43-706
24867,2,5.971338177107639,2024-44-706
24868,0,7.1355344185718135,2024-45-706
24869,1,3.2645846517883017,2024-46-706
24870,0,2.754954823525801,2024-47-706
24871,0,2.2817178467787165,2024-48-706
24872,1,3.5450884015843727,2024-49-706
24873,0,3.0346672613600747,2024-50-706
24874,3,2.1781665787293223,2024-51-706
24875,1,-1.5240728243961015,2024-52-706
252,43,87.0628749958681,2025-1-101
253,34,61.506826602568715,2025-2-101
254,45,36.75697108567052,2025-3-101
255,30,13.52699501093303,2025-4-101
256,25,8.019546540058919,2025-5-101
257,23,25.28835397004381,2025-6-101
258,11,24.250409050355877,2025-7-101
259,30,34.204008692874005,2025-8-101
260,20,20.289922156779653,2025-9-101
261,15,16.216375287117604,2025-10-101
262,12,11.74409817870799,2025-11-101
263,17,4.745478133300818,2025-12-101
264,20,20.53772598472678,2025-13-101
265,9,15.83751026625558,2025-14-101
266,11,12.018193394519622,2025-15-101
267,12,2.356820053657196,2025-16-101
268,11,7.631171484926027,2025-17-101
269,8,15.628508912872423,2025-18-101
270,6,8.765939669604064,2025-19-101
271,5,6.578312054047878,2025-20-101
272,7,6.944043533476752,2025-21-101
273,8,9.853496571764444,2025-22-101
274,7,7.05187306598784,2025-23-101
275,7,4.828120690493161,2025-24-101
276,10,3.451091998471643,2025-25-101
277,13,5.156668686013148,2025-26-101
278,17,7.547192650626439,2025-27-101
279,18,6.587901944766578,2025-28-101
280,29,6.291990336515527,2025-29-101
281,31,9.923560488053802,2025-30-101
282,40,12.6275419455018,2025-31-101
283,36,16.381104186515437,2025-32-101
284,42,15.947899857033235,2025-33-101
285,65,24.442615703238914,2025-34-101
286,57,27.41836171249787,2025-35-101
287,52,36.37357091569767,2025-36-101
288,71,30.753418566412826,2025-37-101
289,69,33.112694778934404,2025-38-101
290,69,52.25675445395153,2025-39-101
291,68,51.69985264566436,2025-40-101
292,68,44.38509532452937,2025-41-101
293,44,54.199752741096006,2025-42-101
294,32,57.52254641428946,2025-43-101
295,31,57.762651689242844,2025-44-101
296,47,51.49986148130857,2025-45-101
297,42,52.38329525125551,2025-46-101
298,44,31.57078070791089,2025-47-101
299,24,15.224504567722875,2025-48-101
300,31,12.541395981868876,2025-49-101
301,36,33.121521803557606,2025-50-101
302,29,35.315536105974054,2025-51-101
303,5,36.02066927014901,2025-52-101
556,2,-1.0921302693068768,2025-1-102
557,2,-1.0085977174214054,2025-2-102
558,0,-1.4360480004641354,2025-3-102
559,3,-3.405640924331887,2025-4-102
560,1,-2.098841420641586,2025-5-102
561,0,2.565230776069771,2025-6-102
562,0,3.0187015046920878,2025-7-102
563,0,-2.197850949176963,2025-8-102
564,1,0.085582406627426,2025-9-102
565,0,-0.07837312648465122,2025-10-102
566,2,0.11459127068512354,2025-11-102
567,0,-1.4247774179167476,2025-12-102
568,1,-0.48989916437286185,2025-13-102
569,0,0.013495368414675468,2025-14-102
570,0,-1.1193475475261159,2025-15-102
571,0,-0.5209718306796893,2025-16-102
572,0,-3.422415079447308,2025-17-102
573,0,0.25060251042246584,2025-18-102
574,2,0.425089006553069,2025-19-102
575,1,0.5711491135581119,2025-20-102
576,0,0.04690567354862285,2025-21-102
577,1,0.9050858397022337,2025-22-102
578,0,1.4470291223673608,2025-23-102
579,0,3.4530296094277966,2025-24-102
580,0,2.5230889960924405,2025-25-102
581,0,0.5681234534728854,2025-26-102
582,0,1.292321566734546,2025-27-102
583,0,0.45793934742223197,2025-28-102
584,0,1.0240526398690135,2025-29-102
585,3,1.9370830454849222,2025-30-102
586,1,1.3664218627934468,2025-31-102
587,4,1.270145658941996,2025-32-102
588,1,0.16549068529868505,2025-33-102
589,4,-0.2841993125198612,2025-34-102
590,0,2.564560380473,2025-35-102
591,2,2.73334744361156,2025-36-102
592,4,3.994717238573391,2025-37-102
593,0,-0.07360292452367778,2025-38-102
594,0,2.929753136724821,2025-39-102
595,2,0.10860876220170823,2025-40-102
596,5,2.595965123760049,2025-41-102
597,1,4.665591128457054,2025-42-102
598,1,1.6397878425127892,2025-43-102
599,1,-0.044174684647499074,2025-44-102
600,2,1.1281639010331146,2025-45-102
601,0,5.7736367271547095,2025-46-102
602,1,2.799528668099428,2025-47-102
603,2,-0.15341044934557502,2025-48-102
604,3,-0.9772379736129548,2025-49-102
605,0,0.9742296810891231,2025-50-102
606,0,-0.42488268126560147,2025-51-102
607,0,0.03575555063415736,2025-52-102
860,12,-0.6135029893460802,2025-1-103
861,6,3.7875657739009356,2025-2-103
862,10,4.29678680881513,2025-3-103
863,5,-2.761704596969016,2025-4-103
864,4,-3.5336176521950216,2025-5-103
865,2,8.637265841034855,2025-6-103
866,0,8.092770380178147,2025-7-103
867,1,7.002392048158036,2025-8-103
868,1,1.2243634727142776,2025-9-103
869,1,1.7643067687421734,2025-10-103
870,1,-0.1911413030793665,2025-11-103
871,0,-1.5264228024776005,2025-12-103
872,0,-0.469243980447418,2025-13-103
873,1,-0.1786263599062412,2025-14-103
874,2,-0.06701666851089438,2025-15-103
875,0,-1.3088821588874482,2025-16-103
876,0,-3.5557490000232153,2025-17-103
877,0,-0.8009871272176281,2025-18-103
878,0,1.4750696810938928,2025-19-103
879,0,2.833090466367368,2025-20-103
880,0,0.9267543579575754,2025-21-103
881,0,0.7192078382293712,2025-22-103
882,1,1.2518002616919537,2025-23-103
883,2,2.2771883065998275,2025-24-103
884,4,1.0698065162749293,2025-25-103
885,1,0.006105213279693267,2025-26-103
886,1,1.2079793087050306,2025-27-103
887,3,1.8991711340201427,2025-28-103
888,5,3.200317070887492,2025-29-103
889,2,5.658865325037876,2025-30-103
890,2,2.739541250330639,2025-31-103
891,3,1.9298173760294177,2025-32-103
892,2,2.0472384669447266,2025-33-103
893,3,4.3076227980169985,2025-34-103
894,5,2.5676889675891363,2025-35-103
895,4,2.510486714427614,2025-36-103
896,3,2.3223346232980644,2025-37-103
897,4,1.265762910967311,2025-38-103
898,3,2.159753524302552,2025-39-103
899,6,4.468861298207176,2025-40-103
900,4,5.26315109099685,2025-41-103
901,4,4.283379083826343,2025-42-103
902,0,3.1000806698396883,2025-43-103
903,1,2.610287131740925,2025-44-103
904,0,5.68644205728287,2025-45-103
905,2,4.911879590677792,2025-46-103
906,1,3.4768646530120333,2025-47-103
907,1,-3.398996958136727,2025-48-103
908,3,-1.3770818900068122,2025-49-103
909,2,-0.7054933414122142,2025-50-103
910,0,2.7501098875907255,2025-51-103
911,1,1.3964081145569824,2025-52-103
1164,0,1.8226331357860166,2025-1-104
1165,0,3.4699980895403923,2025-2-104
1166,0,-0.32891457018435055,2025-3-104
1167,0,-1.4169617615129302,2025-4-104
1168,0,-0.587088343195632,2025-5-104
1169,0,1.2827123746451239,2025-6-104
1170,0,0.3364296893337668,2025-7-104
1171,0,-2.2080672864729975,2025-8-104
1172,0,-0.9907504255052886,2025-9-104
1173,1,-0.3207160108741589,2025-10-104
1174,1,0.7494308085072219,2025-11-104
1175,1,-0.3385493418908805,2025-12-104
1176,0,0.17949822771370938,2025-13-104
1177,0,-0.2415752427364759,2025-14-104
1178,0,0.2640731657202475,2025-15-104
1179,0,-0.5102377637328352,2025-16-104
1180,1,-1.8869229403885437,2025-17-104
1181,0,-0.48356501074211744,2025-18-104
1182,0,0.872193786596899,2025-19-104
1183,0,1.490216952745258,2025-20-104
1184,0,0.9903808866910895,2025-21-104
1185,1,2.16926609297484,2025-22-104
1186,0,2.62876541722584,2025-23-104
1187,1,3.091052018221541,2025-24-104
1188,0,1.1889548843381461,2025-25-104
1189,0,0.20126609227705305,2025-26-104
1190,0,1.6603471087263322,2025-27-104
1191,0,1.1779916878932106,2025-28-104
1192,0,2.5135894243725336,2025-29-104
1193,0,2.158187619172217,2025-30-104
1194,0,1.200482696060204,2025-31-104
1195,0,1.6810666128238247,2025-32-104
1196,0,0.5999466586235438,2025-33-104
1197,0,0.39829496260726005,2025-34-104
1198,0,0.39873289190240024,2025-35-104
1199,0,1.351030285263164,2025-36-104
1200,0,1.0162023950559371,2025-37-104
1201,1,0.1546386806064266,2025-38-104
1202,0,0.20147218552912793,2025-39-104
1203,0,0.38136902540273265,2025-40-104
1204,0,0.9700537733429413,2025-41-104
1205,0,1.563231925513684,2025-42-104
1206,0,1.9227572808984645,2025-43-104
1207,1,1.4183994868981835,2025-44-104
1208,2,1.0854148141437152,2025-45-104
1209,0,1.2495201476903002,2025-46-104
1210,0,0.23212246480186227,2025-47-104
1211,0,-0.34596063608978067,2025-48-104
1212,0,1.1442199227504828,2025-49-104
1213,0,1.810110274828805,2025-50-104
1214,0,0.6676178544127764,2025-51-104
1215,0,1.1977722536270057,2025-52-104
1468,0,-3.1102387092005706,2025-1-105
1469,0,-0.89943819962452,2025-2-105
1470,0,-0.34668942436324013,2025-3-105
1471,0,-2.0894702854106035,2025-4-105
1472,0,-0.6879581431280335,2025-5-105
1473,0,1.6880139315206129,2025-6-105
1474,0,1.3901453890947548,2025-7-105
1475,0,-2.4811635219668733,2025-8-105
1476,1,-1.8712952144979202,2025-9-105
1477,0,-0.3223633450544141,2025-10-105
1478,0,0.3710010593812303,2025-11-105
1479,0,-0.3356357163730639,2025-12-105
1480,1,0.13780797822496016,2025-13-105
1481,0,0.6147229224643529,2025-14-105
1482,0,-0.34729147643609704,2025-15-105
1483,0,-1.3749473034497774,2025-16-105
1484,0,-3.449303494744313,2025-17-105
1485,0,0.40720143369454664,2025-18-105
1486,0,1.2595631172384163,2025-19-105
1487,0,1.2812046947890767,2025-20-105
1488,0,0.6574125144694776,2025-21-105
1489,0,1.2848364459912063,2025-22-105
1490,0,1.8079452858523921,2025-23-105
1491,0,2.595309523177707,2025-24-105
1492,0,1.7338038695269407,2025-25-105
1493,0,0.3346424836618791,2025-26-105
1494,0,1.1570215982225096,2025-27-105
1495,0,0.9741390983612468,2025-28-105
1496,0,1.1514070322141623,2025-29-105
1497,0,2.0371467696983143,2025-30-105
1498,0,2.032259205117122,2025-31-105
1499,0,1.931907235456708,2025-32-105
1500,0,0.2936999532752318,2025-33-105
1501,0,-0.21687020926343248,2025-34-105
1502,0,0.4826001296843674,2025-35-105
1503,0,1.8369621309471018,2025-36-105
1504,0,1.2877149354347417,2025-37-105
1505,0,0.07041953110913601,2025-38-105
1506,0,0.4014714421346599,2025-39-105
1507,0,0.6709090047331303,2025-40-105
1508,0,1.3693201475679724,2025-41-105
1509,0,1.660507510986158,2025-42-105
1510,0,1.196362096097325,2025-43-105
1511,0,1.3469904102648276,2025-44-105
1512,0,1.2445992191597932,2025-45-105
1513,0,1.698961642951028,2025-46-105
1514,0,1.3990420963783212,2025-47-105
1515,1,0.5644587827190843,2025-48-105
1516,0,-0.09790821894852808,2025-49-105
1517,0,-0.4677669756268976,2025-50-105
1518,0,0.2615473829407229,2025-51-105
1519,0,0.3874239196371292,2025-52-105
1772,0,-3.760795785949123,2025-1-106
1773,1,-0.7170759657194758,2025-2-106
1774,1,-0.9775551205603041,2025-3-106
1775,1,-2.504138096496374,2025-4-106
1776,0,-0.0977985799753398,2025-5-106
1777,0,1.8136597057215464,2025-6-106
1778,1,2.107147367416521,2025-7-106
1779,1,-1.8989516561757775,2025-8-106
1780,2,-0.6447661924375105,2025-9-106
1781,1,-0.7122009026384486,2025-10-106
1782,0,-0.14758908560160355,2025-11-106
1783,0,-0.13479247894187685,2025-12-106
1784,0,1.009913607091014,2025-13-106
1785,0,1.4301226355621837,2025-14-106
1786,0,0.0023251523157004073,2025-15-106
1787,1,-2.0895613337126986,2025-16-106
1788,1,-3.9543531664648843,2025-17-106
1789,0,-0.9026654808624142,2025-18-106
1790,0,0.8777525201583671,2025-19-106
1791,0,1.2599396766490816,2025-20-106
1792,0,1.5709749652861107,2025-21-106
1793,0,2.0919246292465474,2025-22-106
1794,0,1.8872329770235312,2025-23-106
1795,0,2.2953627118822286,2025-24-106
1796,0,1.204601661127535,2025-25-106
1797,0,0.2882733472645973,2025-26-106
1798,2,0.8714844323532458,2025-27-106
1799,0,0.5653348444454727,2025-28-106
1800,0,1.2483564130522917,2025-29-106
1801,0,1.8496296794407139,2025-30-106
1802,0,0.9476451860104471,2025-31-106
1803,0,3.0372989876636174,2025-32-106
1804,0,0.8716346030614415,2025-33-106
1805,2,-0.1978844657866925,2025-34-106
1806,1,-0.28204744821559036,2025-35-106
1807,1,1.3606766597809334,2025-36-106
1808,0,0.9655163811411782,2025-37-106
1809,0,0.09281491861946867,2025-38-106
1810,0,1.6895042470598363,2025-39-106
1811,0,1.4245442501511985,2025-40-106
1812,0,2.5807796502548266,2025-41-106
1813,1,1.9513740710905856,2025-42-106
1814,0,0.49717333666858643,2025-43-106
1815,0,0.5293788254892533,2025-44-106
1816,0,0.3245924157448732,2025-45-106
1817,0,1.0764710246191744,2025-46-106
1818,1,0.7508982744761261,2025-47-106
1819,1,-1.01358984813174,2025-48-106
1820,1,-0.11892957509238533,2025-49-106
1821,1,-0.3270477093327653,2025-50-106
1822,0,0.40824958562260516,2025-51-106
1823,1,1.4938434147349344,2025-52-106
2076,1,-1.2859819800337875,2025-1-107
2077,3,2.230066955984266,2025-2-107
2078,0,2.8089885831090546,2025-3-107
2079,0,-1.0663960241375023,2025-4-107
2080,0,-1.9515246807599884,2025-5-107
2081,1,1.7507945866427015,2025-6-107
2082,0,4.152869913421217,2025-7-107
2083,2,-1.4535526694938503,2025-8-107
2084,2,-1.9087466761395002,2025-9-107
2085,0,-1.2949153395011925,2025-10-107
2086,0,1.3593516391553602,2025-11-107
2087,1,0.4384945194681209,2025-12-107
2088,0,2.3868898509581005,2025-13-107
2089,1,1.5034630100631203,2025-14-107
2090,0,-0.7513180783859283,2025-15-107
2091,0,-2.23368003583658,2025-16-107
2092,0,-2.5801733038577432,2025-17-107
2093,0,0.14475488736336217,2025-18-107
2094,0,2.107093143230662,2025-19-107
2095,1,1.7647315146634541,2025-20-107
2096,0,1.265065609004373,2025-21-107
2097,0,0.9627240789492126,2025-22-107
2098,0,2.356009435080347,2025-23-107
2099,0,3.252763713216445,2025-24-107
2100,0,2.9018027388241534,2025-25-107
2101,1,0.39027294304689475,2025-26-107
2102,0,1.1614984606757517,2025-27-107
2103,0,0.421273857739779,2025-28-107
2104,0,1.5942799812846327,2025-29-107
2105,0,2.5647042891759955,2025-30-107
2106,0,2.6248674600740354,2025-31-107
2107,0,2.118991730627671,2025-32-107
2108,0,0.40646970786320846,2025-33-107
2109,0,-0.371418854243994,2025-34-107
2110,0,0.38943993056789683,2025-35-107
2111,0,1.7933263356314861,2025-36-107
2112,0,0.7893980888023955,2025-37-107
2113,1,0.16432007271068327,2025-38-107
2114,0,0.5278027289275609,2025-39-107
2115,0,1.1953400969320083,2025-40-107
2116,1,1.523568746717319,2025-41-107
2117,0,1.9274132855871262,2025-42-107
2118,0,1.5026655190042726,2025-43-107
2119,0,1.1379061990971064,2025-44-107
2120,0,1.1956216190179392,2025-45-107
2121,1,2.3501212398285607,2025-46-107
2122,1,0.4951197074197302,2025-47-107
2123,0,-1.5276218902764511,2025-48-107
2124,0,-0.6741478136579073,2025-49-107
2125,0,0.8349971533370377,2025-50-107
2126,0,1.8772645354593072,2025-51-107
2127,3,1.3622804994830227,2025-52-107
2380,1,-1.3950902672002523,2025-1-108
2381,4,-0.6312011860089699,2025-2-108
2382,4,-0.17941053376758687,2025-3-108
2383,0,-3.2839182318089564,2025-4-108
2384,1,-1.5423981096779245,2025-5-108
2385,1,2.0975322994620664,2025-6-108
2386,0,4.6564178875907976,2025-7-108
2387,0,1.1169992314950492,2025-8-108
2388,1,-1.9822165170148165,2025-9-108
2389,1,-1.2853958189493375,2025-10-108
2390,1,-0.22172173631092384,2025-11-108
2391,0,-0.7027718667813505,2025-12-108
2392,0,-0.7383522997944527,2025-13-108
2393,1,-0.2779920228944359,2025-14-108
2394,1,-0.04545868406480125,2025-15-108
2395,0,-1.254893568696438,2025-16-108
2396,1,-3.7443312049543365,2025-17-108
2397,0,-0.8469730722541953,2025-18-108
2398,0,1.3694679377353316,2025-19-108
2399,1,1.5463204668965056,2025-20-108
2400,0,0.45109935122934575,2025-21-108
2401,1,1.3738771576444158,2025-22-108
2402,0,0.8552592643705736,2025-23-108
2403,0,1.0955901077083579,2025-24-108
2404,0,1.3204670218229229,2025-25-108
2405,1,0.42876927828152755,2025-26-108
2406,1,1.8456158461914174,2025-27-108
2407,0,1.1574864238810623,2025-28-108
2408,0,1.3371660332227122,2025-29-108
2409,0,1.3712122828155306,2025-30-108
2410,0,1.7708899238326534,2025-31-108
2411,1,2.4395594797776567,2025-32-108
2412,1,0.20741623433799727,2025-33-108
2413,0,-0.9613774406809381,2025-34-108
2414,1,-0.34337825112199605,2025-35-108
2415,0,0.8249722373624988,2025-36-108
2416,0,0.769969947437207,2025-37-108
2417,3,0.21432889352387408,2025-38-108
2418,1,0.4037388906348407,2025-39-108
2419,0,1.3353414357144675,2025-40-108
2420,0,0.8510340974366173,2025-41-108
2421,1,1.596404688357218,2025-42-108
2422,1,3.117676602165981,2025-43-108
2423,0,2.0049745663794143,2025-44-108
2424,0,0.2824602577721649,2025-45-108
2425,1,0.12470268762906445,2025-46-108
2426,1,1.2749294106277071,2025-47-108
2427,0,-0.41094652182133196,2025-48-108
2428,1,-0.7736420132908037,2025-49-108
2429,0,-0.06093546014093576,2025-50-108
2430,3,1.3928022434965592,2025-51-108
2431,0,0.8933652811081907,2025-52-108
2684,3,1.7485800032315288,2025-1-109
2685,2,3.8255557331246988,2025-2-109
2686,1,1.628010252827941,2025-3-109
2687,1,0.18455744162433607,2025-4-109
2688,0,-0.6041872347385104,2025-5-109
2689,2,2.2248315832713708,2025-6-109
2690,3,1.6932952587225574,2025-7-109
2691,1,-1.4683262127533152,2025-8-109
2692,3,-1.2949205685631857,2025-9-109
2693,2,-1.2979770137189592,2025-10-109
2694,0,1.4818048020266517,2025-11-109
2695,2,2.436157571183235,2025-12-109
2696,1,1.326221739838388,2025-13-109
2697,1,1.212188518966232,2025-14-109
2698,0,-0.06754923131837609,2025-15-109
2699,2,-2.1653247498679744,2025-16-109
2700,0,-2.6961171276542015,2025-17-109
2701,1,0.14263381828914046,2025-18-109
2702,2,1.7424631571401776,2025-19-109
2703,3,0.22417319625696397,2025-20-109
2704,1,1.6992892692505204,2025-21-109
2705,1,0.9981603500443619,2025-22-109
2706,1,2.430578018397171,2025-23-109
2707,3,3.310416844910743,2025-24-109
2708,4,4.488303741839356,2025-25-109
2709,3,1.5353404302250164,2025-26-109
2710,2,1.9028821484380207,2025-27-109
2711,5,1.2520687703049636,2025-28-109
2712,2,3.871911088425083,2025-29-109
2713,2,5.809642102368619,2025-30-109
2714,0,4.365199045909066,2025-31-109
2715,0,3.0044080973487017,2025-32-109
2716,1,4.241513941194754,2025-33-109
2717,2,1.894184292182292,2025-34-109
2718,3,1.6088172563163603,2025-35-109
2719,1,0.4213791974719281,2025-36-109
2720,3,0.04795433010280936,2025-37-109
2721,0,-0.25006002632146407,2025-38-109
2722,5,1.8297939230900386,2025-39-109
2723,5,3.652979668001906,2025-40-109
2724,3,2.577866451760597,2025-41-109
2725,7,4.139704131969247,2025-42-109
2726,6,0.4721512346206165,2025-43-109
2727,7,4.816489857415202,2025-44-109
2728,3,5.293614385486121,2025-45-109
2729,3,4.895505761503338,2025-46-109
2730,7,5.405615302779869,2025-47-109
2731,5,3.3656914661253756,2025-48-109
2732,4,5.298474227406549,2025-49-109
2733,7,2.2391508636959063,2025-50-109
2734,6,1.960567679139062,2025-51-109
2735,0,5.0347001502637445,2025-52-109
2988,6,30.662873032272138,2025-1-110
2989,6,21.054239657456417,2025-2-110
2990,7,12.146057040397578,2025-3-110
2991,4,6.546656264704652,2025-4-110
2992,4,9.140296260304558,2025-5-110
2993,4,1.8074870061009505,2025-6-110
2994,4,1.238923709045414,2025-7-110
2995,2,-0.5171369602277043,2025-8-110
2996,7,1.0810342583630819,2025-9-110
2997,2,1.4315946769752934,2025-10-110
2998,5,2.2117059123814142,2025-11-110
2999,3,2.3681898674573,2025-12-110
3000,2,1.0027013023714808,2025-13-110
3001,0,4.460686679492489,2025-14-110
3002,2,0.8022622132181816,2025-15-110
3003,2,1.7985072918168614,2025-16-110
3004,0,-2.0300293084406476,2025-17-110
3005,0,1.0055612367986004,2025-18-110
3006,1,-0.25662013545861617,2025-19-110
3007,2,1.5007017750794132,2025-20-110
3008,1,1.827421914920992,2025-21-110
3009,1,1.2566840534881039,2025-22-110
3010,1,0.9935254788541648,2025-23-110
3011,4,2.2778749198191255,2025-24-110
3012,3,3.282776295540967,2025-25-110
3013,0,1.3613176994922684,2025-26-110
3014,4,1.7825331708906889,2025-27-110
3015,0,1.2163937429640486,2025-28-110
3016,6,4.526822666410958,2025-29-110
3017,4,4.863113457667425,2025-30-110
3018,7,1.2429756161911825,2025-31-110
3019,7,3.628572347354104,2025-32-110
3020,13,0.2419665128899604,2025-33-110
3021,10,4.686474187343038,2025-34-110
3022,10,3.4035939419628374,2025-35-110
3023,10,8.154205215043921,2025-36-110
3024,12,5.971087557982162,2025-37-110
3025,8,10.524442356585382,2025-38-110
3026,8,8.661472909060066,2025-39-110
3027,15,8.79579904316408,2025-40-110
3028,9,8.053352526604575,2025-41-110
3029,12,11.650498671238006,2025-42-110
3030,8,7.142268248169357,2025-43-110
3031,6,5.556892841072674,2025-44-110
3032,3,10.782569109437325,2025-45-110
3033,5,9.285212792214372,2025-46-110
3034,6,10.879693812052013,2025-47-110
3035,1,4.321846125361495,2025-48-110
3036,3,3.219135643652799,2025-49-110
3037,2,-0.7873955539874835,2025-50-110
3038,8,2.0356993587998873,2025-51-110
3039,6,4.044940705986454,2025-52-110
3292,0,-2.4113989967320166,2025-1-111
3293,0,-1.2664787898892285,2025-2-111
3294,1,-0.5883792287711413,2025-3-111
3295,0,-3.9934495200846913,2025-4-111
3296,0,1.3888032391635485,2025-5-111
3297,0,3.4368762694508637,2025-6-111
3298,1,0.7360442778553713,2025-7-111
3299,0,-4.8058022073068045,2025-8-111
3300,0,-4.055476358775682,2025-9-111
3301,0,-1.5531746112152214,2025-10-111
3302,0,-0.8570460473096655,2025-11-111
3303,0,-0.7141353961128196,2025-12-111
3304,0,-0.4976587473089209,2025-13-111
3305,0,-1.176523179103969,2025-14-111
3306,0,-1.6110543493456029,2025-15-111
3307,0,-2.0739265958976856,2025-16-111
3308,1,-3.745590219595751,2025-17-111
3309,0,-0.5172880189648419,2025-18-111
3310,0,0.885208397657061,2025-19-111
3311,0,0.3150910031659375,2025-20-111
3312,0,0.23882616884576002,2025-21-111
3313,0,1.9073768373991382,2025-22-111
3314,0,1.2581175262875481,2025-23-111
3315,0,0.9365029333805945,2025-24-111
3316,0,0.5921812588042559,2025-25-111
3317,0,5.607471196400482e-05,2025-26-111
3318,0,0.6830591328671609,2025-27-111
3319,0,1.4518470590438588,2025-28-111
3320,0,1.6938795698334785,2025-29-111
3321,0,1.764559066000019,2025-30-111
3322,0,1.0138959923783073,2025-31-111
3323,0,1.83078401364323,2025-32-111
3324,0,-0.20094386166885503,2025-33-111
3325,1,-1.1681343863535258,2025-34-111
3326,0,-0.28144294268911985,2025-35-111
3327,0,0.590873946486759,2025-36-111
3328,0,0.0490943764852525,2025-37-111
3329,0,-0.8149709640429221,2025-38-111
3330,0,0.6675007514482667,2025-39-111
3331,0,0.7339356532054615,2025-40-111
3332,0,0.9856793012881795,2025-41-111
3333,1,1.5090671051560367,2025-42-111
3334,0,0.900402102412011,2025-43-111
3335,1,0.10682531050637989,2025-44-111
3336,2,-0.1919750134111271,2025-45-111
3337,0,1.1716332425672853,2025-46-111
3338,1,1.519700368364433,2025-47-111
3339,0,-1.2513830984316807,2025-48-111
3340,0,0.8393262524882164,2025-49-111
3341,0,1.8197230509200615,2025-50-111
3342,2,-0.723374353018591,2025-51-111
3343,0,-1.3800549807359839,2025-52-111
3596,0,-2.7441795861408536,2025-1-112
3597,0,-0.40856810489897644,2025-2-112
3598,0,2.0580045552580706,2025-3-112
3599,0,-0.5851290010822003,2025-4-112
3600,0,-0.7894618994199867,2025-5-112
3601,1,0.30194000863265513,2025-6-112
3602,0,0.42194980739775456,2025-7-112
3603,0,-2.307802564533238,2025-8-112
3604,0,-0.5067337434597907,2025-9-112
3605,0,0.11787351456990702,2025-10-112
3606,0,1.2946398424976333,2025-11-112
3607,0,-0.21174211130415532,2025-12-112
3608,0,0.07005516237734266,2025-13-112
3609,0,-0.5868175608506419,2025-14-112
3610,1,-0.7050947302457837,2025-15-112
3611,0,-1.7030684584411175,2025-16-112
3612,0,-3.0856327320600214,2025-17-112
3613,0,-0.3781879491172102,2025-18-112
3614,0,0.9795927033219414,2025-19-112
3615,0,2.3078141916273083,2025-20-112
3616,0,1.0407247706278295,2025-21-112
3617,1,1.0904914862587818,2025-22-112
3618,0,1.6126602269510828,2025-23-112
3619,0,2.933093464219666,2025-24-112
3620,0,1.6351494868573462,2025-25-112
3621,0,0.33569275979301105,2025-26-112
3622,0,1.8811477048340386,2025-27-112
3623,0,0.6904337428147422,2025-28-112
3624,0,0.999447382142141,2025-29-112
3625,0,1.8822322595808383,2025-30-112
3626,0,0.8940829821603482,2025-31-112
3627,0,1.1498632470582035,2025-32-112
3628,0,0.6292459295257808,2025-33-112
3629,0,0.09691683720796318,2025-34-112
3630,0,0.2501659269588439,2025-35-112
3631,0,1.460316530937358,2025-36-112
3632,1,1.1543878457027144,2025-37-112
3633,0,0.33677729289304903,2025-38-112
3634,1,-0.21967643947485982,2025-39-112
3635,0,0.36093655005434044,2025-40-112
3636,0,1.821809146054264,2025-41-112
3637,0,2.7362215999169135,2025-42-112
3638,0,1.051426460394791,2025-43-112
3639,0,1.837719801204391,2025-44-112
3640,2,1.8418430576207194,2025-45-112
3641,0,2.034762141518942,2025-46-112
3642,0,-0.40712487454316015,2025-47-112
3643,0,-2.3992169280781295,2025-48-112
3644,0,-0.5958638203117967,2025-49-112
3645,1,1.88530156343299,2025-50-112
3646,1,1.147020518972138,2025-51-112
3647,0,0.8913992547828835,2025-52-112
3900,7,0.13466662766821713,2025-1-113
3901,7,4.531768652068467,2025-2-113
3902,0,4.084392117391936,2025-3-113
3903,1,-1.6278708345999786,2025-4-113
3904,1,-2.599711186641126,2025-5-113
3905,0,4.578075091758318,2025-6-113
3906,2,7.287649235644286,2025-7-113
3907,0,-2.076619852091771,2025-8-113
3908,0,-3.4422739703364074,2025-9-113
3909,1,-2.2373138833319017,2025-10-113
3910,1,-0.20736528973039237,2025-11-113
3911,0,0.3733678841056034,2025-12-113
3912,1,-0.6004785618899993,2025-13-113
3913,0,-1.2740720437280877,2025-14-113
3914,0,-1.235897460424615,2025-15-113
3915,2,-1.5310986081098688,2025-16-113
3916,0,-3.6811467966939815,2025-17-113
3917,0,-0.2341502319188309,2025-18-113
3918,0,0.43755523346356506,2025-19-113
3919,0,0.506532836643899,2025-20-113
3920,0,1.76001869462374,2025-21-113
3921,0,1.008887442181602,2025-22-113
3922,0,0.5885828974762992,2025-23-113
3923,0,0.5757437088197448,2025-24-113
3924,0,0.7619555648608531,2025-25-113
3925,1,0.030265012650846135,2025-26-113
3926,0,0.831631363322106,2025-27-113
3927,1,0.7623446160745244,2025-28-113
3928,0,0.9433751817267795,2025-29-113
3929,1,1.7323442660095432,2025-30-113
3930,1,1.5573372761652537,2025-31-113
3931,1,0.9617295711214338,2025-32-113
3932,2,0.43212191960222857,2025-33-113
3933,0,-0.7661046007688705,2025-34-113
3934,1,0.44714759965971185,2025-35-113
3935,1,1.264867310476503,2025-36-113
3936,1,0.6237487279953533,2025-37-113
3937,0,0.3207659295366754,2025-38-113
3938,0,-0.19932833273287098,2025-39-113
3939,0,0.9394780301238499,2025-40-113
3940,2,1.1144729345363729,2025-41-113
3941,0,2.4789186800902017,2025-42-113
3942,2,-0.08810693148497295,2025-43-113
3943,0,-0.9276782247545152,2025-44-113
3944,1,-0.7948042836521121,2025-45-113
3945,6,2.6434726552516077,2025-46-113
3946,0,1.147598431779946,2025-47-113
3947,1,0.5004536896305942,2025-48-113
3948,1,-1.3409576599238666,2025-49-113
3949,2,0.038685412229930716,2025-50-113
3950,1,4.479994100833918,2025-51-113
3951,2,0.47703740485946877,2025-52-113
4204,0,-1.1108698811680537,2025-1-114
4205,1,0.3152429450575216,2025-2-114
4206,0,-0.3632685555620734,2025-3-114
4207,0,-3.23128757627577,2025-4-114
4208,0,-0.833018445940485,2025-5-114
4209,0,3.032605117733617,2025-6-114
4210,1,2.0698524128376117,2025-7-114
4211,0,-3.7987889516795206,2025-8-114
4212,0,-2.206579960155301,2025-9-114
4213,0,-0.5967888152647336,2025-10-114
4214,0,0.08331635337430265,2025-11-114
4215,0,-0.011883879209767745,2025-12-114
4216,0,-0.23264637422062684,2025-13-114
4217,0,-0.5272977288251401,2025-14-114
4218,0,-0.8311655246612717,2025-15-114
4219,0,-2.050129162019188,2025-16-114
4220,0,-3.4082508883191376,2025-17-114
4221,0,-0.36270295230186544,2025-18-114
4222,0,0.9012814625570615,2025-19-114
4223,0,0.6351404673908156,2025-20-114
4224,1,0.5777370706653846,2025-21-114
4225,0,1.080651184663806,2025-22-114
4226,0,1.0175591760519915,2025-23-114
4227,0,1.3742292872677644,2025-24-114
4228,1,1.1549130180552964,2025-25-114
4229,0,1.4709851332165917,2025-26-114
4230,0,1.4745085389777155,2025-27-114
4231,0,1.556925998513278,2025-28-114
4232,0,1.3906565725373812,2025-29-114
4233,1,2.9178191657105357,2025-30-114
4234,0,1.110296642302842,2025-31-114
4235,0,1.7242322981496065,2025-32-114
4236,0,0.11862165284648674,2025-33-114
4237,1,-0.2443933305710826,2025-34-114
4238,0,0.8664517357055752,2025-35-114
4239,1,1.196209729656138,2025-36-114
4240,0,-0.08328142838580233,2025-37-114
4241,0,-1.2311598562850778,2025-38-114
4242,0,0.9251501228614041,2025-39-114
4243,1,0.7859267494049695,2025-40-114
4244,0,1.8776973729278108,2025-41-114
4245,0,2.015138731588852,2025-42-114
4246,0,0.9434543193393177,2025-43-114
4247,0,0.24270319014834207,2025-44-114
4248,0,1.0246696131428763,2025-45-114
4249,1,1.4078263530991872,2025-46-114
4250,1,0.8622426377106045,2025-47-114
4251,0,-1.6392717468538298,2025-48-114
4252,0,-0.9821125566939499,2025-49-114
4253,0,0.08573961574641098,2025-50-114
4254,0,1.5300796327585757,2025-51-114
4255,1,0.7708217213470401,2025-52-114
4508,1,-0.35408793166207886,2025-1-115
4509,1,-0.6220352007895791,2025-2-115
4510,1,0.10744871679577583,2025-3-115
4511,0,-3.932361831504154,2025-4-115
4512,0,-2.249576806172841,2025-5-115
4513,0,1.066773201284505,2025-6-115
4514,1,1.621792504164539,2025-7-115
4515,1,-1.5908148432994431,2025-8-115
4516,1,-1.983839829387509,2025-9-115
4517,0,-1.3289073715720083,2025-10-115
4518,0,-0.3282046479525267,2025-11-115
4519,1,0.09957118606127979,2025-12-115
4520,0,0.6113943290493946,2025-13-115
4521,0,0.15398463349818314,2025-14-115
4522,0,-1.2971112203635218,2025-15-115
4523,0,-2.5827407097915427,2025-16-115
4524,0,-2.996054446819047,2025-17-115
4525,1,-0.3765578705144019,2025-18-115
4526,0,0.7304189642725603,2025-19-115
4527,0,0.3405810079944174,2025-20-115
4528,0,0.44188962508531615,2025-21-115
4529,0,0.9028671092024685,2025-22-115
4530,0,2.0086286707111944,2025-23-115
4531,0,1.6581359506854185,2025-24-115
4532,0,0.78515989955548,2025-25-115
4533,0,-0.1777986525973576,2025-26-115
4534,0,0.9101423266110795,2025-27-115
4535,0,0.9712439781232303,2025-28-115
4536,0,1.3369595948328727,2025-29-115
4537,0,1.874125238462019,2025-30-115
4538,0,1.231147461676506,2025-31-115
4539,1,1.3594067020563658,2025-32-115
4540,0,0.05573291684288595,2025-33-115
4541,0,-0.6354866193730873,2025-34-115
4542,0,-0.17797389323334123,2025-35-115
4543,0,0.7570355805471336,2025-36-115
4544,0,0.7422571248183836,2025-37-115
4545,0,-0.7927155843011442,2025-38-115
4546,0,0.014766795516503617,2025-39-115
4547,0,0.5010490781890296,2025-40-115
4548,0,0.813591730860435,2025-41-115
4549,0,1.467081147858369,2025-42-115
4550,0,0.488064749925341,2025-43-115
4551,0,0.39261921465142,2025-44-115
4552,0,0.057220976928900935,2025-45-115
4553,0,0.8788248714501217,2025-46-115
4554,0,0.2130754165657498,2025-47-115
4555,0,-1.8274137404615822,2025-48-115
4556,0,-1.127502710457064,2025-49-115
4557,0,0.12069394147983914,2025-50-115
4558,0,0.8333847143203448,2025-51-115
4559,0,0.18398620517952802,2025-52-115
4812,0,-0.370248088572529,2025-1-116
4813,0,-0.7411596719778712,2025-2-116
4814,0,0.588983982258652,2025-3-116
4815,0,-1.5679753456548844,2025-4-116
4816,0,-0.32101912324034476,2025-5-116
4817,0,1.0387691544946112,2025-6-116
4818,0,1.5297167615133618,2025-7-116
4819,0,-1.0251389634046926,2025-8-116
4820,0,0.012742611433855355,2025-9-116
4821,0,0.07423310393226679,2025-10-116
4822,0,1.2254871053780443,2025-11-116
4823,0,0.7732914225655882,2025-12-116
4824,0,1.1375881844428517,2025-13-116
4825,0,0.4282763425845473,2025-14-116
4826,0,-0.062059245704211285,2025-15-116
4827,0,-0.7891970994117776,2025-16-116
4828,0,-2.1741285286430165,2025-17-116
4829,0,0.327349718863271,2025-18-116
4830,0,1.8827256367476704,2025-19-116
4831,0,2.1352233570795027,2025-20-116
4832,0,1.5728991017113296,2025-21-116
4833,0,1.782050611496744,2025-22-116
4834,0,3.272354692781624,2025-23-116
4835,0,4.135435503168451,2025-24-116
4836,0,2.6276876003240295,2025-25-116
4837,1,0.9714427220116413,2025-26-116
4838,0,2.0133363670616786,2025-27-116
4839,0,1.9187695916624468,2025-28-116
4840,0,2.6417957656578617,2025-29-116
4841,0,3.0535895345324193,2025-30-116
4842,0,2.3989952710305147,2025-31-116
4843,0,1.9666713659244897,2025-32-116
4844,0,1.1059086945468342,2025-33-116
4845,0,1.1624127833236386,2025-34-116
4846,0,1.2737467481497333,2025-35-116
4847,0,1.9811793138111353,2025-36-116
4848,0,1.3618683533057123,2025-37-116
4849,0,0.6595758204734858,2025-38-116
4850,0,0.7545727043353176,2025-39-116
4851,0,1.391622531161991,2025-40-116
4852,0,1.807639414604808,2025-41-116
4853,0,2.865827136345344,2025-42-116
4854,0,2.1781819504581152,2025-43-116
4855,0,2.18400749557557,2025-44-116
4856,0,1.6502618725577791,2025-45-116
4857,0,2.076291344810522,2025-46-116
4858,0,0.8699605477182426,2025-47-116
4859,0,0.3783217803214165,2025-48-116
4860,0,0.4634082108668056,2025-49-116
4861,0,1.1064427238181942,2025-50-116
4862,0,1.6153376239720494,2025-51-116
4863,0,1.7943623879761206,2025-52-116
5116,0,-2.361119223887441,2025-1-117
5117,0,-0.8604636380448603,2025-2-117
5118,0,-0.4676055838549731,2025-3-117
5119,0,-2.4510535273789062,2025-4-117
5120,0,-1.2580092811130634,2025-5-117
5121,0,1.3416888214885727,2025-6-117
5122,0,1.2916237121779304,2025-7-117
5123,0,-2.462298904633155,2025-8-117
5124,0,-1.9270324554456315,2025-9-117
5125,0,-0.5506231229210368,2025-10-117
5126,0,0.26769449207284035,2025-11-117
5127,0,-0.26290698331899565,2025-12-117
5128,0,0.011163198374812389,2025-13-117
5129,0,-0.43125440865090425,2025-14-117
5130,0,-0.7047654966298289,2025-15-117
5131,0,-1.5066153961079025,2025-16-117
5132,0,-3.2857649885309708,2025-17-117
5133,0,-0.23842414886916963,2025-18-117
5134,0,1.0852688367786816,2025-19-117
5135,0,0.839826340656673,2025-20-117
5136,0,0.3168721620037074,2025-21-117
5137,0,0.8375068920205848,2025-22-117
5138,0,1.9535323332208583,2025-23-117
5139,0,2.6103605345442524,2025-24-117
5140,0,1.0650846687223408,2025-25-117
5141,0,0.03825702414167376,2025-26-117
5142,0,1.3148894359954708,2025-27-117
5143,0,1.0432668556072073,2025-28-117
5144,0,1.80023149892472,2025-29-117
5145,0,2.257073926218158,2025-30-117
5146,0,1.6031923245324526,2025-31-117
5147,0,1.612270694176696,2025-32-117
5148,0,0.225530127456127,2025-33-117
5149,0,-0.1393425155094592,2025-34-117
5150,0,0.3602992443525195,2025-35-117
5151,0,1.5509245289762466,2025-36-117
5152,0,1.2671306977198618,2025-37-117
5153,0,-0.022683908912791928,2025-38-117
5154,0,0.4438013120294424,2025-39-117
5155,0,0.8441353380635768,2025-40-117
5156,0,1.4359387676885556,2025-41-117
5157,0,1.0891925032860708,2025-42-117
5158,0,0.22833252247988867,2025-43-117
5159,0,0.45803174131888147,2025-44-117
5160,0,1.4777771292387138,2025-45-117
5161,0,2.673117274035393,2025-46-117
5162,0,0.47970488556373514,2025-47-117
5163,0,-2.619478187303129,2025-48-117
5164,0,-0.9048164751541896,2025-49-117
5165,0,0.7450672893840262,2025-50-117
5166,0,1.9183167265155046,2025-51-117
5167,0,0.8104210264660274,2025-52-117
5420,3,2.3851114871156414,2025-1-118
5421,1,2.4186094347083618,2025-2-118
5422,1,2.5382479187073015,2025-3-118
5423,0,0.49564877482839886,2025-4-118
5424,2,-1.1891576824020205,2025-5-118
5425,0,2.0034272649004548,2025-6-118
5426,0,0.20565422880958018,2025-7-118
5427,0,-2.0057258476327546,2025-8-118
5428,1,-2.5979636853978136,2025-9-118
5429,0,0.3426484855231191,2025-10-118
5430,1,-0.01928213544149493,2025-11-118
5431,0,-0.8826078185450963,2025-12-118
5432,1,-1.102686938320526,2025-13-118
5433,0,-0.10914345315004814,2025-14-118
5434,0,-1.0605420350917458,2025-15-118
5435,1,-1.4956461200487854,2025-16-118
5436,0,-3.6991214636680962,2025-17-118
5437,1,0.22196351215719634,2025-18-118
5438,2,0.6030861194100239,2025-19-118
5439,0,0.543012340021682,2025-20-118
5440,0,0.9933871917712338,2025-21-118
5441,0,1.0932691718339664,2025-22-118
5442,0,2.0028052893879713,2025-23-118
5443,0,3.158347973473737,2025-24-118
5444,0,1.223010263276917,2025-25-118
5445,1,-0.18371025405537011,2025-26-118
5446,2,0.3932261440707854,2025-27-118
5447,0,1.045696269063852,2025-28-118
5448,1,1.35429007787358,2025-29-118
5449,1,1.811238047799437,2025-30-118
5450,2,1.8865204948588294,2025-31-118
5451,0,3.093276232599045,2025-32-118
5452,0,0.34350160019104337,2025-33-118
5453,0,-0.07354252849909138,2025-34-118
5454,1,0.15107324673748446,2025-35-118
5455,2,2.5717919380765584,2025-36-118
5456,3,-0.06715746380449517,2025-37-118
5457,3,-1.3734794072486074,2025-38-118
5458,3,-0.5914115747286859,2025-39-118
5459,0,1.524618771786161,2025-40-118
5460,1,2.64256101689342,2025-41-118
5461,1,4.284016118983121,2025-42-118
5462,2,3.2122252334146317,2025-43-118
5463,0,2.875293544526919,2025-44-118
5464,0,-0.27689537958944666,2025-45-118
5465,0,0.8027583770651123,2025-46-118
5466,2,0.40861849992246935,2025-47-118
5467,1,0.07415102911466498,2025-48-118
5468,0,-1.1235801160876586,2025-49-118
5469,0,-0.292359038356385,2025-50-118
5470,0,0.2779361265944882,2025-51-118
5471,0,1.8615715578920127,2025-52-118
5724,0,0.7506491456103124,2025-1-119
5725,0,7.5757072849632525,2025-2-119
5726,1,3.544520466625509,2025-3-119
5727,0,-2.466257329130969,2025-4-119
5728,0,-2.045580000181308,2025-5-119
5729,2,0.4230088446776237,2025-6-119
5730,0,0.9398570943180822,2025-7-119
5731,1,-2.07317260726644,2025-8-119
5732,0,-1.4482908815796738,2025-9-119
5733,0,-0.6065638332728516,2025-10-119
5734,0,1.7917872253606988,2025-11-119
5735,1,0.3289043382843184,2025-12-119
5736,0,1.05744757202473,2025-13-119
5737,0,-0.6131221534026259,2025-14-119
5738,0,-0.7040618061252331,2025-15-119
5739,2,-1.7249615100963953,2025-16-119
5740,3,-2.2737801391318118,2025-17-119
5741,2,0.023268899787332487,2025-18-119
5742,5,1.0663343924862643,2025-19-119
5743,5,0.8763657971050662,2025-20-119
5744,1,2.339906188504954,2025-21-119
5745,0,4.575824281809176,2025-22-119
5746,1,4.369390128086339,2025-23-119
5747,2,6.778844376244162,2025-24-119
5748,4,6.034515604212842,2025-25-119
5749,0,1.9109735047616492,2025-26-119
5750,1,0.01051788039779078,2025-27-119
5751,1,0.08125925360649155,2025-28-119
5752,1,2.3372994062095325,2025-29-119
5753,3,5.800136153282167,2025-30-119
5754,1,2.2462512151597585,2025-31-119
5755,3,1.9358873209781418,2025-32-119
5756,0,0.43429895493634474,2025-33-119
5757,0,0.8340685297853518,2025-34-119
5758,1,2.6994314775315584,2025-35-119
5759,0,2.972673476304652,2025-36-119
5760,1,3.1783221035026963,2025-37-119
5761,0,-0.8591517178335226,2025-38-119
5762,0,0.02800894640319518,2025-39-119
5763,2,0.8242487363477902,2025-40-119
5764,1,1.8748863439640389,2025-41-119
5765,0,2.894529659155523,2025-42-119
5766,0,0.8124015881109838,2025-43-119
5767,2,0.7809077576287584,2025-44-119
5768,2,2.20755991163504,2025-45-119
5769,0,2.341883671507482,2025-46-119
5770,1,1.3026304247353349,2025-47-119
5771,1,-0.20045319202512735,2025-48-119
5772,0,2.2106633075113793,2025-49-119
5773,1,2.017249213318335,2025-50-119
5774,0,0.44708446986265127,2025-51-119
5775,0,0.5445720134120484,2025-52-119
6028,0,-2.9244523548560255,2025-1-120
6029,0,-0.5795228787646471,2025-2-120
6030,0,-0.5500032504586918,2025-3-120
6031,0,-2.5538139414215313,2025-4-120
6032,0,-1.1737030902102439,2025-5-120
6033,0,1.0442199290247065,2025-6-120
6034,0,0.846021286423579,2025-7-120
6035,1,-2.5150847152779856,2025-8-120
6036,0,-1.6897888086369206,2025-9-120
6037,0,-0.7298130135164738,2025-10-120
6038,0,0.0757172079131716,2025-11-120
6039,0,-0.6177678110451308,2025-12-120
6040,0,0.7905994441304802,2025-13-120
6041,0,-0.34985220084929036,2025-14-120
6042,0,-0.9972006202322699,2025-15-120
6043,0,-2.049900622025801,2025-16-120
6044,0,-3.2780116704490303,2025-17-120
6045,0,-0.36477909851123824,2025-18-120
6046,0,1.09492958198381,2025-19-120
6047,0,0.9527092151466134,2025-20-120
6048,0,0.5054835034926555,2025-21-120
6049,0,1.0572899616763989,2025-22-120
6050,0,2.0749111892508383,2025-23-120
6051,0,2.654163951809462,2025-24-120
6052,0,1.288088760269665,2025-25-120
6053,0,-0.13664926962539736,2025-26-120
6054,0,1.2194108062914977,2025-27-120
6055,0,1.2607421841985793,2025-28-120
6056,0,1.551776241663631,2025-29-120
6057,0,1.9352613825168696,2025-30-120
6058,0,1.2245637560724394,2025-31-120
6059,0,1.4302373589636204,2025-32-120
6060,0,0.3888164794904969,2025-33-120
6061,0,-0.07090979145260645,2025-34-120
6062,0,0.3364716280342077,2025-35-120
6063,0,1.435344312581697,2025-36-120
6064,0,0.987764178770119,2025-37-120
6065,0,-0.04089862647421372,2025-38-120
6066,0,-0.08462978310909541,2025-39-120
6067,0,0.02356320787020927,2025-40-120
6068,0,1.3282837534791894,2025-41-120
6069,0,2.2480318178966026,2025-42-120
6070,0,0.8771995207099779,2025-43-120
6071,0,0.6928757832922234,2025-44-120
6072,0,0.42492585992303944,2025-45-120
6073,0,0.7694627708543718,2025-46-120
6074,0,-0.36087629697563983,2025-47-120
6075,0,-0.3608693115162218,2025-48-120
6076,0,0.8887038327982113,2025-49-120
6077,0,0.6844961809462506,2025-50-120
6078,0,-0.016910066301267346,2025-51-120
6079,0,0.5950837439675944,2025-52-120
6332,7,15.329887496353244,2025-1-201
6333,14,19.35743772427187,2025-2-201
6334,5,24.348837969182366,2025-3-201
6335,2,14.047968536680274,2025-4-201
6336,4,-3.672546589668072,2025-5-201
6337,6,-2.8158317366232253,2025-6-201
6338,2,7.957074720505036,2025-7-201
6339,1,3.9637121702558984,2025-8-201
6340,2,-1.8972726628870729,2025-9-201
6341,4,-1.6260370359834808,2025-10-201
6342,4,5.211693919477968,2025-11-201
6343,3,3.4346366771757304,2025-12-201
6344,6,1.143823722661193,2025-13-201
6345,5,1.3321486408589787,2025-14-201
6346,1,2.483449264868672,2025-15-201
6347,5,1.6045029873964998,2025-16-201
6348,2,0.4531379352569527,2025-17-201
6349,6,5.588468846793247,2025-18-201
6350,12,6.004664669730773,2025-19-201
6351,4,2.1735709512520702,2025-20-201
6352,5,3.8029768817795917,2025-21-201
6353,2,0.5926876524447531,2025-22-201
6354,5,3.4735543607430466,2025-23-201
6355,5,9.799867213646554,2025-24-201
6356,6,5.300203072740802,2025-25-201
6357,2,0.9915896757395704,2025-26-201
6358,8,-1.8039675007209932,2025-27-201
6359,7,5.359904674978344,2025-28-201
6360,2,6.397275805146692,2025-29-201
6361,12,7.530862378604217,2025-30-201
6362,5,2.5129119991842765,2025-31-201
6363,6,6.239104526760098,2025-32-201
6364,16,6.5340030203306405,2025-33-201
6365,18,3.075720775102946,2025-34-201
6366,11,10.019851707192846,2025-35-201
6367,12,6.9649195864112645,2025-36-201
6368,12,5.957815795387509,2025-37-201
6369,12,11.380642286438706,2025-38-201
6370,17,16.535053697141826,2025-39-201
6371,9,10.262323198617473,2025-40-201
6372,9,8.765935225896834,2025-41-201
6373,6,11.339967513414601,2025-42-201
6374,14,11.253661102701283,2025-43-201
6375,16,14.378040617932548,2025-44-201
6376,14,7.585528259438444,2025-45-201
6377,6,6.385531644075296,2025-46-201
6378,13,2.8846442914343564,2025-47-201
6379,7,10.633997823424588,2025-48-201
6380,17,14.99821908732085,2025-49-201
6381,16,13.629330742501782,2025-50-201
6382,13,3.8119446607809353,2025-51-201
6383,6,7.583973968125363,2025-52-201
6636,1,-1.4066899969279354,2025-1-202
6637,0,-4.070556751750502,2025-2-202
6638,0,0.2782701050438954,2025-3-202
6639,0,-1.5968087450748283,2025-4-202
6640,0,-1.6667219003995872,2025-5-202
6641,0,0.7612109346500238,2025-6-202
6642,1,-0.08569778029048702,2025-7-202
6643,1,-2.2931116461089753,2025-8-202
6644,0,-3.2771325427028137,2025-9-202
6645,0,-1.8787237524118434,2025-10-202
6646,0,0.26715089644173506,2025-11-202
6647,0,1.4028894544923494,2025-12-202
6648,0,1.7645665239387363,2025-13-202
6649,0,1.1702718116464705,2025-14-202
6650,0,-0.8867772960821267,2025-15-202
6651,0,-2.469682052611956,2025-16-202
6652,0,-2.276734540488866,2025-17-202
6653,0,1.0480165449879553,2025-18-202
6654,1,1.708842385877028,2025-19-202
6655,0,1.3303171523791781,2025-20-202
6656,1,0.7838600494540549,2025-21-202
6657,0,-1.2788476510344036,2025-22-202
6658,0,-2.69817968274813,2025-23-202
6659,1,0.32312420899052974,2025-24-202
6660,3,0.5117838838898061,2025-25-202
6661,0,-1.246434170526689,2025-26-202
6662,0,-1.489903847412735,2025-27-202
6663,2,1.903352887200371,2025-28-202
6664,1,3.0439772049026725,2025-29-202
6665,1,3.855113867811499,2025-30-202
6666,0,0.5788908961215831,2025-31-202
6667,1,-0.3192198107281117,2025-32-202
6668,1,1.113435841073978,2025-33-202
6669,0,1.1069311035111227,2025-34-202
6670,1,1.8313115014999641,2025-35-202
6671,0,1.571329033554438,2025-36-202
6672,0,2.1884628546914784,2025-37-202
6673,0,1.977718471807418,2025-38-202
6674,2,0.2434133278944115,2025-39-202
6675,0,-0.693542065876148,2025-40-202
6676,0,-0.19469337604071102,2025-41-202
6677,0,1.6028847846526955,2025-42-202
6678,0,0.23231885166629862,2025-43-202
6679,1,2.0374888590201508,2025-44-202
6680,0,0.9579657472227825,2025-45-202
6681,1,0.7530402595996248,2025-46-202
6682,2,0.21367687141379932,2025-47-202
6683,1,-0.2201064737753229,2025-48-202
6684,0,1.5041962610131412,2025-49-202
6685,0,0.566457370647091,2025-50-202
6686,0,1.7880002021956292,2025-51-202
6687,0,1.7252167241259793,2025-52-202
6940,0,-1.168486882635261,2025-1-203
6941,2,-1.1750358485747197,2025-2-203
6942,0,1.6554846610914769,2025-3-203
6943,1,-2.93886734492616,2025-4-203
6944,4,-1.9378875915126996,2025-5-203
6945,0,-0.09781106425073993,2025-6-203
6946,1,2.460883243294849,2025-7-203
6947,0,-1.787471930562988,2025-8-203
6948,0,-1.6781034020652856,2025-9-203
6949,0,1.5877267663166061,2025-10-203
6950,1,1.3835607238833745,2025-11-203
6951,1,1.5530213862393465,2025-12-203
6952,2,0.13069001972162342,2025-13-203
6953,1,1.0290643740220453,2025-14-203
6954,0,-1.2069948729338296,2025-15-203
6955,0,-1.5997231028872023,2025-16-203
6956,1,-1.3700786995162928,2025-17-203
6957,0,2.722312451381925,2025-18-203
6958,0,2.4578397649627686,2025-19-203
6959,0,1.0693814837286086,2025-20-203
6960,0,0.37065596186309424,2025-21-203
6961,0,-0.38922997842792384,2025-22-203
6962,0,-2.0396512085960583,2025-23-203
6963,0,-0.7520233525980506,2025-24-203
6964,0,-0.23682095742898746,2025-25-203
6965,1,-2.388263559148626,2025-26-203
6966,0,-1.434883726133616,2025-27-203
6967,0,1.280081035003712,2025-28-203
6968,0,2.094140883435352,2025-29-203
6969,1,1.326190492036452,2025-30-203
6970,0,1.7033446303974042,2025-31-203
6971,0,0.733674357441437,2025-32-203
6972,2,0.7851604445664817,2025-33-203
6973,0,0.06748185686520225,2025-34-203
6974,1,2.223892868474042,2025-35-203
6975,0,2.5121133532852005,2025-36-203
6976,0,0.3806977724908469,2025-37-203
6977,0,1.1099454249458987,2025-38-203
6978,1,-0.04490396549037179,2025-39-203
6979,0,0.6039411471472054,2025-40-203
6980,0,0.16371822941760295,2025-41-203
6981,0,2.758410738182338,2025-42-203
6982,0,1.0456225658171023,2025-43-203
6983,0,1.851619254092718,2025-44-203
6984,0,1.5397123461053428,2025-45-203
6985,0,1.2485626413663442,2025-46-203
6986,0,0.5500211404068995,2025-47-203
6987,1,-0.0472246705026822,2025-48-203
6988,0,0.9630057791250088,2025-49-203
6989,0,-0.3780482799649665,2025-50-203
6990,0,-0.011746465029886632,2025-51-203
6991,0,-0.0653213989662289,2025-52-203
7244,0,-3.5460976017534738,2025-1-204
7245,0,-3.8912125951422234,2025-2-204
7246,0,0.5357523504627317,2025-3-204
7247,0,-2.0880804308106726,2025-4-204
7248,0,-1.4009050349086283,2025-5-204
7249,0,0.7548192718769013,2025-6-204
7250,0,1.1351221162227656,2025-7-204
7251,0,-1.8016502618838213,2025-8-204
7252,0,-2.176548022167252,2025-9-204
7253,0,-1.3981940121947605,2025-10-204
7254,0,0.9487645773531632,2025-11-204
7255,0,1.3757036216959742,2025-12-204
7256,0,1.451997971002784,2025-13-204
7257,0,1.5296866246804868,2025-14-204
7258,0,-0.4730682156506498,2025-15-204
7259,0,-1.91710559158119,2025-16-204
7260,0,-1.8549020305712625,2025-17-204
7261,0,0.9133112354126718,2025-18-204
7262,0,1.9152519526665102,2025-19-204
7263,0,2.1659857310573623,2025-20-204
7264,1,1.5285623265827264,2025-21-204
7265,0,-0.791345713605196,2025-22-204
7266,1,-1.033311843115468,2025-23-204
7267,0,1.0359562436111616,2025-24-204
7268,0,1.2419312518084,2025-25-204
7269,0,-0.9210422953254374,2025-26-204
7270,0,-0.8220559689219606,2025-27-204
7271,0,2.593265695168168,2025-28-204
7272,0,2.7187644625052387,2025-29-204
7273,0,2.0931383324210597,2025-30-204
7274,0,0.7277908932992192,2025-31-204
7275,1,0.7368299426809926,2025-32-204
7276,0,1.047956192586001,2025-33-204
7277,0,1.3331249798306233,2025-34-204
7278,0,1.4950914995898097,2025-35-204
7279,0,2.4411271241690957,2025-36-204
7280,1,2.491439611324579,2025-37-204
7281,0,1.0052746096304155,2025-38-204
7282,0,-0.6301200838492083,2025-39-204
7283,0,-0.7422929641444762,2025-40-204
7284,0,0.9245416963071871,2025-41-204
7285,0,3.486587090606936,2025-42-204
7286,0,1.3027947739628998,2025-43-204
7287,0,1.1408101504519896,2025-44-204
7288,0,0.42899693632644764,2025-45-204
7289,0,0.5281166243284088,2025-46-204
7290,0,0.8227217477735365,2025-47-204
7291,0,-1.0926014007483382,2025-48-204
7292,0,-0.5801820260462667,2025-49-204
7293,0,0.19514834293497252,2025-50-204
7294,3,1.788901969654012,2025-51-204
7295,0,0.5698115673757895,2025-52-204
7548,1,-1.0692644737230412,2025-1-205
7549,4,-2.209412967127514,2025-2-205
7550,1,1.952984706224186,2025-3-205
7551,0,-0.0732006483427945,2025-4-205
7552,0,-1.1659788478224091,2025-5-205
7553,1,0.7240583467603265,2025-6-205
7554,0,3.711787379416124,2025-7-205
7555,0,-0.5306715669075528,2025-8-205
7556,0,-2.3920607443176993,2025-9-205
7557,0,-2.6760688788697906,2025-10-205
7558,0,1.331416812974851,2025-11-205
7559,0,1.4958861730615884,2025-12-205
7560,0,1.3083596223357503,2025-13-205
7561,0,1.0138668170359275,2025-14-205
7562,0,-0.7537976415928913,2025-15-205
7563,0,-2.0883807522812528,2025-16-205
7564,1,-2.1288730462877443,2025-17-205
7565,2,0.7386230726674263,2025-18-205
7566,2,1.686985943757099,2025-19-205
7567,1,1.9445924149657363,2025-20-205
7568,1,1.4992450582316565,2025-21-205
7569,1,-0.10437326092930732,2025-22-205
7570,0,0.057793853881956014,2025-23-205
7571,0,1.9975502510490803,2025-24-205
7572,0,1.5778599484493578,2025-25-205
7573,0,-1.8204131033356874,2025-26-205
7574,1,-0.6833597188666367,2025-27-205
7575,0,0.8433117964678623,2025-28-205
7576,1,1.5898028304769136,2025-29-205
7577,1,1.5298062177273974,2025-30-205
7578,1,1.307312668170146,2025-31-205
7579,0,1.390682263278705,2025-32-205
7580,0,1.305961517162441,2025-33-205
7581,0,1.9638364358207105,2025-34-205
7582,1,2.0273095807438084,2025-35-205
7583,3,2.9574275669369157,2025-36-205
7584,0,1.6199889057003887,2025-37-205
7585,0,0.9386909407414334,2025-38-205
7586,2,-0.8555479227663141,2025-39-205
7587,3,0.05669234768463749,2025-40-205
7588,1,3.5055477691765033,2025-41-205
7589,2,3.164329022921548,2025-42-205
7590,2,0.39468212527126934,2025-43-205
7591,0,1.4578159005736153,2025-44-205
7592,1,3.913082896472878,2025-45-205
7593,1,2.2309022943679855,2025-46-205
7594,0,1.719985573185369,2025-47-205
7595,1,0.08165548586581917,2025-48-205
7596,1,-0.30883026027502103,2025-49-205
7597,0,0.6291369882437139,2025-50-205
7598,2,1.9418947546247067,2025-51-205
7599,1,0.5065441775556758,2025-52-205
7852,0,-1.9980037971177613,2025-1-206
7853,1,-3.112950294235962,2025-2-206
7854,1,-0.6879141809731477,2025-3-206
7855,1,-3.8912500342212115,2025-4-206
7856,0,-2.803815275893981,2025-5-206
7857,0,0.15477520386428756,2025-6-206
7858,0,1.3381427180884051,2025-7-206
7859,0,-0.9367508483037486,2025-8-206
7860,1,-1.5773375685032982,2025-9-206
7861,1,-1.787417129144441,2025-10-206
7862,0,0.15222591994606116,2025-11-206
7863,0,0.3818864471651522,2025-12-206
7864,0,0.7056347337996467,2025-13-206
7865,1,1.8065224507007274,2025-14-206
7866,0,0.19519703613772688,2025-15-206
7867,0,-2.3735931955687106,2025-16-206
7868,0,-2.7666351353726566,2025-17-206
7869,0,0.5142622208194307,2025-18-206
7870,0,2.4549023633655107,2025-19-206
7871,1,1.4774332897609346,2025-20-206
7872,0,1.014514941210352,2025-21-206
7873,0,-1.2601631007845797,2025-22-206
7874,0,-2.591574574259053,2025-23-206
7875,0,-1.0085454602763613,2025-24-206
7876,0,0.9527535617871967,2025-25-206
7877,1,-1.849863307551359,2025-26-206
7878,1,-1.3554510361972105,2025-27-206
7879,0,1.444967252736715,2025-28-206
7880,1,2.4421184119093455,2025-29-206
7881,0,1.4163339948664042,2025-30-206
7882,1,1.4100750982659827,2025-31-206
7883,0,1.2782179138534622,2025-32-206
7884,0,0.833342500337563,2025-33-206
7885,0,1.2088163223175525,2025-34-206
7886,0,1.3611220271272724,2025-35-206
7887,0,2.8666538621425817,2025-36-206
7888,2,1.1332915503174057,2025-37-206
7889,1,0.4895906124852698,2025-38-206
7890,0,-1.0539801635042818,2025-39-206
7891,0,-1.3349830786507897,2025-40-206
7892,3,0.5488457214439233,2025-41-206
7893,0,4.466645102760268,2025-42-206
7894,0,2.3999294479818474,2025-43-206
7895,0,0.7687863819600618,2025-44-206
7896,1,-0.26183020808378643,2025-45-206
7897,0,2.6517425866066224,2025-46-206
7898,0,1.0877316824660257,2025-47-206
7899,1,-0.5899563683501876,2025-48-206
7900,0,-0.7456888104832804,2025-49-206
7901,0,1.2242650567595204,2025-50-206
7902,0,0.8230472280258767,2025-51-206
7903,0,-0.08617750233970956,2025-52-206
8156,2,-0.7306475283851346,2025-1-207
8157,2,-2.90203005931992,2025-2-207
8158,0,-1.4304360343554365,2025-3-207
8159,0,-2.881375618693856,2025-4-207
8160,0,-1.9409040398288062,2025-5-207
8161,0,1.9792086915727707,2025-6-207
8162,0,2.503143064517846,2025-7-207
8163,0,-1.8307212199098148,2025-8-207
8164,0,-3.1900441253511223,2025-9-207
8165,0,-2.4143666444110345,2025-10-207
8166,0,0.4191881624055842,2025-11-207
8167,0,0.932025383957972,2025-12-207
8168,1,0.9469940126007259,2025-13-207
8169,1,0.9711145347365271,2025-14-207
8170,0,-1.0167447123854045,2025-15-207
8171,0,-2.4148152413881516,2025-16-207
8172,0,-2.352695894081417,2025-17-207
8173,0,1.4364827173752495,2025-18-207
8174,0,2.564767904773177,2025-19-207
8175,0,1.7421511101366354,2025-20-207
8176,1,0.8623037417040109,2025-21-207
8177,0,-1.341896784768425,2025-22-207
8178,0,-2.2992838384580643,2025-23-207
8179,0,-0.6198839866077415,2025-24-207
8180,0,0.5616229237255257,2025-25-207
8181,0,-0.9562353301982802,2025-26-207
8182,1,-0.8964821946964636,2025-27-207
8183,0,1.4335471037322367,2025-28-207
8184,0,2.169029936673507,2025-29-207
8185,0,1.7461977551196721,2025-30-207
8186,0,0.9042411014423086,2025-31-207
8187,0,1.3258595981267676,2025-32-207
8188,0,1.013373943045738,2025-33-207
8189,0,0.7630920799991685,2025-34-207
8190,0,1.0778782577889157,2025-35-207
8191,0,2.1809852214226657,2025-36-207
8192,0,0.5979672729446963,2025-37-207
8193,1,-0.2836729975998842,2025-38-207
8194,0,-0.7822199926305857,2025-39-207
8195,0,-0.35960515546743155,2025-40-207
8196,0,0.7204716292317563,2025-41-207
8197,0,2.711004633765942,2025-42-207
8198,0,2.133165998697881,2025-43-207
8199,0,1.1959420476586688,2025-44-207
8200,1,0.9866537309332055,2025-45-207
8201,0,0.40266153944523975,2025-46-207
8202,1,0.24956757442010025,2025-47-207
8203,0,-0.3525470510096227,2025-48-207
8204,0,0.2520609074043474,2025-49-207
8205,0,0.7197797786594262,2025-50-207
8206,0,0.5881000363811988,2025-51-207
8207,1,0.8934514266657998,2025-52-207
8460,0,-4.479165003365029,2025-1-208
8461,0,-3.733162246776003,2025-2-208
8462,0,-0.037724793033541815,2025-3-208
8463,1,-1.837144138128449,2025-4-208
8464,1,-2.802188753887537,2025-5-208
8465,0,0.3583893061403636,2025-6-208
8466,0,0.383152811245171,2025-7-208
8467,0,-2.1250431955948534,2025-8-208
8468,1,-2.214790287592941,2025-9-208
8469,0,-0.7128402690005569,2025-10-208
8470,0,0.4476907209131453,2025-11-208
8471,0,0.16315864762245358,2025-12-208
8472,0,0.15454715717885525,2025-13-208
8473,1,1.5983414551795492,2025-14-208
8474,0,-0.7954257106572995,2025-15-208
8475,0,-2.7025390220481715,2025-16-208
8476,0,-2.935079821019864,2025-17-208
8477,1,0.7309542723817857,2025-18-208
8478,0,2.244545748062212,2025-19-208
8479,1,1.211260837928268,2025-20-208
8480,0,0.8038441223016783,2025-21-208
8481,0,-1.3087435841954078,2025-22-208
8482,0,-1.6653163284885921,2025-23-208
8483,0,-1.0583980239169208,2025-24-208
8484,0,0.6987929105435988,2025-25-208
8485,0,-2.368573030891238,2025-26-208
8486,0,-1.4587253336463575,2025-27-208
8487,0,1.1243581120744484,2025-28-208
8488,0,2.052167686558181,2025-29-208
8489,0,1.4829096866708835,2025-30-208
8490,0,1.1140410562849472,2025-31-208
8491,0,0.5372898023254815,2025-32-208
8492,1,0.2211107284730538,2025-33-208
8493,0,-0.06879515512339474,2025-34-208
8494,3,1.2641171650209333,2025-35-208
8495,1,1.6914666379951646,2025-36-208
8496,0,-0.07323564737856936,2025-37-208
8497,1,0.5347511352146368,2025-38-208
8498,0,-0.17709556105482172,2025-39-208
8499,0,1.896028663777634,2025-40-208
8500,0,1.6840143953237123,2025-41-208
8501,1,2.7514906252438545,2025-42-208
8502,0,0.47652524942661056,2025-43-208
8503,0,0.5072801396550171,2025-44-208
8504,0,0.7664222383059727,2025-45-208
8505,0,0.22638670238177383,2025-46-208
8506,0,1.5670529113695635,2025-47-208
8507,0,0.8240764695271823,2025-48-208
8508,0,0.9059823307467658,2025-49-208
8509,0,-0.8060337611679702,2025-50-208
8510,0,-0.8928698429125936,2025-51-208
8511,0,-0.9617360776493658,2025-52-208
8764,0,-2.315624583708304,2025-1-209
8765,0,-3.249528639688583,2025-2-209
8766,0,1.492542680644025,2025-3-209
8767,2,1.8732247502930794,2025-4-209
8768,1,0.6196906569637508,2025-5-209
8769,0,0.9817831496791536,2025-6-209
8770,0,0.38342215214765174,2025-7-209
8771,0,-1.9099142370847333,2025-8-209
8772,0,-0.5322035103386495,2025-9-209
8773,0,-0.1612560408345196,2025-10-209
8774,0,1.0415244933922034,2025-11-209
8775,1,0.7367200588320442,2025-12-209
8776,1,0.9989465861447826,2025-13-209
8777,0,1.379427283505642,2025-14-209
8778,0,-0.5292723939527706,2025-15-209
8779,0,-1.933844841369615,2025-16-209
8780,0,-1.170480412511664,2025-17-209
8781,0,1.682019275227532,2025-18-209
8782,0,1.9034192688418368,2025-19-209
8783,1,1.495706996246679,2025-20-209
8784,0,0.8915916248541191,2025-21-209
8785,1,-1.0762448949781072,2025-22-209
8786,0,-1.7603958644702913,2025-23-209
8787,0,0.485035064485555,2025-24-209
8788,0,1.8565729365189003,2025-25-209
8789,0,-1.7434605315082057,2025-26-209
8790,1,-0.1261788420534966,2025-27-209
8791,1,1.5913001553373562,2025-28-209
8792,0,2.6021452339714726,2025-29-209
8793,0,1.557741362687784,2025-30-209
8794,0,1.145614409585073,2025-31-209
8795,0,1.6225987266213964,2025-32-209
8796,1,2.4658718338433956,2025-33-209
8797,1,1.9610091598549215,2025-34-209
8798,0,1.7192692333962531,2025-35-209
8799,1,2.0136092219606723,2025-36-209
8800,0,1.605958345620347,2025-37-209
8801,1,1.9453217478005806,2025-38-209
8802,0,0.9224375400423015,2025-39-209
8803,0,-0.5195732155651851,2025-40-209
8804,0,1.0187896675606711,2025-41-209
8805,0,2.8277698661633193,2025-42-209
8806,0,2.7842104438587203,2025-43-209
8807,0,0.9984446412093662,2025-44-209
8808,1,0.5103601391107397,2025-45-209
8809,0,1.045206942253281,2025-46-209
8810,1,0.8281022766535981,2025-47-209
8811,0,0.5310188897637893,2025-48-209
8812,2,0.9392441918398928,2025-49-209
8813,3,1.6857359987485714,2025-50-209
8814,5,1.6163404141549942,2025-51-209
8815,1,2.2611516096704456,2025-52-209
9068,1,5.987774564411225,2025-1-210
9069,3,10.156557857555951,2025-2-210
9070,2,6.419533395311825,2025-3-210
9071,1,-0.9206532544041006,2025-4-210
9072,0,-4.41740765338449,2025-5-210
9073,0,-0.20208560777665197,2025-6-210
9074,2,2.832795610104444,2025-7-210
9075,4,-0.17827825569096944,2025-8-210
9076,1,-2.204529960049554,2025-9-210
9077,1,-1.4930690594662805,2025-10-210
9078,5,0.3296196516415355,2025-11-210
9079,2,2.649959978032473,2025-12-210
9080,0,5.2086170084644845,2025-13-210
9081,6,2.921966541019126,2025-14-210
9082,1,0.08006632505932965,2025-15-210
9083,2,1.1299453291242432,2025-16-210
9084,3,0.17017563783492307,2025-17-210
9085,0,1.1190746224177741,2025-18-210
9086,0,5.925603117400273,2025-19-210
9087,1,3.1310869822441556,2025-20-210
9088,1,3.270903655878972,2025-21-210
9089,1,0.8164226262802536,2025-22-210
9090,0,-2.6291218874862223,2025-23-210
9091,0,-2.2503372004708946,2025-24-210
9092,1,0.6160518365172343,2025-25-210
9093,2,0.6623430526674117,2025-26-210
9094,1,0.47600234636551075,2025-27-210
9095,2,1.7336915328853195,2025-28-210
9096,0,1.8462116824343837,2025-29-210
9097,0,2.3990137212940317,2025-30-210
9098,3,3.986791744998601,2025-31-210
9099,1,2.5570347998589993,2025-32-210
9100,1,2.174734139428623,2025-33-210
9101,1,0.5573859967831765,2025-34-210
9102,1,1.1929262105980039,2025-35-210
9103,2,4.053960623477601,2025-36-210
9104,4,2.9919719821100332,2025-37-210
9105,1,1.6415318781279005,2025-38-210
9106,5,0.19207568358941973,2025-39-210
9107,8,-0.3429423787473662,2025-40-210
9108,5,2.476609894169309,2025-41-210
9109,3,5.671238460050237,2025-42-210
9110,2,2.3351706657311384,2025-43-210
9111,2,4.40948434650647,2025-44-210
9112,0,7.260330014583802,2025-45-210
9113,3,6.729947512394792,2025-46-210
9114,3,3.977373083108441,2025-47-210
9115,4,0.3914489621413382,2025-48-210
9116,3,1.4598509019519803,2025-49-210
9117,4,0.260412349353365,2025-50-210
9118,9,2.4831067118712564,2025-51-210
9119,2,2.538046672283107,2025-52-210
9372,0,-4.632268339579605,2025-1-211
9373,0,-5.094817558860596,2025-2-211
9374,0,-1.1187895553551326,2025-3-211
9375,0,-2.4121957904583593,2025-4-211
9376,0,-1.2687210111541583,2025-5-211
9377,0,1.2662362394044833,2025-6-211
9378,0,-0.001113018489381279,2025-7-211
9379,0,-3.485065805148252,2025-8-211
9380,0,-2.958686258950205,2025-9-211
9381,0,-1.3889662313353575,2025-10-211
9382,0,0.33729932605370605,2025-11-211
9383,0,0.5465527218821351,2025-12-211
9384,0,0.4342832934206955,2025-13-211
9385,0,0.6833622027871633,2025-14-211
9386,0,-0.980619311006611,2025-15-211
9387,0,-2.5867434929098034,2025-16-211
9388,0,-2.6179030303225503,2025-17-211
9389,0,0.9413741632023225,2025-18-211
9390,0,1.5238779771381812,2025-19-211
9391,0,1.3989300264659903,2025-20-211
9392,0,1.0560718622569367,2025-21-211
9393,1,-1.08692339449837,2025-22-211
9394,0,-2.838806857390963,2025-23-211
9395,0,-1.0089254542749813,2025-24-211
9396,0,0.13370307047714647,2025-25-211
9397,0,-2.0602873981642245,2025-26-211
9398,0,-0.721662777106828,2025-27-211
9399,0,1.3218755046193191,2025-28-211
9400,0,1.6971540407293049,2025-29-211
9401,0,0.8809878770857513,2025-30-211
9402,0,0.7790570238167493,2025-31-211
9403,0,0.4295222579343272,2025-32-211
9404,0,-0.04165346668150072,2025-33-211
9405,0,-0.547709584079219,2025-34-211
9406,0,0.9546185763940653,2025-35-211
9407,0,2.0111871728157222,2025-36-211
9408,0,1.529450861633792,2025-37-211
9409,0,0.8413109994147931,2025-38-211
9410,0,-0.4048123776352388,2025-39-211
9411,0,-1.6803459167996224,2025-40-211
9412,0,-0.35078355644170944,2025-41-211
9413,0,1.9923573925774685,2025-42-211
9414,0,0.8740665190101486,2025-43-211
9415,0,0.25754496701209817,2025-44-211
9416,0,0.7425897215027515,2025-45-211
9417,0,1.0845200753621982,2025-46-211
9418,0,0.009252177465980171,2025-47-211
9419,0,-2.0836074932520385,2025-48-211
9420,0,-0.8434656845066324,2025-49-211
9421,0,-0.17342081482084692,2025-50-211
9422,0,1.1565641837614717,2025-51-211
9423,0,-0.557596815371602,2025-52-211
9676,0,-1.752331804460217,2025-1-212
9677,0,-3.183750946979639,2025-2-212
9678,0,-1.5321524446646104,2025-3-212
9679,0,-4.8226250369242045,2025-4-212
9680,0,-3.305412826092638,2025-5-212
9681,0,-0.38180215106726356,2025-6-212
9682,0,-0.05542894856438352,2025-7-212
9683,0,-2.5647373842709418,2025-8-212
9684,0,-3.3074787258602725,2025-9-212
9685,0,-2.0160214999613433,2025-10-212
9686,0,0.3109795015924983,2025-11-212
9687,0,0.6214501073161811,2025-12-212
9688,0,0.7381155510832906,2025-13-212
9689,0,0.8426921081421268,2025-14-212
9690,0,-1.0331987662721631,2025-15-212
9691,0,-2.653940529123038,2025-16-212
9692,0,-2.9040675258201722,2025-17-212
9693,0,0.5636892337312513,2025-18-212
9694,0,1.5179508879324488,2025-19-212
9695,0,0.9889847444884969,2025-20-212
9696,0,0.7582615701105233,2025-21-212
9697,0,-1.074584487800211,2025-22-212
9698,0,-2.9430794539039984,2025-23-212
9699,0,-1.7548327178595948,2025-24-212
9700,0,-0.27434052529249575,2025-25-212
9701,0,-2.157149483082971,2025-26-212
9702,0,-1.654155488338486,2025-27-212
9703,0,1.1745111529745458,2025-28-212
9704,0,1.7016962244638971,2025-29-212
9705,0,0.9194292295297384,2025-30-212
9706,0,-0.010253735865195068,2025-31-212
9707,0,-0.2415808459381621,2025-32-212
9708,0,0.24590884759023934,2025-33-212
9709,0,-0.09909852044233602,2025-34-212
9710,0,0.8834717650048893,2025-35-212
9711,0,1.768305550271426,2025-36-212
9712,0,0.1775459560274788,2025-37-212
9713,0,-0.49720678826037146,2025-38-212
9714,0,-0.7734901877776701,2025-39-212
9715,0,-0.7274448501025144,2025-40-212
9716,0,0.292663547671554,2025-41-212
9717,1,2.5266065306123493,2025-42-212
9718,0,0.7174346398493334,2025-43-212
9719,0,0.42388265496688016,2025-44-212
9720,0,0.5198450471099347,2025-45-212
9721,0,0.41490067905277206,2025-46-212
9722,0,0.8645537078178238,2025-47-212
9723,0,-0.7850240092351632,2025-48-212
9724,0,-0.080425429635826,2025-49-212
9725,0,-0.45733041270860086,2025-50-212
9726,0,0.7503147988287675,2025-51-212
9727,0,-0.335085495197716,2025-52-212
9980,0,-3.013461039222594,2025-1-213
9981,0,-2.3993625207580727,2025-2-213
9982,1,0.7291284061313692,2025-3-213
9983,0,-2.310411623237695,2025-4-213
9984,0,-2.7607948699326417,2025-5-213
9985,0,0.5061907441663025,2025-6-213
9986,0,1.1890177687622179,2025-7-213
9987,0,-0.42573156364311426,2025-8-213
9988,0,-2.4622385207414097,2025-9-213
9989,0,-1.0227026967584343,2025-10-213
9990,0,0.5190714632763003,2025-11-213
9991,0,0.43756626553256117,2025-12-213
9992,0,0.5580321666424801,2025-13-213
9993,1,0.9164016284189542,2025-14-213
9994,0,-0.13897950608953735,2025-15-213
9995,0,-1.9721188535632996,2025-16-213
9996,0,-2.1943332355322194,2025-17-213
9997,0,1.235119710149699,2025-18-213
9998,0,3.1902273157759753,2025-19-213
9999,0,1.7801850407582074,2025-20-213
10000,0,1.3386454997563866,2025-21-213
10001,0,-0.8658639078048895,2025-22-213
10002,0,-3.0985982072906864,2025-23-213
10003,0,-1.3463256835466129,2025-24-213
10004,0,0.15897453737718115,2025-25-213
10005,0,-1.091109974169847,2025-26-213
10006,0,-1.1827831023744353,2025-27-213
10007,1,1.552133261424666,2025-28-213
10008,0,2.7095739022529113,2025-29-213
10009,0,1.8120981182303535,2025-30-213
10010,1,1.2725382418644815,2025-31-213
10011,0,0.21703414922861253,2025-32-213
10012,0,1.8728405843293423,2025-33-213
10013,0,0.9410222444647296,2025-34-213
10014,0,1.6842589193244233,2025-35-213
10015,0,2.445040833700247,2025-36-213
10016,0,0.8944017506919781,2025-37-213
10017,0,0.0016335479122231433,2025-38-213
10018,0,0.09844546368031049,2025-39-213
10019,0,-0.003496212380769581,2025-40-213
10020,0,0.5952439805990739,2025-41-213
10021,0,1.2851216546065285,2025-42-213
10022,0,0.4269931061945931,2025-43-213
10023,0,1.3534796116081484,2025-44-213
10024,0,1.3554996725963235,2025-45-213
10025,0,1.3799599225822872,2025-46-213
10026,0,1.2071868770268825,2025-47-213
10027,2,-0.4314246244775366,2025-48-213
10028,0,0.2644807646192624,2025-49-213
10029,1,-0.0926406447770507,2025-50-213
10030,1,0.3880864018278234,2025-51-213
10031,1,0.3981151788229167,2025-52-213
10284,1,1.519439894380488,2025-1-214
10285,1,2.985249946552354,2025-2-214
10286,0,4.215906231026027,2025-3-214
10287,0,-1.7104047740086723,2025-4-214
10288,0,-4.310611010326461,2025-5-214
10289,0,-0.7856183809347463,2025-6-214
10290,0,0.7570440172486315,2025-7-214
10291,0,-1.6198460817077067,2025-8-214
10292,0,-2.21914697304302,2025-9-214
10293,0,-1.0707559810766853,2025-10-214
10294,0,1.2367318664564673,2025-11-214
10295,0,1.1636715889702454,2025-12-214
10296,0,1.094892109029682,2025-13-214
10297,0,1.7526326392115124,2025-14-214
10298,0,0.5719814622138353,2025-15-214
10299,0,-1.8508280172805658,2025-16-214
10300,0,-1.7896504091908114,2025-17-214
10301,0,1.5045641417331983,2025-18-214
10302,0,2.7947436710130455,2025-19-214
10303,0,1.7735531754295595,2025-20-214
10304,0,1.8586208277961997,2025-21-214
10305,0,-0.3573317805422609,2025-22-214
10306,0,-2.907424169491947,2025-23-214
10307,0,-1.6078982058290587,2025-24-214
10308,2,0.45079507105217553,2025-25-214
10309,1,-0.8341719471475959,2025-26-214
10310,1,-0.7119146485274079,2025-27-214
10311,3,1.7258552672958791,2025-28-214
10312,4,2.908303134963334,2025-29-214
10313,3,3.9298444380515294,2025-30-214
10314,1,2.6706940230081173,2025-31-214
10315,10,1.3927067201462622,2025-32-214
10316,4,3.0491862156311824,2025-33-214
10317,1,4.868767942488226,2025-34-214
10318,3,4.96147822583014,2025-35-214
10319,0,2.698693974268698,2025-36-214
10320,0,8.455253878913075,2025-37-214
10321,1,4.144301574023124,2025-38-214
10322,0,1.7389314738728903,2025-39-214
10323,1,0.614713503729317,2025-40-214
10324,1,0.31736441817236116,2025-41-214
10325,1,0.8967716116551134,2025-42-214
10326,1,0.541399109531997,2025-43-214
10327,1,0.5957851944160906,2025-44-214
10328,0,0.9544670990169899,2025-45-214
10329,1,2.0351511587228464,2025-46-214
10330,0,2.653754739486107,2025-47-214
10331,0,0.5722601682696551,2025-48-214
10332,3,1.063869529462385,2025-49-214
10333,3,0.032789977026173034,2025-50-214
10334,6,1.2325766384493977,2025-51-214
10335,1,0.28577832742077103,2025-52-214
10588,0,-2.1533163228866656,2025-1-215
10589,0,-1.5941713587859279,2025-2-215
10590,1,0.6301897855539118,2025-3-215
10591,0,-2.5779245557882766,2025-4-215
10592,0,-1.4076208918761668,2025-5-215
10593,0,2.656361248388247,2025-6-215
10594,0,2.530109672149767,2025-7-215
10595,0,-1.155100995481464,2025-8-215
10596,0,-3.444574800092003,2025-9-215
10597,0,-0.24186558900558675,2025-10-215
10598,1,1.037909735424214,2025-11-215
10599,0,0.9170059878255712,2025-12-215
10600,0,1.0564348832790262,2025-13-215
10601,0,1.4138162136474066,2025-14-215
10602,0,-0.005286663466708141,2025-15-215
10603,0,-0.7088708003959914,2025-16-215
10604,1,-1.5005466011065969,2025-17-215
10605,0,1.4188729490173968,2025-18-215
10606,0,2.239918230423771,2025-19-215
10607,0,2.1309189882518886,2025-20-215
10608,0,2.212981412985716,2025-21-215
10609,0,1.166103313111444,2025-22-215
10610,0,-2.0611439314997706,2025-23-215
10611,0,-1.0360929555392437,2025-24-215
10612,0,0.6673233201164694,2025-25-215
10613,0,-0.812900991732024,2025-26-215
10614,0,-0.8059543511177654,2025-27-215
10615,1,1.9735878823169737,2025-28-215
10616,0,3.0758099955189087,2025-29-215
10617,0,2.5460214766371454,2025-30-215
10618,1,2.2005933454364888,2025-31-215
10619,0,0.3937710814928166,2025-32-215
10620,0,1.9407856004420698,2025-33-215
10621,0,2.0868100729508927,2025-34-215
10622,0,2.674292382587249,2025-35-215
10623,0,3.3439273982089284,2025-36-215
10624,0,1.2826147228540727,2025-37-215
10625,0,-0.696652293846376,2025-38-215
10626,0,-1.139032884335093,2025-39-215
10627,0,-0.6941783267674175,2025-40-215
10628,0,1.2835561639912698,2025-41-215
10629,1,2.7733707149308344,2025-42-215
10630,0,1.1713872690204816,2025-43-215
10631,1,1.6796061197408538,2025-44-215
10632,0,1.3736878628237186,2025-45-215
10633,0,1.627289353848147,2025-46-215
10634,0,2.5896126777166093,2025-47-215
10635,0,0.5109298634042174,2025-48-215
10636,0,1.868176948632929,2025-49-215
10637,0,0.1877553127336622,2025-50-215
10638,1,0.7614341875857029,2025-51-215
10639,2,-0.07802061316326014,2025-52-215
10892,1,-0.7190130600093125,2025-1-216
10893,2,1.138349883426364,2025-2-216
10894,2,4.257950080387039,2025-3-216
10895,0,-3.7715836735030748,2025-4-216
10896,1,-2.7145942841252126,2025-5-216
10897,0,4.268187969254988,2025-6-216
10898,0,5.709653469141113,2025-7-216
10899,0,-1.8082003288112038,2025-8-216
10900,0,-4.54362885268719,2025-9-216
10901,0,-0.603545025656063,2025-10-216
10902,0,0.8304184183280059,2025-11-216
10903,1,1.4223846470257075,2025-12-216
10904,0,0.6666271253476928,2025-13-216
10905,0,0.7899277762590708,2025-14-216
10906,0,-0.9249676024248736,2025-15-216
10907,1,-1.7924719674290608,2025-16-216
10908,0,-0.8446169170446445,2025-17-216
10909,0,1.7617825321426042,2025-18-216
10910,0,2.180656438486229,2025-19-216
10911,1,1.5804573133310718,2025-20-216
10912,0,2.5568194016033914,2025-21-216
10913,0,0.33021466005292677,2025-22-216
10914,0,-1.7595406484742706,2025-23-216
10915,0,-1.3249006351336416,2025-24-216
10916,0,1.7137989305402028,2025-25-216
10917,0,-0.48641377395208796,2025-26-216
10918,0,-0.5108559646682749,2025-27-216
10919,2,2.1056372209925316,2025-28-216
10920,0,2.8783075739666146,2025-29-216
10921,3,2.2060420435401604,2025-30-216
10922,3,2.9293681721321567,2025-31-216
10923,0,2.299322668954988,2025-32-216
10924,0,2.8038385110630677,2025-33-216
10925,0,0.4358767401914587,2025-34-216
10926,0,3.8779476250532285,2025-35-216
10927,0,5.019605091892054,2025-36-216
10928,0,1.6999489729477548,2025-37-216
10929,0,-1.412476611493933,2025-38-216
10930,0,-0.6182589049690312,2025-39-216
10931,0,0.31677839112735917,2025-40-216
10932,0,1.1219169229545058,2025-41-216
10933,0,2.121910765536913,2025-42-216
10934,0,1.182786218261502,2025-43-216
10935,0,0.7815374381742495,2025-44-216
10936,0,1.3001803121785116,2025-45-216
10937,0,1.8014221766870575,2025-46-216
10938,0,2.1053355152831768,2025-47-216
10939,1,0.22993626683564328,2025-48-216
10940,0,1.567358893082536,2025-49-216
10941,1,1.3692145952154617,2025-50-216
10942,2,0.893260158962887,2025-51-216
10943,1,-0.5915414252080664,2025-52-216
11196,0,-3.0514709901711554,2025-1-301
11197,2,-2.469497056790597,2025-2-301
11198,0,5.688521631940478,2025-3-301
11199,1,3.18148515206346,2025-4-301
11200,3,0.796387720822394,2025-5-301
11201,0,-1.5250230559137612,2025-6-301
11202,0,0.14585936032707592,2025-7-301
11203,2,3.5785182353435725,2025-8-301
11204,0,5.0742810385811845,2025-9-301
11205,0,6.2229944281128,2025-10-301
11206,1,3.20309144932154,2025-11-301
11207,0,-0.2546355629334509,2025-12-301
11208,2,1.8971950655778143,2025-13-301
11209,2,1.2325258150956162,2025-14-301
11210,0,0.9142716344084816,2025-15-301
11211,1,1.700965499957464,2025-16-301
11212,1,-0.11242162145395973,2025-17-301
11213,0,2.4491383097517545,2025-18-301
11214,0,3.181122860661832,2025-19-301
11215,1,4.438263539798466,2025-20-301
11216,0,1.9538986669486607,2025-21-301
11217,0,2.8420792579674363,2025-22-301
11218,1,4.727766680771704,2025-23-301
11219,0,1.7750003385081565,2025-24-301
11220,0,1.1066971065756923,2025-25-301
11221,0,0.45674755761679764,2025-26-301
11222,0,1.5069285029702177,2025-27-301
11223,0,1.8447540767107051,2025-28-301
11224,2,1.3957707159174142,2025-29-301
11225,0,1.4759754065301283,2025-30-301
11226,1,1.2316003182503903,2025-31-301
11227,0,1.0907416046517948,2025-32-301
11228,0,-1.1290950157642592,2025-33-301
11229,0,-0.8792134846489854,2025-34-301
11230,1,-0.45688298488001466,2025-35-301
11231,0,2.021642767590988,2025-36-301
11232,0,0.13969116317986074,2025-37-301
11233,0,-0.006665949094160517,2025-38-301
11234,0,0.06696831329404151,2025-39-301
11235,0,1.8106296000503486,2025-40-301
11236,0,1.2344440171183302,2025-41-301
11237,0,1.4989359724602227,2025-42-301
11238,0,0.41458475243185156,2025-43-301
11239,0,0.848215336321172,2025-44-301
11240,2,0.28433637076494556,2025-45-301
11241,0,0.7318845631180562,2025-46-301
11242,0,1.103402718758968,2025-47-301
11243,0,-0.3903890660696856,2025-48-301
11244,0,-0.08103248074840108,2025-49-301
11245,1,1.5111034017562,2025-50-301
11246,0,0.20368966445653136,2025-51-301
11247,0,-0.2776015456034977,2025-52-301
11500,1,-5.615656363839724,2025-1-302
11501,1,-4.540828297579244,2025-2-302
11502,0,-0.7720579562679886,2025-3-302
11503,0,1.1927133251787414,2025-4-302
11504,0,1.2980864662730929,2025-5-302
11505,0,3.9547387715979747,2025-6-302
11506,0,0.8517415627428884,2025-7-302
11507,0,2.7920826194156234,2025-8-302
11508,1,3.4337967032684,2025-9-302
11509,0,4.043281896178268,2025-10-302
11510,1,2.3794879798605684,2025-11-302
11511,0,-0.058121446225781526,2025-12-302
11512,0,0.0854266875192593,2025-13-302
11513,1,0.6868954087912544,2025-14-302
11514,1,0.06398858158237974,2025-15-302
11515,1,2.5569488612511035,2025-16-302
11516,0,-0.553998087537412,2025-17-302
11517,0,0.4572929885623882,2025-18-302
11518,0,1.218104707298882,2025-19-302
11519,0,5.302061203517898,2025-20-302
11520,0,2.6460077110857783,2025-21-302
11521,0,1.5504521890851308,2025-22-302
11522,0,4.082289627288041,2025-23-302
11523,0,2.193070873948367,2025-24-302
11524,1,0.18475180407590175,2025-25-302
11525,0,-0.7618780928797224,2025-26-302
11526,0,1.5452862683817719,2025-27-302
11527,0,0.794322279153822,2025-28-302
11528,0,1.1063121789511041,2025-29-302
11529,0,2.8588923631144985,2025-30-302
11530,1,2.539599825845833,2025-31-302
11531,0,1.8031203954699484,2025-32-302
11532,0,-2.2827157229843924,2025-33-302
11533,1,-4.3920442790949785,2025-34-302
11534,0,-1.9417627229359389,2025-35-302
11535,0,2.730272615551732,2025-36-302
11536,0,0.9867891239483537,2025-37-302
11537,0,0.020628895942985004,2025-38-302
11538,0,2.0298001487468533,2025-39-302
11539,0,1.686061931406474,2025-40-302
11540,0,-0.2035091256753705,2025-41-302
11541,0,0.2770864384831917,2025-42-302
11542,0,0.8310070926692901,2025-43-302
11543,0,0.11147673012331794,2025-44-302
11544,0,-0.10185820612420615,2025-45-302
11545,0,1.4247645445465567,2025-46-302
11546,0,1.2564357772599124,2025-47-302
11547,0,-0.40823799307590436,2025-48-302
11548,1,0.4869838657619394,2025-49-302
11549,0,-0.04872660353719649,2025-50-302
11550,0,0.5276008503612664,2025-51-302
11551,0,-0.20794334250163482,2025-52-302
11804,1,-2.6964983304595225,2025-1-303
11805,1,1.2081956727894323,2025-2-303
11806,1,5.606992808290452,2025-3-303
11807,0,3.001261686257128,2025-4-303
11808,0,-2.1303777570994558,2025-5-303
11809,1,-1.628262579949911,2025-6-303
11810,0,-1.1959345275085824,2025-7-303
11811,0,4.678998900178756,2025-8-303
11812,0,4.359321813703827,2025-9-303
11813,1,3.421944585404213,2025-10-303
11814,0,3.0067205201471863,2025-11-303
11815,0,0.09546958087353108,2025-12-303
11816,1,0.86071605331089,2025-13-303
11817,0,0.41337926411985393,2025-14-303
11818,0,1.6829117199862087,2025-15-303
11819,1,1.2802606347844536,2025-16-303
11820,0,-0.5457797524655472,2025-17-303
11821,0,0.9238075987850505,2025-18-303
11822,0,1.0782501239118,2025-19-303
11823,2,3.735741405554476,2025-20-303
11824,0,2.2155699504566986,2025-21-303
11825,0,2.2494689601474134,2025-22-303
11826,0,3.947092615509935,2025-23-303
11827,1,1.2828052973160013,2025-24-303
11828,0,2.2469053809451482,2025-25-303
11829,0,0.9154106502033943,2025-26-303
11830,2,1.3492560465546979,2025-27-303
11831,2,1.0082467479925934,2025-28-303
11832,3,2.3770955353212178,2025-29-303
11833,3,1.7774668961797788,2025-30-303
11834,2,1.080450333796875,2025-31-303
11835,1,2.776749761734888,2025-32-303
11836,1,0.892790988175431,2025-33-303
11837,1,-0.4824101886872283,2025-34-303
11838,0,1.0818675159957944,2025-35-303
11839,1,2.4401220467510423,2025-36-303
11840,0,0.03996650724594586,2025-37-303
11841,0,-0.2723358339411437,2025-38-303
11842,0,0.8961153353430698,2025-39-303
11843,1,1.342029391206611,2025-40-303
11844,0,1.528497754166082,2025-41-303
11845,0,1.6458488007360645,2025-42-303
11846,2,0.5719051235382424,2025-43-303
11847,4,0.23675295950188602,2025-44-303
11848,3,0.9693537684492792,2025-45-303
11849,1,1.2861344786720126,2025-46-303
11850,1,0.36896626807374533,2025-47-303
11851,4,-0.5322460150722246,2025-48-303
11852,0,3.300540049931505,2025-49-303
11853,2,3.589260438104981,2025-50-303
11854,2,1.0211554956112576,2025-51-303
11855,0,-0.7414217809107959,2025-52-303
12108,0,-2.1790855966299376,2025-1-304
12109,0,-2.903661880729753,2025-2-304
12110,0,-0.8306133532168434,2025-3-304
12111,0,1.7574237767255823,2025-4-304
12112,0,0.8574547563784125,2025-5-304
12113,0,1.0868742940814053,2025-6-304
12114,0,-0.9582342571630149,2025-7-304
12115,0,3.2469726910291055,2025-8-304
12116,0,4.368095960478627,2025-9-304
12117,0,4.7209772567968065,2025-10-304
12118,0,2.579654096103763,2025-11-304
12119,0,-0.1697412796164457,2025-12-304
12120,0,0.5645935251524552,2025-13-304
12121,0,0.9786360811309343,2025-14-304
12122,0,1.3892875788522105,2025-15-304
12123,0,1.6990595699566013,2025-16-304
12124,0,-0.29670343052436365,2025-17-304
12125,1,1.25149576949074,2025-18-304
12126,0,1.5308566633255514,2025-19-304
12127,0,4.097421060301246,2025-20-304
12128,0,1.5834396795025203,2025-21-304
12129,0,2.229123856587214,2025-22-304
12130,0,5.0859379394188196,2025-23-304
12131,2,2.165229321045176,2025-24-304
12132,0,0.7921159632318173,2025-25-304
12133,0,0.3266793474723131,2025-26-304
12134,1,1.7722011389173171,2025-27-304
12135,1,1.4414475211971367,2025-28-304
12136,0,3.4064823079286035,2025-29-304
12137,0,2.1862763337823155,2025-30-304
12138,0,1.4841056971232724,2025-31-304
12139,0,1.7598069918465833,2025-32-304
12140,0,-0.14193340919959452,2025-33-304
12141,0,-2.759892918615805,2025-34-304
12142,0,-0.7093447277559775,2025-35-304
12143,0,1.7132813009008585,2025-36-304
12144,0,0.8582446013587299,2025-37-304
12145,0,0.3920107953834733,2025-38-304
12146,0,0.900041419847101,2025-39-304
12147,0,1.0115884070860366,2025-40-304
12148,2,0.3048972451158143,2025-41-304
12149,0,0.8722317563508009,2025-42-304
12150,0,0.7539895131943615,2025-43-304
12151,1,1.043136370670485,2025-44-304
12152,0,0.119719590138339,2025-45-304
12153,0,2.68987377626125,2025-46-304
12154,1,1.5677714355108754,2025-47-304
12155,0,0.45238380337374595,2025-48-304
12156,0,1.2182270009864282,2025-49-304
12157,0,0.13693945265447116,2025-50-304
12158,0,-0.3438442390637877,2025-51-304
12159,0,0.5398662194669392,2025-52-304
12412,1,5.972508148991058,2025-1-305
12413,1,-3.2028572769629107,2025-2-305
12414,2,3.3714175192478826,2025-3-305
12415,5,6.156864981781525,2025-4-305
12416,0,0.7741802217856817,2025-5-305
12417,3,-0.3510471631283072,2025-6-305
12418,1,-1.5891760413199782,2025-7-305
12419,0,4.743109573389827,2025-8-305
12420,0,8.037683627898499,2025-9-305
12421,0,5.275422792016085,2025-10-305
12422,0,4.774248623919165,2025-11-305
12423,0,-0.10154073541483744,2025-12-305
12424,0,0.9832097005775591,2025-13-305
12425,0,0.15463345394464634,2025-14-305
12426,0,1.3806514580675389,2025-15-305
12427,0,1.8541277645506409,2025-16-305
12428,0,-0.2524684111422948,2025-17-305
12429,0,0.8998130831338869,2025-18-305
12430,0,1.069437367253245,2025-19-305
12431,2,3.839071918338221,2025-20-305
12432,0,1.6727657348324396,2025-21-305
12433,0,2.2325428413827058,2025-22-305
12434,0,4.103573264710089,2025-23-305
12435,0,2.0589610904060383,2025-24-305
12436,0,2.9180865126216986,2025-25-305
12437,2,1.200959517088637,2025-26-305
12438,0,1.3750757849968303,2025-27-305
12439,0,1.178963008270849,2025-28-305
12440,0,1.8428474487622608,2025-29-305
12441,0,2.0545558590968906,2025-30-305
12442,0,3.0576491941079254,2025-31-305
12443,1,1.2863129756478433,2025-32-305
12444,0,-1.4740247245319646,2025-33-305
12445,1,-3.271902192066729,2025-34-305
12446,1,-0.2199074407029089,2025-35-305
12447,0,1.4448817936639458,2025-36-305
12448,1,0.9879040062888738,2025-37-305
12449,0,-0.05964191865016222,2025-38-305
12450,0,1.3471862915944552,2025-39-305
12451,0,1.9576911541556452,2025-40-305
12452,0,0.9739135252447628,2025-41-305
12453,0,1.9552283895775622,2025-42-305
12454,0,0.285440557848748,2025-43-305
12455,0,0.10264319479225348,2025-44-305
12456,1,-0.42745340605192084,2025-45-305
12457,0,0.7523110909865554,2025-46-305
12458,5,1.5205768540804399,2025-47-305
12459,4,0.12343891142196028,2025-48-305
12460,2,0.6538278236468389,2025-49-305
12461,4,1.0156727081237782,2025-50-305
12462,7,-0.5092767750045928,2025-51-305
12463,6,3.6997325036416937,2025-52-305
12716,0,-2.2260556812418932,2025-1-306
12717,0,-2.4644463905360072,2025-2-306
12718,0,-0.5571012624011091,2025-3-306
12719,0,-0.5946724474026315,2025-4-306
12720,0,-0.9995816669000521,2025-5-306
12721,0,-0.1598048428157517,2025-6-306
12722,0,-1.187371728975703,2025-7-306
12723,0,3.398903646568355,2025-8-306
12724,0,3.6676125663028225,2025-9-306
12725,0,3.457541440083868,2025-10-306
12726,0,2.0877012403681015,2025-11-306
12727,0,-0.5102060735311635,2025-12-306
12728,0,0.5182866754633957,2025-13-306
12729,0,0.27221981036671483,2025-14-306
12730,1,0.508806289596754,2025-15-306
12731,1,1.008579253142051,2025-16-306
12732,0,-0.6075919497373716,2025-17-306
12733,0,0.31942165517646615,2025-18-306
12734,0,0.5848338097074728,2025-19-306
12735,0,4.227426479905434,2025-20-306
12736,0,2.4263216132704666,2025-21-306
12737,0,2.0903018361634746,2025-22-306
12738,0,3.5827496667721612,2025-23-306
12739,0,1.0134244300243873,2025-24-306
12740,0,0.08920812995084848,2025-25-306
12741,0,0.01861045162096575,2025-26-306
12742,1,0.9798684547759624,2025-27-306
12743,0,0.9168901528756406,2025-28-306
12744,0,0.9370463128452506,2025-29-306
12745,0,0.9421056353915662,2025-30-306
12746,0,1.1396238277548187,2025-31-306
12747,0,1.9416591362515074,2025-32-306
12748,0,-1.2742234282649174,2025-33-306
12749,0,-2.945561973298896,2025-34-306
12750,0,-1.533040051210334,2025-35-306
12751,0,0.6554093742223772,2025-36-306
12752,0,0.08680328674275373,2025-37-306
12753,0,-0.26243792927894205,2025-38-306
12754,0,0.1338287392882913,2025-39-306
12755,0,0.587092848712143,2025-40-306
12756,0,0.5940474251456793,2025-41-306
12757,0,1.2250016717143066,2025-42-306
12758,0,0.44414018562652036,2025-43-306
12759,0,0.026869824359535777,2025-44-306
12760,0,-0.3213832651880959,2025-45-306
12761,0,0.3382965448645545,2025-46-306
12762,0,0.659660971559239,2025-47-306
12763,0,-0.38907300481927454,2025-48-306
12764,0,0.6801912915761847,2025-49-306
12765,1,0.00991067254010014,2025-50-306
12766,1,-0.4857743812939166,2025-51-306
12767,1,-0.8874947251144687,2025-52-306
13020,0,-1.7497018208853343,2025-1-307
13021,0,-1.4066683031860534,2025-2-307
13022,0,-0.45072347926742706,2025-3-307
13023,0,-0.9872592531081463,2025-4-307
13024,0,-0.5621269766227424,2025-5-307
13025,0,0.19006555339100117,2025-6-307
13026,0,-1.4297055963018583,2025-7-307
13027,0,2.820330620184117,2025-8-307
13028,0,3.548867628040531,2025-9-307
13029,0,3.8132094137696706,2025-10-307
13030,0,2.4551261513521645,2025-11-307
13031,0,-0.15219638282606773,2025-12-307
13032,0,0.8431248782723553,2025-13-307
13033,0,0.5673106205133776,2025-14-307
13034,0,0.8152185769535931,2025-15-307
13035,0,1.3203817257239328,2025-16-307
13036,0,-0.3036440371668503,2025-17-307
13037,0,0.707528349060977,2025-18-307
13038,0,1.0838816023921831,2025-19-307
13039,0,3.5964239278356787,2025-20-307
13040,0,1.5810335048730666,2025-21-307
13041,0,2.2841051627584177,2025-22-307
13042,0,4.417986481785667,2025-23-307
13043,0,1.793727552858461,2025-24-307
13044,0,0.7040251214180633,2025-25-307
13045,0,0.4099478173815019,2025-26-307
13046,1,1.3792576186577654,2025-27-307
13047,1,1.3428477368778096,2025-28-307
13048,1,0.9961370380007222,2025-29-307
13049,0,1.110501892004005,2025-30-307
13050,2,0.736191612345138,2025-31-307
13051,0,1.9441817686043181,2025-32-307
13052,0,-0.9293239500529924,2025-33-307
13053,0,-2.745695419291773,2025-34-307
13054,0,-1.6930456978793091,2025-35-307
13055,0,2.2935619849011406,2025-36-307
13056,0,0.33086502464417267,2025-37-307
13057,0,-0.3518266102255181,2025-38-307
13058,0,-0.6977069097972284,2025-39-307
13059,1,0.4241015452888379,2025-40-307
13060,0,0.1671517512903895,2025-41-307
13061,0,1.1841313933189157,2025-42-307
13062,0,0.44564608289135776,2025-43-307
13063,0,0.46225712491247073,2025-44-307
13064,0,0.9746830839710396,2025-45-307
13065,0,0.9178379518934987,2025-46-307
13066,0,0.6604620374657153,2025-47-307
13067,2,-0.5879609413414526,2025-48-307
13068,1,1.3298398864245875,2025-49-307
13069,0,0.004306431929387511,2025-50-307
13070,0,-1.948115575792745,2025-51-307
13071,0,-1.8158876519261953,2025-52-307
13324,0,-0.7909260661403432,2025-1-308
13325,1,-0.5995582912241808,2025-2-308
13326,0,0.41426925204934806,2025-3-308
13327,0,1.6913029025793018,2025-4-308
13328,1,0.35732956115401526,2025-5-308
13329,0,-1.0430051444471924,2025-6-308
13330,0,-1.497183207308964,2025-7-308
13331,0,3.1107436176480183,2025-8-308
13332,0,4.318019494654688,2025-9-308
13333,0,4.313152104817875,2025-10-308
13334,3,2.6849850391992485,2025-11-308
13335,0,-0.06658212405254726,2025-12-308
13336,0,0.665706370738592,2025-13-308
13337,0,0.9069073705752144,2025-14-308
13338,0,1.0116236419355222,2025-15-308
13339,0,3.9418161765750463,2025-16-308
13340,1,0.18352320396912702,2025-17-308
13341,0,0.4612312589871892,2025-18-308
13342,0,0.24947039991426934,2025-19-308
13343,0,3.9587054356871687,2025-20-308
13344,0,1.3665371571381346,2025-21-308
13345,0,2.6362224292250325,2025-22-308
13346,0,4.485478684606078,2025-23-308
13347,0,2.1042292064460053,2025-24-308
13348,0,0.03839250435328356,2025-25-308
13349,0,0.0499322961460158,2025-26-308
13350,0,1.2446976341618137,2025-27-308
13351,0,0.9834505653752572,2025-28-308
13352,2,1.1947239573034174,2025-29-308
13353,2,1.5207404114834646,2025-30-308
13354,0,1.3961188395250963,2025-31-308
13355,1,0.9841267250688257,2025-32-308
13356,1,-0.9918291340909406,2025-33-308
13357,0,-1.2859340966590778,2025-34-308
13358,0,0.953245845456594,2025-35-308
13359,0,1.7046902300803182,2025-36-308
13360,0,0.9485439678511609,2025-37-308
13361,0,0.39489016848668257,2025-38-308
13362,0,-0.04823116839311137,2025-39-308
13363,0,0.2643994580064484,2025-40-308
13364,1,0.6403855516246781,2025-41-308
13365,0,1.508407510855617,2025-42-308
13366,0,0.635204777294188,2025-43-308
13367,0,0.8004488764356048,2025-44-308
13368,1,-0.6714284842765883,2025-45-308
13369,1,0.6563634309217039,2025-46-308
13370,0,0.505647619594495,2025-47-308
13371,0,-1.0374251085656678,2025-48-308
13372,0,-0.6456679862103254,2025-49-308
13373,1,0.48997973749208246,2025-50-308
13374,0,0.8629162332397025,2025-51-308
13375,0,-0.19773837009697104,2025-52-308
13628,1,0.7494497729021652,2025-1-401
13629,2,4.558095445288733,2025-2-401
13630,3,4.025884976184074,2025-3-401
13631,1,-0.746229467376212,2025-4-401
13632,1,-1.6859695901920726,2025-5-401
13633,0,2.8769460480983646,2025-6-401
13634,1,2.078072921077774,2025-7-401
13635,0,-1.1747874306462625,2025-8-401
13636,0,-2.5761780962985843,2025-9-401
13637,1,1.210663603120534,2025-10-401
13638,0,0.04408933091069578,2025-11-401
13639,1,2.695650156264061,2025-12-401
13640,0,1.6830879534142529,2025-13-401
13641,0,0.6028299287370569,2025-14-401
13642,0,0.21653604490152567,2025-15-401
13643,1,0.09588961356014858,2025-16-401
13644,2,-1.217475313825949,2025-17-401
13645,1,-0.30596535544685555,2025-18-401
13646,0,0.7667113437056985,2025-19-401
13647,0,0.7035345915487232,2025-20-401
13648,0,0.8258246296858487,2025-21-401
13649,1,1.7977760153100266,2025-22-401
13650,3,2.511361853688064,2025-23-401
13651,1,0.9797511104987637,2025-24-401
13652,1,-0.6907479454591696,2025-25-401
13653,0,-1.9605655484918487,2025-26-401
13654,2,0.37309784871642915,2025-27-401
13655,2,4.660359420347069,2025-28-401
13656,0,2.803937714672248,2025-29-401
13657,11,2.421214722540547,2025-30-401
13658,1,1.251043842080375,2025-31-401
13659,2,1.9417900057384259,2025-32-401
13660,2,1.433501940203419,2025-33-401
13661,6,-0.44369530362279397,2025-34-401
13662,2,8.091843537885344,2025-35-401
13663,4,3.086221969841706,2025-36-401
13664,0,0.058518056881966984,2025-37-401
13665,1,-3.5747597429206404,2025-38-401
13666,3,5.263262151862241,2025-39-401
13667,1,2.902125048931268,2025-40-401
13668,1,3.15214472419305,2025-41-401
13669,0,0.3078594285255969,2025-42-401
13670,1,0.35424878133320625,2025-43-401
13671,2,1.0083716003447094,2025-44-401
13672,1,0.41569714296232396,2025-45-401
13673,1,0.742923337134676,2025-46-401
13674,0,0.5706608363314096,2025-47-401
13675,2,0.39959883057852297,2025-48-401
13676,1,1.63587583949323,2025-49-401
13677,0,1.0963348347376707,2025-50-401
13678,0,0.715322095157215,2025-51-401
13679,2,-1.2197963525536486,2025-52-401
13932,1,-2.978607359063355,2025-1-402
13933,0,-1.8526534175753464,2025-2-402
13934,0,0.2957294347061934,2025-3-402
13935,0,-1.6857508264657368,2025-4-402
13936,0,-0.504218980963925,2025-5-402
13937,0,3.3183460114260668,2025-6-402
13938,0,1.7695612926177953,2025-7-402
13939,0,-2.387736641155278,2025-8-402
13940,0,-2.7813028490055554,2025-9-402
13941,0,0.7496088251720239,2025-10-402
13942,1,0.927784157908706,2025-11-402
13943,0,2.576626526237603,2025-12-402
13944,0,1.8814731084510763,2025-13-402
13945,0,0.8936476385005432,2025-14-402
13946,0,-0.016956338935392168,2025-15-402
13947,0,1.260531976003811,2025-16-402
13948,0,-1.1177009602662689,2025-17-402
13949,0,0.3588567215438365,2025-18-402
13950,0,1.1222240922530218,2025-19-402
13951,0,1.3232938693458522,2025-20-402
13952,0,0.351915447824914,2025-21-402
13953,0,0.30501254690979707,2025-22-402
13954,0,2.329448781407458,2025-23-402
13955,0,2.5518483309059556,2025-24-402
13956,0,0.48351026001254915,2025-25-402
13957,0,-1.6848611950698307,2025-26-402
13958,0,-0.048144047321117434,2025-27-402
13959,0,2.485135334495321,2025-28-402
13960,0,2.105583914798027,2025-29-402
13961,0,2.5434988314172715,2025-30-402
13962,0,2.8759803763434992,2025-31-402
13963,0,1.0521753706489574,2025-32-402
13964,0,-0.11606051999011902,2025-33-402
13965,0,-0.5256968527494337,2025-34-402
13966,0,-0.28215721639714486,2025-35-402
13967,0,1.048414380567095,2025-36-402
13968,0,-0.6713441007317931,2025-37-402
13969,0,-1.9345857863692966,2025-38-402
13970,1,-0.13248402744063537,2025-39-402
13971,0,0.5700014908342372,2025-40-402
13972,0,0.8191165239975442,2025-41-402
13973,0,1.9820430707211223,2025-42-402
13974,0,0.7573471852925202,2025-43-402
13975,0,1.681742570278828,2025-44-402
13976,0,0.28735122451050543,2025-45-402
13977,0,0.30044957404216266,2025-46-402
13978,0,0.9683981168411,2025-47-402
13979,0,0.19930574587514283,2025-48-402
13980,0,0.28942259994862995,2025-49-402
13981,0,-0.025493787089964304,2025-50-402
13982,0,0.014141015092512976,2025-51-402
13983,0,-0.5111606840479053,2025-52-402
14236,0,-0.1890516712749748,2025-1-403
14237,0,-0.05705545712566584,2025-2-403
14238,0,2.2045335049027153,2025-3-403
14239,0,0.02279327492708383,2025-4-403
14240,0,-0.9574476007671708,2025-5-403
14241,0,0.11474955024610312,2025-6-403
14242,0,0.2673515293217217,2025-7-403
14243,1,-1.706138726922354,2025-8-403
14244,0,-1.549374298029686,2025-9-403
14245,0,0.5566859752903497,2025-10-403
14246,0,0.891731657514292,2025-11-403
14247,0,1.4590464298279469,2025-12-403
14248,1,1.6517368810193236,2025-13-403
14249,0,1.1008294400493082,2025-14-403
14250,2,0.651874590695924,2025-15-403
14251,0,-0.09023037362303565,2025-16-403
14252,1,-1.5312489764843131,2025-17-403
14253,0,1.0474815511143931,2025-18-403
14254,0,1.3994317662964026,2025-19-403
14255,0,2.9280234388514774,2025-20-403
14256,0,0.27567741071126983,2025-21-403
14257,0,0.8901761218292266,2025-22-403
14258,1,0.8917543549949043,2025-23-403
14259,0,1.710932976781288,2025-24-403
14260,0,-0.023009847267568606,2025-25-403
14261,0,-1.4502997981610029,2025-26-403
14262,1,-0.009729519389625185,2025-27-403
14263,1,3.239650530687569,2025-28-403
14264,0,1.900954166841691,2025-29-403
14265,0,2.1720175559328143,2025-30-403
14266,0,2.4781995454368393,2025-31-403
14267,0,1.602610986363424,2025-32-403
14268,0,0.9301748701754846,2025-33-403
14269,1,0.05329721758956296,2025-34-403
14270,0,-0.45298259043729194,2025-35-403
14271,0,0.7216612726819922,2025-36-403
14272,0,-1.0909149609489943,2025-37-403
14273,0,-2.1312738691529716,2025-38-403
14274,0,1.2243149196042027,2025-39-403
14275,1,1.6228210224702204,2025-40-403
14276,0,0.896616211372752,2025-41-403
14277,0,1.8440081022854624,2025-42-403
14278,0,0.48516862283484663,2025-43-403
14279,1,-0.25711054405935885,2025-44-403
14280,0,0.823339474212009,2025-45-403
14281,3,1.2544850733250728,2025-46-403
14282,1,1.7524542384660866,2025-47-403
14283,0,-0.5267055530993763,2025-48-403
14284,0,0.7388377823394121,2025-49-403
14285,0,0.04946976656616098,2025-50-403
14286,0,2.9448351714618473,2025-51-403
14287,1,0.7536841998104706,2025-52-403
14540,0,0.9546380421784302,2025-1-404
14541,2,-1.5530214137404248,2025-2-404
14542,1,1.5875533032726403,2025-3-404
14543,0,-1.4320517043956706,2025-4-404
14544,0,-0.4043760938072305,2025-5-404
14545,0,1.8201554491171765,2025-6-404
14546,0,2.987968448009129,2025-7-404
14547,0,-1.1258561277145946,2025-8-404
14548,0,-2.374896534965694,2025-9-404
14549,1,0.11416991265534238,2025-10-404
14550,0,0.6002430586555856,2025-11-404
14551,0,2.54030139635692,2025-12-404
14552,0,1.842587717388191,2025-13-404
14553,1,0.8179926805415749,2025-14-404
14554,0,0.7397263795301825,2025-15-404
14555,0,0.4899025412749465,2025-16-404
14556,0,-1.4590456034489985,2025-17-404
14557,1,-0.05141668488852069,2025-18-404
14558,0,2.081412582585344,2025-19-404
14559,0,1.3355551667551189,2025-20-404
14560,0,0.1877152166188556,2025-21-404
14561,0,-0.07033505010407026,2025-22-404
14562,0,3.1121844039801165,2025-23-404
14563,1,2.6993385626956883,2025-24-404
14564,0,0.443098270760641,2025-25-404
14565,0,-1.9925088360398147,2025-26-404
14566,1,-0.0713035951443679,2025-27-404
14567,0,2.5110051340649227,2025-28-404
14568,0,3.0464795676405783,2025-29-404
14569,0,2.7298330976569756,2025-30-404
14570,0,2.654101811195619,2025-31-404
14571,0,1.4930746188212258,2025-32-404
14572,1,-0.016480980741525375,2025-33-404
14573,0,-0.7252844622802392,2025-34-404
14574,1,-0.7645481155641725,2025-35-404
14575,0,0.9201233145845005,2025-36-404
14576,0,-0.6322336360813603,2025-37-404
14577,0,-0.8357830912027526,2025-38-404
14578,2,0.23076547054448682,2025-39-404
14579,0,1.3951086238899824,2025-40-404
14580,0,0.9071082356987579,2025-41-404
14581,0,2.1412661109469227,2025-42-404
14582,0,0.5869030854244093,2025-43-404
14583,0,2.5583148238077618,2025-44-404
14584,0,0.4583429501941927,2025-45-404
14585,1,0.37032460317829186,2025-46-404
14586,0,0.792399049598826,2025-47-404
14587,0,0.17132056430979592,2025-48-404
14588,0,0.31229819999065134,2025-49-404
14589,0,-0.08217077617012736,2025-50-404
14590,0,0.8349365046044621,2025-51-404
14591,0,-0.3973747712781708,2025-52-404
14844,1,-1.5121082640378636,2025-1-405
14845,0,-0.12912589383742645,2025-2-405
14846,0,1.1284747794695544,2025-3-405
14847,0,-0.6970185738259351,2025-4-405
14848,0,-0.43631893770664254,2025-5-405
14849,0,2.639457929303946,2025-6-405
14850,0,0.9871967869486404,2025-7-405
14851,1,-2.3118004974687394,2025-8-405
14852,0,-2.2194682354841038,2025-9-405
14853,0,0.7170468524454758,2025-10-405
14854,0,0.9483553628250245,2025-11-405
14855,0,1.4451144876144892,2025-12-405
14856,0,1.6535324417567503,2025-13-405
14857,0,1.1010245879859895,2025-14-405
14858,0,0.7320618054827368,2025-15-405
14859,0,0.011035363116360664,2025-16-405
14860,0,-1.439504090967589,2025-17-405
14861,0,0.2745464352386491,2025-18-405
14862,0,1.2449942726384096,2025-19-405
14863,0,1.0350315993008041,2025-20-405
14864,0,0.09712711605731261,2025-21-405
14865,0,0.23679368173734794,2025-22-405
14866,0,1.5846687096733338,2025-23-405
14867,0,1.809275249914387,2025-24-405
14868,0,0.36770497797905977,2025-25-405
14869,0,-1.3626076829505487,2025-26-405
14870,0,-0.05045908391383813,2025-27-405
14871,0,1.9735306419254082,2025-28-405
14872,0,1.1971704602144866,2025-29-405
14873,0,2.097175337076877,2025-30-405
14874,0,2.7109959979750804,2025-31-405
14875,0,0.8290099243043483,2025-32-405
14876,0,-0.12319886626377796,2025-33-405
14877,0,-0.25101881085335087,2025-34-405
14878,0,-0.3988722082488869,2025-35-405
14879,0,0.8906554937051996,2025-36-405
14880,0,-1.1658142353080465,2025-37-405
14881,0,-2.3286853294273837,2025-38-405
14882,0,0.28758422543525697,2025-39-405
14883,0,1.541806168693497,2025-40-405
14884,0,0.7414116343211008,2025-41-405
14885,0,1.8833258738944387,2025-42-405
14886,0,0.7380563831711462,2025-43-405
14887,0,0.100374838599949,2025-44-405
14888,0,-0.09233610441321805,2025-45-405
14889,0,0.9894793635875607,2025-46-405
14890,0,1.674917288613714,2025-47-405
14891,0,-0.26829061887691097,2025-48-405
14892,0,0.3355628841832159,2025-49-405
14893,0,0.013160227709717809,2025-50-405
14894,0,0.14371090487636673,2025-51-405
14895,0,-0.5342488391972045,2025-52-405
15148,1,-1.0507381666135749,2025-1-406
15149,0,-0.9963227532156638,2025-2-406
15150,0,1.485096526501404,2025-3-406
15151,1,-1.0337265983178079,2025-4-406
15152,0,0.30520292956601835,2025-5-406
15153,0,3.3975916387145833,2025-6-406
15154,0,0.897734020845709,2025-7-406
15155,0,-3.4491442089939572,2025-8-406
15156,0,-1.6187851862284757,2025-9-406
15157,0,1.1255280219134418,2025-10-406
15158,0,0.7203685276760292,2025-11-406
15159,0,0.7748524819227196,2025-12-406
15160,0,0.5403391210685586,2025-13-406
15161,1,1.0618771342254867,2025-14-406
15162,0,1.1273485352877985,2025-15-406
15163,0,0.22757385511669703,2025-16-406
15164,0,-1.5720169158840416,2025-17-406
15165,0,0.17700532822584947,2025-18-406
15166,0,2.0384978202211803,2025-19-406
15167,0,1.1148422731432954,2025-20-406
15168,0,-0.029744519448135165,2025-21-406
15169,0,-0.12932700527425034,2025-22-406
15170,0,1.237640100869656,2025-23-406
15171,0,1.5375303258993944,2025-24-406
15172,1,0.22394930737420138,2025-25-406
15173,1,-1.3486727538435557,2025-26-406
15174,0,-0.013692349718340324,2025-27-406
15175,0,2.698134190050296,2025-28-406
15176,0,1.8261053840931154,2025-29-406
15177,0,2.69315634757806,2025-30-406
15178,0,3.2159541077612253,2025-31-406
15179,1,1.0777860652177855,2025-32-406
15180,0,-0.2982551331912764,2025-33-406
15181,2,-0.7295246957125658,2025-34-406
15182,0,-0.484461313655947,2025-35-406
15183,0,0.8307091837725373,2025-36-406
15184,0,-0.48484698472933063,2025-37-406
15185,0,-2.2246302308887187,2025-38-406
15186,0,1.7713265436797545,2025-39-406
15187,0,1.1160644078928987,2025-40-406
15188,0,0.6679038550761573,2025-41-406
15189,0,1.6197531577514477,2025-42-406
15190,0,0.8563920632324811,2025-43-406
15191,0,0.35448176120394814,2025-44-406
15192,0,0.08902016685002456,2025-45-406
15193,0,0.7454696132265095,2025-46-406
15194,0,1.153371128394351,2025-47-406
15195,0,-1.156204294253396,2025-48-406
15196,0,-0.5277721766589543,2025-49-406
15197,0,0.021128948034874195,2025-50-406
15198,0,0.6771824751333164,2025-51-406
15199,0,-0.6497900458658741,2025-52-406
15452,1,-1.732279985908662,2025-1-407
15453,0,-1.6216684507857333,2025-2-407
15454,1,2.0256120392145602,2025-3-407
15455,0,0.6429025329229798,2025-4-407
15456,1,-0.09868081504515125,2025-5-407
15457,0,0.9574746320154581,2025-6-407
15458,0,-0.024221757022290458,2025-7-407
15459,0,-1.300905115021029,2025-8-407
15460,0,-1.777984831810603,2025-9-407
15461,0,1.1017140644265315,2025-10-407
15462,0,0.5318643787827044,2025-11-407
15463,0,1.4924336668916816,2025-12-407
15464,0,0.5611052113395116,2025-13-407
15465,0,0.6234746651997836,2025-14-407
15466,0,0.16482899544779883,2025-15-407
15467,0,-0.0029089243000051113,2025-16-407
15468,0,-1.6503765119965261,2025-17-407
15469,0,0.0208230302265191,2025-18-407
15470,1,0.9753393225385873,2025-19-407
15471,0,0.8077617832184769,2025-20-407
15472,0,-0.3067053867551639,2025-21-407
15473,0,-0.14137020510439413,2025-22-407
15474,0,1.6222483323230439,2025-23-407
15475,0,2.9097769717679483,2025-24-407
15476,0,0.6402130456916253,2025-25-407
15477,0,-1.7193402272795724,2025-26-407
15478,0,-0.39106262088037,2025-27-407
15479,0,1.9784550673538825,2025-28-407
15480,0,1.542585277479813,2025-29-407
15481,0,1.9375302635064928,2025-30-407
15482,1,2.6871860970047976,2025-31-407
15483,8,0.7230593308629047,2025-32-407
15484,3,0.054375021687767866,2025-33-407
15485,2,-0.23659345042037083,2025-34-407
15486,0,-0.4412317880044885,2025-35-407
15487,2,1.6883461485076126,2025-36-407
15488,2,5.886074307044888,2025-37-407
15489,2,1.8887293681393413,2025-38-407
15490,0,1.8413257254515423,2025-39-407
15491,0,-1.0823522917641184,2025-40-407
15492,1,1.7979491828365175,2025-41-407
15493,1,3.7143181413140027,2025-42-407
15494,0,2.595568509189298,2025-43-407
15495,1,0.030226738642816553,2025-44-407
15496,2,0.11612955410316506,2025-45-407
15497,4,1.3456916130079974,2025-46-407
15498,0,1.9925072964993293,2025-47-407
15499,1,0.11860360968476158,2025-48-407
15500,2,1.512657663989599,2025-49-407
15501,0,1.7112513079701328,2025-50-407
15502,0,3.7065124706425707,2025-51-407
15503,0,0.1985244988528594,2025-52-407
15756,0,-1.7468842825532662,2025-1-408
15757,0,-1.2652721482635587,2025-2-408
15758,1,1.4982103545921024,2025-3-408
15759,0,-0.9249370323643293,2025-4-408
15760,0,-0.46131606743380615,2025-5-408
15761,0,0.43762775327571823,2025-6-408
15762,0,0.3157365038719928,2025-7-408
15763,0,-1.2723092247096646,2025-8-408
15764,0,-1.4592679448898003,2025-9-408
15765,0,0.36348677875999336,2025-10-408
15766,0,0.42913797483009564,2025-11-408
15767,0,1.5288760078923602,2025-12-408
15768,0,0.8969751596710944,2025-13-408
15769,0,0.733264499441399,2025-14-408
15770,1,0.291858956495314,2025-15-408
15771,0,-0.026209358913675374,2025-16-408
15772,1,-1.6562800777890643,2025-17-408
15773,0,0.06276823175502466,2025-18-408
15774,0,1.056481038448851,2025-19-408
15775,0,1.722200315210979,2025-20-408
15776,0,0.0228822764761607,2025-21-408
15777,0,0.7881291225447447,2025-22-408
15778,1,1.5894922625336176,2025-23-408
15779,0,1.8995557854694327,2025-24-408
15780,0,-0.0932384177797072,2025-25-408
15781,1,-1.7198101370107683,2025-26-408
15782,0,-0.30587737069179344,2025-27-408
15783,0,2.644013212019099,2025-28-408
15784,0,1.5715440496330786,2025-29-408
15785,0,1.8496586951198923,2025-30-408
15786,0,2.925759155680885,2025-31-408
15787,1,0.636028310439583,2025-32-408
15788,0,-0.14668192898531807,2025-33-408
15789,0,-0.5772439108840581,2025-34-408
15790,0,-0.5079576904565095,2025-35-408
15791,0,0.7593794735147932,2025-36-408
15792,0,-0.4463671103570448,2025-37-408
15793,0,-2.1952958080487126,2025-38-408
15794,0,-0.07070369811991917,2025-39-408
15795,1,0.4770185508701963,2025-40-408
15796,0,0.561649798507077,2025-41-408
15797,0,2.1045961167694855,2025-42-408
15798,0,1.0349650359193783,2025-43-408
15799,0,0.6292125466662029,2025-44-408
15800,0,1.1132208077537031,2025-45-408
15801,0,0.7161146650086283,2025-46-408
15802,0,1.052749131258814,2025-47-408
15803,0,-0.1768080456372867,2025-48-408
15804,0,0.47684447023686527,2025-49-408
15805,0,-0.4702517581563548,2025-50-408
15806,0,-0.6716571739616097,2025-51-408
15807,0,-0.6469915528690713,2025-52-408
16060,0,-0.31701524024269423,2025-1-409
16061,0,-0.4639898538653995,2025-2-409
16062,0,0.6165656998182096,2025-3-409
16063,0,-1.4984414955216017,2025-4-409
16064,0,-1.5725265969415516,2025-5-409
16065,1,0.017270863125343094,2025-6-409
16066,0,0.1827529378121362,2025-7-409
16067,0,-1.9791805746278146,2025-8-409
16068,0,-1.8485326442181136,2025-9-409
16069,0,0.2312029640374158,2025-10-409
16070,1,1.3984158296765512,2025-11-409
16071,0,1.3504638960040283,2025-12-409
16072,0,0.4324910012341956,2025-13-409
16073,0,0.24765037779077526,2025-14-409
16074,0,0.3169238967786163,2025-15-409
16075,0,0.7546773025773326,2025-16-409
16076,0,-1.5807433408994878,2025-17-409
16077,0,-0.08757296353054622,2025-18-409
16078,0,0.7165460829435983,2025-19-409
16079,0,1.0070412204462054,2025-20-409
16080,0,-0.08155659538989646,2025-21-409
16081,0,-0.19250504270102464,2025-22-409
16082,0,0.9660854199046005,2025-23-409
16083,0,1.4743094948726614,2025-24-409
16084,0,-0.08128799164141798,2025-25-409
16085,0,-1.7709549943489917,2025-26-409
16086,0,-0.30679539164848135,2025-27-409
16087,0,2.0613955175720484,2025-28-409
16088,0,1.3665145805740606,2025-29-409
16089,1,1.8640092199275387,2025-30-409
16090,0,2.401246798637548,2025-31-409
16091,0,0.35947939111665494,2025-32-409
16092,0,-0.496868267355727,2025-33-409
16093,0,-0.518920614327044,2025-34-409
16094,0,0.29285084863740396,2025-35-409
16095,1,0.7281051666481875,2025-36-409
16096,0,-1.5344619441995966,2025-37-409
16097,1,-2.8271486874520186,2025-38-409
16098,0,-0.03760905648578383,2025-39-409
16099,0,1.1194538739089617,2025-40-409
16100,0,1.4740457144001085,2025-41-409
16101,0,1.9718037830096753,2025-42-409
16102,1,1.0185550848311866,2025-43-409
16103,1,-0.6167594732298673,2025-44-409
16104,1,-0.35159879134131167,2025-45-409
16105,0,0.4504825732052655,2025-46-409
16106,1,1.382122591124471,2025-47-409
16107,1,0.30329511536014175,2025-48-409
16108,0,0.7164998845482469,2025-49-409
16109,1,0.5729835419623766,2025-50-409
16110,0,-0.058466615100559505,2025-51-409
16111,0,-0.19358546574510482,2025-52-409
16364,0,0.5993683798973715,2025-1-410
16365,1,-1.8415577683768274,2025-2-410
16366,2,4.76659829871922,2025-3-410
16367,3,3.2512515623247173,2025-4-410
16368,0,5.074343597171205,2025-5-410
16369,1,5.63154469205443,2025-6-410
16370,0,2.8209689114552132,2025-7-410
16371,2,-3.681104438108163,2025-8-410
16372,3,-0.4932231398141602,2025-9-410
16373,0,1.8436063098199604,2025-10-410
16374,0,2.306816472704077,2025-11-410
16375,1,0.9531660250907308,2025-12-410
16376,1,2.611017406111039,2025-13-410
16377,2,4.9076836194005224,2025-14-410
16378,0,3.809311226531812,2025-15-410
16379,3,1.1981765079281315,2025-16-410
16380,0,-0.5738710374476543,2025-17-410
16381,2,1.8041090223828478,2025-18-410
16382,2,3.923570981834093,2025-19-410
16383,1,2.309131926466988,2025-20-410
16384,0,3.606847262881649,2025-21-410
16385,0,0.9920419955801267,2025-22-410
16386,0,3.7314416958445307,2025-23-410
16387,1,3.416873160694367,2025-24-410
16388,2,2.718595589293119,2025-25-410
16389,2,-0.15087615494496154,2025-26-410
16390,2,0.5031551733711601,2025-27-410
16391,0,2.7779253248431663,2025-28-410
16392,0,2.914053149677149,2025-29-410
16393,1,4.609963631608109,2025-30-410
16394,1,6.650650827373595,2025-31-410
16395,2,4.574426333880616,2025-32-410
16396,0,0.28794849430208025,2025-33-410
16397,1,-0.5620747266464905,2025-34-410
16398,1,0.0931485778136385,2025-35-410
16399,0,2.817225112555197,2025-36-410
16400,1,2.2195029146073773,2025-37-410
16401,0,-1.0181160046283186,2025-38-410
16402,0,0.9581250140620146,2025-39-410
16403,2,1.519972200646938,2025-40-410
16404,1,1.6983908475211766,2025-41-410
16405,1,3.199668261911637,2025-42-410
16406,0,1.3126278590546483,2025-43-410
16407,0,0.5315781655040501,2025-44-410
16408,3,2.333034757353393,2025-45-410
16409,0,2.892141830687933,2025-46-410
16410,0,3.3117577143601507,2025-47-410
16411,1,0.028417941189477602,2025-48-410
16412,2,1.260964764386837,2025-49-410
16413,4,3.739424001271283,2025-50-410
16414,3,2.1708732805464175,2025-51-410
16415,1,0.05950132649783724,2025-52-410
16668,38,-1.4017606659808517,2025-1-501
16669,0,2.135309719237145,2025-2-501
16670,1,1.2496594582392477,2025-3-501
16671,0,1.5908649246814506,2025-4-501
16672,0,0.765763837384414,2025-5-501
16673,1,33.71656674125808,2025-6-501
16674,0,7.929779216255909,2025-7-501
16675,1,0.40218566452934246,2025-8-501
16676,1,-8.521088055903384,2025-9-501
16677,0,1.3510661514719142,2025-10-501
16678,1,2.0648140679815987,2025-11-501
16679,28,1.4119325493758377,2025-12-501
16680,6,2.164336949033016,2025-13-501
16681,1,2.061798332955309,2025-14-501
16682,0,1.7426477566089795,2025-15-501
16683,0,2.298213119416899,2025-16-501
16684,0,24.864102573145054,2025-17-501
16685,0,12.04535661754757,2025-18-501
16686,0,2.929309270462119,2025-19-501
16687,0,-6.739296555057246,2025-20-501
16688,0,-0.1764845991575026,2025-21-501
16689,0,1.7705118820738304,2025-22-501
16690,0,1.2907651493847139,2025-23-501
16691,1,1.682202855390603,2025-24-501
16692,1,2.439704478239681,2025-25-501
16693,0,1.9907875188702664,2025-26-501
16694,2,1.30328475535418,2025-27-501
16695,1,1.0504988909525776,2025-28-501
16696,2,4.352639489235772,2025-29-501
16697,1,3.344929029965561,2025-30-501
16698,0,3.108198223113954,2025-31-501
16699,1,3.421506410653902,2025-32-501
16700,2,2.2107964473959028,2025-33-501
16701,1,1.7121947856386308,2025-34-501
16702,3,1.7063799143251315,2025-35-501
16703,2,1.3256718756105206,2025-36-501
16704,7,1.2326548279466973,2025-37-501
16705,5,2.4840595074676,2025-38-501
16706,4,3.040512763725693,2025-39-501
16707,2,4.5153199208722485,2025-40-501
16708,3,3.256510939923826,2025-41-501
16709,4,7.620199273464957,2025-42-501
16710,4,6.183717851216958,2025-43-501
16711,9,5.957807669354008,2025-44-501
16712,5,2.826908931882384,2025-45-501
16713,4,3.0283539793589247,2025-46-501
16714,5,4.964239630493257,2025-47-501
16715,1,4.778871444567226,2025-48-501
16716,0,11.638301385680853,2025-49-501
16717,1,5.582153039743272,2025-50-501
16718,2,4.283160001841997,2025-51-501
16719,1,4.946920966421995,2025-52-501
16972,0,-0.5978975768191397,2025-1-502
16973,0,2.2794957478188493,2025-2-502
16974,0,1.217327895623221,2025-3-502
16975,1,0.8138247978832398,2025-4-502
16976,0,0.656945665255305,2025-5-502
16977,0,0.9923027433461775,2025-6-502
16978,0,1.0026179226881937,2025-7-502
16979,0,0.32732438588446167,2025-8-502
16980,0,2.9672061323425245,2025-9-502
16981,0,1.6460577645874443,2025-10-502
16982,0,1.5853913960627632,2025-11-502
16983,2,1.2240208412836844,2025-12-502
16984,1,1.8411184584351075,2025-13-502
16985,1,1.9831559583019547,2025-14-502
16986,0,2.023009748787138,2025-15-502
16987,0,2.3836949140765364,2025-16-502
16988,0,3.0604989217492253,2025-17-502
16989,0,2.717585786059604,2025-18-502
16990,1,2.887924019285012,2025-19-502
16991,1,1.5511675729736154,2025-20-502
16992,0,1.6415501602149438,2025-21-502
16993,0,1.9232084586361833,2025-22-502
16994,0,2.564361610542498,2025-23-502
16995,0,4.586744892397579,2025-24-502
16996,0,4.429716867251738,2025-25-502
16997,0,2.6398986802522963,2025-26-502
16998,0,1.440450664645081,2025-27-502
16999,1,1.626093577581227,2025-28-502
17000,0,3.9757876785214084,2025-29-502
17001,0,2.356466497961089,2025-30-502
17002,0,1.8795072979359424,2025-31-502
17003,0,0.7296725436450986,2025-32-502
17004,0,2.2191403354391612,2025-33-502
17005,1,0.45855863002278596,2025-34-502
17006,0,1.284765445281376,2025-35-502
17007,1,1.6061654600499262,2025-36-502
17008,0,1.4426309064614904,2025-37-502
17009,0,1.6635858332068163,2025-38-502
17010,2,3.721084883055306,2025-39-502
17011,0,2.9063814271478794,2025-40-502
17012,1,2.1193147093945823,2025-41-502
17013,0,1.0222424736942388,2025-42-502
17014,2,1.1948721690044628,2025-43-502
17015,2,4.295574950261484,2025-44-502
17016,0,3.904484692120211,2025-45-502
17017,3,2.3836304866051936,2025-46-502
17018,1,0.6749534662145469,2025-47-502
17019,1,2.3997249535640908,2025-48-502
17020,1,5.738643789439497,2025-49-502
17021,2,1.1618482768784046,2025-50-502
17022,0,3.8272174974318247,2025-51-502
17023,0,4.1013085407702015,2025-52-502
17276,1,-0.7642204140688991,2025-1-503
17277,2,8.201929254350379,2025-2-503
17278,0,5.2939456190433685,2025-3-503
17279,0,4.062329620129357,2025-4-503
17280,2,1.5985569644221733,2025-5-503
17281,0,1.5249573688850486,2025-6-503
17282,2,1.828554687208121,2025-7-503
17283,0,-0.036449042974306956,2025-8-503
17284,0,1.773008219036631,2025-9-503
17285,0,2.602643707507409,2025-10-503
17286,1,1.9992473622602656,2025-11-503
17287,0,3.2173298588559547,2025-12-503
17288,0,1.7163208455764885,2025-13-503
17289,0,1.8550959842648576,2025-14-503
17290,0,1.4393463410561598,2025-15-503
17291,0,3.3913707757003366,2025-16-503
17292,0,1.5969063722110053,2025-17-503
17293,0,1.2800665414368049,2025-18-503
17294,0,1.3823347259005188,2025-19-503
17295,0,1.7730875427866628,2025-20-503
17296,0,1.8940112491615524,2025-21-503
17297,2,2.1141716386559297,2025-22-503
17298,0,2.1317619829055436,2025-23-503
17299,0,3.460735914299142,2025-24-503
17300,0,3.3504601602244466,2025-25-503
17301,0,2.4635692461724306,2025-26-503
17302,1,3.4225909470202653,2025-27-503
17303,1,2.563528307628051,2025-28-503
17304,1,4.409510860234935,2025-29-503
17305,4,2.1790085611142462,2025-30-503
17306,5,1.8720963740242045,2025-31-503
17307,4,1.651013324210588,2025-32-503
17308,4,2.656833061299273,2025-33-503
17309,6,1.400502123024,2025-34-503
17310,6,4.650898377569661,2025-35-503
17311,4,6.642785497225893,2025-36-503
17312,5,5.285132060850506,2025-37-503
17313,1,4.549027230245904,2025-38-503
17314,4,7.663335122641504,2025-39-503
17315,8,7.7757195781133674,2025-40-503
17316,12,4.1680509803312455,2025-41-503
17317,17,4.507803738343838,2025-42-503
17318,11,2.0924475497558817,2025-43-503
17319,13,5.2172676585649,2025-44-503
17320,15,8.973317752956959,2025-45-503
17321,23,13.062999936619837,2025-46-503
17322,17,18.07397131596334,2025-47-503
17323,10,11.66184392910735,2025-48-503
17324,17,13.45200087393078,2025-49-503
17325,20,10.75158301936611,2025-50-503
17326,11,21.270868354704575,2025-51-503
17327,5,18.286099409724557,2025-52-503
17580,1,-0.6642238610718589,2025-1-504
17581,0,-0.5792991439842776,2025-2-504
17582,1,0.8196353068277773,2025-3-504
17583,0,0.38964028348041513,2025-4-504
17584,0,0.2510289782578776,2025-5-504
17585,0,1.8062899207393532,2025-6-504
17586,0,1.0506988143390847,2025-7-504
17587,1,1.8822720644785382,2025-8-504
17588,0,2.3393650070594356,2025-9-504
17589,0,1.7653716136180588,2025-10-504
17590,0,1.5504318014764351,2025-11-504
17591,0,1.548395882116452,2025-12-504
17592,0,2.5871450929241435,2025-13-504
17593,1,1.9843381325166296,2025-14-504
17594,0,2.0205148943342612,2025-15-504
17595,0,1.9078912235502923,2025-16-504
17596,0,1.1577883076180653,2025-17-504
17597,0,1.7493347961815664,2025-18-504
17598,1,3.022592484408771,2025-19-504
17599,1,1.6866781984771546,2025-20-504
17600,0,1.876898414586733,2025-21-504
17601,0,2.155962920105983,2025-22-504
17602,0,1.983454836235813,2025-23-504
17603,0,2.9472541250197697,2025-24-504
17604,0,3.74023274806833,2025-25-504
17605,0,2.3948631761412846,2025-26-504
17606,0,1.2174036314705035,2025-27-504
17607,0,0.798843265395385,2025-28-504
17608,0,3.745464755748547,2025-29-504
17609,0,2.64787904379167,2025-30-504
17610,0,3.270665867889918,2025-31-504
17611,0,1.8773353364248277,2025-32-504
17612,0,1.4287843798851052,2025-33-504
17613,1,-0.053069848004660525,2025-34-504
17614,1,1.2719089211904047,2025-35-504
17615,0,1.7409688892005037,2025-36-504
17616,1,1.1476796569651828,2025-37-504
17617,5,1.375968090933854,2025-38-504
17618,0,3.3102285239975786,2025-39-504
17619,1,3.7582225998944256,2025-40-504
17620,1,2.166471533187902,2025-41-504
17621,5,2.4398450893981685,2025-42-504
17622,7,5.585585030794787,2025-43-504
17623,3,3.5879652885718456,2025-44-504
17624,3,3.5204892167082904,2025-45-504
17625,6,1.535203582883004,2025-46-504
17626,5,6.711682834046471,2025-47-504
17627,2,8.013142849599712,2025-48-504
17628,8,7.91809989212239,2025-49-504
17629,1,2.9068470548929644,2025-50-504
17630,1,5.079562326944238,2025-51-504
17631,1,7.090401391224077,2025-52-504
17884,0,-1.0267125902801681,2025-1-505
17885,0,-1.4042812814857935,2025-2-505
17886,0,5.331292134174266,2025-3-505
17887,1,1.9271659748288892,2025-4-505
17888,0,3.299757437395003,2025-5-505
17889,0,0.2402791888682536,2025-6-505
17890,1,0.9295258272154525,2025-7-505
17891,0,-0.1846148547453561,2025-8-505
17892,0,2.998515925290772,2025-9-505
17893,0,1.7461356400631338,2025-10-505
17894,0,1.6526383493671504,2025-11-505
17895,0,2.1175318403101278,2025-12-505
17896,0,1.9609670647508652,2025-13-505
17897,0,1.7674039976382099,2025-14-505
17898,0,1.7935026785679653,2025-15-505
17899,0,2.348358105039287,2025-16-505
17900,1,1.1577513131942192,2025-17-505
17901,0,1.352752606686443,2025-18-505
17902,0,1.7401146484372072,2025-19-505
17903,2,1.3759082557699363,2025-20-505
17904,1,1.7208407550992888,2025-21-505
17905,0,3.059104296050551,2025-22-505
17906,0,1.7540910054840395,2025-23-505
17907,0,2.800127891683987,2025-24-505
17908,1,4.646995709922345,2025-25-505
17909,0,3.2117462119697904,2025-26-505
17910,2,0.8064522330292974,2025-27-505
17911,4,0.5939948859113677,2025-28-505
17912,7,3.907825938843027,2025-29-505
17913,8,3.48035605104352,2025-30-505
17914,15,2.1494515442640805,2025-31-505
17915,9,2.5661981464084125,2025-32-505
17916,8,4.907395569620624,2025-33-505
17917,12,6.9899207613879,2025-34-505
17918,11,8.728400795969385,2025-35-505
17919,17,14.777906977175588,2025-36-505
17920,12,9.772484869002934,2025-37-505
17921,18,7.034599299362989,2025-38-505
17922,13,9.78384636245533,2025-39-505
17923,11,12.037881731131693,2025-40-505
17924,27,16.097164718602077,2025-41-505
17925,10,11.383963728750942,2025-42-505
17926,19,16.126655705718374,2025-43-505
17927,36,12.591395888082651,2025-44-505
17928,29,11.474668174560561,2025-45-505
17929,26,22.20211529119388,2025-46-505
17930,17,12.267971892111188,2025-47-505
17931,30,15.321960308782748,2025-48-505
17932,19,30.471336053414543,2025-49-505
17933,18,29.0120346232443,2025-50-505
17934,12,23.197991192371436,2025-51-505
17935,9,12.03112911620201,2025-52-505
18188,2,4.874822355023218,2025-1-506
18189,5,5.4865848423404175,2025-2-506
18190,3,3.6727821222715495,2025-3-506
18191,3,-0.008239756231511741,2025-4-506
18192,3,-0.8634836174693574,2025-5-506
18193,0,1.8841987353973861,2025-6-506
18194,0,5.692953469419733,2025-7-506
18195,0,4.454451221374766,2025-8-506
18196,2,4.677432459875678,2025-9-506
18197,0,3.327023309409039,2025-10-506
18198,0,1.4212714830397195,2025-11-506
18199,0,0.5858735328986415,2025-12-506
18200,0,0.9309312039180742,2025-13-506
18201,0,3.6268663395602316,2025-14-506
18202,0,2.4898073702714947,2025-15-506
18203,0,2.1599702226368294,2025-16-506
18204,0,0.5427391757018287,2025-17-506
18205,2,1.6942986001011358,2025-18-506
18206,0,1.9911382064167606,2025-19-506
18207,1,1.4674279198791238,2025-20-506
18208,0,1.8656468276201463,2025-21-506
18209,0,2.3609719258131303,2025-22-506
18210,0,3.5665590455336766,2025-23-506
18211,0,2.6797545152234057,2025-24-506
18212,0,3.573606387203544,2025-25-506
18213,0,1.8362839866165315,2025-26-506
18214,0,1.6522049803132437,2025-27-506
18215,0,1.1271743813118755,2025-28-506
18216,0,4.174112442540179,2025-29-506
18217,1,2.4744547348661303,2025-30-506
18218,0,2.2861087683447527,2025-31-506
18219,1,0.5532751166172902,2025-32-506
18220,1,1.3546528575205652,2025-33-506
18221,0,0.5471944335046413,2025-34-506
18222,0,2.195671958629668,2025-35-506
18223,0,2.0123059826424408,2025-36-506
18224,0,2.092461323322784,2025-37-506
18225,1,2.039463359129193,2025-38-506
18226,0,2.706543087020454,2025-39-506
18227,0,1.961077522372074,2025-40-506
18228,3,1.1176077868987981,2025-41-506
18229,4,1.7063668180579667,2025-42-506
18230,2,2.5154857886389026,2025-43-506
18231,2,2.5769057457546576,2025-44-506
18232,5,2.8129600485384647,2025-45-506
18233,9,4.099492759619183,2025-46-506
18234,9,6.134816969585264,2025-47-506
18235,4,3.7317618907037295,2025-48-506
18236,7,5.114819535709694,2025-49-506
18237,13,4.422822551700166,2025-50-506
18238,6,9.505241770220541,2025-51-506
18239,0,11.806608575359263,2025-52-506
18492,0,0.2925367104486649,2025-1-507
18493,0,1.6353100752852585,2025-2-507
18494,1,1.5877274256842155,2025-3-507
18495,0,1.2516933175576086,2025-4-507
18496,0,1.4524936620361208,2025-5-507
18497,0,1.284334675673806,2025-6-507
18498,0,0.7613989243639594,2025-7-507
18499,0,1.0420483996361805,2025-8-507
18500,1,2.270506968725831,2025-9-507
18501,0,1.4831134014882368,2025-10-507
18502,1,1.3218430515107307,2025-11-507
18503,0,1.4379617041646617,2025-12-507
18504,1,1.9226880819727639,2025-13-507
18505,0,2.8570265500552803,2025-14-507
18506,1,2.221619859903629,2025-15-507
18507,0,3.1542449509050448,2025-16-507
18508,0,1.2261280512871449,2025-17-507
18509,0,2.607881637332002,2025-18-507
18510,0,1.8579984078731986,2025-19-507
18511,0,2.6322977507263383,2025-20-507
18512,0,1.9405717242758376,2025-21-507
18513,0,2.3068489236893504,2025-22-507
18514,1,1.9613133060483487,2025-23-507
18515,1,2.709451716211805,2025-24-507
18516,0,3.0612178351214667,2025-25-507
18517,1,2.6293768694685506,2025-26-507
18518,0,2.352962742546756,2025-27-507
18519,0,2.1440793169727277,2025-28-507
18520,0,4.753508411181497,2025-29-507
18521,0,2.797321542559171,2025-30-507
18522,0,2.8816295205714844,2025-31-507
18523,0,0.8852988399744257,2025-32-507
18524,1,1.3849711640579925,2025-33-507
18525,0,-0.16727352575267052,2025-34-507
18526,2,1.0873383211173957,2025-35-507
18527,0,1.8468720654422193,2025-36-507
18528,0,1.743088049883406,2025-37-507
18529,1,2.384119173487032,2025-38-507
18530,1,2.050576700597701,2025-39-507
18531,0,3.539307827876166,2025-40-507
18532,1,1.8113907896691002,2025-41-507
18533,0,2.0005076260357058,2025-42-507
18534,2,1.9963087151579542,2025-43-507
18535,1,2.952287984752629,2025-44-507
18536,1,3.2892015750862673,2025-45-507
18537,1,2.6082099426436174,2025-46-507
18538,1,0.5379435093036018,2025-47-507
18539,1,1.7484527402625545,2025-48-507
18540,0,5.373919037174993,2025-49-507
18541,1,1.920556476178966,2025-50-507
18542,1,1.1712633797063687,2025-51-507
18543,0,3.0973504934297367,2025-52-507
18796,0,-0.14502510177983075,2025-1-508
18797,0,-1.237282577535567,2025-2-508
18798,0,1.6079228309776448,2025-3-508
18799,1,0.5054017738189334,2025-4-508
18800,0,1.2872222501698998,2025-5-508
18801,0,1.3545454305505464,2025-6-508
18802,0,0.6076375199549666,2025-7-508
18803,0,-1.4688151360603219,2025-8-508
18804,0,0.9985160676327616,2025-9-508
18805,0,1.4326929938541182,2025-10-508
18806,0,1.2557526228965767,2025-11-508
18807,0,0.505334010354062,2025-12-508
18808,0,1.4900733566835171,2025-13-508
18809,0,1.75294384432515,2025-14-508
18810,0,2.1320723814094795,2025-15-508
18811,0,2.200116165374056,2025-16-508
18812,0,0.882544721523038,2025-17-508
18813,0,1.513805387564487,2025-18-508
18814,0,1.952474488300254,2025-19-508
18815,1,1.7247120672709533,2025-20-508
18816,1,2.086893773029809,2025-21-508
18817,0,2.3650813645321707,2025-22-508
18818,0,2.1497357758684656,2025-23-508
18819,0,2.236375795934558,2025-24-508
18820,0,3.029408100397755,2025-25-508
18821,1,2.660535515139327,2025-26-508
18822,0,1.8632053749175272,2025-27-508
18823,0,1.0553847312942684,2025-28-508
18824,0,3.2179180050759864,2025-29-508
18825,0,1.476820135334112,2025-30-508
18826,1,2.7008563151231906,2025-31-508
18827,1,1.2184374313180744,2025-32-508
18828,2,1.4519363336027706,2025-33-508
18829,0,-0.04082486752513326,2025-34-508
18830,0,0.5734229041786514,2025-35-508
18831,0,2.4035742804050497,2025-36-508
18832,2,2.259796051600664,2025-37-508
18833,0,2.31648345207907,2025-38-508
18834,4,2.2613313989986326,2025-39-508
18835,1,1.4697707252320746,2025-40-508
18836,1,-0.06712438662542208,2025-41-508
18837,6,2.5738069551583314,2025-42-508
18838,6,1.6627057226860722,2025-43-508
18839,1,4.862522674029588,2025-44-508
18840,2,2.8712638758220193,2025-45-508
18841,1,2.2424409998744794,2025-46-508
18842,0,5.123554735795211,2025-47-508
18843,2,5.937318254371827,2025-48-508
18844,2,4.672546888322095,2025-49-508
18845,8,0.5410592437364019,2025-50-508
18846,0,1.185378284978247,2025-51-508
18847,1,2.4657978189925736,2025-52-508
19100,1,-0.37643337107107966,2025-1-509
19101,0,0.31441925962048733,2025-2-509
19102,0,0.4141293167784732,2025-3-509
19103,0,0.3518846240246125,2025-4-509
19104,0,2.395851540886323,2025-5-509
19105,0,2.307100854364682,2025-6-509
19106,0,1.1668782660613695,2025-7-509
19107,0,-0.02845061447751096,2025-8-509
19108,0,1.7889252853242714,2025-9-509
19109,1,1.3965172852396461,2025-10-509
19110,0,1.5657604949824522,2025-11-509
19111,0,1.4186625958578571,2025-12-509
19112,0,1.8324288334508052,2025-13-509
19113,2,2.1463480920777593,2025-14-509
19114,0,2.8961326036545807,2025-15-509
19115,0,2.6689010862229647,2025-16-509
19116,0,1.3221952011711662,2025-17-509
19117,0,0.9176567595815484,2025-18-509
19118,0,3.5643262373597255,2025-19-509
19119,0,2.4404229133689395,2025-20-509
19120,0,1.815457168367409,2025-21-509
19121,0,1.4304991132901268,2025-22-509
19122,0,2.0269926679930195,2025-23-509
19123,1,3.209903667884359,2025-24-509
19124,0,2.900277171898283,2025-25-509
19125,0,2.447022129527922,2025-26-509
19126,0,1.634048147937146,2025-27-509
19127,0,1.3128916808640692,2025-28-509
19128,0,4.004690136436414,2025-29-509
19129,0,2.1676763560376484,2025-30-509
19130,0,1.9101748598578037,2025-31-509
19131,0,0.7606417098849216,2025-32-509
19132,0,1.4920449936202178,2025-33-509
19133,0,0.32594750755486235,2025-34-509
19134,0,1.2482215114604056,2025-35-509
19135,0,1.7033419348605607,2025-36-509
19136,0,1.2792753782328172,2025-37-509
19137,1,1.6029287102717373,2025-38-509
19138,0,2.7179548404300684,2025-39-509
19139,0,2.0883205833976493,2025-40-509
19140,0,0.4613572364383485,2025-41-509
19141,0,1.1888314824089294,2025-42-509
19142,3,2.7187673177228016,2025-43-509
19143,0,3.549265189057277,2025-44-509
19144,0,3.9270530717766547,2025-45-509
19145,0,1.383363689400093,2025-46-509
19146,1,0.3807074614960557,2025-47-509
19147,4,2.314629588088271,2025-48-509
19148,4,3.032256391418654,2025-49-509
19149,0,0.3240103163421093,2025-50-509
19150,0,1.3251927887146837,2025-51-509
19151,0,4.604640098489373,2025-52-509
19404,0,-0.9806131965663831,2025-1-510
19405,0,2.248060597786939,2025-2-510
19406,0,0.9020294999306997,2025-3-510
19407,0,1.1306996848116584,2025-4-510
19408,1,0.1517723463822458,2025-5-510
19409,0,1.0253998896534608,2025-6-510
19410,0,0.8243611892838612,2025-7-510
19411,1,0.7403730514810389,2025-8-510
19412,2,2.0812390898374993,2025-9-510
19413,0,2.553089953511877,2025-10-510
19414,0,2.012985159139819,2025-11-510
19415,0,1.567177626027401,2025-12-510
19416,0,2.4709719611579226,2025-13-510
19417,0,3.8947931062982057,2025-14-510
19418,0,2.664717889671408,2025-15-510
19419,0,2.1821409115692045,2025-16-510
19420,0,0.6458860032448839,2025-17-510
19421,0,1.6521376388322264,2025-18-510
19422,0,2.204973634007022,2025-19-510
19423,0,1.623671460883702,2025-20-510
19424,0,1.8955508157570025,2025-21-510
19425,0,2.471396318599653,2025-22-510
19426,1,1.7704770414060271,2025-23-510
19427,3,1.7573402655738792,2025-24-510
19428,0,2.084814526377596,2025-25-510
19429,1,2.6769975035199534,2025-26-510
19430,3,2.1646403550212634,2025-27-510
19431,4,2.908818916017663,2025-28-510
19432,0,6.804673688473848,2025-29-510
19433,5,2.784742474831046,2025-30-510
19434,3,3.132218336971776,2025-31-510
19435,1,3.7761100701964074,2025-32-510
19436,0,4.605148686164288,2025-33-510
19437,1,0.36647489656095145,2025-34-510
19438,0,4.525359065114314,2025-35-510
19439,0,4.488346312291046,2025-36-510
19440,1,2.714972003302102,2025-37-510
19441,3,-0.03548008663932434,2025-38-510
19442,5,2.4521728104301577,2025-39-510
19443,4,2.159628370430597,2025-40-510
19444,6,1.375036926873663,2025-41-510
19445,5,1.993997610080597,2025-42-510
19446,10,4.082740230004164,2025-43-510
19447,5,6.517422555304194,2025-44-510
19448,8,6.66995187868252,2025-45-510
19449,5,7.6584030412540045,2025-46-510
19450,8,7.470630559500304,2025-47-510
19451,9,9.58783149645372,2025-48-510
19452,8,7.435544255923695,2025-49-510
19453,6,6.788283633551886,2025-50-510
19454,8,4.72961760913443,2025-51-510
19455,11,9.732847010075178,2025-52-510
19708,0,-1.4061693215115798,2025-1-511
19709,0,0.07154201420926087,2025-2-511
19710,0,0.4506197921865276,2025-3-511
19711,1,0.46547105594178406,2025-4-511
19712,1,0.445127059511091,2025-5-511
19713,0,0.849674151247616,2025-6-511
19714,0,0.8051354850319785,2025-7-511
19715,0,0.35349362683832464,2025-8-511
19716,0,2.726839620076744,2025-9-511
19717,0,2.1914355857803836,2025-10-511
19718,0,1.4871250458896026,2025-11-511
19719,0,0.8847656366350476,2025-12-511
19720,0,1.3104039937638425,2025-13-511
19721,0,1.8478056099571234,2025-14-511
19722,0,1.7659524234505912,2025-15-511
19723,0,2.1248062990856518,2025-16-511
19724,0,0.9751273093275667,2025-17-511
19725,0,0.8591546264480074,2025-18-511
19726,0,1.4641292697885484,2025-19-511
19727,0,1.7080997485249818,2025-20-511
19728,0,1.6216963127674606,2025-21-511
19729,0,1.7974300908796148,2025-22-511
19730,0,2.0730591134770395,2025-23-511
19731,0,3.6449540556887707,2025-24-511
19732,0,2.9520952526206536,2025-25-511
19733,1,1.9373188119886784,2025-26-511
19734,2,1.3573115133649951,2025-27-511
19735,0,1.8537522532449193,2025-28-511
19736,0,3.42591684629601,2025-29-511
19737,0,1.7734121220819774,2025-30-511
19738,1,2.218088136013471,2025-31-511
19739,0,2.5768357148290244,2025-32-511
19740,0,1.7248300585258471,2025-33-511
19741,0,-0.12128110874941767,2025-34-511
19742,0,0.46041279612955366,2025-35-511
19743,0,2.417881226134036,2025-36-511
19744,0,1.2482748416202127,2025-37-511
19745,0,1.3000511795764886,2025-38-511
19746,0,2.158466285883159,2025-39-511
19747,0,2.01581701742026,2025-40-511
19748,0,0.9502410212627064,2025-41-511
19749,0,1.2143963690160833,2025-42-511
19750,0,1.1214427368841422,2025-43-511
19751,1,2.087100647748157,2025-44-511
19752,0,2.933149460106586,2025-45-511
19753,0,1.7636309919437152,2025-46-511
19754,0,1.0803254253318597,2025-47-511
19755,2,0.2369058573183973,2025-48-511
19756,3,3.171369092655801,2025-49-511
19757,5,-0.31987215304388217,2025-50-511
19758,1,1.6522849218956412,2025-51-511
19759,1,3.241975287316587,2025-52-511
20012,1,2.4032050074135545,2025-1-601
20013,3,1.4054889696082742,2025-2-601
20014,0,8.725846328011999,2025-3-601
20015,0,4.746069754154127,2025-4-601
20016,0,12.01707002014006,2025-5-601
20017,1,3.4628733249194212,2025-6-601
20018,1,4.5325318456538675,2025-7-601
20019,1,-2.049064500479972,2025-8-601
20020,3,1.7344289494756504,2025-9-601
20021,3,0.5724257577309233,2025-10-601
20022,2,2.5818473211556947,2025-11-601
20023,1,2.451331458890369,2025-12-601
20024,0,3.099867982257539,2025-13-601
20025,1,4.580555594983791,2025-14-601
20026,0,5.116539227766565,2025-15-601
20027,1,4.666814364702557,2025-16-601
20028,0,1.7359189625210456,2025-17-601
20029,0,0.42016759612857424,2025-18-601
20030,0,2.030828196594946,2025-19-601
20031,0,1.884520212789658,2025-20-601
20032,1,1.818613141922274,2025-21-601
20033,7,2.482063225091749,2025-22-601
20034,4,3.2998630264686493,2025-23-601
20035,6,4.907992648056719,2025-24-601
20036,0,2.9771878540530365,2025-25-601
20037,4,2.6405707819604105,2025-26-601
20038,5,7.752910180945646,2025-27-601
20039,2,6.8385308459091725,2025-28-601
20040,6,8.061859576461334,2025-29-601
20041,5,1.156404473606358,2025-30-601
20042,10,3.7166819472101205,2025-31-601
20043,11,5.321768554973432,2025-32-601
20044,16,3.8811193702470606,2025-33-601
20045,14,5.311282823320635,2025-34-601
20046,17,5.209665917281949,2025-35-601
20047,18,10.339106317834688,2025-36-601
20048,6,13.057873210535055,2025-37-601
20049,11,16.642521163486137,2025-38-601
20050,17,14.360135086082266,2025-39-601
20051,12,18.446449918712695,2025-40-601
20052,15,15.684121859237854,2025-41-601
20053,11,7.781599762090137,2025-42-601
20054,9,7.64153271693727,2025-43-601
20055,22,14.328344983161251,2025-44-601
20056,8,14.050875388594159,2025-45-601
20057,22,13.225611772276471,2025-46-601
20058,17,8.50020891203901,2025-47-601
20059,15,6.754402346769062,2025-48-601
20060,23,16.395447902983403,2025-49-601
20061,17,7.014589957253113,2025-50-601
20062,16,17.936730968853812,2025-51-601
20063,9,14.23743404166973,2025-52-601
20316,1,3.1581130775864414,2025-1-602
20317,2,2.6861742214789928,2025-2-602
20318,1,5.869902697485944,2025-3-602
20319,0,1.9389366982659781,2025-4-602
20320,1,4.010614723198541,2025-5-602
20321,0,3.5427724998286374,2025-6-602
20322,2,4.45822313295764,2025-7-602
20323,0,0.837124887412589,2025-8-602
20324,2,1.4994073235832253,2025-9-602
20325,1,1.3675216867252251,2025-10-602
20326,1,1.311896514515831,2025-11-602
20327,2,2.974175622755276,2025-12-602
20328,1,2.0325617037670787,2025-13-602
20329,1,3.4018171498873193,2025-14-602
20330,2,2.434399946718013,2025-15-602
20331,7,3.2330026366204345,2025-16-602
20332,3,2.383634286131728,2025-17-602
20333,4,1.9963830412122074,2025-18-602
20334,3,2.401830223187818,2025-19-602
20335,2,3.3194370918252085,2025-20-602
20336,5,7.003556126426713,2025-21-602
20337,9,6.027408986045529,2025-22-602
20338,5,7.400999347691993,2025-23-602
20339,7,7.068704518782621,2025-24-602
20340,10,4.354117101852046,2025-25-602
20341,5,4.744138568694687,2025-26-602
20342,5,9.549439817925805,2025-27-602
20343,15,7.066729581257231,2025-28-602
20344,10,7.807203120638487,2025-29-602
20345,5,9.696308082605558,2025-30-602
20346,7,6.056088722056334,2025-31-602
20347,7,4.720236487012926,2025-32-602
20348,7,12.113964439676213,2025-33-602
20349,10,11.255256493519216,2025-34-602
20350,7,5.334237203204028,2025-35-602
20351,3,4.198435007653544,2025-36-602
20352,3,8.067097731725132,2025-37-602
20353,5,7.881389303759521,2025-38-602
20354,4,9.315886484044396,2025-39-602
20355,1,9.75526524234402,2025-40-602
20356,3,3.6273019235189947,2025-41-602
20357,5,3.5506664791924023,2025-42-602
20358,1,4.30193824662116,2025-43-602
20359,1,4.750517537779004,2025-44-602
20360,2,2.5506377294777,2025-45-602
20361,5,3.4464963975282608,2025-46-602
20362,4,4.868855934719341,2025-47-602
20363,3,1.8219294548703717,2025-48-602
20364,0,1.04588116402108,2025-49-602
20365,4,0.36805749758953965,2025-50-602
20366,1,4.637365066399529,2025-51-602
20367,2,5.346830946319725,2025-52-602
20620,1,2.75266501198341,2025-1-603
20621,0,0.22478246557770776,2025-2-603
20622,1,2.232281987753894,2025-3-603
20623,0,-2.1264808466379255,2025-4-603
20624,0,4.57539433441303,2025-5-603
20625,0,4.702548251004686,2025-6-603
20626,0,3.6312323812487888,2025-7-603
20627,0,0.0811639401263311,2025-8-603
20628,0,1.6151257404627104,2025-9-603
20629,0,1.3432036372155,2025-10-603
20630,0,1.1603627116143844,2025-11-603
20631,1,1.7757529988483596,2025-12-603
20632,0,1.9351738659261426,2025-13-603
20633,0,1.4986412702776077,2025-14-603
20634,2,1.442778086907048,2025-15-603
20635,0,2.4776272672519712,2025-16-603
20636,1,1.7556401309065361,2025-17-603
20637,0,2.5235965324617737,2025-18-603
20638,0,2.343326547787816,2025-19-603
20639,0,3.3732494250850915,2025-20-603
20640,1,0.7051474010025496,2025-21-603
20641,0,3.806037583952488,2025-22-603
20642,1,3.2110895063271863,2025-23-603
20643,1,4.532512444132658,2025-24-603
20644,0,2.004049631562423,2025-25-603
20645,0,3.1060106328860058,2025-26-603
20646,0,2.5623395759605097,2025-27-603
20647,0,1.9346845326434674,2025-28-603
20648,1,2.1195203057370953,2025-29-603
20649,1,2.320457905697504,2025-30-603
20650,0,1.5572214172081866,2025-31-603
20651,0,0.7752216413351256,2025-32-603
20652,0,0.9025595923938181,2025-33-603
20653,0,1.1889253604879302,2025-34-603
20654,0,1.855487095594706,2025-35-603
20655,2,2.723231358288649,2025-36-603
20656,0,3.0290065714333387,2025-37-603
20657,0,1.186245909346577,2025-38-603
20658,2,1.7153049944490824,2025-39-603
20659,0,4.634335464893052,2025-40-603
20660,0,4.205156834169027,2025-41-603
20661,2,2.9114798599178457,2025-42-603
20662,1,0.9216466310775808,2025-43-603
20663,0,2.7154320830934826,2025-44-603
20664,0,2.6310406376818545,2025-45-603
20665,0,1.7342192710005226,2025-46-603
20666,0,2.897857131053133,2025-47-603
20667,1,0.9937652253191693,2025-48-603
20668,1,1.0792188176843056,2025-49-603
20669,0,0.7120885557987497,2025-50-603
20670,0,1.0447330345453847,2025-51-603
20671,0,-0.06277955138669178,2025-52-603
20924,0,-1.792923631155721,2025-1-604
20925,0,-0.5940400435564541,2025-2-604
20926,0,0.23016218265391553,2025-3-604
20927,0,1.5680415405313228,2025-4-604
20928,0,4.559196695065349,2025-5-604
20929,0,4.042578643507857,2025-6-604
20930,0,2.129967474673529,2025-7-604
20931,0,-0.7397186873261998,2025-8-604
20932,0,1.3753793497900335,2025-9-604
20933,0,0.8970979795666256,2025-10-604
20934,0,1.126634455426267,2025-11-604
20935,0,0.9624481722057379,2025-12-604
20936,0,1.656312671108804,2025-13-604
20937,0,1.37982712565464,2025-14-604
20938,0,1.4469449209602132,2025-15-604
20939,0,1.8767421762980274,2025-16-604
20940,0,0.7456727382069044,2025-17-604
20941,0,0.9827970746154948,2025-18-604
20942,0,1.4921674920971568,2025-19-604
20943,0,1.524643608930059,2025-20-604
20944,0,0.7447465177438382,2025-21-604
20945,0,2.388687755071882,2025-22-604
20946,0,3.5536694611527304,2025-23-604
20947,1,4.692820049463361,2025-24-604
20948,3,2.5478728952980925,2025-25-604
20949,7,1.6433630061785032,2025-26-604
20950,6,1.7279311934719437,2025-27-604
20951,11,1.6019835484374958,2025-28-604
20952,6,3.0968105948489995,2025-29-604
20953,6,4.619043699484452,2025-30-604
20954,7,7.255681209427369,2025-31-604
20955,1,7.691794186840182,2025-32-604
20956,7,10.660509785103631,2025-33-604
20957,4,5.828999942477515,2025-34-604
20958,1,4.8264919642997315,2025-35-604
20959,1,5.333596811802503,2025-36-604
20960,1,3.6378523657062116,2025-37-604
20961,2,6.297077606992856,2025-38-604
20962,0,4.567705108908494,2025-39-604
20963,0,5.041422330943857,2025-40-604
20964,4,0.7327846989934041,2025-41-604
20965,1,3.295319659299573,2025-42-604
20966,0,3.217285862116654,2025-43-604
20967,3,1.30169890201762,2025-44-604
20968,1,1.9257378698917795,2025-45-604
20969,0,4.62608009618714,2025-46-604
20970,2,2.564869291143297,2025-47-604
20971,0,0.10790938084028223,2025-48-604
20972,2,1.8943581143982056,2025-49-604
20973,1,0.32708856423914545,2025-50-604
20974,3,-0.3374073515616267,2025-51-604
20975,3,1.0316667711693035,2025-52-604
21228,0,0.724475893874537,2025-1-605
21229,3,3.403323093205188,2025-2-605
21230,1,3.760852744380272,2025-3-605
21231,2,3.240831270903958,2025-4-605
21232,3,3.5676261398144025,2025-5-605
21233,2,4.1422170451532,2025-6-605
21234,5,4.978908452479128,2025-7-605
21235,0,1.0447701559556863,2025-8-605
21236,0,3.387761739834444,2025-9-605
21237,5,3.9468526979343848,2025-10-605
21238,1,3.759096495965358,2025-11-605
21239,1,5.8848830072007186,2025-12-605
21240,2,1.9711135393257653,2025-13-605
21241,1,1.2991407086453157,2025-14-605
21242,0,5.112815580346764,2025-15-605
21243,1,4.839239572120146,2025-16-605
21244,2,2.0151147446894604,2025-17-605
21245,2,2.8867716818057616,2025-18-605
21246,2,3.2738896937422166,2025-19-605
21247,6,2.7308341940196215,2025-20-605
21248,1,1.6670929071620424,2025-21-605
21249,4,4.7983284954922025,2025-22-605
21250,1,5.48363105491131,2025-23-605
21251,3,6.685645840642948,2025-24-605
21252,4,7.118492571244977,2025-25-605
21253,2,3.1604128626429477,2025-26-605
21254,1,5.162030526796799,2025-27-605
21255,3,1.4534469570693889,2025-28-605
21256,2,4.676143514685724,2025-29-605
21257,1,5.143336170588251,2025-30-605
21258,2,3.6192777329122543,2025-31-605
21259,3,1.6297644037627217,2025-32-605
21260,4,2.9842479366713683,2025-33-605
21261,1,2.2603155851151966,2025-34-605
21262,1,1.8871221882632887,2025-35-605
21263,0,3.855710767573151,2025-36-605
21264,0,6.390404328452028,2025-37-605
21265,1,5.5200069123093325,2025-38-605
21266,0,2.3664861209153223,2025-39-605
21267,1,3.930771064675704,2025-40-605
21268,0,1.288556302631219,2025-41-605
21269,2,2.7923943971959355,2025-42-605
21270,0,1.8191199798584574,2025-43-605
21271,3,1.4543008332271294,2025-44-605
21272,1,3.3696920377935635,2025-45-605
21273,3,2.387698367333863,2025-46-605
21274,1,3.3164643895671224,2025-47-605
21275,2,1.8333330103158583,2025-48-605
21276,1,4.87648099290816,2025-49-605
21277,0,0.697475838241179,2025-50-605
21278,2,2.342944809200084,2025-51-605
21279,0,1.3180659436945716,2025-52-605
21532,0,-2.9473431351981083,2025-1-606
21533,0,0.3084653361723748,2025-2-606
21534,0,2.0826472939958824,2025-3-606
21535,0,0.6726554065118253,2025-4-606
21536,0,4.57533859766591,2025-5-606
21537,0,5.319146452278664,2025-6-606
21538,0,3.280981280037831,2025-7-606
21539,0,-0.6960791754801314,2025-8-606
21540,0,1.5030651301348887,2025-9-606
21541,1,1.632241454980521,2025-10-606
21542,0,1.4638258834078552,2025-11-606
21543,0,1.5354504813519883,2025-12-606
21544,0,2.021788427759658,2025-13-606
21545,0,1.7816475809561565,2025-14-606
21546,0,2.8579680745151386,2025-15-606
21547,0,2.997173596038779,2025-16-606
21548,0,1.083674490237044,2025-17-606
21549,1,1.3232908852301826,2025-18-606
21550,0,1.844663452750776,2025-19-606
21551,0,1.7660660922515712,2025-20-606
21552,0,0.8467127397501648,2025-21-606
21553,0,3.059778490655452,2025-22-606
21554,0,4.449683227745186,2025-23-606
21555,0,5.087267771368018,2025-24-606
21556,0,2.5279130273685757,2025-25-606
21557,0,1.1426586864720205,2025-26-606
21558,2,2.072271427439503,2025-27-606
21559,0,2.4111769815804043,2025-28-606
21560,0,2.1115195359926417,2025-29-606
21561,0,2.923960903236997,2025-30-606
21562,0,2.6030552515430982,2025-31-606
21563,0,3.638558797318222,2025-32-606
21564,0,0.7452821070279487,2025-33-606
21565,0,0.34663082986479354,2025-34-606
21566,0,0.5994548832307456,2025-35-606
21567,0,2.4512400058899746,2025-36-606
21568,0,3.4484040826192333,2025-37-606
21569,0,1.1588448405160854,2025-38-606
21570,0,1.1998513877807513,2025-39-606
21571,0,4.166799393996628,2025-40-606
21572,0,2.3348233911486567,2025-41-606
21573,0,2.561081997198138,2025-42-606
21574,0,2.1095808784315686,2025-43-606
21575,0,2.845312828723147,2025-44-606
21576,0,2.1923973142335855,2025-45-606
21577,0,1.5837867767641616,2025-46-606
21578,1,0.7697229269715566,2025-47-606
21579,0,0.9439665969089566,2025-48-606
21580,0,2.072130355740815,2025-49-606
21581,2,1.0140479051788667,2025-50-606
21582,0,1.2892898329553857,2025-51-606
21583,1,2.9123835527569946,2025-52-606
21836,0,7.0045565656241875,2025-1-607
21837,2,3.331323412893312,2025-2-607
21838,0,-0.12619431591442787,2025-3-607
21839,0,-0.17641496041418403,2025-4-607
21840,0,4.698277194191671,2025-5-607
21841,0,3.1057560528033,2025-6-607
21842,0,3.953199759103954,2025-7-607
21843,1,-0.9330559503900386,2025-8-607
21844,1,1.4708266186715107,2025-9-607
21845,0,0.7399481657776841,2025-10-607
21846,0,1.4628874936834195,2025-11-607
21847,0,-0.047245879518293066,2025-12-607
21848,0,1.3640918013354972,2025-13-607
21849,0,3.224703177151542,2025-14-607
21850,0,1.7288662671831927,2025-15-607
21851,1,2.1750033602317247,2025-16-607
21852,0,0.37238232511644664,2025-17-607
21853,1,0.4083843447428155,2025-18-607
21854,0,1.1683992615105643,2025-19-607
21855,0,1.6249378100729435,2025-20-607
21856,0,0.20821176105919204,2025-21-607
21857,0,3.1102654611846083,2025-22-607
21858,0,0.7971582373576247,2025-23-607
21859,0,1.694485488320291,2025-24-607
21860,0,-0.3592143739559921,2025-25-607
21861,0,-1.388345056255242,2025-26-607
21862,0,1.1275254017345508,2025-27-607
21863,1,-0.6545551459124264,2025-28-607
21864,0,-0.5462828817018632,2025-29-607
21865,0,0.03503184292446182,2025-30-607
21866,0,-0.5832715813813909,2025-31-607
21867,0,-0.5027415574137697,2025-32-607
21868,1,1.1717511359856871,2025-33-607
21869,0,0.10890410819526819,2025-34-607
21870,0,-0.7329011712615836,2025-35-607
21871,1,0.27019388008406864,2025-36-607
21872,0,2.333038171366252,2025-37-607
21873,0,0.9462921124199961,2025-38-607
21874,0,0.1900400262389863,2025-39-607
21875,1,3.2681151050988246,2025-40-607
21876,5,0.7902143978644571,2025-41-607
21877,1,1.3104827336334495,2025-42-607
21878,3,-0.2354841760752393,2025-43-607
21879,2,-0.8444133270472016,2025-44-607
21880,3,0.7113031517148971,2025-45-607
21881,2,4.02686120720921,2025-46-607
21882,1,1.417008333435935,2025-47-607
21883,1,0.49715402502180206,2025-48-607
21884,1,-0.38426253867243254,2025-49-607
21885,3,1.9283068492100361,2025-50-607
21886,0,0.29717958340355155,2025-51-607
21887,2,-0.8649124219991466,2025-52-607
22140,0,-0.4175046643456968,2025-1-608
22141,0,-0.8224802906953479,2025-2-608
22142,0,-0.13088851336909535,2025-3-608
22143,0,-2.6740918256291653,2025-4-608
22144,0,2.3969663678295166,2025-5-608
22145,0,3.3918398776343572,2025-6-608
22146,0,2.893367771324081,2025-7-608
22147,1,-0.7772286049853481,2025-8-608
22148,1,0.9770131385009577,2025-9-608
22149,0,0.890715225504298,2025-10-608
22150,0,0.9122427743214234,2025-11-608
22151,0,1.1798093352295662,2025-12-608
22152,1,2.207784301862218,2025-13-608
22153,0,2.0043039463983634,2025-14-608
22154,0,0.9061724702144023,2025-15-608
22155,0,1.5129343552702028,2025-16-608
22156,0,0.13091632554388966,2025-17-608
22157,0,2.7480288332430236,2025-18-608
22158,0,2.09572225578807,2025-19-608
22159,0,1.9707344175384376,2025-20-608
22160,0,-0.3750395268677087,2025-21-608
22161,0,2.3116052772640385,2025-22-608
22162,0,2.248635761019959,2025-23-608
22163,0,3.256276885258753,2025-24-608
22164,0,2.190376764045049,2025-25-608
22165,0,2.002694818781749,2025-26-608
22166,0,1.871714653387571,2025-27-608
22167,0,1.1897853527213675,2025-28-608
22168,0,1.5080292753712439,2025-29-608
22169,0,1.5994222592543712,2025-30-608
22170,0,1.1671819930307352,2025-31-608
22171,0,0.43062477568660906,2025-32-608
22172,0,0.31918643206654407,2025-33-608
22173,0,-0.6936678964873866,2025-34-608
22174,0,0.16778629081990548,2025-35-608
22175,1,2.0651962762128635,2025-36-608
22176,0,2.459976459122497,2025-37-608
22177,1,0.953482379972741,2025-38-608
22178,0,1.527500992294751,2025-39-608
22179,0,4.030314787992824,2025-40-608
22180,1,2.9634682788217392,2025-41-608
22181,0,2.4723430414056136,2025-42-608
22182,0,0.6156996816337283,2025-43-608
22183,0,0.5900558401952232,2025-44-608
22184,1,2.237993206520345,2025-45-608
22185,1,2.2274129910304064,2025-46-608
22186,0,1.398604664557227,2025-47-608
22187,0,0.17753630473277093,2025-48-608
22188,0,0.24632634858947533,2025-49-608
22189,0,0.3593714067731941,2025-50-608
22190,0,0.0496763372006801,2025-51-608
22191,0,-0.7128321977373662,2025-52-608
22444,0,-1.9597346899751291,2025-1-609
22445,0,1.0701844221716397,2025-2-609
22446,0,0.7185108777487939,2025-3-609
22447,0,-1.004308798951,2025-4-609
22448,0,3.345793917264106,2025-5-609
22449,1,4.815802187207438,2025-6-609
22450,2,3.981383869604158,2025-7-609
22451,0,0.15537858058462906,2025-8-609
22452,0,2.097711999451568,2025-9-609
22453,0,1.6716536713752712,2025-10-609
22454,0,2.591886952050884,2025-11-609
22455,0,3.6890390049856294,2025-12-609
22456,0,2.7064148140421325,2025-13-609
22457,0,1.5982892891796865,2025-14-609
22458,0,1.3305311810393285,2025-15-609
22459,0,2.7501763429716033,2025-16-609
22460,1,1.400956552906711,2025-17-609
22461,0,1.2560186510066953,2025-18-609
22462,4,1.8442315773317361,2025-19-609
22463,2,2.2384220654077804,2025-20-609
22464,1,1.2984765134508207,2025-21-609
22465,1,3.4350349014029957,2025-22-609
22466,3,3.5331188767284734,2025-23-609
22467,1,8.435061234304703,2025-24-609
22468,1,4.560559019512814,2025-25-609
22469,3,2.7696464923137607,2025-26-609
22470,3,1.8460139053241487,2025-27-609
22471,4,3.7561749405914284,2025-28-609
22472,5,2.992220853919642,2025-29-609
22473,1,3.251449524141406,2025-30-609
22474,7,4.017858667369296,2025-31-609
22475,5,4.8868885833008004,2025-32-609
22476,3,5.082680000972255,2025-33-609
22477,3,5.148644603005448,2025-34-609
22478,2,2.267879521143719,2025-35-609
22479,2,7.148535968377863,2025-36-609
22480,3,7.767268432795927,2025-37-609
22481,1,5.053423380107279,2025-38-609
22482,1,2.5361729626595295,2025-39-609
22483,1,4.996513367420455,2025-40-609
22484,2,3.594577597610975,2025-41-609
22485,0,5.3941335501790135,2025-42-609
22486,0,2.220619130159556,2025-43-609
22487,1,1.9606257075364264,2025-44-609
22488,0,2.7124502241951127,2025-45-609
22489,1,4.447050749510339,2025-46-609
22490,2,2.484526379515675,2025-47-609
22491,0,0.6744968512229135,2025-48-609
22492,0,0.7945793577570641,2025-49-609
22493,0,0.30633632460830906,2025-50-609
22494,2,2.460778988719006,2025-51-609
22495,6,3.4393062838483175,2025-52-609
22748,1,2.4019160509344477,2025-1-610
22749,1,4.838222398040988,2025-2-610
22750,0,3.176229180988105,2025-3-610
22751,1,-0.25680576052942783,2025-4-610
22752,3,2.536122406959995,2025-5-610
22753,0,4.199693159987788,2025-6-610
22754,7,3.858470820444048,2025-7-610
22755,9,-0.2474050941955337,2025-8-610
22756,2,2.4157524500874707,2025-9-610
22757,0,3.9255981236515787,2025-10-610
22758,2,2.3511585065312746,2025-11-610
22759,0,7.555790748021751,2025-12-610
22760,2,10.317322723231447,2025-13-610
22761,0,5.2062016247063685,2025-14-610
22762,0,0.15850055824311582,2025-15-610
22763,0,1.8222459295385853,2025-16-610
22764,0,1.2561237743760691,2025-17-610
22765,0,3.631402633506824,2025-18-610
22766,1,1.9438094525344656,2025-19-610
22767,0,2.993817922433366,2025-20-610
22768,0,0.9612378248399907,2025-21-610
22769,1,2.944202623023935,2025-22-610
22770,0,1.9447012797015821,2025-23-610
22771,1,4.765701327355121,2025-24-610
22772,2,3.6108609634394133,2025-25-610
22773,2,3.422355382798053,2025-26-610
22774,0,2.42666394682772,2025-27-610
22775,2,1.0556058899006704,2025-28-610
22776,0,2.6582841766483556,2025-29-610
22777,0,4.0003759310399705,2025-30-610
22778,1,4.109792975506905,2025-31-610
22779,0,1.9599162298116424,2025-32-610
22780,4,2.8578751805759115,2025-33-610
22781,1,0.6631907933036758,2025-34-610
22782,1,0.733988020987387,2025-35-610
22783,0,2.6183973004180014,2025-36-610
22784,0,3.7604741192024003,2025-37-610
22785,0,5.478097566904514,2025-38-610
22786,1,3.3456810421609786,2025-39-610
22787,1,5.209899194994765,2025-40-610
22788,2,1.2726494480954844,2025-41-610
22789,0,2.873604965422387,2025-42-610
22790,0,1.0371656652867194,2025-43-610
22791,2,2.1817961262479417,2025-44-610
22792,4,3.019751829843595,2025-45-610
22793,2,3.461434997449131,2025-46-610
22794,1,1.5667360923616862,2025-47-610
22795,0,0.08831924939109959,2025-48-610
22796,1,2.710766466657735,2025-49-610
22797,0,4.484821031666608,2025-50-610
22798,0,2.8301212160391978,2025-51-610
22799,1,1.3395025958236326,2025-52-610
23052,1,0.25542899082249937,2025-1-611
23053,0,-0.12327146150825685,2025-2-611
23054,1,0.3127239568498923,2025-3-611
23055,0,2.0985237685073064,2025-4-611
23056,2,4.635953681295373,2025-5-611
23057,2,5.528946528464928,2025-6-611
23058,1,3.2032509458786085,2025-7-611
23059,2,1.1476347030379115,2025-8-611
23060,2,1.9775001344295597,2025-9-611
23061,0,3.3443209205205435,2025-10-611
23062,0,3.7703064956709067,2025-11-611
23063,0,3.3187859073273676,2025-12-611
23064,0,3.958372412082305,2025-13-611
23065,0,3.660464590950782,2025-14-611
23066,0,2.1684499137327378,2025-15-611
23067,0,2.334916254667553,2025-16-611
23068,2,1.012170201072336,2025-17-611
23069,0,1.5419606687881284,2025-18-611
23070,0,2.055567377549557,2025-19-611
23071,0,2.419798156688095,2025-20-611
23072,0,1.4732723536410068,2025-21-611
23073,0,4.924753349234624,2025-22-611
23074,0,4.907610691164743,2025-23-611
23075,0,5.804206221995143,2025-24-611
23076,0,2.280954879937939,2025-25-611
23077,0,1.4498130230070676,2025-26-611
23078,0,2.1995483682196206,2025-27-611
23079,1,2.3730277946808926,2025-28-611
23080,0,2.9306198172586773,2025-29-611
23081,0,2.5790404058807486,2025-30-611
23082,0,1.5518117554507382,2025-31-611
23083,0,1.7857694384113565,2025-32-611
23084,0,2.3642563644014096,2025-33-611
23085,0,1.7815467089415586,2025-34-611
23086,0,1.2454712852969227,2025-35-611
23087,0,1.7910006276339192,2025-36-611
23088,0,3.988790312447983,2025-37-611
23089,0,2.1839460888661564,2025-38-611
23090,0,1.4838848807971317,2025-39-611
23091,0,4.34660868997458,2025-40-611
23092,0,2.1099713790307524,2025-41-611
23093,0,3.4335881305356484,2025-42-611
23094,0,1.9572036836831561,2025-43-611
23095,3,1.9274213060076422,2025-44-611
23096,2,1.8117540686467457,2025-45-611
23097,6,2.2158859217814033,2025-46-611
23098,2,2.323500854818235,2025-47-611
23099,3,1.0707267711912793,2025-48-611
23100,2,3.0913794752274675,2025-49-611
23101,2,3.243911791612166,2025-50-611
23102,1,7.7172088603416515,2025-51-611
23103,6,4.444493783777684,2025-52-611
23356,1,1.030157455732457,2025-1-701
23357,0,4.650168241011671,2025-2-701
23358,0,2.334193020874424,2025-3-701
23359,1,-0.7396635463140413,2025-4-701
23360,0,1.047933110240732,2025-5-701
23361,1,2.3235071668206357,2025-6-701
23362,1,-0.6585898853312226,2025-7-701
23363,0,-1.4227760671275669,2025-8-701
23364,0,2.9017346906038544,2025-9-701
23365,2,1.9798132028984914,2025-10-701
23366,2,1.8062774362131078,2025-11-701
23367,1,1.312774456347626,2025-12-701
23368,3,1.5813033846524205,2025-13-701
23369,2,1.0326728536035947,2025-14-701
23370,1,2.871979109058946,2025-15-701
23371,2,4.048661784191394,2025-16-701
23372,0,1.7849140810122144,2025-17-701
23373,0,3.3919141763217207,2025-18-701
23374,0,2.592931092900904,2025-19-701
23375,1,1.8660689333795086,2025-20-701
23376,2,1.8425220315064952,2025-21-701
23377,2,1.0754684168985205,2025-22-701
23378,1,1.5854768726585786,2025-23-701
23379,0,1.6196692760390334,2025-24-701
23380,2,3.211162863156065,2025-25-701
23381,1,3.7940975624162836,2025-26-701
23382,0,4.096668732438551,2025-27-701
23383,0,2.0684483160301634,2025-28-701
23384,2,0.9999358812744172,2025-29-701
23385,4,3.269870064613917,2025-30-701
23386,3,3.1725932752283783,2025-31-701
23387,5,1.7897064763771091,2025-32-701
23388,2,0.6023407546674462,2025-33-701
23389,1,2.455901976848888,2025-34-701
23390,2,5.020331761956468,2025-35-701
23391,4,4.677853866782121,2025-36-701
23392,2,3.158508953369939,2025-37-701
23393,6,1.495280053710095,2025-38-701
23394,0,0.4047724464105604,2025-39-701
23395,1,-0.06481913857733757,2025-40-701
23396,2,4.4845608789610365,2025-41-701
23397,2,3.4689540379758417,2025-42-701
23398,2,5.427364726706369,2025-43-701
23399,0,0.7553219464474354,2025-44-701
23400,3,1.3010692276365852,2025-45-701
23401,2,1.0781181790682584,2025-46-701
23402,4,4.014668562785519,2025-47-701
23403,2,2.9478995064194047,2025-48-701
23404,1,1.3657858070532696,2025-49-701
23405,1,2.1352710475848777,2025-50-701
23406,2,1.6803853881113304,2025-51-701
23407,3,3.5404828128012293,2025-52-701
23660,0,3.9471181576481897,2025-1-702
23661,0,7.83371881640082,2025-2-702
23662,1,8.93791846312605,2025-3-702
23663,0,-2.5238200435058507,2025-4-702
23664,1,1.1466514718085712,2025-5-702
23665,0,3.888485429196625,2025-6-702
23666,1,2.366379836834672,2025-7-702
23667,1,-2.442534538518473,2025-8-702
23668,3,1.0202837690665016,2025-9-702
23669,1,3.8344045809911766,2025-10-702
23670,0,1.25062902943928,2025-11-702
23671,2,2.2077354203538944,2025-12-702
23672,0,2.731769957156552,2025-13-702
23673,3,4.037963377101621,2025-14-702
23674,0,2.9093359109710972,2025-15-702
23675,0,2.071524296475287,2025-16-702
23676,0,1.858289683307776,2025-17-702
23677,2,2.01396247948254,2025-18-702
23678,2,4.770500776845741,2025-19-702
23679,0,1.5568790382178501,2025-20-702
23680,1,1.5199090709698044,2025-21-702
23681,1,1.0872601207425383,2025-22-702
23682,0,3.825546011271136,2025-23-702
23683,1,4.456178461677979,2025-24-702
23684,1,3.275781565573864,2025-25-702
23685,3,3.667673211708223,2025-26-702
23686,1,3.3953986628925974,2025-27-702
23687,2,2.03372226450323,2025-28-702
23688,0,2.616752840905036,2025-29-702
23689,0,4.202768857350367,2025-30-702
23690,0,5.366825129504769,2025-31-702
23691,3,2.7749441975341043,2025-32-702
23692,2,2.3772749792632455,2025-33-702
23693,2,0.4683499051210456,2025-34-702
23694,3,0.6017129244321211,2025-35-702
23695,2,2.057820124448695,2025-36-702
23696,3,1.9881099527295099,2025-37-702
23697,1,1.5413731449770895,2025-38-702
23698,3,1.462591400158137,2025-39-702
23699,4,2.183678870229672,2025-40-702
23700,1,3.679178898921164,2025-41-702
23701,1,4.454875441254339,2025-42-702
23702,3,1.722688007546394,2025-43-702
23703,2,3.2048834758235962,2025-44-702
23704,1,4.5794779768307885,2025-45-702
23705,2,2.4275311528593937,2025-46-702
23706,5,1.993289771847198,2025-47-702
23707,3,2.7530436478513027,2025-48-702
23708,4,4.292221326983012,2025-49-702
23709,11,2.5358521638744755,2025-50-702
23710,0,2.902060404496,2025-51-702
23711,0,4.950696572660928,2025-52-702
23964,1,5.71186931092959,2025-1-703
23965,1,3.816665868340522,2025-2-703
23966,2,0.9363228494276452,2025-3-703
23967,0,-0.4781819035087622,2025-4-703
23968,0,4.315285381601087,2025-5-703
23969,0,7.168695172545285,2025-6-703
23970,0,3.873698438114995,2025-7-703
23971,0,-0.4495027558543243,2025-8-703
23972,0,0.4659981179942738,2025-9-703
23973,0,2.3130741537139423,2025-10-703
23974,0,0.44867693052197577,2025-11-703
23975,0,2.1107709934674053,2025-12-703
23976,0,2.8960616653498135,2025-13-703
23977,0,1.6964087571184732,2025-14-703
23978,0,2.1872494079864513,2025-15-703
23979,0,3.052036230658589,2025-16-703
23980,0,1.0596909877706722,2025-17-703
23981,0,1.7328651291572594,2025-18-703
23982,0,1.289342173086352,2025-19-703
23983,0,1.3665327911259508,2025-20-703
23984,0,1.5155563906453633,2025-21-703
23985,0,2.148671416305736,2025-22-703
23986,0,1.8895780249004852,2025-23-703
23987,0,2.1922763870288735,2025-24-703
23988,0,3.398122891103201,2025-25-703
23989,0,3.3579852358541316,2025-26-703
23990,0,2.7921660760269167,2025-27-703
23991,0,2.1702884938039233,2025-28-703
23992,0,2.493092493178059,2025-29-703
23993,1,3.3386077688280973,2025-30-703
23994,0,2.7022014810210564,2025-31-703
23995,1,1.8505701879830667,2025-32-703
23996,2,0.9961494634132042,2025-33-703
23997,1,0.7938451036859813,2025-34-703
23998,2,1.748290492280189,2025-35-703
23999,1,2.314501145344333,2025-36-703
24000,0,1.0225781742790803,2025-37-703
24001,1,2.2171276087907152,2025-38-703
24002,1,1.7413900974962224,2025-39-703
24003,0,1.4911177526231167,2025-40-703
24004,1,2.473915206311463,2025-41-703
24005,0,2.1460312492492872,2025-42-703
24006,1,1.4552306612244104,2025-43-703
24007,0,1.7526984072929013,2025-44-703
24008,2,1.836061197716141,2025-45-703
24009,2,2.2794274175228453,2025-46-703
24010,1,1.930947411599445,2025-47-703
24011,1,1.8329439020583016,2025-48-703
24012,1,1.9450247946692738,2025-49-703
24013,2,3.446971753338673,2025-50-703
24014,1,2.7228737977599766,2025-51-703
24015,0,1.6112056888361306,2025-52-703
24268,1,1.954817308019231,2025-1-704
24269,3,3.2097733223311593,2025-2-704
24270,2,0.5467120874445772,2025-3-704
24271,1,-0.5163669580164001,2025-4-704
24272,0,0.36134717909172,2025-5-704
24273,1,2.4455164691256392,2025-6-704
24274,0,3.3068421337772724,2025-7-704
24275,1,1.7465860536359854,2025-8-704
24276,0,2.657980492050182,2025-9-704
24277,0,0.8109762173037041,2025-10-704
24278,0,1.4505556109148636,2025-11-704
24279,0,0.8304456158226681,2025-12-704
24280,0,2.228962811828865,2025-13-704
24281,1,1.6447900254838943,2025-14-704
24282,0,1.88185544731615,2025-15-704
24283,0,1.4843074691525673,2025-16-704
24284,0,0.6928695848155524,2025-17-704
24285,0,1.6092054378848635,2025-18-704
24286,0,1.9763816251011095,2025-19-704
24287,0,1.0900834967910686,2025-20-704
24288,0,0.5818160971342365,2025-21-704
24289,0,1.2946280100518948,2025-22-704
24290,0,1.1689364291342987,2025-23-704
24291,0,1.3560283236697455,2025-24-704
24292,0,2.6717876554653355,2025-25-704
24293,0,2.706895162387777,2025-26-704
24294,0,1.974174538334829,2025-27-704
24295,0,1.5817218882271353,2025-28-704
24296,1,1.812204408385074,2025-29-704
24297,0,1.5609994379576149,2025-30-704
24298,0,1.3159480260014056,2025-31-704
24299,0,1.2217203509852261,2025-32-704
24300,0,1.5651931583654461,2025-33-704
24301,0,1.895617625234574,2025-34-704
24302,3,1.5841426575655349,2025-35-704
24303,3,1.7348073611689623,2025-36-704
24304,1,-1.8785159113657728,2025-37-704
24305,0,-0.953729997506858,2025-38-704
24306,2,-0.07583323902517725,2025-39-704
24307,0,2.4727971915802613,2025-40-704
24308,2,5.29335639176343,2025-41-704
24309,1,3.0052636343527737,2025-42-704
24310,1,-0.5160097574554285,2025-43-704
24311,0,1.288212963974214,2025-44-704
24312,1,1.6867091537248247,2025-45-704
24313,1,3.087342824564398,2025-46-704
24314,1,2.432131033451778,2025-47-704
24315,0,1.298229708628146,2025-48-704
24316,0,0.8008312824271888,2025-49-704
24317,4,1.474448951600323,2025-50-704
24318,3,1.6324601994739214,2025-51-704
24319,1,1.3604813969709153,2025-52-704
24572,1,2.4651962127292646,2025-1-705
24573,0,1.8471557248906505,2025-2-705
24574,2,0.01933820901324701,2025-3-705
24575,0,-1.4532246159314082,2025-4-705
24576,0,3.584933723367939,2025-5-705
24577,2,6.983925104429575,2025-6-705
24578,1,2.573195228438757,2025-7-705
24579,0,-0.9765730403704409,2025-8-705
24580,0,-0.12589589868629236,2025-9-705
24581,0,1.7464833408950649,2025-10-705
24582,2,2.1103574549101998,2025-11-705
24583,0,2.59318069704558,2025-12-705
24584,0,2.5435252151714347,2025-13-705
24585,0,1.1784712347265345,2025-14-705
24586,0,1.627597668443354,2025-15-705
24587,0,4.421258962067155,2025-16-705
24588,0,1.2239491280731891,2025-17-705
24589,0,1.3038321102619896,2025-18-705
24590,0,0.5633971243726696,2025-19-705
24591,0,1.732760107778538,2025-20-705
24592,0,1.8406961320515258,2025-21-705
24593,1,1.7010571165412267,2025-22-705
24594,0,1.936923954390817,2025-23-705
24595,0,2.3444013708487876,2025-24-705
24596,1,2.6577040746913916,2025-25-705
24597,0,2.478211525804734,2025-26-705
24598,0,3.0324821588673343,2025-27-705
24599,1,2.1266355510002644,2025-28-705
24600,0,2.329191038461691,2025-29-705
24601,0,4.021249779478428,2025-30-705
24602,1,3.2929614684982815,2025-31-705
24603,2,1.5898110391216949,2025-32-705
24604,1,1.3977208495557896,2025-33-705
24605,0,1.0050072525033595,2025-34-705
24606,0,1.12950180355483,2025-35-705
24607,2,2.5177173019530743,2025-36-705
24608,0,1.7072664384742153,2025-37-705
24609,0,1.4174823756735433,2025-38-705
24610,2,0.24384193472358984,2025-39-705
24611,1,-0.3639277217883077,2025-40-705
24612,1,3.2678674091826783,2025-41-705
24613,1,2.5199840602285297,2025-42-705
24614,1,0.9388416262480979,2025-43-705
24615,0,1.955091176687152,2025-44-705
24616,0,2.5059398084982307,2025-45-705
24617,0,2.134097737378882,2025-46-705
24618,2,2.320492911485512,2025-47-705
24619,0,1.7849911759664996,2025-48-705
24620,1,1.4627815081157118,2025-49-705
24621,4,0.8285634696607356,2025-50-705
24622,2,0.6189439042555591,2025-51-705
24623,0,2.2309833915961566,2025-52-705
24876,0,-0.10798461086095834,2025-1-706
24877,0,1.8319350327053747,2025-2-706
24878,0,0.17706029555031444,2025-3-706
24879,0,1.5476994554081833,2025-4-706
24880,0,3.8071017691839706,2025-5-706
24881,2,8.187509273804846,2025-6-706
24882,1,3.3789299226674574,2025-7-706
24883,1,-3.378661730654468,2025-8-706
24884,0,-0.0069729565007170535,2025-9-706
24885,1,3.0049642110258237,2025-10-706
24886,0,2.455954635147428,2025-11-706
24887,0,2.7830942960288954,2025-12-706
24888,0,3.476996510447903,2025-13-706
24889,0,1.6878286723445577,2025-14-706
24890,0,3.106472774769796,2025-15-706
24891,3,2.488835485901393,2025-16-706
24892,0,0.8215913209065513,2025-17-706
24893,1,1.4384682811994483,2025-18-706
24894,0,1.9643020593770377,2025-19-706
24895,0,1.248764645476701,2025-20-706
24896,0,3.5745514044148656,2025-21-706
24897,0,2.673982242096888,2025-22-706
24898,0,3.5744153263865233,2025-23-706
24899,1,1.758900543713415,2025-24-706
24900,1,2.3447989894856764,2025-25-706
24901,1,2.0693409128457665,2025-26-706
24902,1,2.390568846127132,2025-27-706
24903,2,2.0962494383943824,2025-28-706
24904,1,2.9982087662515067,2025-29-706
24905,2,4.03809420525615,2025-30-706
24906,1,3.8338967174954615,2025-31-706
24907,0,2.629692220851612,2025-32-706
24908,0,2.175273295393142,2025-33-706
24909,0,1.377928901551676,2025-34-706
24910,1,2.3312232987897126,2025-35-706
24911,0,2.5049305481184483,2025-36-706
24912,0,-0.7355434116389699,2025-37-706
24913,0,-0.6740874871977072,2025-38-706
24914,0,-0.48897427394884785,2025-39-706
24915,1,0.7111098481538467,2025-40-706
24916,0,1.9941535700995736,2025-41-706
24917,0,2.148001633351427,2025-42-706
24918,1,0.6749972974918697,2025-43-706
24919,0,0.6807210286982488,2025-44-706
24920,0,2.278294997727694,2025-45-706
24921,0,1.6939318416788487,2025-46-706
24922,2,1.740567623966315,2025-47-706
24923,1,1.1903979451343332,2025-48-706
24924,1,2.125561837788437,2025-49-706
24925,0,1.779481886826204,2025-50-706
24926,0,1.2365245013047832,2025-51-706
24927,0,1.858796849817764,2025-52-706
