"","week","507","112","201","110","306","106","205","504","402","407","603","505","301","506","610","608","118","103","117","308","102","602","408","611","108","607","203","215","706","401","511","304","510","303","120","501","701","214","705","115","604","107","114","509","206","502","307","209","605","207","302","609","702","208","601","104","119","606","216","210","406","101","204","409","405","202","109","404","503","403","410","212","703","704","105","113","508","305","116","213","111","211"
"1","2020-1",0,0,0,0,0,0,0,0,0,0,0,0,0,0,0,0,0,0,0,0,0,0,0,0,0,NA,0,0,0,0,0,0,0,0,0,0,0,0,0,0,0,0,0,0,0,0,0,0,0,0,0,0,0,0,0,0,0,0,0,0,0,0,0,0,0,0,0,0,0,0,0,0,0,8.733248,0,0,0,0,0,0,0,0
"2","2020-2",0,0,0,0,0,0,0,0,0,0,0,0,0,0,0,0,0,0,0,0,0,0,0,0,0,NA,0,0,0,0,0,0,0,0,0,0,0,0,0,0,0,0,0,0,0,0,0,0,0,0,0,0,0,0,0,0,0,0,0,0,0,0,0,0,0,0,0,0,0,0,0,0,0,0,0,0,0,0,0,0,0,0
"3","2020-3",0,0,0,0,0,0,0,0,0,0,0,0,0,0,0,0,0,0,0,0,0,0,0,0,0,NA,0,0,0,0,0,0,0,0,0,0,0,0,0,0,0,0,0,0,0,0,0,0,0,0,0,0,0,0,0,0,0,0,0,0,0,0,0,0,0,0,0,0,0,0,0,0,0,9.07816,0,0,0,0,0,0,0,0
"4","2020-4",0,0,0,0,0,0,0,0,0,0,0,0,0,0,8.447076,7.563471,0,0,0,0,0,0,0,0,0,NA,0,0,0,0,0,0,0,0,0,0,0,0,0,0,0,0,0,0,0,0,0,0,8.945609,0,0,0,0,0,0,0,0,5.362831,0,0,0,0,0,0,0,0,0,0,0,0,0,0,0,10.2397175,0,0,0,0,0,0,0,0
"5","2020-5",0,0,0,0,0,0,0,0,0,0,0,0,0,0,0,0,0,0,0,0,0,0,0,0,0,NA,0,0,0,0,0,0,0,0,0,0,0,0,0,0,0,0,0,0,0,0,0,0,0,0,0,0,0,0,0,0,0,0,0,0,0,0,0,0,0,0,0,0,0,0,0,0,0,14.061778,0,0,0,0,0,0,0,0
"6","2020-6",0,0,0,0,0,0,0,0,0,0,0,0,0,0,0,0,0,0,0,0,0,0,0,0,0,NA,0,0,0,0,0,0,0,0,0,0,0,0,0,0,0,0,0,0,0,0,0,0,0,0,0,0,0,0,0,0,0,0,0,0,0,0,0,0,0,0,0,0,0,0,0,0,0,0,0,0,0,0,0,0,0,0
"7","2020-7",0,0,0,0,0,0,0,0,0,0,0,0,0,0,0,0,0,0,0,0,0,0,0,0,0,NA,0,0,0,0,0,0,0,0,0,0,0,0,0,0,0,0,0,0,0,0,0,0,0,0,0,0,0,0,0,0,0,0,0,0,0,0,0,0,0,0,0,0,0,0,0,0,0,0,0,0,0,0,0,0,0,0
"8","2020-8",0,0,0,0,0,0,0,0,0,0,0,0,0,0,0,0,0,0,0,0,0,0,0,0,0,NA,0,0,0,0,0,0,0,0,0,0,0,0,0,0,0,0,0,0,0,0,0,0,0,0,0,0,0,0,0,0,0,0,0,0,0,0,0,0,0,0,0,0,0,0,0,0,0,0,0,0,0,0,0,0,0,0
"9","2020-9",0,0,0,0,0,0,0,0,0,0,0,0,0,0,0,0,0,0,0,0,0,0,0,0,0,NA,0,0,0,0,0,0,0,0,0,0,0,0,0,0,0,0,0,0,0,0,0,0,0,0,0,0,0,0,0,0,0,0,0,0,0,0,0,0,0,0,0,0,0,0,0,0,0,0,0,0,0,0,0,0,0,0
"10","2020-10",0,0,0,0,0,0,0,0,0,0,0,0,0,0,0,0,0,0,0,0,0,0,0,0,0,NA,0,0,0,0,0,0,0,0,0,0,0,0,0,0,0,0,0,0,0,0,0,0,0,0,0,0,0,0,0,0,0,0,0,0,0,0,0,0,0,0,0,0,0,0,0,0,0,0,0,0,0,0,0,0,0,0
"11","2020-11",0,0,0,0,0,0,0,0,0,0,0,0,0,0,0,0,0,0,0,0,0,0,0,0,0,NA,0,0,0,0,0,0,0,0,0,0,0,0,0,0,0,0,0,0,0,0,0,0,0,0,0,0,0,0,0,0,0,0,0,0,0,0,0,0,0,0,0,0,0,0,0,0,0,0,0,0,0,0,0,0,0,0
"12","2020-12",0,0,0,0,0,0,0,0,0,0,0,0,0,0,0,0,0,0,0,0,0,0,0,0,0,NA,0,0,0,0,0,0,0,0,0,0,0,0,0,0,0,0,0,0,0,0,0,0,0,0,0,0,0,0,0,0,0,0,0,0,0,0,0,0,0,0,0,0,0,0,0,0,0,0,0,0,0,0,0,0,0,0
"13","2020-13",0,0,0,0,0,0,0,0,0,0,0,0,0,0,0,0,0,0,0,0,0,0,0,0,0,NA,0,0,0,0,0,0,0,0,0,0,0,0,0,0,0,0,0,0,0,0,0,0,0,0,0,0,0,0,0,0,0,0,0,0,0,0,0,0,0,0,0,0,0,0,0,0,0,0,0,0,0,0,0,0,0,0
"14","2020-14",0,0,0,0,0,0,0,0,0,0,0,0,0,0,0,3.704932,0,0,0,0,0,0,0,0,0,NA,0,0,0,0,0,0,0,0,0,0,0,0,0,0,0,0,0,0,0,0,0,0,0,0,0,0,0,0,0,0,0,0,0,0,0,0,0,0,0,0,0,0,0,0,0,0,0,0,0,0,0,0,0,0,0,0
"15","2020-15",0,0,0,0,0,0,0,0,0,0,0,0,0,0,0,4.960604,0,0,0,0,0,0,0,0,0,NA,0,0,0,0,0,0,0,0,0,0,0,0,0,0,0,0,0,0,0,0,0,0,0,0,0,0,0,0,0,0,0,0,0,0,0,0,0,0,0,0,0,0,0,0,0,0,0,0,0,0,0,0,0,0,0,0
"16","2020-16",0,0,0,0,0,0,0,0,0,0,0,0,0,0,0,0,0,0,0,0,0,0,0,0,0,NA,0,0,0,0,0,0,0,0,0,0,0,0,0,0,0,0,0,0,0,0,0,0,0,0,0,0,0,0,0,0,0,0,0,0,0,0,0,0,0,0,0,0,0,0,0,0,0,0,0,0,0,0,0,0,0,0
"17","2020-17",0,0,3.6421325,0,0,0,0,0,5.1460867,4.5218873,5.7572026,0,0,0,5.1806145,5.5513535,0,0,4.0127015,0,0,0,2.7498355,0,0,NA,2.7708051,0,0,4.273031,0,0,0,0,0,0,0,0,0,0,0,0,0,0,0,0,0,0,4.79936,0,0,0,0,5.291331,0,0,4.447011,0,0,0,0,0,0,0,3.4961073,0,0,5.1460867,0,0,0,0,0,0,4.8499656,0,0,0,0,0,0,0
"18","2020-18",5.9569745,4.3754296,4.4614024,11.768762,7.3376265,4.5008044,6.2641487,0,7.0464587,3.886499,11.514405,0,3.128601,0,8.914735,6.6513147,4.0854344,3.705111,10.2893505,3.5813031,3.8027635,0,4.4330134,4.5545716,4.2930484,NA,5.1385074,0,0,6.177904,0,9.485507,0,4.1353383,12.591983,0,14.289355,0,0,4.0854344,7.211119,5.2879705,6.1001034,0,5.043909,2.776747,7.2939367,4.6737084,9.59872,4.7192125,11.659499,3.7726028,0,7.001275,0,4.0478253,4.447011,0,17.188066,7.5961876,6.1001034,3.8027635,5.5596232,4.9257126,5.6873794,6.723484,4.8518667,7.0464587,0,4.9257126,18.527199,6.766804,0,8.294264,11.641309,4.9257126,0,0,5.1775346,0,6.685391,8.291776
"19","2020-19",7.0204473,13.273027,10.652918,12.822887,6.231962,15.364377,15.224188,0,7.689718,7.3558183,18.068111,0,5.670502,0,17.82947,11.198752,7.2746077,7.6249595,12.143687,8.371436,8.790006,5.075562,9.084478,9.282743,6.544419,NA,12.296786,6.7267556,6.7592316,7.9828615,7.4778976,8.568948,0,6.2406797,12.591983,0,14.289355,10.000114,0,7.2746077,7.52103,16.001165,9.721233,9.558756,13.253458,0,5.751653,8.014485,24.08804,12.856409,20.425367,15.105199,4.7971683,10.32806,4.7280817,13.707777,10.752438,17.225344,8.514141,3.2904258,9.721233,8.790006,11.273799,4.69933,6.796802,10.040007,11.19957,7.689718,7.060102,4.69933,8.170758,8.8615885,11.162844,9.557052,11.641309,4.69933,4.824552,8.287503,7.3570623,0,4.5852714,10.470276
"20","2020-20",0,9.758899,5.1464343,8.169861,0,11.185356,5.9346375,0,6.2375493,5.8221145,10.237397,0,3.571292,0,12.764659,8.6003895,4.8253303,5.4044547,4.543241,4.1242237,4.9317703,5.2860155,5.1808667,5.2330284,4.805267,NA,5.844856,0,0,4.454687,7.49871,5.4382505,0,4.7947598,7.9813538,4.733275,0,0,0,4.8253303,7.148834,7.985087,5.6581225,8.134126,6.6891937,7.614889,2.2409897,3.817299,8.105285,6.8144665,0,8.406592,0,5.307202,4.0503817,9.0034075,9.846717,4.9626765,0,0,5.6581225,4.9317703,5.175105,4.865563,5.7611403,2.4705248,6.55813,6.2375493,4.093066,4.865563,0,3.090941,0,0,7.6166625,4.865563,0,0,4.3122735,0,5.197966,5.473946
"21","2020-21",13.757387,19.934544,15.197652,16.339722,10.489739,19.667559,17.755821,17.745298,18.098856,15.581718,15.344293,13.820036,9.292803,13.646567,4.02835,7.1891665,12.918924,13.459165,13.253706,11.592449,12.919633,17.766838,14.706496,10.871094,14.831813,NA,15.617823,14.843388,8.142992,20.787296,12.732533,17.006014,8.883214,14.24691,15.947248,15.196793,7.4476767,14.063331,6.902758,12.918924,19.904243,23.138584,16.14434,10.330329,19.697493,14.166732,16.463423,13.360149,13.159121,14.576127,19.811033,13.879002,10.692876,17.61579,10.588877,19.496552,10.555705,11.065555,16.19617,10.764276,16.14434,12.919633,16.797377,12.997743,15.6985655,19.785336,18.361572,18.098856,14.307347,12.997743,21.22158,17.89429,7.049897,10.445065,16.762388,12.997743,14.030109,10.408504,13.484906,11.113408,19.46974,20.092884
"22","2020-22",12.171546,12.768734,13.930618,16.182718,11.491492,11.086278,13.109858,16.708517,17.31653,15.666398,23.42185,16.588514,10.450535,12.418779,15.049628,19.724857,13.807559,15.239315,18.72395,7.787781,11.724065,10.383607,14.297564,10.378189,15.731598,NA,14.6592,14.462823,12.978359,15.218621,13.351931,12.501779,10.219247,15.443722,11.219909,19.033552,8.829444,14.553231,8.735174,13.807559,13.858909,16.696339,15.738965,14.822479,12.973062,15.359993,15.977985,9.326935,11.654437,10.779521,20.465893,13.770124,7.929255,15.655605,10.844812,12.082823,16.39609,13.621609,14.014313,6.928396,15.738965,11.724065,11.520587,13.155357,13.8746805,14.301553,15.264598,17.31653,21.818502,13.155357,10.873578,17.332232,11.179908,8.571779,22.108519,13.155357,11.571192,5.37642,11.04364,10.704026,16.645657,15.302257
"23","2020-23",22.777523,15.781644,18.85494,17.028477,8.139361,15.23119,13.693878,14.647534,13.166551,13.176153,11.853203,12.015282,8.557083,15.121956,5.606493,4.385586,11.621974,13.02532,15.85339,12.19022,14.184989,14.3490505,12.051736,13.179141,13.563595,NA,18.15443,20.844336,13.609296,12.711659,16.906239,13.532387,17.647406,15.714722,13.832682,10.087267,7.469726,20.536648,5.289234,11.621974,16.411413,17.394222,8.422512,16.411459,17.471674,12.615959,9.8174095,13.842387,11.824989,13.550537,25.843496,12.25887,12.670738,15.519316,11.580571,13.535849,12.728142,16.942709,16.679926,14.539486,8.422512,14.184989,15.6812725,13.7158165,11.6225605,18.292587,15.961114,13.166551,12.221734,13.7158165,17.359867,16.701212,9.362663,5.737516,15.282756,13.7158165,13.529572,9.022276,13.666722,15.360004,13.880315,18.851238
"24","2020-24",15.883325,9.35405,6.6190305,7.3220854,4.9772305,9.500473,9.321999,21.971302,6.5148478,6.5880766,10.719509,18.022923,2.684252,19.944563,10.125912,11.933753,8.878835,6.685518,8.817272,5.6236353,7.331176,7.3222084,6.025868,12.532589,4.259892,NA,9.832178,27.644384,7.2810326,8.45679,12.769776,7.509984,9.717673,4.801939,9.316368,13.824324,12.18623,14.826392,7.50462,8.878835,7.9056478,10.206892,6.664479,13.8358135,6.2292414,17.494299,7.4528384,12.140062,19.86453,8.946485,13.365553,7.144122,10.707289,7.759658,12.470562,10.7516775,10.927599,14.843769,10.095743,8.3580475,6.664479,7.331176,11.925201,6.8579082,5.8112803,14.42785,8.414152,6.5148478,15.602171,6.8579082,9.964188,7.5831285,8.405131,13.410055,10.774956,6.8579082,19.02857,8.315481,9.111149,15.8586645,4.8759117,10.330334
"25","2020-25",9.082441,7.446847,5.9868793,8.418493,6.988382,5.8455114,4.4837985,3.6105504,9.663102,4.45033,9.517236,2.2356117,6.66316,9.213891,5.964041,8.888344,10.600034,6.3832355,6.6455436,6.411986,4.734287,4.520088,3.9096038,5.675659,13.786475,NA,6.673939,13.716689,13.319022,7.9694443,3.149614,9.159479,0,9.278681,9.721109,0,3.799764,12.79068,8.047275,10.600034,4.227371,5.089998,9.499539,7.100012,3.7992656,7.6316566,9.801969,4.8901815,12.269322,3.7216365,15.52097,4.3807297,18.489908,5.7467566,7.229222,5.0815716,11.095745,6.7142515,13.329324,10.590787,9.499539,4.734287,5.366287,6.745046,7.4344563,5.193224,4.9397974,9.663102,0,6.745046,16.683836,5.757327,15.077654,8.507657,6.4091926,6.745046,9.32577,10.466664,4.9712157,10.460237,10.298284,5.414415
"26","2020-26",6.9085546,7.446847,9.967532,2.2088234,3.9099298,9.488938,11.400558,0,4.105962,5.84023,8.322983,2.2356117,0,3.6920388,12.856453,17.776688,0,0,6.6455436,6.411986,3.2121217,9.040176,6.6384687,8.421294,0,NA,9.137937,10.289077,12.809411,8.535817,0,5.105914,0,0,4.689224,1.8037199,14.018626,12.024644,12.070912,0,6.5038576,8.6955,7.310871,0,9.442527,0,3.9864123,8.220677,14.148715,9.897103,7.50814,9.063648,5.7116914,8.26676,5.1732116,10.103442,9.629433,24.195604,9.429975,8.09006,7.310871,3.2121217,10.732574,7.291105,7.958261,8.2269745,4.8100786,4.105962,2.7039492,7.291105,4.6859407,10.590149,13.137688,8.507657,12.612616,7.291105,3.276757,11.848752,8.473414,8.874271,8.986818,10.998175
"27","2020-27",8.433181,18.104628,13.652186,10.309251,8.377098,16.161533,13.433992,12.40758,9.695334,10.053235,10.326046,13.682686,6.7242785,5.8059297,7.467051,9.674797,10.356205,7.775122,12.102756,10.239528,9.114792,9.6964,8.7092,8.72694,11.179748,NA,13.9790745,17.205196,17.0156,13.22791,15.062092,13.528439,7.0908427,11.16119,16.792204,6.633243,4.7390966,14.318912,3.9222207,10.356205,9.940022,16.785957,11.411615,13.298808,8.513438,11.539688,9.674416,9.744201,16.62195,12.428962,26.899532,13.128555,16.122826,12.400749,8.693745,12.12473,13.498812,20.004765,19.381311,16.594923,11.411615,9.114792,15.285039,7.291105,9.6357,11.254915,9.893575,9.695334,14.911251,7.291105,13.648637,10.806904,13.658556,7.8932776,17.459923,7.291105,12.777645,9.983938,8.322809,9.24296,12.620666,10.103064
"28","2020-28",5.7479186,4.055527,0,0,0,0,2.9858754,5.6061263,0,0,0,5.3473263,0,4.625635,5.3857675,0,0,0,0,0,0,5.1381,0,2.91955,0,NA,4.8442507,14.11979,4.9007554,0,7.835375,0,11.830568,0,0,4.866235,0,0,0,0,3.2625084,4.320539,0,0,3.24578,5.9219127,0,3.0860844,7.5596247,2.6911056,0,2.381765,6.0932665,0,3.8941503,4.9062386,0,7.9848676,0,4.3704987,0,0,2.617789,0,0,2.852135,0,0,7.606067,0,5.846135,4.4724507,3.4073184,0,0,0,13.193037,0,3.45051,8.466614,0,4.8166423
"29","2020-29",5.460073,1.9847097,1.1285653,0.9723394,2.147816,0.50800914,2.9858754,3.2518308,0.947292,0.7658963,1.1485564,5.0908303,0.89824843,3.5829785,5.3857675,0.41568878,0.7132086,0.15591142,0.5514647,1.5593046,0.8131576,3.8962018,0.7142023,2.941248,0.93957,NA,1.6299534,11.304525,1.8033707,2.7781866,4.2398615,5.5672092,4.0785336,0.9965419,0.57559335,2.8988576,6.066377,5.962777,3.815059,0.7132086,5.673564,1.386178,0.7130835,4.723258,1.2924224,0.173334,0.94559133,3.060883,1.6758376,1.7745422,5.0677834,3.6982934,6.0108957,1.1697077,3.1174057,2.84089,0.7934728,3.0034342,7.472076,5.209417,0.7130835,0.8131576,2.787656,0.7272862,0.7021758,5.5170503,0.89200616,0.947292,0.19665785,0.7272862,5.846135,1.8646182,2.5773997,1.2995563,0.7982845,0.7272862,6.5965185,3.259907,2.4223742,0.5712838,0.96848935,4.003726
"30","2020-30",5.355226,14.361041,7.3561144,8.873314,6.3109174,8.093737,9.257069,3.43623,8.556202,7.8861637,8.244961,8.438867,5.2895985,3.0980039,15.705159,14.964946,6.8132844,2.4313989,9.936872,8.155845,7.189418,14.209606,7.269765,10.316403,7.5886273,NA,17.061928,0,8.711335,8.220303,11.990271,10.237082,3.8968327,10.109731,9.742377,4.6658645,11.976911,7.549534,3.6549656,6.8132844,18.206337,4.5602713,10.16062,7.8662195,6.551276,5.8909,3.05119,9.513026,15.085485,8.191825,25.41323,9.345802,8.455771,9.145637,6.981633,15.244059,10.34817,18.541029,15.494513,12.019759,10.16062,7.189418,16.5577,7.622919,7.5413103,20.725578,9.365585,8.556202,8.706276,7.622919,4.6425996,11.030899,9.862618,3.8176377,9.971442,7.622919,9.273575,3.7372205,7.492789,3.1614258,6.087234,13.436801
"31","2020-31",0,0,0,0,0,0,0,0,0,0,0,0,0,1.7682487,0,0,0,0,4.066361,0,0,7.104803,0,0,0,NA,0,0,0,0,0,0,0,0,0,0,0,0,0,0,0,3.3065193,0,0,0,0,0,0,0,3.8854625,0,3.658594,0,0,0,5.0393887,0,6.087954,0,0,0,0,0,0,0,0,0,0,0,0,0,0,0,0,4.1236286,0,5.384546,0,2.3008435,0,0,0
"32","2020-32",4.4372644,7.263334,4.880599,5.7514567,2.0850942,4.1831036,8.162171,4.4934797,3.6461594,3.4738812,0,4.374574,2.5832691,3.5364974,0,9.591619,3.3870227,2.9191377,4.066361,3.7296805,5.1769094,5.486676,2.8540254,4.4248166,4.7633133,NA,6.5711737,16.74427,6.135594,3.6723366,6.6241736,5.928913,4.496509,4.803643,5.198326,4.298495,5.9839005,7.542849,8.78524,3.3870227,7.0915213,5.3506026,4.0356584,6.374199,5.208016,3.91087,5.5639586,4.13715,9.325017,7.770925,6.7695184,3.658594,4.9709773,7.4522815,4.779177,5.0393887,4.814298,6.087954,9.36742,7.4625506,4.0356584,5.1769094,9.130126,2.7674034,3.0776951,7.3286595,4.6222367,3.6461594,4.210632,2.7674034,8.34523,5.0103984,8.175875,5.644776,5.601646,2.7674034,7.8237743,3.6348498,4.601687,6.184933,5.6322255,5.3295827
"33","2020-33",8.051607,4.1545086,7.6537414,6.509986,5.4562182,4.268913,4.0738273,5.895411,6.668279,4.065353,6.762828,6.487932,4.808849,4.6056876,11.835033,11.053949,8.244744,3.6070342,7.271644,6.2025604,2.888253,2.8144574,2.8235369,3.3530686,6.5892057,NA,3.9732356,12.364829,3.5539978,7.80425,12.821141,8.7158165,8.362972,7.54289,8.187857,7.159345,7.6732974,9.672831,14.876935,8.244744,7.0524187,0,2.6869054,11.657227,2.7501981,7.525235,6.764396,6.0101757,11.554806,6.4706945,14.674676,5.381102,4.0545025,7.4522815,5.8293476,8.993556,14.162153,9.337624,4.68371,8.540936,2.6869054,2.888253,8.561805,4.9184895,5.2930884,7.510945,6.6591516,6.668279,8.538863,4.9184895,6.443008,10.715239,4.5078573,9.815708,9.567665,4.9184895,13.373125,4.127851,5.4494743,12.369866,8.341978,5.3295827
"34","2020-34",6.691114,14.232674,9.719403,5.8164487,0,8.661499,8.8882885,6.777355,6.791926,8.255374,5.380412,4.537862,5.4957614,4.5607996,6.2305045,4.925829,8.244744,6.6765137,9.616261,0,7.2601676,7.98825,7.2904134,10.650722,10.331566,NA,19.534557,11.19662,0,6.3997064,5.814934,0,5.247463,8.2238245,10.415695,3.5470672,0,10.091713,0,8.244744,14.104837,15.989737,6.8123417,9.730618,10.145224,4.443817,8.288713,8.516232,8.094276,7.6840467,0,7.2212787,0,9.421643,11.658695,14.09666,7.0810766,12.596556,12.104553,8.540936,6.8123417,7.2601676,11.013591,7.0230756,5.2930884,11.1926565,8.857332,6.791926,8.336802,7.0230756,0,8.623509,0,1.7344855,8.945657,7.0230756,6.9168897,0,10.61968,15.358741,8.956258,12.034542
"35","2020-35",11.258364,15.135094,13.724718,0,9.250337,15.843674,18.391638,14.692375,13.892769,16.945917,0,7.6880846,9.219996,7.018082,10.508419,0,15.087837,0,22.93073,0,14.486841,10.039489,12.544268,8.981348,10.488061,NA,23.333487,14.4923315,17.96945,0,21.51198,17.88314,6.669439,12.803471,0,7.02562,3.315899,7.2786074,8.088463,15.087837,14.235916,18.669186,12.498896,11.027547,15.802513,21.859974,12.862423,8.847161,7.1893473,13.9814825,0,11.691208,18.456533,15.549533,6.503166,17.793419,0,12.596556,26.222986,13.982156,12.498896,14.486841,13.69488,14.45835,0,14.741958,0,13.892769,18.189528,14.45835,9.642276,17.869822,17.15761,13.345986,14.974396,14.45835,9.071761,0,11.045364,0,15.411862,19.55201
"36","2020-36",9.881287,0,0,0,0,0,13.338306,0,0,0,0,14.976885,0,0,4.716982,0,0,0,0,0,0,7.8664513,0,10.1721945,0,NA,0,0,0,0,6.643781,0,0,0,0,7.02562,0,0,0,0,0,13.196845,0,0,10.600088,6.219259,0,0,20.201946,12.933988,0,0,0,0,8.192332,0,13.303964,18.619951,0,0,0,0,10.724545,0,0,0,0,0,12.727213,0,0,0,0,0,0,0,0,0,15.482035,0,0,0
"37","2020-37",7.4477243,22.58601,18.211712,18.234314,16.563534,21.902998,13.338306,8.631065,18.14548,11.50449,13.5186,12.256232,10.258592,5.014653,9.126,6.3520446,20.699732,15.711992,23.826136,9.9154,10.57829,10.899359,16.85581,10.726563,30.350576,NA,21.335625,8.658543,5.5059104,21.754232,12.997607,19.020641,9.035808,29.631802,28.073967,10.739126,2.29545,6.658652,0,20.699732,10.5136175,15.211979,12.1283,6.547841,11.0072365,10.332468,17.464113,10.345654,13.186723,12.933988,12.485541,13.422471,0,25.242783,8.192332,18.518208,20.13385,21.780048,13.222603,9.291628,12.1283,10.57829,14.119275,9.395279,12.037339,11.835312,16.90011,18.14548,9.905197,9.395279,5.141358,10.790314,3.8454447,3.5230331,21.549124,9.395279,6.0412726,3.3506453,10.898354,9.198032,30.598583,19.122154
"38","2020-38",11.655304,8.749796,7.269371,6.123049,5.9623933,10.400505,5.983235,15.867686,5.617247,5.167862,19.488443,19.273182,5.449958,11.8700285,23.110254,23.792189,5.843965,5.855886,15.807149,8.193414,4.1175265,5.4215846,5.924158,6.7471967,5.9810996,NA,7.1118755,11.348202,4.0490603,5.3727527,12.940228,8.498414,12.200909,7.56079,11.708597,12.770531,12.798485,8.521538,2.701733,5.843965,7.4189143,7.5083256,5.334875,11.5959635,6.709331,16.260662,6.1140537,6.3568954,15.775712,6.429424,11.547359,9.626158,3.7078803,6.6746807,6.535148,8.212716,14.339876,13.445689,6.6113014,5.9120545,5.334875,4.1175265,7.0596375,4.368632,5.211296,6.5201902,5.6333704,5.617247,13.798498,4.368632,4.1993155,10.790314,4.0691614,16.635914,14.366082,4.368632,8.602968,8.895815,7.8297415,9.74052,7.2866015,7.4212217
"39","2020-39",6.0160604,23.07651,17.22955,14.912596,7.200204,13.856406,14.190436,10.983684,10.60285,8.318698,11.425429,6.53115,12.41899,8.957345,13.64921,8.963133,12.759131,15.0703125,10.187575,15.678085,7.9866295,9.268718,15.593286,10.043119,18.252373,NA,11.4897785,8.9802475,14.7210455,10.269546,7.7059817,9.690245,0,22.383888,0,0,11.591143,0,4.3668437,12.759131,17.854492,7.2707286,18.280647,12.108299,11.105846,5.2512264,0,12.323053,16.502584,13.162737,21.091675,20.643019,0,12.564611,9.032643,15.578326,21.29954,22.703413,0,0,18.280647,7.9866295,13.630026,7.5493903,18.240898,15.605354,9.464226,10.60285,7.7803583,7.5493903,8.368144,10.582598,9.501823,8.666708,23.596153,7.5493903,7.4596367,9.737984,16.861803,0,0,13.300644
"40","2020-40",11.218286,18.93811,17.510773,11.989427,0,0,14.099734,13.818854,9.093014,8.318698,14.069953,10.721698,0,14.811815,12.076518,13.923298,9.9608755,7.884419,10.187575,8.478371,7.9866295,10.647371,11.126594,15.06468,10.24955,NA,16.893026,28.824217,0,8.3888445,14.245859,8.166186,11.652526,9.920928,13.372802,10.211639,8.911895,13.539546,0,9.9608755,8.962685,15.792802,9.68489,13.926413,0,9.956697,0,13.229605,15.603867,10.277661,10.545837,11.471591,0,11.41216,11.459228,14.85118,15.525917,13.236754,8.115893,8.505754,9.68489,7.9866295,15.837267,6.0845237,7.778793,8.6131525,9.464226,9.093014,14.55505,6.0845237,6.281887,8.934714,0,0,0,6.0845237,12.724202,9.737984,10.212687,14.257373,0,8.600652
"41","2020-41",13.771787,21.876055,0,16.697266,11.966593,40.376175,20.943115,13.818854,15.751911,12.353535,14.069953,19.743782,9.212407,14.811815,11.607236,11.280231,11.805909,18.462206,16.0165,12.267833,11.674022,11.235485,13.8258705,18.1875,12.4234915,NA,16.893026,16.025763,12.19104,13.2578535,18.485487,13.295759,11.103004,15.8226185,0,29.207802,4.8648105,10.498709,5.6168847,11.805909,23.301268,15.792802,12.774192,20.29965,0,14.609024,14.254764,13.537527,16.612804,18.688797,22.796001,20.351595,8.729152,22.82432,17.106176,25.525974,15.084386,17.98546,15.116068,12.145569,12.774192,11.674022,19.235554,10.173975,11.346047,19.852953,8.307099,15.751911,17.396156,10.173975,6.281887,13.646723,10.996355,5.820577,0,10.173975,17.197699,13.977565,14.779766,20.259895,13.344512,15.724366
"42","2020-42",5.796555,14.772855,21.847776,8.854607,0,12.110163,9.809523,0,28.908543,25.277014,12.679894,0,0,0,3.647214,14.477699,6.533557,9.122326,18.909866,9.474605,0,11.108338,19.889433,13.48135,0,NA,25.904364,8.949348,9.924596,12.471975,10.640662,10.402138,7.252376,0,12.645997,0,12.082403,6.490389,10.588483,6.533557,14.079539,0,8.601353,8.031187,15.727741,0,13.39819,8.779012,13.22036,9.180046,0,0,7.863962,17.528666,13.472693,12.85727,22.539473,20.116327,11.933586,9.972319,8.601353,0,11.836631,5.1575694,24.601198,14.298076,0,28.908543,0,5.1575694,12.095619,18.00574,13.894155,13.217702,13.313096,5.1575694,0,0,10.386257,6.37023,8.076493,14.467769
"43","2020-43",8.406182,16.342278,11.63924,10.693092,7.40565,10.579554,19.619045,5.6628985,9.809059,9.988557,18.632343,8.659821,5.346962,4.613583,12.460563,19.159262,5.3019123,6.770894,10.974986,5.5912175,8.371885,14.826737,9.944716,17.808306,8.431856,NA,14.776374,10.534261,5.7648983,6.545584,10.714227,8.259933,4.3463993,10.708186,10.083879,5.6011267,0,3.6635106,0,5.3019123,21.050568,24.035078,0,12.834611,11.522141,9.206886,0,13.528789,35.086395,18.360092,11.37946,13.860417,5.884628,13.877268,11.023706,22.153006,10.363447,22.904385,10.048889,9.948593,0,8.371885,20.341549,10.315139,8.200399,15.587194,0,9.809059,8.543437,10.315139,6.0478096,15.547562,0,12.612112,15.074095,10.315139,4.784489,0,19.409256,3.0936785,9.748385,14.151009
"44","2020-44",16.221567,22.574532,17.894327,18.808437,14.820213,26.184944,15.728646,14.5627365,15.461053,15.122661,14.244535,17.139782,10.98264,11.677576,7.356246,5.6964283,14.114812,16.972193,22.184872,15.927281,13.415758,10.404006,13.717315,29.47083,15.16229,NA,21.222324,20.319857,9.157756,14.371485,19.158104,15.373028,16.220007,18.77955,21.167238,15.475257,3.4989028,12.118885,2.823826,14.114812,13.605141,21.356503,13.900281,21.66263,13.758088,13.032159,15.078731,11.99053,13.222634,13.831178,31.375788,29.06073,10.041628,17.113323,14.117739,34.57216,13.866557,26.623537,14.754633,11.938568,13.900281,13.415758,15.224752,10.970568,13.132104,14.807436,16.769293,15.461053,19.040854,10.970568,14.570484,15.615912,5.810277,4.8669467,23.180761,10.970568,17.19656,7.012097,25.785044,16.304466,15.824049,16.39445
"45","2020-45",0,36.033737,13.560654,19.291515,0,40.04544,0,15.406638,30.186747,0,0,0,18.313663,0,0,0,24.414728,0,13.703704,25.266191,18.910337,20.411627,0,29.566196,26.321756,NA,52.852287,0,28.363592,27.936876,0,0,0,23.34363,57.317802,0,0,16.609537,0,24.414728,43.226532,14.806408,0,3.2113867,21.345505,0,0,33.8651,0,24.78916,0,32.528816,60.43585,27.622776,0,58.979473,15.711898,38.128353,20.929848,0,0,18.910337,32.463444,0,19.495352,22.897043,30.448559,30.186747,0,0,27.631094,27.79626,30.49141,0,31.620445,0,0,0,43.295483,11.53177,36.093487,22.764214
"46","2020-46",0,0,9.6995125,0,10.074515,0,0,0,0,0,13.637711,0,5.1767526,0,10.801694,10.02368,0,0,12.206576,0,0,0,0,0,0,NA,0,22.973454,0,0,0,0,0,11.671815,0,0,0,0,0,0,0,0,0,0,0,0,0,0,0,0,26.815752,0,0,17.42947,0,0,11.622321,0,0,0,0,0,0,0,0,0,0,0,0,0,0,0,0,8.969593,0,0,14.676192,9.630011,0,0,0,0
"47","2020-47",12.776421,10.873512,0,0,0,6.8939314,18.745693,4.483371,0,0,8.591558,0,0,5.9944444,14.34406,9.355641,0,0,4.9317675,8.656687,0,5.2823224,0,3.5675411,0,NA,0,11.856258,15.867889,0,0,8.723392,0,0,5.0594897,6.5314064,19.252546,9.65505,18.0299,0,26.496595,0,0,0,0,12.347794,0,11.425735,0,0,11.277798,14.679025,0,13.596603,11.641075,19.695639,0,9.286648,20.83513,20.96198,0,0,14.0906515,0,0,0,0,0,0,0,11.987148,10.903624,13.637035,9.361935,6.1131854,0,13.392257,12.464271,8.4234085,10.511676,0,20.464968
"48","2020-48",0,0,0,0,0,0,0,0,0,3.3490596,0,0,0,0,0,0,0,0,0,0,0,0,2.881492,0,0,NA,6.3715167,0,0,0,0,0,0,0,0,0,0,0,0,0,0,0,0,0,5.639768,0,0,0,25.354334,2.6210387,0,0,0,0,0,0,7.309074,0,0,0,0,0,0,4.2976184,0,0,2.6744835,0,0,4.2976184,5.993574,0,0,0,0,4.2976184,0,0,0,0,0,6.821656
"49","2020-49",0,0,0,0,0,0,0,0,0,0,10.634676,0,0,0,15.86102,23.589611,0,0,0,0,0,0,0,16.90337,0,NA,0,8.064698,15.63191,0,0,0,0,0,0,0,0,0,5.017601,0,0,0,0,0,0,0,0,0,14.256836,0,0,19.043514,0,0,0,17.578585,20.22072,26.367437,4.054207,0,0,0,0,0,0,0,0,0,0,0,11.517108,0,19.424818,0,20.213463,0,0,0,16.996445,0,0,0
"50","2020-50",0,0,0,0,0,0,0,0,0,0,0,0,0,0,0,0,0,0,0,0,0,0,0,0,0,NA,0,6.1294866,5.192832,0,0,0,0,0,0,0,3.867891,0,8.109497,0,0,0,0,0,0,0,0,0,0,0,0,0,0,0,0,0,0,0,0,0,0,0,0,0,0,0,0,0,0,0,3.866975,0,5.2955914,15.324638,0,0,0,0,0,0,0,0
"51","2020-51",0,0,0,0,0,0,0,0,0,0,0,0,0,0,0,0,0,0,0,0,0,0,0,0,0,NA,0,0,9.766518,0,0,0,0,0,0,0,5.9742417,0,10.25465,0,0,0,0,0,0,0,0,0,0,0,0,0,0,0,0,0,0,0,3.7460828,0,0,0,0,0,0,0,0,0,0,0,6.2047987,0,13.360126,0,0,0,0,0,0,0,0,0
"52","2020-52",0,0,0,0,0,0,0,0,0,0,0,0,0,0,0,0,0,0,0,0,0,0,0,0,0,NA,0,5.460886,0,0,0,0,0,0,0,0,0,5.713453,2.454164,0,0,0,0,0,0,0,0,0,0,0,0,0,0,0,0,0,0,0,0,0,0,0,0,0,0,0,0,0,0,0,0,0,0,0,0,0,0,0,0,0,0,0
"53","2021-1",0,0,0,0,0,0,0,0,0,0,0,0,0,0,0,0,0,0,0,0,0,0,0,0,0,NA,0,3.4847875,0,0,0,0,0,0,0,0,0,0,0,0,0,0,0,0,0,0,0,0,0,0,0,0,0,0,0,0,0,0,0,0,0,0,0,0,0,0,0,0,0,0,0,0,0,0,0,0,0,0,0,0,0,0
"54","2021-2",0,18.046362,0,0,0,0,0,0,0,0,0,0,0,0,0,0,0,0,0,0,0,0,0,0,0,NA,0,4.928381,0,0,0,0,0,0,0,0,0,0,0,0,0,11.276016,0,0,0,0,0,0,0,0,0,0,0,0,0,0,0,0,0,0,0,0,0,0,0,7.3759813,0,0,0,0,0,0,0,0,0,0,0,0,0,0,0,0
"55","2021-3",0,0,0,0,0,0,0,0,0,0,0,0,0,0,0,0,0,0,0,0,0,0,0,0,0,NA,0,0,0,0,0,0,0,0,0,0,0,0,0,0,0,0,0,0,0,0,0,0,0,0,0,0,0,0,0,0,0,0,0,0,0,0,0,0,0,0,0,0,0,0,3.7455997,0,0,0,0,0,0,0,0,0,0,0
"56","2021-4",0,0,0,0,0,0,0,0,0,0,0,0,0,0,0,0,0,0,0,0,0,0,0,0,0,NA,0,6.987854,0,0,0,0,0,0,0,0,0,0,0,0,0,0,0,0,0,0,0,0,0,0,0,0,0,0,0,0,0,0,0,0,0,0,0,0,0,0,0,0,0,0,7.153126,0,0,0,0,0,0,0,0,0,0,0
"57","2021-5",0,0,0,0,0,0,0,0,0,0,0,0,0,0,0,0,0,0,0,0,0,0,0,0,0,NA,0,0,0,0,0,0,0,0,0,0,4.1272187,0,4.105292,0,0,0,0,0,0,0,0,0,0,0,0,0,0,0,0,0,0,0,0,0,0,0,0,0,0,0,0,0,0,0,0,0,3.8605795,0,0,0,0,1.3058126,0,0,0,0
"58","2021-6",0,0,0,0,0,0,0,0,0,0,0,0,0,0,0,0,0,0,0,0,0,0,0,0,0,NA,0,0,3.769725,0,0,0,0,0,0,0,4.2037997,0,5.2132144,0,0,0,0,0,0,0,0,0,0,0,4.9003687,0,0,0,0,0,0,0,0,0,0,0,0,0,0,0,0,0,0,0,0,0,7.0385227,0,0,0,0,3.8159382,0,0,0,0
"59","2021-7",0,0,0,0,0,0,0,0,0,0,0,0,0,0,0,0,0,0,0,0,0,0,0,0,0,NA,0,0,0,0,0,0,0,0,0,0,1.5998291,0,2.3092418,0,0,0,0,0,0,0,0,0,0,0,0,0,0,0,0,0,0,0,0,0,0,0,0,0,0,0,0,0,0,0,0,0,2.5804744,0,0,0,0,0,0,0,0,0
"60","2021-8",0,0,0,0,0,0,0,0,0,0,0,0,0,0,0,0,0,0,0,0,0,0,0,0,0,NA,0,0,0,0,0,0,0,0,0,0,0,0,0,0,0,0,0,0,0,0,0,0,0,0,0,0,0,0,0,0,0,0,0,0,0,0,0,0,0,0,0,0,0,0,0,0,0,0,0,0,0,0,0,0,0,0
"61","2021-9",0,0,0,0,0,0,0,0,0,0,0,0,0,0,0,0,0,0,0,0,0,0,0,0,0,NA,0,0,0,0,0,0,0,0,0,0,0,0,0,0,0,0,0,0,0,0,0,0,0,0,0,0,0,0,0,0,0,0,0,0,0,0,0,0,0,0,0,0,0,0,0,0,0,0,0,0,0,0,0,0,0,0
"62","2021-10",0,0,0,0,0,0,0,0,0,0,0,0,0,0,0,0,0,0,0,0,0,0,0,0,0,NA,0,0,0,0,0,0,0,0,0,0,0,0,0,0,0,0,0,0,0,0,0,0,0,0,0,0,0,0,0,0,0,0,0,0,0,0,0,0,0,0,0,0,0,0,0,0,0,0,0,0,0,0,0,0,0,0
"63","2021-11",0,0,0,0,0,0,0,0,0,0,0,0,0,0,0,13.55561,0,0,4.693859,0,0,0,0,0,0,NA,0,0,0,0,0,0,0,0,0,0,0,0,0,0,0,0,0,0,0,0,0,0,0,0,46.510815,8.66294,0,0,0,0,11.48639,16.425781,0,0,0,0,0,0,0,0,0,0,0,0,0,0,34.89161,0,8.268919,0,0,0,0,0,0,0
"64","2021-12",0,0,0,0,0,0,0,0,0,0,0,0,0,0,0,0,0,0,0,10.014995,0,0,0,0,0,NA,0,0,0,0,0,0,0,0,0,0,0,0,0,0,0,0,0,0,0,0,0,0,0,0,0,0,0,0,0,0,0,0,0,0,0,0,0,0,0,0,0,0,0,0,0,0,0,0,0,0,0,0,0,0,0,0
"65","2021-13",0,0,0,0,0,0,0,0,0,0,0,0,0,0,0,0,0,0,0,0,0,0,0,0,0,NA,0,0,0,0,0,0,0,0,0,0,0,0,0,0,0,0,0,0,0,0,0,0,0,0,0,0,0,0,0,0,0,0,0,0,0,0,0,0,0,0,0,0,0,0,0,0,0,0,0,0,0,0,0,0,0,0
"66","2021-14",0,10.23445,6.62625,8.525579,5.7541275,8.309919,1.3021476,0,9.642986,9.414501,5.5281878,0,5.804273,6.6703544,5.3959007,8.180201,4.806135,6.2753854,1.5602015,6.458257,7.9255223,0,4.98054,0,4.4476404,NA,4.249836,14.598644,30.908356,22.298306,0,11.595674,0,3.8490765,0,0,16.869593,8.872496,0,4.806135,6.3062296,8.330431,8.415031,0,2.3849602,0,9.740167,0,14.417766,0.59308636,21.858011,0,27.507362,8.947378,0,0,6.4398446,0,14.651488,5.4846926,8.415031,7.9255223,0.43894398,8.414582,7.538026,0,8.149678,9.642986,0,8.414582,15.548953,5.122269,19.623016,27.173126,0,8.414582,5.381409,0,0,0,6.826154,9.376236
"67","2021-15",8.965245,21.442642,10.6437645,20.202398,9.237437,17.339563,14.70191,14.524148,16.046207,16.282152,16.064322,5.179446,10.394321,10.371952,21.314999,25.284563,9.838744,20.241434,20.362228,12.916514,18.456837,6.0187893,14.594792,5.1956987,6.7997627,NA,9.332992,32.935627,55.225723,22.70666,10.924271,29.734615,0,7.6055264,13.73012,5.3548985,76.40623,18.870977,51.789074,9.838744,9.253529,16.348066,11.555414,5.951579,6.804957,28.467379,18.896494,5.3728456,31.10886,9.576953,43.470062,18.51901,39.710854,18.934383,8.503025,23.31625,36.327713,20.443962,31.503149,9.720743,11.555414,18.456837,13.066046,17.292297,12.411315,14.152321,25.087694,16.046207,13.595918,17.292297,45.768055,10.314501,63.190697,57.56624,15.485111,17.292297,9.824817,57.318485,5.6351185,12.280323,13.921207,15.798002
"68","2021-16",0,0,0,0,0,0,0,0,0,0,0,0,0,0,8.621001,0,0,0,0,0,0,0,0,0,0,NA,0,0,0,0,0,0,0,0,0,0,0,0,0,0,0,0,0,0,0,9.489125,0,4.2686496,0,0,0,0,0,0,0,0,0,4.674014,0,0,0,0,0,0,0,0,0,0,0,0,0,0,0,0,0,0,0,0,5.713065,0,0,0
"69","2021-17",0,0,0,0,0,0,0,0,0,0,0,0,0,0,0,0,0,0,0,0,0,0,0,0,0,NA,0,0,0,0,0,0,5.992623,0,0,0,0,0,0,0,0,0,0,10.984292,0,15.582391,0,0,0,0,0,0,0,0,0,0,0,0,0,0,0,0,0,0,0,0,0,0,13.490767,0,0,0,0,0,0,0,0,0,0,0,0,0
"70","2021-18",0,18.735056,0,15.287181,0,18.15571,12.566283,0,0,0,8.676248,0,0,0,7.825974,11.235135,9.508977,11.5382,0,0,0,11.429929,0,17.61862,0,NA,0,0,0,0,0,0,0,0,15.449516,0,0,0,4.0005364,9.508977,0,16.014484,11.8517065,0,0,0,0,11.96076,5.6156225,13.537718,0,12.778739,0,0,11.725279,14.560124,0,17.129328,0,0,11.8517065,0,15.058051,0,0,0,0,0,4.7285776,0,0,0,0,0,22.592215,0,0,0,17.7208,5.209112,0,0
"71","2021-19",0,4.2799473,7.678703,8.068476,6.5613365,5.1514025,12.067593,0,8.542922,7.181322,11.203524,0,6.102526,0,9.3802185,9.635323,9.9968195,6.346872,10.8183565,5.3691416,7.7025375,8.406741,7.4899445,9.457886,9.718822,NA,8.012136,0,5.4346,10.531279,0,9.668336,1.1968286,8.990909,7.0432277,0,0,6.1706815,11.403611,9.9968195,4.9642816,10.164508,10.532674,0,6.9919615,0,8.239622,7.008927,11.231245,7.7348924,15.015435,8.64305,3.3335478,8.228202,1.751102,4.463727,11.382943,5.9350767,10.214228,8.279588,10.532674,7.7025375,10.455249,5.9308195,8.3101635,6.657466,7.7940726,8.542922,0,5.9308195,5.74466,9.441137,12.134425,29.813486,8.880012,5.9308195,0,0,7.7717676,3.4701912,11.064035,6.136529
"72","2021-20",0,2.2798562,1.6857709,0,2.187112,2.8790693,0,0,2.3533275,1.8416232,18.43133,0,1.5972174,0,5.3676395,19.372139,1.9993639,0,4.8888845,1.9387965,0,0,1.7751809,3.254444,1.9848169,NA,0,0,0,2.6328197,0,0,0,2.1520886,2.3512592,0,5.2362547,0,0,1.9993639,0,2.092269,2.1065347,0,0,0,2.7465408,1.7022766,10.117635,2.0215445,0,2.196537,0,2.1750443,0,4.209205,4.2869797,2.9910583,0,0,2.1065347,0,2.0910497,1.7889577,2.0228262,0,0,2.3533275,0,1.7889577,0,0,0,0,2.4778066,1.7889577,0,0,2.7672005,0,2.212807,0
"73","2021-21",3.5598927,13.833155,4.2223825,13.011639,6.0412216,15.282271,10.80699,1.663447,13.058818,11.709764,18.43133,3.0761108,5.257941,1.8613133,16.975698,23.285217,0,11.224193,15.972608,12.481505,8.595393,11.865958,4.6780705,18.864582,0,NA,12.572127,2.7000923,15.069896,11.320817,4.493251,0,1.0740815,11.021156,14.658487,0,12.725812,2.3204818,0,0,11.723083,11.062143,0,3.9202628,4.715509,4.88095,0,11.632957,17.449324,5.5336976,0,12.329739,9.79384,6.2730517,6.8541584,18.220028,22.109585,18.545698,10.650755,7.3371854,0,8.595393,13.992316,9.395403,10.3214035,7.3072624,9.188939,13.058818,2.426874,9.395403,9.74187,0,0,17.861486,16.187271,9.395403,0,0,13.03152,1.9344305,11.3350115,6.1439304
"74","2021-22",0,0,0,0,0,0,0,0,0,0,0,0,0,0,5.026678,0,0,0,0,0,0,0,0,0,0,NA,0,0,0,0,0,0,0,0,0,0,0,0,0,0,0,0,0,0,0,0,0,0,7.365535,0,0,0,0,0,0,0,0,0,0,0,0,0,0,0,0,0,0,0,0,0,0,0,0,0,0,0,0,0,0,0,0,0
"75","2021-23",17.063026,17.587765,9.270904,10.476675,5.5944653,10.015089,14.835183,9.784322,7.706387,8.580765,8.239537,12.051599,5.0945067,7.034799,15.358063,17.07571,9.61402,8.357241,8.594188,7.233604,9.013371,12.5641575,8.193766,10.07266,11.260774,NA,9.934702,8.91016,0,9.921531,14.310894,8.741364,9.5061245,15.650364,11.471649,10.101588,4.212081,7.593385,0,9.61402,9.084974,9.848274,10.169382,14.976515,8.451503,12.524559,12.073134,14.046083,14.425825,12.711628,15.072827,8.608557,0,13.031789,14.747418,13.653027,8.98593,11.7631645,9.752586,0,10.169382,9.013371,12.256421,9.409238,8.084922,16.807701,9.38356,7.706387,13.31082,9.409238,6.8123965,12.604669,0,0,9.840052,9.409238,6.690571,7.1677117,8.568841,9.068944,10.788128,10.390191
"76","2021-24",9.633626,9.298206,10.720507,5.781102,6.5231485,7.145796,7.948733,18.725796,4.662451,7.705958,12.505072,9.35577,6.201773,17.811316,16.002304,17.631407,6.3513007,9.246308,10.309128,13.259565,5.783015,8.180771,8.114722,8.407375,7.6191864,NA,8.379193,16.916906,10.508538,4.504621,14.310894,6.7045903,12.920272,6.8696814,9.092655,11.212539,7.1925488,12.200894,0,6.3513007,9.57972,5.130408,5.719103,12.9104185,7.9515076,16.338587,6.3534265,5.2817845,24.995514,7.6957235,15.677862,5.032436,5.805264,4.870132,10.980071,7.744025,14.649902,15.3941145,12.296787,7.431678,5.719103,5.783015,9.741748,4.112774,5.897353,12.6704,5.5564137,4.662451,14.439937,4.112774,6.172699,8.725127,11.990781,10.12999,13.536088,4.112774,13.396231,5.7433724,8.568841,13.603416,10.28847,8.944829
"77","2021-25",11.259957,17.06072,10.682324,15.486842,5.624139,13.6814785,15.722103,7.92789,7.2000012,9.430773,16.209425,7.8135247,4.783063,5.6150403,15.169591,8.708537,9.927711,9.98348,16.485182,8.167623,8.523209,8.974422,7.9295754,15.905175,8.960167,NA,10.128546,8.718879,8.898015,7.31061,12.574749,10.426295,7.9040008,11.729496,16.665106,5.325907,0,7.1307764,0,9.927711,6.1809487,15.149991,9.241455,5.727244,7.773151,13.193102,7.73681,5.5311685,18.317238,11.639947,16.605627,17.995087,11.818404,7.9604945,4.807289,18.692194,16.782696,37.40865,0,0,9.241455,8.523209,12.915603,6.4275417,6.622239,11.598399,7.6921377,7.2000012,9.779008,6.4275417,0,6.650818,0,9.570753,15.810543,6.4275417,4.671106,15.116306,17.879951,6.152319,9.192994,10.881299
"78","2021-26",8.847228,8.53036,11.4907,7.743421,5.518226,7.8630695,10.646537,9.923473,7.2000012,9.430773,11.10701,5.2172384,8.694363,6.0122495,14.652553,14.901415,6.005038,7.9630456,8.242591,13.071738,7.9163566,6.63086,10.549605,7.205784,7.0128436,NA,12.679519,10.424326,0,6.6116657,8.299694,12.98662,7.9040008,6.5381675,6.2149487,5.325907,0,6.607379,0,6.005038,11.289523,7.5749955,7.7013326,5.362748,11.901707,6.5308423,5.6949487,11.062337,16.797411,11.655035,26.341293,10.764172,8.343179,14.028143,10.280422,8.313063,11.026477,11.743365,12.604803,6.8268156,7.7013326,7.9163566,14.579515,6.1222444,5.6844525,18.35647,7.6921377,7.2000012,10.41161,6.1222444,10.829376,13.301636,0,13.516284,12.875676,6.1222444,15.717757,6.3933215,10.180027,4.8355904,6.8455834,15.124343
"79","2021-27",8.847228,7.1725993,3.5346732,4.869254,2.4296212,5.791201,3.8153768,17.447966,5.9360895,2.574343,0,7.3872595,2.6688988,8.455723,6.5033774,7.4507074,4.081991,3.4324281,6.805,4.731388,4.09334,3.063168,2.2775726,5.137237,7.287087,NA,6.9886637,34.757996,11.377986,3.1342504,3.4117975,10.14144,12.916504,6.458711,5.7907534,10.320422,17.869232,19.792103,4.3696947,4.081991,2.5144107,4.476627,5.7973976,0,2.863129,11.996655,4.5879154,4.2670417,8.772283,4.5925283,15.575742,5.464178,10.738329,5.3970423,3.3309946,7.4195814,13.949079,11.743365,5.957972,3.921367,5.7973976,4.09334,6.007029,3.884304,4.5382123,5.2198524,6.946595,5.9360895,17.931835,3.884304,5.648572,3.5144827,10.527659,5.4947414,7.869289,3.884304,15.370741,6.3933215,5.975778,26.985052,2.6062357,7.428992
"80","2021-28",0,8.746965,7.800012,7.6146216,6.1907544,8.196328,6.3606873,0,10.067312,4.228629,5.1376886,0,2.9009774,3.9333675,14.194102,10.496225,5.143228,0,12.69021,7.743268,6.7884855,7.206575,4.9112544,6.5866694,11.954555,NA,13.425948,8.853195,11.054424,8.350386,0,13.538492,0,0,5.449497,0,8.934616,13.835326,7.216691,5.143228,6.104861,5.3263087,5.7159104,0,9.421986,0,10.086909,0,7.7169533,6.331433,23.61099,5.4293404,13.907576,9.273829,0,8.954749,9.92328,12.8237,19.565048,0,5.7159104,6.7884855,9.209251,4.3239055,8.625488,6.602892,10.60689,10.067312,0,4.3239055,19.980087,10.239365,14.82087,8.44305,12.084197,4.3239055,6.5422373,9.3662405,4.3685966,14.01292,7.898276,0
"81","2021-29",3.857215,17.228403,11.354456,4.315604,3.859594,14.793732,4.858984,0,12.002866,4.228629,7.826373,0,3.1717691,0,17.17048,12.797704,4.669228,6.194803,11.386743,9.212983,3.9766204,9.279058,7.168848,4.959251,5.4944377,NA,14.122468,25.455755,21.547651,13.991222,4.617836,16.9543,5.8661118,4.929059,14.568202,1.9629586,48.812645,24.284756,13.091616,4.669228,6.1525016,11.036971,6.587309,8.624717,4.304999,3.149585,5.567102,4.8178616,7.008736,5.2422457,12.750681,13.054939,42.6265,7.423206,5.464316,12.511854,14.7404995,18.171713,28.587631,15.639962,6.587309,3.9766204,6.6513944,4.3239055,9.6003065,10.085394,4.567169,12.002866,4.7751584,4.3239055,32.825275,5.838283,31.394262,22.433064,12.378478,4.3239055,6.5422373,14.061072,4.3685966,11.734044,6.143892,12.581666
"82","2021-30",5.9422426,0,9.121545,10.171769,0,0,14.866362,1.2436366,11.551003,8.88568,13.35995,1.0907753,0,1.528556,7.4750056,8.977257,0,0,16.034136,12.4665365,8.88662,7.5552607,7.8220396,8.838492,0,NA,13.322283,8.339669,14.836456,10.388078,2.1788583,0,0,0,0,0,19.589457,5.3906064,6.8448167,0,0,12.336758,11.054645,4.3486714,9.672132,1.5637765,0,12.805229,5.644451,14.099775,0,8.939059,24.331034,11.84187,0,0,0,15.1703415,22.647984,0,11.054645,8.88662,10.45426,9.389219,10.7752695,12.958092,0,11.551003,1.4838119,9.389219,0,12.594886,0,5.466853,13.779678,9.389219,6.1502886,11.384573,12.712728,0,0,15.302634
"83","2021-31",9.278991,10.709631,7.470517,6.244641,6.128426,6.7893467,7.7342324,8.724067,10.605886,5.774871,8.293514,14.775502,2.8888977,9.660954,17.62017,8.395221,6.801675,4.2131925,11.974086,5.3754015,4.856616,7.7633047,6.85404,8.459388,5.1869006,NA,11.124076,28.750534,7.465094,5.8285923,24.691978,5.475493,8.498404,4.856813,12.10764,8.758773,5.4606423,18.430872,8.394501,6.801675,6.9302025,7.941057,6.453096,13.216142,9.590622,22.410065,5.6525164,12.118849,16.704939,6.7471504,16.419664,9.020571,7.432513,8.297173,9.811341,8.8588295,10.149201,13.213736,12.084598,8.073373,6.453096,4.856616,10.45426,4.6946096,5.987793,11.516159,7.9409485,10.605886,18.731554,4.6946096,10.178306,10.166651,7.628742,15.587706,10.717394,4.6946096,20.38018,8.554341,8.086416,17.23608,9.3469305,9.136294
"84","2021-32",22.457872,5.3548155,11.271663,8.161453,0,11.814138,10.2617,28.2607,13.08428,2.8874354,16.550432,22.11489,4.472944,26.07168,14.825059,15.108099,8.168199,5.727688,5.987043,5.3754015,8.89467,6.0853977,8.245579,13.0702,8.550913,NA,12.734164,29.906658,0,12.235837,28.927889,10.950986,13.895568,10.888488,9.464382,15.811454,0,13.605665,0,8.168199,8.803045,10.986814,12.314334,11.112626,16.565184,12.224549,0,0,16.54263,9.997164,10.946444,11.383161,10.930965,15.161692,0,0,5.0746007,12.931335,7.792601,8.998547,12.314334,8.89467,15.534047,7.115385,10.234998,13.625665,3.9704742,13.08428,30.325699,7.115385,0,9.851536,3.814371,0,10.138984,7.115385,19.528885,0,10.432468,0,9.5260725,12.596886
"85","2021-33",9.466707,14.154062,15.031894,11.556371,5.078395,15.050555,13.184408,18.933006,8.934758,11.1366415,17.994946,21.398157,6.6395917,14.717124,19.727404,29.31593,10.977624,6.718013,10.720347,8.182686,11.799278,9.187013,10.131449,8.465822,10.70287,NA,16.93717,20.891306,0,12.49966,23.550812,14.217818,11.914122,9.739375,12.004301,17.348833,0,9.57508,0,10.977624,6.811525,14.43337,11.033157,22.191574,14.9719095,20.118143,10.135576,10.394794,9.235487,11.701304,17.94352,12.759695,7.11633,13.032817,8.221599,14.106181,17.346798,16.10409,14.382814,0,11.033157,11.799278,18.091845,9.182941,7.1163163,17.089989,10.943268,8.934758,20.118074,9.182941,0,13.721244,0,4.468436,9.18255,9.182941,21.778677,0,10.602585,20.453691,12.981532,13.831686
"86","2021-34",29.78779,15.729648,15.594464,8.721889,5.5126557,10.90337,13.877409,13.443651,7.2193227,9.517784,9.363842,15.127225,4.2531,9.12736,9.158495,15.767727,9.422332,6.718013,10.969321,9.56328,7.194194,7.17059,10.131449,11.604979,10.70287,NA,10.20064,0,12.414457,8.42793,25.875952,0,0,9.339401,19.82558,0,18.097952,0,17.086601,9.422332,12.458033,7.903378,7.4724603,26.594482,8.098853,27.16716,5.6437645,13.255463,10.262885,11.668863,14.45761,15.048417,10.522005,15.940502,0,14.106181,8.814866,16.266016,13.913304,25.309963,7.4724603,7.194194,17.73106,5.8430057,8.337882,12.590116,11.313812,7.2193227,25.515337,5.8430057,10.880356,9.971071,12.333577,20.04163,16.861515,5.8430057,0,7.801338,11.901763,10.322938,12.981532,13.831686
"87","2021-35",0,15.4001465,13.968638,8.721889,5.5126557,10.90337,16.5617,0,0,12.164964,9.363842,10.472305,4.2531,5.8447766,8.44116,5.475487,6.1325297,6.688054,10.969321,6.0917354,12.752976,0,12.3343525,10.958788,7.3033824,NA,14.037673,0,0,11.487892,9.653446,9.879762,5.3705673,9.339401,0,4.8543086,0,10.399856,3.0831852,6.1325297,6.568311,15.806756,0,9.868561,12.626525,8.493172,0,0,10.866144,13.424398,0,13.54694,8.459012,15.806157,9.501085,12.490879,8.814866,15.4962435,11.226451,11.02282,0,12.752976,13.583667,5.8430057,5.4480567,12.708492,12.85108,0,7.789436,5.8430057,10.880356,9.043187,0,4.592836,0,5.8430057,3.9526346,0,11.901763,10.713215,0,13.175038
"88","2021-36",12.439105,17.92235,18.560682,13.153087,16.389807,21.997307,25.175068,11.367253,14.482943,11.912419,17.967417,12.378386,14.320845,9.073009,9.69237,10.432637,14.184928,14.964675,20.69056,17.177313,15.46617,11.019859,13.098388,10.540352,16.222424,NA,17.621601,17.234161,0,20.430664,21.226757,17.542519,8.402728,20.983686,20.248264,8.558965,0,10.699721,0,14.184928,14.148018,23.686779,14.25736,18.11091,18.909872,16.752186,18.465717,12.861625,15.098259,23.394007,23.758602,16.642939,0,28.144194,27.399023,17.75974,19.465096,19.579384,19.062634,19.50726,14.25736,15.46617,17.707745,10.542188,15.902826,13.77913,12.00109,14.482943,16.177805,10.542188,13.05961,16.182358,0,0,27.331951,10.542188,11.787562,11.8176985,12.261884,11.301698,15.835814,14.590722
"89","2021-37",11.707323,23.629461,14.99012,11.971015,0,17.07976,12.678282,14.101817,12.101395,8.612249,19.450996,16.012396,0,8.753246,11.417162,23.03173,12.210243,7.80695,14.005998,15.107624,9.850416,11.245071,12.204849,10.519369,8.334516,NA,7.4668694,18.999342,6.6741457,10.766555,16.868721,15.999772,14.1423645,14.379655,18.21466,13.647183,4.085064,11.536019,5.0511065,12.210243,12.387457,10.325968,7.424446,18.11091,10.962115,21.034977,9.289492,12.1195135,12.378438,14.2360525,14.725618,22.511595,6.5308757,14.253622,13.552966,18.002121,24.58662,12.603818,9.411285,5.751639,7.424446,9.850416,15.201606,7.5026307,11.56125,9.237698,12.570149,12.101395,13.352128,7.5026307,0,9.685999,9.862083,12.637729,17.51888,7.5026307,19.371435,15.583215,14.295543,5.842326,8.008758,15.482034
"90","2021-38",6.9292274,21.19388,22.029242,12.124842,12.284867,20.826271,16.266348,5.0995064,13.079339,17.208906,12.169601,6.764237,11.702513,4.376623,13.082723,14.414198,16.021976,14.069437,25.051933,15.536723,9.489344,10.626567,17.904013,14.706647,19.048204,NA,17.560764,10.258789,0,11.109366,6.92623,12.927777,0,19.788706,18.743372,4.412235,4.085064,0,0,16.021976,18.86459,17.052444,13.351878,16.607079,10.962115,14.257832,11.069545,13.909654,24.718193,13.512778,35.688267,13.000357,5.388158,16.63873,10.239708,27.707096,22.02765,24.74571,18.838152,15.460069,13.351878,9.489344,16.744642,11.469748,13.411608,14.033759,16.489986,13.079339,6.4875827,11.469748,0,12.509604,0,0,30.542067,11.469748,7.310348,7.7916074,20.61277,4.9874473,15.892707,15.137194
"91","2021-39",6.9292274,10.59694,8.663683,6.4068117,0,10.413136,6.2956686,10.559781,7.2294326,5.786639,11.241042,9.001702,0,6.611203,16.047913,14.414198,0,0,12.525967,5.559696,0,5.6412497,6.0676327,8.499603,6.349402,NA,0,10.241655,0,0,0,0,0,0,7.8154626,7.2322793,0,0,0,0,8.545364,8.163353,0,0,6.820662,9.2403755,0,6.954827,23.222815,7.0685434,10.150742,11.325163,2.8681335,8.838881,0,9.075584,11.013825,10.307285,0,4.1087976,0,0,7.0205755,5.151585,5.2390447,6.9049115,0,7.2294326,8.549945,5.151585,0,8.786629,0,0,9.825356,5.151585,6.1580005,0,8.417872,8.045037,0,7.0185223
"92","2021-40",0,18.147451,10.710204,15.3273325,6.7462344,19.070305,6.7264004,10.559781,5.1892962,11.573278,19.293118,0,8.395828,0,13.439239,17.594887,8.7380705,11.192297,11.793862,10.12338,11.228922,3.5720983,12.135265,5.72575,8.182258,NA,12.509121,10.241655,0,11.6079645,0,11.10544,0,10.834859,15.630925,6.845372,0,14.062219,12.448889,8.7380705,8.545364,10.380972,8.63334,12.588108,13.641324,10.245964,10.771244,6.9735575,17.619587,10.899222,14.520011,13.481218,2.8681335,8.501486,7.423323,15.140987,18.855003,9.215136,0,4.0242376,8.63334,11.228922,7.0205755,10.30317,10.478089,7.733999,13.275819,5.1892962,9.92138,10.30317,5.474141,8.786629,16.004011,18.682192,19.000017,10.30317,9.772074,9.936802,9.053107,8.045037,8.068032,16.221054
"93","2021-41",12.651932,21.664206,20.54482,17.679447,7.9448524,22.6031,17.89305,19.788712,15.540327,15.314156,14.237958,5.871334,8.0729685,3.2662,8.39995,11.346447,11.514707,8.528887,26.526154,12.788665,17.549088,10.8578005,12.509219,9.391733,12.221061,NA,23.182602,12.214871,6.813847,16.501385,8.730106,11.219504,5.142902,12.429575,21.44755,7.0108175,12.462462,0,0,11.514707,10.643861,18.359922,10.366444,12.532444,17.625298,15.000121,8.628776,17.858297,24.50902,10.42672,25.807688,16.947987,0,13.952446,9.671157,17.730448,16.200663,28.281368,16.372816,9.02493,10.366444,17.549088,20.66432,8.761678,11.349806,13.826275,13.56456,15.540327,12.5038185,8.761678,8.046793,21.64427,0,14.720915,21.996946,8.761678,13.937438,8.4240675,8.539425,6.2127757,9.876135,10.274888
"94","2021-42",6.325966,0,20.54482,0,12.324836,22.6031,0,0,0,15.314156,0,5.871334,10.1466465,0,4.20847,4.629173,0,14.6057,17.881872,12.788665,0,10.8578005,12.509219,0,12.221061,NA,21.077427,6.1074357,12.241606,0,0,14.963613,5.142902,18.98507,21.44755,3.5054088,0,11.550449,0,0,13.265425,0,10.366444,4.0456443,12.755216,2.892188,13.264066,0,12.25451,20.323574,18.11754,0,6.8032503,25.003986,0,0,0,0,16.794224,9.1401205,10.366444,0,20.66432,8.761678,11.349806,18.858425,13.56456,0,0,8.761678,12.432186,21.64427,16.810637,6.8007827,21.996946,8.761678,9.773848,0,15.326914,0,12.844667,14.645349
"95","2021-43",13.399613,20.200462,13.5884285,0,0,19.837822,13.911657,17.410282,10.755347,0,17.786568,17.04115,0,12.566272,4.4238815,6.18903,0,0,0,0,0,0,0,15.633157,10.001377,NA,15.833835,0,0,10.771225,30.811485,8.071266,13.512626,0,13.905771,14.730636,6.574799,0,0,0,18.799097,21.312325,0,14.706874,0,34.42739,9.6513,0,14.8522625,0,0,13.643652,0,15.950103,19.404804,18.53804,0,12.504533,0,0,0,0,0,0,10.195554,14.924055,0,10.755347,17.523882,0,0,19.010101,0,0,14.8061695,0,15.408096,0,15.537422,0,0,14.907606
"96","2021-44",0,0,0,0,0,0,5.759342,0,0,0,12.583564,0,0,0,14.630737,11.474688,0,0,0,0,0,3.6735673,0,5.2465672,0,NA,0,0,14.56845,0,0,0,0,0,0,0,17.08319,7.8912406,0,0,0,0,0,0,0,0,0,4.437276,0,7.3211226,11.934665,6.585321,37.313713,0,0,8.093679,9.781276,12.231039,18.455938,18.58425,0,0,8.516432,0,0,11.187597,0,0,0,0,0,0,0,0,5.853216,0,0,11.527609,0,0,10.777437,0
"97","2021-45",0,0,0,0,0,0,0,0,0,0,0,0,0,0,0,0,0,0,0,0,0,0,0,0,0,NA,0,0,0,0,0,0,0,0,0,0,0,0,0,0,0,0,0,0,0,0,0,0,0,0,0,0,0,0,0,0,0,0,0,0,0,0,0,0,0,0,0,0,0,0,0,0,0,0,0,0,0,0,0,0,0,0
"98","2021-46",0,0,0,0,0,0,0,0,0,0,0,0,0,0,0,0,0,0,0,0,0,0,0,0,0,NA,0,0,0,0,0,0,0,0,0,0,0,0,0,0,0,0,0,0,0,0,0,0,0,0,0,0,0,0,0,0,0,0,0,0,0,0,0,0,0,0,0,0,0,0,0,0,0,0,0,0,0,0,0,0,0,0
"99","2021-47",0,0,0,0,0,22.332077,0,0,0,0,0,0,0,0,0,7.0737114,0,0,10.704169,7.5727386,0,0,0,0,0,NA,0,0,0,0,0,0,0,0,12.312267,0,0,0,0,0,0,0,0,0,8.054531,0,0,0,18.357851,0,0,15.491587,0,0,0,12.732789,26.405302,27.178478,0,0,0,0,0,0,0,0,8.675202,0,0,0,0,0,0,0,15.705398,0,0,0,0,0,0,19.96798
"100","2021-48",0,0,0,0,0,0,0,0,0,0,11.5637245,0,0,0,0,0,0,0,0,0,0,0,0,0,0,NA,0,0,0,0,0,0,0,0,0,0,0,0,0,0,0,0,0,0,0,0,0,0,0,0,0,0,43.97919,0,0,0,0,11.377335,0,0,0,0,0,0,0,0,0,0,0,0,21.418102,0,0,0,0,0,0,0,0,0,0,0
"101","2021-49",0,0,0,0,0,0,0,0,0,0,0,0,0,0,0,0,0,0,0,0,0,0,0,0,0,NA,0,0,0,0,0,0,0,0,0,0,0,0,0,0,0,0,0,0,0,0,0,0,0,0,0,0,0,0,0,0,0,0,0,0,0,0,0,0,0,0,0,0,0,0,0,0,0,0,0,0,0,0,0,0,0,0
"102","2021-50",0,4.1853695,0,0,0,5.0481286,2.384115,0,0,0,0,0,8.619941,0,0,0,0,2.950764,3.947183,4.929591,0,0,0,3.7040281,0,NA,0,0,0,0,0,0,0,0,3.7816274,0,0,0,0,0,0,6.589853,0,0,0,0,0,8.558368,0,0,38.930775,3.753458,0,0,0,3.8181415,0,8.096454,0,0,0,0,0,0,0,0,0,0,0,0,0,0,0,0,6.148632,0,0,0,4.6963983,0,0,0
"103","2021-51",0,0,0,0,0,0,0,0,0,0,0,0,0,0,0,0,0,0,0,0,0,0,0,0,0,NA,0,0,0,0,0,0,0,0,0,0,0,0,0,0,0,0,0,0,0,0,0,0,0,0,0,0,0,0,0,0,0,0,0,0,0,0,0,0,0,0,0,0,0,0,0,0,0,0,0,0,0,0,0,0,0,0
"104","2021-52",0,0,0,0,0,0,0,0,0,0,0,0,0,0,0,0,0,0,0,0,0,0,0,0,0,NA,0,0,0,0,0,0,0,0,0,0,0,0,0,0,0,0,0,0,0,0,0,0,0,0,0,0,0,0,0,0,0,0,0,0,0,0,0,0,0,0,0,0,0,0,0,0,0,0,0,0,0,0,0,0,0,0
"105","2022-1",0,0,0,0,0,0,0,0,0,0,0,0,0,0,0,0,0,0,0,0,0,0,0,0,0,NA,0,0,0,0,0,0,0,0,0,0,6.8411922,0,0,0,0,0,0,0,0,0,0,0,0,0,0,0,0,0,0,0,0,0,0,0,0,0,0,0,0,0,0,0,0,0,0,0,0,0,0,0,0,0,0,0,0,0
"106","2022-2",0,0,0,0,0,0,0,0,0,0,0,0,0,0,0,0,0,0,0,0,0,0,0,0,0,NA,0,0,0,0,0,0,0,0,0,0,0,0,0,0,0,0,0,0,0,0,0,0,0,0,0,0,0,0,0,0,0,0,0,0,0,0,0,0,0,0,0,0,0,0,0,0,0,0,0,0,0,0,0,0,0,0
"107","2022-3",0,0,0,0,0,0,0,0,0,0,0,0,0,0,0,0,0,0,0,0,0,0,0,0,0,NA,0,7.494472,6.574572,0,0,0,0,0,0,0,7.0079536,0,6.2740006,0,0,0,0,0,0,0,0,0,0,0,0,0,6.584061,0,0,0,0,0,7.8345566,0,0,0,0,0,0,0,0,0,0,0,6.4255586,0,6.243735,0,0,0,0,5.5044103,0,0,0,0
"108","2022-4",0,0,0,0,0,0,0,0,0,0,0,0,0,0,0,0,0,0,0,0,0,0,0,0,0,NA,0,0,0,0,0,0,0,0,0,0,0,0,0,0,0,0,0,0,0,0,0,0,0,0,0,0,0,0,0,0,0,0,0,0,0,0,0,0,0,0,0,0,0,0,0,0,0,0,0,0,0,0,0,0,0,0
"109","2022-5",0,0,0,0,0,0,0,0,0,0,0,0,0,0,0,0,0,0,0,0,0,0,0,0,0,NA,0,0,0,0,0,0,0,0,0,0,0,8.458178,6.9874716,0,0,0,0,0,0,0,0,0,0,0,0,0,0,0,0,0,0,0,0,0,0,0,0,0,0,0,0,0,0,0,0,0,6.6331887,0,0,0,0,0,0,6.090173,0,0
"110","2022-6",0,0,0,0,0,0,0,0,0,0,0,0,0,0,0,0,0,0,0,0,0,0,0,0,0,NA,0,0,0,0,0,0,0,0,0,0,0,0,0,0,0,0,0,0,0,0,0,0,0,0,0,0,0,0,0,0,0,0,0,0,0,0,0,0,0,0,0,0,0,0,0,0,0,0,0,0,0,0,0,0,0,0
"111","2022-7",0,0,0,0,0,0,0,0,0,0,0,0,0,0,0,0,0,0,0,0,0,0,0,0,0,NA,0,0,7.203636,0,0,4.9742966,0,0,0,0,7.2552695,0,0,0,0,0,0,0,0,0,0,0,7.4394927,0,7.622344,0,6.424029,0,0,0,0,0,0,0,0,0,0,0,0,0,0,0,0,0,6.098211,0,7.827956,6.8545084,0,0,0,0,0,0,0,0
"112","2022-8",0,0,0,0,0,0,0,0,0,0,0,0,0,0,0,0,0,0,0,0,0,0,0,0,0,NA,0,0,0,0,0,0,0,0,0,0,0,0,0,0,0,0,0,0,0,0,0,0,0,0,0,0,0,0,0,0,0,0,0,0,0,0,0,0,0,0,0,0,0,0,0,0,0,0,0,0,0,0,0,0,0,0
"113","2022-9",0,0,0,0,0,0,0,0,0,0,0,0,0,0,0,0,0,0,0,0,0,0,0,0,0,NA,0,0,5.6309624,0,0,0,0,0,0,0,0,0,6.20364,0,0,0,0,0,0,0,0,0,0,0,0,0,0,0,0,0,0,0,6.85057,0,0,0,0,0,0,0,0,0,0,0,0,0,5.2925353,0,0,0,0,0,0,0,0,0
"114","2022-10",0,0,0,0,0,0,0,0,0,0,0,0,0,0,0,0,0,0,0,0,0,0,0,0,0,NA,0,0,0,0,0,0,0,0,0,0,0,0,0,0,0,0,0,0,0,0,0,0,0,0,0,0,0,0,0,0,0,0,0,0,0,0,0,0,0,0,0,0,0,0,0,0,0,0,0,0,0,0,0,0,0,0
"115","2022-11",0,0,0,0,0,0,0,0,0,0,0,0,0,0,0,0,0,0,0,0,0,0,0,0,0,NA,0,0,5.7651772,0,0,0,0,0,0,0,0,0,5.2199807,0,0,0,0,0,0,0,0,0,0,0,0,0,0,0,0,0,0,0,4.979519,0,0,0,0,0,0,0,0,0,0,0,6.615879,0,6.272585,0,0,0,0,0,0,0,0,0
"116","2022-12",0,0,0,0,0,0,0,0,0,0,0,0,0,0,0,0,0,0,0,0,0,0,0,0,0,NA,0,0,0,0,0,0,0,0,0,0,0,0,5.2308335,0,0,0,0,0,0,0,0,0,0,0,0,0,0,0,0,0,0,0,0,0,0,0,0,0,0,0,0,0,0,0,0,0,6.1498275,0,0,0,0,0,0,0,0,0
"117","2022-13",0,0,0,0,0,0,0,0,0,0,4.3864036,0,0,0,3.4940271,4.4124026,0,0,0,0,0,0,0,0,0,NA,0,0,0,0,0,0,0,0,0,0,0,0,0,0,0,0,0,0,0,0,0,0,11.150303,0,0,0,0,0,0,0,5.2228928,0,0,0,0,0,0,0,0,0,0,0,0,0,0,0,0,0,0,0,0,0,0,0,0,0
"118","2022-14",1.2948406,11.052861,4.900681,6.3440223,0,6.9263024,4.350869,0,7.01049,4.579341,5.764443,0,3.9516056,0,5.372584,8.824805,0,0,6.0994377,4.902193,5.5108356,2.8236034,4.3022337,6.303798,0,NA,3.1075215,0,0,14.645544,0,15.527234,0,0,2.7614486,0,45.941902,0,23.03141,0,0,11.466264,5.622878,0,1.606421,3.2516592,6.9218593,3.3979967,6.875056,3.1431153,28.838772,16.921675,0,9.036461,2.8838487,17.22934,7.649777,21.06115,16.240637,0,5.622878,5.5108356,2.9622087,0,5.152573,6.9649305,0,7.01049,1.2394753,0,22.245031,3.6995063,0,0,8.711208,0,1.290262,0,5.864099,0,6.1653643,0
"119","2022-15",0,0,0,0,0,0,0,0,0,0,0,0,0,0,4.8636365,0,0,0,0,0,0,0,0,0,0,NA,0,0,0,0,0,0,0,0,0,0,0,0,0,0,0,0,0,0,0,0,0,0,4.9091034,0,0,0,0,0,0,0,0,0,0,0,0,0,0,0,0,0,0,0,0,0,0,0,0,0,0,0,0,0,0,0,0,0
"120","2022-16",2.362869,4.9239736,0,0,0,2.6289368,4.367523,1.5166503,4.9919486,0,3.6771843,0,0,0,4.659988,8.256057,3.4151337,2.7716186,0,0,0,4.8500943,3.2420454,0,0,NA,0,0,0,0,0,0,0,3.4110575,2.1874483,0,0,0,0,3.4151337,3.6315663,7.7512574,3.9587753,0,0,0,0,0,0,0,0,0,0,0,4.6285315,9.156334,0,0,0,6.6640544,3.9587753,0,0,0,5.1936884,0,0,4.9919486,0,0,0,0,0,0,0,0,0,0,0,0,4.550493,0
"121","2022-17",7.9863086,24.494728,17.850069,23.50064,22.318136,29.662458,16.252422,9.019684,24.452803,13.470998,11.031553,0,11.914147,6.393566,26.426846,17.600601,14.831818,14.369985,24.875029,21.591202,20.295507,18.846617,16.905008,28.558973,21.259531,NA,21.510954,9.790888,48.543114,34.55945,5.4982514,19.354788,0,15.873556,21.181078,6.612078,14.935558,11.157725,14.090053,14.831818,28.378756,26.169577,14.689176,8.714821,14.169475,7.514288,26.217136,17.823097,9.525324,13.237165,29.912174,20.387543,34.944668,25.87231,23.600937,29.233515,14.526092,31.727854,27.526773,15.613176,14.689176,20.295507,15.66228,14.93743,11.469474,17.984001,14.957405,24.452803,0,14.93743,40.65455,14.710097,51.25233,11.026553,23.009779,14.93743,6.4750113,23.773235,16.099741,6.2898445,29.065565,29.465464
"122","2022-18",7.9863086,7.9366283,11.900047,7.833547,6.0010667,15.454476,14.97988,9.019684,13.940791,13.470998,19.735832,8.94142,7.9427657,6.393566,13.170061,11.848002,7.415909,6.210557,13.164432,10.389367,13.743326,19.653103,11.270005,8.054467,7.0221214,NA,14.722598,6.4264975,0,16.54535,7.849387,0,0,7.936778,19.287935,8.386166,1.72294,5.6367574,0,7.415909,22.824179,17.446384,14.689176,5.8098803,15.73331,8.178126,13.431872,9.531071,9.525324,18.475435,19.133507,13.334218,0,11.480816,6.284418,10.237149,7.263046,12.598441,9.1755905,0,14.689176,13.743326,14.386784,12.655642,11.450335,12.277609,14.957405,13.940791,8.025716,12.655642,0,14.710097,0,6.7764893,7.6699257,12.655642,6.4750113,0,7.249471,0,7.91511,19.746801
"123","2022-19",0,17.718357,10.814643,15.527027,0,15.454476,11.749546,0,13.438211,8.815333,9.393254,6.5798163,12.141317,0,7.185445,8.996834,0,12.502681,14.597547,0,12.707533,0,8.598895,0,10.162029,NA,0,4.1982846,10.892171,14.689981,0,0,0,12.238366,20.328457,0,1.72294,0,0,0,0,16.106148,11.672075,0,7.866655,0,11.159152,9.531071,5.682191,12.65132,27.539646,0,0,12.447991,6.8165917,20.474298,7.0428915,12.598441,0,0,11.672075,12.707533,12.471068,0,8.663534,14.563178,20.111502,13.438211,0,0,0,9.995453,5.9687204,0,23.452492,0,4.1027303,0,0,0,10.842739,10.031503
"124","2022-20",6.7668223,14.987014,3.828959,5.6589527,10.705657,13.049142,0,11.895295,11.84022,6.1269393,8.029468,14.200651,8.511435,13.055562,5.7793317,11.623646,9.973751,11.053814,22.974558,11.629299,7.6772857,14.03376,3.2906513,11.3840475,8.600369,NA,4.4372187,7.3528686,17.462473,14.664044,11.963373,4.763451,7.886895,11.007203,13.142431,11.975708,9.329917,7.4873924,3.510025,9.973751,31.71595,6.0654793,9.614878,15.707497,17.433249,14.981744,9.989498,12.231048,6.6451426,5.0905523,16.629858,11.20991,11.129499,4.284493,17.051228,21.669731,9.198536,21.3993,14.800611,17.40377,9.614878,7.6772857,8.748271,7.7204537,10.219779,8.46479,8.735407,11.84022,13.478606,7.7204537,17.442133,11.584773,7.936126,4.5702653,15.642776,7.7204537,5.014605,0,0,9.025501,10.213439,21.068365
"125","2022-21",7.7971168,19.765738,15.315836,11.317905,6.0400453,19.854288,15.9372835,13.494158,15.452788,12.253879,18.78294,14.200651,5.7685633,9.228642,7.159791,12.21457,9.028813,13.373101,19.666172,10.30273,15.354571,14.647818,6.5813026,12.875746,8.403748,NA,13.311656,5.335942,0,11.046453,15.912877,12.17574,3.209899,9.08545,23.176857,11.975708,0,4.391554,1.7550125,9.028813,9.175135,18.196436,9.183514,13.5049095,11.5779,12.91341,8.678333,13.623567,19.557425,14.999929,19.056953,10.410258,8.243976,15.166852,11.439391,16.778248,12.002312,22.471628,8.952774,9.5970125,9.183514,15.354571,9.153697,12.298755,12.227952,16.574823,17.470814,15.452788,13.2676735,12.298755,8.76612,9.323109,0,4.6109624,24.49903,12.298755,3.2703972,6.117875,15.042038,7.2011786,8.450661,12.646284
"126","2022-22",13.642949,14.603872,13.299241,18.451305,9.393823,14.92796,13.254571,18.968884,17.939161,9.876726,10.379418,14.016501,7.9074516,12.455652,17.921799,22.415823,9.028813,9.183762,12.681443,12.754609,10.922348,13.529042,9.296782,12.875746,10.092389,NA,11.1534605,15.96126,16.473366,15.193768,15.912877,15.6159315,15.358658,9.80744,11.72756,13.284688,4.22241,15.565577,6.4025435,9.028813,21.132801,15.941551,16.839993,10.128682,14.079169,12.91341,9.685301,0,8.871661,12.476093,23.133532,18.68343,0,12.899461,11.439391,16.437656,17.40152,15.45952,17.905548,12.711337,16.839993,10.922348,18.307394,13.497165,12.88517,21.062021,9.34583,17.939161,12.558878,13.497165,12.455657,18.646217,6.8553023,4.6109624,25.1718,13.497165,11.744877,7.246493,18.20033,12.706366,11.211309,21.241848
"127","2022-23",24.685854,12.100126,21.24507,12.350115,12.072781,12.759284,12.5139265,13.559839,9.844813,13.394817,15.393383,21.986265,15.173594,20.0637,6.9088902,11.724713,16.470022,12.7892275,20.411108,15.157599,10.745443,21.645681,8.64691,15.525294,13.966694,NA,26.798649,14.502158,16.421238,11.265961,25.165642,21.133818,14.872225,18.26375,14.001415,16.734238,5.8291945,16.723537,10.53112,16.470022,21.208597,23.026686,11.654019,27.36715,30.154306,20.936518,10.404755,12.253565,24.278732,16.574251,40.589207,18.510357,12.792723,24.53743,23.175108,10.762654,12.370225,19.020313,10.074899,17.084154,11.654019,10.745443,25.189005,13.745037,13.553243,21.125267,12.748635,9.844813,24.525246,13.745037,0,23.619488,19.848732,2.9794033,23.11472,13.745037,16.834358,22.675514,13.719049,13.976334,15.273419,21.180838
"128","2022-24",14.856144,12.989649,18.765005,15.161564,11.084736,16.24053,21.64096,6.7799196,18.63049,11.590163,8.380775,7.854329,12.622821,7.438334,8.182015,9.430844,12.877593,13.501427,15.255302,15.74018,12.08583,11.423162,11.248396,11.500744,17.838734,NA,20.62724,16.252594,13.891727,11.861708,8.943741,17.736744,11.19402,18.900826,16.625511,5.3888426,4.7921824,8.361769,6.316875,12.877593,17.538517,23.624178,16.678669,10.789736,20.064175,11.163429,12.844344,13.049641,8.019446,20.614916,26.279076,10.971468,13.701579,20.63645,13.759382,12.022961,9.197092,12.844036,16.904919,14.686639,16.678669,12.08583,19.84741,12.049263,16.41511,21.894241,13.403603,18.63049,6.979787,12.049263,13.042163,20.97257,11.432089,5.5837054,17.101954,12.049263,14.263504,11.225248,12.997217,9.235184,15.358832,21.480461
"129","2022-25",27.278717,13.425959,16.571976,17.504436,13.7693205,12.646566,18.706347,21.952496,14.962175,14.781693,11.988636,18.029938,12.347344,14.058906,10.311542,7.8518662,16.675453,12.148175,12.517353,14.153626,15.090914,14.41323,12.734934,14.17663,17.189703,NA,17.857029,18.317688,12.909368,13.7878895,15.950468,28.0986,19.217447,18.441774,12.391528,13.537699,10.086923,15.563622,15.905861,16.675453,16.661797,19.035402,15.049549,14.857727,15.870405,17.22002,13.849066,14.20436,16.388016,19.596643,31.730988,9.100853,14.626646,19.544916,12.336494,18.781864,14.508206,19.307362,21.506533,16.533707,15.049549,15.090914,21.33067,14.188217,14.6781435,27.644684,15.282868,14.962175,17.317293,14.188217,17.512653,18.95996,25.123194,15.263129,14.079652,14.188217,16.268684,28.130503,13.222915,16.682993,13.852219,23.900747
"130","2022-26",5.773365,7.05926,3.970939,5.8348126,4.7835903,12.079267,6.2354493,3.204865,10.215229,4.7289286,7.591483,2.9574792,8.231563,2.6882477,8.476128,14.571218,8.780855,8.683317,11.334111,10.033346,5.4561896,6.577573,3.4114664,5.445474,11.459803,NA,11.808632,18.317688,9.905514,10.263379,2.73238,11.23944,4.7127843,12.294517,8.323213,4.1849794,11.846635,7.4022975,11.88597,8.780855,5.695954,6.9404774,6.930409,3.2336287,10.970338,3.2010741,8.497405,4.6873918,8.62518,6.5322146,11.019492,3.9465654,13.925681,10.348879,4.9642034,6.5252085,9.672137,12.871574,15.451986,11.130685,6.930409,5.4561896,5.333409,5.8784847,7.2519574,11.057873,5.90371,10.215229,0,5.8784847,13.082172,14.219971,19.563229,9.4259615,7.1311407,5.8784847,7.7125077,11.252201,8.815276,6.673197,9.234812,14.340447
"131","2022-27",3.9639525,9.001486,8.560749,8.834762,0,13.056746,12.510289,0,9.750241,4.21125,4.931534,0,3.745927,3.6690543,9.178869,8.9229,5.285026,7.416703,6.9257703,8.018024,9.20419,8.259085,7.2508817,6.7376394,0,NA,9.675257,8.502344,17.470146,8.283886,3.77231,11.617518,4.700585,0,10.850433,0,8.447636,10.780898,4.417278,5.285026,9.835705,8.383401,8.413821,4.4703755,8.517213,2.7714586,7.274452,10.139765,15.231079,10.878843,11.799473,12.887468,18.77912,9.372863,5.077113,11.853537,7.928333,14.364436,26.044128,13.406631,8.413821,9.20419,9.343039,4.5735908,6.083945,9.585977,9.292929,9.750241,4.45144,4.5735908,15.361279,11.515975,9.208556,4.046766,10.159618,4.5735908,7.773081,5.1859646,7.238498,10.877482,6.0899997,12.174276
"132","2022-28",11.000592,0,12.17021,0,10.841344,0,0,8.0854225,11.008446,11.0501995,6.1297793,9.015732,10.032524,11.836351,16.115992,11.827102,0,0,0,0,0,9.053221,7.76988,9.639624,0,NA,16.638502,21.748014,14.802041,21.387106,10.388861,18.580414,25.34622,0,0,9.819904,4.191606,16.419039,1.7952698,0,12.653127,0,11.860822,14.156174,9.623353,14.03196,13.410948,15.048886,9.510303,0,28.268803,12.097278,13.635123,11.092056,8.322025,0,0,0,42.638515,17.672085,11.860822,0,0,9.306608,12.470269,15.029432,0,11.008446,18.217155,9.306608,30.32097,12.339052,0,0,0,9.306608,12.186086,3.3581676,9.219013,11.382623,13.171448,13.823183
"133","2022-29",3.4581115,3.0502942,3.806657,3.6319067,3.9058514,3.5296519,3.81643,0,3.7556088,3.0390534,0,3.7255478,0,3.1993988,17.395647,12.723093,5.2221084,2.462788,2.9374046,3.0102742,3.1621165,4.5246434,2.4042027,1.978091,4.1860814,NA,5.5415,13.593717,7.82016,4.0814295,8.77974,4.914263,5.5133595,5.397941,2.7485034,5.737265,8.041208,11.388929,3.6101377,5.2221084,4.097213,6.237691,3.91279,11.0215,5.3740535,4.148731,3.6046107,3.7600567,11.2492485,6.6035995,6.7723355,3.2492902,8.500691,3.6243043,3.135392,6.512333,5.5218287,0,13.253247,9.450883,3.91279,3.1621165,3.4714758,2.601356,2.6038458,3.7363656,3.3258736,3.7556088,6.702298,2.601356,7.9988117,5.399144,7.9417796,4.4936504,6.028053,2.601356,7.0650034,4.211422,2.135761,9.460195,3.6837153,3.0876791
"134","2022-30",0,10.579575,0,0,5.1166615,9.214377,0,0,0,0,3.5349298,0,0,0,14.77384,0,0,0,0,0,0,0,0,8.286582,0,NA,0,0,0,0,18.575327,0,0,0,11.258003,0,0,0,0,0,0,0,0,13.536776,0,0,0,11.785055,7.7795115,0,0,7.6916866,0,0,5.514486,0,0,13.817415,0,0,0,0,0,0,0,0,0,0,13.219122,0,0,0,0,0,11.786849,0,0,0,7.715195,0,0,0
"135","2022-31",0,5.3798327,13.331454,3.1723318,4.559969,12.3091,9.23799,0,12.205754,3.7402794,8.5994835,3.5585763,4.4886246,2.9195657,18.759403,11.164597,2.54173,4.658024,15.463036,5.8544855,8.428,2.67919,8.3675785,8.131413,2.7765706,NA,13.626971,5.024127,0,8.624062,0,10.860748,0,3.0416129,15.292282,0,5.6750135,5.8173604,8.8505,2.54173,3.5070894,10.118298,2.7919679,8.029436,10.900179,3.5788586,7.1575675,3.4866436,14.101272,11.954208,5.701124,9.856605,10.470816,15.812079,8.139113,5.1062155,12.237591,6.559089,5.6201653,4.0096717,2.7919679,8.428,9.920077,4.6992707,2.4538357,0,7.336213,12.205754,4.72603,4.6992707,13.548624,14.610348,5.841788,0,19.096619,4.6992707,4.3142543,8.694957,3.8200624,4.7420497,6.0376368,0
"136","2022-32",10.050136,16.139498,10.200164,6.3446636,6.9320235,13.348637,24.483225,5.0063715,10.013639,11.220839,8.5994835,7.1171527,6.1155434,3.797878,13.203133,12.380571,10.16692,6.987036,15.710909,10.214536,9.2365,19.15895,9.341827,19.367044,12.0831375,NA,11.2910185,7.0016503,3.8878758,11.611179,8.963642,10.67699,3.9351683,10.823565,10.070073,6.536216,5.6750135,5.0570483,12.023791,10.16692,14.0283575,15.351811,8.770288,7.388086,20.815924,7.157717,7.883819,19.15467,20.9882,24.267635,11.402248,13.160904,7.0273595,9.84462,6.8058147,15.318646,18.356386,19.677267,0,16.038687,8.770288,9.2365,28.1132,9.398541,9.815343,18.97857,11.062723,10.013639,9.45206,9.398541,10.878686,13.597537,5.841788,6.0170774,14.685612,9.398541,5.9202905,6.171929,18.952024,0,11.343037,14.402411
"137","2022-33",0,0,2.2585874,0,0,0,0,0,0,0,0,0,0,0,14.392163,5.198463,0,0,0,0,0,2.5725477,0,0,0,NA,2.598845,0,0,0,5.2240677,0,0,0,0,0,0,0,0,0,3.352097,0,0,5.6745296,0,0,0,3.1589444,0,0,0,0,0,2.4719174,0,0,0,4.773087,0,0,0,0,2.76635,0,0,5.599803,0,0,0,0,0,0,0,0,0,0,0,0,0,0,0,2.3031123
"138","2022-34",5.5404015,5.954249,4.623747,3.8545043,3.9896984,4.218006,7.025787,4.692503,4.2531457,5.328073,11.904016,6.9147897,2.6031466,5.4310846,9.475556,15.377644,6.5193424,5.269747,6.268682,2.5606267,3.9637933,5.1450953,4.3199935,4.4166,4.267608,NA,8.179757,10.4868965,4.3577724,4.094634,7.1938033,6.936107,6.2679505,5.5092783,4.578235,4.0694313,4.6992145,8.034847,0,6.5193424,5.3597994,6.0087852,3.5629027,11.349059,5.1056733,6.111397,3.6719615,6.3178887,8.718611,6.210109,8.136354,5.664706,0,5.992825,6.6798005,3.3108106,12.116004,8.478969,6.4300127,5.8493543,3.5629027,3.9637933,7.651629,3.5993228,3.6572466,6.56827,5.0395837,4.2531457,8.228265,3.5993228,3.6638691,7.19396,0,0,9.004053,3.5993228,10.422462,5.036648,7.9716234,5.743183,4.2286086,5.2162857
"139","2022-35",16.621206,11.908498,12.927773,15.29262,7.979397,22.786736,12.900437,19.195108,12.578511,10.656146,10.856051,13.829579,6.6454883,15.692656,18.21847,15.377644,6.5193424,5.408256,20.283575,4.15802,11.076575,7.3895483,10.321309,8.8332,12.606444,NA,13.1119585,23.064177,0,10.593856,16.078568,13.872214,10.874904,11.018557,9.430428,8.472253,9.398429,21.567978,5.8171296,6.5193424,9.013276,12.0175705,9.3971,14.569379,11.621027,12.222794,10.811991,7.219696,11.756744,12.759539,16.272709,12.003592,9.89081,13.162402,4.7634835,31.708937,12.116004,13.597612,15.790362,11.344991,9.3971,11.076575,11.614803,10.38338,11.79321,10.272252,10.079167,12.578511,19.943333,10.38338,13.1543665,12.471751,4.537902,5.5267143,15.56256,10.38338,13.902267,7.2477965,12.217012,17.22955,11.722678,15.0959635
"140","2022-36",12.717478,23.968363,18.430916,12.94936,10.360998,25.558147,14.594735,10.229083,25.157022,17.74705,15.375218,11.046937,9.646484,7.341642,11.192845,8.118287,20.135454,20.03043,20.283575,17.123138,16.661125,16.500158,19.464458,20.00437,22.89464,NA,21.340569,10.363879,0,20.853113,16.084293,15.328229,4.513492,26.81003,20.360579,5.912634,0,8.180586,0,20.135454,23.595867,14.917031,21.39826,16.047262,22.408226,10.984671,18.84297,19.819618,23.266644,23.059982,26.473568,24.404497,8.863293,22.950089,17.929617,23.81678,20.088894,27.396107,11.845381,10.305592,21.39826,16.661125,14.363642,15.086452,12.627421,16.500967,18.440512,25.157022,8.617731,15.086452,17.084862,24.943502,11.904296,6.543221,31.602823,15.086452,4.757712,14.606499,21.093317,9.115313,24.8756,15.0959635
"141","2022-37",10.1318865,26.784765,18.671686,16.649519,12.047211,25.258472,18.920725,5.996008,25.437056,17.74705,14.611949,8.08036,13.518203,7.0972033,15.31896,13.961758,20.393995,12.649787,27.151756,16.59142,13.168541,11.743755,19.464458,15.920202,18.548216,NA,21.340569,8.7764,6.6161,21.694088,9.384338,17.089176,4.513492,19.093882,17.464823,5.7780094,8.176613,5.9882774,4.6233044,20.393995,26.333141,15.63311,15.427018,8.371323,14.227402,8.178986,21.493845,16.876062,11.633322,17.374533,20.904762,20.75577,9.106939,26.612766,20.749302,19.419538,18.511051,21.474554,14.502802,10.710145,15.427018,13.168541,17.458567,15.086452,19.369091,16.500967,17.285667,25.437056,6.474734,15.086452,14.33207,14.097463,9.941498,12.813594,22.463041,15.086452,6.131991,10.405452,17.347319,3.5452666,24.8756,14.159205
"142","2022-38",4.344894,13.392383,9.335843,16.107805,6.3760133,12.629236,5.9769354,2.9319992,8.19598,8.513876,0,3.1987631,0,2.964711,8.66982,7.885635,6.5765996,7.3642926,0,7.214303,6.991978,6.6327353,7.1628447,6.635911,9.743963,NA,8.7734995,5.3706756,0,0,0,9.18925,2.8498461,0,8.928208,2.4203405,0,3.5330977,0,6.5765996,10.839527,12.021439,6.7430887,7.276249,11.910178,2.7998471,0,8.091138,0,7.5202107,11.159182,0,0,11.6188965,5.5738606,12.472614,12.006199,10.737277,7.251401,0,6.7430887,6.991978,11.605303,7.4099565,7.409404,9.020164,6.9222074,8.19598,4.4586086,7.4099565,0,6.5390234,0,5.850237,0,7.4099565,4.2774405,0,8.892974,2.4352624,7.4631515,9.405962
"143","2022-39",9.56212,11.247668,11.548796,11.629706,6.9189863,14.10832,8.479963,8.675665,9.620697,7.9169865,14.602314,12.2943,6.7258577,9.6567955,12.414609,14.370622,9.029484,9.872725,10.715186,8.913225,8.119196,5.2775307,7.5598145,7.8684797,8.55981,NA,11.190166,7.949496,6.84693,10.718542,12.074691,9.687437,5.0658083,9.660233,11.143808,6.771579,7.313307,4.9816113,2.767851,9.029484,8.032781,9.2117,9.222491,11.5416565,8.63175,11.7423935,7.63218,6.124793,14.619652,8.564667,14.372667,10.152756,4.690826,11.6944065,8.392455,9.943511,16.283978,14.995669,10.062492,6.130445,9.222491,8.119196,8.250656,7.080477,9.072015,7.567076,8.693625,9.620697,8.2756815,7.080477,7.2711506,9.644908,5.736323,7.9928093,10.98967,7.080477,6.59478,8.268073,8.5238085,7.768329,9.731147,9.504545
"144","2022-40",12.931514,14.071141,18.75667,11.081227,15.659318,23.571688,28.180693,0,20.751062,20.03906,20.439573,0,12.355518,5.5904236,18.995708,17.12356,23.010939,16.023232,13.278892,16.160517,15.518201,10.202281,20.7599,20.878485,24.644096,NA,27.268412,12.384058,17.347322,18.783705,9.36881,17.484463,6.0077686,26.016483,20.616507,5.234516,9.727681,15.287218,12.482774,23.010939,17.763475,23.546772,17.373297,12.14265,20.176374,10.713008,23.747217,17.23895,14.148433,25.099207,26.162983,17.673513,18.830576,25.54739,8.44588,11.983279,18.04907,19.145458,18.872662,25.255968,17.373297,15.518201,22.104744,15.53328,15.26405,17.789618,16.736654,20.751062,0,15.53328,21.210592,19.766068,14.775446,5.859412,24.32105,15.53328,6.788381,11.885742,16.811483,4.6819773,22.18961,20.601618
"145","2022-41",6.700889,0,8.442155,0,6.1466084,0,0,4.5698314,0,0,0,4.8510036,4.8997293,5.5904236,6.666442,10.675323,0,0,0,0,0,7.956037,0,9.948018,0,NA,9.089471,6.9186163,6.1801815,6.2612357,8.6335,0,4.655964,0,0,0,4.8638406,0,0,0,10.959214,0,9.992742,4.470314,6.725458,3.81917,7.962099,0,18.405178,8.366402,0,10.182137,0,8.515797,8.44588,15.372501,12.4892645,18.396181,7.279476,8.33153,9.992742,0,12.367088,0,0,6.56552,0,0,0,0,7.031366,9.036082,0,0,13.944591,0,8.559705,0,0,4.84777,11.14437,6.867206
"146","2022-42",9.742685,0,0,0,6.076102,0,0,4.0155416,14.497525,0,10.814814,0,0,0,6.666442,12.985281,0,0,12.409781,0,0,9.032788,0,17.225197,0,NA,0,0,0,9.0437975,6.5464573,0,0,0,0,0,0,0,0,0,8.376401,0,0,8.254948,0,6.012046,0,11.893937,14.761873,16.453848,15.205987,15.277579,0,14.704802,12.687089,0,0,19.096594,0,0,0,0,16.31557,0,9.55054,0,0,14.497525,10.354117,0,0,9.839404,0,10.873626,19.122398,0,0,0,12.6329775,0,0,0
"147","2022-43",0,0,0,0,0,0,0,0,0,0,0,0,0,0,0,0,0,0,0,0,0,0,0,0,0,NA,0,0,0,0,0,0,0,0,0,0,0,0,0,0,0,0,0,0,0,0,0,0,0,0,0,0,0,0,0,0,0,11.0005865,0,0,0,0,0,0,0,0,0,0,0,0,0,0,0,0,0,0,0,0,0,0,0,0
"148","2022-44",11.466321,0,13.5118885,0,6.9802294,0,0,0,12.429543,0,20.872099,0,4.223974,7.5664577,0,9.27879,8.002311,0,0,8.566315,0,4.123775,0,0,7.060557,NA,11.32882,0,0,7.961061,0,7.681323,0,8.167162,0,9.443142,8.747262,7.2207866,0,8.002311,11.560084,0,6.149142,0,5.7779794,0,7.687706,3.7218068,15.03235,0,0,0,9.970163,11.0535965,0,0,18.184494,0,10.503512,0,6.149142,0,0,0,6.471341,8.185527,0,12.429543,11.575374,0,10.8959675,8.007124,6.163259,7.5715146,0,0,12.424778,0,0,10.772731,13.508891,10.3238125
"149","2022-45",9.378231,18.123804,11.484546,10.786433,11.077717,27.226362,0,0,9.117381,0,16.586254,0,5.3469434,6.1667747,19.162062,13.837484,5.91508,0,10.114838,7.0908923,8.695539,0,0,7.888858,6.5051694,NA,13.793574,13.719816,11.074837,12.072026,0,8.178711,0,7.036015,10.6503725,0,12.216879,0,8.993405,5.91508,0,9.044136,0,0,8.637783,0,14.032992,0,19.048567,4.9005036,21.473959,16.590284,0,10.57794,0,14.087817,0,11.721429,0,9.602639,0,8.695539,7.2327332,6.5676556,0,9.096332,10.179275,9.117381,0,6.5676556,0,8.706838,11.841973,13.365965,21.974262,6.5676556,12.599097,9.232513,7.412087,0,20.917665,11.994519
"150","2022-46",0,0,0,0,0,0,0,0,9.117381,0,10.682235,0,0,0,5.8414373,6.7490644,0,0,0,0,0,0,0,0,0,NA,0,15.409957,13.850423,6.205702,0,0,0,0,7.9578533,0,0,10.563423,5.555855,0,0,0,0,0,0,0,7.016496,5.913048,24.271547,0,0,8.295142,23.01316,0,0,0,0,0,14.840843,9.074201,0,0,0,0,7.117771,0,0,9.117381,0,0,18.040993,0,12.986689,9.533317,9.584404,0,0,0,0,0,0,0
"151","2022-47",20.593946,18.434246,0,0,9.893472,20.529789,14.53513,0,0,5.9881306,11.610492,0,5.102533,0,15.932355,21.828255,0,8.041851,9.626207,6.377789,6.5190997,17.148087,5.270377,13.900561,7.232525,NA,9.467428,51.833344,0,0,20.133432,12.938594,0,0,15.003032,0,0,24.720047,0,0,13.174947,7.684368,9.237252,22.264048,7.1213565,30.692883,0,12.270735,28.909071,6.5479727,19.270468,14.907514,0,0,16.522018,8.676869,16.71079,12.920562,0,7.6019173,9.237252,6.5190997,17.48549,5.906321,0,0,5.4177413,0,0,5.906321,0,0,0,0,14.516205,5.906321,0,0,5.3067656,0,0,0
"152","2022-48",0,0,0,0,0,0,0,0,0,0,0,0,0,0,12.589556,0,0,0,0,0,0,0,0,3.4481113,0,NA,0,0,25.46443,20.678072,0,12.938594,0,0,0,0,0,46.580334,0,0,0,0,0,0,0,0,0,0,0,0,0,0,33.082726,0,0,0,0,0,16.860132,0,0,0,0,0,0,0,0,0,0,0,0,0,26.085253,6.675752,0,0,0,0,0,0,0,0
"153","2022-49",0,0,0,0,0,0,0,0,0,0,0,0,0,0,0,0,0,0,0,0,0,0,0,0,0,NA,0,0,0,0,0,0,0,0,0,0,0,0,0,0,0,0,0,0,0,0,0,0,0,0,0,0,0,0,0,0,0,0,0,0,0,0,0,0,0,0,0,0,0,0,0,0,0,0,0,0,0,0,0,0,0,0
"154","2022-50",0,0,0,0,0,0,0,0,0,0,0,0,0,0,0,7.398915,0,0,0,0,0,0,0,0,0,NA,0,7.3173466,0,0,0,0,0,0,0,0,0,0,0,0,0,0,0,0,0,0,0,0,0,0,0,0,0,0,0,0,0,0,0,0,0,0,0,0,0,0,0,0,0,0,0,0,0,6.3321595,0,0,0,0,0,0,0,0
"155","2022-51",0,0,0,0,0,0,0,0,0,0,0,0,0,0,0,0,0,0,0,0,0,0,0,0,0,NA,0,0,0,0,0,0,0,0,0,0,0,0,0,0,0,0,0,0,0,0,0,0,0,0,0,0,0,0,0,0,0,0,0,0,0,0,0,0,0,0,0,0,0,0,0,0,0,0,0,0,0,0,0,0,0,0
"156","2022-52",0,0,0,0,0,0,0,0,0,0,0,0,0,0,0,0,0,0,0,0,0,0,0,0,0,NA,0,7.2999153,0,0,0,0,0,0,0,0,0,0,0,0,0,0,0,0,0,0,0,0,0,0,0,0,0,0,0,0,0,0,0,0,0,0,0,0,0,0,0,0,0,0,0,0,0,0,0,0,0,0,0,0,0,0
"157","2023-1",0,0,0,0,0,0,0,0,0,0,0,0,0,0,0,0,0,0,0,0,0,0,0,0,0,NA,0,0,0,0,0,0,0,0,0,0,0,0,0,0,0,0,0,0,0,0,0,0,0,0,0,0,0,0,0,0,0,0,0,0,0,0,0,0,0,0,0,0,0,0,0,0,0,0,0,0,0,0,0,0,0,0
"158","2023-2",0,7.3417687,0,0,0,7.396349,0,0,0,0,0,0,0,0,0,0,0,0,0,0,0,0,0,0,0,NA,0,0,7.4423347,0,0,0,0,0,5.551812,0,0,0,0,0,0,0,0,0,0,0,0,0,0,0,9.129017,0,0,0,0,7.4560146,0,0,5.706631,0,0,0,0,0,0,0,0,0,0,0,6.3753858,0,0,0,0,0,0,0,0,0,0,0
"159","2023-3",0,0,0,0,0,0,0,0,0,0,0,0,0,0,0,0,0,0,0,0,0,0,0,0,0,NA,0,0,0,0,0,0,0,0,0,0,0,0,0,0,0,0,0,0,0,0,0,0,0,0,0,0,0,0,0,0,0,0,0,0,0,0,0,0,0,0,0,0,0,0,0,0,0,0,0,0,0,0,0,0,0,0
"160","2023-4",0,0,0,0,7.310717,0,0,0,0,0,0,0,6.3030844,0,0,0,0,0,0,0,0,0,0,0,0,NA,0,10.019167,20.523588,8.119034,0,12.530791,0,0,0,0,11.476088,0,13.466414,0,0,0,0,0,0,0,0,0,0,0,20.796534,0,12.373931,0,0,0,0,0,15.521376,8.33856,0,0,0,0,0,0,0,0,0,0,16.36508,0,0,0,0,0,0,10.221853,0,0,0,0
"161","2023-5",0,0,0,0,0,0,0,0,0,0,0,0,0,0,0,0,0,0,0,0,0,0,0,0,0,NA,0,0,5.325126,0,0,0,0,0,0,0,0,0,0,0,0,0,0,0,0,0,0,0,0,0,0,0,0,0,0,0,0,0,0,0,0,0,0,0,0,0,0,0,0,0,0,0,0,0,0,0,0,0,0,0,0,0
"162","2023-6",0,0,0,0,0,0,0,0,0,0,0,0,0,0,0,0,0,0,0,0,0,0,0,0,0,NA,0,0,0,0,0,0,0,0,0,0,0,0,0,0,0,0,0,0,0,0,0,0,0,0,0,0,0,0,0,0,0,0,0,0,0,0,0,0,0,0,0,0,0,0,0,0,0,0,0,0,0,0,0,0,0,0
"163","2023-7",0,0,0,0,0,0,0,0,0,0,0,0,0,0,0,0,0,0,0,0,0,0,0,0,0,NA,0,0,6.226993,0,0,0,0,0,0,0,9.704329,0,6.8468723,0,0,0,0,0,0,0,0,0,0,0,0,0,0,0,0,0,0,0,0,0,0,0,0,0,0,0,0,0,0,0,0,0,7.4206195,7.1725845,0,0,0,0,0,0,0,0
"164","2023-8",0,0,0,0,0,0,0,0,0,0,0,0,0,0,0,0,0,0,0,0,0,0,0,0,0,NA,0,7.9698668,10.037703,0,0,4.949441,0,0,0,0,13.140133,0,12.153211,0,0,0,0,0,0,0,0,0,0,0,0,0,6.827749,0,0,0,0,0,6.459181,0,0,0,0,0,0,0,0,0,0,0,6.7159677,0,12.543993,8.241853,0,0,0,7.5128584,0,0,0,0
"165","2023-9",0,0,0,0,0,0,0,0,0,0,0,0,0,0,0,0,0,0,0,0,0,0,0,0,0,NA,0,0,0,0,0,0,0,0,0,0,0,0,0,0,0,0,0,0,0,0,0,0,0,0,0,0,0,0,0,0,0,0,0,0,0,0,0,0,0,0,0,0,0,0,0,0,0,0,0,0,0,0,0,0,0,0
"166","2023-10",0,0,0,0,0,14.803896,0,0,0,0,5.233561,0,0,0,0,22.995289,0,0,0,0,0,0,0,0,0,NA,0,0,0,0,0,0,0,0,5.252396,0,0,0,0,0,0,25.86111,0,0,0,0,0,0,0,4.9035497,0,0,0,0,0,0,0,0,0,0,0,0,5.5058217,0,0,0,0,0,0,0,0,0,0,11.823944,12.929848,0,0,0,0,0,0,0
"167","2023-11",3.0900636,22.560957,4.1937537,13.618011,0,14.803896,8.953432,7.7658896,23.208218,9.235629,14.5669,1.1363503,8.968421,5.1772256,18.003553,8.999892,1.579036,3.9041822,0,8.124399,7.9301667,1.4056194,6.4539905,14.500181,5.269364,NA,2.9021819,27.249418,0,43.80193,4.2163997,0,0,4.07823,5.252396,0,0,17.648623,0,1.579036,15.544765,25.86111,9.937689,0,2.3439481,6.0743804,0,5.530287,31.031101,4.9035497,0,14.337281,0,14.960912,0,23.231947,9.530129,0,43.907616,24.684801,9.937689,7.9301667,7.6210036,2.9616683,10.404718,14.230259,21.705103,23.208218,2.5070739,2.9616683,45.018837,7.16755,0,0,12.929848,2.9616683,0,0,14.625149,0,20.813553,20.678667
"168","2023-12",0,0,0,0,0,0,0,0,0,0,0,0,0,0,0,0,0,0,0,0,0,0,0,0,0,NA,0,0,0,0,0,0,0,0,0,0,0,0,0,0,0,0,0,0,0,0,0,0,0,0,0,0,0,0,0,0,0,0,0,0,0,0,0,0,0,0,0,0,0,0,0,0,0,0,0,0,0,0,0,0,0,0
"169","2023-13",0,0,0,0,0,0,0,0,0,0,0,0,0,0,0,0,0,0,0,0,0,0,0,0,0,NA,0,0,0,0,0,0,0,0,0,0,0,0,0,0,0,0,0,0,0,0,0,0,0,0,0,0,0,0,0,0,0,0,0,0,0,0,0,0,0,0,0,0,0,0,0,0,0,0,0,0,0,0,0,0,0,0
"170","2023-14",0,0,0,0,0,0,0,0,0,0,0,0,0,0,0,4.1509285,0,0,0,0,0,0,0,0,0,NA,0,0,0,0,0,0,0,0,0,0,0,0,0,0,0,0,0,0,0,0,0,0,0,0,0,0,0,0,0,0,0,0,0,0,0,0,0,0,0,0,0,0,0,0,0,0,0,0,0,0,0,0,0.56719357,0,0,0
"171","2023-15",0,0,0,0,0,0,0,0,0,0,0,0,0,0,0,0,0,0,0,0,0,0,0,0,0,NA,0,0,0,0,0,0,0,0,0,0,0,0,0,0,0,0,0,0,0,0,0,0,0,0,0,0,0,0,0,0,0,0,0,0,0,0,0,0,0,0,0,0,0,0,0,0,0,0,0,0,0,0,0,0,0,0
"172","2023-16",0,0,0,0,0,0,0,0,0,0,4.741838,0,0,0,11.527331,0,0,0,0,0,0,0,0,0,0,NA,0,0,0,0,0,0,0,0,0,0,0,0,0,0,0,0,0,0,0,0,0,0,0,0,0,0,0,0,0,0,0,0,0,0,0,0,0,0,0,0,0,0,0,0,0,0,0,0,0,0,0,0,0,0,0,0
"173","2023-17",4.2620196,0,0,0,0,0,0,0,0,0,0,0,0,4.924363,0,0,0,0,0,0,0,0,0,0,0,NA,0,0,0,0,0,0,0,0,0,0,0,0,0,0,1.3205208,0,0,0,0,4.114975,0,0,0,0,0,0,0,0,0,0,0,0,0,0,0,0,0,0,0,0,0,0,0,0,0,0,0,0,0,0,3.3241765,0,0,0,0,0
"174","2023-18",0,0,0,0,0,0,0,0,0,0,0,0,0,0,0,0,0,0,0,0,0,0,0,0,0,NA,0,0,0,0,0,0,0,0,0,0,0,0,0,0,0,0,0,0,0,0,0,0,0,0,0,0,0,0,0,0,0,0,0,0,0,0,0,0,0,0,0,0,0,0,0,0,0,0,0,0,0,0,0,0,0,0
"175","2023-19",0,0,0,0,0.7627392,0,0,0,0,0,0,0,0,0,0,9.101485,0,0,0,0,0,0,0,0,0,NA,0,0,0,0,0,0,0,0,0,0,0,0,0,0,0,0,0,0,0,0,0,0,0,0,0,0,0,0,0,0,0,0,0,0,0,0,0,0,0,0,0,0,0,0,0,0,0,8.725731,0,0,0,0,0,0,0,0
"176","2023-20",0,3.2236364,0,0,0,0,0,0,2.2596693,2.1415508,30.900143,0,0,0,13.427817,14.059704,0,0,4.2070327,0,0,0,2.0090554,0,0,NA,0,0,0,2.666802,0,0,0,0,0,0,0,0,0,0,0,2.718149,0,0,0,0,0,0,34.511467,0,0,5.868422,3.3573332,2.3683383,0,2.5676904,6.5511966,7.3590837,0,0,0,0,0,0,2.046583,0,0,2.2596693,0,0,0,3.206433,0,8.397704,0,0,0,0,0,0,0,0
"177","2023-21",0,0,0,4.902357,0,0,0,0,6.0961347,0,22.500378,0,2.9628153,3.7426696,16.380014,19.54991,0,3.943845,11.890548,3.5250988,0,4.640607,0,0,0,NA,0,0,0,5.198476,0,0,0.78881353,4.95114,0,2.165073,0,0,0,0,8.3322935,0,6.701922,0,0,1.1985861,7.3120666,0,20.16163,0,7.761474,0,0,0,0,6.409393,8.319181,15.33961,0,0,6.701922,0,6.74588,4.7843056,6.4202967,0,0,6.0961347,0,4.7843056,0,4.044635,0,8.397704,9.36902,4.7843056,3.6023877,7.593618,5.182485,0,5.136883,0
"178","2023-22",2.9786105,13.48548,9.773312,10.019921,6.651975,9.065835,12.701011,5.385537,12.724671,5.7336497,22.500378,1.8013304,8.180189,5.2073364,20.966509,23.744705,7.135839,7.2309427,11.357814,8.499286,9.326115,5.9183617,6.1143537,5.9983206,8.0197115,NA,8.429692,12.877279,9.427985,14.64869,5.296148,14.257042,0,6.955873,0,1.488565,4.512348,8.806478,4.077006,7.135839,7.744237,14.92556,6.8242636,7.711027,14.902864,3.3287249,6.391326,7.2965684,9.824624,12.0868,13.675201,14.375073,17.354362,10.211208,0,10.614968,8.319181,12.742139,15.384033,13.876677,6.8242636,9.326115,7.9733605,6.6967907,8.201584,15.780567,6.0252333,12.724671,4.407672,6.6967907,14.346533,13.286614,6.098175,6.963662,9.458,6.6967907,6.627198,5.3490224,8.299601,1.7630606,9.597417,21.692686
"179","2023-23",8.362399,18.037657,9.695914,13.91392,9.543265,14.178578,9.692464,8.940643,13.194323,9.369542,11.4329195,15.258107,8.864637,7.935504,17.432877,23.744705,11.905581,11.968578,14.256625,8.890479,10.530432,8.312049,8.174753,6.1262493,14.331521,NA,8.135357,9.379874,0,14.959658,12.110605,12.552108,9.163081,15.295761,14.423199,6.9616623,2.9326026,8.806478,0,11.905581,11.961842,12.397926,13.610232,7.9348373,9.919265,8.656738,11.639491,11.321119,13.912664,9.105631,30.403175,7.572682,5.4327164,8.852259,4.655292,13.405778,8.810711,8.481515,5.782513,5.8830814,13.610232,10.530432,13.7731695,11.97488,16.223227,12.200473,9.811614,13.194323,13.201344,11.97488,7.2120585,12.37619,0,6.2151327,11.621428,11.97488,7.3667417,5.0395775,9.532884,12.502266,9.214132,12.83066
"180","2023-24",11.500249,8.019215,4.5643544,7.7931094,6.4742637,8.556684,7.574709,6.834335,9.524344,3.4155357,11.4329195,11.372777,5.409326,7.935504,3.020453,7.7102633,8.490646,6.475044,14.614631,6.6195507,5.8168836,7.4357505,4.3902526,6.7327466,8.829484,NA,5.08942,13.716084,8.638296,7.5819054,11.5028515,8.57477,0,10.083797,8.921461,7.367836,2.9159336,8.901229,0,8.490646,8.221702,8.213789,7.8132486,16.135593,6.216286,13.564422,6.138515,6.70331,6.956332,3.9478765,14.277686,6.75229,4.1568084,8.209603,7.188347,8.244704,13.278334,12.814958,5.1051483,9.559781,7.8132486,5.8168836,7.6407437,3.8076735,6.6435423,9.891614,6.573808,9.524344,9.620805,3.8076735,7.4142203,5.1126633,6.7459526,5.5156174,14.407288,3.8076735,6.9327683,5.6511183,7.7650857,7.134321,5.5570583,9.116232
"181","2023-25",5.584336,12.028823,8.066533,7.7931094,6.795972,12.835027,11.956302,3.1293497,8.487791,6.8310714,20.916578,2.6181319,8.113989,3.1234026,10.31103,8.697437,8.490646,9.712565,10.559075,9.929325,11.633767,7.709759,4.3902526,9.12798,8.829484,NA,10.410869,6.794436,12.24229,3.8533714,2.824352,11.536156,2.9330144,10.083797,13.382192,3.9227095,5.8306136,6.617775,6.7428527,8.490646,9.643997,8.213789,4.287485,0,8.462881,0,12.27703,9.616622,9.045861,10.130268,21.168137,9.705976,8.882507,10.935561,0,9.249186,18.408766,25.78574,11.007676,3.1865935,4.287485,11.633767,11.15391,7.615347,6.6435423,14.404314,6.573808,8.487791,4.8104024,7.615347,7.4142203,10.105602,7.0424957,8.120459,12.139386,7.615347,5.6328244,9.902711,10.113617,2.7295568,11.114117,11.716602
"182","2023-26",11.290784,13.331085,12.549674,13.526189,8.068531,14.188997,11.461201,5.2000885,13.101851,9.788944,11.602584,7.709661,10.177045,4.4962435,7.7514315,14.80762,10.244236,11.827241,16.565325,13.330675,9.91983,11.2982025,8.608097,5.9342747,8.888124,NA,12.215013,13.182674,8.571289,9.049034,6.3127284,13.0159235,0,12.309269,15.734245,5.1283164,12.602382,5.324286,3.05819,10.244236,15.521031,13.441185,7.812067,14.452786,14.879275,8.339745,8.11972,12.182968,12.81881,11.745382,21.812275,12.292739,10.664165,10.858848,10.307532,13.534599,14.162032,17.908327,14.323346,13.927945,7.812067,9.91983,11.846197,9.15159,8.847226,17.116833,10.179626,13.101851,6.683718,9.15159,9.138702,15.120898,5.332551,7.8740854,18.325636,9.15159,9.139366,8.784256,10.300328,0,9.167659,14.59415
"183","2023-27",5.912827,5.1206226,7.079239,3.6190088,5.9629188,5.573458,6.448132,3.0298138,6.666018,4.4696546,7.97604,4.7454214,5.2864513,3.1670167,3.6571891,10.858351,5.79443,4.477492,6.127424,3.9718807,4.038269,10.869231,3.938154,6.1713243,6.0156045,NA,8.131781,10.083889,0,6.5584335,4.325631,0,3.0746498,6.279782,5.834982,1.468655,0,6.0526676,0,5.79443,8.047352,9.448074,6.7154484,2.617817,0,3.8153622,7.5451107,7.384805,6.865121,6.1819577,13.37318,10.81627,8.734642,9.967454,5.153766,7.930634,8.998084,19.819498,0,10.247348,6.7154484,4.038269,8.211255,4.1572604,4.9993963,7.787409,0,6.666018,5.219348,4.1572604,6.845852,5.210721,0,10.641552,7.9814363,4.1572604,6.0607853,5.0097384,6.058724,6.731157,9.732292,7.4356017
"184","2023-28",4.4321866,4.2584057,3.099107,0,2.0851235,3.4772012,3.861664,3.0298138,2.8026228,2.0617201,9.856117,6.2512765,0,3.1670167,8.228439,0,2.0315368,0,0,3.9718807,1.9331377,5.4346156,2.096902,2.416127,0,NA,5.0709186,5.0419445,14.86699,2.2100472,6.341927,4.7794304,0,2.7595217,3.2631125,1.468655,33.090405,9.52364,5.891964,2.0315368,3.2499309,3.5477161,0,5.800303,4.9543185,10.749858,2.1149127,3.0385737,17.79794,5.590036,0,3.5320458,11.121442,3.2322495,4.1692157,2.596909,11.65478,8.428345,0,0,0,1.9331377,4.8085375,1.4322603,2.3633013,5.1926646,2.6603475,2.8026228,6.62953,1.4322603,5.338384,4.672672,9.463191,19.406626,3.9914908,1.4322603,8.453173,7.191365,3.6971152,9.066741,2.2949646,3.7667844
"185","2023-29",5.93835,5.431995,4.6921005,1.9713054,4.6757264,7.450782,5.725462,0,4.7164435,1.8870074,6.1002374,0,1.7715654,0,4.3914247,6.3822637,2.3419647,1.658682,7.1333933,3.867759,1.8746654,6.323756,3.859734,4.6424656,3.162824,NA,6.08943,10.447416,16.378138,2.787217,7.5639195,9.8482485,0,5.11595,6.6386805,0,16.545202,8.561053,7.900534,2.3419647,5.4578648,6.629362,2.6742346,9.281269,4.299924,0,5.7286468,5.5103526,5.277304,5.8172817,5.960883,0,29.916918,5.880007,2.748919,7.818313,6.7652802,9.422522,5.1207175,3.3929167,2.6742346,1.8746654,8.63022,2.179673,2.2088282,3.4450943,2.1331708,4.7164435,0,2.179673,14.8421755,4.5718346,26.857792,19.406626,9.927788,2.179673,0,6.042492,5.8282475,8.467468,6.1730824,5.4398394
"186","2023-30",5.1094203,11.382216,7.3318725,8.078423,6.4017177,9.879479,11.106215,0,9.432887,6.1488047,6.1002374,0,5.323315,5.3703427,4.3914247,5.156242,4.6839294,5.3042984,9.678727,8.945663,3.7493308,7.6376925,6.038063,6.6450725,6.325648,NA,8.5271635,0,20.562613,11.148868,0,10.789503,0,5.11595,12.26078,0,17.6884,9.284895,15.137099,4.6839294,8.118419,2.2097874,8.022703,6.175134,9.617066,6.0225825,6.2928815,3.6735687,6.2722583,6.732336,15.073767,9.082948,22.215355,11.760014,5.497838,11.398128,15.438019,12.154622,16.375816,6.7858334,8.022703,3.7493308,10.04484,4.359346,6.626485,11.143447,4.2663417,9.432887,0,4.359346,13.604649,11.429585,17.876604,9.926898,12.623359,4.359346,10.826627,9.65941,7.9542627,0,8.723803,11.736724
"187","2023-31",4.1894436,4.141485,6.653074,0,3.974915,7.6729145,5.8338637,2.144867,2.2646656,5.4169583,0,1.7921206,4.067367,1.5745641,6.245035,5.4719725,0,4.183425,6.8436866,5.1176624,0,5.1078944,5.0178967,7.3150697,6.239449,NA,6.9849157,0,5.978063,6.2866755,2.8666906,7.2139034,0,6.1590815,8.121536,1.9083778,3.331178,0,0,0,8.118419,2.7253761,5.9311485,5.177269,0,4.0156007,4.839995,5.8088417,4.2991357,5.6988087,15.073767,2.2944922,6.516895,7.1629686,7.9756284,4.7146587,7.7190094,5.943637,9.356699,0,5.9311485,0,7.672824,0,5.4927387,0,0,2.2646656,2.731805,0,6.6966605,0,0,3.6739137,8.274784,0,3.7840059,5.2888274,5.300391,0,6.3064775,5.8735104
"188","2023-32",5.507206,7.537997,5.711498,7.3354077,4.67453,7.6994495,6.811472,4.7345915,6.7939963,6.10602,7.3664255,4.7476764,4.3051248,2.6411335,5.6363764,4.4730897,6.5541363,5.7058578,6.3179173,7.38537,6.1408815,5.5324903,6.2403345,5.239158,5.6469827,NA,6.678434,7.7787743,8.620747,7.724219,8.376579,8.548577,4.2488265,6.412891,7.8613515,0,14.222311,6.966309,16.361887,6.5541363,9.956323,9.457707,7.650793,7.476842,5.0832095,0,7.972296,6.9631243,8.598271,7.824296,10.79772,7.3607454,0,8.243652,3.4892173,8.928491,8.278646,9.5465765,9.8240795,8.636564,7.650793,6.1408815,10.714839,6.1760306,7.146787,9.382271,7.7345686,6.7939963,4.3072033,6.1760306,7.2853117,7.8959303,10.262655,0,9.277137,6.1760306,4.9092407,10.296099,5.0177865,5.5300922,8.182842,9.742418
"189","2023-33",6.496319,13.617841,11.444733,7.3354077,9.34906,13.892718,12.3288355,4.7345915,7.5426946,6.10602,0,0,4.3051248,0,6.9842734,8.946179,13.108273,5.7058578,12.314036,7.38537,6.1408815,5.711104,6.2403345,10.22551,11.293965,NA,12.852008,10.895875,0,0,8.376579,9.461202,0,12.286492,15.181101,3.347108,7.1111555,8.56644,6.8733783,13.108273,8.598442,13.630057,8.70009,8.8525305,9.698354,7.058186,7.972296,9.025303,13.329492,12.695163,21.59544,9.637633,8.316205,11.757555,14.75966,13.755641,19.835442,18.950607,9.366069,7.9717674,8.70009,6.1408815,10.714839,6.538779,9.044623,9.886681,10.051757,7.5426946,6.345509,6.538779,5.777075,6.594357,0,0,15.293821,6.538779,0,10.296099,10.69769,8.426582,16.365685,6.336373
"190","2023-34",6.346471,19.197655,8.021606,13.685716,6.2879786,15.45608,6.9866056,2.2269683,13.942892,7.8191824,6.892469,16.180689,4.8375015,4.511036,7.5338726,10.110477,16.541342,11.179014,9.755617,7.0872936,13.477027,6.19286,0,10.815075,8.1327505,NA,9.305187,5.2757277,14.23732,13.491392,14.04908,16.268517,6.958365,13.780062,9.749153,9.700687,0,14.586426,0,16.541342,10.794566,8.662736,10.467008,3.220695,10.850883,3.8867137,15.845146,5.652899,6.9586844,11.568898,22.991102,12.874027,0,17.395157,7.4952984,9.032902,13.182212,7.7002773,13.224514,9.157135,10.467008,13.477027,9.411012,10.949254,12.386224,8.300019,14.818385,13.942892,23.679892,10.949254,6.66204,8.083637,11.405983,10.071559,11.194529,10.949254,5.9249144,9.442258,10.343275,10.624209,14.51729,10.582718
"191","2023-35",9.314883,12.867764,20.777405,8.955593,8.786522,17.90278,14.15992,4.4539366,13.942892,12.217566,7.7688036,0,11.562479,4.511036,6.132507,8.176761,13.936251,11.179014,17.689892,11.901239,14.353615,12.042841,12.413807,8.411303,13.346845,NA,17.95693,15.363362,0,13.491392,6.77427,16.649197,3.314268,13.780062,10.6477585,2.8474054,0,7.5065427,10.164224,13.936251,12.529696,10.861704,10.467008,9.173588,17.495888,6.8776956,14.876304,11.230004,4.456211,11.568898,22.991102,9.354511,0,17.395157,10.152882,10.912539,13.182212,9.8810835,13.9273815,15.764766,10.467008,14.353615,12.873161,10.949254,12.386224,15.606423,15.954336,13.942892,0,10.949254,13.529702,21.82104,0,0,12.780504,10.949254,8.094109,9.012842,14.040527,3.3839345,14.51729,17.952885
"192","2023-36",0,13.967118,0,9.241834,6.428671,11.673125,7.8196588,0,0,4.8678036,11.256914,4.424809,6.429195,0,12.265014,8.176761,6.5739036,5.188636,0,8.224966,5.1648784,5.569553,0,4.253923,8.197861,NA,0,8.977008,5.2807508,7.5420876,0,7.2921433,0,6.614733,10.043398,3.5339339,5.924777,8.245075,0,6.5739036,6.839,10.156862,9.9724655,0,0,0,6.929819,4.2578454,10.732173,10.164946,10.392665,6.327245,10.3133335,10.289331,14.103196,5.580722,7.9094424,7.093104,14.730814,7.914935,9.9724655,5.1648784,6.9431977,4.5704494,7.31094,11.793574,5.350593,0,0,4.5704494,11.348479,10.073185,9.447034,6.230674,7.088978,4.5704494,0,0,9.9052305,0,10.675374,8.629941
"193","2023-37",8.85501,0,16.033062,0,15.157171,29.001772,13.399098,0,17.49763,13.516458,15.387134,4.565391,13.260533,2.7704992,8.798697,14.853097,0,0,0,0,0,10.419732,9.751416,13.51824,16.512453,NA,21.896074,0,8.310755,22.034798,3.4113238,11.956408,0,23.48974,22.12927,0,7.823383,5.7165847,0,0,6.7157736,0,12.263185,6.259727,20.931524,6.4528236,14.367185,8.560262,19.270773,12.670775,28.514614,15.899301,0,24.520475,12.709394,8.715727,22.809439,27.671295,17.243662,0,12.263185,0,13.031737,5.1819263,14.772622,14.92954,7.648234,17.49763,2.6379113,5.1819263,18.665401,6.8844666,15.466657,5.6968203,24.741447,5.1819263,0,0,11.46413,3.7297375,23.85198,15.271531
"194","2023-38",4.427505,13.117032,15.999037,10.642464,8.935677,9.806251,12.214168,0,11.500819,9.771752,12.407183,0,7.1241975,0,16.206806,7.7856073,11.727467,8.965156,10.973613,8.437687,8.498347,6.9464874,9.751416,4.50608,11.803454,NA,13.206459,0,8.310755,7.3949256,3.4113238,5.978204,0,13.455388,15.309053,0,0,0,0,11.727467,12.819892,10.384049,10.931712,3.1298635,10.65288,2.1509411,11.542825,9.851652,14.439408,12.670775,17.063646,7.9496503,8.031502,16.013023,4.1723866,16.59731,18.532705,8.61724,8.621831,0,10.931712,8.498347,11.986145,10.3638525,7.386311,6.6684394,9.850047,11.500819,2.6379113,10.3638525,6.3468366,10.462626,0,9.540581,12.754334,10.3638525,3.3216136,11.149539,7.0469174,0,12.36349,7.6357656
"195","2023-39",7.7768903,14.807969,0,19.483643,0,0,12.894071,12.451476,11.500819,13.3735285,5.710116,11.128357,7.8877726,0,12.73638,8.877914,0,11.999069,0,0,12.757208,11.402154,9.313602,11.388377,0,NA,17.070932,0,0,10.831708,0,10.458707,8.954319,0,18.583614,8.736223,0,0,0,0,9.345932,16.591476,11.411015,0,10.841185,0,0,0,19.078413,14.066765,0,0,0,0,8.498633,0,11.551387,0,0,0,11.411015,12.757208,12.23896,10.728318,12.894858,9.42527,14.690875,11.500819,14.507042,10.728318,0,10.462626,0,0,0,10.728318,8.23406,0,8.694038,0,0,11.449283
"196","2023-40",7.7768903,19.684607,0,0,12.695186,22.470251,17.027596,12.451476,0,0,22.841671,25.631376,8.970102,8.755432,12.167336,14.51364,0,11.999069,29.426748,13.422836,0,11.804923,0,15.866204,0,NA,0,0,0,12.74128,15.903923,11.966293,9.90648,0,19.115864,12.901627,0,9.2867365,0,0,10.68394,0,0,14.76212,10.421352,12.848462,0,22.409578,21.195208,13.905254,0,35.242744,7.0387015,0,8.498633,22.682804,28.63903,20.45191,0,0,0,0,25.426325,0,11.323059,11.351755,0,0,24.338503,0,0,0,0,8.51731,22.241976,0,11.398576,13.975903,19.486622,0,0,14.490768
"197","2023-41",14.156491,22.54425,10.978703,12.660204,0,20.105967,6.4133673,8.518375,0,13.19835,11.261979,9.3196945,8.970102,6.346951,9.865365,0,0,0,0,10.384719,13.159822,11.20906,0,16.11025,0,NA,6.8747888,7.0770607,0,0,13.253837,8.384833,3.8906395,0,24.56492,8.460923,0,5.6466427,0,0,13.474,19.200333,7.3903193,15.828744,6.2442555,6.247707,0,8.191746,19.96784,7.6495833,13.608426,16.206644,0,12.828673,13.916374,14.213172,11.72374,13.5874405,3.699705,0,7.3903193,13.159822,7.248258,0,8.252546,8.058443,0,0,10.552269,0,0,6.4349318,6.857339,0,15.518661,0,5.297347,0,13.201145,4.7282553,0,6.5432134
"198","2023-42",12.402912,30.312761,25.728586,22.601583,19.43396,21.029108,14.580891,14.666323,26.273685,23.849733,16.027866,12.380645,17.887186,11.879228,9.434829,16.11486,24.306713,22.5297,22.56599,18.546616,14.991172,15.469235,16.623602,11.368916,23.350338,NA,28.91717,13.113073,15.08652,18.616222,17.010809,14.7303705,14.539361,31.934895,22.775757,10.190747,9.850377,8.050565,6.916867,24.306713,28.755613,24.630592,26.141459,29.702103,22.592237,17.927885,24.796846,9.643957,9.925817,16.188768,41.811916,22.687193,21.333408,32.68511,23.407299,23.208788,19.888256,15.276515,18.459875,16.653933,26.141459,14.991172,24.125465,12.068771,16.759834,19.730131,27.281809,26.273685,18.52984,12.068771,21.911947,26.142101,16.92967,8.739098,15.96013,12.068771,13.658182,14.279642,12.819493,0,27.478798,19.044607
"199","2023-43",6.201456,23.545166,14.087045,18.473553,0,18.067171,12.203238,7.3331614,10.515186,13.288961,17.976732,16.32666,6.6250052,0,17.530075,25.937819,14.320182,14.537322,28.14663,10.028841,15.184542,7.307449,22.707188,20.166018,0,NA,23.451797,7.953563,7.438866,14.437554,17.295141,0,0,0,18.916077,9.520819,4.9177847,0,14.8732395,14.320182,10.192193,12.208394,0,17.057043,13.534677,6.0598054,0,9.5075445,21.250305,8.3951,0,11.5088415,7.6618767,18.979643,7.6424785,19.96044,19.687601,17.092222,18.49743,9.645631,0,15.184542,11.0769615,7.883139,0,10.1618395,13.760435,10.515186,15.340994,7.883139,7.5020356,10.327886,10.403868,13.334916,24.556211,7.883139,18.042847,0,12.370987,0,14.968026,17.211718
"200","2023-44",9.462728,30.801636,18.195578,27.267065,17.13564,23.172476,17.17913,15.483532,21.030373,18.14859,11.618308,11.721821,10.983217,21.087978,17.092407,8.656843,16.127024,21.121717,23.231499,18.431725,21.528147,13.900336,11.353594,0,16.952112,NA,26.108957,41.569794,23.190489,24.916288,18.380136,30.233917,23.872812,22.251371,20.267126,20.908268,33.529106,23.605347,26.627655,16.127024,19.11115,24.416788,15.040019,16.018702,19.981598,12.122552,24.48267,11.703972,10.81563,14.171833,36.3786,23.017683,30.647507,28.680904,13.338534,21.556286,20.918201,17.427406,21.661827,28.490906,15.040019,21.528147,19.293526,13.030664,15.54581,19.863457,0,21.030373,19.742826,13.030664,22.506107,17.811321,23.836906,14.92066,27.184824,13.030664,26.156647,23.5528,14.780681,19.881966,24.997414,18.045708
"201","2023-45",5.3755975,0,0,0,0,0,0,0,0,0,0,0,0,0,9.236903,0,0,0,12.069985,6.670744,0,4.655084,0,0,0,NA,0,0,0,0,0,0,0,0,0,0,3.1423392,6.90221,0,0,0,0,0,0,0,0,0,0,7.5246925,0,0,0,0,0,0,10.187621,0,10.186593,0,0,0,0,0,0,0,10.823282,0,0,0,0,0,0,0,0,6.7022386,0,8.091727,0,0,0,0,10.70315
"202","2023-46",0,11.938051,0,0,0,0,0,14.591119,0,0,0,0,0,0,11.501908,22.269972,0,0,0,0,0,0,0,10.753957,0,NA,0,14.6743765,17.606195,10.480842,0,9.529564,0,0,0,8.206469,11.717872,0,15.054976,0,0,12.356863,7.1546946,0,0,0,0,8.056722,13.029654,0,0,0,0,0,0,0,14.666832,14.302852,0,0,7.1546946,0,9.098191,0,0,0,0,0,20.583426,0,0,0,13.374066,9.122135,15.383492,0,15.789361,0,7.581243,16.747496,19.138348,0
"203","2023-47",0,0,0,0,0,0,0,0,0,0,5.898205,0,0,0,7.671819,0,0,0,0,0,0,0,0,0,0,NA,0,0,0,0,12.81514,0,0,0,0,0,0,0,0,0,14.296907,0,0,0,0,10.045351,0,0,10.283822,0,0,0,0,0,9.868354,0,0,0,0,0,0,0,0,0,0,0,0,0,0,0,0,0,0,0,0,0,0,0,0,0,0,0
"204","2023-48",0,0,0,0,0,0,0,0,0,0,0,0,0,0,0,0,0,0,0,0,0,0,0,0,0,NA,0,0,0,0,0,0,0,0,0,0,0,0,0,0,0,0,0,0,0,0,0,0,0,0,0,0,0,0,0,0,0,0,0,0,0,0,0,0,0,0,0,0,0,0,0,0,0,0,0,0,0,0,0,0,0,0
"205","2023-49",0,0,0,0,0,0,0,0,0,0,0,0,0,0,0,0,0,0,0,0,0,0,0,0,0,NA,0,0,0,0,0,0,0,0,0,0,0,0,0,0,0,0,0,0,0,0,0,0,0,0,0,0,0,0,0,0,0,0,0,0,0,0,0,0,0,0,0,0,0,0,0,0,0,0,0,0,0,0,0,0,0,0
"206","2023-50",0,0,0,0,0,0,0,0,0,0,0,0,0,0,0,0,0,0,0,0,0,0,0,0,0,NA,0,0,0,0,0,0,0,0,0,0,0,0,0,0,0,0,0,0,0,0,0,0,0,0,0,0,0,0,0,0,0,0,0,0,0,0,0,0,0,0,0,0,0,0,0,0,0,0,0,0,0,0,0,0,0,0
"207","2023-51",0,0,0,0,0,0,0,0,0,0,0,0,0,0,0,0,0,0,0,0,0,0,0,0,0,NA,0,0,0,0,0,0,0,0,0,0,0,0,0,0,0,0,0,0,0,0,0,0,0,0,0,0,0,0,0,0,0,0,0,0,0,0,0,0,0,0,0,0,0,0,0,0,0,0,0,0,0,0,0,0,0,0
"208","2023-52",0,0,0,5.2651505,0,6.0124846,2.79574,0,0,0,0,0,0,0,0,0,0,0,0,7.1348004,0,0,0,4.198717,0,NA,0,0,0,0,0,0,0,0,5.5698757,0,0,0,0,0,0,0,0,0,0,0,0,9.588298,9.961608,3.8431997,0,0,0,0,3.9984221,0,0,0,0,0,0,0,4.5150824,0,0,0,0,0,0,0,0,0,0,0,0,0,0,0,5.8301573,0,0,0
"209","2024-1",0,0,0,0,0,0,0,0,0,0,0,0,0,0,0,0,0,0,0,0,0,0,0,0,0,NA,0,0,0,0,0,0,0,0,0,0,0,0,0,0,0,0,0,0,0,0,0,0,0,0,0,0,0,0,0,0,0,0,0,0,0,0,0,0,0,0,0,0,0,0,0,0,0,0,0,0,0,0,0,0,0,0
"210","2024-2",0,0,0,0,0,0,0,0,0,0,0,0,0,0,0,0,0,0,0,0,0,0,0,0,0,NA,0,0,5.2595067,0,0,0,0,0,0,0,0,0,0,0,0,0,0,0,0,0,0,0,0,0,10.57915,0,7.2895675,0,0,0,0,7.410879,10.823261,0,0,0,0,0,0,0,0,0,0,0,9.094797,0,5.5824513,6.620378,0,0,0,0,0,0,0,0
"211","2024-3",0,0,0,0,0,0,0,0,0,0,0,0,0,0,0,0,0,0,0,0,0,0,0,0,0,NA,0,6.6400113,5.901045,6.3278127,0,0,0,0,0,0,0,0,0,0,0,0,0,0,0,0,0,0,0,0,8.670888,0,0,0,0,0,0,0,6.7807784,0,0,0,0,0,0,0,0,0,0,0,0,0,0,0,0,0,0,0,0,0,0,0
"212","2024-4",0,0,0,0,0,0,0,0,0,0,0,0,0,0,0,0,0,0,0,0,0,0,0,0,0,NA,0,0,0,0,0,0,0,0,0,0,0,0,0,0,0,0,0,0,0,0,0,0,0,0,11.036032,0,0,0,0,0,0,0,4.91933,0,0,0,0,0,0,0,0,0,0,0,0,0,0,7.4757667,0,0,0,0,0,0,0,0
"213","2024-5",0,0,0,0,0,0,0,0,0,0,0,0,0,0,0,0,0,0,0,0,0,0,0,0,0,NA,0,0,6.264448,0,0,0,0,0,0,0,0,0,0,0,0,0,0,0,0,0,0,0,0,0,6.4101386,0,0,0,0,0,0,0,7.398321,0,0,0,0,0,0,0,0,0,0,0,0,0,5.9315743,0,0,0,0,0,0,5.2260976,0,0
"214","2024-6",0,0,0,0,0,0,0,0,0,0,0,0,0,0,0,0,0,0,0,0,0,0,0,0,0,NA,0,0,6.50331,0,0,0,0,0,0,0,5.9413304,0,0,0,0,0,0,0,0,0,0,0,0,0,3.7022173,0,0,0,0,0,0,0,3.8821125,0,0,0,0,0,0,0,0,0,0,0,0,0,6.5420427,4.178249,0,0,0,0,0,0,0,0
"215","2024-7",0,0,0,0,0,0,0,0,0,0,0,0,0,0,0,0,0,0,0,0,0,0,0,0,0,NA,0,0,4.2084627,0,0,0,0,0,0,0,0,0,0,0,0,0,0,0,0,0,0,0,0,0,0,0,0,0,0,0,0,0,0,0,0,0,0,0,0,0,0,0,0,0,0,0,4.131629,2.9172103,0,0,0,0,0,0,0,0
"216","2024-8",0,0,0,0,0,0,0,0,0,0,0,0,0,0,0,0,0,0,0,0,0,0,0,0,0,NA,0,0,0,0,0,0,0,0,0,0,0,0,0,0,0,0,0,0,0,0,0,0,0,0,0,0,0,0,0,0,0,0,0,0,0,0,0,0,0,0,0,0,0,0,0,0,0,0,0,0,0,0,0,0,0,0
"217","2024-9",0,0,0,0,0,0,0,0,0,0,0,0,0,0,0,0,0,0,0,0,0,0,0,0,0,NA,0,0,0,0,0,0,0,0,0,0,3.7190454,0,0,0,0,0,0,0,0,0,0,0,0,0,0,0,0,0,0,0,0,0,0,0,0,0,0,0,0,0,0,0,0,0,0,0,0,0,0,0,0,0,0,0,0,0
"218","2024-10",0,0,0,0,0,0,0,0,0,0,0,0,0,0,0,0,0,0,0,0,0,0,0,0,0,NA,0,0,0,0,0,0,0,0,0,0,0,0,0,0,0,0,0,0,0,0,0,0,0,0,0,0,0,0,0,0,0,0,0,0,0,0,0,0,0,0,0,0,0,0,0,0,0,0,0,0,0,0,0,0,0,0
"219","2024-11",0,0,0,0,0,0,0,0,0,0,0,0,0,0,0,0,0,0,0,0,0,0,0,0,0,NA,0,0,0,0,0,0,0,0,0,0,0,0,4.2566743,0,0,0,0,0,0,0,0,0,0,0,0,0,0,0,0,0,0,0,0,0,0,0,0,0,0,0,0,0,0,0,0,0,3.7514381,0,0,0,0,0,0,0,0,0
"220","2024-12",0,0,0,0,0,0,0,0,0,0,0,0,0,0,3.3007836,0,0,0,0,0,0,0,0,0,0,NA,0,0,0,0,0,0,0,0,0,0,0,0,0,0,0,0,0,0,0,0,0,0,0,0,0,0,0,0,0,0,0,0,0,0,0,0,0,0,0,0,0,0,0,0,0,0,0,0,0,0,0,0,0,0,0,0
"221","2024-13",0,0,0,0,0,0,0,0,0,0,11.116149,0,0,0,4.265126,9.267337,0,0,0,0,0,0,0,0,0,NA,0,0,0,0,0,0,0,0,0,0,0,0,0,0,0,0,0,0,0,0,0,0,0,0,5.7521434,0,0,0,0,0,0,0,0,0,0,0,0,0,0,0,0,0,0,0,0,0,0,0,0,0,0,0,0,0,0,0
"222","2024-14",0,0,0,0,0,0,0,0,0,0,0,0,0,0,0,0,0,0,0,0,0,0,0,0,0,NA,0,0,0,0,0,0,0,0,0,0,0,0,0,0,0,0,0,0,0,0,0,0,0,0,0,0,0,0,0,0,0,0,0,0,0,0,0,0,0,0,0,0,0,0,0,0,0,0,0,0,0,0,0,0,0,0
"223","2024-15",0.024770852,2.3038023,0.4378888,1.5601141,0.9549797,1.6168019,0.2466158,0.11360947,0.8302735,0.62469596,2.5364325,0.0060818633,0.991287,0.13573396,1.3916043,0.45731613,1.0065852,1.4005392,1.0321759,1.4070574,1.5602465,0.09812363,0.36711904,0.39993972,0.31600598,NA,0.21245417,1.0083468,3.5187745,1.0980703,0.014333931,1.8176992,0,0.7288484,0.4150094,0.06593007,5.8162656,0.9658369,2.916798,1.0065852,0.06337995,0.9544532,1.1983981,0.024664441,0.116504155,0.009010503,0.814195,0.12060034,2.2165866,0.10478065,6.591174,1.4707458,2.057609,0.7009088,0.122948945,0.7982686,0.6585939,0.64075196,3.0545168,0.5529775,1.1983981,1.5602465,0.17739978,1.5687714,0.602104,0.14933419,2.1037984,0.8302735,0.028173463,1.5687714,2.1918762,0.21666974,3.4762661,1.68918,1.2091737,1.5687714,0.11766015,3.940651,0.25485346,0.20757188,0.99205613,0.25998673
"224","2024-16",0,0,0,0,0,0,0,0,0,0,0,0,0,0,0,0,0,0,0,0,0,0,0,0,0,NA,0,0,0,0,0,0,0,0,0,0,0,0,0,0,0,0,0,0,0,0,0,0,0,0,0,0,0,0,0,0,0,0,0,0,0,0,0,0,0,0,0,0,0,0,0,0,0,0,0,0,0,0,0,0,0,0
"225","2024-17",0,9.234565,0,10.625405,3.6958842,8.156961,9.343834,0,8.930488,8.0234995,8.561814,0,3.0252652,0,8.5450945,15.033622,7.622798,7.365039,6.071467,4.2825723,8.922289,0,9.745354,3.4159055,3.9566226,NA,7.1937222,0,0,14.193855,0,0,0,4.837123,2.562204,0,0,0,0,7.622798,0,11.314693,5.875113,0,0,0,0,4.5603113,10.548304,3.1753216,14.777534,7.11029,0,0,0,6.9647655,2.9111602,8.78725,0,0,5.875113,8.922289,4.9036255,7.1333756,5.777192,0,9.535829,8.930488,0,7.1333756,0,0,0,12.790652,3.521504,7.1333756,0,0,3.7258787,0,4.3823776,0
"226","2024-18",0,0,0,0,0,0,0,0,0,0,0,0,0,4.2294784,0,0,0,0,0,0,0,0,0,0,0,NA,0,0,0,0,3.9471827,0,0,0,0,0,0,0,0,0,0,0,0,0,0,0,0,0,0,0,0,0,0,0,0,0,0,0,0,0,0,0,0,0,0,0,0,0,0,0,0,0,0,0,0,0,0,0,0,0,0,0
"227","2024-19",7.4428387,16.34815,16.937582,15.312414,14.088902,27.079485,22.100834,9.221722,17.014784,15.600863,17.27602,10.91274,10.64176,5.144276,6.247613,7.082753,12.43337,27.299414,14.8976,14.460342,14.656469,23.526833,13.131584,24.846214,13.092688,NA,16.883118,11.958025,0,23.121666,10.873075,15.6423235,3.7967894,14.103807,24.219704,9.919375,0,0,0,12.43337,22.237785,14.228545,8.955138,12.130098,27.436945,11.152493,0,20.362064,17.839285,19.374252,20.557104,21.014965,0,19.928242,10.457974,25.035734,25.591925,18.30743,18.897833,9.443096,8.955138,14.656469,24.528215,9.561896,10.963129,24.5175,17.89323,17.014784,13.077345,9.561896,0,17.81452,0,6.1642494,27.462788,9.561896,6.8574324,17.197306,24.055975,0,17.108433,24.123625
"228","2024-20",6.603712,12.793137,6.5471945,15.335911,3.8213,10.620683,19.094385,5.2645283,7.5548005,6.027223,11.282348,10.042686,6.4987392,5.144276,10.267034,9.113515,4.7901673,8.379474,11.125685,7.9697237,5.6786075,6.1364527,5.529863,5.0487585,5.0376835,NA,17.526352,11.958025,3.6918325,8.1582775,4.5443215,5.9152374,3.7967894,4.906715,8.863517,4.973347,19.536715,10.098944,3.2534466,4.7901673,25.530828,16.721945,6.000845,3.4995463,8.179706,5.5762463,5.42884,14.3742485,8.919642,18.464912,22.851353,4.3457484,6.044177,7.46596,2.4053442,4.6130986,17.483536,4.5952015,8.39128,6.693142,6.000845,5.6786075,5.6214285,5.570652,6.5140815,22.044918,6.869163,7.5548005,7.896584,5.570652,4.901306,7.310403,4.2856956,11.7609215,5.560978,5.570652,11.950462,5.388643,15.370896,3.2180135,6.246651,9.603193
"229","2024-21",1.1626176,2.5752428,0,3.3846116,0,0,0,0,0,2.9757454,14.137887,1.0735134,0,0,8.946179,9.324869,0,1.9610776,3.8177106,0,5.983042,0,2.6506436,0,0,NA,0,0,0,0,1.1359049,0,0,0,0,0,0,0,0,0,0,0,0,1.0935385,0,1.3619395,0,0,8.696413,0,0,11.189937,0,0,0,0,9.687799,15.105643,0,0,0,5.983042,2.058645,0,0,0,3.5113578,0,0,0,0,0,0,0,19.85871,0,0,0,0,0,0,0
"230","2024-22",0,20.759544,0,4.2126055,0,4.0211916,0,7.448357,4.1743383,3.980072,12.333492,0,9.582204,0,0,0,8.997994,9.85343,12.119928,11.385362,7.193047,3.4213836,3.7621346,16.072832,10.233472,NA,0,0,11.779383,0,6.6479383,0,0,9.687315,15.641887,0,4.9556923,0,0,8.997994,0,3.5634065,3.9040258,7.450176,3.0329473,0,4.6288958,3.2526526,0,0,21.727392,12.669392,9.878564,3.7892704,0,14.066902,17.132881,27.674679,8.213232,0,3.9040258,7.193047,4.221878,4.0873137,3.6960418,0,3.8285725,4.1743383,0,4.0873137,4.896522,3.557843,8.822332,0,20.775188,4.0873137,0,0,3.2571974,0,13.050092,0
"231","2024-23",17.896671,11.134488,21.301828,8.425211,13.21928,13.7280855,16.760134,19.005482,12.523015,7.960144,24.666985,18.04273,9.408648,12.865572,18.741997,23.532745,8.997994,14.719685,12.313364,10.570282,7.193047,10.264151,10.724688,8.909607,11.139922,NA,20.5343,19.057646,0,15.158152,14.973392,22.045055,26.589724,9.550762,13.185191,19.727255,6.820875,15.0816965,6.9176545,8.997994,11.918466,10.69022,7.8080516,15.487114,9.57656,19.478544,13.886687,13.010611,10.997676,11.058332,25.939402,9.862162,11.670829,15.619616,12.286752,13.382127,15.98499,10.600917,18.15845,14.564241,7.8080516,7.193047,12.8974905,11.777454,7.3920836,13.307978,11.485718,12.523015,22.84918,11.777454,17.30624,14.231372,13.008267,9.073784,14.073671,11.777454,13.682795,9.066737,9.771591,17.025131,9.567553,21.26992
"232","2024-24",21.816364,10.95072,12.851726,10.649313,9.22661,11.216693,14.594584,17.825571,14.52379,11.431556,17.636713,24.528034,8.987779,14.4016485,10.494004,14.717431,11.156468,11.087059,12.016102,10.489417,9.596419,11.360819,10.223422,7.69658,13.170106,NA,14.729928,8.800115,20.90221,12.009398,13.525533,15.54286,16.037062,14.485955,12.677138,22.505281,15.6249,12.226173,15.512648,11.156468,14.300341,12.641906,12.316849,13.544083,14.041635,8.28312,14.245645,10.485722,19.049572,14.248887,27.251316,10.036764,14.797197,15.619616,9.390644,11.300034,11.822225,10.0085,16.643227,12.596916,12.316849,9.596419,15.662026,10.086687,11.349974,10.968457,10.747745,14.52379,10.945034,10.086687,14.989245,13.818872,20.240877,17.708965,11.982811,10.086687,12.024377,19.10347,8.476557,11.440213,15.642974,12.653393
"233","2024-25",38.721134,8.55717,9.414998,8.502236,4.867878,9.321293,8.001916,23.37773,6.223531,6.37661,11.712473,22.784525,7.5094814,28.803297,8.258958,11.843088,12.245974,8.247973,8.490544,10.489417,8.192292,11.360819,6.0742235,10.647689,8.254368,NA,8.305879,43.677677,8.238978,12.009398,15.150467,9.37639,32.074123,9.423844,12.4194565,11.79518,7.81245,35.09284,9.879695,12.245974,12.420366,6.7479405,6.3689528,17.505978,7.5960283,17.454576,7.2944765,9.096431,15.55149,8.168246,24.730333,9.478217,7.3985987,8.620854,9.390644,6.28733,13.51144,16.466604,18.49746,22.180025,6.3689528,8.192292,9.280658,6.8893356,6.8316197,15.56432,6.3073545,6.223531,13.750663,6.8893356,14.989245,9.0573635,13.493917,6.036276,15.831469,6.8893356,24.048754,12.479083,6.7803855,16.675339,9.643081,7.994118
"234","2024-26",22.822224,17.11434,13.214669,10.797217,7.662824,11.885766,13.817531,23.37773,12.345351,9.404018,9.554794,19.373903,7.4678717,20.276903,12.634238,12.203366,10.813479,9.65205,16.981089,12.190773,9.381024,11.050651,11.1711445,10.647689,11.507675,NA,16.611757,20.927929,17.899931,12.277217,15.150467,17.452385,33.64118,11.95389,12.4194565,14.00031,8.4314165,13.843175,9.471328,10.813479,12.4918785,13.495881,11.296073,17.505978,11.619581,18.497755,7.2944765,13.398404,0,12.205247,24.575857,12.260621,14.057577,14.113665,11.881999,12.57466,13.51144,18.233606,16.747253,15.968026,11.296073,9.381024,14.355947,10.672464,10.286756,15.222888,12.613255,12.345351,20.625994,10.672464,12.49907,13.414106,14.006506,7.4904237,17.106325,10.672464,17.1786,10.40611,12.326569,17.680622,11.523992,15.988236
"235","2024-27",5.2894177,17.750685,20.959908,14.05128,10.757018,15.65536,23.482393,14.178031,10.414321,14.007927,10.086557,11.631522,9.234695,6.882674,18.333588,16.280735,13.465841,11.345744,17.657766,10.146748,9.644187,23.928827,11.06861,10.660158,11.115316,NA,27.436947,20.461462,18.539747,19.46445,9.274102,17.736725,11.599557,15.889988,14.934482,13.573932,6.7555003,9.633949,0,13.465841,21.229683,14.383783,9.3255825,9.419785,19.740948,7.700364,14.6463995,25.078985,9.484412,21.268137,19.223637,8.071065,10.792636,23.891302,9.17613,14.834295,8.085329,15.844594,34.84464,18.984644,9.3255825,9.644187,28.498718,9.137174,8.4888315,28.691833,11.211535,10.414321,9.104675,9.137174,22.534225,22.736198,11.896116,2.7882633,12.914909,9.137174,18.311325,5.9861197,15.432097,10.445823,16.196083,22.431034
"236","2024-28",5.2894177,17.750685,17.86052,14.05128,10.757018,16.1547,15.2019,5.401502,18.996294,10.151168,13.132134,5.028787,9.234695,5.7746496,7.902358,17.901108,13.465841,6.3357263,13.304507,15.09757,8.723274,12.428354,9.196972,9.778176,15.242903,NA,27.436947,16.964191,22.211569,18.3235,8.022712,28.283274,5.7997785,15.889988,16.120363,0,13.4719515,13.444269,8.681543,13.465841,13.949107,12.942992,18.892076,12.826737,21.07446,7.3279896,17.860573,12.156658,18.117369,17.248291,31.3874,14.972945,23.865461,18.934534,5.0510726,14.834295,16.64187,29.510199,30.244463,20.953087,18.892076,8.723274,19.523792,11.721792,15.95873,37.559677,10.647281,18.996294,7.6192274,11.721792,43.888954,19.505869,14.760827,5.0059886,16.554407,11.721792,20.09958,9.666093,10.7933855,10.445823,13.750257,29.817919
"237","2024-29",20.499943,3.1944075,2.8055182,3.003247,4.587791,3.4401286,4.9118676,0,2.5487597,1.9195093,10.17192,5.028787,2.5833735,12.448353,7.902358,4.068456,2.5965645,2.1300445,5.507904,5.2895937,2.0745807,6.891244,1.7371248,4.889088,2.9583302,NA,5.9797773,35.79892,13.352592,4.8405633,29.178877,9.427758,18.220148,3.9555306,4.098099,10.787243,29.343521,26.183275,6.1495733,2.5965645,10.005883,5.1483073,3.4316084,22.46308,5.883854,20.011505,4.9439793,5.6360745,19.182987,4.849689,10.8602295,4.9909816,14.786051,3.3367836,9.326766,7.5730224,7.6616836,4.2265954,8.76356,5.1997085,3.4316084,2.0745807,8.280178,3.269926,2.5107691,4.510599,2.5304472,2.5487597,8.882565,3.269926,14.578508,3.9513342,21.988056,19.58601,6.7911744,3.269926,20.09958,14.010271,4.706128,23.811426,3.0125058,3.7395713
"238","2024-30",6.833315,11.999293,8.618563,7.9730797,11.956402,9.62813,7.6892867,0,10.50594,5.964996,10.17192,12.816785,5.2609634,8.173302,11.860115,13.618373,8.914335,7.0191226,11.015808,6.912867,6.91043,5.4225492,5.213957,8.06751,10.104093,NA,11.489117,18.517038,26.55658,10.700473,14.589438,13.497971,12.906113,11.527671,9.7259445,7.857501,17.698734,9.931718,10.406419,8.914335,4.2497816,9.266357,8.941739,14.975388,6.736942,13.341004,9.958573,7.882198,11.82072,8.311387,20.500551,9.329269,31.963661,11.149941,6.217844,12.816527,13.121537,20.794128,22.136253,14.057287,8.941739,6.91043,10.21701,7.7107058,8.121116,13.775707,6.9397836,10.50594,16.651615,7.7107058,27.476654,9.262594,21.760963,11.802047,10.044876,7.7107058,13.621338,12.884708,11.19613,11.626663,8.994118,13.798045
"239","2024-31",22.294945,9.842893,17.237125,7.9469404,11.510784,9.62813,18.77669,21.138245,13.979335,15.1297245,11.285477,11.614443,6.358924,18.4115,10.871563,8.214603,14.737951,7.0191226,11.163653,6.912867,6.4899626,11.159076,11.546039,16.13502,10.104093,NA,21.744923,19.534605,9.307013,14.482929,16.582493,12.315431,0,6.004056,9.7259445,11.392835,8.849367,13.81955,9.402491,14.737951,15.159162,13.960551,8.941739,29.477169,10.71943,20.158745,13.112253,13.694882,11.82072,10.427996,19.94858,15.246549,14.078479,19.366245,9.242468,12.14418,12.0976715,9.640903,18.194937,5.4337616,8.941739,6.4899626,19.638937,14.975972,16.242231,16.724312,9.178355,13.979335,26.220251,14.975972,18.88151,12.557518,9.902813,6.909553,11.139969,14.975972,20.352243,6.442354,11.049778,0,17.460966,15.909452
"240","2024-32",11.073174,7.0227876,11.814685,8.179088,0,12.516452,13.138846,12.843844,7.661991,7.1655383,8.491795,7.90701,0,3.6948311,10.871563,8.632676,6.0894065,4.822677,0,7.4252896,6.0999064,8.764172,7.1152263,13.404321,7.2343006,NA,14.275949,8.479997,0,0,16.582493,6.371031,0,7.6063876,11.74464,5.1831794,2.2074645,11.7715645,0,6.0894065,18.378122,8.74445,0,9.143181,10.458998,6.0865335,0,11.525066,10.829309,11.912633,0,13.790503,0,7.908739,13.9227295,7.771075,11.002575,0,0,7.2074304,0,6.0999064,15.649848,5.976292,0,14.002743,0,7.661991,10.075573,5.976292,0,9.400658,0,2.754496,0,5.976292,6.363798,0,0,5.941233,0,15.923582
"241","2024-33",9.111739,14.045575,0,6.6117315,4.9609118,0,11.126688,4.944243,0,7.754866,0,6.7014227,4.6346493,7.8423934,3.129204,4.227399,8.785954,7.252147,0,6.961567,6.9348,7.457782,7.1974187,0,9.444724,NA,0,0,6.6120014,0,9.341602,11.09975,10.914438,7.6912246,0,0,3.4483209,8.083328,0,8.785954,9.434656,8.74445,11.057959,15.580202,12.150771,9.048302,9.496578,10.970278,6.8217583,11.479388,12.4399605,11.575271,7.6175284,0,0,7.771075,0,0,11.693289,12.797997,11.057959,6.9348,12.992576,7.784308,7.520092,14.002743,9.271878,0,13.749389,7.784308,0,9.486061,0,0,14.162499,7.784308,14.286473,5.0454164,0,15.775842,10.383013,14.952688
"242","2024-34",3.1159883,3.801376,2.2253556,1.8244787,1.5230217,3.4847791,2.6964445,1.5253798,1.9773803,1.7704163,12.783561,1.7999723,1.5049773,1.7934439,6.258408,9.523598,1.6332585,1.6556187,5.4803877,2.6335704,1.4378418,2.9255242,1.6134866,4.4658723,1.8466998,NA,2.5120018,3.827704,3.2593977,2.2716339,4.1595516,4.0235558,1.1471108,1.7654176,4.2153845,1.0104351,3.7291713,4.916869,3.9751723,1.6332585,4.01953,2.5109093,1.744441,3.2767274,2.9197438,2.8928852,1.8398263,3.1690845,6.8217583,2.954033,6.0874367,4.7338843,5.158731,2.586478,3.8542924,4.328295,13.310245,7.1790853,4.211215,4.4250565,1.744441,1.4378418,4.952776,1.3912077,1.6372627,4.9989357,1.8263876,1.9773803,3.9631517,1.3912077,3.720722,2.9623818,5.246227,6.7717695,5.2687564,1.3912077,2.9496093,5.454083,3.2612166,2.3642342,2.265603,4.21748
"243","2024-35",4.462253,9.030347,9.207019,6.2770133,4.2516155,9.062451,8.964491,3.4447079,6.988711,6.629299,6.7224665,3.2376866,3.6033897,2.691796,13.538457,9.006054,5.7366877,5.0819526,9.027366,6.044465,5.209496,6.2303267,5.8549786,8.310748,6.195579,NA,9.898021,7.5149493,6.7526054,6.2790174,6.8972254,6.6319995,4.185161,6.451691,9.116917,2.9340832,7.602317,7.3804903,11.231411,5.7366877,6.277808,8.1007395,6.230346,7.2838006,8.14292,3.9662542,6.6673927,7.54602,15.421494,8.024443,10.008299,10.175891,5.78735,9.269194,6.5806465,9.841234,11.778186,10.593609,8.821749,6.8264403,6.230346,5.209496,9.88762,5.020114,6.0504704,6.8785367,5.9828725,6.988711,3.5748334,5.020114,7.974379,8.094969,12.7629795,5.661056,9.54768,5.020114,4.3985786,7.2744193,8.435894,5.9034376,7.4404144,8.686256
"244","2024-36",12.932633,16.616976,14.105005,11.272886,3.7065377,13.832914,7.0945716,16.573092,11.111345,9.951722,13.831013,17.189772,6.4365053,12.129049,9.860165,5.79946,13.308301,13.098753,14.536471,10.840436,9.571955,12.847286,5.0524907,12.716879,14.154431,NA,12.919782,8.794171,0,8.61469,17.376966,5.7492976,20.676378,16.612284,11.548185,13.172588,7.2566814,13.661419,3.7438037,13.308301,6.001434,12.975665,10.048321,16.712406,5.904022,15.872356,7.0476384,9.563757,25.58748,6.3310103,10.317429,14.816689,2.992095,11.650206,15.768526,21.155045,19.169626,16.803173,10.727708,5.47172,10.048321,9.571955,15.362631,12.655815,9.610659,8.661069,7.181099,11.111345,10.498977,12.655815,0,6.643916,4.410218,8.204885,13.626234,12.655815,12.577946,0,14.607076,16.265223,6.182279,8.537115
"245","2024-37",6.099004,7.8346744,7.2557445,6.464592,4.442503,8.862191,7.0619006,3.6602926,5.8418345,5.1902924,10.102364,3.8731153,5.638277,2.9431431,6.573443,6.709644,5.785489,6.833853,11.9086685,7.97732,4.8591638,5.6320624,5.54657,5.8591914,6.086493,NA,7.8797417,5.965638,5.1149635,6.231699,5.1978006,6.333095,2.352209,6.6855764,9.683995,2.4187675,15.157895,5.661558,2.1960332,5.785489,8.17351,6.601289,5.8703117,5.353696,5.874867,4.3262115,5.002577,6.152733,12.79374,7.900794,10.131767,9.5462675,4.401699,6.829363,7.0859704,6.750362,10.639841,11.728405,4.5916605,4.3497458,5.8703117,4.8591638,6.961103,5.0546374,5.7470016,5.502342,6.025773,5.8418345,4.5826955,5.0546374,3.6330028,5.013602,3.5142672,7.517322,12.057674,5.0546374,4.0487475,5.4925017,5.974878,2.6168756,6.576415,5.7459254
"246","2024-38",6.7481112,9.860457,12.8905,18.985023,8.774365,12.458443,11.036678,4.0833993,9.646032,9.111689,10.3094225,11.081888,0,3.9527485,4.348694,8.935655,10.956004,8.399459,23.116293,17.87138,10.344051,12.892771,8.833357,8.773492,9.027625,NA,12.248768,10.663555,10.488223,13.44089,8.757431,0,4.562213,9.846894,11.947206,8.805582,25.046412,10.736779,5.0359797,10.956004,9.364872,12.152291,11.9898815,5.471876,8.217246,3.8786757,8.315792,8.983641,6.9979377,11.674698,11.393939,9.534622,7.2580442,14.681816,10.568268,12.307267,9.193143,11.54419,11.005194,14.018942,11.9898815,10.344051,10.820959,8.768749,9.859271,18.876373,10.858801,9.646032,4.3432546,8.768749,8.702641,8.196949,7.853928,17.851038,23.319666,8.768749,4.976307,10.803452,24.036438,3.5692647,9.238989,17.217403
"247","2024-39",10.026082,13.965466,11.649225,16.341032,9.549828,13.123343,8.10406,13.351516,16.125002,8.736479,20.618845,20.296846,6.7921534,10.278962,24.138533,17.87131,13.259222,16.280312,10.580176,7.5047765,9.410339,7.20227,7.4946094,12.221174,14.478881,NA,19.691238,12.547451,8.250468,14.541077,8.273579,8.738121,9.947075,18.057768,21.293968,8.300018,7.985912,15.171905,5.430987,13.259222,13.478181,9.414686,9.025197,22.649858,12.72793,18.263391,12.73757,11.731291,35.588917,11.614415,11.968598,16.090244,6.806136,17.865005,8.767908,18.815207,16.10911,13.573955,14.002024,7.881336,9.025197,9.410339,8.589372,8.195477,12.140931,13.286284,10.835421,16.125002,8.433584,8.195477,6.773266,12.703003,9.997839,14.474084,11.855091,8.195477,10.579936,7.1757355,17.83387,10.592683,14.206032,13.359109
"248","2024-40",15.706598,15.749035,16.135136,14.318248,7.8398213,17.557365,12.130787,18.847666,11.968051,12.497511,9.338434,20.296846,8.139955,18.357298,9.015146,15.489928,9.156534,11.282662,15.435617,10.703421,11.275231,8.434251,11.378751,10.0726795,10.399498,NA,17.728134,25.83565,9.145418,11.92128,10.880572,10.928135,19.541142,12.694398,15.440132,15.209101,10.996033,15.698989,2.963708,9.156534,8.79496,12.807993,11.888536,12.3399,16.527868,14.750043,10.055525,8.423261,13.168387,13.163094,17.877851,11.876283,13.233845,18.393974,7.474846,12.846974,11.821715,13.363643,17.446754,12.576204,11.888536,11.275231,12.600983,9.7496605,12.406239,11.706802,12.774189,11.968051,17.45088,9.7496605,14.805946,13.5715475,5.879664,7.7615385,15.827009,9.7496605,21.142025,12.35231,9.184941,16.292976,11.812385,13.797695
"249","2024-41",16.323708,23.72,32.479877,21.823929,12.221731,17.122637,24.261574,9.137567,20.523531,20.829187,15.218471,8.576018,9.519818,11.903457,6.17835,7.4695077,14.596832,18.203735,10.533269,13.355295,12.950216,16.748802,16.007338,17.487759,17.737356,NA,36.90321,14.343086,10.197407,15.42973,7.539015,14.246137,12.752463,18.79512,17.711567,13.676827,15.286517,14.127905,10.602111,14.596832,16.353516,20.47891,16.80523,10.93908,18.288656,8.066481,15.901223,15.533913,0,19.113285,16.286139,8.84197,16.194935,29.851282,7.474846,13.412041,8.582214,0,11.599983,24.029118,16.80523,12.950216,10.592219,11.428028,21.320177,22.022581,22.683788,20.523531,8.413765,11.428028,16.351826,25.875128,9.413267,8.563443,9.704784,11.428028,9.737833,6.705238,15.758089,9.907061,23.789381,10.09123
"250","2024-42",8.161854,15.813333,13.389,14.549286,10.929067,18.986162,10.771696,0,14.869351,11.973285,12.657,6.0519857,5.9585934,6.1727285,7.676265,8.964939,9.731221,7.7796664,0,6.541806,9.146506,9.324033,12.885457,23.17853,8.007748,NA,18.696209,11.985069,7.681016,18.856298,6.7479343,8.684639,0,11.894858,14.7913685,4.078606,17.695429,6.675058,4.5293612,9.731221,12.734826,13.657235,10.426554,10.995779,18.089792,0,14.428762,16.155735,19.673481,10.753008,10.031273,12.605221,7.309624,19.858637,11.072143,21.112906,16.628077,12.035203,9.987116,9.807444,10.426554,9.146506,10.592219,8.420565,10.214352,11.0442915,11.167422,14.869351,5.110656,8.420565,14.592273,19.296612,12.757719,13.995178,0,8.420565,5.2801614,12.998874,16.523088,4.552992,8.979629,11.106963
"251","2024-43",9.816551,13.595612,13.876906,0,0,30.451115,0,4.4969554,0,0,9.3474245,5.1464963,0,0,8.865414,8.128382,0,0,0,0,0,0,0,0,0,NA,0,0,13.099413,9.884436,0,0,7.3663,0,0,6.733923,0,0,0,0,23.894363,0,0,0,0,0,0,9.084574,10.832097,0,0,25.399822,0,0,0,24.514503,0,0,14.19248,10.5612335,0,0,0,0,0,17.792467,10.631699,0,0,0,0,0,0,9.517667,22.994623,0,0,0,10.178612,0,0,0
"252","2024-44",0,13.595612,13.876906,10.881366,0,14.57159,13.897711,0,24.324434,8.883328,26.324219,13.083788,0,6.8245716,24.939022,16.909807,7.5526686,13.008159,11.019679,6.4532013,0,21.960459,9.66496,29.59514,8.167228,NA,20.266912,12.07444,13.099413,9.884436,35.142006,14.485803,7.0671735,9.385951,12.031302,0,49.09563,28.303003,17.919216,7.5526686,27.980825,12.910026,9.499077,26.127817,0,22.437315,10.487551,27.253721,24.917784,20.183508,12.329694,23.53739,24.247963,27.935595,21.082508,30.278833,10.008354,10.558001,0,10.5612335,9.499077,0,19.162642,16.71603,17.66123,17.420622,0,24.324434,11.374595,16.71603,0,14.0821085,35.47221,0,21.721088,16.71603,10.470822,17.298952,20.357224,0,11.208282,0
"253","2024-45",15.136294,49.649162,36.78586,32.9545,25.431318,63.34,24.057005,13.768247,40.308228,36.710873,17.438648,12.619121,18.875345,12.124844,67.470856,33.819614,33.11614,32.70434,26.390285,24.564348,24.230516,32.487576,20.010891,40.502384,38.558968,NA,41.257965,41.860725,40.859463,34.05651,45.690594,33.447792,33.17607,40.49478,44.860767,15.51559,25.441614,34.402412,23.922228,33.11614,24.125332,25.08224,21.154222,35.19781,37.22188,25.885273,57.223164,14.729765,38.511456,25.107574,72.2336,38.821465,48.495926,45.888668,31.80714,56.904964,28.901316,78.05688,47.36868,49.24113,21.154222,24.230516,37.591682,17.74921,22.202633,59.03305,34.72409,40.308228,46.92936,17.74921,47.028625,46.185074,33.824753,25.9104,48.883106,17.74921,21.204021,34.597904,26.559166,32.8479,68.79349,61.970833
"254","2024-46",0,0,24.535444,18.791042,14.722588,0,15.929644,23.034515,36.45497,10.676557,12.707707,19.4273,15.745692,0,37.151436,12.534808,14.356058,27.27638,0,0,0,0,12.760933,18.863789,16.996302,NA,34.338753,0,0,0,0,26.580303,0,23.803417,0,0,19.235542,0,0,14.356058,0,13.524707,14.366312,0,23.855322,0,18.706366,0,17.395119,12.773924,51.7848,0,36.621628,38.63441,0,28.981812,11.949845,0,39.227234,0,14.366312,0,19.771425,0,0,25.980057,15.19735,36.45497,32.529026,0,29.946316,23.862309,0,22.743826,0,0,0,14.200012,15.946182,0,39.21232,25.0533
"255","2024-47",0,0,0,7.1537666,0,0,13.421442,0,0,7.978434,13.478946,0,0,0,21.045795,10.891508,0,0,0,0,6.5811777,0,0,0,0,NA,0,0,0,0,0,0,0,0,0,0,0,0,0,0,0,0,0,0,10.860639,0,0,0,17.395119,10.165754,0,0,0,0,0,0,9.2566395,0,0,0,0,6.5811777,0,0,0,0,7.797816,0,0,0,0,17.958166,0,0,0,0,0,0,0,0,0,18.40057
"256","2024-48",0,0,0,0,0,0,0,0,0,0,11.469022,0,0,0,23.288303,10.891508,0,0,0,0,0,0,0,0,0,NA,0,0,25.860632,34.35836,0,0,0,0,0,0,0,0,25.03639,0,0,0,0,0,21.416498,0,0,0,32.889256,0,0,0,75.147385,0,0,0,0,0,55.365017,0,0,0,0,0,0,0,0,0,0,0,0,31.705662,20.576838,0,0,0,0,0,0,0,0,0
"257","2024-49",0,0,0,0,0,0,0,0,0,0,0,0,0,0,0,0,0,0,0,0,0,0,0,0,0,NA,0,0,0,0,0,0,0,0,0,0,0,0,0,0,0,0,0,0,0,0,0,0,0,0,0,0,0,0,0,0,0,0,0,0,0,0,0,0,0,0,0,0,0,0,0,0,0,0,0,0,0,0,0,0,0,0
"258","2024-50",0,0,0,0,0,0,0,0,0,0,0,0,0,0,0,0,0,0,0,0,0,0,0,0,0,NA,0,0,0,0,0,0,0,0,0,0,0,0,0,0,0,0,0,0,0,0,0,0,0,0,0,0,0,0,0,0,0,0,0,0,0,0,0,0,0,0,0,0,0,0,0,0,0,0,0,0,0,0,0,0,0,0
"259","2024-51",0,0,0,0,0,0,0,0,0,0,0,0,0,0,0,0,0,0,0,0,0,0,0,0,0,NA,0,0,0,0,0,0,0,0,0,0,0,0,0,0,0,0,0,0,0,0,0,0,0,0,0,0,0,0,0,0,0,0,0,0,0,0,0,0,0,0,0,0,0,0,0,0,0,0,0,0,0,0,0,0,0,0
"260","2024-52",2.0334802,7.2001967,1.4904058,6.3141456,14.295496,12.01641,5.467349,0,12.437271,2.8446987,7.609791,0,17.20856,0,14.69684,7.1126857,5.656533,4.30269,7.858598,10.427517,6.0379486,3.0401158,2.30203,4.516697,13.311753,NA,0,0,31.730368,22.586687,0,18.29258,0,12.254051,9.196242,0,21.800098,0,31.384434,5.656533,2.9945304,5.175674,34.53091,0,3.548234,0,19.498339,9.285794,12.279833,4.5065093,55.713306,7.841364,55.073036,4.225659,1.6311474,9.479942,10.652153,20.668365,0,0,34.53091,6.0379486,7.2448506,3.1705093,16.118366,5.7619505,1.2068615,12.437271,0,3.1705093,49.509945,0,26.70666,13.138032,13.169513,3.1705093,0,18.85622,9.750643,0,35.28263,28.739477
"261","2025-1",1.3059382,10.527676,3.6056528,9.471218,23.737598,18.216883,3.387814,3.9699368,36.581886,5.6150303,1.9024477,0,18.799732,1.166335,3.67421,4.762652,5.656533,3.791177,15.041887,10.716553,9.056923,6.0802317,6.600489,8.182609,18.273,NA,5.0075207,60.86286,95.19111,47.086594,0,37.97303,0,11.6102295,9.718368,0,0,0,62.768867,5.656533,5.184976,20.438772,23.020607,0,5.3223505,0,27.228468,12.381061,17.389902,3.9339263,55.713306,10.626558,53.24877,12.27734,0,9.479942,3.5507176,19.212233,69.005005,31.517319,23.020607,9.056923,4.8299003,6.3410187,16.118366,17.285852,3.6205842,36.581886,0,6.3410187,66.8335,11.961919,67.01725,6.569016,18.41866,6.3410187,36.86269,37.71244,0,23.932844,37.272167,14.984669
"262","2025-2",0,0,0,0,0,0,0,0,0,0,0,0,0,0,0,0,0,0,0,0,0,0,0,0,0,NA,0,0,0,0,0,0,0,0,0,0,0,0,0,0,0,0,0,0,0,0,0,0,0,0,0,0,0,0,0,0,0,0,0,0,0,0,0,0,0,0,0,0,0,0,0,0,0,0,0,0,0,0,0,0,0,0
"263","2025-3",0,0,0,0,0,0,0,0,0,0,0,0,0,0,0,0,0,0,0,0,0,0,0,0,0,NA,0,0,0,0,0,0,0,0,0,0,0,0,0,0,0,0,0,0,0,0,0,0,0,0,0,0,0,0,0,0,0,0,0,0,0,0,0,0,0,0,0,0,0,0,0,0,0,0,0,0,0,0,0,0,0,0
"264","2025-4",0.02245555,5.8425617,0.19083478,0.71418846,4.586855,7.0794616,0.17284982,0.83128315,3.7052417,0.3214155,0.5372593,0.11792901,3.3150117,0.2917693,1.4675866,1.2445911,0.21072856,0.24653162,2.6920862,2.782654,0.6413588,0.5218312,0.34378275,1.9305061,2.6417625,NA,0.13275626,19.067177,16.421938,10.391389,0.25869307,6.5527897,2.8730204,1.1883578,5.243246,0,16.408804,5.917671,18.358759,0.21072856,0.18287677,4.084343,3.560632,0.4813878,0.34937286,0.09387494,5.2936544,1.2903372,1.6734275,0.1050291,15.532803,2.6171591,10.129865,1.2569039,0.17708963,5.8347516,0.82022506,5.2541637,13.772853,4.9719515,3.560632,0.6413588,0.52878094,0.23758194,2.4595902,3.4213686,0.8464558,3.7052417,0.12754169,0.23758194,9.812365,1.5552487,13.659063,7.1013765,5.777959,0.23758194,7.368048,9.0604105,3.0070922,10.915561,7.1665134,1.7484771
"265","2025-5",0,0,0,0,0,0,0,0,0,0,0,0,0,0,0,0,0,0,0,0,0,0,0,0,0,NA,0,0,0,0,0,0,0,0,0,0,0,0,0,0,0,0,0,0,0,0,0,0,0,0,0,0,0,0,0,0,0,0,0,0,0,0,0,0,0,0,0,0,0,0,0,0,0,0,0,0,0,0,0,0,0,0
"266","2025-6",0.00701913,0.8270661,0.039711718,0.1311164,0.17411403,0.5910673,0.22334033,0,0.1224791,0.20633289,0.7098735,0,0.4403834,0,1.0808227,0.88146234,0.09715013,0.22727983,0.12342078,0.33293235,0.14496742,0.14914745,0.101060785,0.4217397,0.13896246,NA,0.042282447,1.0337584,1.1502248,0,0.2424209,0.6312621,0.521344,0.14230774,0.4009292,0.0010870388,0.6338247,0.89625764,0.6199386,0.09715013,0.00882635,0.8297811,0.22722039,0.30133787,0,0.03501106,0.022904484,0.29617164,1.1432714,0.16934137,2.110688,0.25229344,1.2635156,0,0.6864711,0.7337628,0.20207268,0.70498115,1.4474705,0,0.22722039,0.14496742,0.2770206,0.080515005,0.14505932,0.024343114,0.44494107,0.1224791,0.0019572452,0.080515005,1.9020693,0,1.2441385,0.95763576,0.06801365,0.080515005,0.01709952,0.29185656,0.54401237,0,0.08181086,0.026912076
"267","2025-7",0,0.44131997,5.085476,0.059748307,0,0.33009714,6.866446,0,23.264858,5.0040045,0.99308825,0,0.23225826,0,0,1.495709,0,0.11649707,0.09016033,0,2.376336,0.060708053,4.465999,7.3903203,0,NA,4.283203,0,0,25.787548,0.07747156,0,0,0,0.23862056,0,0,0,0,0,0.0017250234,9.552261,0,0,0.0026858381,0,0,6.1772175,0,5.2249284,1.6016126,3.2520826,0,0.018173888,0,0.35746357,0,0.45727748,2.9520962,0,0,2.376336,6.707344,0,0,0.046200056,6.5590005,23.264858,0,0,0,6.4991207,0,0,0,0,0,0,7.3785176,0,0,0.099528246
"268","2025-8",0,0,0,0,0,1.6105309,0,0,0,0,0,0,0,0,0,0,0,0,0,0,0,0,0,0,0,NA,0,0,0,0,0,0,0,0,1.3801408,0,0,0,0,0,0,0,0,0,0,0,0,0,0,0,0,0,0,0,0,0,1.5635761,0,0,4.815534,0,0,0,0,0,0,0,0,0,0,0,0,0,0,0,0,0,0,0,0,0,0
"269","2025-9",0,0,0,0,0,0,0,0,0,0,0,0,0,0,0,1.707313,0,0,0,0,0,0,0,0,0,NA,0,0,0.012172844,0,0,0,0,0,0,0,0,0,0,0,0,0,0,0,0,0,0,0,0,0,0,0,0,0,0,0,0,0,0,0,0,0,0,0,0,0,0,0,0,0,0,0,0,0,0,0,0,0,0,0,0,0
"270","2025-10",0,0,0,0,0,0,0,0,0,0,0,0,0,0,0,0,0,0,0,0,0,0,0,0,0,NA,0,0,0,0,0,0,0,0,0,0,0,0,0,0,0,0,0,0,0,0,0,0,0,0,0,0,0,0,0,0,0,0,0,0,0,0,0,0,0,0,0,0,0,0,0,0,0,0,0,0,0,0,0,0,0,0
"271","2025-11",0,0,0,0,0,0,0,0,0,0,0,0,0,0,0,0,0,0,0,0,0,0,0,0,0,NA,0,0,0,0,0,0,0,0,0,0,0,0,0,0,0,0,0,0,0,0,0,0,0,0,0,0,0,0,0,0,0,0,0,0,0,0,0,0,0,0,0,0,0,0,0,0,0,0,0,0,0,0,0,0,0,0
"272","2025-12",0,0,0,0,0,0,0,0,0,0,0,0,0,0,0,0,0,0,0,0,0,0,0,0,0,NA,0,0,0,0,0,0,0,0,0,0,0,0,0,0,0,0,0,0,0,0,0,0,0,0,0,0,0,0,0,0,0,0,0,0,0,0,0,0,0,0,0,0,0,0,0,0,0,0,0,0,0,0,0,0,0,0
"273","2025-13",0,0,0,0,0,0,0,0,0,0,17.739262,0,2.74152,0,7.915018,22.192245,0,0,3.9897814,2.0734763,0,0,0,0,0,NA,0,0,6.603827,0,0,10.3664055,0,0,3.4072914,0,0,0,0,0,0,0,0,0,0,0,0,0,19.830454,0,0,0,6.1106844,0,0,0,3.5791297,7.3252687,0,0,0,0,0,0,0,0,0,0,0,0,0,0,0,0,0,0,0,0,0,0,0,0
"274","2025-14",0,0,0,0,0,0,0,0,0,0,0,0,0,0,0,0,0,0,0,0,0,0,0,0,0,NA,0,0,0,0,0,0,0,0,0,0,0,0,0,0,0,0,0,0,0,0,0,0,0,0,0,0,0,0,0,0,0,0,0,0,0,0,0,0,0,0,0,0,0,0,0,0,0,0,0,0,0,0,0,0,0,0
"275","2025-15",0,8.96679,0,0,3.2159512,5.2676387,3.5844495,0,0,0,10.915559,0,2.370135,0,23.628595,17.901028,3.8210511,4.284277,3.7294986,3.0605488,0,0,0,3.1784492,1.6503415,NA,0,0,0,0,0,6.4574833,0,3.476918,3.4754095,0,0,0,0,3.8210511,0,10.334042,0,0,0,0,0,0,22.894081,2.8135698,11.994914,5.55917,0,0,0,9.253869,4.0801187,7.2523956,0,0,0,0,3.9763703,5.431543,0,0,0,0,0,5.431543,0,0,0,0,7.426824,5.431543,0,0,3.3988118,0,0,6.5981126
"276","2025-16",0,0,0,0,0,0,2.4580112,0,0,0,0,0,0,0,0,0,0,0,0,0,0,0,0,0,0,NA,0,0,0,0,0,0,0,0,0,0,0,0,0,0,0,0,0,0,0,0,0,0,0,0,0,0,0,0,0,0,0,0,0,0,0,0,0,0,0,0,0,0,0,0,0,0,0,0,0,0,0,0,0,0,0,0
"277","2025-17",0,0,0,0,0,0,0,0,0,0,10.864735,0,0,0,6.044705,8.718081,0,0,0,0,0,0,0,5.4465737,0,NA,0,0,0,0,0,0,0,0,0,0,0,0,0,0,0,0,0,0,0,0,0,0,8.717399,0,0,0,0,0,0,8.257471,5.7028947,6.1248384,0,0,0,0,0,0,0,0,0,0,0,0,0,0,0,0,0,0,0,0,0,0,0,0
"278","2025-18",10.124544,30.868694,28.635963,25.520918,17.04175,27.525688,28.550194,5.6016583,30.643785,25.515165,26.605219,3.9930604,18.608007,3.4862447,12.431204,15.328038,21.24129,27.563484,32.59265,20.558697,21.837181,35.410156,24.67438,35.589245,17.079082,NA,22.57482,0,8.668279,19.525936,7.4420333,17.98662,0,15.3624,31.91029,0,10.011844,0,0,21.24129,29.544867,38.064404,14.541417,4.687454,16.734924,11.2635355,20.571014,24.342234,29.214195,20.97139,37.353416,25.526112,8.58303,17.168861,21.139269,34.095837,20.242147,24.52223,10.268629,0,14.541417,21.837181,34.752808,17.444698,17.753103,22.292892,27.56967,30.643785,6.2591553,17.444698,13.718907,17.632647,0,0,26.944021,17.444698,9.343173,13.62105,36.112877,0,16.663559,23.284706
"279","2025-19",9.083605,18.023582,7.1688857,10.7463455,3.3162444,18.091919,12.818851,11.134255,5.940371,7.1095815,14.748092,17.629715,4.520966,11.664778,14.280202,10.029957,7.2907896,8.971886,14.564728,7.999844,5.9607196,19.14389,6.0124016,20.068542,6.006585,NA,7.8749266,8.500507,5.191319,7.0163007,21.09644,3.7733862,0.69053936,6.696224,13.650759,9.869656,1.1056654,2.105066,3.3016791,7.2907896,16.492044,11.22806,5.6030774,17.59627,8.431257,18.383842,6.8219295,18.98953,16.53041,8.917058,8.9908905,17.359398,7.0906796,6.782698,18.69298,19.475328,17.4231,21.276123,3.3956,3.8561103,5.6030774,5.9607196,17.560936,5.7985053,4.9602633,13.217424,8.134783,5.940371,19.131538,5.7985053,5.21417,7.6659474,5.451875,4.5454226,17.495695,5.7985053,8.031071,4.6579504,17.521029,7.517014,7.4241242,9.91411
"280","2025-20",11.217167,13.803811,12.828341,14.828182,8.304954,13.972022,19.127472,11.094081,12.175178,14.995312,25.764013,7.2846284,7.3822727,9.483186,34.308342,28.77816,10.596217,9.170937,10.020126,9.353322,13.018055,17.48171,12.421164,15.009378,10.8075905,NA,13.715024,8.862631,14.204341,13.2356615,7.733217,11.83678,3.8903031,12.178415,10.146419,7.793805,14.313333,8.784596,8.67023,10.596217,19.163956,17.38528,10.835369,8.45075,14.730509,8.527339,14.447806,15.17158,22.02805,18.367802,15.23839,14.252621,16.497179,13.891646,12.59502,14.091762,12.9011965,15.778907,15.964651,11.415755,10.835369,13.018055,18.902626,10.483364,10.708123,12.923209,17.54095,12.175178,5.3961434,10.483364,16.850227,13.668541,20.87373,19.460068,14.226855,10.483364,6.0338616,9.093029,14.265125,5.0877566,13.194928,16.714796
"281","2025-21",14.456667,13.901133,9.372511,8.086318,0,14.320891,12.537708,0,6.5443892,7.4857244,25.942116,0,3.8087504,0,25.160463,20.672832,7.3014526,8.122971,11.652957,7.282951,7.333175,12.065563,6.616236,12.918811,4.9961567,NA,5.829589,2.4008136,7.9671764,7.624347,13.332345,8.608251,4.946127,7.614578,11.30486,0,5.551098,7.3647356,4.903221,7.3014526,18.855127,8.968734,5.185342,15.635482,7.1006165,15.284884,6.0957985,13.14944,19.053204,12.508358,11.300692,14.754194,17.38434,7.0904417,10.460808,10.820404,14.697477,16.764906,6.739528,12.017624,5.185342,7.333175,14.010923,5.744846,5.804576,7.817003,8.669709,6.5443892,14.369494,5.744846,10.270479,8.346178,11.397689,8.699503,12.61485,5.744846,0,6.2917128,12.874098,7.0803914,0,10.89792
"282","2025-22",3.7827551,0,3.6064944,6.1188407,4.402155,0,5.601322,0,2.6643338,5.635605,11.0796795,0,5.9781446,2.1995463,8.851517,15.819179,3.9907584,5.3374376,7.711025,5.089552,0,5.0600877,4.028975,6.101781,6.034676,NA,4.1113377,5.903509,10.343816,3.6610923,6.3662415,5.5387106,0,3.6841748,7.591846,2.4638128,5.5561595,4.285464,3.0738053,3.9907584,5.540029,0,4.8117833,2.9352298,4.633446,2.796604,4.881916,5.1508083,11.930303,3.4313982,12.511404,0,8.879391,3.0127375,3.8277853,0,8.415418,11.037983,5.8657265,5.0869823,4.8117833,0,5.3855805,5.9347634,2.9707088,5.28562,7.5255923,2.6643338,5.4452972,5.9347634,9.286587,3.1642942,9.80167,7.362404,7.709462,5.9347634,3.0109031,0,6.038463,0,5.658595,3.2508023
"283","2025-23",12.442153,12.776823,26.714518,12.343377,11.8347,13.87096,15.570808,11.968667,21.978441,12.426887,14.543732,16.465147,10.826735,9.9459305,12.289082,19.495516,17.495676,12.674138,17.116377,12.421055,10.437959,20.427162,11.747803,23.15869,20.758665,NA,14.654581,10.685132,13.183271,20.278044,23.569262,18.013407,23.226892,23.494541,17.978918,8.433353,0,16.168139,7.9231544,17.495676,31.995043,14.7948885,20.269617,15.755996,27.301443,22.212427,21.100891,22.499971,14.467603,26.04808,14.0566635,13.092286,10.298367,18.98562,22.154663,22.320614,9.446406,21.249563,27.277748,17.017462,20.269617,10.437959,28.913198,15.523328,11.741941,35.358307,14.085048,21.978441,24.327137,15.523328,16.993649,24.457296,11.259828,13.051365,14.192566,15.523328,10.978302,24.772715,22.281874,11.129457,24.18236,26.702383
"284","2025-24",21.17311,9.510315,11.597023,9.581542,5.854274,11.877386,12.0479355,20.633461,10.6472,9.119876,14.053211,17.53714,6.846859,21.083216,13.16246,19.495516,9.375983,8.423248,11.435814,9.410166,9.209551,10.213581,8.907746,10.628463,8.853914,NA,11.807253,18.145466,13.183271,8.656792,20.457464,8.662201,10.679736,9.935318,12.243637,13.484382,8.153921,19.149948,11.235124,9.375983,12.09493,10.016773,7.8178515,17.388092,9.967502,21.168606,6.788521,10.206092,20.935413,11.736409,11.88047,8.644551,18.544771,12.436746,8.123773,7.426492,6.631182,11.934773,10.144351,10.275667,7.8178515,9.209551,13.304781,8.342929,7.676689,13.061589,9.050637,10.6472,21.85017,8.342929,11.834256,11.518291,12.872165,11.147708,12.587969,8.342929,15.228608,8.257571,11.556036,12.396576,8.060786,10.792536
"285","2025-25",7.5688777,15.066361,18.261059,10.192853,12.139515,10.338058,13.747276,8.542601,19.995293,9.5810375,18.53722,6.029445,10.976249,6.2873573,13.712653,17.955631,13.6194,11.169784,19.746197,12.034654,16.022943,13.720353,9.517654,11.196476,13.646102,NA,8.806024,23.524,23.08093,17.068548,7.092585,9.046916,12.768178,15.58687,16.865528,6.0472713,13.097389,15.658847,23.334732,13.6194,11.15374,14.7584915,15.266035,6.607362,12.05823,5.8393307,15.5787525,11.80351,13.842202,14.845989,24.395157,16.596842,26.517353,16.096392,8.345763,13.969456,17.351059,30.703417,26.14516,21.624794,15.266035,16.022943,15.879767,15.468884,17.913027,16.537857,10.368183,19.995293,6.6628394,15.468884,20.953178,14.560402,25.258585,7.5734982,21.756989,15.468884,5.1460056,15.894953,14.65092,9.90702,15.153945,22.83522
"286","2025-26",17.118044,15.240337,19.800629,17.974684,18.04651,20.490088,17.072643,34.184856,19.995293,16.969336,15.483694,11.400078,16.464373,12.574715,11.520259,18.105488,20.4291,19.74466,19.695242,22.958996,14.571175,12.378519,14.792047,11.691764,20.469154,NA,21.051708,21.594597,25.852636,17.068548,10.638878,23.838371,18.882717,23.380304,18.38436,26.96075,13.097389,17.348824,18.666924,20.4291,17.643682,23.404928,16.088444,13.213463,15.206599,15.415063,23.75589,11.998294,12.53265,17.50817,36.592735,17.50699,16.450676,24.830072,16.607498,18.872845,15.63532,20.468945,37.304844,28.84908,16.088444,14.571175,14.510096,14.149488,15.725496,22.024736,14.828796,19.995293,14.005099,14.149488,33.878338,18.170563,14.922658,12.559126,28.185116,14.149488,14.578775,18.170929,10.564181,16.698866,26.51355,29.047289
"287","2025-27",5.5191126,11.508645,11.064189,10.81663,9.052398,10.245044,11.407901,2.7242637,16.290417,10.574527,10.442977,3.329092,6.8222528,2.5966752,13.834328,14.613372,12.18606,9.204642,12.911816,10.429392,10.0758505,9.225683,10.608825,7.1830254,14.136734,NA,14.835489,8.172124,18.633413,16.204779,7.00112,11.919186,2.8214436,14.497599,10.583954,1.415858,12.879922,12.381763,5.0419626,12.18606,12.027336,11.303757,14.865817,5.2082715,9.220262,4.3902283,11.421614,9.166646,16.239971,12.54659,26.219738,9.294388,24.109503,14.264373,5.806488,9.531754,15.63532,14.83045,25.647324,17.607203,14.865817,10.0758505,13.275676,9.349449,14.244468,17.89757,10.763338,16.290417,4.9294143,9.349449,23.607265,13.496572,17.37069,10.182088,13.581709,9.349449,7.816501,7.92412,7.5766196,6.0230947,14.4919195,15.058104
"288","2025-28",2.1948607,4.106583,1.9020987,0,1.8051679,2.810384,3.8004324,2.122651,0,0,1.975012,0,0,1.3672771,0,0,0,0,2.9079301,0,0,4.045211,0,2.5013688,1.9760506,NA,2.7736723,9.696089,9.316707,0,2.3871813,0,0,0,4.998678,0,3.472175,4.756914,2.5209813,0,3.7919345,0,0,1.9251876,0,0,0,2.7553756,4.024951,0,0,2.5775962,8.8321295,0,2.4524853,2.7057471,5.148885,0,9.432117,5.8684034,0,0,0,0,0,0,0,0,2.674814,0,7.786741,0,6.631264,5.091044,6.777418,0,4.1986437,0,2.0933874,0,2.650877,0
"289","2025-29",0,3.7219026,0,2.1507893,0,3.2769725,0,0,0,0,0,0,0,0,0,0,0,0,2.9079301,2.532563,0,0,0,0,0,NA,0,0,12.814189,0,0,7.0968328,0,0,3.2171538,0,10.416525,0,0,0,0,3.0832007,0,0,0,0,0,0,0,0,7.9618936,2.9758372,14.963059,0,0,3.3329806,0,4.8543277,0,3.060667,0,0,0,0,0,0,0,0,0,0,5.0993185,0,0,6.8184423,3.388709,0,0,0,2.1219194,0,0,0
"290","2025-30",4.034021,2.6637785,6.876661,1.8655722,2.707686,3.6532552,1.9372926,0,5.8757944,1.7185793,7.0459166,0,3.0511296,2.4852514,8.079491,12.270275,2.0517542,2.4076164,5.519402,3.2830613,1.7362936,3.466071,1.5664626,1.8407658,2.2928023,NA,9.429223,13.982183,12.208887,3.428878,6.3790627,9.808081,2.9449959,2.3160079,4.849588,0,7.0112057,6.0462823,3.2337215,2.0517542,4.694767,2.3948977,2.656027,6.131386,5.005385,3.461996,4.271736,3.1696577,12.524878,5.9825797,12.712061,7.1326113,14.664481,8.779289,2.196103,3.3950365,8.9507265,8.46345,8.362242,7.1872783,2.656027,1.7362936,5.5558667,1.6208968,2.235412,5.454201,1.8875085,5.8757944,4.4715567,1.6208968,4.84213,5.2087097,9.1678505,10.230237,6.727581,1.6208968,5.8490376,9.705313,2.4725182,6.506924,5.5686274,7.0351005
"291","2025-31",2.758878,7.603479,6.876661,9.116718,0,7.3065104,6.186966,0,0,0,9.272711,0,2.357876,0,8.079491,6.1351376,0,4.8152328,6.07447,6.0945463,7.790763,3.466071,0,8.302453,0,NA,9.429223,9.321455,12.981458,0,0,11.987768,0,0,9.331195,0,0,4.6629343,6.467443,0,0,7.472327,0,0,5.005385,1.4008298,4.271736,6.3393154,12.524878,5.9825797,12.712061,7.1531215,21.99672,0,0,7.2712464,8.9507265,12.362006,8.362242,0,0,7.790763,5.5558667,0,0,5.454201,5.1988325,0,0,0,11.165533,5.2087097,5.824393,0,13.908474,0,0,0,6.4331512,0,0,7.0351005
"292","2025-32",6.6256714,13.625781,0,0,6.8721123,9.728422,19.421621,0,13.210999,0,0,0,4.021087,0,4.734502,0,0,6.1636596,15.250202,9.886532,0,8.199553,0,8.302453,0,NA,0,0,10.158578,0,3.9165516,9.1263,0,0,9.486401,0,7.713997,0,0,0,8.746092,0,0,8.249565,14.184172,3.4586096,7.678099,8.672698,9.8813505,0,18.744307,7.1531215,0,0,7.3377347,9.223418,0,9.494051,0,19.43463,0,0,12.341291,0,0,20.827646,0,13.210999,0,0,11.47782,0,8.529494,0,9.262144,0,8.836162,4.4613514,0,4.637912,9.12484,22.201468
"293","2025-33",6.4892516,6.6972604,9.57194,0,0,7.136785,12.712225,9.980681,0,0,11.264377,0,0,8.228368,13.902315,17.140207,0,0,0,0,0,5.3215704,0,4.8034573,0,NA,10.109195,0,8.619116,7.278967,10.549619,9.342106,9.015686,0,6.8064203,4.121322,8.882994,0,8.991484,0,10.840709,9.390734,0,15.696687,11.250497,9.463741,0,9.552321,11.881925,9.839116,12.505374,4.4946446,6.9808416,15.823589,5.046648,7.160957,6.565201,0,0,0,0,0,8.807284,0,0,17.353899,0,0,13.139453,0,0,12.0463705,9.408839,0,8.694749,0,0,4.3254623,8.178559,0,0,12.894281
"294","2025-34",7.751001,4.382914,0,0,0,4.661417,5.8720217,8.465618,0,0,11.264377,17.377705,0,12.917677,8.481376,9.968518,0,0,10.112682,0,0,4.693105,0,8.408666,3.7168965,NA,5.0992556,0,0,3.3680522,15.478563,5.463599,6.4254303,0,5.2844963,9.564384,0,23.281263,0,0,11.190369,0,0,18.630665,3.0231876,18.79771,0,3.5900404,10.1124325,6.4555283,23.961433,7.9712925,0,0,14.45077,6.037594,0,11.717331,19.371605,13.514184,0,0,6.6619263,0,0,11.8745575,0,0,19.959362,0,0,4.2409163,0,0,8.719978,0,26.36045,0,0,14.883855,0,9.003914
"295","2025-35",4.458692,7.9812336,8.851237,8.323732,5.3640013,9.322834,9.051007,16.382303,9.770178,5.751723,7.058666,9.710312,4.7917757,3.5569959,8.254808,10.342157,11.72406,7.0772905,10.602214,5.991097,7.4446507,3.3734047,3.8302689,7.771611,8.026134,NA,5.541456,10.8397455,5.3712807,8.630182,7.7392817,6.7010455,7.4856668,12.330145,5.2844963,9.029412,6.7743897,13.007559,7.990252,11.72406,5.5559587,6.8751426,8.046695,7.01568,6.0463753,8.959558,4.362637,3.7233956,4.308684,9.171166,9.477575,7.9712925,8.635676,14.7889185,6.647414,8.786611,9.012319,11.311926,10.020516,8.849916,8.046695,7.4446507,8.766592,9.426369,11.288778,4.4768605,8.014613,9.770178,7.319282,9.426369,4.879068,8.4818325,6.138294,5.6831017,11.406516,9.426369,5.422288,5.032381,5.1409183,16.372122,10.043107,8.57847
"296","2025-36",6.9346747,14.874563,10.39996,8.128934,8.584397,10.715852,9.805387,3.6876493,4.6851225,7.3374047,15.991348,2.2934525,6.938661,3.962512,14.070837,22.3681,4.409595,7.7316136,11.386914,4.690123,8.438491,10.832777,4.0803013,12.145268,3.9334614,NA,10.382875,11.028148,7.0623317,9.807762,6.553767,5.655089,0,10.944418,10.913987,1.3604006,4.497193,7.138282,8.141647,4.409595,13.57221,11.295299,3.3945124,4.441949,12.625652,2.3911073,3.6802294,10.902414,15.282867,13.431985,13.004813,13.072634,8.064403,15.239079,6.8604155,12.332928,20.941412,8.062565,10.902035,12.048295,3.3945124,8.438491,10.838013,7.739249,3.4814427,11.117963,4.6365476,4.6851225,3.5453274,7.739249,7.180591,11.494642,7.043493,10.700847,12.512125,7.739249,5.7272987,10.650579,10.811282,4.2946053,4.4975157,10.213034
"297","2025-37",9.113275,13.04946,32.405495,23.875723,10.582426,21.028423,19.610773,7.3752985,15.697096,14.306351,0,9.534206,9.542782,6.0337763,7.0354185,0,18.514198,13.791611,11.386914,12.263333,16.876982,15.771851,19.990566,15.122006,19.868721,NA,22.320766,12.936442,9.517507,15.877882,9.3451805,12.468246,0,21.888836,18.179134,7.410561,0,11.466428,3.7625906,18.514198,23.228415,11.475413,21.969776,14.147132,19.033813,7.702851,14.819551,24.410759,9.327756,22.033033,19.883566,14.208477,6.94266,18.648552,21.401121,19.902441,12.717619,18.378199,16.01811,14.109161,21.969776,16.876982,19.648033,22.627605,20.202261,14.772426,14.256688,15.697096,8.33064,22.627605,13.788959,18.870447,6.8503914,0,21.398327,22.627605,11.601853,5.3252897,21.622564,7.9993277,23.235058,22.738363
"298","2025-38",8.466434,16.19766,16.531342,7.9258637,5.2809153,11.408047,8.872239,11.161307,13.391385,6.5412617,14.509619,9.196646,6.106945,7.73488,9.952778,5.339512,7.6308126,6.060881,0,7.567134,10.894342,6.3066087,13.022748,12.576867,10.114928,NA,17.21132,9.844187,0,7.3970475,9.737015,7.1633906,6.7045183,7.9179864,12.560714,9.305431,0,5.139994,0,7.6308126,13.767423,8.958604,7.6332955,10.615705,13.716692,5.560874,5.4666314,12.411365,7.5123153,14.307758,9.912815,6.433022,5.231281,15.199923,10.847329,13.288866,12.717619,19.200148,5.6814,6.945953,7.6332955,10.894342,15.756722,0,8.116655,8.982002,7.4734483,13.391385,12.374896,0,4.329313,12.789105,0,0,12.409514,0,9.161904,0,11.969036,5.207921,7.4390445,13.408379
"299","2025-39",18.096935,13.543665,16.623219,7.9258637,0,11.598126,18.051004,19.747978,12.097849,9.000556,13.993907,24.054829,6.106945,19.246628,6.7107196,15.849847,9.161452,6.903121,16.919975,6.217226,7.71117,11.894626,9.515802,11.073857,10.114928,NA,16.056879,16.400486,0,0,21.125437,8.276326,0,11.324479,11.618294,15.276169,0,0,0,9.161452,22.327173,11.863361,8.64964,37.3607,13.716692,26.452684,10.348673,12.411365,11.160323,21.256615,8.136703,13.460496,0,17.228216,21.694658,12.3051605,13.752527,18.280092,8.947536,6.266637,8.64964,7.71117,19.99627,0,0,14.35401,9.202086,12.097849,18.103333,0,0,10.511553,0,0,13.734207,0,16.752234,0,22.043566,12.302232,0,14.576072
"300","2025-40",18.050646,20.3154985,16.623219,16.74018,11.7758475,23.196253,13.538253,12.8136975,12.300269,18.173514,20.99086,18.0411215,12.53971765,15.697227,21.17134,23.774769,13.7421785,18.11028525,19.6402225,18.31881,12.963963,10.8668115,14.2737035,5.1012555,14.1940125,NA,16.056879,16.400486,4.887018,10.979608,24.518721,16.7741685,20.1130235,16.9867185,17.42744,16.076855,11.722846,7.752934,4.200464,13.7421785,22.327173,13.631899,12.97446,26.7483165,14.176443,17.635122,18.368394,4.4213505,22.3206465,15.942461,27.3010025,20.1907425,7.39963,17.228216,16.6416735,24.61032025,14.5172195,9.140046,13.4213045,12.533274,12.97446,12.963963,14.9972025,14.171994,13.663425,18.32756,13.8031295,12.300269,14.429117,14.171994,7.112244,15.7673295,10.339636,17.5723885,20.60131,14.171994,10.46892,16.5525725,5.7737845,18.453348,18.076056,11.467722
