"","week","507","112","201","110","306","106","205","504","402","407","603","505","301","506","610","608","118","103","117","308","102","602","408","611","108","607","203","215","706","401","511","304","510","303","120","501","701","214","705","115","604","107","114","509","206","502","307","209","605","207","302","609","702","208","601","104","119","606","216","210","406","101","204","409","405","202","109","404","503","403","410","212","703","704","105","113","508","305","116","213","111","211"
"1","2020-1",24.8148014,20.0306984,18.1990866,16.1087037,14.1526392,16.0365696,19.9265702,25.8878906,16.4179398,18.9797354,21.1962774,27.0829348,16.4687114,25.6904036,28.2643936,18.652797,17.4822484,15.4507677,15.0870447,13.5316737,18.345727,25.5806388,18.5277254,28.339729,16.1887402,23.38990632,18.8618844,26.5857466,24.1296036,14.5431358,24.0746532,18.2962428,26.9649234,16.4680988,16.9755368,25.0511686,18.8321896,26.3871064,24.8512522,17.4822484,21.5317342,19.9914602,16.9980372,24.1826278,18.4276518,23.9986588,15.0337318,25.990906,28.0945304,18.9887544,15.0413102,29.023274,26.3875846,16.9713154,27.9098404,22.6010402,20.7415332,28.8468468,24.6187456,25.8643164,16.9980372,18.345727,21.7599086,18.0023836,17.0432168,19.9516248,18.5153698,16.4179398,24.3632996,18.0023836,25.526866,16.4518902,24.3375802,19.0406538,21.1911784,18.0023836,21.8376738,19.0185294,24.8475138,27.5746316,15.6450508,17.8558214
"2","2020-2",25.7348017142857,20.3076345714286,19.1357101428571,16.678915,14.743044,16.3360171428571,20.8478065714286,27.4019998571429,17.3190057142857,19.7998775714286,21.4210857142857,28.2435575714286,16.9512475714286,26.9060781428571,27.855975,18.5877005714286,18.1272584285714,15.9224237142857,15.3687047142857,13.8822861428571,19.0226418571429,26.1537204285714,19.4265041428571,28.683706,16.9032824285714,23.3825160571429,19.8101462857143,27.6709908571429,25.4046611428571,15.470576,24.6764825714286,18.8093685714286,27.6794414285714,17.1026695714286,17.2787802857143,26.9739625714286,19.4322045714286,27.7207594285714,25.5773401428571,18.1272584285714,22.2589941428571,20.600349,17.813189,24.5855377142857,19.3653921428571,25.0818072857143,15.7963521428571,26.5643177142857,28.1302348571429,19.9851351428571,15.4189785,29.3626528571429,27.3344994285714,17.8992767142857,28.0268445714286,22.8862748571429,20.9175841428571,29.1598835714286,25.4516075714286,26.8445111428571,17.813189,19.0226418571429,22.6294737142857,18.7630987142857,17.8838701428571,20.7326827142857,19.21283,17.3190057142857,25.316105,18.7630987142857,26.5733777142857,17.3364033571429,25.2983051428571,19.6527045714286,21.4763365714286,18.7630987142857,22.8178677142857,19.7612888571429,25.184149,28.3626557142857,16.426155,18.6767962857143
"3","2020-3",26.1342074285714,21.3987042857143,20.086201,17.6824944285714,15.598815,17.3766552857143,21.8323372857143,27.3567202857143,18.187039,20.7800782857143,23.1728972857143,28.4514998571429,17.8803348571429,27.0258615714286,29.4918828571429,20.0149124285714,19.027362,16.8970272857143,16.2489975714286,14.8266467857143,19.9938325714286,26.7022098571429,20.3768138571429,29.4006162857143,17.7457355714286,24.8224907142857,20.7762124285714,27.773427,25.8458238571429,16.2554938571429,24.8901671428571,19.6343005714286,27.8488398571429,17.9832707142857,18.2401637142857,27.142487,20.2520638571429,27.7754302857143,25.9386882857143,19.027362,22.8568915714286,21.6772688571429,18.6383517142857,24.8829721428571,20.2726485714286,25.3419428571429,16.5975284285714,27.34172,29.2303282857143,20.9597621428571,16.2984669285714,30.4010685714286,27.4871587142857,18.8019111428571,28.387591,23.8900998571429,22.2024327142857,29.9436651428571,25.9899254285714,27.251031,18.6383517142857,19.9938325714286,23.5073712857143,19.6631678571429,18.7502491428571,21.4345607142857,20.2202485714286,18.187039,25.393599,19.6631678571429,26.9006548571429,18.191142,25.6508898571429,20.6461608571429,22.2960234285714,19.6631678571429,22.9956648571429,20.4323642857143,26.0136448571429,28.4269918571429,17.2300807142857,19.4527417142857
"4","2020-4",24.2254755714286,20.450103,18.6714608571429,16.6711231428571,14.9418394285714,16.5614035,20.3218225714286,24.9199047142857,16.899626,19.5078301428571,22.5085217142857,26.5564552857143,17.2642121428571,24.775811,28.3620927142857,19.3374132857143,18.0754765714286,16.1392948571429,15.3935172857143,14.3082227142857,18.8877415714286,25.5153265714286,19.048878,28.612937,16.7769717142857,24.0368193142857,19.3057207142857,25.6570855714286,25.071404,14.992933,22.8907511428571,19.278098,26.0698611428571,17.1035725714286,17.3382518571429,24.3601268571429,19.9026338571429,25.523654,25.6965632857143,18.0754765714286,21.3876427142857,20.4539755714286,17.5280868571429,23.4086528571429,18.7258437142857,22.9299178571429,15.702483,26.2169695714286,28.2623328571429,19.3804611428571,16.0351775714286,29.0311405714286,26.214535,17.378673,27.7439701428571,22.9557862857143,21.713736,28.4638082857143,24.4908402857143,25.4469154285714,17.5280868571429,18.8877415714286,22.0349957142857,18.5452991428571,17.5677578571429,19.8912312857143,19.0353385714286,16.899626,23.147312,18.5452991428571,25.4737022857143,16.7012765714286,25.2576765714286,20.3208722857143,21.1641765714286,18.5452991428571,20.9353607142857,20.0514594285714,25.1340655714286,26.7023881428571,16.2630108571429,17.9680458571429
"5","2020-5",24.8724065714286,19.9826848571429,18.4838324285714,16.2660878571429,14.470363,16.0573057142857,20.0725135714286,24.9073067142857,16.7936732857143,19.1583028571429,21.2395195714286,26.8438812857143,16.4982148571429,25.1511342857143,28.0843304285714,18.6841007142857,17.6945594285714,15.5901078571429,14.9175572857143,13.4762297142857,18.5092698571429,25.8074538571429,18.7665811428571,28.4501962857143,16.3923748571429,23.4011702,19.1168657142857,26.1948392857143,25.1146254285714,15.0619761428571,24.0578987142857,18.3940295714286,26.2433182857143,16.6067297142857,16.939131,24.1899635714286,19.6455788571429,25.7961727142857,25.4605042857143,17.6945594285714,21.8130348571429,20.0443095714286,17.3330542857143,24.2780554285714,18.7420778571429,23.8616711428571,15.4840478571429,26.1230588571429,28.1453832857143,19.1800634285714,14.9648430714286,28.9428818571429,26.8611688571429,17.3543307142857,28.2069102857143,22.5731428571429,20.852517,28.6948485714286,24.7339491428571,25.7124851428571,17.3330542857143,18.5092698571429,21.981599,18.2408127142857,17.3564672857143,20.3397265714286,18.6554537142857,16.7936732857143,24.1588597142857,18.2408127142857,25.6796422857143,16.8906442857143,25.1538355714286,20.0038092857143,20.9941967142857,18.2408127142857,21.5823508571429,19.381936,24.9080382857143,27.1465204285714,16.0199027142857,18.2963847142857
"6","2020-6",25.2110671428571,20.5721438571429,18.3523382857143,16.4244497857143,13.8423629285714,16.5771097142857,20.3119154285714,26.1734724285714,16.6435932857143,19.0323775714286,21.058328,28.1545797142857,16.075096,25.9412411428571,28.0940671428571,18.6005402857143,17.547152,15.6854785,15.3029471428571,13.3615605714286,18.4605452857143,26.2703057142857,18.5823062857143,29.418275,15.8660905,23.4960243142857,19.0281258571429,26.8722971428571,23.9831395714286,14.9373797142857,24.1729448571429,17.5736108571429,26.8104047142857,16.1366008571429,17.4962328571429,25.4028331428571,18.6439265714286,26.7392042857143,24.243853,17.547152,22.3300032857143,20.3137994285714,17.0753364285714,24.5523905714286,18.7842701428571,24.1108944285714,14.9017838571429,26.7492621428571,28.6260482857143,19.3720777142857,14.4779858571429,29.8696851428571,26.2397471428571,17.242886,29.0376322857143,23.3340558571429,21.1011378571429,29.560783,24.4611525714286,25.6681882857143,17.0753364285714,18.4605452857143,22.459355,18.043677,17.1402724285714,20.4876557142857,18.6746824285714,16.6435932857143,24.6974068571429,18.043677,25.2764901428571,16.8466708571429,23.6510604285714,19.2286922857143,21.6599977142857,18.043677,22.3255364285714,18.6154087142857,25.8074072857143,27.9441201428571,15.4853832857143,18.1654607142857
"7","2020-7",25.8848555714286,21.1622897142857,19.419128,17.2716932857143,14.7919418571429,17.2633441428571,20.9875861428571,27.850975,17.7648987142857,19.9980664285714,21.7028854285714,29.0844512857143,17.0403992857143,27.2735655714286,28.7518458571429,19.4232537142857,18.5335634285714,16.5724514285714,16.0279604285714,14.2816492857143,19.3736421428571,26.4916447142857,19.6216242857143,29.548398,16.9120614285714,24.0888126857143,20.031357,28.4489017142857,25.3350041428571,16.1500872857143,24.6530642857143,18.677756,27.8222928571429,17.1365117142857,18.2008785714286,27.2457047142857,19.1567208571429,28.7672354285714,24.8184862857143,18.5335634285714,22.7461998571429,21.0386992857143,18.193253,24.9651327142857,19.670149,24.9586358571429,15.9146611428571,27.0765168571429,29.090151,20.0999127142857,15.5958032857143,30.3928652857143,27.6804928571429,18.3598997142857,29.0175047142857,23.7299602857143,21.4759274285714,30.0194124285714,25.9674671428571,27.3342328571429,18.193253,19.3736421428571,23.0014417142857,19.0624292857143,18.2302937142857,21.2835948571429,19.556297,17.7648987142857,25.5947042857143,19.0624292857143,26.9938117142857,17.8775265714286,24.6318342857143,19.8301414285714,22.3401274285714,19.0624292857143,23.6499192857143,19.7777638571429,26.0207705714286,29.0748242857143,16.5481942142857,19.141418
"8","2020-8",26.8583101428571,21.7160362857143,19.7957075714286,17.6483517142857,14.8596998571429,17.6425788571429,21.7093807142857,28.5085094285714,18.0485435714286,20.3865235714286,22.005361,29.6078671428571,17.169128,28.0814862857143,29.3208355714286,19.7201818571429,18.7611252857143,16.8095605714286,15.9089138571429,14.3584601428571,19.7265238571429,27.3025425714286,19.981928,30.2612034285714,17.0981030714286,24.4088064571429,20.4512952857143,29.0056141428571,25.2607692857143,16.3631515714286,25.815004,18.6524602857143,28.3130478571429,17.3159728571429,18.3815165714286,28.0100304285714,19.337966,29.0862312857143,24.9771281428571,18.7611252857143,23.5250327142857,21.6238424285714,18.4122097142857,25.9443358571429,20.1320542857143,26.150174,16.0251757142857,27.9007514285714,29.4922801428571,20.7684018571429,15.5535787142857,30.7238578571429,27.4713721428571,18.7014582857143,29.7018874285714,24.407608,21.5053737142857,29.8557505714286,26.1161847142857,27.663852,18.4122097142857,19.7265238571429,23.8292467142857,19.3413825714286,18.4944545714286,21.8067472857143,19.9740118571429,18.0485435714286,26.4203341428571,19.3413825714286,26.885773,18.25135,24.5261661428571,19.8749594285714,22.2148275714286,19.3413825714286,24.3503977142857,19.7450857142857,26.8196508571429,29.5318897142857,16.6943085714286,19.540431
"9","2020-9",26.0126818571429,20.7671921428571,18.8558397142857,16.7178185,14.0245961428571,16.7539680714286,20.8689488571429,26.6444815714286,17.0623942857143,19.4199095714286,20.916124,28.9686718571429,16.259711,26.5363528571429,28.0635364285714,18.7087188571429,17.7741228571429,15.8793208571429,15.379858,13.5208112857143,18.7752652857143,26.697003,19.0127468571429,29.6788688571429,16.0832251428571,23.4109159714286,19.5551952857143,27.3908391428571,24.1329334285714,15.3530008571429,24.9841472857143,17.7573451428571,27.4036691428571,16.344828,17.611265,26.2338211428571,18.3485404285714,27.252465,24.0627135714286,17.7741228571429,22.9430698571429,20.706445,17.3592728571429,25.393719,19.3440682857143,25.183705,15.0883198571429,27.1888265714286,28.333199,19.9663521428571,14.6867446428571,29.9858501428571,26.4348357142857,17.7710195714286,29.5104871428571,23.5281374285714,21.0330015714286,29.3946462857143,24.8005041428571,26.108296,17.3592728571429,18.7752652857143,23.0600821428571,18.3335055714286,17.4738465714286,21.0842365714286,19.0341771428571,17.0623942857143,25.8908014285714,18.3335055714286,25.3276634285714,17.4091614285714,23.7812544285714,18.4318861428571,21.6566928571429,18.3335055714286,22.8817471428571,18.7651678571429,26.0840045714286,28.4555038571429,15.6951978571429,18.7210045714286
"10","2020-10",26.1223552857143,20.9749141428571,18.9012875714286,16.7117244285714,13.7936471428571,16.8720241428571,21.1447022857143,27.7295897142857,17.1053584285714,19.3934088571429,20.2168758571429,29.2889354285714,16.1130148571429,27.2743635714286,28.3502191428571,18.7904975714286,17.6721878571429,15.821376,15.336638,13.4486966428571,18.7232307142857,27.5404568571429,19.0590368571429,30.5152411428571,16.0109358571429,23.1997477714286,19.6186031428571,28.4012435714286,24.1027087142857,15.4100655714286,25.114751,17.374721,27.5533398571429,16.2515321428571,17.7403968571429,26.8498452857143,18.1190297142857,28.4080395714286,23.8574015714286,17.6721878571429,23.4513268571429,20.7960975714286,17.368028,25.5193531428571,19.442174,25.132512,14.9083028571429,27.952901,28.3329014285714,20.2656762857143,14.3538400714286,30.483084,26.8994358571429,17.8074812857143,30.071164,23.927729,20.3082448571429,29.9157165714286,25.1438532857143,26.8015605714286,17.368028,18.7232307142857,23.7997245714286,18.2636755714286,17.500465,21.3728154285714,19.0160315714286,17.1053584285714,25.8396207142857,18.2636755714286,25.856049,17.4666844285714,23.6573957142857,18.2264917142857,21.8333988571429,18.2636755714286,23.7469798571429,18.2095854285714,26.8870427142857,29.2158295714286,15.5557817142857,18.7754444285714
"11","2020-11",26.6513125714286,21.3487098571429,19.2393795714286,17.1229911428571,14.2298661428571,17.3031098571429,21.5564218571429,28.4030135714286,17.4611034285714,19.7477308571429,20.5409521428571,29.7751318571429,16.5844151428571,27.8815345714286,28.2927584285714,18.8846005714286,18.0707955714286,16.2731901428571,15.8100634285714,13.9543234285714,19.1107718571429,27.9301124285714,19.4005328571429,30.6769141428571,16.3860722857143,23.4028190285714,19.9649221428571,28.8797178571429,24.6529185714286,15.7879064285714,25.8714445714286,17.8780364285714,27.9997094285714,16.657559,18.1304187142857,27.6235988571429,18.1649528571429,29.052894,23.9329928571429,18.0707955714286,23.8266644285714,21.173347,17.7270015714286,26.1775331428571,19.8139665714286,25.9310391428571,15.3006185714286,28.2961022857143,28.4217534285714,20.6808158571429,14.9293476428571,30.278333,27.109411,18.1447035714286,30.317106,24.216281,20.8740305714286,29.9025371428571,25.5180225714286,27.224974,17.7270015714286,19.1107718571429,24.2237767142857,18.626663,17.8526322857143,21.701568,19.3964032857143,17.4611034285714,26.4204041428571,18.626663,26.3555454285714,17.8056655714286,24.0037104285714,18.0565384285714,22.1415441428571,18.626663,24.2286395714286,18.7045597142857,27.2043451428571,29.6262735714286,15.9356971428571,19.0866644285714
"12","2020-12",26.6093772857143,21.269527,19.1236094285714,16.9858551428571,14.0974467142857,17.2859547142857,21.3069984285714,28.2662195714286,17.3321332857143,19.5965711428571,20.5506641428571,29.5365834285714,16.53303,27.7894057142857,28.2008331428571,18.6149797142857,17.950138,16.1951731428571,16.3262965714286,14.0464056428571,18.9673828571429,27.6580784285714,19.2603445714286,30.3524904285714,16.2395127857143,23.4033946,19.8398638571429,28.6840782857143,24.5126631428571,15.6595993571429,25.8014747142857,17.8473971428571,27.7596774285714,16.5384037142857,18.3380792857143,27.4532448571429,18.0794037142857,28.9438254285714,23.8232104285714,17.950138,23.6556917142857,20.981899,17.5780517142857,26.0027252857143,19.6922447142857,25.8300945714286,15.1042711428571,27.9924157142857,28.6482651428571,20.4544555714286,15.053636,30.563093,27.1686884285714,18.0537308571429,29.9319535714286,24.0331458571429,21.0022308571429,30.69423,25.5652842857143,27.2218171428571,17.5780517142857,18.9673828571429,23.9590492857143,18.4842208571429,17.7083402857143,21.6904924285714,19.2418367142857,17.3321332857143,26.2542904285714,18.4842208571429,26.3515935714286,17.7400298571429,23.9739965714286,17.9117957142857,22.8066312857143,18.4842208571429,24.0986182857143,18.3708724285714,26.8956745714286,29.3949988571429,15.7564052857143,19.0727804285714
"13","2020-13",26.000029,21.1596878571429,18.4137768571429,16.7581498571429,14.0673562857143,17.1883547142857,20.9141167142857,27.686026,16.7150957142857,19.1544874285714,21.3303881428571,29.458167,16.4554035714286,27.1294124285714,28.7201821428571,19.4896317142857,17.6839691428571,16.0709190714286,15.9782835714286,13.96952,18.6535277142857,27.542021,18.7095237142857,30.4105545714286,15.9498505714286,23.9849892285714,19.1347054285714,28.2266622857143,24.2671515714286,14.9899279285714,25.487608,17.8594258571429,27.5160564285714,16.3170612857143,18.0993137142857,26.7200895714286,18.5227812857143,28.3846422857143,24.1915385714286,17.6839691428571,23.2969504285714,20.7017057142857,17.1401507142857,25.8171485714286,18.9567401428571,25.315226,14.9324128571429,27.8602104285714,29.1321247142857,19.9744655714286,15.0236691428571,30.1562965714286,26.7056102857143,17.2197008571429,30.1287248571429,23.9460058571429,21.2526194285714,30.064918,24.6958875714286,26.435371,17.1401507142857,18.6535277142857,23.6274245714286,18.1054264285714,17.2327657142857,20.8065672857143,18.900497,16.7150957142857,25.9972938571429,18.1054264285714,25.6523138571429,16.811665,23.9686892857143,18.5023825714286,22.2495828571429,18.1054264285714,23.4664785714286,18.4967141428571,26.8574781428571,29.3258494285714,15.4872445714286,18.0401447142857
"14","2020-14",24.6232821428571,21.1115222857143,18.0664661428571,16.5736041428571,13.7429847142857,17.0078242857143,21.0716522857143,24.547983,16.2948451428571,18.9456997142857,21.2665608571429,28.0135428571429,16.0366548571429,24.6578365714286,28.6583397142857,19.5263155714286,17.3287432857143,15.7525267142857,15.3682361428571,13.5017715714286,18.4215075714286,27.7576721428571,18.3880904285714,30.5332061428571,15.5862811428571,23.7814159428571,18.8353341428571,25.6546457142857,23.6872335714286,14.481212,24.7369891428571,17.2857197142857,25.8571171428571,15.9509751428571,17.7416721428571,23.6081685714286,18.40804,25.4257617142857,24.0142622857143,17.3287432857143,22.8747957142857,20.7034728571429,16.6811828571429,25.3882134285714,18.635022,23.9644525714286,14.6347618571429,27.9921002857143,28.4690295714286,19.9935142857143,14.341786,29.9413104285714,25.9689674285714,16.800787,30.3918081428571,24.0774032857143,20.986834,29.3020248571429,23.3564985714286,24.5171058571429,16.6811828571429,18.4215075714286,23.702417,17.7881182857143,16.8232395714286,19.8443487142857,18.7336284285714,16.2948451428571,25.129598,17.7881182857143,24.326573,16.3441568571429,23.6320988571429,18.544267,21.5970921428571,17.7881182857143,21.197625,18.0436912857143,27.006092,27.3829491428571,15.1484198571429,17.3723265714286
"15","2020-15",26.5315661428571,22.9229042857143,20.088688,18.4356798571429,15.5965616428571,18.8222854285714,23.10134,26.9082675714286,18.241099,20.8406951428571,23.202987,29.7617687142857,17.867508,26.8370364285714,29.9152875714286,21.1205391428571,19.1047631428571,17.5698148571429,16.9895481428571,15.3345697142857,20.2717592857143,29.289727,20.2999794285714,31.5419174285714,17.3425002857143,25.3027586,20.881101,27.6610085714286,25.513673,16.4697921428571,26.6319148571429,19.1938967142857,27.404844,17.7244622857143,19.4428925714286,25.9905854285714,20.1979572857143,27.6115651428571,25.771835,19.1047631428571,24.7450661428571,22.6268177142857,18.458734,26.7608462857143,20.7635447142857,26.1334451428571,16.4660342857143,29.5491,29.6965761428571,22.0585521428571,16.2302475714286,31.2925125714286,27.6488995714286,18.8885154285714,31.1872695714286,25.7387344285714,22.5784031428571,30.4397591428571,25.4740388571429,26.5892665714286,18.458734,20.2717592857143,25.6139597142857,19.5941455714286,18.647475,22.0399235714286,20.6234385714286,18.241099,26.855387,19.5941455714286,26.3295365714286,18.5270347142857,25.3343071428571,20.435956,23.1036924285714,19.5941455714286,23.2396484285714,20.0753268571429,28.4941265714286,28.9744241428571,16.9574897142857,19.6498372857143
"16","2020-16",25.8549505714286,21.6248315714286,18.9853082857143,17.4622032857143,14.6092361428571,17.8040131428571,21.7976908571429,26.3940974285714,17.2459688571429,19.8324567142857,21.7360901428571,28.9405025714286,17.1504042857143,26.3508834285714,28.5047461428571,19.7518617142857,18.3564507142857,16.844278,16.3054685714286,14.703237,19.3228417142857,28.3141821428571,19.291638,30.1816902857143,16.5770995714286,24.0556585714286,19.7329734285714,27.0625247142857,24.1641422857143,15.4590858571429,26.2709297142857,18.3121241428571,26.8849255714286,16.9828172857143,18.5503588571429,25.2562747142857,18.9378204285714,26.8510088571429,24.5523532857143,18.3564507142857,23.700436,21.3363648571429,17.6557185714286,26.2542534285714,19.5573368571429,25.6582482857143,15.4328564285714,28.2318884285714,28.600302,20.7783388571429,15.615448,29.798935,26.3541728571429,17.7685581428571,30.117168,24.2959472857143,21.6852928571429,29.5079727142857,24.3338738571429,25.6034215714286,17.6557185714286,19.3228417142857,24.3368827142857,18.7570701428571,17.7775994285714,21.0409367142857,19.571716,17.2459688571429,26.1174072857143,18.7570701428571,25.0881112857143,17.3747762857143,23.9741391428571,19.0100544285714,22.3047571428571,18.7570701428571,22.7372314285714,18.868051,27.0508251428571,28.3923911428571,16.0297107857143,18.556664
"17","2020-17",26.1419318571429,21.7926234285714,19.3918118571429,17.7151098571429,15.1050427857143,18.0213454285714,21.8740017142857,26.0004758571429,17.6840641428571,20.0926065714286,21.7931727142857,29.4220935714286,17.472173,26.2336682857143,28.6376087142857,19.771875,18.6609842857143,17.1130507142857,16.6670381428571,14.9887354285714,19.5911381428571,28.3202357142857,19.6100875714286,30.2322567142857,16.9375415714286,24.1579701714286,20.1123174285714,26.8436272857143,24.8245924285714,16.0058134285714,26.4163011428571,18.7799338571429,26.7407711428571,17.3207481428571,18.7989084285714,25.241404,19.3710012857143,26.4097832857143,24.9713464285714,18.6609842857143,23.8959141428571,21.5060395714286,18.0290145714286,26.4181477142857,19.9899411428571,25.962943,15.9566078571429,28.2584708571429,28.5162901428571,20.917863,15.9551707142857,29.868291,26.8598082857143,18.2871017142857,30.4364754285714,24.3890502857143,22.0709042857143,29.7432594285714,24.8317724285714,25.8563238571429,18.0290145714286,19.5911381428571,24.3661197142857,19.0597381428571,18.1344338571429,21.5794661428571,19.8175874285714,17.6840641428571,26.7545134285714,19.0597381428571,25.453548,17.9619948571429,24.6924942857143,19.4063328571429,22.6101055714286,19.0597381428571,22.6894448571429,19.5156378571429,27.0994374285714,28.3395804285714,16.497738,19.2107072857143
"18","2020-18",26.8199382857143,22.712448,20.8012458571429,18.934328,16.2531808571429,19.0048541428571,23.1121391428571,27.1362642857143,19.0174437142857,21.5118925714286,23.5011375714286,28.8741874285714,18.7529601428571,27.1804734285714,28.703332,20.6640357142857,19.9185181428571,18.2935605714286,17.3941792857143,16.1949578571429,20.8925484285714,29.2554422857143,21.0797577142857,30.7936711428571,18.2763495714286,24.924564,21.4924265714286,28.017817,25.6506075714286,17.2335447142857,26.8260105714286,20.0466808571429,27.47336,18.6263731428571,19.6318324285714,26.1269832857143,20.6655091428571,27.9586548571429,25.9465944285714,19.9185181428571,24.6562824285714,22.7029557142857,19.3779788571429,26.8585634285714,21.0953615714286,26.1827355714286,17.1044798571429,29.2326437142857,28.8767155714286,22.1971251428571,17.2961211428571,30.0109012857143,27.2102418571429,19.5944755714286,30.5464592857143,25.0949572857143,22.8775991428571,29.8800621428571,26.2665695714286,27.3240787142857,19.3779788571429,20.8925484285714,25.675678,20.4053481428571,19.519879,22.5337101428571,21.1399484285714,19.0174437142857,26.2702412857143,20.4053481428571,26.8666917142857,19.0638224285714,25.3854274285714,21.1433105714286,23.127341,20.4053481428571,23.6455,20.5806817142857,27.9729931428571,28.7724054285714,17.73112,20.1632451428571
"19","2020-19",26.9412984285714,22.6741641428571,20.8120672857143,18.9853398571429,16.7545922857143,19.0416218571429,23.028603,27.0502805714286,19.0787455714286,21.5286807142857,23.8834008571429,29.088016,19.1495841428571,27.1375001428571,28.941939,21.3007335714286,20.0580758571429,18.4527622857143,17.5597687142857,16.5370357142857,20.9515085714286,29.2120607142857,21.146613,30.8371468571429,18.5423802857143,25.2395104571429,21.4974312857143,27.8117145714286,26.2496,17.2782094285714,27.2154317142857,20.6465261428571,27.987769,18.9271117142857,19.7283207142857,26.3253698571429,21.2934542857143,27.7003487142857,26.9045482857143,20.0580758571429,24.9466928571429,22.6660575714286,19.5240107142857,27.2183067142857,21.1191557142857,26.7405835714286,17.4711778571429,29.2909388571429,29.0717101428571,22.2059902857143,17.7755272857143,30.4499531428571,27.7815364285714,19.5628031428571,30.6056987142857,25.0033248571429,22.9997687142857,30.2119365714286,26.0708147142857,27.1319597142857,19.5240107142857,20.9515085714286,25.7255221428571,20.4849825714286,19.637925,22.7901928571429,21.1589408571429,19.0787455714286,26.8881055714286,20.4849825714286,26.8473628571429,19.0210868571429,26.431007,21.3992965714286,23.2360104285714,20.4849825714286,23.5522771428571,21.061062,28.0084361428571,29.0589997142857,18.0194471428571,20.1652684285714
"20","2020-20",26.6171972857143,22.2623447142857,20.496627,18.6888098571429,16.552846,18.6949224285714,22.6449992857143,26.3441127142857,18.7546035714286,21.2644367142857,23.4194097142857,29.1161248571429,18.9283634285714,26.6706395714286,28.3995812857143,21.0515815714286,19.8174137142857,18.191106,17.410431,16.3272727142857,20.6765342857143,28.7642701428571,20.8707822857143,30.376139,18.3139992857143,24.8951448857143,21.181683,27.388018,25.7327175714286,16.8803318571429,26.9288401428571,20.4767044285714,28.0023497142857,18.6980577142857,19.42621,26.1817638571429,20.9706402857143,27.177546,26.554186,19.8174137142857,24.6441892857143,22.2971972857143,19.2558294285714,26.8642655714286,20.8100994285714,26.5417684285714,17.2053958571429,28.8124775714286,28.7026425714286,21.847756,17.6615781428571,30.1198372857143,27.0302048571429,19.2212885714286,30.1721568571429,24.5284082857143,22.9025092857143,29.9715211428571,25.547019,26.7970718571429,19.2558294285714,20.6765342857143,25.2921151428571,20.2409927142857,19.3683911428571,22.5727418571429,20.8665845714286,18.7546035714286,27.0269251428571,20.2409927142857,26.0812551428571,18.7098648571429,26.0440912857143,20.8970624285714,22.9786617142857,20.2409927142857,23.3128175714286,20.8257591428571,27.4796512857143,28.8439522857143,17.7523151428571,19.9176457142857
"21","2020-21",26.680888,22.1581988571429,20.4382161428571,18.6812944285714,16.8649828571429,18.6914731428571,22.3831051428571,26.0398074285714,18.7587781428571,21.2056961428571,23.7999415714286,28.4725205714286,19.142387,26.5037542857143,28.6836984285714,21.2801238571429,19.9196824285714,18.3014434285714,17.5260594285714,16.5218307142857,20.6688872857143,28.5486874285714,20.827238,30.2404128571429,18.4538464285714,25.1656454285714,21.0905274285714,27.1499342857143,25.7019782857143,16.8909475714286,26.1419988571429,20.8974804285714,27.5157682857143,18.8509838571429,19.4756692857143,25.6771094285714,21.233786,26.9144632857143,26.6342162857143,19.9196824285714,24.4403297142857,22.1186954285714,19.3324634285714,26.2298917142857,20.699893,25.9173167142857,17.404104,28.588633,28.8304967142857,21.6087327142857,18.0063641428571,30.3672044285714,26.559264,19.1940238571429,29.8657488571429,24.4147221428571,23.2339665714286,30.103832,25.340192,26.4733645714286,19.3324634285714,20.6688872857143,24.9899598571429,20.2871017142857,19.4086928571429,22.4118715714286,20.7976964285714,18.7587781428571,26.3291357142857,20.2871017142857,25.7309438571429,18.6686805714286,26.2572144285714,21.2853961428571,23.0448071428571,20.2871017142857,23.1370032857143,21.4074908571429,27.3007004285714,28.8470557142857,17.9077964285714,19.8429202857143
"22","2020-22",27.8883928571429,22.2746978571429,20.7732215714286,18.9125847142857,17.0609587142857,18.8162487142857,22.8571698571429,27.0472615714286,19.0552404285714,21.564419,23.7020034285714,28.7831105714286,19.3140137142857,27.5964797142857,28.3561828571429,20.9337641428571,20.1305414285714,18.4749587142857,17.5785488571429,16.6777658571429,20.9367921428571,28.7395841428571,21.1830887142857,30.1730082857143,18.6717957142857,24.948428,21.4461888571429,27.8113375714286,26.2381948571429,17.1901094285714,26.9288551428571,21.0580095714286,27.7719675714286,19.0484831428571,19.5417824285714,26.510704,21.455825,27.6591791428571,27.0752521428571,20.1305414285714,24.8140714285714,22.425846,19.5874754285714,26.7643044285714,21.0233154285714,27.0858852857143,17.6590838571429,28.753856,28.6035635714286,22.0889165714286,18.1822072857143,29.8239014285714,27.2667771428571,19.4787008571429,29.7565717142857,24.4606087142857,23.146626,29.8208847142857,25.8711024285714,27.1023328571429,19.5874754285714,20.9367921428571,25.442249,20.5536131428571,19.6898882857143,22.8636328571429,21.1077124285714,19.0552404285714,27.3056964285714,20.5536131428571,26.4428487142857,18.9386312857143,26.6668065714286,21.4154868571429,23.0351745714286,20.5536131428571,23.970289,21.5029761428571,27.3828064285714,29.0320724285714,18.1563702857143,20.1473877142857
"23","2020-23",26.756361,21.4194434285714,20.0746882857143,18.3326902857143,16.7090931428571,18.0703121428571,21.9076522857143,25.5855522857143,18.4424368571429,21.0995915714286,23.6054921428571,27.3880077142857,19.0368491428571,26.2940227142857,27.7874371428571,20.3963457142857,19.8307904285714,18.0314698571429,17.1413187142857,16.2680802857143,20.4932974285714,27.5231202857143,20.6644461428571,29.0057488571429,18.3941202857143,24.5506733428571,20.686331,26.3626862857143,25.7443175714286,16.4708627857143,25.6535457142857,20.9611498571429,26.8190077142857,18.7591294285714,18.9147307142857,25.2687034285714,20.8844275714286,26.2867694285714,26.510042,19.8307904285714,23.6346015714286,21.6848465714286,19.2495994285714,25.3649765714286,20.0170285714286,26.0330692857143,17.266209,27.6937757142857,28.0014687142857,21.0911974285714,18.0689777142857,29.0650157142857,26.2792301428571,18.6299041428571,28.3125711428571,23.3747892857143,22.962623,29.3077582857143,24.9388618571429,26.0360024285714,19.2495994285714,20.4932974285714,24.374965,20.2277861428571,19.277389,21.7404292857143,20.5759382857143,18.4424368571429,26.39254,20.2277861428571,25.6960688571429,17.8377677142857,26.0627938571429,21.1673924285714,22.5777911428571,20.2277861428571,22.562304,21.0330541428571,26.2138281428571,27.4634391428571,17.8037878571429,18.9416055714286
"24","2020-24",26.0867072857143,21.0055487142857,19.5140921428571,17.809207,16.1427021428571,17.6034062857143,21.3063025714286,25.0905274285714,17.8481807142857,20.562397,22.9462274285714,27.0893388571429,18.464431,25.6961082857143,27.1567311428571,19.7941938571429,19.2548688571429,17.4724237142857,16.6780892857143,15.7178648571429,19.954526,27.0277955714286,20.1072507142857,28.6691418571429,17.8088698571429,23.9663509428571,20.1241547142857,25.8003124285714,25.2202275714286,15.8429338571429,25.2281171428571,20.3959584285714,26.80465,18.1763341428571,18.4617562857143,24.7787097142857,20.4268465714286,25.6856014285714,26.2144867142857,19.2548688571429,23.0701784285714,21.2147044285714,18.6525927142857,25.083527,19.4134024285714,25.4683405714286,16.687913,27.2301654285714,27.6616791428571,20.4662372857143,17.491711,28.6183964285714,25.9963854285714,18.0522628571429,28.049956,22.9896965714286,22.2729231428571,28.9988132857143,24.3587328571429,25.5166804285714,18.6525927142857,19.954526,23.7554675714286,19.6592695714286,18.6916914285714,21.1258565714286,20.056901,17.8481807142857,25.8043777142857,19.6592695714286,25.058669,17.2408344285714,25.5820892857143,20.3108038571429,22.2032795714286,19.6592695714286,21.9203601428571,20.4416867142857,25.8368017142857,27.2315047142857,17.2155575714286,18.3396401428571
"25","2020-25",26.6721931428571,22.0379632857143,20.5220448571429,18.7827471428571,16.8866788571429,18.5613271428571,22.4803288571429,26.124709,18.7913747142857,21.561172,23.8214238571429,27.5564105714286,19.2953278571429,26.560573,28.001566,20.617559,20.1397245714286,18.379321,17.3068634285714,16.5303132857143,20.9202632857143,28.0133948571429,21.0952794285714,29.5002568571429,18.6454711428571,24.6984157714286,21.1633062857143,26.991523,26.1413714285714,16.7599327142857,25.7305195714286,21.0804712857143,27.2198527142857,19.024124,19.3109835714286,25.6118927142857,20.9246995714286,26.9590894285714,26.5606751428571,20.1397245714286,23.9927632857143,22.2896808571429,19.52358,25.6478627142857,20.4738678571429,25.8413941428571,17.4758664285714,28.2506632857143,28.142152,21.6350547142857,18.187536,29.3686911428571,26.8792804285714,19.0416191428571,28.7002808571429,24.0000807142857,22.909378,29.5665417142857,25.3074325714286,26.5404541428571,19.52358,20.9202632857143,24.9432825714286,20.5743825714286,19.601465,22.1118667142857,21.063001,18.7913747142857,26.15537,20.5743825714286,26.085977,18.2485145714286,26.3132138571429,21.1712951428571,22.8649407142857,20.5743825714286,22.8798384285714,21.1036284285714,26.8189522857143,27.7971218571429,18.0291588571429,19.343726
"26","2020-26",26.7713411428571,22.0536844285714,20.5419531428571,18.7394501428571,16.887259,18.5102318571429,22.547783,26.6546531428571,18.8018742857143,21.5224301428571,23.4698514285714,27.7713794285714,19.1928517142857,26.9244868571429,27.9788127142857,20.5182114285714,20.059977,18.2806978571429,17.0812204285714,16.3811597142857,20.8746454285714,28.1191627142857,21.0714274285714,29.511102,18.5847452857143,24.5162423142857,21.1954324285714,27.4175265714286,26.1181422857143,16.8141538571429,25.6842857142857,21.0459727142857,27.3472541428571,18.9462784285714,19.209038,26.1139808571429,21.0519038571429,27.3494801428571,26.6983224285714,20.059977,24.078833,22.3140662857143,19.4804287142857,25.5902528571429,20.566923,25.9560697142857,17.5067304285714,28.3476971428571,27.8981082857143,21.7055454285714,18.0364337142857,29.4986934285714,26.9990462857143,19.1003672857143,28.5849241428571,24.0892652857143,22.7162277142857,29.4602095714286,25.5888847142857,26.8993314285714,19.4804287142857,20.8746454285714,25.0451908571429,20.5150425714286,19.5643394285714,22.235827,21.033404,18.8018742857143,26.3017731428571,20.5150425714286,26.3186967142857,18.3567458571429,26.3090065714286,21.2461117142857,22.6886461428571,20.5150425714286,23.1819234285714,21.19336,26.9461764285714,27.9652197142857,18.0276857142857,19.4846674285714
"27","2020-27",26.2743857142857,21.3772084285714,19.7770165714286,17.9907437142857,15.9889577142857,17.8725675714286,21.8178784285714,25.8730985714286,18.01914,20.7454065714286,23.3166388571429,27.2353247142857,18.5007055714286,26.2746441428571,27.7961495714286,20.2807721428571,19.306612,17.5868772857143,16.8748621428571,15.8131898571429,20.1162995714286,27.5413288571429,20.2879218571429,29.1011358571429,17.7694875714286,24.4302726285714,20.439629,26.6423034285714,25.2082227142857,16.0032731428571,25.646378,20.2952471428571,27.0993404285714,18.1784277142857,18.725237,25.3867807142857,20.5056391428571,26.4247497142857,26.1072571428571,19.306612,23.469104,21.5639985714286,18.6690378571429,25.5167052857143,19.8434472857143,25.6931954285714,16.5352940714286,27.7509894285714,28.1073244285714,20.9635625714286,17.4617888571429,29.3192,26.20931,18.3394165714286,28.304516,23.4768588571429,22.6504781428571,29.3738415714286,24.7787957142857,26.021405,18.6690378571429,20.1162995714286,24.3261745714286,19.7343538571429,18.7655007142857,21.5269801428571,20.2688612857143,18.01914,25.8873574285714,19.7343538571429,25.4867561428571,17.6116921428571,25.4990751428571,20.7212565714286,22.4849341428571,19.7343538571429,22.5286351428571,20.568659,26.3290932857143,27.7533595714286,17.1205477142857,18.7614495714286
"28","2020-28",26.6796067142857,21.8230597142857,20.130051,18.3761415714286,16.2533374285714,18.2414464285714,22.1340104285714,26.4545338571429,18.3749477142857,21.1329768571429,23.240486,27.5114124285714,18.7992748571429,26.7916658571429,27.8886454285714,20.3372827142857,19.689794,17.9366351428571,16.9376077142857,16.0554494285714,20.5053574285714,27.766547,20.6610528571429,29.41012,18.1432514285714,24.3855700571429,20.789019,27.2015621428571,25.5011682857143,16.3376660714286,25.9925635714286,20.4814301428571,27.7682902857143,18.5397897142857,19.0101122857143,25.8807194285714,20.4999652857143,27.2197777142857,26.1460317142857,19.689794,23.7525308571429,21.9754002857143,19.0555627142857,25.7562072857143,20.1671205714286,26.0634101428571,16.8398294285714,28.0394085714286,28.1407362857143,21.267322,17.6192834285714,29.3214537142857,26.5619151428571,18.665425,28.5667521428571,23.8709857142857,22.3206998571429,29.4766621428571,25.0611105714286,26.4647474285714,19.0555627142857,20.5053574285714,24.5964407142857,20.1253655714286,19.1454004285714,21.8575008571429,20.6618722857143,18.3749477142857,26.2255195714286,20.1253655714286,25.8613948571429,17.9116904285714,25.6966887142857,20.8029287142857,22.6651031428571,20.1253655714286,23.0539418571429,20.5491885714286,26.6588974285714,28.4012951428571,17.4540067142857,19.0570135714286
"29","2020-29",26.6656657142857,21.8688772857143,20.2521021428571,18.4140761428571,16.2629091428571,18.285872,22.404259,26.7980468571429,18.4106802857143,21.1977044285714,23.6601671428571,27.6159057142857,18.8089872857143,26.9971345714286,28.2099114285714,20.4217391428571,19.6415274285714,17.945925,16.9425918571429,16.094078,20.5359595714286,28.1685042857143,20.7343075714286,29.6590832857143,18.0502634285714,24.6359963142857,20.954992,27.2587137142857,25.6496705714286,16.334182,26.2075947142857,20.5515617142857,28.0503562857143,18.4796995714286,19.0358358571429,26.1235098571429,20.6296452857143,27.1023194285714,26.161054,19.6415274285714,24.1051725714286,22.0877412857143,18.9743068571429,26.0257738571429,20.4227454285714,26.0406772857143,16.801596,28.3514215714286,28.2539305714286,21.5578137142857,17.6865992857143,29.6011691428571,26.7573194285714,18.7865892857143,29.0176178571429,24.028882,22.6342332857143,29.4979048571429,25.1751857142857,26.5260057142857,18.9743068571429,20.5359595714286,24.9252407142857,20.0992848571429,19.1201772857143,22.157251,20.7261487142857,18.4106802857143,26.2880298571429,20.0992848571429,25.8958567142857,18.1098794285714,25.8214592857143,20.8524157142857,22.6174747142857,20.0992848571429,23.3149732857143,20.6956814285714,26.9159545714286,28.6773364285714,17.3821482857143,19.314645
"30","2020-30",26.2488332857143,21.1905995714286,19.6766004285714,17.7893168571429,15.7528387142857,17.6246068571429,21.6307228571429,25.7440637142857,17.8899602857143,20.5815885714286,22.8838621428571,27.2815531428571,18.2358532857143,26.2371022857143,27.6308317142857,19.996277,19.0961835714286,17.3327992857143,16.4532248571429,15.4901667142857,19.9343328571429,27.4098855714286,20.1463908571429,28.9213448571429,17.5591284285714,24.0908195142857,20.3447091428571,26.4925854285714,24.8950405714286,15.8424067142857,25.5064265714286,19.9918491428571,27.6595551428571,17.9555167142857,18.4237137142857,25.3482561428571,20.0908621428571,26.1896111428571,25.8419358571429,19.0961835714286,23.4352815714286,21.388872,18.4830447142857,25.3190694285714,19.7881138571429,25.6972201428571,16.3070565,27.5690988571429,27.7599797142857,20.7979387142857,17.1171632857143,28.9181588571429,25.9206811428571,18.257895,28.2417148571429,23.2842921428571,22.183147,29.0479152857143,24.6238291428571,25.8962494285714,18.4830447142857,19.9343328571429,24.1301732857143,19.5572771428571,18.6025,21.5304948571429,20.0929105714286,17.8899602857143,25.9690022857143,19.5572771428571,25.2503357142857,17.5601992857143,25.272036,20.2570318571429,22.1114785714286,19.5572771428571,22.7212072857143,20.0952218571429,26.1192125714286,28.1560132857143,16.9003077142857,18.7314201428571
"31","2020-31",26.2869417142857,21.292686,19.6621394285714,17.782638,15.3121968571429,17.6875724285714,21.8557801428571,26.2331852857143,17.7464915714286,20.5789444285714,22.6707167142857,27.41579,18.0316087142857,26.5949195714286,28.0027395714286,20.0424512857143,18.9540938571429,17.272573,16.4544177142857,15.3738947142857,19.8973571428571,27.7759741428571,20.1117038571429,29.6731212857143,17.3060648571429,24.1504065142857,20.3921245714286,26.8922381428571,24.5681364285714,15.6099275714286,26.1468654285714,19.5189775714286,28.387743,17.7457731428571,18.5133021428571,25.7085312857143,19.6809425714286,26.7740165714286,25.4794098571429,18.9540938571429,23.7208727142857,21.5269995714286,18.2639544285714,26.1215711428571,19.9000892857143,25.8874012857143,15.8852155714286,28.0354784285714,27.8811737142857,21.0112444285714,16.7741548571429,29.7917892857143,26.0314562857143,18.1866151428571,29.3256731428571,23.6193804285714,22.1549512857143,29.4644774285714,24.5804165714286,26.1366372857143,18.2639544285714,19.8973571428571,24.4067027142857,19.4257494285714,18.4357177142857,21.7109594285714,20.1162435714286,17.7464915714286,26.2993045714286,19.4257494285714,25.104265,17.5514977142857,24.8748894285714,19.6396417142857,22.2369378571429,19.4257494285714,22.9972972857143,19.5848668571429,26.6096251428571,28.726398,16.5422604285714,18.7804124285714
"32","2020-32",26.8021804285714,21.8323812857143,20.1431887142857,18.3168565714286,15.9970844285714,18.1958902857143,22.263036,26.189798,18.2603902857143,21.09096,23.0419168571429,27.7815812857143,18.5718454285714,26.749893,27.894185,20.1195582857143,19.496317,17.7870167142857,16.8300622857143,15.8727091428571,20.4213584285714,28.05816,20.6048621428571,29.7662085714286,17.8800614285714,24.2856958571429,20.8479892857143,27.02732,25.1692942857143,16.1725061428571,26.3892142857143,20.1936141428571,28.2504274285714,18.2942181428571,18.9263907142857,25.7968382857143,19.9440247142857,26.8985737142857,25.7207585714286,19.496317,24.1013284285714,22.0426958571429,18.821872,26.216584,20.2868492857143,26.314122,16.5539442857143,28.3129842857143,27.9508378571429,21.3959694285714,17.3903231428571,29.7357054285714,26.4258785714286,18.6850404285714,29.1755875714286,24.0077245714286,22.4219812857143,29.5267884285714,25.1319852857143,26.4671968571429,18.821872,20.4213584285714,24.8016017142857,19.9635324285714,18.9661058571429,22.1354678571429,20.6375082857143,18.2603902857143,26.6152092857143,19.9635324285714,25.6331542857143,18.010975,25.3399654285714,20.1850925714286,22.5370851428571,19.9635324285714,23.1575981428571,20.1905912857143,26.8972008571429,28.3542864285714,17.1641478571429,19.1995265714286
"33","2020-33",26.6005871428571,21.909811,20.0429414285714,18.4623977142857,16.5255565714286,18.4200968571429,22.1660411428571,26.3775035714286,18.3370911428571,21.1125178571429,23.9313735714286,28.0418662857143,19.0127882857143,26.6384121428571,28.0446861428571,20.5302508571429,19.78988,18.1274884285714,17.1980124285714,16.3257181428571,20.5442472857143,28.0537287142857,20.6028877142857,29.5611865714286,18.2317608571429,24.7359423428571,20.692714,27.0321425714286,25.6805545714286,16.3538532857143,26.1214085714286,20.8198552857143,27.3306172857143,18.6554277142857,19.1981272857143,26.0459822857143,20.8343042857143,27.0511158571429,26.3430227142857,19.78988,23.8928097142857,21.9883814285714,19.0868207142857,25.948141,20.0488172857143,26.2353617142857,17.0249861428571,28.1811711428571,28.2269587142857,21.2586677142857,17.9603557142857,29.3993101428571,26.445272,18.5909704285714,29.090891,23.9162707142857,22.9464424285714,29.600738,25.1297592857143,26.3593358571429,19.0868207142857,20.5442472857143,24.7201874285714,20.1563402857143,19.1420384285714,21.7542952857143,20.6762277142857,18.3370911428571,26.6220678571429,20.1563402857143,25.8175957142857,17.8189425714286,25.8388017142857,21.4214621428571,22.7998305714286,20.1563402857143,22.7470238571429,20.995318,26.7480491428571,27.8741337142857,17.5733618571429,18.9226584285714
"34","2020-34",26.5282161428571,21.378368,19.6239191428571,17.941303,15.6929475714286,17.8916737142857,21.6418957142857,25.4407572857143,17.8152554285714,20.6340748571429,23.1032862857143,27.4710692857143,18.3899351428571,26.0323734285714,27.4209278571429,19.8884862857143,19.1922612857143,17.56288,16.7154067142857,15.7669975,20.0268295714286,27.3801305714286,20.1339705714286,28.9515955714286,17.5504387142857,24.0785403714286,20.2878424285714,26.0847784285714,24.3694578571429,15.724593,25.3108288571429,20.0124548571429,26.7426597142857,18.0083551428571,18.6730165714286,25.1298008571429,19.9169427142857,25.7646538571429,25.5044588571429,19.1922612857143,23.3910634285714,21.4977074285714,18.4455495714286,25.2246422857143,19.669036,25.7110464285714,16.1344375,27.5571318571429,27.541513,20.7637232857143,17.3359455714286,28.7327971428571,25.2653775714286,18.1796807142857,28.366669,23.3437307142857,22.4384884285714,29.0858735714286,24.3623452857143,25.5730994285714,18.4455495714286,20.0268295714286,24.1454532857143,19.595085,18.569944,21.472119,20.1861915714286,17.8152554285714,25.9333828571429,19.595085,24.518794,17.4692322857143,24.8641922857143,20.0283592857143,22.3083294285714,19.595085,22.3104411428571,19.9778281428571,26.1339354285714,27.6427047142857,16.7708665714286,18.6429645714286
"35","2020-35",26.3751094285714,21.0004591428571,19.3747191428571,17.5460824285714,15.5231062857143,17.4416634285714,21.4664131428571,25.397789,17.5748622857143,20.2951345714286,22.2563464285714,27.4020997142857,17.974017,26.0109198571429,26.8582877142857,19.1873675714286,18.8035005714286,17.0936104285714,16.2708614285714,15.2769625714286,19.6581208571429,27.3028924285714,19.8331634285714,28.8570845714286,17.2310798571429,23.4580561714286,20.0553655714286,26.5914228571429,24.709939,15.5624372857143,25.217786,19.7989964285714,26.7105088571429,17.6435001428571,18.2368637142857,25.0792351428571,19.7956515714286,26.3999372857143,25.4433272857143,18.8035005714286,23.3454868571429,21.1710714285714,18.1486472857143,25.0377794285714,19.5361637142857,25.6230497142857,16.0271845714286,27.458266,27.0765511428571,20.6077787142857,16.9303408571429,28.7241342857143,25.6978151428571,17.9834618571429,28.1780747142857,23.1228627142857,21.911728,28.8596795714286,24.575511,26.0024787142857,18.1486472857143,19.6581208571429,24.0396754285714,19.2473382857143,18.270503,21.4307937142857,19.8296462857143,17.5748622857143,25.9034267142857,19.2473382857143,24.8861632857143,17.3493627142857,25.0741768571429,19.822735,21.9254182857143,19.2473382857143,22.4460261428571,19.9067944285714,26.0246718571429,27.6081911428571,16.5831678571429,18.5824597142857
"36","2020-36",25.8853542857143,20.7738552857143,19.1428847142857,17.3879528571429,15.135043,17.2555817142857,21.203845,24.6341442857143,17.2799558571429,20.1703418571429,22.2872151428571,27.0245808571429,17.7589624285714,25.376602,26.640495,19.1064132857143,18.6338297142857,16.9419047142857,16.0241851428571,15.075759,19.5090522857143,26.9669594285714,19.6865894285714,28.48649,17.0213245714286,23.3748551714286,19.8351892857143,25.52167,23.9389054285714,15.109642,25.0926392857143,19.3665458571429,26.8552682857143,17.4511538571429,18.0581421428571,24.6123014285714,19.3336228571429,25.2468552857143,25.0915304285714,18.6338297142857,23.0156477142857,20.989409,17.9273695714286,24.9944268571429,19.2394515714286,25.2359772857143,15.6302570714286,27.1366404285714,27.0991654285714,20.3719472857143,16.588149,28.5092388571429,24.7583797142857,17.6337495714286,27.9942915714286,22.7804947142857,21.740987,28.7621151428571,23.8245891428571,25.1301928571429,17.9273695714286,19.5090522857143,23.7309281428571,19.0824908571429,18.07057,21.0658218571429,19.6908801428571,17.2799558571429,25.6888171428571,19.0824908571429,23.9839008571429,16.9563105714286,24.4510127142857,19.4684338571429,21.7249845714286,19.0824908571429,21.8566078571429,19.4148105714286,25.637243,27.232429,16.2480675714286,18.1746331428571
"37","2020-37",26.179013,21.0715737142857,19.521197,17.7528498571429,15.7604102857143,17.5771925714286,21.4851802857143,24.795717,17.7533668571429,20.5243155714286,23.0113107142857,27.0796794285714,18.2180498571429,25.5277964285714,27.3346044285714,19.9621101428571,19.0831752857143,17.3426885714286,16.3422301428571,15.4656548571429,19.8875565714286,27.2127945714286,20.0691218571429,28.7317022857143,17.5469011428571,23.9605966,20.1756398571429,25.7005722857143,24.6818435714286,15.6904552857143,25.0706,19.9232928571429,26.9346628571429,17.9429118571429,18.3619815714286,24.8294914285714,19.875215,25.5481357142857,25.484944,19.0831752857143,23.2233107142857,21.2860907142857,18.4465437142857,24.9898222857143,19.5227428571429,25.2367957142857,16.302075,27.3878678571429,27.3639747142857,20.6502521428571,17.042589,28.7316054285714,25.5472144285714,18.0553857142857,27.9670727142857,23.0589277142857,22.130983,28.9575457142857,24.3584245714286,25.443445,18.4465437142857,19.8875565714286,24.008922,19.5169244285714,18.5436111428571,21.2241155714286,20.0355931428571,17.7533668571429,25.659813,19.5169244285714,24.8010585714286,17.3047145714286,25.0193152857143,20.0864624285714,21.9795298571429,19.5169244285714,21.9077204285714,19.9023698571429,25.918124,27.204556,16.8686811428571,18.422505
"38","2020-38",25.830012,20.6857252857143,19.2455815714286,17.4532757142857,15.5204951428571,17.2755037142857,21.1265572857143,24.364854,17.479587,20.2308717142857,22.8015387142857,26.8301915714286,18.0044438571429,25.1764617142857,27.0325858571429,19.7378534285714,18.8209828571429,17.0892288571429,16.3005267142857,15.2992580714286,19.5963761428571,26.8952971428571,19.7872472857143,28.5243741428571,17.280501,23.8245418857143,19.8971927142857,25.4058461428571,24.6279931428571,15.4215885714286,24.8850985714286,19.7871867142857,26.7012848571429,17.6892258571429,18.1420578571429,24.322584,19.8098751428571,25.2445382857143,25.4370307142857,18.8209828571429,22.9002608571429,20.9288375714286,18.1766011428571,24.8064398571429,19.2632724285714,25.0186222857143,16.024874,27.080868,27.3655188571429,20.3089777142857,16.9516608571429,28.3975071428571,25.2717794285714,17.7875164285714,28.0366722857143,22.6923342857143,22.1852125714286,28.8615124285714,24.1154452857143,25.196882,18.1766011428571,19.5963761428571,23.6296882857143,19.2406457142857,18.2690964285714,20.9935562857143,19.7284995714286,17.479587,25.5689842857143,19.2406457142857,24.5947355714286,17.062255,25.0571841428571,19.8489521428571,21.890195,19.2406457142857,21.6078892857143,19.8666737142857,25.5973122857143,26.8833422857143,16.5939998571429,18.2212125714286
"39","2020-39",26.251224,21.1159112857143,19.3482661428571,17.7894202857143,16.0897692857143,17.7374275714286,21.2553412857143,25.0386305714286,17.6863697142857,20.431457,23.6730338571429,27.1565272857143,18.546535,25.7914022857143,27.611339,20.331054,19.2163808571429,17.5459952857143,16.9894362857143,15.9006965714286,19.8881378571429,27.0855924285714,19.9535974285714,28.5771411428571,17.7049917142857,24.4736004,19.9724337142857,25.8411487142857,25.0377805714286,15.6728254285714,25.3875104285714,20.4818735714286,27.171966,18.135373,18.6633942857143,24.8652308571429,20.4087654285714,25.6463977142857,26.0636287142857,19.2163808571429,23.1484351428571,21.1716311428571,18.5217828571429,25.1492811428571,19.3095057142857,25.5732034285714,16.5058743571429,27.216942,27.9964798571429,20.4138561428571,17.6824944285714,28.769083,25.7752665714286,17.8821507142857,27.9357308571429,23.0002988571429,22.7560952857143,29.3888422857143,24.241225,25.455117,18.5217828571429,19.8881378571429,23.7794228571429,19.5492521428571,18.5515315714286,21.1025584285714,19.9775787142857,17.6863697142857,25.9364127142857,19.5492521428571,24.8213122857143,17.1020031428571,25.5242145714286,20.6054801428571,22.5338281428571,19.5492521428571,22.1351625714286,20.532589,25.7778924285714,27.224194,17.03723,18.2400091428571
"40","2020-40",25.6702058571429,20.355661,18.8784655714286,17.0901234285714,15.4941817142857,16.8943871428571,20.7571751428571,24.4688535714286,17.1738781428571,19.8977797142857,22.6425544285714,26.5331561428571,17.7999972857143,25.1607947142857,26.8978271428571,19.53727,18.55356,16.7568607142857,15.9866934285714,14.9971647142857,19.2758122857143,26.589666,19.4646587142857,28.2498081428571,17.0874278571429,23.6950061714286,19.5151322857143,25.2794961428571,24.8139774285714,15.1553458571429,24.503546,19.8379398571429,26.2470105714286,17.4742722857143,17.7917202857143,24.3074292857143,19.8718127142857,25.1171281428571,25.8171975714286,18.55356,22.5875258571429,20.5675542857143,17.9546355714286,24.3796938571429,18.8446348571429,24.7213965714286,16.0028311428571,26.775163,27.358383,19.9416867142857,16.8191482857143,28.4155754285714,25.2870662857143,17.4108158571429,27.5137338571429,22.3705774285714,22.0389962857143,28.7404832857143,23.9084415714286,25.0569865714286,17.9546355714286,19.2758122857143,23.3117497142857,18.9613214285714,18.0046467142857,20.6319042857143,19.3829344285714,17.1738781428571,25.1026478571429,18.9613214285714,24.4024972857143,16.6310474285714,25.2872221428571,19.7579711428571,21.6186675714286,18.9613214285714,21.3838445714286,19.9600805714286,25.2883671428571,26.5627278571429,16.4968687142857,17.7777721428571
"41","2020-41",26.0801898571429,20.8831598571429,19.4330692857143,17.6334447142857,16.0461814285714,17.4185897142857,21.2121081428571,24.9817444285714,17.752194,20.4496002857143,23.4147882857143,26.773598,18.412187,25.6460895714286,27.6462732857143,20.1689721428571,19.1581537142857,17.3317548571429,16.5590571428571,15.5840254285714,19.8466031428571,27.0252227142857,20.0330055714286,28.7595711428571,17.6926188571429,24.3275180285714,20.0596847142857,25.939518,25.3463121428571,15.7211742857143,24.8826181428571,20.4755938571429,26.7321082857143,18.0829305714286,18.3228632857143,24.7799808571429,20.1774165714286,25.8211861428571,26.0162698571429,19.1581537142857,23.0861565714286,21.0899838571429,18.5738577142857,24.6383615714286,19.384661,25.11879,16.5550426428571,27.2608951428571,27.8097732857143,20.4127081428571,17.4770828571429,29.0333657142857,25.875283,17.9619987142857,27.8547531428571,22.8902171428571,22.5977831428571,29.1915515714286,24.4244381428571,25.6193582857143,18.5738577142857,19.8466031428571,23.7620617142857,19.5520015714286,18.6037837142857,21.2184457142857,19.9311098571429,17.752194,25.559861,19.5520015714286,24.9842242857143,17.1730085714286,25.6465862857143,20.4075777142857,22.1559181428571,19.5520015714286,21.8965878571429,20.5706317142857,25.7901367142857,27.1564108571429,17.0756467142857,18.3448674285714
"42","2020-42",26.162576,20.9370442857143,19.8182515714286,17.7272382857143,15.8678625714286,17.3894175714286,21.631622,25.5748831428571,17.9934607142857,20.7044964285714,22.960761,26.9615277142857,18.2673045714286,26.0136988571429,27.435918,19.9824821428571,19.1748124285714,17.2755165714286,16.3033401428571,15.3821251428571,19.9872335714286,27.3650987142857,20.3286684285714,28.9679044285714,17.6891644285714,24.0161015142857,20.4873868571429,26.2572327142857,25.3006275714286,15.9055278571429,24.7832707142857,20.1767101428571,26.9560788571429,18.0466032857143,18.240562,25.0656291428571,20.0868424285714,26.0866615714286,25.9001935714286,19.1748124285714,23.3364028571429,21.341305,18.6594134285714,24.7593175714286,19.8374128571429,25.037191,16.4867701428571,27.600848,27.4692871428571,20.8618662857143,17.1401374285714,28.9680002857143,25.9719528571429,18.3461881428571,28.1650094285714,23.0015198571429,22.2320592857143,29.0824714285714,24.869074,26.0567292857143,18.6594134285714,19.9872335714286,24.1906041428571,19.6717627142857,18.7579327142857,21.5770441428571,20.1350134285714,17.9934607142857,25.4240281428571,19.6717627142857,25.364337,17.5954655714286,25.5000641428571,20.1893455714286,22.0246382857143,19.6717627142857,22.2409754285714,20.248002,26.0145651428571,27.1976595714286,17.056067,18.7628634285714
"43","2020-43",26.2977061428571,20.9676501428571,19.5473145714286,17.700061,15.8924508571429,17.4704618571429,21.3074211428571,25.1164007142857,17.7864432857143,20.5541285714286,23.6047845714286,26.9235757142857,18.3511902857143,25.7936664285714,27.3734174285714,20.1015635714286,19.1509862857143,17.3469332857143,16.4652495,15.5333252857143,19.9106185714286,26.9430502857143,20.1250941428571,28.4803922857143,17.640979,24.2902888857143,20.1868454285714,26.0100734285714,25.2191217142857,15.7100237142857,24.7949554285714,20.279112,26.7745081428571,18.0396558571429,18.3129974285714,24.8189954285714,20.1320215714286,25.7672165714286,26.0987442857143,19.1509862857143,23.0707064285714,21.2206817142857,18.5457998571429,24.6579348571429,19.47519,25.148845,16.4283645714286,27.1697251428571,27.8187732857143,20.5132138571429,17.3140851428571,28.6871171428571,25.6196811428571,18.0694904285714,27.6265995714286,22.8195391428571,22.5529055714286,29.0925884285714,24.5145318571429,25.705954,18.5457998571429,19.9106185714286,23.8114711428571,19.575771,18.6146791428571,21.2574337142857,20.032883,17.7864432857143,25.5145082857143,19.575771,24.9441718571429,17.2800245714286,25.6368401428571,20.1866944285714,22.0798888571429,19.575771,21.9644008571429,20.4019258571429,25.6379001428571,27.1471794285714,16.981188,18.4186871428571
"44","2020-44",26.147739,21.1462777142857,19.8353814285714,17.9703731428571,16.1997974285714,17.6713314285714,21.5778371428571,25.2716787142857,18.0820234285714,20.8641262857143,23.6400401428571,26.7603151428571,18.607639,25.8390874285714,27.4194624285714,20.2115307142857,19.4353658571429,17.6034615714286,16.5449731428571,15.7482567142857,20.1955787142857,27.0673475714286,20.431384,28.536426,17.9349211428571,24.296005,20.465774,26.1980127142857,25.4879375714286,16.0127542857143,24.5685057142857,20.5578258571429,26.7831284285714,18.319072,18.4753427142857,24.9402742857143,20.3131187142857,26.0006082857143,26.0207622857143,19.4353658571429,23.1622637142857,21.4738005714286,18.8457684285714,24.3666384285714,19.7014584285714,25.0225978571429,16.7622457142857,27.2919685714286,27.710815,20.778033,17.5390597142857,28.6457774285714,25.8531062857143,18.3224634285714,27.5449225714286,22.9978688571429,22.4981767142857,28.9940317142857,24.7239008571429,25.8504648571429,18.8457684285714,20.1955787142857,23.9911658571429,19.8781625714286,18.9167454285714,21.4194481428571,20.3190867142857,18.0820234285714,25.3126934285714,19.8781625714286,25.3637577142857,17.4771831428571,25.6883237142857,20.8433137142857,22.1536321428571,19.8781625714286,22.0747307142857,20.6870264285714,25.7722642857143,27.0087811428571,17.3077322857143,18.6114625714286
"45","2020-45",25.9125004285714,20.5599261428571,19.4325888571429,17.5092737142857,16.0996334285714,17.1532915714286,20.9376655714286,24.9323557142857,17.7433955714286,20.4128004285714,23.2417824285714,26.2539618571429,18.1894345714286,25.4945274285714,27.3385655714286,19.6876147142857,19.0538035714286,17.1538955714286,16.060255,15.29823,19.7415197142857,25.7666258571429,19.9621597142857,27.4694057142857,17.6116482857143,24.0447768571429,20.0217304285714,25.8626702857143,25.5867887142857,15.7986575714286,24.1214937142857,20.415911,25.8591701428571,17.9407378571429,17.9376918571429,24.5372531428571,20.3811292857143,25.7581744285714,26.0795394285714,19.0538035714286,22.1969235714286,20.8829357142857,18.4840455714286,23.8117857142857,19.2826221428571,24.9264195714286,16.7337622857143,26.0658708571429,27.7503702857143,20.1167735714286,17.2319424285714,27.4571685714286,26.035358,18.0371258571429,26.6650652857143,22.3711565714286,22.2055512857143,28.2015222857143,24.5699582857143,25.5805884285714,18.4840455714286,19.7415197142857,22.8957352857143,19.5044524285714,18.5246311428571,20.8791318571429,19.8328318571429,17.7433955714286,24.9458204285714,19.5044524285714,25.2330048571429,17.254795,25.7010107142857,20.637758,21.5634042857143,19.5044524285714,21.7098541428571,21.006975,24.6700511428571,26.7311978571429,17.186936,18.4430145714286
"46","2020-46",25.0326357142857,19.9691885714286,18.865627,16.8329817142857,15.0298751428571,16.4736905714286,20.5376084285714,24.4536261428571,17.1248057142857,19.7439364285714,22.0747728571429,26.0314474285714,17.2972528571429,24.8338151428571,26.7453401428571,19.0181298571429,18.3017018571429,16.403628,15.2517218571429,14.4021669285714,19.057243,25.8039458571429,19.3134171428571,27.5205427142857,16.793545,23.2209566285714,19.5034617142857,25.5018925714286,24.5615325714286,15.2085125714286,23.8276445714286,19.2334687142857,26.1646104285714,17.129386,17.285008,24.2405527142857,19.4698678571429,25.4470008571429,25.2340441428571,18.3017018571429,22.1071388571429,20.3336867142857,17.7553027142857,23.6926267142857,18.9222755714286,24.2525481428571,15.7614544285714,26.0218761428571,26.9907745714286,19.7292531428571,16.1204442857143,27.7974554285714,25.3999344285714,17.5114152857143,26.9258477142857,21.992578,21.2757657142857,27.8928648571429,24.2344002857143,25.4181051428571,17.7553027142857,19.057243,22.6272987142857,18.7724428571429,17.8204227142857,20.5598871428571,19.1837765714286,17.1248057142857,24.6171914285714,18.7724428571429,24.6941748571429,16.8397977142857,24.6447425714286,19.635992,20.951587,18.7724428571429,21.1662397142857,19.672279,24.492874,26.8671065714286,16.3054288571429,18.0833797142857
"47","2020-47",25.2989608571429,20.220252,19.0663897142857,17.146238,15.6521171428571,16.8021282857143,20.7352825714286,24.9227608571429,17.4257087142857,20.0109405714286,22.8065484285714,26.198972,17.7850914285714,25.2282597142857,27.0402247142857,19.4826075714286,18.7298848571429,16.8073022142857,15.7439572857143,14.8764191428571,19.374806,25.9890954285714,19.5774214285714,27.5623242857143,17.2981082857143,23.7309005428571,19.6708004285714,25.7793004285714,25.3961545714286,15.530951,23.9740815714286,19.8508142857143,25.9792695714286,17.6096808571429,17.6416032857143,24.4407761428571,20.132431,25.6712992857143,25.9903291428571,18.7298848571429,22.2008641428571,20.521431,18.1939848571429,23.8024551428571,19.0447557142857,24.5389757142857,16.3741671428571,26.1587904285714,27.4970105714286,19.9128272857143,16.6791458571429,27.7005472857143,25.9802324285714,17.7111845714286,26.8271877142857,22.1743044285714,21.8281114285714,28.1175417142857,24.5336151428571,25.6512055714286,18.1939848571429,19.374806,22.8403061428571,19.1621038571429,18.2024837142857,20.6113251428571,19.4458478571429,17.4257087142857,24.7083947142857,19.1621038571429,25.2010872857143,16.9821377142857,25.4610044285714,20.4235422857143,21.3503424285714,19.1621038571429,21.4549588571429,20.3211904285714,24.6470432857143,26.6639248571429,16.8616602857143,18.1756752857143
"48","2020-48",24.797321,20.1226894285714,18.6867781428571,16.7938441428571,14.7741071428571,16.518872,20.567235,25.135904,16.9264761428571,19.64271,21.6046618571429,26.1919282857143,17.1392484285714,25.1581042857143,26.5360851428571,18.8602297142857,18.1695987142857,16.3103415714286,15.0845142857143,14.2620025,18.9798912857143,25.9682527142857,19.1671127142857,27.8594172857143,16.6236408571429,22.9383523142857,19.340387,25.898473,24.3244304285714,14.9558251428571,23.7699421428571,18.921383,26.2804411428571,16.9711052857143,17.2821562857143,24.5299307142857,19.0475582857143,25.8426141428571,24.7221088571429,18.1695987142857,22.061705,20.4041927142857,17.5790827142857,23.8181481428571,18.7366762857143,23.9439121428571,15.5224692857143,26.2664517142857,26.6863,19.6945841428571,15.8707541428571,28.0869402857143,25.7231927142857,17.2823918571429,27.1792724285714,22.2489304285714,21.0044848571429,27.9205798571429,23.9805465714286,25.3504694285714,17.5790827142857,18.9798912857143,22.7139974285714,18.6387104285714,17.6542781428571,20.276494,19.1343994285714,16.9264761428571,24.2469444285714,18.6387104285714,24.8256147142857,16.5696817857143,24.2392345714286,19.5375428571429,20.8994198571429,18.6387104285714,21.4181562857143,19.112588,24.8047895714286,26.8141288571429,16.0924384285714,17.7606565714286
"49","2020-49",25.4945382857143,20.3069028571429,18.8767292857143,16.8629215714286,15.3923611428571,16.6909871428571,20.4099691428571,26.2285554285714,17.2706932857143,19.6057554285714,22.3138632857143,27.0736351428571,17.5646838571429,26.1062264285714,27.5560062857143,19.2887802857143,18.4015224285714,16.4752805714286,15.740188,14.6481824285714,19.0534258571429,26.1340724285714,19.2799038571429,28.0611875714286,17.059141,23.6332981142857,19.4882117142857,27.0678811428571,25.4212112857143,15.5044722857143,24.6277495714286,19.6749297142857,27.276047,17.3818628571429,17.5863881428571,25.6823068571429,19.9992232857143,27.0934904285714,25.734149,18.4015224285714,22.4439272857143,20.3569795714286,17.978209,24.5106795714286,19.032245,24.8051857142857,16.1110595714286,26.3622367142857,27.5783152857143,19.6584727142857,16.4702646428571,28.4034328571429,26.7926388571429,17.6484917142857,27.5182468571429,22.4789112857143,21.4295254285714,28.61291,25.1292104285714,26.4741248571429,17.978209,19.0534258571429,22.6387674285714,18.7963045714286,17.9552908571429,20.8405565714286,19.1246788571429,17.2706932857143,25.0456865714286,18.7963045714286,26.0816918571429,17.0589058571429,25.411722,20.2607854285714,21.5118632857143,18.7963045714286,22.3571805714286,20.1438687142857,25.020741,27.7420701428571,16.6169011428571,18.3842975714286
"50","2020-50",24.7270917142857,19.5259807142857,18.2489557142857,15.9991171428571,14.0295733571429,15.7242212857143,19.904643,25.3896924285714,16.4960382142857,18.9597504285714,20.7388677142857,26.1617722857143,16.3346977142857,25.2851671428571,26.8733764285714,17.9662597142857,17.4302157142857,15.4065205714286,14.3560109285714,13.3555964285714,18.2484328571429,25.7012795714286,18.6525572857143,28.1063014285714,16.0777818571429,22.4536868285714,18.8909875714286,26.2063848571429,24.1585051428571,14.607373,23.7086604285714,18.1454668571429,26.5563745714286,16.336661,16.5048077142857,24.7099307142857,18.573591,26.2393011428571,24.4666608571429,17.4302157142857,21.8019134285714,19.7345994285714,17.1090631428571,23.8144182857143,18.3443902857143,23.7964174285714,14.934104,26.0415325714286,26.5166151428571,19.1333805714286,14.9256818571429,28.0223742857143,25.7479538571429,16.934379,27.5066438571429,21.9716781428571,20.1733151428571,27.7071838571429,24.071489,25.3477731428571,17.1090631428571,18.2484328571429,22.1570701428571,17.9750898571429,17.1626745714286,20.0875911428571,18.4065822857143,16.4960382142857,23.9331731428571,17.9750898571429,24.8866955714286,16.2831352142857,24.2350125714286,18.6458004285714,20.2531922857143,17.9750898571429,21.4911278571429,18.876641,24.7069482857143,27.1270447142857,15.5495407142857,17.5697892857143
"51","2020-51",24.49855,19.1773354285714,17.6217574285714,15.5562469285714,13.497042,15.3956145714286,19.3165755714286,25.8587187142857,15.9285611428571,18.3911992857143,20.2127335714286,26.529662,15.9263901428571,25.557778,26.531472,17.5988584285714,16.979607,15.0193072142857,14.1115277142857,13.0140672857143,17.7624947142857,25.2320958571429,18.0511837142857,27.5752391428571,15.5800715,22.1360869142857,18.2628922857143,26.764595,23.6795392857143,14.0715829285714,23.6468832857143,17.6568342857143,26.844574,15.8809188571429,16.2617717142857,25.2109962857143,18.1663128571429,26.9368724285714,23.996282,16.979607,21.4878734285714,19.2498044285714,16.5919937142857,23.6529488571429,17.7784841428571,23.6878462857143,14.3668274285714,25.516839,26.6503482857143,18.5339527142857,14.514922,27.8703808571429,25.728981,16.3116508571429,27.0491872857143,21.5661181428571,19.6870222857143,27.7609848571429,23.8705235714286,25.5945982857143,16.5919937142857,17.7624947142857,21.581335,17.459651,16.6201951428571,19.668559,17.899886,15.9285611428571,24.0496972857143,17.459651,24.8412045714286,15.6981948571429,23.6656784285714,18.298185,20.1570521428571,17.459651,21.8420018571429,18.2341377142857,24.2043438571429,27.5776578571429,15.0064114285714,17.0471028571429
"52","2020-52",24.5451478571429,19.6550744285714,18.0066435714286,15.9396997142857,13.8485288571429,15.8281726428571,19.7860622857143,25.7287081428571,16.2675455714286,18.7602497142857,20.7002918571429,26.6501802857143,16.2788722857143,25.3834511428571,27.0544995714286,17.9877971428571,17.3124147142857,15.3809324285714,14.5229928571429,13.3900296428571,18.1281192857143,25.6758062857143,18.4152891428571,28.0746001428571,15.9073365714286,22.5437538571429,18.6615641428571,26.3017211428571,24.0507775714286,14.3736891428571,23.8114824285714,18.0308785714286,26.6811692857143,16.2101638571429,16.6610365714286,25.2256338571429,18.4046045714286,26.3675165714286,24.1952137142857,17.3124147142857,21.7383455714286,19.6913468571429,16.9101532857143,23.9407945714286,18.1790114285714,23.7756191428571,14.7157327142857,26.016631,26.7694932857143,18.9899791428571,14.8960027142857,28.283055,25.9213754285714,16.6965355,27.4385054285714,22.0660872857143,20.2066874285714,28.0708595714286,24.0525667142857,25.437955,16.9101532857143,18.1281192857143,22.0749107142857,17.799814,16.9522854285714,19.9571065714286,18.2832028571429,16.2675455714286,24.165234,17.799814,25.0179244285714,16.0830399285714,23.9683195714286,18.3932027142857,20.5292355714286,17.799814,21.5655292857143,18.7356008571429,24.7120917142857,27.2092365714286,15.3416697142857,17.4110314285714
"53","2021-1",23.9361421428571,19.1677314285714,17.3958795714286,15.3124581428571,13.3730592857143,15.1915468571429,19.1565688571429,25.1697845714286,15.647253,18.2100235714286,19.8604258571429,26.0708471428571,15.7336472142857,24.9122321428571,26.768795,17.0967825714286,16.7492248571429,14.6932221428571,14.0735868571429,12.7593097142857,17.5659837142857,24.8774751428571,17.7673564285714,27.6580404285714,15.4766234285714,22.0976254857143,18.046106,26.1285251428571,23.661206,13.765582,23.0967957142857,17.554809,26.3707447142857,15.7407199285714,16.0685825714286,24.473229,17.7902302857143,26.1256228571429,23.851604,16.7492248571429,20.8335128571429,19.143486,16.2907411428571,23.2666261428571,17.592874,22.9136574285714,14.2845258571429,25.2586035714286,26.98723,18.2254381428571,14.3343769285714,28.0838167142857,25.8585392857143,16.1362402857143,27.1236505714286,21.7774127142857,19.774894,27.7832797142857,23.8243411428571,25.3031425714286,16.2907411428571,17.5659837142857,21.0308755714286,17.2702614285714,16.3168588571429,19.170568,17.7140827142857,15.647253,23.2192068571429,17.2702614285714,24.815168,15.5833002142857,23.6646304285714,17.929186,20.1307797142857,17.2702614285714,21.1854301428571,18.1854901428571,24.0820738571429,27.0704958571429,14.9187825714286,17.0314864285714
"54","2021-2",24.6517197142857,20.40845,18.4782568571429,16.4778688571429,14.5066995714286,16.4148454285714,20.2060842857143,26.1550321428571,16.750851,19.3041221428571,21.5657955714286,27.0673828571429,16.8919922857143,25.7174272857143,28.0681808571429,18.7566745714286,17.8794977142857,15.8800358571429,15.2200482857143,13.9319122857143,18.6966711428571,25.722097,18.8480501428571,28.5018137142857,16.5840242857143,23.4973878285714,19.1141857142857,26.7866738571429,24.7357951428571,14.9029898571429,23.7136932857143,18.6569342857143,26.8282992857143,16.8702892857143,17.223435,25.4728787142857,19.2648145714286,26.7539715714286,25.0196915714286,17.8794977142857,21.6092061428571,20.3054435714286,17.3917467142857,23.9050581428571,18.6174524285714,23.7348512857143,15.4100718571429,26.2146305714286,28.0134801428571,19.2537315714286,15.4579805714286,29.0259954285714,26.3697424285714,17.228462,27.6889522857143,22.9254304285714,21.082808,28.6339921428571,24.9289561428571,26.2059274285714,17.3917467142857,18.6966711428571,22.0320911428571,18.3697934285714,17.4107560714286,20.046028,18.8453394285714,16.750851,24.0607365714286,18.3697934285714,25.8954504285714,16.6321185714286,24.6785577142857,19.6777647142857,21.1869265714286,18.3697934285714,21.8841402857143,19.2099811428571,25.1242378571429,27.643902,16.0349358571429,18.003614
"55","2021-3",24.3189234285714,19.6571608571429,18.00283,15.8511015714286,13.8301558571429,15.6567842857143,19.7727728571429,26.4725975714286,16.2449078571429,18.8180294285714,20.5345661428571,27.1364054285714,16.1858807142857,25.8073134285714,27.380321,17.8041827142857,17.3037701428571,15.1687542857143,14.5819695714286,13.1822457857143,18.1379668571429,25.3812114285714,18.3812125714286,27.935668,16.0496661428571,22.6620809142857,18.6573741428571,26.8512767142857,24.1667035714286,14.3449444285714,23.71013,18.0093754285714,27.0317861428571,16.2781607142857,16.5485595714286,25.8904958571429,18.3609247142857,26.9173508571429,24.2899421428571,17.3037701428571,21.2428021428571,19.704993,16.8936344285714,23.7535065714286,18.1797701428571,23.781497,14.8059092857143,25.7035594285714,27.3503511428571,18.8520955714286,14.7494504285714,28.5593538571429,26.2777598571429,16.7299218571429,27.3163492857143,22.2009678571429,20.2409835714286,28.3123314285714,24.3363855714286,25.8835792857143,16.8936344285714,18.1379668571429,21.6174165714286,17.867364,16.9231287142857,19.5950494285714,18.2953805714286,16.2449078571429,24.2608595714286,17.867364,25.3594471428571,16.1483302857143,24.0746768571429,18.5550115714286,20.6609274285714,17.867364,21.9132582857143,18.9217112857143,24.43522,27.7590405714286,15.4722380714286,17.5250771428571
"56","2021-4",24.4979414285714,19.8965115714286,17.812643,15.8151082857143,13.8662347142857,15.8144577142857,19.6411342857143,26.001929,16.0975018571429,18.6795602857143,21.0373505714286,26.9422237142857,16.1673737857143,25.6037465714286,27.987526,18.3508051428571,17.2020715714286,15.1248417142857,15.024142,13.233065,18.0500097142857,25.1320955714286,18.2145701428571,28.1500541428571,15.947883,23.2063925714286,18.458188,26.4740538571429,24.3666897142857,14.2411775714286,23.5994794285714,18.0457922857143,26.6903285714286,16.1962672857143,16.825838,25.5103851428571,18.8227121428571,26.5532182857143,24.731807,17.2020715714286,21.136707,19.7262932857143,16.7640598571429,23.7514891428571,17.9731511428571,23.8031984285714,14.8113561428571,25.6903457142857,28.110162,18.6802835714286,14.7843019285714,29.1459481428571,26.6084998571429,16.5248805714286,27.3633144285714,22.4525882857143,20.5461191428571,29.1315215714286,24.2528745714286,25.7189612857143,16.7640598571429,18.0500097142857,21.4511544285714,17.732893,16.7800612857143,19.3898532857143,18.2164772857143,16.0975018571429,24.1786428571429,17.732893,25.5714358571429,15.9067000714286,24.3556882857143,18.9544227142857,21.250291,17.732893,21.6026882857143,18.7768431428571,24.5812351428571,27.2625455714286,15.4285075714286,17.253316
"57","2021-5",25.0486904285714,20.527708,18.8301532857143,16.5763468571429,13.9389800714286,16.5365842857143,20.6374825714286,26.0860712857143,17.0319757142857,19.3754795714286,20.6616175714286,27.7225522857143,16.1637167142857,25.8862152857143,28.1885815714286,18.5121235714286,17.6989922857143,15.7590704285714,15.0035488571429,13.3757494285714,18.6790755714286,26.3632197142857,18.9893807142857,29.5370398571429,16.0311445,23.3345798571429,19.4991031428571,26.9158547142857,24.2689697142857,15.3180425714286,23.6140174285714,17.7079262857143,26.555208,16.265574,17.3507898571429,25.3949451428571,18.3732005714286,27.0288834285714,23.852135,17.6989922857143,22.3024581428571,20.5046937142857,17.3291002857143,24.1505361428571,19.1776475714286,23.7441831428571,15.0436588571429,26.9211228571429,28.3510145714286,19.72652,14.5951291428571,29.6227647142857,26.4026634285714,17.7436928571429,28.7531267142857,23.3302495714286,20.959562,29.0703555714286,24.9600068571429,26.1124797142857,17.3291002857143,18.6790755714286,22.7565407142857,18.2941185714286,17.4465282857143,20.7443705714286,18.9247895714286,17.0319757142857,24.2425244285714,18.2941185714286,25.6790744285714,17.3174705714286,23.8063764285714,18.4928267142857,21.2764161428571,18.2941185714286,22.3825504285714,18.6921902857143,25.8864307142857,27.9193678571429,15.6614078571429,18.5936298571429
"58","2021-6",24.2612674285714,20.1103641428571,17.9386385714286,16.0274651428571,13.4247323571429,16.2115968571429,19.6469385714286,24.8854788571429,16.1768698571429,18.6010262857143,20.2130708571429,27.4589457142857,15.7787287142857,24.8035771428571,27.6469018571429,18.002376,17.0970138571429,15.3497096428571,14.9450894285714,13.1539411428571,18.0374541428571,25.4067624285714,18.1412038571429,28.8313395714286,15.3387843571429,22.9362547428571,18.5964082857143,25.9445665714286,23.536068,14.4494210714286,23.3497895714286,17.3150001428571,26.2508241428571,15.6839274285714,17.1196212857143,24.268807,17.9317322857143,25.7147201428571,23.4399618571429,17.0970138571429,21.4827478571429,19.8538867142857,16.5327178571429,23.8850324285714,18.2445871428571,23.1850285714286,14.3578268571429,26.0039317142857,28.063585,18.7205582857143,14.3716585714286,29.0897781428571,25.8538555714286,16.827936,28.5496097142857,22.7465455714286,20.75534,28.8980848571429,23.696288,24.7573605714286,16.5327178571429,18.0374541428571,21.6637738571429,17.5592205714286,16.6338862857143,19.796465,18.2595388571429,16.1768698571429,24.0567431428571,17.5592205714286,24.4294918571429,16.3679798571429,23.259961,18.0626262857143,21.2082861428571,17.5592205714286,21.3452084285714,18.0704411428571,25.1289072857143,27.271357,14.9349251428571,17.60521
"59","2021-7",24.6969412857143,20.2134567142857,18.024056,16.2090290714286,13.8230155714286,16.4392475714286,19.6679381428571,25.0684287142857,16.3037028571429,18.7450615714286,21.2061198571429,27.6729692857143,16.1725297142857,25.079763,27.8137685714286,18.6012558571429,17.3793111428571,15.6529784285714,15.5971398571429,13.6308177142857,18.2213497142857,25.5312724285714,18.2739241428571,28.83592,15.6468404285714,23.5164738857143,18.6739122857143,26.1552037142857,23.5580035714286,14.5466792857143,23.6967397142857,17.8843488571429,26.450274,16.0029054285714,17.4563897142857,24.414213,18.7319485714286,26.0328141428571,24.2485147142857,17.3793111428571,21.6387488571429,19.8852277142857,16.7706715714286,24.2522147142857,18.3325907142857,23.6134425714286,14.6491792142857,26.0232211428571,28.39782,18.7626618571429,15.0242425,28.9477304285714,25.4779842857143,16.9010797142857,28.6482495714286,22.782623,21.5634051428571,29.3051724285714,23.6952232857143,24.8636212857143,16.7706715714286,18.2213497142857,21.692827,17.7917085714286,16.8366664285714,19.9799631428571,18.3940704285714,16.3037028571429,24.4775994285714,17.7917085714286,24.2002835714286,16.454499,23.5432902857143,19.1893641428571,21.7123625714286,17.7917085714286,21.5465994285714,18.8683255714286,25.1709284285714,27.4553717142857,15.2108631428571,17.7274234285714
"60","2021-8",25.8415957142857,20.7395384285714,19.0717798571429,16.8816845714286,14.0722228571429,16.8339648571429,20.6618968571429,27.7277814285714,17.3423141428571,19.6709894285714,20.773741,28.7980571428571,16.5232612857143,27.1470154285714,28.0893047142857,18.3750381428571,18.1167272857143,16.1394190714286,15.4552028571429,13.795592,19.0014382857143,26.2699215714286,19.2814857142857,29.1908144285714,16.4490067142857,23.2522834,19.702431,28.1416701428571,24.2834271428571,15.6321631428571,24.6408168571429,18.0017065714286,27.7083234285714,16.6663722857143,17.705287,27.2745417142857,18.2806785714286,28.3553102857143,23.7626498571429,18.1167272857143,22.4995465714286,20.6620957142857,17.7656687142857,24.7761622857143,19.3220025714286,25.0192298571429,15.2180769285714,26.7373085714286,28.1367748571429,19.7842312857143,15.0709824285714,29.3865885714286,26.820277,17.9755972857143,28.7177182857143,23.2984077142857,20.8865582857143,29.2724764285714,25.306924,26.790418,17.7656687142857,19.0014382857143,22.6975642857143,18.6855325714286,17.8315057142857,21.0058698571429,19.2040218571429,17.3423141428571,25.5011694285714,18.6855325714286,26.0374215714286,17.5037021428571,23.5318758571429,18.6923977142857,21.7368077142857,18.6855325714286,23.39809,19.0870821428571,25.6751904285714,28.8668098571429,15.9545078571429,18.7940455714286
"61","2021-9",24.8441098571429,19.9804097142857,17.772673,15.7377014285714,13.1105623571429,16.0496634285714,19.7824892857143,26.5929784285714,16.0766765714286,18.3035177142857,20.0341571428571,28.164575,15.4165862857143,26.0853338571429,27.1875685714286,17.9028812857143,16.8158288571429,15.0219308571429,15.1839108571429,12.9170443571429,17.7239815714286,26.3404687142857,17.965345,29.3908288571429,15.185863,22.6861292571429,18.4347341428571,26.8418368571429,23.1668552857143,14.4193262857143,24.0407844285714,16.9035317142857,26.7600088571429,15.4440615,17.0767262857143,25.8122891428571,17.9165557142857,26.7818788571429,23.338548,16.8158288571429,22.0533065714286,19.5950964285714,16.4724515714286,24.2842047142857,18.201751,23.9088717142857,14.1031065714286,26.7173478571429,27.8769237142857,18.8981465714286,14.0575199285714,28.9812082857143,25.6981098571429,16.7124302857143,28.88937,22.7779471428571,20.4291155714286,29.4201747142857,24.1254035714286,25.4961438571429,16.4724515714286,17.7239815714286,22.4683638571429,17.3210977142857,16.5409637142857,20.1337144285714,17.9424995714286,16.0766765714286,24.5225841428571,17.3210977142857,24.9123272857143,16.3308758571429,22.8414048571429,18.2736312857143,21.4769352857143,17.3210977142857,22.4251201428571,17.6738124285714,25.7291752857143,27.9345567142857,14.7254042857143,17.6300184285714
"62","2021-10",26.2717617142857,20.7774584285714,18.8972621428571,16.7708827142857,14.1294708571429,16.8993574285714,20.9213052857143,27.9814971428571,17.2091945714286,19.4329224285714,20.8609545714286,29.2348961428571,16.4441465714286,27.4648225714286,28.0239012857143,18.7009937142857,17.9151657142857,16.0436357857143,15.8083403571429,13.8582815714286,18.8078105714286,27.3897192857143,19.112728,30.0329602857143,16.3023797142857,23.4071255428571,19.5641538571429,28.2731557142857,24.0542344285714,15.5408165714286,25.3560372857143,17.9202755714286,27.6328401428571,16.5349754285714,17.8452522857143,27.3184175714286,18.1590001428571,28.5183414285714,23.6458871428571,17.9151657142857,23.2608908571429,20.5900157142857,17.6174028571429,25.5766661428571,19.3419018571429,25.3779447142857,15.157983,27.6569717142857,28.493957,20.0689617142857,15.0485968571429,29.4621401428571,26.5382285714286,17.8149571428571,29.6733437142857,23.5424702857143,20.9558211428571,29.6439721428571,25.0479547142857,26.7071472857143,17.6174028571429,18.8078105714286,23.5974227142857,18.4544538571429,17.6876102857143,21.3506314285714,19.017227,17.2091945714286,25.8769091428571,18.4544538571429,25.7533861428571,17.436803,23.4874191428571,18.5091241428571,22.0378747142857,18.4544538571429,23.758569,18.7563117142857,26.5480155714286,29.0548637142857,15.8148338571429,18.7581824285714
"63","2021-11",25.2130751428571,20.4604638571429,18.5074381428571,16.5171649285714,14.0368364285714,16.7276048571429,20.4942965714286,26.332868,16.789311,19.0646247142857,20.654327,28.3860277142857,16.4104394285714,26.038491,27.5814388571429,18.468452,17.6239151428571,15.9405664285714,15.6037982857143,13.9154479285714,18.4968342857143,27.1552015714286,18.7158524285714,29.9227948571429,15.9348434285714,23.099345,19.1791955714286,27.416898,23.921173,15.097208,24.2584821428571,17.971648,26.8662888571429,16.2740555714286,17.6148041428571,25.499207,18.3952641428571,27.476308,23.8493112857143,17.6239151428571,22.7549008571429,20.2445654285714,17.1646187142857,24.8530311428571,18.9300738571429,23.9405925714286,14.8687542857143,27.3721945714286,27.5732051428571,19.6310382857143,15.1938532857143,28.7769018571429,26.2076398571429,17.4175012857143,29.8156221428571,23.1900954285714,21.219302,29.1097267142857,24.3868228571429,25.8871835714286,17.1646187142857,18.4968342857143,23.1859135714286,18.0707977142857,17.2554368571429,20.8442492857143,18.6929135714286,16.789311,24.671048,18.0707977142857,25.1152561428571,17.0286621428571,23.6779051428571,18.393332,21.6037907142857,18.0707977142857,22.6838465714286,18.6645804285714,26.2876252857143,28.4669901428571,15.4546688571429,18.3143988571429
"64","2021-12",25.5922775714286,20.7179198571429,18.7292327142857,16.6789492857143,13.9646830714286,16.8126015714286,20.7157794285714,26.669949,17.0043265714286,19.267341,20.5953561428571,28.8571205714286,16.2965829285714,26.3765331428571,27.899326,18.6132011428571,17.7273945714286,15.942312,15.3395790714286,13.6810604285714,18.6731014285714,27.3983632857143,18.9193634285714,29.8201222857143,16.0559701428571,23.1063991142857,19.4182498571429,27.5550438571429,23.8347942857143,15.335655,25.2235574285714,17.6378128571429,27.2396257142857,16.3396617142857,17.5810242857143,25.9143164285714,18.2432521428571,27.5575831428571,23.9386478571429,17.7273945714286,22.9540564285714,20.5317208571429,17.3463547142857,25.2853447142857,19.1825072857143,24.7674012857143,14.962716,27.4687177142857,27.6037898571429,19.8621784285714,14.7746504285714,28.9369461428571,26.4089765714286,17.6443231428571,29.6790237142857,23.4152655714286,20.8203224285714,28.9852921428571,24.777461,26.2095632857143,17.3463547142857,18.6731014285714,23.3846312857143,18.2343792857143,17.442287,20.9993252857143,18.905599,17.0043265714286,25.4432377142857,18.2343792857143,25.4601342857143,17.2569832857143,23.4840261428571,18.2970337142857,21.4320192857143,18.2343792857143,22.92735,18.2094555714286,26.3989262857143,28.6241107142857,15.5855667857143,18.4737685714286
"65","2021-13",27.2972135714286,22.1490572857143,20.7450375714286,18.4552051428571,15.7089704285714,18.3029582857143,22.6659,28.7388115714286,18.9953572857143,21.263831,22.1644922857143,29.5785462857143,18.040159,28.4171948571429,28.0490298571429,19.4791818571429,19.5870718571429,17.6647705714286,16.5144108571429,15.315133,20.5362878571429,28.596028,20.9319918571429,30.8970048571429,18.0015277142857,24.0329291142857,21.3950284285714,29.3641112857143,25.55989,17.3098588571429,26.4530248571429,19.3743904285714,27.9423444285714,18.1957878571429,18.9360524285714,27.8399901428571,19.6884032857143,29.4546834285714,24.9690788571429,19.5870718571429,24.431223,22.2629172857143,19.3144971428571,26.644921,21.0590954285714,26.5263377142857,16.809678,28.8824447142857,28.4374507142857,21.799285,16.5035408571429,30.1234162857143,27.5613944285714,19.6620438571429,30.4826844285714,24.8151098571429,22.0344908571429,29.6022262857143,26.6264904285714,28.0094221428571,19.3144971428571,20.5362878571429,25.1146171428571,20.2081802857143,19.4286165714286,22.8433987142857,20.7743331428571,18.9953572857143,26.6169874285714,20.2081802857143,27.1828005714286,19.2279975714286,24.8743605714286,20.3856941428571,22.45434,20.2081802857143,24.831919,20.001104,27.6960258571429,29.5960345714286,17.5128742857143,20.5117595714286
"66","2021-14",25.7217108571429,21.5352948571429,19.4018395714286,17.6132705714286,14.7209257857143,17.7658618571429,21.7943471428571,25.9927537142857,17.5968968571429,20.1314031428571,21.6342081428571,28.3832534285714,17.2744557142857,26.042628,28.0913894285714,19.4734115714286,18.5465932857143,16.9662321428571,16.0171011428571,14.7551231428571,19.5357028571429,27.975628,19.645033,30.012017,16.7784502857143,23.7722933428571,20.1159794285714,26.8707732857143,24.0408424285714,15.8006994285714,25.6037471428571,18.4440351428571,26.7129275714286,17.1544574285714,18.4126724285714,25.4691847142857,19.1508174285714,26.6864084285714,24.503876,18.5465932857143,23.4559525714286,21.4270704285714,17.9153384285714,25.7949125714286,19.8455195714286,25.129216,15.5722476428571,28.0391965714286,28.0387902857143,20.8302957142857,15.7272729285714,29.4754137142857,26.1194577142857,18.2274751428571,29.8903825714286,24.1573214285714,21.6236672857143,29.029444,24.7978604285714,25.91529,17.9153384285714,19.5357028571429,24.2137755714286,19.013235,18.0707624285714,21.3072918571429,19.7911238571429,17.5968968571429,25.4943924285714,19.013235,25.2385471428571,17.8122927142857,23.9196617142857,19.5462095714286,21.9347682857143,19.013235,22.52449,19.0550575714286,26.8897728571429,28.230537,16.2104234285714,18.9953534285714
"67","2021-15",27.1890285714286,22.536291,20.7074297142857,18.7893965714286,15.9040351428571,18.8080235714286,22.9823594285714,27.1689938571429,18.8741382857143,21.3930667142857,22.4565441428571,29.2263985714286,18.4444085714286,27.4242614285714,28.2869685714286,20.3600064285714,19.738068,18.1172727142857,16.971759,15.8881625714286,20.7473564285714,29.1232071428571,20.9321455714286,30.5439018571429,17.971775,24.354037,21.4224158571429,28.2698052857143,25.3946355714286,17.0695755714286,27.0397661428571,19.6787868571429,27.647878,18.3362207142857,19.3711571428571,26.4858618571429,20.00133,28.0094864285714,25.5052525714286,19.738068,24.7507761428571,22.5636787142857,19.1420924285714,26.943269,21.1511352857143,26.5809792857143,16.7585421428571,28.9694362857143,28.0552814285714,22.0668934285714,16.9668772857143,29.9277441428571,26.9356825714286,19.542034,30.4092348571429,24.9942608571429,22.6113844285714,29.5130065714286,25.8818878571429,27.1125095714286,19.1420924285714,20.7473564285714,25.388644,20.2449141428571,19.320787,22.7438365714286,21.0066741428571,18.8741382857143,26.6947707142857,20.2449141428571,26.2938161428571,19.149308,25.1568591428571,20.3405207142857,22.7339734285714,20.2449141428571,24.0208167142857,20.3617755714286,27.6987932857143,29.2971582857143,17.4050581428571,20.3713228571429
"68","2021-16",26.4271844285714,21.7390454285714,20.0065208571429,18.1214602857143,15.6318554285714,18.124465,22.1805938571429,26.528023,18.29928,20.7090202857143,21.9761034285714,28.3140177142857,18.0027842857143,26.7552271428571,27.982185,19.7733658571429,19.2442355714286,17.5719657142857,16.5913454285714,15.4122018571429,20.1055178571429,28.4369632857143,20.2730485714286,30.1426551428571,17.5827258571429,23.9317601714286,20.6834678571429,27.5033378571429,24.8465647142857,16.5710915714286,26.0238585714286,19.3551971428571,27.0102244285714,17.911025,18.8185595714286,25.5491131428571,19.5561048571429,27.3175054285714,24.8993094285714,19.2442355714286,24.049028,21.7415258571429,18.6977817142857,26.130098,20.4200885714286,25.5086278571429,16.4967805714286,28.3154597142857,27.8140504285714,21.2752061428571,16.5643892857143,29.4894818571429,26.7099688571429,18.8664014285714,30.0930055714286,24.2658012857143,22.1130961428571,29.2345787142857,25.413864,26.5199415714286,18.6977817142857,20.1055178571429,24.5979404285714,19.7065991428571,18.8029588571429,22.0538155714286,20.2950208571429,18.29928,25.6358735714286,19.7065991428571,25.9213702857143,18.4578604285714,24.5193272857143,19.9022512857143,22.3514458571429,19.7065991428571,23.3463214285714,19.9155531428571,27.0279045714286,28.495938,17.0921271428571,19.7028148571429
"69","2021-17",26.3056542857143,21.4959021428571,19.3607154285714,17.74274,15.2315222857143,17.9150997142857,21.758598,25.8775368571429,17.6535717142857,20.2392275714286,21.8587144285714,28.3422057142857,17.7723338571429,26.2406232857143,27.8508022857143,19.4327108571429,18.7946452857143,17.2656151428571,16.5323171428571,15.3092534285714,19.6722227142857,28.1270404285714,19.7483558571429,29.7143178571429,17.1007855714286,23.8299218285714,20.0456987142857,26.5701335714286,24.588057,15.8474217142857,26.7024352857143,19.1519795714286,26.6450318571429,17.5097864285714,18.6410232857143,24.9937861428571,19.354061,26.2384141428571,24.8243741428571,18.7946452857143,23.6467075714286,21.3652295714286,18.134533,26.4224351428571,19.6684192857143,25.9715287142857,15.9457081428571,27.961379,27.9094964285714,20.8138508571429,16.5160617142857,29.0055414285714,26.5517004285714,18.0890304285714,29.67727,23.9062952857143,22.0978851428571,29.108368,24.5827301428571,25.6691371428571,18.134533,19.6722227142857,24.297588,19.1971434285714,18.2478592857143,21.3080324285714,19.8732487142857,17.6535717142857,26.0900672857143,19.1971434285714,25.3963161428571,17.5652947142857,24.4642612857143,19.3221667142857,22.2197878571429,19.1971434285714,22.6548031428571,19.5623885714286,26.711786,27.8700404285714,16.5354101428571,18.7353144285714
"70","2021-18",25.9392901428571,20.7936751428571,18.9387725714286,17.2268995714286,15.2457261428571,17.2969742857143,21.130961,25.4662344285714,17.2862321428571,19.809227,21.9953065714286,27.4911587142857,17.6202494285714,25.8014568571429,27.2242464285714,19.2326285714286,18.4117914285714,16.8149377142857,16.217187,15.0874464285714,19.2140082857143,27.3610765714286,19.3979051428571,29.1550128571429,16.9336922857143,23.4855185714286,19.5878828571429,26.4362191428571,24.8320492857143,15.5098597142857,25.5580842857143,19.2604808571429,26.7198042857143,17.3212852857143,18.095278,24.9427987142857,19.803212,26.4243915714286,25.4508298571429,18.4117914285714,23.1120787142857,20.7887694285714,17.8700271428571,25.5395968571429,19.0621218571429,25.2068295714286,15.903298,27.3850357142857,27.1727758571429,20.279323,16.5149512857143,28.3794835714286,26.2073871428571,17.6070891428571,29.0679182857143,23.04944,21.8026354285714,28.7396651428571,24.2675905714286,25.5974958571429,17.8700271428571,19.2140082857143,23.7892674285714,18.8042991428571,17.9409395714286,20.7969751428571,19.3950654285714,17.2862321428571,25.5727425714286,18.8042991428571,25.2257877142857,16.9447232857143,25.0367234285714,19.7051602857143,21.7516108571429,18.8042991428571,22.2548492857143,19.6192695714286,26.0694621428571,27.6535248571429,16.422681,18.0475615714286
"71","2021-19",26.6212947142857,22.3503408571429,20.6571374285714,18.8136617142857,16.5224142857143,18.781602,22.8704717142857,27.1928664285714,18.8884327142857,21.4781767142857,23.3505221428571,28.4602785714286,18.982073,27.1401808571429,28.212836,20.5097045714286,19.9123141428571,18.2917788571429,17.2625568571429,16.3816134285714,20.8174955714286,28.7824754285714,21.0705952857143,30.3075115714286,18.4018405714286,24.5827608571429,21.3339962857143,28.0528267142857,25.8599124285714,17.038382,26.4680515714286,20.3733467142857,27.4469518571429,18.770979,19.4278992857143,26.490164,20.8622188571429,28.1728648571429,26.3943424285714,19.9123141428571,24.5069344285714,22.4916712857143,19.3842624285714,26.4513494285714,20.7877867142857,26.0343007142857,17.2732375714286,28.8536568571429,28.1602057142857,22.0334907142857,17.634687,29.5273587142857,27.423803,19.31079,29.8481648571429,24.5289551428571,22.6805358571429,29.5836654285714,25.9160432857143,27.2300524285714,19.3842624285714,20.8174955714286,25.478289,20.372269,19.5076384285714,22.3817218571429,21.0493252857143,18.8884327142857,26.1128992857143,20.372269,26.7258532857143,18.652829,25.9261122857143,20.8599498571429,22.8287891428571,20.372269,23.6473221428571,20.532255,27.50518,28.6215562857143,17.8428888571429,19.7332878571429
"72","2021-20",25.9956032857143,21.9486474285714,20.0500601428571,18.2893402857143,15.8578435714286,18.32348,22.3177337142857,25.591198,18.2667728571429,20.867265,22.8079758571429,28.1706782857143,18.35505,25.9397417142857,28.0897985714286,20.1668217142857,19.3176251428571,17.7352825714286,16.778459,15.7653823571429,20.2571812857143,28.4140361428571,20.4413901428571,30.0724321428571,17.752022,24.2773065714286,20.7394207142857,26.6727305714286,25.185088,16.366348,26.5312748571429,19.6684837142857,27.0807052857143,18.1540097142857,18.9812585714286,25.0561368571429,20.1880848571429,26.4743615714286,25.8408195714286,19.3176251428571,24.04038,22.003853,18.723487,26.5846457142857,20.2576254285714,25.848603,16.5789688571429,28.5061502857143,28.0451167142857,21.4582028571429,16.8894502857143,29.454221,26.746282,18.7222448571429,29.803368,24.2228982857143,22.27682,29.3375457142857,24.9858242857143,26.1338114285714,18.723487,20.2571812857143,24.9626522857143,19.7582517142857,18.8692044285714,21.7834837142857,20.4908007142857,18.2667728571429,26.128382,19.7582517142857,25.5951187142857,18.1119244285714,25.4311572857143,20.0311837142857,22.4168017142857,19.7582517142857,22.5822877142857,19.9924657142857,27.2063528571429,28.0075574285714,17.1578311428571,19.1887255714286
"73","2021-21",27.018868,22.4330931428571,20.781138,19.0569934285714,17.2366011428571,19.0383638571429,22.667945,27.1923975714286,19.1615465714286,21.6128327142857,24.0590988571429,28.6766352857143,19.6032065714286,27.3789014285714,28.3121121428571,20.8323048571429,20.339328,18.736669,17.8090582857143,17.0211904285714,21.0520841428571,28.5258314285714,21.2259565714286,30.0922361428571,18.902755,25.0550780857143,21.39968,28.2409417142857,26.4555851428571,17.4081981428571,26.6215802857143,21.3284607142857,27.6609907142857,19.2802645714286,19.7266167142857,26.5340755714286,21.54456,28.4303311428571,27.0274645714286,20.339328,24.5174075714286,22.4743898571429,19.8098412857143,26.5273152857143,20.8651744285714,26.5267537142857,17.8675172857143,28.6245464285714,28.5016751428571,21.8745937142857,18.5937494285714,29.526831,27.7136164285714,19.4930724285714,29.6876858571429,24.4815944285714,23.5701994285714,29.6503897142857,26.213518,27.520224,19.8098412857143,21.0520841428571,25.2029855714286,20.6986228571429,19.8413422857143,22.6209572857143,21.188745,19.1615465714286,26.6084271428571,20.6986228571429,27.1465155714286,18.839987,26.6212027142857,21.6524898571429,23.1089178571429,20.6986228571429,23.886613,21.7722601428571,27.3216462857143,28.714943,18.3864017142857,19.9824952857143
"74","2021-22",25.4129774285714,21.1738298571429,19.3701438571429,17.6724275714286,15.4845152142857,17.556469,21.522313,25.5356858571429,17.6418645714286,20.4093575714286,22.7146617142857,27.6430298571429,17.9668708571429,25.6439182857143,27.6819881428571,19.7744621428571,18.9190937142857,17.1741684285714,16.1268105714286,15.2310692857143,19.7710717142857,27.4848951428571,19.9322934285714,29.2882168571429,17.396948,23.9373282,20.022403,26.3410132857143,25.0018041428571,15.6541358571429,25.2311114285714,19.5567952857143,26.9635985714286,17.7646005714286,18.2887078571429,25.335818,19.7760732857143,26.4480748571429,25.3873978571429,18.9190937142857,23.1393078571429,21.3210805714286,18.3303932857143,25.2975831428571,19.3423528571429,25.0368262857143,16.1820957142857,27.6851397142857,27.768124,20.6178144285714,16.6815438571429,28.8984402857143,26.299362,17.8930114285714,28.7978058571429,23.359252,21.747405,28.9237191428571,24.5269182857143,25.8510917142857,18.3303932857143,19.7710717142857,24.0972061428571,19.3756145714286,18.4187072857143,20.8725845714286,19.9529548571429,17.6418645714286,25.5527615714286,19.3756145714286,25.4193498571429,17.0879691428571,25.0837647142857,19.9510818571429,21.8680828571429,19.3756145714286,22.0282657142857,19.6589564285714,26.3355974285714,27.4160871428571,16.7729564285714,18.1235727142857
"75","2021-23",26.1666474285714,20.9307528571429,19.3495144285714,17.6322378571429,15.6220672857143,17.4894281428571,21.3675045714286,25.1521131428571,17.5895468571429,20.3748492857143,22.926218,27.2788031428571,18.1596244285714,25.7625878571429,27.0691854285714,19.7808267142857,18.955719,17.2667575714286,16.3936688571429,15.4782454285714,19.7468448571429,27.1252567142857,19.9036845714286,28.5380514285714,17.4037244285714,23.8443583142857,20.0051167142857,25.6614071428571,24.6080337142857,15.542443,25.2370072857143,19.8800377142857,26.5197217142857,17.8256368571429,18.3036438571429,24.8956995714286,19.593371,25.4798648571429,25.3631152857143,18.955719,23.0873187142857,21.1399914285714,18.2827938571429,25.011405,19.3468771428571,25.5959544285714,16.1538312857143,27.2392687142857,27.3962838571429,20.5204807142857,17.0915867142857,28.4706704285714,25.4821987142857,17.8732794285714,27.8641782857143,22.9195897142857,22.0492775714286,28.7787344285714,24.0108977142857,25.2146744285714,18.2827938571429,19.7468448571429,23.8860942857143,19.3660824285714,18.3794558571429,21.0388301428571,19.8932632857143,17.5895468571429,25.8944427142857,19.3660824285714,24.5864518571429,17.1091842857143,24.9154315714286,19.9306341428571,21.9652397142857,19.3660824285714,21.8625665714286,19.8881048571429,25.7620028571429,26.9267958571429,16.7356024285714,18.2217577142857
"76","2021-24",26.3287307142857,21.3627877142857,20.1271298571429,18.2482961428571,16.3151061428571,17.9199502857143,21.9715612857143,25.5807585714286,18.384389,21.107656,23.2104122857143,27.1992394285714,18.7317041428571,26.1227211428571,27.6170052857143,20.0613021428571,19.6451684285714,17.8305778571429,16.6484837142857,15.928056,20.4237095714286,27.4811845714286,20.674475,28.8228711428571,18.1607451428571,24.1832649428571,20.7632378571429,26.4887245714286,25.5981204285714,16.362668,25.0978587142857,20.4562957142857,26.8232238571429,18.5189867142857,18.6555422857143,25.1750484285714,20.1484672857143,26.1820197142857,26.0823864285714,19.6451684285714,23.5153137142857,21.7300257142857,19.0785997142857,24.9705872857143,20.0665428571429,25.3836521428571,16.9537302857143,27.6289091428571,27.6016865714286,21.165143,17.5799655714286,28.740118,26.2546938571429,18.6647427142857,28.0126688571429,23.2843035714286,22.4259184285714,28.8630745714286,24.9179032857143,26.0772934285714,19.0785997142857,20.4237095714286,24.4098424285714,20.111499,19.1659337142857,21.6932764285714,20.5652955714286,18.384389,25.6032381428571,20.111499,25.623163,17.874166,25.7660701428571,20.1921937142857,22.1526157142857,20.111499,22.4758397142857,20.3827108571429,26.1003911428571,27.4296782857143,17.5361008571429,18.967538
"77","2021-25",25.8792492857143,20.8845951428571,19.3761024285714,17.5923482857143,15.8093302142857,17.3953441428571,21.3344015714286,25.149628,17.6653127142857,20.3724215714286,22.5370135714286,26.9464358571429,18.128423,25.6700297142857,26.7669782857143,19.2985008571429,18.9740621428571,17.1870528571429,16.3204065714286,15.3663753571429,19.7360705714286,27.0856227142857,19.9247048571429,28.6093567142857,17.5116141428571,23.5752312857143,20.017654,25.9658815714286,25.0664782857143,15.6752012142857,25.0368678571429,20.0044247142857,26.628998,17.8735648571429,18.2118341428571,24.8382081428571,20.033295,25.7527292857143,25.5266358571429,18.9740621428571,23.0679368571429,21.097465,18.3924865714286,24.8865452857143,19.3763022857143,25.1743634285714,16.4071365,27.2308098571429,27.330396,20.4999407142857,17.0665832857143,28.4367667142857,25.9408961428571,17.932355,27.8415098571429,22.880353,21.9432677142857,28.794407,24.3752178571429,25.56648,18.3924865714286,19.7360705714286,23.8525071428571,19.408698,18.4560351428571,21.0949235714286,19.8713604285714,17.6653127142857,25.4260858571429,19.408698,25.0795805714286,17.1764944285714,25.3404934285714,20.2731611428571,21.9126828571429,19.408698,21.9890352857143,20.0616832857143,25.7405941428571,26.926609,16.9371117142857,18.3019792857143
"78","2021-26",26.0944994285714,20.5811944285714,19.198915,17.2794071428571,15.2306907142857,17.061374,21.0799781428571,24.9438291428571,17.3970091428571,20.1089815714286,22.2074138571429,26.9873681428571,17.7295451428571,25.6226392857143,26.7444777142857,19.0572968571429,18.6095811428571,16.8338737142857,15.8950276428571,14.9808725,19.4365168571429,26.9139167142857,19.6788885714286,28.5707708571429,17.0814385714286,23.3864293142857,19.857698,25.6968672857143,24.3382041428571,15.3314502142857,25.0258862857143,19.450585,26.9624718571429,17.4683958571429,17.851655,24.7727704285714,19.4462207142857,25.4948311428571,25.2286592857143,18.6095811428571,22.9588297142857,20.8544912857143,18.0044765714286,24.9159012857143,19.2422025714286,25.2918488571429,15.8036640714286,27.0795707142857,27.1420667142857,20.2445441428571,16.5967745714286,28.2759045714286,25.370279,17.7678321428571,27.9849271428571,22.7168697142857,21.7808914285714,28.4717815714286,24.0236161428571,25.2626434285714,18.0044765714286,19.4365168571429,23.5821515714286,19.0782437142857,18.1247295714286,21.0211471428571,19.5953897142857,17.3970091428571,25.5128695714286,19.0782437142857,24.6652578571429,17.0453415714286,24.7843567142857,19.2885315714286,21.4980497142857,19.0782437142857,21.963975,19.6215771428571,25.6499645714286,27.2600837142857,16.4107071428571,18.1993842857143
"79","2021-27",26.2373735714286,21.2141005714286,19.6473827142857,17.7913218571429,15.7708867142857,17.6201328571429,21.5936467142857,25.8491577142857,17.8834194285714,20.58243,22.8463701428571,27.435385,18.2090067142857,26.2282644285714,27.6995984285714,19.9721654285714,19.1139282857143,17.322188,16.4015563571429,15.4432629285714,19.9377031428571,27.4065875714286,20.1352395714286,29.1144598571429,17.6002865714286,24.0659222285714,20.3050051428571,26.6655218571429,25.0887155714286,15.8774694285714,25.3935044285714,19.9940168571429,27.4839091428571,17.973505,18.4047095714286,25.4248311428571,20.0163052857143,26.5371355714286,25.7578077142857,19.1139282857143,23.3863361428571,21.4092664285714,18.5249525714286,25.2484412857143,19.7103827142857,25.5747147142857,16.378728,27.6072242857143,27.6974121428571,20.7413752857143,17.0743641428571,29.1086572857143,26.327442,18.2324552857143,28.4948715714286,23.3340888571429,22.114065,29.060802,24.8630342857143,26.1342574285714,18.5249525714286,19.9377031428571,24.0854358571429,19.5737482857143,18.6179922857143,21.4511904285714,20.0974957142857,17.8834194285714,25.8829927142857,19.5737482857143,25.4988734285714,17.5149702857143,25.3023022857143,20.3387571428571,22.0804222857143,19.5737482857143,22.6055565714286,20.2049317142857,26.1715722857143,27.9917785714286,16.9626294285714,18.6757827142857
"80","2021-28",26.4482608571429,21.6929032857143,20.0543318571429,18.2360637142857,16.1095322857143,18.090772,22.174696,26.7171805714286,18.2425172857143,21.0357695714286,23.2471867142857,27.6498838571429,18.6304321428571,26.7887712857143,27.8980625714286,20.307432,19.4836347142857,17.7500891428571,16.8282141428571,15.9146552857143,20.3677662857143,27.9136115714286,20.5632124285714,29.6957617142857,17.9176957142857,24.3934284857143,20.7348472857143,27.2631725714286,25.4389312857143,16.1940585714286,25.7751494285714,20.4442362857143,27.6533498571429,18.3248497142857,18.8511862857143,26.1343327142857,20.405106,27.3068038571429,25.9179101428571,19.4836347142857,23.7744232857143,21.924514,18.847026,25.7313304285714,20.1205165714286,25.7541758571429,16.6586475714286,28.2074527142857,27.9754681428571,21.2919852857143,17.5935747142857,29.5285367142857,26.7200544285714,18.5845821428571,28.9580558571429,23.9072451428571,22.538993,29.404621,25.2394711428571,26.6629592857143,18.847026,20.3677662857143,24.67612,19.950799,18.9740545714286,21.7860521428571,20.5582047142857,18.2425172857143,25.9337961428571,19.950799,25.9475604285714,17.8469164285714,25.5984732857143,20.8186681428571,22.4815137142857,19.950799,22.943142,20.6109151428571,26.8343744285714,28.1790825714286,17.2519667142857,18.9930712857143
"81","2021-29",27.037137,22.090235,20.4537,18.6624631428571,16.6675447142857,18.4731514285714,22.7532032857143,27.1100518571429,18.6688588571429,21.488516,23.759902,28.1112247142857,19.0614338571429,27.1977214285714,28.2654364285714,20.4806031428571,19.9348852857143,18.1696341428571,17.0041431428571,16.2699708571429,20.804937,28.5859022857143,20.9996748571429,30.0513274285714,18.4207444285714,24.6781742285714,21.1350307142857,27.4840924285714,26.2038591428571,16.6720321428571,26.1392035714286,20.8661012857143,27.8646415714286,18.7981202857143,19.1683581428571,26.6131402857143,20.9732881428571,27.4858175714286,26.4705042857143,19.9348852857143,24.3410887142857,22.368701,19.3255148571429,26.0664572857143,20.471497,26.3315932857143,17.2925331428571,28.7327454285714,28.1483212857143,21.8340842857143,17.8850902857143,29.768496,27.0565994285714,18.9680807142857,29.2924372857143,24.2781034285714,22.7366082857143,29.5344957142857,25.5381727142857,26.8427584285714,19.3255148571429,20.804937,25.3242262857143,20.4065051428571,19.4276074285714,22.0927221428571,20.9972522857143,18.6688588571429,26.499896,20.4065051428571,26.3755584285714,18.1877875714286,26.2887372857143,21.3219588571429,22.6615027142857,20.4065051428571,23.1832412857143,21.1708162857143,27.2417144285714,28.3240781428571,17.8342635714286,19.2759158571429
"82","2021-30",26.1718635714286,21.1769714285714,19.793574,17.810731,15.6205223571429,17.5561608571429,21.8270481428571,25.8218195714286,17.9632725714286,20.7067491428571,22.4423142857143,27.3115075714286,18.0879738571429,26.1407907142857,27.6482222857143,19.6384777142857,19.091444,17.2657094285714,16.2085334285714,15.2908364285714,19.9871208571429,27.6100634285714,20.2684441428571,29.1875621428571,17.5562261428571,23.8148738,20.4731078571429,26.396104,24.9899591428571,15.922292,25.3772415714286,19.7443067142857,27.5344495714286,17.9155525714286,18.3148652857143,25.4085012857143,19.8544958571429,26.1410991428571,25.5072955714286,19.091444,23.4820895714286,21.512053,18.5306215714286,25.3178881428571,19.8566125714286,25.3725628571429,16.2838611428571,27.7779691428571,27.4501342857143,20.974868,16.8195917142857,29.0637392857143,25.8904968571429,18.3480945714286,28.6468831428571,23.3633491428571,21.8952204285714,28.9503118571429,24.6355077142857,25.8250424285714,18.5306215714286,19.9871208571429,24.3288777142857,19.6107977142857,18.666185,21.5012727142857,20.1840238571429,17.9632725714286,25.7060742857143,19.6107977142857,25.1497581428571,17.6167142857143,25.1800811428571,19.9313254285714,21.9434298571429,19.6107977142857,22.4225194285714,19.8421555714286,26.296732,27.8263817142857,16.8979875714286,18.7417294285714
"83","2021-31",26.6938055714286,21.527205,19.7129987142857,18.0871261428571,16.1962822857143,18.0107771428571,21.7009058571429,25.9832381428571,18.009839,20.7357878571429,22.9651832857143,27.4175331428571,18.6404405714286,26.5081842857143,27.4266365714286,19.8754631428571,19.4297245714286,17.738069,16.6689241428571,15.9126447857143,20.173276,27.5117557142857,20.242303,29.1602422857143,17.8966021428571,24.0924621142857,20.3581901428571,27.09128,25.2244177142857,16.041995,25.4532955714286,20.4758234285714,27.1023532857143,18.3033785714286,18.7347081428571,25.6449457142857,20.3605751428571,27.0411982857143,26.0317124285714,19.4297245714286,23.634424,21.607507,18.7553341428571,25.4554581428571,19.7636258571429,25.7125191428571,16.7004481428571,27.7301457142857,27.7713044285714,20.8207375714286,17.5926517142857,29.0310718571429,26.121047,18.2969562857143,28.5559452857143,23.5632111428571,22.4237231428571,29.053789,24.953021,26.3370184285714,18.7553341428571,20.173276,24.2195425714286,19.8003291428571,18.8003475714286,21.6746288571429,20.3005147142857,18.009839,25.937435,19.8003291428571,25.599584,17.5839838571429,25.5529678571429,20.1097861428571,22.2377564285714,19.8003291428571,22.8320181428571,20.6209777142857,26.3847992857143,27.7074395714286,17.2492355714286,18.7785405714286
"84","2021-32",25.9120928571429,20.9033594285714,19.0326421428571,17.3745585714286,15.3390644285714,17.3647575714286,21.1458624285714,25.1900522857143,17.299612,20.0353542857143,22.8235194285714,26.9089551428571,17.8712975714286,25.7028371428571,27.4642048571429,19.8387774285714,18.6571112857143,16.9997948571429,16.2081852857143,15.2180595,19.4524481428571,27.0855222857143,19.5420687142857,28.7883995714286,17.078159,23.8995122,19.694639,26.1686571428571,24.4183834285714,15.3408805714286,25.0499245714286,19.6561965714286,26.9948557142857,17.5065325714286,18.1654294285714,24.7693667142857,19.810382,25.9972818571429,25.3252954285714,18.6571112857143,23.0314748571429,20.964548,17.9740595714286,24.9734161428571,19.1165828571429,25.0935258571429,15.8421224285714,27.274229,27.3730634285714,20.245658,16.861452,28.5456817142857,25.6979302857143,17.6137358571429,28.2497398571429,23.0226622857143,21.9979958571429,28.7763824285714,24.2609674285714,25.5871595714286,17.9740595714286,19.4524481428571,23.7196877142857,19.0417007142857,18.0477874285714,20.9687591428571,19.6041174285714,17.299612,25.4125652857143,19.0417007142857,24.85908,16.909972,24.6827165714286,20.1889135714286,21.8345715714286,19.0417007142857,22.0585102857143,19.7311205714286,25.9155511428571,27.343846,16.4158187142857,18.0973974285714
"85","2021-33",25.961877,20.468657,18.9810894285714,17.204548,15.3968414285714,17.0344601428571,20.8671002857143,24.77337,17.2873811428571,19.9618097142857,22.8251504285714,27.007851,17.7961401428571,25.4750997142857,27.1563341428571,19.516107,18.6228687142857,16.8523095714286,16.1136924285714,15.0768162857143,19.3494267142857,26.784189,19.5087927142857,28.5563734285714,17.1189278571429,23.7561199714286,19.6109397142857,25.8115158571429,24.4569891428571,15.3068106428571,25.1532574285714,19.7108662857143,26.8673958571429,17.5008851428571,17.9189761428571,24.6193591428571,20.1781062857143,25.616438,25.6870442857143,18.6228687142857,22.8253091428571,20.6660992857143,18.0075717142857,24.9894354285714,18.9840417142857,25.3127828571429,15.914423,26.9346768571429,27.2755967142857,20.0054592857143,16.8123625714286,28.4478514285714,25.3493365714286,17.5686742857143,28.0794057142857,22.5965615714286,22.0074115714286,28.6861747142857,24.0131405714286,25.3288864285714,18.0075717142857,19.3494267142857,23.3863568571429,19.0346267142857,18.0645972857143,20.7989975714286,19.4611334285714,17.2873811428571,25.6839425714286,19.0346267142857,24.5149611428571,16.8205092857143,24.9972967142857,20.1928368571429,21.6945552857143,19.0346267142857,21.918583,20.0908614285714,25.5099867142857,27.2687891428571,16.4748644285714,17.9519645714286
"86","2021-34",26.5330465714286,21.3067595714286,19.6227358571429,18.0157615714286,16.1461435714286,17.9054117142857,21.6404791428571,25.2055242857143,17.9471642857143,20.7003964285714,23.1446195714286,27.1440495714286,18.6522512857143,25.9267175714286,27.3078597142857,19.8067495714286,19.401819,17.7241145714286,16.7639315714286,15.9645053571429,20.1229551428571,27.3294712857143,20.2038995714286,28.877486,17.8507584285714,24.0515201142857,20.2505367142857,26.4192894285714,25.1409061428571,15.9583271428571,25.0087274285714,20.5017385714286,26.8256292857143,18.2746485714286,18.6948384285714,24.8256807142857,20.2145797142857,26.1353478571429,25.8484862857143,19.401819,23.3290415714286,21.4543548571429,18.7087938571429,24.8604981428571,19.576788,25.5186891428571,16.6083998571429,27.5039861428571,27.5301141428571,20.7458647142857,17.6911182857143,28.6143014285714,25.9813978571429,18.1727798571429,28.0726315714286,23.2627737142857,22.4682575714286,28.9220322857143,24.6647961428571,25.8717175714286,18.7087938571429,20.1229551428571,24.1411932857143,19.7740872857143,18.7654552857143,21.3181882857143,20.2296451428571,17.9471642857143,25.7489344285714,19.7740872857143,25.3371048571429,17.3817971428571,25.4544965714286,20.2376878571429,22.2703791428571,19.7740872857143,22.262815,20.5952124285714,26.080401,27.2238677142857,17.1739668571429,18.4861938571429
"87","2021-35",26.0112968571429,20.9213618571429,19.5929138571429,17.7802472857143,16.0743481428571,17.530548,21.4972958571429,24.9853228571429,17.8932692857143,20.5945554285714,23.2052478571429,27.0756637142857,18.4219554285714,25.5817971428571,27.160447,19.9193501428571,19.2217167142857,17.4383385714286,16.5229966428571,15.657808,19.9496097142857,27.1973355714286,20.1573584285714,28.8382695714286,17.7433142857143,24.0412767714286,20.2234977142857,25.922821,25.1480865714286,15.9011938571429,24.8040742857143,20.3602205714286,26.4632448571429,18.1201184285714,18.373153,24.8444028571429,20.2204594285714,25.7265228571429,25.8420088571429,19.2217167142857,23.1204961428571,21.222973,18.6300992857143,24.6655707142857,19.543793,25.059761,16.5954097142857,27.3837954285714,27.4956524285714,20.6606475714286,17.4395374285714,28.6055045714286,25.8447588571429,18.142609,28.1619792857143,22.9436995714286,22.4256864285714,28.9238737142857,24.4921048571429,25.6118442857143,18.6300992857143,19.9496097142857,23.9983814285714,19.6488451428571,18.694818,21.1848595714286,20.0620455714286,17.8932692857143,25.4850651428571,19.6488451428571,25.124347,17.3567597142857,25.4553915714286,20.4177078571429,22.0474752857143,19.6488451428571,21.9389255714286,20.4960471428571,25.8885174285714,27.0974085714286,17.1285502857143,18.4488024285714
"88","2021-36",26.0195225714286,20.7505138571429,19.1535388571429,17.4643558571429,15.5541714285714,17.281184,21.14738,24.8372667142857,17.4403205714286,20.2331954285714,22.9151258571429,26.8611154285714,17.990146,25.469674,27.0197538571429,19.7254932857143,18.8269394285714,17.0799114285714,16.1966495,15.2544147142857,19.602718,26.9443691428571,19.7620171428571,28.4874287142857,17.3085667142857,23.8027102571429,19.7909232857143,25.4336277142857,24.6661201428571,15.3980021428571,24.9192224285714,19.7755015714286,26.4989964285714,17.6998265714286,18.0821428571429,24.5766338571429,19.498646,25.3098544285714,25.2756914285714,18.8269394285714,22.8945622857143,20.964193,18.1966801428571,24.7728704285714,19.0846274285714,25.0773527142857,16.0917572857143,27.0797394285714,27.22256,20.2961374285714,16.9289892857143,28.3861725714286,25.284722,17.6483624285714,27.8221791428571,22.7468182857143,22.1306182857143,28.665528,24.0197481428571,25.1237797142857,18.1966801428571,19.602718,23.679124,19.2526324285714,18.274709,20.794445,19.7384672857143,17.4403205714286,25.5598611428571,19.2526324285714,24.6682128571429,16.8314947142857,24.9149802857143,19.6783148571429,21.7282764285714,19.2526324285714,21.5996265714286,19.7657098571429,25.610312,26.5837928571429,16.6474504285714,17.9320737142857
"89","2021-37",25.6283508571429,20.8539104285714,19.424874,17.6286587142857,15.7318440714286,17.3896512857143,21.4702091428571,24.588355,17.6730824285714,20.4518305714286,22.7167235714286,26.7450122857143,18.1437205714286,25.2726211428571,26.9065258571429,19.8021454285714,19.0219765714286,17.22905,16.2490698571429,15.3687031428571,19.7945801428571,27.1838281428571,20.0027321428571,28.8375821428571,17.5187302857143,23.7193036857143,20.0876557142857,25.5429375714286,24.6999577142857,15.606277,24.8289601428571,19.9320104285714,26.8639135714286,17.8939345714286,18.2168957142857,24.421298,19.7541971428571,25.3933402857143,25.3724467142857,19.0219765714286,23.000041,21.1483871428571,18.4167688571429,24.6740885714286,19.4391662857143,24.8198442857143,16.2824301428571,27.3993515714286,27.1311221428571,20.6317644285714,17.0242704285714,28.8031708571429,25.5136232857143,17.9294385714286,28.0346972857143,22.9399958571429,22.0400014285714,28.8677958571429,24.2407832857143,25.3588888571429,18.4167688571429,19.7945801428571,24.0018985714286,19.4650831428571,18.4969748571429,20.9996978571429,19.9312374285714,17.6730824285714,25.4612902857143,19.4650831428571,24.8082008571429,17.1708194285714,24.9989832857143,20.0008234285714,21.8905961428571,19.4650831428571,21.746053,19.9459735714286,25.9100705714286,26.9470845714286,16.8475115714286,18.2582371428571
"90","2021-38",25.9528517142857,20.8439132857143,19.380753,17.6030557142857,15.7519578571429,17.3964691428571,21.377321,25.1963107142857,17.6089087142857,20.4057651428571,23.0230695714286,26.921756,18.1840307142857,25.7597394285714,27.3869795714286,19.8526225714286,18.9726394285714,17.2274917142857,16.2985625714286,15.4522625714286,19.7503014285714,27.1459018571429,19.947247,28.7363795714286,17.460363,23.9660609142857,20.0433585714286,25.8973668571429,24.5864031428571,15.5547548571429,24.9481688571429,20.0681538571429,26.8647385714286,17.8556154285714,18.2087624285714,24.7870347142857,19.8608692857143,25.7589842857143,25.5498995714286,18.9726394285714,23.1164798571429,21.1258408571429,18.3416767142857,24.8612452857143,19.3821878571429,25.069814,16.2384508571429,27.3166352857143,27.3952771428571,20.5485334285714,17.2234098571429,28.5230062857143,25.5702541428571,17.883088,28.1836471428571,22.8555277142857,22.1723557142857,28.8208024285714,24.3185745714286,25.530221,18.3416767142857,19.7503014285714,23.9013817142857,19.3991592857143,18.424046,21.143504,19.8969062857143,17.6089087142857,25.6089581428571,19.3991592857143,24.8120555714286,17.1190421428571,24.9449755714286,20.127953,21.858838,19.3991592857143,22.0612065714286,20.0026564285714,25.7974644285714,26.9524455714286,16.7940104285714,18.2770545714286
"91","2021-39",25.5921612857143,20.4263494285714,18.9876637142857,17.1619887142857,15.2859102857143,16.9900774285714,20.9336652857143,24.6112024285714,17.1982451428571,19.966932,22.3329534285714,26.6427307142857,17.7945982857143,25.2084927142857,26.8734848571429,19.447909,18.5686095714286,16.8240631428571,16.0279304285714,15.0659360714286,19.330861,26.8177658571429,19.531037,28.4933222857143,17.0302788571429,23.5084462571429,19.653442,25.3264695714286,24.1728044285714,15.1010184285714,24.6798191428571,19.6393081428571,26.7577551428571,17.447668,17.8918972857143,24.327776,19.4541801428571,25.0544517142857,25.0008071428571,18.5686095714286,22.6929775714286,20.6749954285714,17.9164398571429,24.6044334285714,19.0257482857143,24.6789781428571,15.7571422857143,27.0155008571429,27.0993921428571,20.1139182857143,16.7947967142857,28.443177,24.9683872857143,17.5212165714286,27.8690524285714,22.5185502857143,21.7884918571429,28.7471602857143,23.8184251428571,24.9898464285714,17.9164398571429,19.330861,23.5069234285714,18.9804972857143,18.0044257142857,20.7486238571429,19.4574612857143,17.1982451428571,25.0472278571429,18.9804972857143,24.1002257142857,16.7943014285714,24.5535145714286,19.6817665714286,21.705192,18.9804972857143,21.4812145714286,19.4493042857143,25.519384,26.7613225714286,16.3275237142857,17.9536658571429
"92","2021-40",25.9272368571429,21.1664154285714,19.8550544285714,17.8887055714286,15.9601792857143,17.5917361428571,21.6827538571429,25.33096,18.0465164285714,20.8224437142857,22.9283381428571,27.1067452857143,18.383066,25.7577865714286,27.367424,19.980654,19.2928895714286,17.4225205714286,16.395463,15.5095475714286,20.1269542857143,27.4148754285714,20.4131138571429,29.1288515714286,17.7813788571429,23.9915787142857,20.5109774285714,25.9788852857143,25.02664,15.9113421428571,24.9041962857143,20.2637177142857,27.0759727142857,18.1516641428571,18.4012638571429,24.9175522857143,20.1024045714286,25.7272387142857,25.9017425714286,19.2928895714286,23.2888691428571,21.510031,18.7368137142857,24.9944085714286,19.7880635714286,24.9977618571429,16.5432665714286,27.6856267142857,27.3684594285714,20.8767804285714,17.2352542857143,29.2135024285714,25.6474124285714,18.3443047142857,28.3304337142857,23.2172022857143,22.313018,29.1768595714286,24.6133327142857,25.7143542857143,18.7368137142857,20.1269542857143,24.2127837142857,19.7833648571429,18.8432382857143,21.4501382857143,20.278982,18.0465164285714,25.4011211428571,19.7833648571429,24.9557297142857,17.5284244285714,25.3944874285714,20.348105,22.1154075714286,19.7833648571429,22.0109907142857,20.3372688571429,26.1751102857143,27.1502554285714,17.1162492857143,18.6397308571429
"93","2021-41",25.7856805714286,20.781727,19.270071,17.5013182857143,15.6519764285714,17.2747671428571,21.1332361428571,24.5311428571429,17.5116742857143,20.3600658571429,23.1310621428571,26.804598,18.130297,25.2209724285714,27.1245852857143,19.7838245714286,18.9504202857143,17.1499285714286,16.2216051428571,15.3023443571429,19.7115285714286,26.8755134285714,19.9027901428571,28.5700952857143,17.4360655714286,23.9228312285714,19.9113754285714,25.4228638571429,24.6936174285714,15.4053044285714,24.6317404285714,19.9785645714286,26.9522497142857,17.8344521428571,18.1184057142857,24.3588104285714,19.7369664285714,24.9672382857143,25.695507,18.9504202857143,22.8095114285714,21.0368282857143,18.3217972857143,24.6071395714286,19.1710137142857,24.8490727142857,16.189237,27.1338187142857,27.4452648571429,20.3020757142857,17.0128835714286,28.5351294285714,25.1552784285714,17.7382435714286,27.9683612857143,22.7161912857143,22.1294192857143,28.9352877142857,23.9762742857143,25.110303,18.3217972857143,19.7115285714286,23.6584798571429,19.3750442857143,18.3892278571429,20.8889758571429,19.8372381428571,17.5116742857143,25.2796057142857,19.3750442857143,24.2861008571429,16.9222092857143,25.1370915714286,20.0427492857143,21.891745,19.3750442857143,21.6029257142857,19.978343,25.6373221428571,27.1611055714286,16.7494458571429,18.0576248571429
"94","2021-42",25.471238,20.3216311428571,19.0166427142857,17.1217252857143,15.4047672857143,16.8013817142857,20.7384097142857,24.4130538571429,17.3111811428571,20.0393995714286,22.477252,26.485791,17.7423601428571,25.0781635714286,26.9827372857143,19.5437242857143,18.6670271428571,16.7334358571429,15.8222822857143,14.8291882142857,19.3783747142857,26.5255215714286,19.6291731428571,28.3222328571429,17.2348195714286,23.5443845142857,19.6356315714286,25.4246867142857,24.7473167142857,15.2662701428571,24.37496,19.661586,26.6113634285714,17.5675315714286,17.6849505714286,24.1714077142857,19.457924,25.1971037142857,25.3292437142857,18.6670271428571,22.474786,20.6212681428571,18.1513315714286,24.2916071428571,18.8885288571429,24.5769494285714,16.0410102857143,26.7678375714286,26.9377117142857,19.9336845714286,16.589113,28.2890274285714,25.1981071428571,17.5238254285714,27.572167,22.3287841428571,21.7804972857143,28.6687732857143,24.0234911428571,25.18546,18.1513315714286,19.3783747142857,23.2607554285714,19.120948,18.1831964285714,20.6142745714286,19.479193,17.3111811428571,25.0240675714286,19.120948,24.5296104285714,16.688085,25.0260031428571,19.7654484285714,21.5247047142857,19.120948,21.352589,19.7685037142857,25.281829,26.672455,16.6001198571429,17.8152794285714
"95","2021-43",25.7495055714286,20.5688898571429,19.3088618571429,17.363725,15.5439407142857,17.0426962857143,21.1670322857143,24.6144622857143,17.5808644285714,20.2873474285714,22.8488621428571,26.7156464285714,17.9419432857143,25.3137818571429,27.22692,19.7671985714286,18.859797,16.960746,15.9108241428571,15.0432735,19.6133742857143,26.9455374285714,19.8867708571429,28.5815891428571,17.3911572857143,23.8255103428571,19.9497028571429,25.5422608571429,24.9172098571429,15.5418281428571,24.615497,19.8027878571429,26.7234335714286,17.7419941428571,17.8730688571429,24.3227204285714,19.4980981428571,25.1536437142857,25.5412228571429,18.859797,22.8471108571429,20.9130332857143,18.341025,24.4911605714286,19.2532754285714,24.9212327142857,16.1849275714286,27.158444,27.3899377142857,20.3610101428571,16.7710565714286,28.4087657142857,25.4921108571429,17.8333174285714,27.8805408571429,22.595063,21.8946332857143,28.6593485714286,24.3694387142857,25.4304258571429,18.341025,19.6133742857143,23.7392774285714,19.32403,18.399006,20.9229661428571,19.7319497142857,17.5808644285714,25.3127265714286,19.32403,24.7931705714286,17.0281082857143,25.201374,19.7311247142857,21.58761,19.32403,21.5529031428571,19.8314977142857,25.581585,27.0374627142857,16.7552788571429,18.1337034285714
"96","2021-44",24.9553671428571,20.1105328571429,18.7990247142857,16.863715,14.9683746428571,16.6048814285714,20.6694644285714,24.7484492857143,17.0450024285714,19.723376,21.9468425714286,26.1691695714286,17.3456262857143,24.9570781428571,26.6985774285714,18.9672201428571,18.3039175714286,16.4595627142857,15.4509892142857,14.5243291428571,19.0603927142857,26.0750667142857,19.2700715714286,27.8129995714286,16.768381,23.2268916857143,19.4468928571429,25.5144588571429,24.4840017142857,15.0787511428571,23.6974462857143,19.2164478571429,26.1155348571429,17.1245577142857,17.4420525714286,24.2445285714286,19.0358255714286,25.3340838571429,24.8632241428571,18.3039175714286,22.1042214285714,20.3941485714286,17.709269,23.6511811428571,18.8433855714286,24.0206678571429,15.6610695714286,26.3013178571429,27.1377161428571,19.8134935714286,16.2265464285714,27.966632,25.4104855714286,17.4171978571429,27.0262905714286,22.2184685714286,21.3841021428571,28.0573772857143,24.0834661428571,25.1802751428571,17.709269,19.0603927142857,22.8395127142857,18.7561254285714,17.7765754285714,20.3757491428571,19.1877177142857,17.0450024285714,24.364077,18.7561254285714,24.7289442857143,16.7110761428571,24.4789552857143,19.5175437142857,21.1676895714286,18.7561254285714,21.1741315714286,19.445429,24.8229411428571,26.5121107142857,16.2292027142857,17.9026992857143
"97","2021-45",24.3783822857143,19.4590125714286,17.9763957142857,16.0411348571429,13.8077442857143,15.807008,19.8872487142857,24.5555445714286,16.1724155714286,18.9203514285714,20.6846541428571,25.6932561428571,16.2845850714286,24.5944934285714,26.0723695714286,17.7462051428571,17.3793858571429,15.5150751428571,14.3729249285714,13.4444342857143,18.2301821428571,25.4284407142857,18.4449391428571,27.411151,15.8073387142857,22.2110185142857,18.6368325714286,25.0364547142857,23.5303691428571,14.1669671428571,23.2359171428571,17.95076,26.0243332857143,16.14818,16.5992082857143,23.9893874285714,18.0769587142857,25.0446068571429,24.0473908571429,17.3793858571429,21.4070817142857,19.7138735714286,16.796322,23.3261181428571,18.0167388571429,23.2835462857143,14.6023487142857,25.7037522857143,26.4321174285714,18.9993315714286,14.9539985714286,27.4980262857143,24.9850122857143,16.565475,26.8928622857143,21.6614401428571,20.1197462857143,27.5020794285714,23.3728821428571,24.6095085714286,16.796322,18.2301821428571,22.0635425714286,17.878787,16.892877,19.5653532857143,18.4049568571429,16.1724155714286,23.56925,17.878787,24.1391638571429,15.8527660714286,23.4435385714286,18.3454067142857,20.3049315714286,17.878787,20.7066025714286,18.2244257142857,24.2776361428571,26.2495588571429,15.2252081428571,17.0485841428571
"98","2021-46",24.5201121428571,19.5492618571429,18.1361461428571,16.1921845714286,14.0712024285714,15.9189668571429,20.0061035714286,24.6597764285714,16.3566197142857,19.076238,20.6758485714286,25.8331297142857,16.4737295714286,24.7528708571429,26.0756695714286,18.1421982857143,17.550272,15.6685928571429,14.4967179285714,13.6020216428571,18.3893854285714,25.5379657142857,18.6061295714286,27.5547074285714,15.9952962142857,22.2804994571429,18.7934425714286,25.3362235714286,23.8042781428571,14.3817652857143,23.3911237142857,18.232243,25.765093,16.3340227142857,16.7351274285714,24.038726,18.5101098571429,25.3682672857143,24.2084324285714,17.550272,21.6069591428571,19.844431,16.9810734285714,23.5254722857143,18.1851932857143,23.4478642857143,14.85176,25.8258928571429,26.2904502857143,19.1286608571429,15.1664347142857,27.6905671428571,25.213089,16.727288,27.0937182857143,21.7503035714286,20.2183305714286,27.6578628571429,23.4604211428571,24.7979261428571,16.9810734285714,18.3893854285714,22.1631295714286,18.04409,17.0685061428571,19.7729821428571,18.5583812857143,16.3566197142857,23.7687932857143,18.04409,24.284856,16.0164928571429,23.7470752857143,18.6624411428571,20.4622942857143,18.04409,20.9469784285714,18.5477975714286,24.3706668571429,26.3760868571429,15.4487669285714,17.2261245714286
"99","2021-47",24.2511641428571,19.4699647142857,18.033604,16.1034014285714,13.8607431428571,15.8658275714286,20.0477487142857,24.4842332857143,16.1785192142857,18.9941202857143,21.3591175714286,25.822323,16.3940607142857,24.4356428571429,26.1310027142857,18.3411137142857,17.4074167142857,15.5964881428571,14.4106834285714,13.5962485714286,18.2872072857143,25.5318648571429,18.5041291428571,27.4883831428571,15.7987001428571,22.5481587428571,18.7122571428571,24.774907,23.5170758571429,14.1263434285714,22.957348,18.103186,25.4990704285714,16.1741425714286,16.632604,23.9722708571429,18.1858704285714,24.7417225714286,23.9977525714286,17.4074167142857,21.4701422857143,19.7934924285714,16.7700612857143,23.1346531428571,18.0790104285714,23.1026041428571,14.5837614285714,25.8179777142857,26.5861991428571,19.1478785714286,15.167489,27.2387068571429,24.9879081428571,16.5932588571429,26.8279127142857,21.6954342857143,20.3233605714286,27.3676082857143,23.3138531428571,24.4025477142857,16.7700612857143,18.2872072857143,22.2354518571429,17.9036891428571,16.895586,19.6108685714286,18.4764012857143,16.1785192142857,23.4900507142857,17.9036891428571,24.2387294285714,15.8771121428571,23.4594121428571,18.7193968571429,20.2660574285714,17.9036891428571,20.5262887142857,18.34215,24.3733305714286,25.8624304285714,15.1989226428571,17.0714331428571
"100","2021-48",25.5402638571429,20.449071,19.3649744285714,17.1068991428571,15.2306104285714,16.7865,21.0281427142857,26.3376482857143,17.5811901428571,20.0805975714286,22.2781884285714,27.3105525714286,17.5306314285714,26.1263051428571,27.353368,19.1338817142857,18.5225338571429,16.5686281428571,15.5206442857143,14.6135714285714,19.3539301428571,26.3697361428571,19.747163,28.2179558571429,17.1106792857143,23.4912979142857,20.014242,26.620602,25.2871597142857,15.694451,24.5782144285714,19.4346111428571,26.6749248571429,17.4116172857143,17.5656981428571,25.806583,19.7359498571429,26.4661044285714,25.5009065714286,18.5225338571429,22.5594104285714,20.7780734285714,18.1283725714286,24.4698392857143,19.4485325714286,24.9594327142857,16.0521854285714,26.6703064285714,27.3412595714286,20.2678877142857,16.3000034285714,28.18172,26.6692161428571,18.0513355714286,27.5730462857143,22.6225588571429,21.3497918571429,28.3414125714286,25.0617378571429,26.0769987142857,18.1283725714286,19.3539301428571,23.200249,19.0557592857143,18.2113762857143,21.0863242857143,19.5181565714286,17.5811901428571,25.1316614285714,19.0557592857143,26.0540034285714,17.392699,25.1288897142857,20.1535398571429,21.2826798571429,19.0557592857143,22.1492012857143,19.8832254285714,25.2274452857143,27.2276014285714,16.6258305714286,18.647209
"101","2021-49",24.656304,19.5611805714286,17.9574995714286,15.9481934285714,13.8867282857143,15.7595005714286,19.6152622857143,26.4635897142857,16.2958332857143,18.7692802857143,20.8620694285714,27.30694,16.3028622857143,25.8876037142857,26.8877604285714,18.2477064285714,17.3631275714286,15.3950795,14.3704964285714,13.3707067857143,18.1531584285714,25.3739561428571,18.41178,27.8303458571429,15.9654997857143,22.6031848857143,18.5855591428571,26.9198021428571,24.3104932857143,14.4571116428571,24.1757392857143,18.0399852857143,27.0844452857143,16.2638655714286,16.5651907142857,25.9325992857143,18.5035582857143,27.0770341428571,24.4170048571429,17.3631275714286,21.6446575714286,19.6452321428571,16.9790697142857,24.1614021428571,18.0590284285714,24.1863654285714,14.7838055714286,25.7577357142857,27.0222797142857,18.8150847142857,14.8941688571429,27.9683312857143,26.5851631428571,16.6330007142857,27.47896,21.9125028571429,19.9961084285714,27.8495671428571,24.3716208571429,25.985382,16.9790697142857,18.1531584285714,21.8290744285714,17.8425807142857,16.9995547142857,19.877169,18.2937872857143,16.2958332857143,24.3939558571429,17.8425807142857,25.694463,15.9763427142857,24.1249295714286,18.6420702857143,20.352549,17.8425807142857,22.06294,18.5897502857143,24.5132031428571,27.7763867142857,15.4128492142857,17.2840677142857
"102","2021-50",25.0766301428571,20.0994678571429,18.8525034285714,16.6875977142857,14.7258474285714,16.3673005714286,20.4306497142857,26.232542,17.0813676428571,19.6234241428571,21.6324624285714,27.2154437142857,17.0680231428571,25.9293031428571,26.8862557142857,18.6526512857143,18.0994132857143,16.1236717142857,14.9346995714286,14.1061275,18.9311202857143,25.8259045714286,19.2776951428571,27.9383675714286,16.7067702857143,22.9360767142857,19.4929101428571,26.6824774285714,24.7975907142857,15.1524834285714,24.2304391428571,18.8818484285714,26.7454492857143,17.006322,17.1107498571429,25.6259247142857,19.5615007142857,26.6692024285714,25.3592258571429,18.0994132857143,22.089282,20.3819275714286,17.6986462857143,24.2188134285714,18.8856634285714,24.3863122857143,15.5603571428571,26.224223,26.9264282857143,19.6618538571429,15.6830774285714,27.7920437142857,26.034863,17.5057612857143,27.5293064285714,22.323663,20.5825858571429,27.8552444285714,24.4589707142857,25.7497864285714,17.6986462857143,18.9311202857143,22.5672338571429,18.6192278571429,17.7669362857143,20.5505865714286,19.0944884285714,17.0813676428571,24.5871495714286,18.6192278571429,25.346804,16.8147964285714,24.8780785714286,19.7167708571429,20.781384,18.6192278571429,22.0320962857143,19.4864115714286,24.9260274285714,27.3794202857143,16.1575031428571,18.0611884285714
"103","2021-51",24.5562952857143,19.4437167142857,18.4051005714286,16.0707861428571,14.1470225714286,15.6943015,20.0326944285714,24.9690837142857,16.5960392857143,19.1042761428571,21.2580638571429,26.4010348571429,16.4162352857143,24.9613472857143,26.6444292857143,18.1969521428571,17.5036787142857,15.4703202857143,14.2940822857143,13.4220062857143,18.3509497142857,25.5935152857143,18.795742,27.906913,16.1477371428571,22.5832398571429,19.0552045714286,25.6052434285714,24.2388638571429,14.6625475714286,23.419462,18.2353187142857,26.1328298571429,16.4109058571429,16.4402132857143,24.4039121428571,19.0500287142857,25.5037422857143,24.636594,17.5036787142857,21.6693911428571,19.8062144285714,17.1694235714286,23.5207712857143,18.4485512857143,23.572137,15.0254498571429,25.9667035714286,26.5593185714286,19.2716674285714,15.0002424285714,27.4224874285714,25.3374497142857,17.0732504285714,27.3641215714286,21.832876,20.2574354285714,27.3979518571429,23.8509655714286,24.964234,17.1694235714286,18.3509497142857,22.2374498571429,18.0722077142857,17.2511737142857,20.0668718571429,18.5247585714286,16.5960392857143,23.6653585714286,18.0722077142857,24.5704381428571,16.3837624285714,24.3061125714286,19.4938228571429,20.1101965714286,18.0722077142857,21.1201394285714,18.8429411428571,24.5967344285714,26.6547542857143,15.6228718571429,17.6066425714286
"104","2021-52",23.7751417142857,18.7365207142857,16.677784,14.8132404285714,12.6660221428571,14.7980682857143,18.6839598571429,24.9425894285714,14.9613238571429,17.5748335714286,19.9881682857143,26.2767948571429,15.0787827857143,24.7009577142857,26.7994198571429,17.5094731428571,16.122527,14.1879519285714,13.7019454285714,12.2092157857143,16.9858134285714,24.8581937142857,17.1363065714286,27.7136055714286,14.7149888571429,22.1097038857143,17.3483241428571,25.5807325714286,22.9665238571429,13.0527242857143,23.3534927142857,16.763931,26.2532885714286,15.031904,15.7235132857143,24.1631381428571,17.5183365714286,25.699408,23.7074091428571,16.122527,20.7931271428571,18.672324,15.6364537142857,23.5693315714286,16.8809365714286,23.1028422857143,13.5311097142857,25.2175362857143,26.8312208571429,17.7678815714286,13.6277551428571,27.8527931428571,25.3599857142857,15.3283685714286,27.5092881428571,21.370642,19.4202372857143,27.7144191428571,22.914138,24.5204588571429,15.6364537142857,16.9858134285714,20.9234935714286,16.6012442857143,15.6790308571429,18.6420011428571,17.157786,14.9613238571429,23.4342507142857,16.6012442857143,24.0598035714286,14.7195462142857,23.0949621428571,17.5163867857143,19.836175,16.6012442857143,20.862543,17.2562918571429,24.0498482857143,26.8668302857143,14.1417133571429,16.0496534285714
"105","2022-1",23.5628064285714,19.3104971428571,17.2070246428571,15.2540202857143,13.2550945714286,15.2733958571429,19.0585395714286,25.1977032857143,15.4866804285714,18.0622331428571,20.637358,26.4138805714286,15.6715672857143,24.7633461428571,27.6504411428571,17.738627,16.6470097142857,14.6385955714286,14.3298675,12.7656647857143,17.4659642857143,24.8679765714286,17.5932082857143,27.8004852857143,15.3554930714286,22.7952071714286,17.8560737142857,25.791822,23.5832114285714,13.623722,22.930094,17.507745,26.2138224285714,15.6386216428571,16.1948561428571,24.5025765714286,18.2340988571429,25.7746395714286,24.0884028571429,16.6470097142857,20.5807068571429,19.1256921428571,16.1576991428571,23.2265827142857,17.3902288571429,22.8784178571429,14.1476654285714,25.2911452857143,27.7527521428571,18.0856335714286,14.34103,28.372376,25.4749254285714,15.9383892857143,27.1588965714286,21.9325751428571,20.1968575714286,28.1670122857143,23.7220822857143,25.0878267142857,16.1576991428571,17.4659642857143,20.9568927142857,17.1357855714286,16.1685997142857,18.8218552857143,17.618496,15.4866804285714,23.358349,17.1357855714286,24.8405765714286,15.3484391428571,23.6680337142857,18.278307,20.3960137142857,17.1357855714286,20.9239495714286,18.2375862857143,24.1977657142857,26.898549,14.788721,16.7306852857143
"106","2022-2",23.1500272857143,18.7999055714286,17.1282394285714,14.8469222857143,12.7063305714286,14.7159534285714,18.9654371428571,24.5352491428571,15.308558,17.8154771428571,19.2867978571429,25.894134,15.0660578571429,24.1528637142857,26.3765711428571,16.5320905714286,16.2114926428571,14.1132787857143,13.4921187857143,12.0641288571429,17.1162678571429,24.815925,17.4066081428571,27.7415047142857,14.930339,21.6561723428571,17.8034795714286,25.2320651428571,23.2169947142857,13.4492197142857,22.2624338571429,16.7493134285714,25.7305178571429,15.1675482857143,15.5832872857143,24.023076,17.4506581428571,25.1857824285714,23.2903921428571,16.2114926428571,20.43489,18.8213281428571,15.8184315714286,22.5294482857143,17.372354,22.2390478571429,13.7370695714286,25.2089612857143,26.8159032857143,18.0246415714286,13.4758497142857,27.9656377142857,25.4428554285714,15.9156167142857,26.8722552857143,21.5857898571429,19.2694988571429,27.55894,23.5010067142857,24.790721,15.8184315714286,17.1162678571429,20.9077481428571,16.7938185714286,15.8811602142857,18.7474375714286,17.3095757142857,15.308558,22.7611832857143,16.7938185714286,24.416325,15.3782367142857,23.2014884285714,17.3170157142857,19.6726667142857,16.7938185714286,20.3806621428571,17.4400337142857,24.040766,26.303931,14.3962851428571,16.7494470714286
"107","2022-3",24.0107192857143,19.8861627142857,17.9402325714286,15.7771257142857,13.4922591428571,15.7385142857143,19.7079612857143,25.4227145714286,16.0825182857143,18.6697821428571,20.7392928571429,26.6524251428571,15.9414343571429,25.0316304285714,27.8295577142857,18.0606035714286,17.0490767142857,15.0259765,14.4601397142857,12.988573,17.9995691428571,25.1894151428571,18.223172,28.3064404285714,15.7145821428571,22.9699627428571,18.6167905714286,25.920469,23.8092717142857,14.1796123571429,22.8521251428571,17.5684538571429,26.3066774285714,15.9893445714286,16.5532958571429,24.9191631428571,18.3526044285714,25.8686541428571,24.1300085714286,17.0490767142857,21.0256667142857,19.8011451428571,16.5815447142857,23.1506648571429,18.1457657142857,23.0481022857143,14.4678114285714,25.8056432857143,27.838706,18.7581544285714,14.3709943571429,28.9445074285714,25.8190507142857,16.7009205714286,27.230542,22.5481678571429,20.3816535714286,28.3627172857143,24.1491788571429,25.3789615714286,16.5815447142857,17.9995691428571,21.5194344285714,17.6094962857143,16.6616698571429,19.4653761428571,18.2168528571429,16.0825182857143,23.3607342857143,17.6094962857143,25.113193,16.1349672142857,23.8010692857143,18.5431438571429,20.5696085714286,17.6094962857143,21.1395964285714,18.2446934285714,24.7726807142857,26.9322374285714,15.1367701428571,17.4717532857143
"108","2022-4",23.0221757142857,18.6373882857143,16.155969,14.3458762142857,12.2164555,14.4957245,18.0987164285714,24.4594844285714,14.4531381428571,17.087615,19.6276741428571,25.7605812857143,14.637741,24.1208451428571,26.72452,16.9852214285714,15.6811854285714,13.683364,13.5421545,11.7539108571429,16.5272962857143,24.0971761428571,16.5785615,27.4178101428571,14.3759728571429,21.9382157428571,16.8075769285714,24.9472927142857,22.8276137142857,12.5708121428571,22.3917298571429,16.3306895714286,25.7687735714286,14.6559,15.4802246428571,23.8330304285714,17.0421065714286,25.0146091428571,23.1942362857143,15.6811854285714,19.790381,18.2829338571429,15.1631778571429,22.681815,16.3457048571429,22.2817008571429,13.164058,24.5879288571429,27.3309345714286,17.0781358571429,13.1330475714286,28.095505,25.1793674285714,14.8621528571429,26.8269541428571,21.3402932857143,19.0227285714286,27.87665,22.5218792857143,24.0368354285714,15.1631778571429,16.5272962857143,20.0213937142857,16.1624668571429,15.1685707142857,17.8236667142857,16.6913045714286,14.4531381428571,22.7474067142857,16.1624668571429,23.7629934285714,14.269127,22.9736588571429,17.0085655714286,19.8313194285714,16.1624668571429,20.1949425714286,17.0135762857143,23.5937507142857,26.2941114285714,13.8015407857143,15.6485425714286
"109","2022-5",23.6400347142857,18.8538234285714,16.7005134285714,14.6815751428571,11.8489821428571,14.8167364285714,18.6196642857143,25.1656217142857,14.8869787142857,17.4154681428571,18.524988,26.7737085714286,14.2603671428571,24.7498435714286,26.348871,16.4618277857143,15.7479987142857,13.8584528571429,13.5472274285714,11.5779544285714,16.7627298571429,24.681753,16.9503137142857,27.9265908571429,14.0557291428571,21.4747591857143,17.3936034285714,25.651569,22.1747631428571,13.0695072857143,22.7456792857143,15.6666142857143,25.8515401428571,14.3328560714286,15.7644471428571,24.3050397142857,16.3653294285714,25.6586522857143,22.1140104285714,15.7479987142857,20.5893965714286,18.6331288571429,15.2644297142857,23.135216,17.0580847142857,22.6620328571429,12.9136995,25.0752997142857,27.1327864285714,17.6842434285714,12.6789864285714,27.6913592857143,24.6197248571429,15.5118724285714,27.5516845714286,21.6210465714286,18.9053227142857,27.9560454285714,22.6654732857143,24.2081491428571,15.2644297142857,16.7627298571429,20.7201952857143,16.3132979285714,15.3877934285714,18.7525218571429,17.0166161428571,14.8869787142857,23.3392038571429,16.3132979285714,23.4116937142857,15.0668411428571,21.8831074285714,16.2426084285714,20.0335017142857,16.3132979285714,21.0653705714286,16.4301532857143,24.1629717142857,27.0834964285714,13.5723800714286,16.4019217142857
"110","2022-6",24.629345,19.9027117142857,18.1112292857143,16.0196416428571,13.366242,16.0859678571429,19.7265651428571,26.2592061428571,16.3195698571429,18.7478197142857,19.7138405714286,27.8323368571429,15.79433,25.778266,27.3330898571429,17.3168051428571,17.2116747142857,15.3542912142857,14.9208622857143,13.1654754285714,18.1064125714286,25.5862655714286,18.32499,28.6505238571429,15.4982128571429,22.5649263428571,18.7708158571429,26.8872488571429,23.2318611428571,14.5230909285714,23.411076,17.3538145714286,26.682385,15.7828802857143,17.0449194285714,25.616655,17.5729338571429,26.9240261428571,23.2871255714286,17.2116747142857,21.6217982857143,19.7474218571429,16.7253591428571,23.847212,18.4289494285714,23.5563552857143,14.338646,25.9742824285714,27.9961858571429,18.854202,14.4479120714286,28.4527552857143,25.7013187142857,16.9925188571429,28.2261961428571,22.518495,20.4647102857143,28.7974057142857,24.1082654285714,25.4554074285714,16.7253591428571,18.1064125714286,21.794176,17.7344762857143,16.8234472857143,20.1788727142857,18.3055335714286,16.3195698571429,24.2726612857143,17.7344762857143,24.770608,16.5826698571429,22.9852077142857,17.4961811428571,21.2209254285714,17.7344762857143,22.1323534285714,18.2582374285714,24.9983427142857,27.9784305714286,15.0018625,17.9437435714286
"111","2022-7",25.5714774285714,20.5895014285714,18.5248317142857,16.5323701428571,13.941891,16.634101,20.3443275714286,27.5572617142857,16.8450838571429,19.231497,20.7706724285714,28.6641512857143,16.2370804285714,26.952428,27.5968581428571,18.1383374285714,17.7406107142857,15.8100951428571,15.4368398571429,13.5416548571429,18.6125751428571,26.1235537142857,18.7995037142857,29.1641328571429,16.1051751428571,23.1299864,19.160108,27.804209,24.2742607142857,15.1304113571429,24.7765768571429,17.8055735714286,27.6039818571429,16.3281012857143,17.5643885714286,27.0411615714286,18.0427821428571,28.0604208571429,23.8004602857143,17.7406107142857,22.1827075714286,20.3405464285714,17.3463441428571,24.8007817142857,18.7928771428571,25.0249435714286,15.0445051428571,26.623223,28.3296257142857,19.4064661428571,14.8090531428571,29.2389024285714,26.4539741428571,17.3847772857143,28.598635,23.2274382857143,20.8144382857143,29.3356848571429,24.7896511428571,26.3088642857143,17.3463441428571,18.6125751428571,22.4682455714286,18.2753781428571,17.3913337142857,20.4881428571429,18.8094971428571,16.8450838571429,25.5445284285714,18.2753781428571,25.6986711428571,16.8944032857143,23.5822901428571,18.7728781428571,21.7672895714286,18.2753781428571,23.1348435714286,18.6870647142857,25.6678557142857,28.6594108571429,15.6871624285714,18.1820608571429
"112","2022-8",24.9942015714286,19.7100342857143,17.579954,15.668455,13.005016,15.8498448571429,19.3636164285714,27.5356832857143,15.9415174285714,18.3046244285714,19.8271922857143,28.5098592857143,15.4857651428571,26.7435854285714,27.5646755714286,17.6915608571429,16.941352,15.0435635714286,14.9887554285714,12.902829,17.7380001428571,25.3421757142857,17.8668714285714,28.4332827142857,15.2678275714286,22.6858251428571,18.2097864285714,27.7359025714286,23.4045955714286,14.2373095714286,24.2596027142857,17.0724021428571,27.3772194285714,15.5244967142857,16.9498267142857,26.9352172857143,17.1089657142857,28.0356255714286,23.0395011428571,16.941352,21.5238484285714,19.3770511428571,16.5003125714286,24.317911,17.9046038571429,24.6322458571429,14.0609248571429,25.7501621428571,28.3670824285714,18.4432514285714,14.1989055,28.7072825714286,26.2725514285714,16.4568152857143,28.1324447142857,22.3336125714286,19.9786145714286,29.1759911428571,24.248056,26.0035621428571,16.5003125714286,17.7380001428571,21.5057558571429,17.4186185714286,16.5166268571429,19.770331,17.8975305714286,15.9415174285714,25.37243,17.4186185714286,25.3843887142857,16.0163762857143,22.852865,17.328719,21.4448185714286,17.4186185714286,22.9312542857143,18.2678398571429,24.7463662857143,28.6219604285714,14.7620985714286,17.3896198571429
"113","2022-9",25.6762554285714,20.6526221428571,18.8167261428571,16.7284441428571,14.1353452857143,16.8443472857143,20.5882247142857,27.4436285714286,17.1165265714286,19.375906,21.2027851428571,28.5474778571429,16.5001391428571,26.9726322857143,28.2587884285714,18.9598735714286,17.9128878571429,16.0785335714286,15.6523315714286,13.9219391428571,18.7655295714286,26.9057948571429,19.0409414285714,29.6816974285714,16.2794041428571,23.6185716857143,19.4515051428571,28.1300558571429,23.912789,15.4039054285714,24.6005,17.9911988571429,27.2969015714286,16.5327084285714,17.7203395714286,26.577281,18.5169127142857,28.35989,23.8667384285714,17.9128878571429,22.7241982857143,20.4437791428571,17.557459,24.9174045714286,19.1328655714286,24.5538638571429,15.1013321428571,27.237373,28.5171382857143,19.729256,15.1678318571429,28.9497754285714,26.0630902857143,17.735152,29.1978248571429,23.3212704285714,21.154273,29.2319535714286,24.8516257142857,26.5637867142857,17.557459,18.7655295714286,23.1451737142857,18.4270665714286,17.625463,21.0807962857143,18.9513017142857,17.1165265714286,24.9559238571429,18.4270665714286,25.3752304285714,17.312988,23.5953291428571,18.882498,21.7330152857143,18.4270665714286,23.4520988571429,18.7568187142857,26.2042484285714,28.8949455714286,15.7593077142857,18.6254767142857
"114","2022-10",25.275864,20.0183885714286,17.6725945714286,15.7888341428571,13.1681038571429,16.1248492857143,19.8409438571429,26.0968188571429,15.9738268571429,18.2698224285714,19.999301,28.4680487142857,15.5173271428571,26.02259,27.6221082857143,18.1434884285714,16.8167758571429,15.1095957142857,15.1741897142857,13.0223687142857,17.7381091428571,26.7878642857143,17.8916098571429,29.547905,15.126682,22.8685436571429,18.3745558571429,27.0861882857143,23.0152244285714,14.2927041428571,24.7012188571429,16.9467208571429,26.9124772857143,15.4523615714286,17.116608,25.0320375714286,17.5353857142857,27.2134497142857,23.248937,16.8167758571429,22.4869982857143,19.6381698571429,16.3601808571429,25.2023877142857,18.2330092857143,24.3434764285714,14.0657412857143,26.8936954285714,28.0149802857143,18.9609875714286,14.1402921428571,28.8624815714286,25.6799397142857,16.576281,29.7172758571429,22.8224192857143,20.5628402857143,29.2467668571429,23.7795224285714,25.3542895714286,16.3601808571429,17.7381091428571,22.5806808571429,17.2673561428571,16.4430822857143,20.3088604285714,17.9566947142857,15.9738268571429,25.2681697142857,17.2673561428571,24.5830774285714,16.2551857142857,22.7829605714286,17.4332822857143,21.4045151428571,17.2673561428571,22.5872701428571,17.5080702857143,25.8557362857143,28.4550685714286,14.6559611428571,17.5985098571429
"115","2022-11",26.5182587142857,21.2767657142857,19.251566,17.178744,14.382011,17.3479378571429,21.2989692857143,27.8647168571429,17.4754875714286,19.7651848571429,20.9518078571429,29.5981761428571,16.7526187142857,27.4597292857143,28.1291674285714,18.9505017142857,18.1572655714286,16.404783,15.8605627142857,14.1553685714286,19.1588558571429,27.8571411428571,19.4120415714286,30.4890894285714,16.4533115714286,23.5452081142857,19.961955,28.5266407142857,24.3262632857143,15.7880228571429,25.6736157142857,18.0986492857143,27.8209112857143,16.7570557142857,18.1344412857143,26.98285,18.5519918571429,28.6561692857143,24.1777837142857,18.1572655714286,23.6409918571429,21.0963225714286,17.7541995714286,25.9187842857143,19.7802095714286,25.5731775714286,15.3546877142857,28.070578,28.3999061428571,20.4497297142857,15.2155355714286,29.566289,26.9245797142857,18.169777,30.2648445714286,24.0144534285714,21.2946574285714,29.5949662857143,25.393466,26.9237348571429,17.7541995714286,19.1588558571429,23.9463272857143,18.674071,17.877906,21.7884352857143,19.4180017142857,17.4754875714286,26.2815378571429,18.674071,26.0897864285714,17.8462602857143,23.9416805714286,18.6199918571429,22.037935,18.674071,23.8832207142857,18.8007668571429,27.0371815714286,29.4493437142857,15.9784607142857,19.1728144285714
"116","2022-12",26.3340361428571,21.1751715714286,18.9894067142857,17.0469105714286,14.4010295714286,17.3068112857143,21.0661402857143,27.491464,17.2487411428571,19.5756325714286,21.0608624285714,29.1302928571429,16.790483,27.1695332857143,28.0240205714286,18.6514988571429,18.0666005714286,16.3713824285714,16.0837772857143,14.2754643571429,19.0066491428571,27.6259248571429,19.202691,30.3196645714286,16.368056,23.601062,19.684035,27.8409968571429,24.24266,15.5378981428571,25.5369002857143,18.2760847142857,27.4996192857143,16.6950230714286,18.1737211428571,26.50423,18.7336375714286,27.8820674285714,24.180464,18.0666005714286,23.3328452857143,20.8954141428571,17.61449,25.8612258571429,19.4556634285714,25.3609974285714,15.2766375714286,27.857496,28.7158024285714,20.1913478571429,15.4656334285714,29.6612407142857,26.5587767142857,17.8762328571429,30.0871457142857,23.8920998571429,21.5531257142857,29.763942,25.0143601428571,26.4699375714286,17.61449,19.0066491428571,23.723823,18.5374224285714,17.7148111428571,21.402297,19.2381777142857,17.2487411428571,25.8212132857143,18.5374224285714,25.6944701428571,17.501464,23.9539471428571,18.5520894285714,22.1947475714286,18.5374224285714,23.4809251428571,18.9749851428571,26.8377491428571,28.8497397142857,15.8803037142857,18.7877011428571
"117","2022-13",25.9299451428571,21.5500511428571,19.1328394285714,17.393594,14.6970164285714,17.7077794285714,21.5371487142857,26.3920234285714,17.3602617142857,19.8248497142857,21.8896301428571,28.8099772857143,17.1316137142857,26.3283957142857,28.4206468571429,19.5212382857143,18.3197177142857,16.7383338571429,16.4342164285714,14.6618432857143,19.2939795714286,28.0098027142857,19.3678044285714,30.3337524285714,16.5738234285714,24.0717528571429,19.864724,27.3439701428571,24.264013,15.5965155,25.418746,18.5167752857143,27.1030164285714,16.9564911428571,18.5148945714286,25.3870855714286,19.1763201428571,27.363679,24.838951,18.3197177142857,23.5884914285714,21.2673895714286,17.7173422857143,25.6871225714286,19.678799,24.9627088571429,15.4997362142857,28.137682,28.4715642857143,20.6074248571429,15.770104,29.7436298571429,26.6091718571429,17.977901,30.1720668571429,24.2038171428571,22.0556847142857,29.7127347142857,24.8782344285714,26.1457977142857,17.7173422857143,19.2939795714286,24.1162925714286,18.7467284285714,17.8399947142857,21.3869151428571,19.5429714285714,17.3602617142857,25.6537017142857,18.7467284285714,25.5583278571429,17.6169828571429,24.1890545714286,19.24686,22.4085812857143,18.7467284285714,22.8354838571429,19.1807702857143,27.0589455714286,28.5022751428571,16.0733742857143,18.8528947142857
"118","2022-14",26.7355465714286,22.1157761428571,20.1931357142857,18.3167584285714,15.4962838571429,18.384092,22.4519108571429,27.1419624285714,18.4295758571429,20.876537,21.9491501428571,29.2898794285714,17.9903861428571,27.205812,28.4056301428571,19.6746361428571,19.327421,17.673226,16.6488127142857,15.4213165714286,20.2726058571429,28.7139368571429,20.4230532857143,30.5186575714286,17.606225,24.0990254,20.8911307142857,28.0553107142857,25.1852571428571,16.6787331428571,26.6647601428571,19.1573154285714,27.5931574285714,17.941945,19.0252721428571,26.2653308571429,19.4805408571429,27.9100788571429,24.9563884285714,19.327421,24.3669144285714,22.057359,18.7656268571429,26.7600915714286,20.6609837142857,26.1676771428571,16.4247889285714,28.6523265714286,28.413506,21.5296687142857,16.4148532857143,29.7496648571429,27.1860312857143,19.0617618571429,30.6126075714286,24.6479807142857,22.0522045714286,29.4907968571429,25.5912735714286,26.7736068571429,18.7656268571429,20.2726058571429,24.8891978571429,19.8103318571429,18.8981325714286,22.325685,20.5033378571429,18.4295758571429,26.6471815714286,19.8103318571429,26.2272828571429,18.6921078571429,24.6836284285714,19.7494261428571,22.5321881428571,19.8103318571429,23.7858505714286,19.6391822857143,27.4083554285714,29.112854,17.066726,19.9651347142857
"119","2022-15",25.592638,21.999781,19.5190522857143,17.8522885714286,15.0586940714286,18.149311,22.2195875714286,26.6428095714286,17.7894177142857,20.2688505714286,21.8794721428571,28.5867047142857,17.5344461428571,26.3747724285714,28.1895175714286,19.4953235714286,18.7525992857143,17.1847402857143,16.6049606428571,15.0575654285714,19.7337441428571,28.6640707142857,19.7686192857143,30.5318941428571,17.0191168571429,23.9510676,20.2474204285714,27.4533965714286,24.7201247142857,16.075095,25.9717304285714,18.8189551428571,26.9760902857143,17.3867784285714,18.8507935714286,25.5157628571429,19.4379181428571,27.511433,24.8424927142857,18.7525992857143,23.8324052857143,21.7391415714286,18.141672,26.1312364285714,20.0480127142857,25.0900181428571,15.9289405714286,28.6204361428571,28.2205778571429,21.206007,16.09474,29.934421,26.9668264285714,18.3676188571429,30.3165648571429,24.6568211428571,21.9704468571429,29.6741872857143,25.248042,26.4036597142857,18.141672,19.7337441428571,24.7750192857143,19.1922654285714,18.2610417142857,21.3875,19.9877724285714,17.7894177142857,25.4315838571429,19.1922654285714,26.0726038571429,17.9647195714286,24.3979677142857,19.5940205714286,22.5479227142857,19.1922654285714,22.923923,19.434931,27.4525971428571,28.4605147142857,16.530996,19.1122977142857
"120","2022-16",25.7645301428571,20.9235948571429,18.825508,17.075058,14.3301807142857,17.250152,21.3278417142857,25.6537732857143,17.0292751428571,19.586606,20.7086275714286,28.6952945714286,16.8437357142857,25.867132,26.5471528571429,18.0610957142857,18.0577504285714,16.4855707142857,15.8345622857143,14.3728535714286,19.0043925714286,27.893189,19.09486,29.6507012857143,16.2985878571429,22.6962212857143,19.5609997142857,26.3908245714286,23.5812514285714,15.1979408571429,26.2503164285714,18.1009307142857,26.7913955714286,16.6862414285714,18.034905,25.1965832857143,18.6122288571429,26.168247,24.201482,18.0577504285714,23.4237445714286,20.817545,17.3904582857143,26.1868725714286,19.3752002857143,25.6744492857143,15.1237207142857,27.6776805714286,27.0005292857143,20.3803742857143,15.3890064285714,28.8449667142857,25.5075875714286,17.6399455714286,29.8649105714286,23.5495161428571,21.163701,28.8640872857143,23.9353322857143,25.1334332857143,17.3904582857143,19.0043925714286,23.8491258571429,18.5023602857143,17.5397618571429,21.0734861428571,19.2343708571429,17.0292751428571,26.1366151428571,18.5023602857143,24.2007157142857,17.2964785714286,23.5285542857143,18.5575607142857,21.7930428571429,18.5023602857143,22.282199,18.7250167142857,26.4026765714286,27.9618001428571,15.7297172857143,18.5707558571429
"121","2022-17",26.8498207142857,21.898427,20.5654307142857,18.4233051428571,15.9923408571429,18.3224541428571,22.6577622857143,27.0809298571429,18.7285678571429,21.1554562857143,22.5448002857143,28.5209291428571,18.3318687142857,27.331083,28.091127,20.0104155714286,19.4915007142857,17.8149302857143,16.8445638571429,15.7446861428571,20.4483741428571,28.8394295714286,20.7675808571429,30.2203505714286,17.8268988571429,24.2691234285714,21.2647908571429,28.5006598571429,25.5710007142857,16.9457547142857,26.474985,19.8696488571429,27.2926368571429,18.1716254285714,19.004566,25.9415851428571,20.3223981428571,28.2256621428571,25.5984847142857,19.4915007142857,24.4967738571429,22.087483,18.9702118571429,26.4691695714286,20.9811412857143,25.9794585714286,16.7906048571429,28.6414098571429,28.0810324285714,21.8062645714286,17.059693,29.5020447142857,27.1017964285714,19.4272305714286,30.1196255714286,24.407793,22.6182418571429,29.3695811428571,26.2420678571429,27.5691135714286,18.9702118571429,20.4483741428571,25.1115648571429,20.0223215714286,19.1511141428571,22.666972,20.6800862857143,18.7285678571429,26.2564798571429,20.0223215714286,26.649724,19.0449382857143,25.3336757142857,20.6084827142857,22.5104718571429,20.0223215714286,24.0819441428571,20.6021738571429,27.2803522857143,29.0802492857143,17.3560167142857,20.3145337142857
"122","2022-18",26.8040531428571,21.6033077142857,20.0646092857143,18.1176202857143,15.9334552857143,17.9953507142857,22.2488935714286,25.903318,18.2867614285714,20.8157765714286,22.508025,28.3068927142857,18.229822,26.389274,27.7245801428571,20.1697764285714,19.2500171428571,17.5374397142857,16.5022587142857,15.5365305714286,20.1512221428571,28.3335788571429,20.4363337142857,29.8935692857143,17.7707514285714,24.0433075142857,20.761191,27.0069985714286,25.0117277142857,16.3865912857143,26.111028,19.695359,27.2700437142857,18.1127625714286,18.6657487142857,25.6075118571429,20.0402827142857,26.9138162857143,25.6354991428571,19.2500171428571,24.2601527142857,21.780832,18.7480367142857,26.1294272857143,20.3762625714286,25.9556504285714,16.6713761428571,28.3306992857143,27.7093422857143,21.4614491428571,16.778695,29.3827271428571,26.367946,18.7785161428571,29.5377195714286,23.9342432857143,22.1048137142857,29.1638555714286,25.1907912857143,26.4727327142857,18.7480367142857,20.1512221428571,24.8947188571429,19.7382497142857,18.8845202857143,22.1515555714286,20.3648625714286,18.2867614285714,26.5141645714286,19.7382497142857,25.5543627142857,18.2717851428571,25.2810231428571,19.9895822857143,22.1127178571429,19.7382497142857,22.944748,20.0097315714286,26.9551424285714,28.4422074285714,17.223058,19.4648854285714
"123","2022-19",26.3428714285714,21.5154744285714,20.0777544285714,18.0534025714286,15.905109,17.9320542857143,22.1220895714286,25.6551075714286,18.3077167142857,20.7678932857143,22.4657617142857,28.1773925714286,18.215444,26.1288921428571,27.7174702857143,20.0141624285714,19.2237168571429,17.5049381428571,16.4520614285714,15.5242297142857,20.0964777142857,28.219265,20.4186598571429,29.976386,17.761635,23.9845552,20.7556247142857,27.0546204285714,25.0437984285714,16.4652248571429,26.0908978571429,19.6996305714286,27.1393167142857,18.0944898571429,18.6207578571429,25.4265764285714,20.24413,26.9526364285714,25.806455,19.2237168571429,24.0142068571429,21.684574,18.7591625714286,26.184497,20.3274758571429,25.8767744285714,16.6608992857143,28.2856358571429,27.7250605714286,21.342753,16.7928407142857,29.3933135714286,26.3455645714286,18.8207867142857,29.7959457142857,23.8882562857143,22.000321,29.1232251428571,25.4466564285714,26.7037418571429,18.7591625714286,20.0964777142857,24.7510075714286,19.709128,18.8814887142857,22.0246544285714,20.3000008571429,18.3077167142857,26.4692667142857,19.709128,25.7289401428571,18.281081,25.3611234285714,20.2462807142857,22.0741504285714,19.709128,22.7833172857143,20.0847928571429,26.9464921428571,28.2095021428571,17.2239852857143,19.4440518571429
"124","2022-20",27.3305282857143,21.8387425714286,20.5134592857143,18.5747597142857,16.7274572857143,18.4342355714286,22.4673452857143,26.4924611428571,18.839673,21.2918498571429,23.441721,28.3273215714286,19.0129668571429,27.0020054285714,28.0089831428571,20.338703,19.8816098571429,18.1725634285714,17.3141265714286,16.3833308571429,20.6335722857143,28.4175985714286,20.9344172857143,29.7503462857143,18.4674375714286,24.5694460857143,21.1586631428571,27.5564977142857,26.1459885714286,17.0575725714286,26.4693878571429,20.6882007142857,27.2843177142857,18.8032055714286,19.1969544285714,26.0125721428571,21.0578932857143,27.4538398571429,26.7149864285714,19.8816098571429,24.4600827142857,22.040035,19.421187,26.3107648571429,20.6746002857143,26.5072458571429,17.426068,28.3401791428571,28.2700942857143,21.710953,17.8813662857143,29.1128662857143,27.2055797142857,19.2314481428571,29.4986758571429,23.953066,22.787729,29.4279807142857,25.7324271428571,26.9071252857143,19.421187,20.6335722857143,25.0422207142857,20.3148405714286,19.4849278571429,22.5286417142857,20.7930334285714,18.839673,26.8031588571429,20.3148405714286,26.4831334285714,18.6459321428571,26.2921215714286,21.0922388571429,22.753461,20.3148405714286,23.4758308571429,21.0876212857143,26.8967205714286,28.418839,17.9567018571429,19.8398591428571
"125","2022-21",26.9369091428571,21.5335577142857,20.1280104285714,18.1267292857143,16.0796791428571,18.0035738571429,22.2221222857143,26.0027437142857,18.3676088571429,20.8530801428571,22.7285111428571,27.9990631428571,18.3390225714286,26.5667637142857,27.4758567142857,20.0942498571429,19.2964448571429,17.5910212857143,16.6673128571429,15.6714274285714,20.1703648571429,28.124936,20.4916835714286,29.3782125714286,17.8401467142857,24.021287,20.8116012857143,27.110982,25.340853,16.533902,26.0455234285714,19.9187061428571,26.9534474285714,18.1797151428571,18.7107071428571,25.413681,20.5198647142857,26.8848795714286,26.1818711428571,19.2964448571429,24.1434674285714,21.7465688571429,18.825759,25.9053551428571,20.3921667142857,26.0237955714286,16.8031927142857,28.078344,27.6353402857143,21.457636,16.9966988571429,28.8324505714286,26.5626407142857,18.8517165714286,29.0420197142857,23.7006142857143,22.172477,29.0051914285714,25.3197257142857,26.5120265714286,18.825759,20.1703648571429,24.824806,19.7782395714286,18.9477444285714,22.217671,20.3805061428571,18.3676088571429,26.3078617142857,19.7782395714286,25.8104837142857,18.323698,25.6647582857143,20.4129381428571,22.2138621428571,19.7782395714286,23.0708578571429,20.3717751428571,26.6393018571429,28.2181265714286,17.333751,19.5381354285714
"126","2022-22",27.0143232857143,21.2364707142857,19.8686668571429,18.1209,16.5369202857143,17.9345345714286,21.7299861428571,25.568912,18.2065878571429,20.8487427142857,23.3721195714286,27.276714,18.8503348571429,26.3488965714286,27.689075,20.1124042857143,19.5697067142857,17.8521562857143,17.0987932857143,16.1632671428571,20.2404657142857,27.4632828571429,20.4226597142857,28.9094995714286,18.1250824285714,24.3954547714286,20.4937175714286,26.4881384285714,25.631006,16.2449944285714,25.7544677142857,20.7702395714286,26.686375,18.5141205714286,18.8084542857143,25.1429388571429,20.7440478571429,26.4692437142857,26.3698332857143,19.5697067142857,23.6762625714286,21.4561051428571,18.9614825714286,25.5971161428571,19.8798761428571,25.8766842857143,17.0497291428571,27.5353505714286,27.8901482857143,20.9388118571429,17.9080435714286,28.777246,26.0836281428571,18.4531417142857,28.5099901428571,23.1992735714286,22.9135267142857,29.2365815714286,24.6839031428571,25.9292734285714,18.9614825714286,20.2404657142857,24.2230742857143,19.9479351428571,19.0068474285714,21.7480718571429,20.3353912857143,18.2065878571429,26.1773621428571,19.9479351428571,25.2296538571429,17.7314067142857,25.9912591428571,20.610153,22.5195518571429,19.9479351428571,22.6911228571429,20.9299332857143,26.0373121428571,27.5450385714286,17.5548134285714,18.8999677142857
"127","2022-23",26.5481841428571,21.2192448571429,19.832107,17.9629675714286,16.088594,17.7481921428571,21.7761031428571,25.47582,18.0809028571429,20.7867998571429,23.4277687142857,26.9560015714286,18.4970115714286,26.1721504285714,27.2037065714286,19.8133212857143,19.3210031428571,17.5552848571429,16.7290462857143,15.7764345714286,20.1131218571429,27.2722785714286,20.3508341428571,28.6710674285714,17.8300982857143,24.1262309142857,20.4787801428571,26.7741168571429,25.3981621428571,16.1042813571429,25.2117084285714,20.3637618571429,26.3238031428571,18.20623,18.5444111428571,24.840597,20.3485725714286,26.6911397142857,25.938572,19.3210031428571,23.3923354285714,21.4846315714286,18.744395,25.0029248571429,19.8167757142857,25.5956612857143,16.6715577142857,27.4694232857143,27.6831228571429,20.9550804285714,17.5120634285714,28.306186,26.0364777142857,18.3955164285714,27.8162362857143,23.1579097142857,22.5032351428571,28.9407514285714,24.9776225714286,26.3664765714286,18.744395,20.1131218571429,24.2609731428571,19.7719418571429,18.8312544285714,21.5760445714286,20.2665042857143,18.0809028571429,25.7372758571429,19.7719418571429,25.630904,17.6382078571429,25.6515937142857,20.5857718571429,22.2198798571429,19.7719418571429,22.5371182857143,20.5453171428571,25.9861945714286,27.3222721428571,17.2332732857143,18.7783722857143
"128","2022-24",26.481068,20.964248,19.492435,17.7505008571429,16.196084,17.5542144285714,21.2746574285714,25.2600767142857,17.8665521428571,20.5009727142857,23.0045862857143,26.7574877142857,18.4519268571429,25.9878017142857,26.9666842857143,19.609402,19.2159468571429,17.4339487142857,16.6305424285714,15.6929376428571,19.8951641428571,26.8794241428571,20.063915,28.4369235714286,17.795495,23.8808480285714,20.0930684285714,26.2590738571429,25.571428,15.9556684285714,25.2797651428571,20.440813,26.0369197142857,18.1564957142857,18.3869027142857,24.519134,20.4382487142857,26.2139561428571,26.349859,19.2159468571429,23.076702,21.1381407142857,18.6530512857143,25.0054348571429,19.3960815714286,25.708717,16.7745912857143,27.0747575714286,27.4159784285714,20.4491204285714,17.4881032857143,28.1655885714286,25.9172317142857,18.0665475714286,27.7395845714286,22.8644512857143,22.4075891428571,28.8399704285714,24.6314552857143,25.9419608571429,18.6530512857143,19.8951641428571,23.731071,19.6110934285714,18.6742515714286,21.2197687142857,19.9930857142857,17.8665521428571,25.8982451428571,19.6110934285714,25.3777714285714,17.2624348571429,25.8476615714286,20.408887,22.0977978571429,19.6110934285714,22.2184481428571,20.6286025714286,25.6424358571429,26.9832692857143,17.271739,18.391781
"129","2022-25",26.0364281428571,21.0427397142857,19.7769307142857,17.9139114285714,16.401837,17.6629547142857,21.4989048571429,25.3031245714286,18.1215275714286,20.710148,23.2285877142857,26.6894081428571,18.6279354285714,25.8607597142857,27.2415448571429,19.7989804285714,19.3950502857143,17.5948218571429,16.7284237142857,15.8546044285714,20.0773827142857,27.0034715714286,20.3008838571429,28.4903411428571,17.9870368571429,24.058622,20.3828901428571,26.7291695714286,25.7231772857143,16.2371687142857,24.8813862857143,20.6737767142857,26.1518251428571,18.3377055714286,18.4889914285714,24.7181612857143,20.7440494285714,26.7176274285714,26.4350361428571,19.3950502857143,23.1171354285714,21.2953668571429,18.8632402857143,24.7533731428571,19.702636,25.0760395714286,16.9877071428571,27.2026361428571,27.4360305714286,20.7049434285714,17.7047231428571,28.2920568571429,26.5630638571429,18.389479,27.701158,22.918897,22.5879664285714,28.823973,25.2304904285714,26.5717558571429,18.8632402857143,20.0773827142857,23.937897,19.8066897142857,18.8904177142857,21.4234208571429,20.177825,18.1215275714286,25.4517272857143,19.8066897142857,26.1298548571429,17.6090097142857,25.9277308571429,20.9337358571429,22.1523018571429,19.8066897142857,22.2890595714286,20.8891227142857,25.7064527142857,27.0839935714286,17.4818631428571,18.7314604285714
"130","2022-26",26.6680637142857,21.6685015714286,19.9217051428571,18.3725527142857,17.0286808571429,18.2544857142857,21.7307002857143,26.229619,18.3543028571429,21.0130231428571,23.7081311428571,27.3341921428571,19.2476487142857,26.5551455714286,27.63116,20.199571,19.8762628571429,18.1349757142857,17.2584425714286,16.4983974285714,20.4828845714286,27.3450944285714,20.533024,28.8790145714286,18.4738307142857,24.4485754,20.5050301428571,27.0231111428571,26.1809682857143,16.4808842857143,25.3578085714286,21.4215355714286,26.4969302857143,18.8557821428571,19.039182,25.5343334285714,21.1240971428571,26.9648714285714,26.780017,19.8762628571429,23.4008417142857,21.7200877142857,19.2542727142857,25.1967595714286,19.7753314285714,25.7989407142857,17.499114,27.5650524285714,27.8509954285714,20.8507701428571,18.4766611428571,28.4682932857143,26.8031995714286,18.5036271428571,28.1185984285714,23.5049568571429,22.8530194285714,29.2145322857143,25.2629992857143,26.5089565714286,19.2542727142857,20.4828845714286,24.1802951428571,20.1993857142857,19.2215021428571,21.5118034285714,20.5512484285714,18.3543028571429,26.0349958571429,20.1993857142857,26.2092228571429,17.6783852857143,26.4371761428571,21.2101158571429,22.678371,20.1993857142857,22.670151,21.4944422857143,26.1980208571429,27.3720445714286,17.958517,18.7941811428571
"131","2022-27",26.4305851428571,21.2722768571429,19.7139142857143,17.8613597142857,15.9430792857143,17.6944121428571,21.7816485714286,26.655791,17.9384177142857,20.6557045714286,23.0734404285714,27.686358,18.3298014285714,26.7262688571429,27.7034465714286,20.1585707142857,19.1725822857143,17.4023527142857,16.4782787142857,15.5695441428571,20.0041975714286,27.5789822857143,20.2039582857143,29.2861487142857,17.6629707142857,24.1776580571429,20.3878,27.2637834285714,25.2500628571429,15.9433185714286,25.6192234285714,20.2238024285714,27.2758192857143,18.0460281428571,18.467595,26.0729474285714,20.512369,27.3379882857143,26.0118235714286,19.1725822857143,23.5040555714286,21.492171,18.5701225714286,25.435918,19.8175488571429,25.7686445714286,16.5096158571429,27.8126341428571,27.6584925714286,20.9192547142857,17.2786594285714,28.9894271428571,26.6200914285714,18.2939477142857,28.5842317142857,23.459232,22.29434,29.0350391428571,25.1014982857143,26.5356762857143,18.5701225714286,20.0041975714286,24.305819,19.6277562857143,18.6675914285714,21.5624335714286,20.1685437142857,17.9384177142857,26.0870228571429,19.6277562857143,25.9095778571429,17.6047062857143,25.5218917142857,20.969775,22.1015445714286,19.6277562857143,22.8233738571429,20.5088458571429,26.3974951428571,27.9582392857143,17.0578732857143,18.7944171428571
"132","2022-28",26.2522241428571,21.2323947142857,19.703018,17.8906262857143,15.9341994285714,17.6940198571429,21.5750911428571,26.2929748571429,17.9610408571429,20.6762982857143,22.7590142857143,27.318738,18.380325,26.5391852857143,27.3618542857143,19.9109044285714,19.2264032857143,17.4624465714286,16.3989947142857,15.611503,20.0351288571429,27.215387,20.2205614285714,28.9309957142857,17.7082952857143,23.9166026285714,20.3444798571429,27.0744237142857,25.4185824285714,15.9765298571429,25.4571227142857,20.195983,27.3098621428571,18.0970255714286,18.432521,25.7256575714286,19.9657711428571,26.9140104285714,25.8359164285714,19.2264032857143,23.284118,21.4502784285714,18.6198367142857,25.3374905714286,19.6932315714286,25.6047302857143,16.5211744285714,27.4734671428571,27.3948482857143,20.7226234285714,17.2863727142857,28.7674737142857,26.4153462857143,18.2683918571429,28.3095754285714,23.283681,22.1563918571429,28.8074124285714,25.0104427142857,26.3639104285714,18.6198367142857,20.0351288571429,24.0054192857143,19.671248,18.7088257142857,21.4397084285714,20.1851391428571,17.9610408571429,25.854786,19.671248,25.8330114285714,17.511459,25.5726914285714,20.1099658571429,21.982114,19.671248,22.8168845714286,20.4192784285714,26.0694921428571,28.0535537142857,17.0885707142857,18.668985
"133","2022-29",26.8483578571429,21.7611711428571,20.149178,18.365401,16.4440537142857,18.2098488571429,22.139634,26.7144682857143,18.4054791428571,21.1347484285714,23.5599134285714,27.7375424285714,18.8649342857143,26.9662041428571,27.6408854285714,20.4083738571429,19.7033831428571,17.9412772857143,17.0043871428571,16.1038801428571,20.5025387142857,27.843395,20.672118,29.3895281428571,18.1981658571429,24.4545302571429,20.8054618571429,27.3163225714286,25.8392221428571,16.4033722857143,25.894608,20.6565622857143,27.4674017142857,18.5846547142857,18.9849818571429,26.122057,20.6619168571429,27.2459397142857,26.4070241428571,19.7033831428571,23.8314742857143,21.9421537142857,19.0856777142857,25.6482075714286,20.19333,26.2424768571429,17.0345171428571,28.048027,28.0335418571429,21.2792011428571,17.727505,29.1325877142857,26.8097832857143,18.7041168571429,28.6225941428571,23.811652,22.6299367142857,29.4402572857143,25.2424424285714,26.5554342857143,19.0856777142857,20.5025387142857,24.6188048571429,20.1368855714286,19.1664401428571,21.9308865714286,20.651908,18.4054791428571,26.3224411428571,20.1368855714286,26.1081581428571,17.9686085714286,26.0048574285714,21.124186,22.6403362857143,20.1368855714286,23.09818,20.8763118571429,26.6364177142857,28.0879307142857,17.5880547142857,19.1422235714286
"134","2022-30",25.8397785714286,20.4943112857143,18.9616015714286,17.0116297142857,14.9368327142857,16.8486128571429,21.0282071428571,25.5275632857143,17.1378021428571,19.8495765714286,21.9260012857143,26.8985564285714,17.352274,25.9148782857143,26.7833578571429,18.9671557142857,18.2949237142857,16.4888355714286,15.6581544285714,14.5880278571429,19.1661435714286,26.9623848571429,19.4127625714286,28.823259,16.778038,23.2127332285714,19.6498137142857,26.3262614285714,24.1626617142857,15.1059524285714,25.1143007142857,19.0986107142857,27.1469471428571,17.1430898571429,17.659163,24.9499997142857,19.121818,26.1736525714286,24.8416575714286,18.2949237142857,22.9037348571429,20.7243437142857,17.7199421428571,25.0007085714286,19.1048977142857,25.1986921428571,15.5622789285714,27.1833492857143,27.1255398571429,20.1692178571429,16.169663,28.5483265714286,25.5235098571429,17.5449647142857,28.2565161428571,22.7904044285714,21.2616114285714,28.5737408571429,24.0853792857143,25.5198324285714,17.7199421428571,19.1661435714286,23.5745271428571,18.7827531428571,17.8361761428571,20.8904908571429,19.3546787142857,17.1378021428571,25.3640195714286,18.7827531428571,24.6109782857143,16.8745188571429,24.4322981428571,19.4078051428571,21.4108755714286,18.7827531428571,22.254337,19.1893451428571,25.7830718571429,27.714756,16.1454484285714,18.0652527142857
"135","2022-31",26.6334577142857,21.5205578571429,19.783795,18.1853204285714,16.4393212857143,18.093921,21.7763437142857,26.042913,18.1528042857143,20.8661197142857,23.357679,27.3983112857143,18.8360438571429,26.4372997142857,27.4739421428571,20.066765,19.5839895714286,17.8838512857143,16.9738821428571,16.1318842857143,20.2924092857143,27.4376867142857,20.371365,28.9295641428571,18.0712715714286,24.2971096285714,20.3992438571429,27.1614905714286,25.7683101428571,16.2481174285714,25.5917914285714,20.7994587142857,26.2832444285714,18.4729255714286,18.898613,25.4261594285714,20.8814944285714,27.2984817142857,26.3229485714286,19.5839895714286,23.4521448571429,21.633527,18.9347111428571,25.5384755714286,19.7054125714286,25.7093694285714,16.9481835714286,27.6131112857143,27.8822151428571,20.8785085714286,17.8992705714286,28.7309421428571,26.8721012857143,18.3455168571429,28.4130915714286,23.4353912857143,22.7049468571429,29.1722354285714,25.169508,26.4556634285714,18.9347111428571,20.2924092857143,24.2617367142857,19.9557215714286,18.966059,21.4639331428571,20.3985171428571,18.1528042857143,25.9644658571429,19.9557215714286,26.2342778571429,17.5370344285714,25.864908,21.1258175714286,22.514734,19.9557215714286,22.5427058571429,21.058438,26.1876801428571,27.2120928571429,17.4711908571429,18.6514998571429
"136","2022-32",26.349375,21.4007997142857,19.9405781428571,18.0581792857143,15.8853044285714,17.8355172857143,22.0159304285714,25.6337721428571,18.108013,20.890674,22.9745221428571,27.2852897142857,18.3672298571429,26.1825711428571,27.5828347142857,20.0550148571429,19.3209194285714,17.5525712857143,16.458493,15.6063712857143,20.2018937142857,27.65811,20.4250104285714,29.108555,17.7553835714286,24.0712533142857,20.623789,26.750174,25.0652122857143,16.0551531428571,25.5793721428571,20.0424005714286,26.9144538571429,18.1363465714286,18.5626767142857,25.3085835714286,20.2092627142857,26.6117531428571,25.7905128571429,19.3209194285714,23.6801071428571,21.7081282857143,18.6995682857143,25.3944632857143,20.0299807142857,25.566661,16.486944,27.8768418571429,27.4886211428571,21.1589292857143,17.1479448571429,29.0330464285714,26.1419168571429,18.4944794285714,28.3765124285714,23.5275332857143,22.2552737142857,29.0106831428571,24.9260857142857,26.1889982857143,18.6995682857143,20.2018937142857,24.532152,19.8062582857143,18.8289554285714,21.8004047142857,20.391042,18.108013,25.9706254285714,19.8062582857143,25.5455615714286,17.7911375714286,25.2557342857143,20.427531,22.110222,19.8062582857143,22.6294268571429,20.2605058571429,26.4292672857143,27.5021341428571,17.0797474285714,18.9545408571429
"137","2022-33",26.168188,21.2190531428571,19.3922568571429,17.6806464285714,15.575081,17.6240135714286,21.536257,25.5233438571429,17.5816291428571,20.4101037142857,22.9426005714286,27.1851435714286,18.068646,26.0397,27.630403,19.938999,18.9221494285714,17.21294,16.5385255714286,15.3974592857143,19.7800824285714,27.5047111428571,19.910082,29.236934,17.3448741428571,24.1413330285714,20.0805838571429,26.2017682857143,24.7926957142857,15.5084736428571,25.8259357142857,19.8477528571429,27.7077352857143,17.756859,18.4819884285714,25.1565798571429,19.8878077142857,26.0342888571429,25.4211485714286,18.9221494285714,23.4332761428571,21.3404471428571,18.2391902857143,25.7003412857143,19.5046925714286,25.6373087142857,16.0924926428571,27.6972054285714,28.0764218571429,20.649778,16.981809,29.4609681428571,25.955132,17.9116138571429,28.7649291428571,23.416378,22.1182407142857,29.4809395714286,24.2221508571429,25.5829682857143,18.2391902857143,19.7800824285714,24.103482,19.353339,18.3452997142857,21.3256897142857,19.9645717142857,17.5816291428571,26.0083282857143,19.353339,24.8938132857143,17.2043822857143,25.111152,19.9828621428571,22.3219272857143,19.353339,22.4208057142857,20.0747384285714,26.3088868571429,27.823532,16.6621471428571,18.3812615714286
"138","2022-34",26.2681762857143,20.704013,18.9595275714286,17.2326958571429,15.1770824285714,17.1608961428571,21.0222097142857,25.2017234285714,17.1944854285714,19.940228,22.5408795714286,27.1725387142857,17.6901308571429,25.8335107142857,27.0240047142857,19.5081617142857,18.5141518571429,16.8245424285714,16.0127574285714,15.0100270714286,19.3324167142857,26.9392377142857,19.4594185714286,28.5753842857143,16.9359034285714,23.6702502,19.6201291428571,25.9656487142857,24.424562,15.1699117857143,25.3963221428571,19.454766,27.2282274285714,17.3564062857143,17.958622,24.9604372857143,19.6240785714286,25.7234444285714,25.3121214285714,18.5141518571429,22.9682147142857,20.8174614285714,17.8350155714286,25.302752,19.0286837142857,25.5699842857143,15.6828022857143,27.0870985714286,27.3939995714286,20.1366007142857,16.6278628571429,28.4710808571429,25.4388795714286,17.5397691428571,28.1839425714286,22.8074277142857,21.8842054285714,28.6217831428571,23.8866647142857,25.3039918571429,17.8350155714286,19.3324167142857,23.5862052857143,18.9294515714286,17.9357857142857,20.862403,19.4877654285714,17.1944854285714,25.7906512857143,18.9294515714286,24.4989197142857,16.8251398571429,24.7873057142857,19.7601498571429,21.6258302857143,18.9294515714286,22.1612928571429,19.670549,25.670906,27.4508291428571,16.2579257142857,17.9628115714286
"139","2022-35",26.0815787142857,20.7830057142857,19.0354927142857,17.4430494285714,15.6111860714286,17.3588772857143,21.1691141428571,24.7975881428571,17.2895547142857,20.1369665714286,23.0066461428571,26.9898097142857,18.0733331428571,25.5319674285714,26.9800904285714,19.7237122857143,18.800758,17.1280172857143,16.3817955714286,15.4007605714286,19.5485027142857,27.1522261428571,19.6350281428571,28.7432578571429,17.256316,23.8730217428571,19.7018371428571,25.5964198571429,24.4402502857143,15.1867222857143,25.0921307142857,19.9504064285714,26.8497012857143,17.686884,18.2197921428571,24.560109,19.8570855714286,25.3024701428571,25.5237695714286,18.800758,23.0670932857143,20.9296361428571,18.0753627142857,25.0158718571429,19.0819904285714,25.1897557142857,16.0269162857143,27.2635277142857,27.4185222857143,20.2916422857143,17.1110071428571,28.6275145714286,25.1320658571429,17.5263554285714,28.1815207142857,22.8694802857143,22.2361375714286,28.902095,23.6702235714286,24.9528968571429,18.0753627142857,19.5485027142857,23.750098,19.1752051428571,18.148451,20.8805395714286,19.673001,17.2895547142857,25.581013,19.1752051428571,24.1802728571429,16.7845242142857,24.9474387142857,20.35455,21.949623,19.1752051428571,21.887848,20.0706362857143,25.8154912857143,27.200457,16.562588,17.9434282857143
"140","2022-36",25.9830077142857,20.7694761428571,19.3067618571429,17.46891,15.554206,17.2732905714286,21.239271,24.7503028571429,17.5371447142857,20.2696355714286,22.3853995714286,26.9923111428571,17.9596752857143,25.4400144285714,26.9819975714286,19.4501328571429,18.8176505714286,17.0501391428571,16.2350692857143,15.2177864285714,19.6178388571429,27.0865701428571,19.832206,28.7887275714286,17.304187,23.6864949714286,19.9609311428571,25.5251001428571,24.7093735714286,15.4984267142857,25.010173,19.7661921428571,26.9020924285714,17.6872947142857,18.0939164285714,24.6561975714286,19.7012868571429,25.3392984285714,25.4575767142857,18.8176505714286,23.0863634285714,21.0118085714286,18.212197,24.9471181428571,19.3313185714286,25.1963587142857,16.1039634285714,27.2608202857143,27.3803785714286,20.414464,16.8844471428571,28.661695,25.4474435714286,17.8627034285714,28.1596284285714,22.8558998571429,22.2345662857143,28.8056794285714,24.1647705714286,25.2720792857143,18.212197,19.6178388571429,23.7810874285714,19.2633695714286,18.3075218571429,21.1086652857143,19.7662261428571,17.5371447142857,25.7133378571429,19.2633695714286,24.6067881428571,17.1318107142857,25.0520808571429,19.735592,21.7958555714286,19.2633695714286,21.7556897142857,19.894083,25.8179807142857,26.9559821428571,16.6568224285714,18.2837722857143
"141","2022-37",26.2029755714286,20.8806882857143,19.3713741428571,17.6774128571429,16.0086355714286,17.5110978571429,21.2534224285714,24.8508538571429,17.7026292857143,20.411615,23.223098,26.7795118571429,18.39786,25.5925271428571,27.0728991428571,19.8226482857143,19.1078005714286,17.3938352857143,16.6646724285714,15.6979399285714,19.8122385714286,26.9920181428571,19.9609027142857,28.530043,17.6112435714286,24.0595695714286,19.9890692857143,25.5841335714286,25.1778817142857,15.7147906428571,25.0975931428571,20.3562551428571,26.4607515714286,18.0220602857143,18.3928892857143,24.5702077142857,20.1626501428571,25.2631805714286,25.8266497142857,19.1078005714286,23.0168825714286,21.0767087142857,18.4679027142857,24.8161937142857,19.2974114285714,25.286742,16.4769146428571,27.1481684285714,27.5889432857143,20.4239582857143,17.4843504285714,28.4448885714286,25.5829225714286,17.9130925714286,27.729894,22.8283458571429,22.5902591428571,29.0127884285714,24.2065231428571,25.2680235714286,18.4679027142857,19.8122385714286,23.773305,19.4889692857143,18.5230524285714,21.0339322857143,19.9144235714286,17.7026292857143,25.5609504285714,19.4889692857143,24.8591068571429,17.104426,25.4970441428571,20.2931584285714,22.1610604285714,19.4889692857143,21.7602114285714,20.5096607142857,25.6949274285714,26.5831172857143,16.9924925714286,18.2175181428571
"142","2022-38",25.8315832857143,20.6366488571429,19.1208194285714,17.381322,15.5606417857143,17.1952462857143,21.008924,24.4835454285714,17.4049345714286,20.1568745714286,22.7368687142857,26.915257,17.9556235714286,25.1147967142857,27.0139118571429,19.59087,18.791745,17.0218782857143,16.2012524285714,15.2104627142857,19.5311871428571,26.7681997142857,19.7030151428571,28.4883841428571,17.2997551428571,23.7498950285714,19.7542828571429,25.2125754285714,24.6140645714286,15.3594491428571,24.804692,19.7612804285714,26.3803257142857,17.6794407142857,18.0669887142857,24.5345481428571,19.5416242857143,24.9700765714286,25.4694347142857,18.791745,22.7226595714286,20.8426595714286,18.174065,24.7209532857143,19.0714544285714,24.9816667142857,16.0947091428571,26.973531,27.4573784285714,20.1737647142857,16.870666,28.3894167142857,25.1467138571429,17.6511448571429,27.9011274285714,22.6439018571429,21.9504461428571,28.8587355714286,23.8135367142857,24.9291797142857,18.174065,19.5311871428571,23.520466,19.210001,18.238625,20.7505397142857,19.6510521428571,17.4049345714286,25.6076507142857,19.210001,24.1845588571429,16.8752397142857,24.9487097142857,19.6146698571429,21.8370801428571,19.210001,21.3619395714286,19.7017917142857,25.5455114285714,26.7626781428571,16.6429697142857,17.9848758571429
"143","2022-39",26.2669388571429,20.9845615714286,19.4965135714286,17.8171655714286,16.154008,17.5807562857143,21.2266465714286,24.8604687142857,17.8581791428571,20.6028062857143,22.9854648571429,26.8839584285714,18.4830007142857,25.6245904285714,27.1137978571429,19.7559815714286,19.2982204285714,17.4950405714286,16.638206,15.6793098571429,19.9919854285714,26.8745445714286,20.14793,28.3994068571429,17.8383914285714,23.9460939142857,20.0875864285714,25.8488911428571,25.4946837142857,15.8562640714286,24.944068,20.3825827142857,26.5096812857143,18.210525,18.4423624285714,24.7396582857143,20.0416875714286,25.6973894285714,26.0855351428571,19.2982204285714,22.9669264285714,21.1967411428571,18.7032294285714,24.7408957142857,19.2993448571429,25.2951165714286,16.7083915714286,27.0496897142857,27.5054365714286,20.401972,17.4028671428571,28.3564745714286,25.7086032857143,17.9916865714286,27.7084571428571,22.7907238571429,22.3697887142857,29.0621102857143,24.4022941428571,25.5596655714286,18.7032294285714,19.9919854285714,23.6782538571429,19.7032654285714,18.7375665714286,21.018846,20.0843398571429,17.8581791428571,25.6671414285714,19.7032654285714,25.1116368571429,17.1060722857143,25.7381438571429,19.9864938571429,22.2125527142857,19.7032654285714,21.8854022857143,20.4750257142857,25.5635691428571,26.7655668571429,17.2271148571429,18.1796161428571
"144","2022-40",25.9801144285714,21.2517545714286,19.714715,17.9802432857143,16.161327,17.7284034285714,21.5913002857143,25.6073991428571,17.9486242857143,20.847093,23.7358192857143,27.1683221428571,18.6222601428571,25.9255502857143,27.6237761428571,20.1997,19.4141394285714,17.6202658571429,16.5622144285714,15.7762367142857,20.1874828571429,27.1492284285714,20.3804338571429,28.9007111428571,17.905468,24.4011743714286,20.3544101428571,26.0797545714286,25.69367,15.8376188571429,24.8120015714286,20.5241405714286,27.0223088571429,18.3051158571429,18.5068735714286,25.1890032857143,20.4200515714286,25.9675212857143,26.2848081428571,19.4141394285714,23.1253228571429,21.5327417142857,18.785565,24.8037931428571,19.5382102857143,25.0429528571429,16.7088681428571,27.4828495714286,27.9010802857143,20.764603,17.5338508571429,28.6557595714286,26.2356965714286,18.108984,28.1656952857143,23.1224382857143,22.5454961428571,29.0547855714286,24.6278682857143,25.771238,18.785565,20.1874828571429,24.0792454285714,19.841937,18.8526591428571,21.2998011428571,20.3245908571429,17.9486242857143,25.5312781428571,19.841937,25.682379,17.1966825714286,25.908933,20.669817,22.1809747142857,19.841937,21.98363,20.6275121428571,26.0140688571429,26.9391177142857,17.2494151428571,18.3317635714286
"145","2022-41",25.870549,20.6002117142857,19.2830502857143,17.3154112857143,15.5539695714286,17.005144,21.1358478571429,25.0067404285714,17.5285965714286,20.2247511428571,22.65252,26.804052,17.8539194285714,25.5426934285714,26.7609735714286,19.4119691428571,18.7537654285714,16.8568705714286,15.7686340714286,14.9303561428571,19.5517247142857,26.9183975714286,19.8261951428571,28.4843515714286,17.292903,23.5563036857143,19.9337414285714,25.8820392857143,25.0039432857143,15.4810518571429,24.6500701428571,19.8220005714286,26.7571397142857,17.6410081428571,17.764331,24.7248244285714,19.7205051428571,25.567982,25.6923644285714,18.7537654285714,22.8974014285714,20.925924,18.2385658571429,24.4421834285714,19.2836068571429,24.9787608571429,16.1770874285714,27.1443111428571,27.0552047142857,20.3314681428571,16.7153402857143,28.3773621428571,25.4164375714286,17.8295392857143,27.5313797142857,22.6507398571429,21.900851,28.4616237142857,24.3200424285714,25.4997081428571,18.2385658571429,19.5517247142857,23.7086484285714,19.2324245714286,18.3127772857143,21.033714,19.6892825714286,17.5285965714286,25.2887421428571,19.2324245714286,24.7495171428571,17.0776291428571,25.3484397142857,19.9741182857143,21.3968977142857,19.2324245714286,21.8299124285714,19.9683542857143,25.6228625714286,27.1232622857143,16.7051337142857,18.239365
"146","2022-42",25.5434864285714,20.633026,19.2606427142857,17.3742901428571,15.4572618571429,17.117518,21.1246722857143,24.6842675714286,17.4325835714286,20.2703425714286,22.9061038571429,26.6236852857143,17.9693384285714,25.2371527142857,27.1879724285714,19.6858805714286,18.7941821428571,16.985678,16.0001732857143,15.1433945,19.5934442857143,26.8455141428571,19.8358008571429,28.3581734285714,17.2634457142857,23.8068290857143,19.9258711428571,25.5544568571429,24.4916702857143,15.2901089285714,24.4302085714286,19.8197762857143,26.6925055714286,17.665269,17.9393122857143,24.4927281428571,19.4844861428571,25.221361,25.2914847142857,18.7941821428571,22.8169652857143,20.9561355714286,18.1713684285714,24.3390787142857,19.2236037142857,24.6547017142857,15.9793065714286,27.068852,27.3688177142857,20.3201508571429,16.8911962857143,28.2032832857143,25.1413282857143,17.7412651428571,27.6002438571429,22.5876821428571,21.8853708571429,28.6170847142857,24.1754632857143,25.3909368571429,18.1713684285714,19.5934442857143,23.6620961428571,19.2425785714286,18.2667892857143,20.9765221428571,19.7371452857143,17.4325835714286,25.1132047142857,19.2425785714286,24.4718445714286,16.9619862857143,24.8997391428571,19.9027298571429,21.6605768571429,19.2425785714286,21.6064947142857,19.6880784285714,25.5233298571429,26.898242,16.5577254285714,18.127904
"147","2022-43",25.6653001428571,20.8996978571429,19.269281,17.472003,15.312665,17.291846,21.2225912857143,24.7152851428571,17.4356607142857,20.3311205714286,23.0174254285714,26.5884245714286,17.9265977142857,25.3033902857143,27.1920214285714,19.6134168571429,18.8092268571429,17.0306002857143,16.0931354285714,15.1381825,19.6638447142857,26.894062,19.8677645714286,28.5534515714286,17.2350712857143,23.9103949142857,19.9390987142857,25.6160724285714,24.4611514285714,15.2657191428571,24.5594175714286,19.6100024285714,27.0917717142857,17.6454412857143,18.0826127142857,24.4024532857143,19.1533517142857,25.3217734285714,25.1241964285714,18.8092268571429,22.8116244285714,21.1371825714286,18.1673605714286,24.5682288571429,19.2097551428571,24.6781344285714,15.8829597142857,27.2138277142857,27.7464175714286,20.3811212857143,16.7479384285714,28.4040437142857,25.3139728571429,17.711741,27.7612792857143,22.8323908571429,21.9826932857143,28.75566,24.0921062857143,25.3363837142857,18.1673605714286,19.6638447142857,23.7531441428571,19.2657098571429,18.2763832857143,20.898874,19.8340032857143,17.4356607142857,25.1678592857143,19.2657098571429,24.368652,16.8966388571429,24.7574391428571,19.3880055714286,21.8053482857143,19.2657098571429,21.6672458571429,19.42817,25.7180852857143,27.1223524285714,16.4947914285714,18.0227137142857
"148","2022-44",25.3404652857143,19.8240845714286,18.6681302857143,16.6430908571429,14.7148124285714,16.3321685714286,20.364009,24.741665,16.895077,19.5472482857143,22.0788865714286,26.1795164285714,17.1138168571429,25.1928261428571,26.625133,18.8058705714286,18.0863071428571,16.2276397142857,15.1148088571429,14.2719334285714,18.859189,25.6896957142857,19.1193568571429,27.4880401428571,16.5486494285714,23.1644796,19.307404,25.5668288571429,24.447295,14.9390973571429,23.8982342857143,18.9633264285714,26.2646034285714,16.9060722857143,17.128941,24.2948217142857,18.9715555714286,25.3547807142857,24.8335222857143,18.0863071428571,21.9559178571429,20.1688537142857,17.5180775714286,23.785745,18.6783754285714,24.410057,15.4251018571429,25.9439578571429,27.0759375714286,19.5421592857143,15.9681071428571,27.3721157142857,25.2479507142857,17.2936821428571,26.8657934285714,21.879906,21.2365702857143,27.6902632857143,24.0595308571429,25.2516407142857,17.5180775714286,18.859189,22.5225884285714,18.5539841428571,17.5980747142857,20.3569337142857,18.9933785714286,16.895077,24.5528257142857,18.5539841428571,24.6809978571429,16.5876547142857,24.4406844285714,19.2419515714286,20.771133,18.5539841428571,21.4176274285714,19.2258984285714,24.4812477142857,26.6009567142857,16.0026098571429,17.8046871428571
"149","2022-45",25.081072,20.1348711428571,18.7262677142857,16.9525645714286,15.2161996428571,16.6862515714286,20.3861911428571,24.3292981428571,17.0823329285714,19.7751775714286,22.7158094285714,25.8111361428571,17.5191922857143,24.8163472857143,26.949998,19.3775734285714,18.4679902857143,16.6107787142857,15.489674,14.6639901428571,19.1508954285714,25.5260774285714,19.2952624285714,27.3466121428571,16.9709947142857,23.5566462,19.3175255714286,25.2727501428571,24.843523,15.1507808571429,23.7629271428571,19.4007267142857,25.9216157142857,17.3162488571429,17.5066352857143,23.954886,19.4019237142857,25.1500054285714,25.1842225714286,18.4679902857143,21.8018687142857,20.3587295714286,17.8708215714286,23.6823794285714,18.5935668571429,24.2011675714286,15.9321452857143,25.835819,27.3896157142857,19.5197118571429,16.3313490714286,27.499265,25.5695687142857,17.3004217142857,26.7164695714286,22.0459092857143,21.3502344285714,27.935832,23.8681798571429,24.9364437142857,17.8708215714286,19.1508954285714,22.4239045714286,18.887627,17.8934854285714,20.1352654285714,19.2411241428571,17.0823329285714,24.4109622857143,18.887627,24.7887331428571,16.483165,24.7917764285714,19.8920065714286,21.1891587142857,18.887627,21.1022327142857,19.6696785714286,24.4310437142857,26.4277844285714,16.4661602857143,17.6287158571429
"150","2022-46",25.4382644285714,20.3733975714286,19.1232291428571,17.0900584285714,15.1324658571429,16.7633278571429,21.0448814285714,25.6054188571429,17.3200511428571,20.0127688571429,22.1164411428571,26.501939,17.4291548571429,25.6712015714286,26.8111867142857,19.1709802857143,18.4518744285714,16.5636801428571,15.3701504285714,14.5402802857143,19.2998855714286,26.407997,19.5638112857143,27.9561127142857,16.9251564285714,23.2495689142857,19.7952452857143,26.0485092857143,24.783506,15.351668,24.1360847142857,19.296905,26.259915,17.257367,17.5271025714286,24.9605234285714,19.4296232857143,25.8577054285714,25.1451262857143,18.4518744285714,22.5563867142857,20.7448704285714,17.9025698571429,24.1329388571429,19.2350817142857,24.4321695714286,15.8864434285714,26.6135525714286,26.9905755714286,20.2021122857143,16.213151,28.2138781428571,26.0011281428571,17.7338162857143,27.2624252857143,22.4886247142857,21.1586608571429,28.1090325714286,24.4258462857143,25.6211985714286,17.9025698571429,19.2998855714286,23.215711,18.9628081428571,18.0027454285714,20.8473448571429,19.4733631428571,17.3200511428571,24.7112807142857,18.9628081428571,25.2402608571429,17.0652691428571,24.6666275714286,20.0040435714286,21.1733524285714,18.9628081428571,21.8117778571429,19.5272691428571,25.0740054285714,26.7291638571429,16.43668,18.3085255714286
"151","2022-47",25.1831478571429,19.947349,18.6324848571429,16.6521542857143,14.6055155,16.3325951428571,20.563762,24.9162545714286,16.8231065714286,19.5835361428571,21.5455518571429,26.004624,16.9467005714286,25.1744615714286,26.236067,18.5703372857143,18.01786,16.1251098571429,14.8911302857143,14.0587786428571,18.8644505714286,25.8160801428571,19.1144652857143,27.4505412857143,16.4803968571429,22.7510854857143,19.3006905714286,25.5887922857143,24.3314714285714,14.8071282857143,23.7866652857143,18.7205147142857,25.8459735714286,16.8088668571429,17.0708297142857,24.3394928571429,18.7565312857143,25.4417297142857,24.6304614285714,18.01786,22.0121082857143,20.2962504285714,17.4478402857143,23.6375014285714,18.7003894285714,24.2104417142857,15.3798218571429,26.0516591428571,26.614502,19.7076928571429,15.6610100714286,27.5233978571429,25.2990137142857,17.2083,26.7164588571429,22.036412,20.7889692857143,27.6204125714286,23.8544274285714,25.1174775714286,17.4478402857143,18.8644505714286,22.7012572857143,18.5337224285714,17.5501894285714,20.3315865714286,19.0364231428571,16.8231065714286,24.401632,18.5337224285714,24.6393662857143,16.5213184285714,24.2230288571429,19.1059228571429,20.6760121428571,18.5337224285714,21.3100584285714,18.9382368571429,24.5706022857143,26.3927637142857,15.9498701428571,17.7668647142857
"152","2022-48",25.1766772857143,19.9495462857143,18.558947,16.5185701428571,14.6837143571429,16.2778484285714,20.2073522857143,25.847597,16.8623934285714,19.3677382857143,21.4912385714286,26.6315754285714,16.9766245714286,25.7525828571429,26.6324295714286,18.4292015714286,17.9778175714286,16.0330262857143,15.0007021428571,14.0607268571429,18.7301678571429,25.7169482857143,18.991147,27.7020601428571,16.5632867142857,22.7760182857143,19.1883331428571,26.5015541428571,24.7302918571429,14.9899872857143,24.1547092857143,18.8710702857143,26.5062952857143,16.8678417142857,17.0836097142857,25.2935715714286,19.2598662857143,26.5150712857143,25.0760895714286,17.9778175714286,21.9779947142857,20.1170475714286,17.5318921428571,23.9985372857143,18.6553985714286,24.5145901428571,15.4909641428571,26.030873,26.6907751428571,19.4118892857143,15.7041093571429,27.7901471428571,26.2442682857143,17.2509445714286,26.9911302857143,22.1309438571429,20.6364465714286,27.9176392857143,24.5017014285714,25.8252081428571,17.5318921428571,18.7301678571429,22.3877152857143,18.4487482857143,17.5630194285714,20.3953694285714,18.8544128571429,16.8623934285714,24.7751245714286,18.4487482857143,25.4540951428571,16.6105042857143,24.6632008571429,19.5578827142857,20.8546251428571,18.4487482857143,21.8915671428571,19.4257345714286,24.6970422857143,27.068842,16.0603635,17.9030498571429
"153","2022-49",24.3720047142857,19.0203505714286,17.647334,15.4190685714286,13.2474711428571,15.1853847142857,19.4149397142857,25.4492214285714,15.877201,18.3412285714286,19.656232,26.1921098571429,15.6527234285714,25.1810631428571,25.720738,16.6964664285714,16.8057621428571,14.7928523571429,13.8309136428571,12.7061347857143,17.6553385714286,25.2333888571429,18.0177317142857,27.4509517142857,15.4008400714286,21.4530226857143,18.3158561428571,26.1907372857143,23.3960011428571,13.9971075714286,23.4063874285714,17.306337,26.2328718571429,15.6816422857143,16.0275418571429,24.819724,17.9863202857143,26.2753315714286,23.757529,16.8057621428571,21.3987262857143,19.2020354285714,16.449279,23.4839171428571,17.8553394285714,23.4763672857143,14.1710249285714,25.524656,25.9783165714286,18.639034,14.1161052142857,27.3173338571429,25.252559,16.3611168571429,26.8257152857143,21.4596958571429,19.2133604285714,27.437745,23.6313808571429,25.1822524285714,16.449279,17.6553385714286,21.7096587142857,17.3397921428571,16.5142904285714,19.6576017142857,17.8266782857143,15.877201,23.7623295714286,17.3397921428571,24.3635211428571,15.7859963571429,23.445556,17.7725821428571,19.936462,17.3397921428571,21.4122921428571,17.8776821428571,24.2059535714286,26.8545042857143,14.8239178571429,17.1104007142857
"154","2022-50",24.4272364285714,19.4710108571429,18.0281221428571,15.955993,14.0915841428571,15.7558324285714,19.6466452857143,25.2896002857143,16.3500111428571,18.7784568571429,20.9037095714286,25.9904532857143,16.4110325714286,25.1936205714286,26.5271865714286,17.9619058571429,17.4226451428571,15.455665,14.6655071428571,13.4904588571429,18.1711175714286,25.426674,18.441677,27.7788518571429,16.0500562857143,22.5315381714286,18.6639267142857,26.493693,24.1500111428571,14.5078828571429,23.6172575714286,18.2043144285714,26.5875642857143,16.3525728571429,16.6512707142857,24.3666188571429,18.6663458571429,26.4696497142857,24.6075875714286,17.4226451428571,21.6451315714286,19.5883018571429,17.0232715714286,23.695522,18.1908057142857,23.418994,14.9345432857143,25.7528497142857,26.8760042857143,18.8771687142857,15.0424377142857,27.9226725714286,25.7898724285714,16.7518222142857,27.2339611428571,21.7947691428571,20.3888845714286,28.0286844285714,24.0384345714286,25.4887437142857,17.0232715714286,18.1711175714286,21.8785385714286,17.881987,17.039662,19.9579925714286,18.290327,16.3500111428571,23.6951407142857,17.881987,24.8109831428571,16.1555664285714,24.1975741428571,18.868367,20.5973418571429,17.881987,21.5866642857143,18.6234642857143,24.4231162857143,27.3179388571429,15.5212288571429,17.4741362857143
"155","2022-51",24.4908021428571,19.48669,17.8160574285714,15.7700568571429,13.6377325714286,15.6084247142857,19.6466702857143,25.935447,16.1121055714286,18.6127947142857,20.4773438571429,26.7975388571429,16.0273782857143,25.4712468571429,26.7584111428571,17.842296,17.1257477142857,15.1580184285714,14.1301531428571,13.0901712142857,17.9699245714286,25.494879,18.2549684285714,27.9233574285714,15.7273978571429,22.2404424285714,18.4631644285714,26.3812658571429,24.101393,14.2520983571429,23.7239317142857,17.7170837142857,26.6876718571429,16.0140317142857,16.3845785714286,25.417151,18.3729111428571,26.544883,24.1255402857143,17.1257477142857,21.4952935714286,19.5644007142857,16.7544825714286,23.9220277142857,17.9267147142857,23.8276415714286,14.5743607857143,25.8572974285714,26.4912958571429,18.8211318571429,14.5380415714286,27.952543,26.1937571428571,16.4816795714286,27.4196488571429,21.909124,19.6328652857143,27.6586632857143,23.9502415714286,25.3982881428571,16.7544825714286,17.9699245714286,21.9288354285714,17.6353317142857,16.7964001428571,19.5824311428571,18.1387468571429,16.1121055714286,24.1796065714286,17.6353317142857,25.1713887142857,15.8040225714286,23.9619185714286,18.5227545714286,20.1591711428571,17.6353317142857,21.5391474285714,18.2960078571429,24.5751667142857,27.2895982857143,15.1942299285714,17.03707
"156","2022-52",23.9346518571429,18.9558735714286,17.5642892857143,15.3526561428571,13.1784305714286,15.0577560714286,19.323955,25.2047374285714,15.779048,18.2826371428571,19.3784172857143,26.2047532857143,15.5234927142857,24.8794841428571,25.6840118571429,16.6991698571429,16.7107312857143,14.6581125714286,13.5608833571429,12.5099395714286,17.59797,25.1508338571429,17.9302625714286,27.5898178571429,15.3265537857143,21.4361043714286,18.2386014285714,26.1211598571429,23.372725,13.881652,23.3298454285714,17.14482,26.4026537142857,15.5930745714286,15.8353552857143,24.5981475714286,17.7025011428571,26.2279317142857,23.5869061428571,16.7107312857143,21.2612442857143,19.1905111428571,16.3435105,23.5750785714286,17.7783778571429,23.094144,14.128047,25.4772531428571,26.2093838571429,18.5216611428571,13.9400204285714,27.4720278571429,25.5143848571429,16.2752017857143,27.1932742857143,21.4541347142857,19.209539,27.2047448571429,23.6138161428571,25.1842757142857,16.3435105,17.59797,21.5336112857143,17.2665727142857,16.41629,19.5171377142857,17.783144,15.779048,23.5304541428571,17.2665727142857,24.4522865714286,15.7040205714286,23.3978425714286,17.4935372857143,19.6243597142857,17.2665727142857,21.2747242857143,17.3749137142857,24.1508911428571,27.0840398571429,14.7657401428571,17.0363967142857
"157","2023-1",23.8891395714286,19.2590717142857,17.3838381428571,15.3067688571429,13.3936882857143,15.2538573571429,19.1956591428571,25.3767851428571,15.6511657857143,18.1741674285714,19.7605618571429,26.3021844285714,15.7122955714286,24.980436,26.6956857142857,17.1864811428571,16.7123714285714,14.6681608571429,14.2396331428571,12.7703266428571,17.5468044285714,25.0799881428571,17.7308995714286,27.757723,15.4427705714286,22.0716496857143,18.0393604285714,26.0686355714286,24.1216448571429,13.8170242857143,23.3201202857143,17.5770901428571,26.4649258571429,15.7083011428571,16.1843444285714,24.7048144285714,18.2143191428571,26.2016421428571,24.1182258571429,16.7123714285714,20.845989,19.1747508571429,16.2620812857143,23.4734284285714,17.6173135714286,23.1800358571429,14.3322992142857,25.3873771428571,27.0481108571429,18.2489514285714,14.3217037142857,28.1927291428571,26.0056922857143,16.154448,27.2884334285714,21.885786,19.6674088571429,28.0669412857143,23.9024422857143,25.3497548571429,16.2620812857143,17.5468044285714,21.1142427142857,17.2294818571429,16.2864137142857,19.1115235714286,17.7028034285714,15.6511657857143,23.5259718571429,17.2294818571429,25.0087991428571,15.6193631428571,24.0818964285714,17.966677,20.3935791428571,17.2294818571429,21.149512,18.2572582857143,24.2251934285714,27.0964232857143,14.9370894285714,17.0354657142857
"158","2023-2",24.3322042857143,19.5547552857143,18.0221344285714,15.7698972857143,13.773247,15.5772155,19.863819,25.5003592857143,16.2087493571429,18.762288,20.5214914285714,26.5758211428571,16.1288898571429,25.1506587142857,27.1741391428571,17.6616715714286,17.1903382857143,15.1047254285714,14.4434784285714,13.1287132857143,18.0527018571429,25.5033181428571,18.3500447142857,28.0567918571429,15.9182967142857,22.6025052571429,18.6906025714286,25.9536945714286,23.9980941428571,14.3101350714286,23.4256254285714,17.9259584285714,26.4035621428571,16.1682502857143,16.4481522857143,25.0465858571429,18.4954087142857,25.9584354285714,24.2022448571429,17.1903382857143,21.2945758571429,19.6565854285714,16.7718387142857,23.5897828571429,18.2068167142857,23.4471765714286,14.7198415714286,25.8297995714286,27.4920545714286,18.9490561428571,14.6660288571429,28.4261634285714,25.660685,16.7587738571429,27.3746858571429,22.1807235714286,20.1631695714286,28.0989081428571,24.1702317142857,25.4097842857143,16.7718387142857,18.0527018571429,21.7707807142857,17.7589392857143,16.830589,19.5764071428571,18.2258508571429,16.2087493571429,23.7482274285714,17.7589392857143,25.0320792857143,16.1630331428571,23.9661055714286,18.6504621428571,20.5109151428571,17.7589392857143,21.2240335714286,18.5808158571429,24.5404681428571,26.9930738571429,15.3682358571429,17.514774
"159","2023-3",23.3188814285714,19.0327451428571,17.3887711428571,15.1199397142857,13.1238735714286,15.0125088571429,19.0918332857143,24.6808311428571,15.5859232857143,18.0548645714286,19.8433822857143,25.8845475714286,15.4202035714286,24.3351355714286,26.6053995714286,17.0729395714286,16.4920805714286,14.4266832857143,13.9932567142857,12.4470808571429,17.3794,24.838994,17.6502524285714,27.7275257142857,15.2172268571429,22.1030980571429,18.0528075714286,25.6181684285714,23.4860888571429,13.7572922857143,22.2753471428571,17.1647465714286,25.7676827142857,15.4728825714286,15.9407377142857,23.9438668571429,17.9697327142857,25.5803771428571,23.7569134285714,16.4920805714286,20.5660334285714,19.0424155714286,16.079078,22.5428312857143,17.6184217142857,22.1589042857143,14.1129381428571,25.2464307142857,27.2279842857143,18.1693252857143,13.8877838571429,28.1725814285714,25.5942181428571,16.2008352857143,26.9521424285714,21.7197132857143,19.7657845714286,27.8976085714286,23.7920698571429,25.0621002857143,16.079078,17.3794,20.9736838571429,17.0473164285714,16.137369,18.9920441428571,17.5618801428571,15.5859232857143,22.6960177142857,17.0473164285714,24.7189854285714,15.6680238571429,23.4397734285714,17.997465,20.110825,17.0473164285714,20.6504732857143,17.7511707142857,24.080278,26.6208142857143,14.7296262857143,17.0336058571429
"160","2023-4",24.8512094285714,20.3079881428571,18.7861688571429,16.5469752857143,14.6016471428571,16.323425,20.4606717142857,26.5289622857143,17.0270971428571,19.5418315714286,21.3281721428571,27.5002282857143,16.8946495714286,26.0057457142857,27.8088877142857,18.4934458571429,18.0100191428571,15.8607155714286,15.3105478571429,13.8658352857143,18.8450028571429,25.7397772857143,19.1322754285714,28.4271175714286,16.7764074285714,23.3180158,19.4331894285714,27.0413032857143,24.9843021428571,15.1618048571429,23.6877692857143,18.7124525714286,26.9785637142857,16.9965274285714,17.2389817142857,26.1041205714286,19.1960791428571,27.1515778571429,25.0600862857143,18.0100191428571,21.738343,20.4012487142857,17.6350552857143,23.7988591428571,18.9356024285714,24.0464868571429,15.6000672142857,26.2461405714286,28.0069504285714,19.5628332857143,15.4232015714286,29.2552081428571,26.9193894285714,17.5296951428571,27.4381531428571,22.8380382857143,20.9526228571429,28.978435,25.1347518571429,26.4804604285714,17.6350552857143,18.8450028571429,22.2320188571429,18.5829662857143,17.6667671428571,20.2524358571429,19.004798,17.0270971428571,24.5191298571429,18.5829662857143,26.2753781428571,16.9154592857143,24.8386724285714,19.4747121428571,21.3986607142857,18.5829662857143,22.0882904285714,19.389053,25.0272,27.7072502857143,16.2476724285714,18.2477592857143
"161","2023-5",25.2124834285714,20.2700997142857,18.6365334285714,16.366361,13.8420448571429,16.2751593571429,20.2440308571429,27.031397,16.8765542857143,19.249414,20.5849295714286,28.1189407142857,16.1555954285714,26.4883447142857,27.6313687142857,18.0874631428571,17.6322888571429,15.60051,14.8255666428571,13.308652,18.5427632857143,25.8271401428571,18.8653605714286,28.9186011428571,16.1045747142857,22.9876706857143,19.2747168571429,27.2978467142857,24.2948247142857,15.1306848571429,24.0328651428571,17.7254965714286,27.144407,16.3075804285714,17.1041785714286,26.6832382857143,17.9740555714286,27.4771607142857,23.833262,17.6322888571429,21.8506674285714,20.2153397142857,17.2998655,24.1786997142857,18.8548624285714,24.4390734285714,14.9929622857143,26.3840801428571,28.2536691428571,19.346482,14.6087992142857,28.9945308571429,26.357064,17.5017437142857,27.995486,22.9529258571429,20.3809228571429,28.7143471428571,24.872373,26.2508317142857,17.2998655,18.5427632857143,22.2440122857143,18.2340642857143,17.376995,20.4338257142857,18.7497692857143,16.8765542857143,24.861331,18.2340642857143,25.7261075714286,16.9944691428571,23.6719125714286,18.5679554285714,21.0763514285714,18.2340642857143,22.6189542857143,18.7071441428571,25.3842715714286,28.129837,15.6621042857143,18.2933371428571
"162","2023-6",26.0237115714286,21.1655308571429,19.3116562857143,17.2210555714286,14.6667038571429,17.2521375714286,21.0175911428571,27.9329408571429,17.6078398571429,19.9405945714286,21.6129375714286,28.9578022857143,16.9552845714286,27.362993,28.43561,19.1999362857143,18.4132215714286,16.5150385714286,15.8349315714286,14.2264556428571,19.3047768571429,26.5675341428571,19.5337034285714,29.5880314285714,16.7547732857143,23.8980650285714,19.9434611428571,28.3308587142857,25.133772,15.9330867142857,24.8790545714286,18.5589828571429,27.7545725714286,17.0037637142857,18.1048234285714,27.4257458571429,18.9547567142857,28.5530327142857,24.5256554285714,18.4132215714286,22.7294444285714,21.0173594285714,18.0158665714286,25.0912268571429,19.5718337142857,25.2255364285714,15.7636087142857,27.1353727142857,28.8286792857143,20.1087997142857,15.5141494285714,29.8987507142857,27.3868442857143,18.2055071428571,28.9092138571429,23.7657851428571,21.413162,29.6762982857143,25.7429664285714,27.1668541428571,18.0158665714286,19.3047768571429,23.0770887142857,18.9460482857143,18.0837775714286,21.2125847142857,19.509597,17.6078398571429,25.667498,18.9460482857143,26.727329,17.7188907142857,24.4971127142857,19.5530828571429,22.0927415714286,18.9460482857143,23.6127175714286,19.6287952857143,26.1399792857143,28.984159,16.3818205714286,18.9945801428571
"163","2023-7",25.9024684285714,20.8307095714286,19.0125975714286,16.846863,14.0949219285714,16.8161671428571,20.9749092857143,27.5719152857143,17.2557145714286,19.6552942857143,20.879069,28.7737442857143,16.402931,27.0816012857143,28.5754851428571,18.8501507142857,17.9947741428571,16.0401051428571,15.2774477142857,13.6341993571429,18.9564338571429,26.7197761428571,19.2456475714286,29.705396,16.3253638571429,23.5461736571429,19.6746617142857,27.8885862857143,24.5774572857143,15.5278894285714,24.6470225714286,17.8293784285714,27.5577724285714,16.547678,17.6410004285714,27.1286271428571,18.1637242857143,28.0672305714286,24.1553594285714,17.9947741428571,22.700846,20.7812165714286,17.6287202857143,24.8370045714286,19.3128808571429,24.991849,15.2634641428571,27.233255,28.601937,20.030354,14.7998182857143,29.9403191428571,26.695431,17.864537,29.0035618571429,23.6064352857143,20.8242264285714,29.3419458571429,25.0298552857143,26.4699624285714,17.6287202857143,18.9564338571429,23.1372554285714,18.5913801428571,17.7306115714286,20.9061408571429,19.1975965714286,17.2557145714286,25.4304134285714,18.5913801428571,25.8767482857143,17.3750641428571,23.8547727142857,18.6995161428571,21.6077902857143,18.5913801428571,23.2638832857143,18.6606445714286,26.1378415714286,28.7401554285714,15.9174007142857,18.6184017142857
"164","2023-8",25.5860208571429,20.5570325714286,18.5292625714286,16.4211772857143,13.6338380714286,16.5317119285714,20.5524294285714,27.3079352857143,16.7750545714286,19.1510072857143,20.3471778571429,28.4205862857143,15.9832380714286,26.8098991428571,27.8844702857143,18.2312198571429,17.5328335714286,15.6319665,15.1748535714286,13.2858247142857,18.4940148571429,26.3934902857143,18.73454,29.3472082857143,15.8442921428571,23.0769892285714,19.2041165714286,27.6179168571429,24.1619758571429,15.0686711428571,24.7371837142857,17.3799587142857,27.254727,16.0870181428571,17.4476074285714,26.7958107142857,17.8554814285714,27.6677814285714,23.5962891428571,17.5328335714286,22.4477582857143,20.3638018571429,17.1377144285714,24.9169682857143,18.9312181428571,24.9591552857143,14.7880640714286,26.8766754285714,28.4855165714286,19.6123264285714,14.3920325714286,29.6554351428571,26.64998,17.4139568571429,28.7089512857143,23.3109621428571,20.4365615714286,29.3952698571429,24.8843578571429,26.4199477142857,17.1377144285714,18.4940148571429,22.7610058571429,18.0977501428571,17.2321411428571,20.687545,18.7344982857143,16.7750545714286,25.3001948571429,18.0977501428571,25.7396818571429,17.0022622857143,23.3694687142857,18.2513667142857,21.6335674285714,18.0977501428571,23.0252397142857,18.032732,25.8204868571429,28.2573334285714,15.4399766428571,18.3437288571429
"165","2023-9",24.3453097142857,20.3161221428571,17.9220647142857,16.0686265714286,13.5200188571429,16.3761518571429,20.145398,25.6994664285714,16.208755,18.595234,20.671087,27.8620595714286,15.7614648571429,25.2821352857143,28.560437,18.8273881428571,17.0808481428571,15.3445120714286,15.4066950714286,13.1969807142857,18.0381124285714,26.496267,18.1745662857143,29.7661597142857,15.3963627142857,23.5035515428571,18.6193872857143,26.7457248571429,23.729613,14.5047492857143,23.443778,17.2668988571429,26.5208778571429,15.7134938571429,17.4123438571429,24.852679,18.2091324285714,26.7217181428571,23.7592454285714,17.0808481428571,22.1478097142857,19.9865421428571,16.6033077142857,23.9879972857143,18.3713441428571,23.1083885714286,14.4670864285714,26.9640844285714,28.5616242857143,19.2137947142857,14.261069,29.6891511428571,26.175807,16.7697767142857,29.1588701428571,23.1490947142857,20.8972212857143,29.8283265714286,24.0493607142857,25.441615,16.6033077142857,18.0381124285714,22.6469614285714,17.5517214285714,16.6940941428571,19.986297,18.2768127142857,16.208755,24.0539451428571,17.5517214285714,25.0209775714286,16.3301972142857,23.4302417142857,18.4083274285714,21.7909107142857,17.5517214285714,21.92764,18.1739245714286,25.9855858571429,27.95383,15.0066002857143,17.5131602857143
"166","2023-10",26.6314157142857,21.6458901428571,19.74005,17.8006081428571,15.1058448571429,17.9140867142857,21.3713957142857,26.6432582857143,18.0221334285714,20.4052552857143,22.7768705714286,29.0887252857143,17.5990638571429,26.7730822857143,28.8168674285714,20.0561827142857,18.9468315714286,17.1940347142857,16.6485038571429,15.08253,19.8116554285714,27.8242978571429,20.0382544285714,30.1268315714286,17.2496167142857,24.6449157714286,20.3585304285714,27.2748045714286,24.6743717142857,16.2101037142857,25.6410375714286,19.0425518571429,27.1029142857143,17.553853,18.6763858571429,25.7990112857143,19.5887947142857,27.057662,25.0043198571429,18.9468315714286,23.4987928571429,21.4110278571429,18.4965011428571,25.8180995714286,19.9306205714286,25.4862371428571,15.9565451428571,27.9694665714286,28.994546,20.5170601428571,16.3709608571429,29.1483934285714,26.6002742857143,18.580523,29.9451394285714,24.0952907142857,22.5801121428571,29.6003955714286,25.0364664285714,26.1502135714286,18.4965011428571,19.8116554285714,23.9716617142857,19.441163,18.5941152857143,21.8170565714286,19.9893568571429,18.0221334285714,25.9845404285714,19.441163,25.5483854285714,18.0724457142857,24.5499928571429,20.0407948571429,22.4576885714286,19.441163,23.0810704285714,19.8343038571429,26.962711,28.3671642857143,16.6332361428571,19.2861084285714
"167","2023-11",26.2388637142857,20.3617997142857,18.6893451428571,16.560896,14.1280897857143,16.5981972857143,20.4033797142857,26.243492,16.9652522857143,19.2052212857143,20.6375531428571,28.9109034285714,16.3793441428571,26.4562214285714,27.7115891428571,18.6441372857143,17.7104617142857,15.9083437142857,15.3576158571429,13.7543364285714,18.5949702857143,27.2363788571429,18.8908878571429,29.5553801428571,16.0585073571429,23.0910796571429,19.3619015714286,27.05192,23.977176,15.2489227142857,25.8607198571429,17.8981834285714,27.4756708571429,16.3550897142857,17.4211182857143,25.8449525714286,18.386826,26.8399437142857,24.3702831428571,17.7104617142857,23.0923604285714,20.2386204285714,17.3118762857143,25.6929235714286,19.1929847142857,25.5013045714286,15.0140894285714,27.197935,27.3684141428571,19.618092,15.0183784285714,28.6444571428571,26.2573574285714,17.6130705714286,29.654997,23.0745595714286,21.0937045714286,28.7258635714286,24.4093218571429,25.6927218571429,17.3118762857143,18.5949702857143,23.0865392857143,18.2186704285714,17.422457,21.3732805714286,18.7797538571429,16.9652522857143,25.9359438571429,18.2186704285714,24.8017247142857,17.3090932857143,23.8917667142857,18.1646934285714,21.2898567142857,18.2186704285714,22.8671838571429,18.5628205714286,26.1063157142857,28.6054055714286,15.5933455714286,18.6843411428571
"168","2023-12",25.7943735714286,20.4633155714286,18.5190604285714,16.3916701428571,13.6305642857143,16.4939932857143,20.5251991428571,27.2685084285714,16.8100607142857,19.0697045714286,20.060974,28.9032918571429,15.9390734285714,26.8600241428571,27.541034,18.294407,17.4737228571429,15.5935900714286,15.1950604285714,13.3099188571429,18.4266835714286,27.1508412857143,18.7390462857143,29.8584601428571,15.8372234285714,22.7881427428571,19.1959267142857,27.853857,23.8271068571429,15.1317152857143,25.3235408571429,17.2871414285714,27.7409858571429,16.07178,17.3602657142857,26.5179608571429,17.9484598571429,28.0479102857143,23.6501758571429,17.4737228571429,22.9030928571429,20.283614,17.1729474285714,25.4619335714286,18.9618871428571,24.8931341428571,14.7089998571429,27.3563684285714,27.6761594285714,19.6654757142857,14.3944881428571,29.23343,26.4521182857143,17.4115927142857,29.6942884285714,23.2853847142857,20.3681392857143,29.2247298571429,24.6016087142857,26.187841,17.1729474285714,18.4266835714286,23.206165,18.0390652857143,17.2695278571429,20.9144018571429,18.6620792857143,16.8100607142857,25.3703535714286,18.0390652857143,25.4090488571429,17.0156260714286,23.3388017142857,17.804459,21.4355865714286,18.0390652857143,23.2792312857143,17.9922471428571,26.2977312857143,28.955456,15.3612472142857,18.280374
"169","2023-13",25.9620545714286,20.9205502857143,19.2704811428571,17.0479244285714,14.5012181428571,17.0450958571429,21.0005694285714,27.395237,17.6397488571429,19.7701015714286,20.8986334285714,28.8139785714286,16.6954254285714,27.0552035714286,27.8443538571429,18.6425307142857,18.269979,16.3108461428571,15.6998263571429,13.9941651428571,19.1202748571429,27.2931774285714,19.4721572857143,30.0851517142857,16.7370175714286,23.3456658,19.879065,28.1069324285714,24.8376337142857,16.0431222857143,24.8299755714286,18.0802004285714,27.3291637142857,16.9064257142857,17.885147,26.5954858571429,19.1026374285714,28.2641498571429,24.438681,18.269979,23.0746538571429,20.7861907142857,18.0562517142857,25.0519792857143,19.5454104285714,24.7793317142857,15.6652305714286,27.6154991428571,28.2107188571429,20.1395968571429,15.1112804285714,29.6347962857143,27.0864102857143,18.2364988571429,29.6199655714286,23.6510067142857,21.1320921428571,29.5183197142857,25.5153902857143,26.8598535714286,18.0562517142857,19.1202748571429,23.5438478571429,18.8431325714286,18.1032101428571,21.3532128571429,19.308184,17.6397488571429,25.2176075714286,18.8431325714286,26.3133218571429,17.7771481428571,24.1745312857143,19.60145,21.8409312857143,18.8431325714286,23.4812232857143,18.7928465714286,26.5415944285714,28.7861438571429,16.3161364285714,19.009902
"170","2023-14",25.9315301428571,22.0768571428571,19.9325435714286,18.1686105714286,15.4611107142857,18.3684501428571,22.2549424285714,27.1862487142857,18.2294108571429,20.6444111428571,21.604551,28.4750157142857,18.012307,26.8926511428571,27.864922,18.6162928571429,19.1925881428571,17.6132488571429,16.8972065714286,15.5391177857143,20.0900881428571,28.4195642857143,20.1816491428571,30.608084,17.4841255714286,23.7783906,20.5990301428571,27.966731,24.9381825714286,16.5381445714286,25.4870997142857,19.2866544285714,27.048683,17.8450462857143,19.0804337142857,26.1204244285714,19.296915,28.0681235714286,24.5655072857143,19.1925881428571,23.804439,21.884383,18.606721,25.6673895714286,20.2802454285714,25.0796265714286,16.3367127857143,28.574708,28.3880627142857,21.2707718571429,16.6698262857143,30.0418471428571,26.9127511428571,18.8057777142857,29.9569531428571,24.6889754285714,22.4181244285714,29.7185245714286,25.7176938571429,26.8413957142857,18.606721,20.0900881428571,24.7128881428571,19.6222445714286,18.7091471428571,21.7200297142857,20.3023172857143,18.2294108571429,25.2784965714286,19.6222445714286,26.4605395714286,18.3355958571429,24.3767674285714,19.7001465714286,22.6959522857143,19.6222445714286,23.3497804285714,19.7604325714286,27.4537435714286,28.5825494285714,16.9752538571429,19.5025237142857
"171","2023-15",25.2153065714286,21.4863568571429,18.6793618571429,17.219347,14.463607,17.6563682857143,21.2017438571429,26.2185587142857,17.0249528571429,19.4967665714286,21.1041725714286,28.2531178571429,17.019763,25.9590442857143,28.5193804285714,18.7854634285714,18.1763797142857,16.687541,16.1285479285714,14.5801886428571,19.0560721428571,27.5911434285714,18.9701025714286,30.3083315714286,16.4315135714286,23.728872,19.360006,26.8791847142857,23.8652628571429,15.3303712857143,24.8998085714286,18.1742797142857,26.6455502857143,16.8332597142857,18.4260292857143,25.1681745714286,18.4696148571429,26.8777154285714,24.3809637142857,18.1763797142857,23.0217841428571,21.0034427142857,17.4891432857143,25.3199807142857,19.1062832857143,24.3998827142857,15.3088428571429,27.870272,28.6748394285714,20.1598151428571,15.4901737142857,30.121781,26.2147037142857,17.528815,29.9499347142857,24.2190172857143,21.5605041428571,29.6145624285714,24.3662937142857,25.5901641428571,17.4891432857143,19.0560721428571,23.6811805714286,18.5211492857143,17.5577852857143,20.5580545714286,19.2650964285714,17.0249528571429,24.9419695714286,18.5211492857143,25.169065,17.0740981428571,23.6280468571429,18.2495095714286,22.188257,18.5211492857143,22.3677072857143,18.6597382857143,26.9036865714286,28.1964057142857,15.9109027142857,18.2252025714286
"172","2023-16",24.8494157142857,21.3899894285714,17.9526414285714,16.9235191428571,14.2132638571429,17.6257292857143,20.8916507142857,24.4591478571429,16.2651741428571,18.9875002857143,21.4320325714286,28.0004614285714,16.8694788571429,24.6930364285714,28.112544,19.0276954285714,17.7427874285714,16.4890984285714,16.4474871428571,14.6366385714286,18.6497937142857,27.6378772857143,18.3436622857143,29.9577621428571,15.8861718571429,23.7980319142857,18.685799,25.146491,23.3150161428571,14.4356567142857,25.7458174285714,18.1780051428571,25.9931,16.4147562857143,18.4557935714286,23.740366,18.3831224285714,24.9847311428571,23.8839464285714,17.7427874285714,22.7325437142857,20.712595,16.8042494285714,26.0241918571429,18.457041,24.7390247142857,14.7878483571429,27.6719441428571,28.3798644285714,19.7796677142857,15.6558554285714,29.5381442857143,25.8427205714286,16.6835598571429,29.9617041428571,24.0004714285714,22.0380231428571,29.5264287142857,23.0159477142857,24.0413028571429,16.8042494285714,18.6497937142857,23.4731378571429,17.9791465714286,16.8940708571429,19.7414542857143,18.8674588571429,16.2651741428571,25.4904651428571,17.9791465714286,23.9710634285714,16.2151781428571,23.3219047142857,18.483926,22.3457992857143,17.9791465714286,21.0369501428571,18.7628585714286,26.6941444285714,27.1035002857143,15.3133594285714,17.2837084285714
"173","2023-17",25.7278265714286,21.2339248571429,18.0202618571429,16.9904867857143,14.6036604285714,17.59613,21.0969518571429,24.5161461428571,16.3024105714286,19.1353107142857,22.1500402857143,29.0749592857143,17.1103816428571,24.8800544285714,29.082852,20.0998498571429,17.8817351428571,16.6202560714286,16.6644767142857,14.8650145714286,18.7558537142857,27.9759287142857,18.4817705714286,29.9739515714286,16.0442914285714,24.4908593428571,18.7859222857143,24.5151322857143,23.4330548571429,14.3618955714286,26.7169368571429,18.6669027142857,26.3791405714286,16.5883915714286,18.499091,24.3545781428571,19.0561208571429,23.9922245714286,24.5593398571429,17.8817351428571,23.2463765714286,20.7002857142857,16.8929241428571,26.5708675714286,18.6013704285714,26.0483214285714,15.0325425,27.7887318571429,28.6389007142857,20.0193132857143,16.0419475714286,29.7165035714286,25.6252371428571,16.6681725714286,30.3555325714286,23.8983415714286,22.4826538571429,29.7000285714286,22.3071985714286,23.2683021428571,16.8929241428571,18.7558537142857,23.7121655714286,18.1221137142857,17.0019501428571,20.0043685714286,18.9538961428571,16.3024105714286,26.6497737142857,18.1221137142857,22.9737978571429,16.2246821428571,24.028308,19.0985301428571,22.4548314285714,18.1221137142857,20.8160734285714,19.51686,26.6382071428571,27.2749214285714,15.4770288571429,17.311464
"174","2023-18",26.8200848571429,22.5693242857143,20.5463037142857,18.7963665714286,16.6265747142857,18.871069,22.8075581428571,27.3504672857143,18.9000562857143,21.326134,23.0845048571429,29.0359288571429,18.9114272857143,27.2681245714286,29.2116794285714,20.861871,19.9312925714286,18.2254511428571,17.53884,16.2386757142857,20.7802725714286,29.2684468571429,20.9407361428571,31.2446614285714,18.4801894285714,25.0241849428571,21.2146005714286,28.2706457142857,26.1496604285714,17.0845815714286,26.9826964285714,20.3971982857143,28.4226347142857,18.8093758571429,19.6702264285714,26.8678138571429,20.8932251428571,28.289972,26.6598075714286,19.9312925714286,24.8327232857143,22.4527794285714,19.452994,27.2189085714286,20.8782322857143,26.2637962857143,17.4169227142857,29.3810348571429,29.2762282857143,21.9583052857143,17.4194947142857,31.2320372857143,27.8030728571429,19.293326,30.9365465714286,25.0920432857143,22.6866411428571,30.7617815714286,26.0059104285714,27.4578191428571,19.452994,20.7802725714286,25.5622861428571,20.374126,19.5289767142857,22.4229591428571,20.9528371428571,18.9000562857143,26.510776,20.374126,26.8017692857143,18.749579,26.266941,20.5260514285714,23.4168002857143,20.374126,23.8075525714286,20.7366988571429,28.1667311428571,29.4921114285714,17.967859,19.8467914285714
"175","2023-19",25.3198178571429,21.8483471428571,19.6037914285714,17.8822714285714,15.5253993571429,18.0114504285714,21.9391221428571,25.7998331428571,17.9376382857143,20.3654614285714,21.8788684285714,28.4102304285714,17.8035852857143,25.8159221428571,28.0702657142857,19.901764,18.9439268571429,17.2212877142857,16.5858342857143,15.1079950714286,19.8442181428571,28.5337032857143,19.9677898571429,30.7320265714286,17.4784132857143,24.0107022571429,20.2864744285714,26.8705041428571,25.0499045714286,16.1052658571429,25.8033387142857,19.121332,27.6438147142857,17.7932958571429,18.7868168571429,25.3224087142857,19.5920854285714,26.6943915714286,25.4809525714286,18.9439268571429,23.927336,21.6419607142857,18.464362,26.1887044285714,20.0009805714286,24.9331694285714,16.3848622857143,28.6925295714286,28.4498461428571,21.0665092857143,16.0892448571429,30.8050651428571,26.9529375714286,18.373363,30.407474,24.4688024285714,21.752767,30.1708357142857,25.038525,26.2723452857143,18.464362,19.8442181428571,24.736836,19.4005448571429,18.5493905714286,21.4957631428571,20.037882,17.9376382857143,25.8729548571429,19.4005448571429,25.7372325714286,17.8710392857143,25.2436521428571,19.0533402857143,22.5639755714286,19.4005448571429,22.5438555714286,19.4770112857143,27.5414337142857,28.6639902857143,16.95194,18.9838821428571
"176","2023-20",26.455986,22.6332238571429,20.0904861428571,18.7372647142857,16.4857457142857,19.0121277142857,22.5329017142857,26.471297,18.4407365714286,21.0194092857143,23.6793048571429,29.2897445714286,18.9734554285714,26.628702,28.9739697142857,21.2050001428571,19.7665762857143,18.3057324285714,17.6614105714286,16.4600115714286,20.6068467142857,28.9227661428571,20.5361972857143,30.7109171428571,18.1894182857143,25.2168665714286,20.773761,27.45429,25.5151122857143,16.5507898571429,27.1429161428571,20.3902351428571,28.3315445714286,18.6489068571429,19.7544735714286,26.2743988571429,20.7700824285714,27.3847018571429,26.3363768571429,19.7665762857143,24.5369854285714,22.3591955714286,19.0451978571429,27.2321267142857,20.4318521428571,26.503826,17.0739725714286,29.011558,29.1156741428571,21.629279,17.5963802857143,30.5875775714286,27.1110427142857,18.7848821428571,30.6152175714286,24.9110011428571,23.110384,30.3632691428571,25.2614037142857,26.6654125714286,19.0451978571429,20.6068467142857,25.2780852857143,20.0728878571429,19.1255851428571,22.0152485714286,20.7756034285714,18.4407365714286,27.003065,20.0728878571429,25.9179327142857,18.2335245714286,25.9098732857143,20.6830297142857,23.3646885714286,20.0728878571429,23.1005101428571,20.7103375714286,27.8032555714286,29.2629641428571,17.5988944285714,19.3511611428571
"177","2023-21",27.3102031428571,21.9927804285714,19.9148458571429,18.3753398571429,16.3866680714286,18.5030725714286,22.2274635714286,25.80067,18.233177,20.7798497142857,23.2467144285714,29.1105261428571,18.8028761428571,26.4065794285714,28.5139634285714,20.4104171428571,19.488886,17.9981525714286,17.3790257142857,16.3055591428571,20.2975352857143,28.560616,20.3325091428571,30.2423242857143,17.9411274285714,24.7378448285714,20.5977341428571,26.7324627142857,25.3479451428571,16.3510708571429,27.1007415714286,20.481692,27.7680605714286,18.402579,19.2548255714286,25.8368635714286,20.9405898571429,26.2347521428571,26.7387547142857,19.488886,24.4217278571429,21.9232801428571,18.7935862857143,26.8240862857143,20.249915,26.9342357142857,16.8819228571429,28.5656748571429,28.3901401428571,21.3736575714286,17.7545062857143,29.6892794285714,26.7822195714286,18.6356711428571,29.9912178571429,24.2550205714286,23.127989,29.7181158571429,24.8669851428571,25.8566888571429,18.7935862857143,20.2975352857143,24.9390418571429,19.8104628571429,18.8857957142857,21.9871325714286,20.459792,18.233177,27.2589734285714,19.8104628571429,25.3380954285714,18.1187371428571,26.0298602857143,20.5579415714286,22.8166348571429,19.8104628571429,22.70703,20.9514375714286,27.2482775714286,28.9291404285714,17.3778475714286,19.2661525714286
"178","2023-22",26.8913775714286,21.815813,19.9644542857143,18.4461542857143,16.7578378571429,18.3985132857143,21.9548881428571,25.9244257142857,18.3799078571429,20.9834702857143,23.5686617142857,28.3735614285714,19.0460294285714,26.4100525714286,28.1193838571429,20.660942,19.8195721428571,18.1457702857143,17.2849551428571,16.3407944285714,20.4864387142857,27.9944654285714,20.5275302857143,29.6416691428571,18.3681784285714,24.7735740571429,20.5870705714286,26.463173,25.7257444285714,16.4433215714286,26.4516801428571,20.82801,27.5915908571429,18.760854,19.2023457142857,25.9693291428571,21.0055097142857,26.1957707142857,26.7113398571429,19.8195721428571,23.964946,21.824781,19.1788031428571,26.2561034285714,20.0634265714286,26.5526182857143,17.3172112857143,28.0882958571429,28.4959665714286,21.113449,17.8610081428571,29.712772,26.3159728571429,18.582964,29.3351384285714,23.8826081428571,23.0229161428571,29.628491,24.5052424285714,25.6846384285714,19.1788031428571,20.4864387142857,24.5219801428571,20.1493082857143,19.1956824285714,21.8052457142857,20.5723194285714,18.3799078571429,27.0021094285714,20.1493082857143,25.0175902857143,17.9030564285714,26.2648135714286,20.9042922857143,22.8188158571429,20.1493082857143,22.681646,21.2378415714286,26.7362537142857,28.449942,17.8074248571429,19.037179
"179","2023-23",26.4523827142857,20.899819,19.0426024285714,17.4760064285714,15.5456439285714,17.483545,21.1474231428571,25.121897,17.3209807142857,20.0922931428571,22.9051902857143,27.8145291428571,18.1348652857143,25.7803742857143,27.5778095714286,20.0666394285714,18.7806217142857,17.1844777142857,16.5590974285714,15.5378265714286,19.5403438571429,27.3539117142857,19.603975,29.2173691428571,17.1952438571429,24.1475554285714,19.702746,25.2910984285714,24.667125,15.2756410714286,25.863546,19.9559227142857,27.2547401428571,17.6717731428571,18.3788704285714,25.199947,20.1236031428571,25.1228521428571,25.8421097142857,18.7806217142857,23.2597051428571,20.9590844285714,18.0297712857143,25.7383265714286,19.125503,26.0462874285714,15.9665947857143,27.4581908571429,27.6612668571429,20.2742412857143,17.2409555714286,29.2873088571429,25.6776018571429,17.5772641428571,28.9160878571429,23.0481314285714,22.526871,29.251364,23.7863747142857,24.8839338571429,18.0297712857143,19.5403438571429,23.7568001428571,19.1252722857143,18.1167677142857,20.9762821428571,19.6653352857143,17.3209807142857,26.570916,19.1252722857143,24.4095567142857,16.8635924285714,25.168653,20.225635,22.13713,19.1252722857143,21.8876382857143,19.9763805714286,26.0416367142857,27.4473538571429,16.5248317142857,18.0334467142857
"180","2023-24",26.7124517142857,21.6543117142857,20.1924468571429,18.4281148571429,16.662623,18.2119312857143,22.0277758571429,25.965397,18.488126,21.1763734285714,23.6787052857143,27.9887465714286,19.023081,26.4424372857143,28.0699581428571,20.6681325714286,19.8160217142857,18.0536087142857,17.0828637142857,16.2645480714286,20.5635991428571,27.8824157142857,20.7337008571429,29.6536157142857,18.3375021428571,24.7399232285714,20.8205307142857,26.8772531428571,25.6674902857143,16.4892171428571,25.9949055714286,20.9289404285714,27.7886101428571,18.7200124285714,18.9993421428571,25.8416612857143,20.8781174285714,26.8656144285714,26.3271974285714,19.8160217142857,23.8118655714286,21.894951,19.208157,25.9341035714286,20.1608154285714,26.0282182857143,17.2050712857143,28.0884817142857,28.1716794285714,21.188254,18.0569705714286,29.7744474285714,26.785214,18.761837,29.2182537142857,23.7534055714286,23.1111407142857,29.4942098571429,25.3032518571429,26.533748,19.208157,20.5635991428571,24.5154481428571,20.2327751428571,19.2745274285714,21.8258967142857,20.6841335714286,18.488126,26.3747564285714,20.2327751428571,25.990744,17.9920717142857,25.9832208571429,20.9426655714286,22.5475188571429,20.2327751428571,22.7274018571429,20.9387764285714,26.6903652857143,27.9759155714286,17.7423491428571,19.0804497142857
"181","2023-25",26.3317991428571,21.6365397142857,20.0128921428571,18.2717474285714,16.3589562857143,18.1225122857143,21.9275211428571,25.8154237142857,18.2601482857143,20.9981721428571,23.0958815714286,27.6727611428571,18.7793591428571,26.2739575714286,27.7698528571429,20.2676545714286,19.5550018571429,17.8507167142857,16.8511175714286,16.0494134285714,20.3787675714286,27.6924844285714,20.5367524285714,29.5428517142857,18.0217188571429,24.3199082285714,20.6555875714286,26.6309995714286,25.7101462857143,16.2465922857143,25.6898351428571,20.6222807142857,27.398387,18.435899,18.8773887142857,25.515467,20.3595842857143,26.6161368571429,26.1702652857143,19.5550018571429,23.535488,21.8274261428571,18.9053162857143,25.6273302857143,19.9823488571429,25.7505182857143,16.8973322857143,27.9754638571429,27.762269,21.06673,17.7538034285714,29.5620658571429,26.5270847142857,18.56727,28.9012677142857,23.717923,22.7038831428571,29.3569658571429,24.9810281428571,26.171256,18.9053162857143,20.3787675714286,24.4114131428571,19.9794277142857,19.0094704285714,21.5678495714286,20.5358751428571,18.2601482857143,26.2633325714286,19.9794277142857,25.736067,17.7882444285714,25.9643428571429,20.4295851428571,22.4139408571429,19.9794277142857,22.553012,20.6249212857143,26.613055,27.7207967142857,17.4283601428571,18.854129
"182","2023-26",26.8041645714286,21.9268912857143,20.3078191428571,18.5961985714286,16.6869857142857,18.4384187142857,22.3353158571429,26.3587765714286,18.5766525714286,21.3276471428571,24.0526682857143,28.1337805714286,19.1368391428571,26.7482561428571,28.1746811428571,20.680567,19.9217398571429,18.1989808571429,17.2962258571429,16.4190287142857,20.7141584285714,28.1456904285714,20.8589231428571,29.8318084285714,18.397793,24.9535494857143,20.9618234285714,26.804277,25.9509648571429,16.5540645,26.1866471428571,21.0053832857143,27.7501502857143,18.8045875714286,19.2233425714286,26.1289947142857,20.8775522857143,26.5359905714286,26.5739405714286,19.9217398571429,24.0733028571429,22.1386944285714,19.2757281428571,25.9795961428571,20.3412302857143,26.3503031428571,17.2192045714286,28.3646665714286,28.5828197142857,21.4736211428571,18.156426,29.9737861428571,26.8626694285714,18.845556,29.0142824285714,24.0410397142857,23.2770112857143,29.7193614285714,25.15063,26.2786534285714,19.2757281428571,20.7141584285714,24.8524877142857,20.3392735714286,19.361099,22.0355534285714,20.8571227142857,18.5766525714286,26.7358757142857,20.3392735714286,26.0555451428571,18.0948502857143,26.2460875714286,21.2038472857143,22.823078,20.3392735714286,22.9676745714286,21.1688548571429,26.9632337142857,27.9911705714286,17.7729508571429,19.2166795714286
"183","2023-27",26.8453204285714,21.6407522857143,20.0678288571429,18.1905137142857,16.0841232857143,18.0415187142857,22.0401774285714,26.2961862857143,18.2801085714286,20.9658088571429,23.1273771428571,27.8500212857143,18.5720215714286,26.8385794285714,28.1427724285714,20.2891332857143,19.4579368571429,17.7028257142857,16.8296665714286,15.823473,20.3279491428571,27.9750255714286,20.5320375714286,29.7594478571429,17.9057932857143,24.5334477428571,20.745203,27.1949,25.5435427142857,16.2164948571429,26.3950061428571,20.2775274285714,28.858295,18.3051171428571,18.8424771428571,25.9653335714286,20.3780367142857,26.9905095714286,26.272741,19.4579368571429,24.0526768571429,21.8265398571429,18.8436177142857,26.2363187142857,20.261309,26.3475258571429,16.6634067142857,28.186797,28.374508,21.2127602857143,17.3755412857143,29.9952615714286,26.4757272857143,18.6536912857143,29.2376721428571,23.8941532857143,22.7334478571429,29.6321888571429,25.1230541428571,26.4890325714286,18.8436177142857,20.3279491428571,24.5598532857143,19.9325702857143,18.9812,22.1321097142857,20.4935462857143,18.2801085714286,26.5653822857143,19.9325702857143,25.7727945714286,18.0076065714286,25.8467934285714,20.3142007142857,22.5056997142857,19.9325702857143,23.3506908571429,20.451989,26.8036547142857,28.9419888571429,17.2496228571429,19.2515124285714
"184","2023-28",27.4915248571429,22.8993961428571,21.2953422857143,19.443913,17.2104298571429,19.2633244285714,23.4362437142857,27.8186914285714,19.4418354285714,22.2730944285714,24.2943865714286,28.5371928571429,19.721585,27.8879715714286,28.9038282857143,21.1456275714286,20.6358635714286,18.9003441428571,17.8450302857143,16.9675542857143,21.5800147142857,29.0555402857143,21.7993055714286,30.5328848571429,19.0536804285714,25.3779169714286,21.9887112857143,28.1636827142857,26.6496811428571,17.3455367857143,26.9705795714286,21.3963172857143,28.5622585714286,19.4580158571429,19.9722637142857,27.1626604285714,21.4843668571429,28.0563325714286,27.214655,20.6358635714286,24.9359417142857,23.1710492857143,19.9955505714286,26.8178322857143,21.3744985714286,27.0386234285714,17.808563,29.3034767142857,29.0820067142857,22.5708015714286,18.480475,30.584563,27.5307842857143,19.8040298571429,29.7482831428571,25.0157655714286,23.4637357142857,30.285142,26.1998538571429,27.5265622857143,19.9955505714286,21.5800147142857,25.9133388571429,21.1379654285714,20.1591008571429,22.978723,21.7922355714286,19.4418354285714,27.1395035714286,21.1379654285714,26.927604,19.0632268571429,26.7754024285714,21.7391861428571,23.520038,21.1379654285714,24.0261025714286,21.6154018571429,27.8748224285714,28.9460902857143,18.3925272857143,20.1922031428571
"185","2023-29",27.1963672857143,22.7725088571429,21.179463,19.2806161428571,16.8279568571429,19.1233871428571,23.3695088571429,27.5212145714286,19.2590711428571,22.1210975714286,23.791048,28.5937074285714,19.4458527142857,27.6653278571429,29.079263,21.0817574285714,20.3901435714286,18.7009075714286,17.5994484285714,16.7267897142857,21.4062734285714,28.9865411428571,21.6502347142857,30.7452712857143,18.7488185714286,25.2790926,21.8992352857143,27.8560291428571,26.1597151428571,17.1209534285714,27.0957958571429,21.0211915714286,29.299607,19.1745485714286,19.8434004285714,27.2671754285714,20.7887104285714,27.7424387142857,26.4064268571429,20.3901435714286,24.8672988571429,23.0780034285714,19.7293954285714,26.9765827142857,21.3243438571429,26.8886428571429,17.4286125714286,29.334255,29.0930361428571,22.5150498571429,18.1426598571429,31.2160852857143,27.1167532857143,19.6769034285714,29.8787521428571,25.0446348571429,23.3503584285714,30.3338171428571,25.9744935714286,27.2372104285714,19.7293954285714,21.4062734285714,25.8367815714286,20.9130404285714,19.9346801428571,22.9242058571429,21.6497088571429,19.2590711428571,27.0870287142857,20.9130404285714,26.590655,18.9655898571429,26.3214791428571,20.8585754285714,23.3526478571429,20.9130404285714,23.9249778571429,21.1926994285714,27.949391,29.4750837142857,18.0440278571429,20.107171
"186","2023-30",27.0164534285714,22.4443032857143,20.826172,19.0135182857143,16.7423898571429,18.8746475714286,22.9622328571429,27.3237617142857,18.9758744285714,21.7999074285714,24.1347551428571,28.3754032857143,19.3389074285714,27.458494,28.896462,21.103654,20.2390305714286,18.53397,17.528209,16.6184761428571,21.1374244285714,28.6290614285714,21.3270264285714,30.2193265714286,18.6526342857143,25.2462066,21.5274695714286,27.7672108571429,25.854464,16.8568684285714,26.748561,20.9152941428571,29.0615841428571,19.065957,19.6467162857143,26.9179098571429,20.9033375714286,27.7364054285714,26.4919352857143,20.2390305714286,24.5963242857143,22.6869582857143,19.5725172857143,26.5619361428571,20.9637831428571,26.661245,17.329119,28.8947568571429,28.9065202857143,22.1158965714286,18.0592471428571,30.527454,26.9294378571429,19.3347194285714,29.4943422857143,24.6040685714286,23.1896415714286,30.10117,25.6763125714286,27.115708,19.5725172857143,21.1374244285714,25.4409125714286,20.7034988571429,19.7140894285714,22.6495311428571,21.3297175714286,18.9758744285714,26.8453548571429,20.7034988571429,26.2921674285714,18.6266752857143,26.0305112857143,21.1660521428571,23.2496327142857,20.7034988571429,23.7423912857143,21.0255427142857,27.4755332857143,29.1354674285714,17.944453,19.7972352857143
"187","2023-31",27.1650208571429,22.495651,20.8685577142857,19.0123378571429,16.5904398571429,18.8417571428571,23.1165428571429,27.2948861428571,18.9418401428571,21.8338775714286,23.3020578571429,28.4207702857143,19.2017202857143,27.476494,28.2965752857143,20.4546775714286,20.150138,18.4455778571429,17.2616768571429,16.4738427142857,21.1272287142857,28.9152892857143,21.3421652857143,30.6365687142857,18.5134324285714,24.6661292857143,21.5936635714286,27.6970377142857,25.6711427142857,16.7986914285714,26.6860125714286,20.7752812857143,28.8437098571429,18.9324824285714,19.512321,26.8120671428571,20.4886448571429,27.6271431428571,26.258545,20.150138,24.8147012857143,22.7938105714286,19.4673898571429,26.63021,21.0237985714286,26.6193337142857,17.1550658571429,29.1486428571429,28.317571,22.2452954285714,17.935208,30.6343435714286,26.7870115714286,19.3663118571429,30.0061115714286,24.7305304285714,22.9597647142857,29.9769082857143,25.6163931428571,26.9813998571429,19.4673898571429,21.1272287142857,25.6688025714286,20.6476137142857,19.6447612857143,22.7609684285714,21.3671002857143,18.9418401428571,27.0657578571429,20.6476137142857,26.1435218571429,18.6724712857143,25.930001,20.504624,22.9855167142857,20.6476137142857,23.770229,20.9141044285714,27.6967587142857,29.0163535714286,17.7784192857143,19.8290484285714
"188","2023-32",27.0555414285714,22.0719591428571,20.3472512857143,18.5723474285714,16.2233232857143,18.4544311428571,22.6515252857143,26.7127695714286,18.4326241428571,21.3520387142857,23.1890151428571,28.2199798571429,18.8365077142857,27.1002948571429,28.4442615714286,20.7453752857143,19.7344777142857,18.0531868571429,17.1042564285714,16.1568682857143,20.673844,28.5561887142857,20.8445297142857,30.2057581428571,18.0961942857143,24.7093011428571,21.0806302857143,27.0545605714286,25.4498844285714,16.2678600714286,26.3567411428571,20.4431031428571,28.8320454285714,18.5297378571429,19.20303,26.2987654285714,20.4949727142857,26.7490682857143,26.1610238571429,19.7344777142857,24.512947,22.3141717142857,19.011914,26.3453457142857,20.5554951428571,26.4366105714286,16.7527194285714,28.7515464285714,28.309439,21.7757718571429,17.6525661428571,30.3648481428571,26.4788942857143,18.8286804285714,29.713179,24.336753,22.8584147142857,29.9359382857143,25.0007272857143,26.345143,19.011914,20.673844,25.243032,20.197432,19.1719754285714,22.4225212857143,20.8980212857143,18.4326241428571,26.799918,20.197432,25.6786461428571,18.1720922857143,25.685637,20.7102727142857,22.8117912857143,20.197432,23.3765577142857,20.5677351428571,27.3019795714286,28.7313385714286,17.3557212857143,19.3966172857143
"189","2023-33",26.5903482857143,21.7018044285714,19.9927237142857,18.14584,15.9590251428571,17.9840031428571,22.248011,26.4707072857143,18.1398665714286,20.9573157142857,23.0487101428571,27.8802925714286,18.372299,26.7324491428571,28.005666,20.2735938571429,19.3392442857143,17.5580194285714,16.550454,15.600279,20.2707195714286,28.2831665714286,20.4749704285714,30.0511521428571,17.7832007142857,24.2947371428571,20.7003017142857,26.8859308571429,25.3130818571429,16.0677954285714,26.2141661428571,20.093586,27.9188417142857,18.1550982857143,18.7086114285714,25.9534945714286,20.208417,26.7251125714286,26.0374852857143,19.3392442857143,24.1104108571429,21.9329792857143,18.7224471428571,26.185904,20.151877,26.0502287142857,16.5606894285714,28.4811804285714,27.8793117142857,21.3544627142857,17.1468085714286,30.1706172857143,26.1521565714286,18.5249695714286,29.6170332857143,24.073808,22.266404,29.5437871428571,24.7982684285714,26.1196964285714,18.7224471428571,20.2707195714286,24.8652245714286,19.8374617142857,18.8565027142857,21.9366897142857,20.4929588571429,18.1398665714286,26.5184592857143,19.8374617142857,25.4439321428571,17.8382001428571,25.6005744285714,20.3571795714286,22.318015,19.8374617142857,22.8934784285714,20.2905712857143,27.1037615714286,28.1796335714286,17.1316337142857,19.0028827142857
"190","2023-34",27.0402331428571,21.8080322857143,20.0519061428571,18.4056874285714,16.4790695714286,18.3194831428571,22.1476908571429,25.9219698571429,18.32815,21.1032485714286,23.8390624285714,27.7992171428571,18.9484,26.5613472857143,28.1298595714286,20.5931281428571,19.7402608571429,18.0477144285714,17.2165208571429,16.2532932857143,20.511031,28.060188,20.6083175714286,29.8422142857143,18.1868201428571,24.8090426,20.7048482857143,26.6431874285714,25.7186308571429,16.2860482142857,26.0647151428571,20.7370574285714,27.4169201428571,18.6050881428571,19.1352151428571,25.5837342857143,20.8367118571429,26.4027492857143,26.5762588571429,19.7402608571429,24.012566,21.9304777142857,19.0469577142857,25.9459818571429,20.0997301428571,26.2397048571429,16.9698299285714,28.2407094285714,28.4687424285714,21.2522718571429,17.8919597142857,29.7126908571429,26.422275,18.5934657142857,29.254485,23.9237032857143,23.0144204285714,29.7606348571429,24.8301251428571,26.0591892857143,19.0469577142857,20.511031,24.7074531428571,20.1356734285714,19.1265638571429,21.9049547142857,20.6429621428571,18.32815,26.5676067142857,20.1356734285714,25.4842661428571,17.8537212857143,26.0482031428571,20.938533,22.8037297142857,20.1356734285714,22.8937621428571,20.8861627142857,26.850896,28.2453867142857,17.5205918571429,19.000509
"191","2023-35",26.8626997142857,22.1334091428571,20.4772957142857,18.645871,16.3594802857143,18.50422,22.596582,26.3505591428571,18.5777821428571,21.4437277142857,23.2865355714286,28.249765,18.8983012857143,26.8295062857143,28.2234852857143,20.6266685714286,19.8361022857143,18.0995221428571,17.1800385714286,16.1775953571429,20.7658577142857,28.4662835714286,20.9651257142857,30.3935562857143,18.2373977142857,24.6956725714286,21.1909034285714,26.8238221428571,25.5727562857143,16.4210842857143,26.6144482857143,20.5248408571429,29.139432,18.6423777142857,19.277118,26.1839905714286,20.7064905714286,26.4880818571429,26.5111897142857,19.8361022857143,24.4399622857143,22.3640587142857,19.1664555714286,26.6160464285714,20.6481148571429,26.4127868571429,16.9154421428571,28.7553864285714,28.4656411428571,21.7424345714286,17.6734357142857,30.5059274285714,26.2157705714286,18.9858065714286,29.7955095714286,24.377971,22.8760322857143,30.0921415714286,24.995103,26.3405165714286,19.1664555714286,20.7658577142857,25.1414862857143,20.316556,19.3175368571429,22.4550702857143,20.9787444285714,18.5777821428571,26.9508611428571,20.316556,25.2865754285714,18.3341151428571,25.9662852857143,20.4880102857143,22.9608818571429,20.316556,23.3354162857143,20.6188451428571,27.3732285714286,28.9648724285714,17.514282,19.537647
"192","2023-36",26.7271565714286,21.7967291428571,20.0491791428571,18.3184072857143,16.2393251428571,18.2620354285714,22.3115372857143,25.9593052857143,18.1981702857143,21.0556154285714,23.5410285714286,27.803162,18.7661592857143,26.5278708571429,28.0361041428571,20.603004,19.5418552857143,17.8828094285714,17.1648451428571,16.1112925714286,20.4177395714286,28.248467,20.575985,29.8371694285714,17.9447385714286,24.6297457714286,20.7619932857143,26.5356298571429,25.3694232857143,16.0851997142857,25.93859,20.5639708571429,28.0689818571429,18.3880315714286,19.0962501428571,25.6632581428571,20.575563,26.303656,26.1221711428571,19.5418552857143,24.0848671428571,21.97009,18.8349737142857,25.8723127142857,20.2089047142857,26.0285265714286,16.6979951428571,28.392572,28.0986098571429,21.4510201428571,17.735364,29.8527,26.140784,18.550133,29.2768521428571,23.9085135714286,22.8699822857143,29.9044491428571,24.9581427142857,26.2156758571429,18.8349737142857,20.4177395714286,24.9230017142857,19.9671454285714,18.966521,21.938556,20.6027914285714,18.1981702857143,26.5405794285714,19.9671454285714,25.4107707142857,17.88054,25.7650445714286,20.8850261428571,22.8568645714286,19.9671454285714,22.8630922857143,20.7174424285714,26.9017044285714,28.0822398571429,17.2516241428571,19.0534432857143
"193","2023-37",26.5125421428571,21.6945721428571,20.0849348571429,18.3383265714286,16.3995242857143,18.1922751428571,22.2293708571429,25.771601,18.2878972857143,21.1054091428571,23.2958221428571,27.9520225714286,18.8388232857143,26.3701525714286,27.9209408571429,20.4356521428571,19.6678884285714,17.9282235714286,17.0258054285714,16.1030064285714,20.470618,28.168936,20.6402362857143,29.9612138571429,18.1346058571429,24.5037564571429,20.7768841428571,26.3650111428571,25.4552682857143,16.1949934285714,25.8542822857143,20.6505071428571,28.1667002857143,18.5358204285714,19.0110137142857,25.6806934285714,20.341878,26.0950028571429,26.1361447142857,19.6678884285714,23.9337115714286,21.9183731428571,19.0136457142857,25.7070271428571,20.2026317142857,25.9190977142857,16.9023598571429,28.3705934285714,28.087457,21.3771491428571,17.7791241428571,29.9400558571429,26.3573424285714,18.5848077142857,29.2898444285714,23.8659811428571,22.7789101428571,29.7325075714286,24.9384542857143,26.0707592857143,19.0136457142857,20.470618,24.8021428571429,20.0910322857143,19.1026017142857,21.8676224285714,20.6231538571429,18.2878972857143,26.5491632857143,20.0910322857143,25.4479191428571,17.8936557142857,25.8478514285714,20.3522334285714,22.684905,20.0910322857143,22.770732,20.6097534285714,26.9083975714286,28.0207311428571,17.4547311428571,19.0575522857143
"194","2023-38",26.4917658571429,21.7547878571429,19.9029442857143,18.3277657142857,16.3357385714286,18.2631545714286,22.0989088571429,25.6893402857143,18.111904,21.0186071428571,23.3801562857143,27.8498797142857,18.8544201428571,26.281205,28.0117521428571,20.6538381428571,19.6080865714286,17.9507231428571,17.0685604285714,16.1703322857143,20.4208522857143,27.9339798571429,20.5102,29.8874347142857,18.0294342857143,24.6014896571429,20.5918767142857,26.3760608571429,25.1700798571429,15.9759034285714,25.9083924285714,20.6589444285714,28.1356125714286,18.473042,19.0574691428571,25.5414445714286,20.6122058571429,26.1700437142857,26.2632332857143,19.6080865714286,23.7170941428571,21.8971608571429,18.8733065714286,25.8970362857143,19.9744617142857,25.9191175714286,16.7588570714286,28.2387341428571,27.8616235714286,21.214065,17.8323031428571,29.8820831428571,26.119582,18.3504145714286,29.3681595714286,23.8638867142857,23.1000781428571,29.726052,24.5608302857143,25.8134784285714,18.8733065714286,20.4208522857143,24.6377062857143,19.9958872857143,18.9672502857143,21.6068881428571,20.575188,18.111904,26.5937102857143,19.9958872857143,25.08728,17.6199615714286,25.730685,20.791273,22.689293,19.9958872857143,22.6355434285714,20.7591605714286,26.8230945714286,28.0923887142857,17.3112048571429,18.75036
"195","2023-39",26.4523561428571,21.4665108571429,20.0128617142857,18.1195608571429,16.1264487142857,17.9441444285714,21.9635078571429,25.2547482857143,18.1841172857143,20.9269222857143,22.8550841428571,27.8620581428571,18.5662118571429,26.032704,27.7091468571429,20.3108127142857,19.447209,17.6821484285714,16.7344891428571,15.7987468571429,20.2748931428571,27.9846577142857,20.5005974285714,29.9602514285714,17.9040951428571,24.2255064,20.6992458571429,26.4061692857143,25.0942655714286,16.0839897142857,25.7553754285714,20.3173282857143,28.0377665714286,18.3008922857143,18.7715527142857,25.2777867142857,20.3471584285714,26.0493072857143,26.1440225714286,19.447209,23.8444857142857,21.7058184285714,18.8205184285714,25.769672,20.166657,25.7720632857143,16.6621121428571,28.1830188571429,27.5951565714286,21.1467281428571,17.3919898571429,30.0701525714286,25.6709425714286,18.581602,29.3751682857143,23.6927772857143,22.6573317142857,29.664657,24.8125272857143,26.0566521428571,18.8205184285714,20.2748931428571,24.5266688571429,19.8964998571429,18.9345212857143,21.8784817142857,20.4290282857143,18.1841172857143,26.4822692857143,19.8964998571429,24.904589,17.9618827142857,25.6109348571429,20.3071358571429,22.449302,19.8964998571429,22.6772808571429,20.3933497142857,26.7435784285714,28.2572322857143,17.2246518571429,19.156716
"196","2023-40",26.2793584285714,21.450532,20.120835,18.1916425714286,16.5896222857143,17.9607722857143,21.8680174285714,25.2279558571429,18.4124205714286,21.0420898571429,23.6378544285714,27.4755128571429,18.8954692857143,25.9103755714286,27.9883031428571,20.6776048571429,19.6921305714286,17.8390007142857,17.0961397142857,16.0518587142857,20.4179658571429,27.7264348571429,20.651956,29.5888621428571,18.2336605714286,24.6591406,20.7545268571429,26.7990754285714,25.8048818571429,16.3807694285714,25.4326591428571,20.9378328571429,27.8429337142857,18.607002,18.8840115714286,25.1759554285714,20.7745734285714,26.3352541428571,26.6456902857143,19.6921305714286,23.5663647142857,21.6911701428571,19.142851,25.4548152857143,20.133369,25.6211742857143,17.1329038571429,27.98101,27.9511771428571,21.0694632857143,17.8788458571429,29.9450068571429,26.1082634285714,18.7292522857143,28.927174,23.5090722857143,23.0407634285714,29.9397627142857,25.2998971428571,26.5829281428571,19.142851,20.4179658571429,24.4304364285714,20.1192702857143,19.19545,21.7266134285714,20.5152488571429,18.4124205714286,26.0535515714286,20.1192702857143,25.3567268571429,18.0132608571429,26.3503065714286,20.952966,22.7814197142857,20.1192702857143,22.5772827142857,21.0139734285714,26.4774068571429,28.4429632857143,17.642282,19.1159311428571
"197","2023-41",26.9144218571429,21.583665,20.2329674285714,18.3108202857143,16.9129951428571,18.0878084285714,22.0008092857143,25.8294204285714,18.5586842857143,21.1433612857143,23.9445158571429,27.6843055714286,19.1016387142857,26.5625102857143,27.9123442857143,20.8686821428571,19.8185121428571,17.9542422857143,17.2849691428571,16.2526868571429,20.53434,27.9170231428571,20.7621435714286,29.7290738571429,18.3928277142857,24.8645617428571,20.8633765714286,27.0826217142857,26.202968,16.5572604285714,25.7325958571429,21.3724274285714,27.967525,18.7626011428571,19.0066144285714,25.5016287142857,21.1505387142857,26.6542157142857,27.0385962857143,19.8185121428571,23.9011284285714,21.8100397142857,19.288529,25.6255291428571,20.267867,26.055069,17.4041874285714,28.1572461428571,28.2148727142857,21.1984992857143,18.276497,30.0828861428571,26.2890254285714,18.8497022857143,28.9692891428571,23.7086722857143,23.3823937142857,30.0099187142857,25.4460254285714,26.7675295714286,19.288529,20.53434,24.5872814285714,20.241141,19.3312321428571,22.0014725714286,20.6236402857143,18.5586842857143,26.4490837142857,20.241141,25.5652494285714,18.1369568571429,26.6644578571429,21.249124,22.8824907142857,20.241141,23.082402,21.5403767142857,26.6954537142857,28.5169204285714,17.8642727142857,19.2719082857143
"198","2023-42",26.4845021428571,21.3419358571429,20.0034718571429,18.1970377142857,16.7197547142857,17.9376554285714,21.8129711428571,25.7418871428571,18.3070361428571,21.0430225714286,23.8273437142857,27.564406,19.0558894285714,26.237818,27.6931942857143,20.5632144285714,19.7616825714286,17.9407965714286,17.0810192857143,16.2068714285714,20.4246324285714,27.736737,20.629099,29.6164148571429,18.310178,24.6405587428571,20.6348038571429,26.2845472857143,26.1044917142857,16.247092,25.3567855714286,21.1566392857143,27.518574,18.7044121428571,18.8542835714286,25.4761467142857,20.9985565714286,26.1661805714286,26.927316,19.7616825714286,23.5864701428571,21.613378,19.1643964285714,25.5038624285714,19.918467,25.5603161428571,17.2080657142857,27.9411194285714,27.9324625714286,21.0211205714286,18.1204535714286,29.7222822857143,26.3310138571429,18.4762457142857,29.0274352857143,23.3868381428571,23.1865787142857,29.7557737142857,24.858888,25.9016252857143,19.1643964285714,20.4246324285714,24.382402,20.1485442857143,19.1923918571429,21.6564665714286,20.5006215714286,18.3070361428571,26.023341,20.1485442857143,25.7554065714286,17.6273141428571,26.4072402857143,21.3926011428571,22.6746635714286,20.1485442857143,22.3433707142857,21.2656528571429,26.4098032857143,27.3802767142857,17.7061011428571,18.7567408571429
"199","2023-43",26.6645931428571,21.4608284285714,19.9312402857143,18.221668,16.7692011428571,18.0032707142857,21.7126737142857,25.8431958571429,18.2622638571429,21.0287251428571,24.2590378571429,27.4262064285714,19.0634165714286,26.3797478571429,27.8484605714286,20.5697482857143,19.7358872857143,17.9355958571429,17.0928635714286,16.2251742857143,20.4259488571429,27.3887298571429,20.5817045714286,29.1720798571429,18.2846948571429,24.8458426857143,20.5415942857143,26.4910468571429,26.0158272857143,16.2277995714286,25.2805011428571,21.2420107142857,27.2390928571429,18.6817507142857,18.8632592857143,25.5404138571429,20.8783801428571,26.2660555714286,26.917328,19.7358872857143,23.3930802857143,21.665421,19.1251557142857,25.079063,19.7700664285714,25.712088,17.2272441428571,27.6773842857143,28.2536722857143,20.8852825714286,18.191096,29.34032,26.0158947142857,18.4234768571429,28.1959077142857,23.3904734285714,23.2982944285714,29.6431954285714,24.9109324285714,26.1507274285714,19.1251557142857,20.4259488571429,24.220028,20.1221762857143,19.1523541428571,21.4792614285714,20.5144415714286,18.2622638571429,26.0672572857143,20.1221762857143,25.4546195714286,17.555848,26.4988782857143,21.1894181428571,22.6364564285714,20.1221762857143,22.4371897142857,21.4299572857143,26.2620438571429,27.2946571428571,17.7008882857143,18.638644
"200","2023-44",25.8814838571429,20.8155328571429,19.5451161428571,17.6326951428571,16.0732992857143,17.3236628571429,21.2206515714286,25.2401281428571,17.8636372857143,20.4788812857143,22.9227537142857,26.8018784285714,18.2679672857143,25.707277,27.3075364285714,19.6176144285714,19.1418647142857,17.262907,16.2509984285714,15.3697897142857,19.843632,26.6250038571429,20.0500144285714,28.4296188571429,17.6823792857143,23.9662135142857,20.1673535714286,26.3802755714286,25.7817985714286,15.9533037142857,24.4970542857143,20.3835818571429,26.791584,18.0279232857143,18.1604012857143,24.9522472857143,20.4143132857143,26.160427,26.2373941428571,19.1418647142857,22.8366627142857,21.0900811428571,18.592301,24.3749511428571,19.550689,24.9388041428571,16.724226,26.8893094285714,27.6867205714286,20.4142804285714,17.2468448571429,28.8335972857143,26.1009064285714,18.1656448571429,27.552658,22.8038912857143,22.2964424285714,28.8665258571429,24.9433402857143,26.1336741428571,18.592301,19.843632,23.4338454285714,19.5683705714286,18.620668,21.2296468571429,19.9435224285714,17.8636372857143,25.2621672857143,19.5683705714286,25.595116,17.4445745714286,25.8067972857143,20.5460217142857,21.8962472857143,19.5683705714286,22.0338151428571,20.7864995714286,25.415455,27.254285,17.2140641428571,18.6594864285714
"201","2023-45",25.7871498571429,21.001929,19.2589912857143,17.5301348571429,15.7294232857143,17.4009457142857,21.2637677142857,25.7925814285714,17.5010715714286,20.2106911428571,22.5544747142857,27.0719485714286,18.0349162857143,25.9105944285714,27.6142975714286,19.9820344285714,18.8470512857143,17.1220898571429,16.0935785,15.2180215714286,19.6405745714286,26.8928192857143,19.7084198571429,28.9266738571429,17.2665145714286,23.9826675142857,19.9396972857143,26.4738271428571,25.184857,15.5492286428571,24.6936617142857,20.0731204285714,27.6067501428571,17.6894875714286,18.1847934285714,25.4226261428571,20.4908965714286,26.4375454285714,26.0467621428571,18.8470512857143,22.9956274285714,21.1373341428571,18.1422025714286,24.7057771428571,19.4622585714286,24.7782245714286,16.2957055714286,27.198266,27.581937,20.3800145714286,16.986716,29.3859252857143,26.336966,17.8863438571429,28.1714415714286,23.2021221428571,22.1805938571429,28.904274,24.7015477142857,26.1090785714286,18.1422025714286,19.6405745714286,23.4815838571429,19.2223827142857,18.2073085714286,21.1189624285714,19.7867028571429,17.5010715714286,25.1154801428571,19.2223827142857,25.3660175714286,17.2713571428571,25.3972137142857,20.863376,21.8408314285714,19.2223827142857,22.1277714285714,20.5199148571429,25.8040754285714,27.7548938571429,16.7792035714286,18.5349632857143
"202","2023-46",25.9293645714286,21.2008955714286,19.887364,17.996477,16.3681911428571,17.6831368571429,21.567251,25.3921295714286,18.188427,20.8122515714286,23.0700284285714,27.0507447142857,18.5590872857143,25.7298661428571,27.2244374285714,19.8051028571429,19.4614552857143,17.5999385714286,16.3823665714286,15.6509878571429,20.1853042857143,26.9046077142857,20.360285,28.7734925714286,17.9745592857143,24.0799284285714,20.5123557142857,26.3749648571429,26.077582,16.2751944285714,24.7554654285714,20.6666657142857,27.3982124285714,18.3222334285714,18.4354552857143,25.1052924285714,20.7789078571429,26.2624768571429,26.5633111428571,19.4614552857143,23.0583004285714,21.4769505714286,18.8815711428571,24.7708158571429,19.9068128571429,24.943437,17.0388244285714,27.1822257142857,27.613406,20.7297804285714,17.5149518571429,29.188515,26.691177,18.5285575714286,28.0738661428571,23.241994,22.6866674285714,28.876403,25.1408624285714,26.232618,18.8815711428571,20.1853042857143,23.6599597142857,19.8890304285714,18.9196347142857,21.418748,20.2963108571429,18.188427,25.2987191428571,19.8890304285714,25.8614221428571,17.817357,26.1124812857143,20.9971197142857,21.9916811428571,19.8890304285714,22.024843,21.199313,25.7474961428571,27.6006594285714,17.5284894285714,19.0032927142857
"203","2023-47",25.4796342857143,20.6128534285714,19.1156931428571,17.3054534285714,15.595401,17.0434514285714,20.9253285714286,25.1011397142857,17.4175792857143,20.093633,22.1520815714286,26.7617074285714,17.8084118571429,25.3876547142857,27.0031498571429,19.3326847142857,18.7483227142857,16.8846455714286,15.7150542857143,14.9062137142857,19.4820922857143,26.4712057142857,19.6175495714286,28.4265877142857,17.2618685714286,23.4460088,19.7537067142857,25.8602058571429,25.0712894285714,15.4673024285714,24.3834325714286,19.7993677142857,27.0435115714286,17.601,17.817698,24.7912098571429,19.9440565714286,25.720039,25.6817214285714,18.7483227142857,22.5829292857143,20.8326922857143,18.1532192857143,24.4183131428571,19.1850207142857,24.5621202857143,16.2864462857143,26.7416281428571,26.9751958571429,20.0617738571429,16.6698984285714,28.7155701428571,25.984436,17.7301761428571,27.893844,22.7441447142857,21.766932,28.4202712857143,24.4436367142857,25.6100698571429,18.1532192857143,19.4820922857143,23.0802695714286,19.1765234285714,18.1868392857143,20.8101318571429,19.5984657142857,17.4175792857143,24.877926,19.1765234285714,25.2953667142857,17.0424922857143,25.120147,20.2925014285714,21.4455132857143,19.1765234285714,21.594651,20.0928597142857,25.3242941428571,27.0791948571429,16.7890291428571,18.280843
"204","2023-48",25.4868398571429,20.593579,18.8548452857143,17.1448141428571,15.2466172857143,17.0208885714286,20.6365244285714,26.671102,17.2479207142857,19.8160987142857,22.5093,27.3967101428571,17.7125401428571,26.4028105714286,27.7165458571429,19.546963,18.6152797142857,16.77646,15.9808952857143,14.89623,19.2933984285714,26.5046161428571,19.3700297142857,28.7860838571429,17.1184461428571,23.8789628571429,19.4752442857143,27.1059165714286,25.1300605714286,15.3783795714286,24.837968,19.5677344285714,27.6405427142857,17.4924877142857,17.9435204285714,25.9752764285714,19.5191151428571,27.2999778571429,25.6677728571429,18.6152797142857,22.5611937142857,20.6404568571429,18.036278,24.9213065714286,18.9443012857143,24.8390054285714,15.9439917142857,26.7693365714286,27.8431212857143,19.7807768571429,16.5988381428571,29.2698231428571,26.773551,17.5025295714286,28.4514018571429,22.7932687142857,21.7788841428571,29.0993925714286,24.8395568571429,26.3138707142857,18.036278,19.2933984285714,22.8530788571429,18.9820394285714,18.0284067142857,20.6091477142857,19.375843,17.2479207142857,25.097345,18.9820394285714,25.9341575714286,16.8192594285714,25.012269,20.0016622857143,21.8483398571429,18.9820394285714,22.4840484285714,19.8043251428571,25.3680958571429,28.1090988571429,16.5397062857143,18.067317
"205","2023-49",25.7870485714286,21.001217,19.4364468571429,17.4563597142857,15.5065920714286,17.2774102857143,21.1058962857143,27.5903444285714,17.7723288571429,20.1868737142857,22.0640332857143,28.204515,17.8865741428571,27.0408162857143,28.2082252857143,19.3963972857143,18.8860587142857,16.9436062857143,16.1179992857143,14.9569159285714,19.6355644285714,26.9275037142857,19.8384702857143,29.1447221428571,17.4808612857143,23.8301012285714,20.0827132857143,28.3413504285714,25.7842187142857,15.9410815714286,25.2477652857143,19.7244415714286,28.2682477142857,17.8057058571429,18.1796427142857,27.0843587142857,20.1545367142857,28.5404188571429,26.0512468571429,18.8860587142857,23.1736902857143,21.096056,18.4502895714286,25.3946244285714,19.6726784285714,25.2266215714286,16.3316121428571,27.2359994285714,27.8985042857143,20.3330227142857,16.5293611428571,29.8414571428571,27.7698572857143,18.181255,28.662997,23.3075038571429,21.583346,29.5810427142857,25.7977184285714,27.3639348571429,18.4502895714286,19.6355644285714,23.3381401428571,19.3165354285714,18.4606307142857,21.4196382857143,19.7476814285714,17.7723288571429,25.4976724285714,19.3165354285714,26.8534121428571,17.6235677142857,25.8185862857143,20.2587734285714,22.1226715714286,19.3165354285714,23.3240848571429,20.5286081428571,25.8673701428571,28.9722982857143,16.9292365714286,18.9486212857143
"206","2023-50",26.0923852857143,21.6041478571429,20.152292,18.1234321428571,16.0225628571429,17.866867,22.0585945714286,26.8623378571429,18.3308105714286,20.9374454285714,22.8046734285714,28.0576961428571,18.4517202857143,26.7065231428571,28.4790888571429,20.0218735714286,19.4292215714286,17.549305,16.3851328571429,15.5111085714286,20.305183,27.6726692857143,20.5569324285714,29.7957462857143,17.9567331428571,24.3189792,20.8482681428571,27.6391945714286,25.8479387142857,16.3534028571429,25.3183938571429,20.1780361428571,27.7467584285714,18.3177787142857,18.6172824285714,26.3244182857143,20.8229344285714,27.6054341428571,26.4748965714286,19.4292215714286,23.7524191428571,21.8907037142857,18.9125068571429,25.5467668571429,20.383773,25.2838875714286,16.7720318571429,28.0679457142857,28.0786381428571,21.2604708571429,17.0450884285714,30.07049,27.0552525714286,18.8063137142857,29.1593644285714,23.968671,22.210622,29.4798578571429,25.7197971428571,26.9839045714286,18.9125068571429,20.305183,24.2891972857143,19.906808,19.0081977142857,21.9743712857143,20.4805872857143,18.3308105714286,25.3480547142857,19.906808,26.3897044285714,18.2164751428571,26.041667,20.9434052857143,22.2623557142857,19.906808,22.9742405714286,20.5739492857143,26.6708925714286,28.401123,17.3616174285714,19.489623
"207","2023-51",25.0720631428571,20.5230132857143,18.4048372857143,16.5438192857143,14.2632677142857,16.6364614285714,20.5267165714286,25.4142811428571,16.6104971428571,19.2566954285714,21.6466542857143,26.9881074285714,16.8166557142857,25.342231,27.6744188571429,18.8918512857143,17.7286495714286,15.9981182857143,15.1349320714286,14.0201984285714,18.6438451428571,26.4586428571429,18.8523381428571,29.429509,16.2203357857143,23.4112012285714,19.0805057142857,25.6516667142857,24.4528007142857,14.6691664285714,23.8778098571429,18.3830942857143,26.3908007142857,16.6054277142857,17.4040264285714,25.0578867142857,19.0116765714286,25.5838985714286,24.7318291428571,17.7286495714286,22.1280134285714,20.4344551428571,17.1976511428571,24.1218825714286,18.4828765714286,24.1186591428571,15.0646096428571,27.030273,27.6788942857143,19.6207175714286,15.3531443571429,29.800097,25.6475518571429,17.0040374285714,28.2930095714286,23.1258287142857,21.1641874285714,28.8356587142857,23.9879702857143,25.1194524285714,17.1976511428571,18.6438451428571,22.8748471428571,18.1822667142857,17.2887735714286,19.9616771428571,18.8481905714286,16.6104971428571,24.2677094285714,18.1822667142857,25.0099391428571,16.2581037142857,24.4692497142857,19.2404315714286,21.1360764285714,18.1822667142857,21.3069574285714,18.7361697142857,25.8623518571429,26.6856017142857,15.6572725714286,17.3880691428571
"208","2023-52",25.5589861428571,20.4061298571429,18.8977324285714,16.7842408571429,14.8149204285714,16.6062267142857,20.5771005714286,25.7607484285714,17.1492077142857,19.5758447142857,21.7731784285714,27.3370328571429,17.1399428571429,25.8836997142857,27.5040347142857,19.119571,18.1592454285714,16.1984878571429,15.5524834285714,14.2228467142857,18.9744232857143,26.4174692857143,19.2416762857143,28.7077348571429,16.7539387142857,23.5356532285714,19.5667304285714,26.9490288571429,24.5812767142857,15.2869244285714,24.5944178571429,18.9847092857143,27.2430217142857,17.0699617142857,17.4887735714286,25.2326245714286,19.4392455714286,26.8503252857143,25.29954,18.1592454285714,22.7635492857143,20.5151818571429,17.7380051428571,24.6572637142857,19.1853817142857,24.718094,15.6115848571429,26.745021,27.8198814285714,19.8162155714286,15.8331237142857,29.1054547142857,26.4154555714286,17.6611722857143,28.0882148571429,22.7926444285714,21.4616005714286,28.9218977142857,25.1579971428571,26.4843628571429,17.7380051428571,18.9744232857143,22.838945,18.631941,17.7854165714286,21.085236,19.1216644285714,17.1492077142857,25.0491817142857,18.631941,25.8102898571429,17.1606395714286,24.7532948571429,19.5173785714286,21.4680355714286,18.631941,22.3146448571429,19.5645531428571,25.4401895714286,27.8056217142857,16.2046185714286,18.5485724285714
"209","2024-1",24.3237631428571,19.7711794285714,18.0885241428571,15.804804,13.8748366428571,15.6960402857143,19.7912151428571,25.7818538571429,16.303683,18.7344587142857,20.6350078571429,26.8258164285714,16.0620287142857,25.4167478571429,27.9948654285714,18.2330811428571,17.1819654285714,15.0516252857143,14.7821283571429,13.0593892857143,18.0706548571429,25.5021241428571,18.334564,28.3981927142857,15.937586,23.0328614,18.7606214285714,26.8632905714286,24.2245208571429,14.4984575,23.4481215714286,17.9337824285714,26.819178,16.1667637857143,16.6937714285714,25.0567311428571,19.1067084285714,26.895012,25.057128,17.1819654285714,21.4760245714286,19.7552394285714,16.8037945714286,23.6686517142857,18.416355,23.2544621428571,14.85663,25.9345087142857,27.9130281428571,18.8829814285714,14.5331091428571,29.2266722857143,26.7064422857143,16.9386935714286,27.6640858571429,22.47798,20.3883244285714,29.0302527142857,24.7554581428571,26.1865205714286,16.8037945714286,18.0706548571429,21.6644,17.7510084285714,16.8497898571429,19.9338725714286,18.2512857142857,16.303683,23.6891447142857,17.7510084285714,25.7080602857143,16.4897034285714,24.4498662857143,19.1795808571429,21.042276,17.7510084285714,21.8105787142857,18.8678197142857,24.7796635714286,27.6408384285714,15.4626187142857,17.9220825714286
"210","2024-2",24.853995,20.0400661428571,18.2954437142857,16.0843042857143,14.4952777142857,16.031892,19.8586215714286,25.3285175714286,16.5518972857143,18.923438,21.4573217142857,27.3038095714286,16.4876224285714,25.3703965714286,28.613208,19.0421577142857,17.484122,15.4001541428571,15.3966198571429,13.5096511428571,18.3240421428571,25.5859608571429,18.518077,28.5655382857143,16.2712821428571,23.7576548,18.958398,26.5235332857143,24.9817211428571,14.7994487857143,24.0583584285714,18.570484,26.8972905714286,16.519647,17.0713707142857,24.5793985714286,19.6082045714286,26.3933941428571,25.6938404285714,17.484122,21.6539208571429,19.9510494285714,17.0650608571429,24.3031947142857,18.6952755714286,24.0019504285714,15.3954177142857,26.0303747142857,28.3624582857143,18.9653434285714,15.0779564285714,29.4232245714286,27.2635961428571,17.2173552857143,28.2923945714286,22.6569051428571,21.3131282857143,29.4051392857143,24.9410521428571,26.0067451428571,17.0650608571429,18.3240421428571,21.6953302857143,17.9980245714286,17.0871881428571,20.3460714285714,18.4764891428571,16.5518972857143,24.410971,17.9980245714286,25.9912098571429,16.875036,25.2807272857143,19.877419,21.4938962857143,17.9980245714286,21.6808245714286,19.6626835714286,24.8887387142857,27.5045192857143,15.8918051428571,18.3924132857143
"211","2024-3",25.4498875714286,20.6612591428571,19.0589775714286,16.8289634285714,15.0523191428571,16.6311634285714,20.5924348571429,27.1753932857143,17.3735385714286,19.7717452857143,21.4341751428571,28.1400345714286,17.1468424285714,26.7096792857143,28.785234,19.0120665714286,18.3047865714286,16.0910495714286,15.7772358571429,14.0735015,19.122917,25.990131,19.3721107142857,28.8318285714286,17.1194317142857,23.8656155142857,19.696482,27.9718444285714,25.7127405714286,15.6096658571429,24.2834552857143,19.1394314285714,27.8373494285714,17.3124155714286,17.6478357142857,26.5125014285714,19.8922078571429,28.123614,25.8315008571429,18.3047865714286,22.2316655714286,20.6777832857143,17.9796787142857,24.4782298571429,19.3109982857143,24.5094577142857,16.0696315714286,26.4803514285714,28.7971324285714,19.7139244285714,15.6241572857143,30.0061285714286,28.0045702857143,17.8864054285714,28.2008841428571,23.1705974285714,21.2994694285714,29.9291497142857,25.756158,27.221708,17.9796787142857,19.122917,22.3300058571429,18.8696007142857,17.9789362857143,20.8224147142857,19.2691002857143,17.3735385714286,24.8003614285714,18.8696007142857,26.9883417142857,17.380459,25.6841771428571,19.876632,22.0218268571429,18.8696007142857,22.8880934285714,20.2610474285714,25.2655224285714,28.7089338571429,16.670209,18.7900564285714
"212","2024-4",25.3292505714286,20.9614508571429,19.5305592857143,17.1238915714286,15.2874205714286,16.9030987142857,21.046141,26.7138294285714,17.7505178571429,20.1044955714286,22.0280672857143,27.9228027142857,17.3693655714286,26.3645308571429,28.9781942857143,19.5828514285714,18.5122108571429,16.3454832857143,15.8561345714286,14.2819415714286,19.411931,26.1934924285714,19.7368031428571,29.2706647142857,17.2969147142857,24.2554300571429,20.1915505714286,27.8191841428571,25.9721371428571,16.0044001428571,23.861606,19.2675737142857,27.4947397142857,17.5090514285714,17.8285455714286,26.1314415714286,20.076467,27.9510118571429,26.0761051428571,18.5122108571429,22.4079861428571,21.0682828571429,18.1908565714286,24.1037878571429,19.8294181428571,24.1625992857143,16.3307224285714,26.8750855714286,28.9774425714286,20.1831368571429,15.7648562857143,30.2649188571429,27.9587568571429,18.4088394285714,28.2704708571429,23.5457565714286,21.7105947142857,29.8794774285714,26.1449097142857,27.409291,18.1908565714286,19.411931,22.7509005714286,19.1029782857143,18.2408875714286,21.1840992857143,19.5999945714286,17.7505178571429,24.4515832857143,19.1029782857143,27.154189,17.9353254285714,25.8419015714286,20.3924775714286,22.022985,19.1029782857143,22.6415994285714,20.1500835714286,25.6913304285714,28.4233162857143,16.9034718571429,19.2999492857143
"213","2024-5",25.4370157142857,20.658829,18.6956554285714,16.5908492857143,14.0673002857143,16.5541205714286,20.5958718571429,25.6061227142857,16.8726502857143,19.4137284285714,21.4546851428571,27.7686364285714,16.3536732857143,25.609154,28.8692392857143,19.113172,17.7531554285714,15.7685835714286,15.0747288571429,13.4585462857143,18.737284,26.2548702857143,18.9678318571429,29.4310291428571,16.2207955,23.7617459428571,19.383778,26.0436371428571,24.3687334285714,15.0172573571429,24.0496245714286,17.8862152857143,26.804208,16.4714225714286,17.3644578571429,25.443127,18.841653,25.9665235714286,24.6213782857143,17.7531554285714,22.3354378571429,20.5895292857143,17.3074878571429,24.3625434285714,19.0237181428571,24.1863905714286,15.1114904285714,26.8454082857143,28.4022881428571,19.6599781428571,14.6426847142857,30.0605005714286,26.0461707142857,17.4848747142857,28.7146072857143,23.4343632857143,20.9693451428571,29.2832741428571,24.4740161428571,25.4502337142857,17.3074878571429,18.737284,22.5821231428571,18.3375997142857,17.4141972857143,20.552866,18.9746867142857,16.8726502857143,24.4806187142857,18.3375997142857,25.2242511428571,17.0023738571429,24.2036195714286,19.1752917142857,21.3476911428571,18.3375997142857,21.7354795714286,18.9279145714286,25.8118177142857,27.2990832857143,15.7411201428571,18.3111457142857
"214","2024-6",24.5861505714286,20.266569,18.0471451428571,16.1947379285714,14.013846,16.3241012857143,19.790939,25.1821327142857,16.4405037857143,18.7373284285714,20.6229442857143,27.6908727142857,16.0504517142857,25.0876828571429,28.1327928571429,18.4165882857143,17.4122515714286,15.5237325714286,15.059521,13.2602121428571,18.2251687142857,25.7086254285714,18.3007978571429,29.2572554285714,15.8152781428571,23.3416740857143,18.666605,25.9585737142857,24.505889,14.7953873571429,23.2422668571429,17.8310862857143,26.3024231428571,16.0679678571429,17.2233474285714,24.6047768571429,18.6733101428571,25.9174582857143,24.6360112857143,17.4122515714286,21.7444605714286,19.9663052857143,16.9693531428571,23.7529235714286,18.347989,23.3098897142857,15.0104436428571,26.335792,28.4267702857143,18.8342847142857,14.599805,29.8289827142857,26.0548551428571,16.9717932857143,28.8387671428571,23.0010087142857,21.1092747142857,29.2541115714286,24.0074508571429,25.1510928571429,16.9693531428571,18.2251687142857,21.8789194285714,17.8649424285714,16.9754568571429,20.0033615714286,18.388931,16.4405037857143,24.0858345714286,17.8649424285714,24.6937685714286,16.5097802857143,24.2711491428571,18.5354917142857,21.2944501428571,17.8649424285714,21.5600098571429,18.8939658571429,25.4104781428571,27.2463195714286,15.522064,17.7844004285714
"215","2024-7",26.4198388571429,21.6314335714286,19.7282964285714,17.6437418571429,15.2269032142857,17.700579,21.5639642857143,27.3006701428571,18.001757,20.2916331428571,21.9960968571429,29.3772652857143,17.3549677142857,27.116071,29.3337904285714,19.890348,18.7815981428571,16.8959473571429,16.5553728571429,14.5932372857143,19.6978312857143,27.1598828571429,19.8873034285714,30.1325351428571,17.1192325714286,24.5972859714286,20.394992,28.2663915714286,25.432248,16.345038,25.2287445714286,18.9848075714286,27.7674025714286,17.3926684285714,18.6679604285714,26.6592814285714,19.7188992857143,28.2029617142857,25.3154608571429,18.7815981428571,23.5539515714286,21.5298077142857,18.3483235714286,25.6433817142857,20.1683032857143,25.4169092857143,16.2470785714286,27.7263674285714,29.5310308571429,20.6656222857143,15.7903705714286,31.3292064285714,27.5126482857143,18.6778648571429,29.8341647142857,24.2673212857143,22.2351637142857,30.7287631428571,25.8275847142857,27.080702,18.3483235714286,19.6978312857143,23.621476,19.28732,18.423484,21.873896,19.9146821428571,18.001757,26.0230101428571,19.28732,26.4889658571429,18.3019148571429,25.0561997142857,19.788817,22.882136,19.28732,23.5141965714286,20.0511087142857,26.5915828571429,29.0885455714286,16.7990577142857,19.6303204285714
"216","2024-8",25.3022052857143,21.262284,19.2345081428571,17.2658355714286,14.8353084285714,17.3479741428571,21.031491,25.7930148571429,17.5206458571429,19.9103822857143,22.4611512857143,27.9303447142857,17.1141489285714,25.77202,28.9842785714286,19.549968,18.4499308571429,16.6055478571429,15.9887055714286,14.4010275714286,19.3142494285714,26.6776058571429,19.4820607142857,30.0886371428571,16.7886971428571,24.471336,19.8669044285714,26.5900987142857,24.9276835714286,15.7824751428571,23.761181,18.8602384285714,26.4232468571429,17.0635598571429,18.1578394285714,25.1211035714286,19.6615081428571,26.467418,25.0060651428571,18.4499308571429,22.6121818571429,21.0718948571429,17.9915098571429,24.402143,19.4822815714286,23.9062324285714,15.7686605,27.411305,29.13259,20.0705281428571,15.8282878571429,30.3030908571429,26.6997751428571,18.112192,29.1913685714286,23.9854025714286,22.2286921428571,29.5476641428571,24.9753725714286,26.0148292857143,17.9915098571429,19.3142494285714,23.137738,18.9466857142857,18.0503988571429,21.0538347142857,19.5068285714286,17.5206458571429,24.466293,18.9466857142857,25.6294992857143,17.6230305714286,24.6483607142857,20.1994224285714,22.0500471428571,18.9466857142857,22.1848497142857,19.963367,26.4639951428571,27.4741062857143,16.37405,18.8945662857143
"217","2024-9",25.2354158571429,20.5241084285714,17.9075187142857,16.0899385714286,13.255366,16.4343726428571,20.0837417142857,27.3378241428571,16.2302638571429,18.5759305714286,20.2308864285714,28.9617708571429,15.6566544285714,26.6809268571429,28.3109162857143,18.6772028571429,17.1090205714286,15.3208463571429,15.1674295,13.0514945714286,18.0524511428571,26.3122584285714,18.1377888571429,29.5813674285714,15.4009808571429,23.2146652285714,18.5876081428571,28.0411268571429,23.7545457142857,14.5676855,24.6734407142857,17.0232801428571,27.3267382857143,15.6916774285714,17.3899774285714,26.5929614285714,17.5030421428571,28.3707128571429,23.4148072857143,17.1090205714286,22.3589714285714,20.0695768571429,16.6584427142857,25.0356415714286,18.3921665714286,24.6630742857143,14.3104046428571,26.8469955714286,28.5000201428571,19.120276,14.0704505714286,30.0504778571429,27.0989317142857,16.8040424285714,29.1715625714286,23.360912,20.3543004285714,29.7785992857143,24.5250722857143,26.3507527142857,16.6584427142857,18.0524511428571,22.4770221428571,17.5802771428571,16.7145981428571,20.2650381428571,18.288238,16.2302638571429,25.3911061428571,17.5802771428571,25.766726,16.4221825714286,23.1677525714286,17.4344512857143,21.6830107142857,17.5802771428571,23.0724005714286,17.8721678571429,25.9665188571429,28.9735828571429,14.9506040714286,17.7558625714286
"218","2024-10",25.2563548571429,21.1042505714286,18.4866957142857,16.7502517857143,14.0672244285714,17.1568718571429,20.9596735714286,24.3819695714286,16.6400651428571,19.1531237142857,21.545358,28.5890132857143,16.4678078571429,24.7792951428571,28.6598561428571,19.4899097142857,17.5854108571429,16.0371326428571,16.1035384285714,13.9976208571429,18.6332977142857,27.646056,18.7037551428571,30.7509044285714,15.7930841428571,24.1132058857143,19.258327,25.6276441428571,23.3615827142857,14.8136425714286,24.206761,17.944567,26.038805,16.2197884285714,18.0821844285714,23.6409682857143,18.7956391428571,25.1499177142857,24.3577522857143,17.5854108571429,23.2796847142857,20.7503857142857,16.9412371428571,25.3792065714286,19.1229885714286,23.8699194285714,14.7622535714286,27.9780361428571,28.7661787142857,20.0464948571429,15.090072,30.5333787142857,25.6730924285714,17.3096725714286,30.7194431428571,24.0006998571429,22.1047268571429,30.2230911428571,23.8680245714286,24.7442714285714,16.9412371428571,18.6332977142857,23.6272942857143,18.0051787142857,17.0988994285714,20.7944778571429,18.9128325714286,16.6400651428571,24.9927277142857,18.0051787142857,24.2001005714286,16.9727715714286,23.6705395714286,18.6072445714286,22.2171967142857,18.0051787142857,21.4017165714286,18.918494,26.9863558571429,27.4613054285714,15.295059,18.1535381428571
"219","2024-11",27.3319625714286,22.6888038571429,20.6365587142857,18.5293361428571,15.8579995714286,18.7047642857143,22.689679,28.4136644285714,18.8699297142857,21.1238452857143,22.9395738571429,30.4560785714286,18.1175832857143,28.1038408571429,30.5870528571429,21.1674492857143,19.4962822857143,17.7321675714286,17.314034,15.4870172857143,20.5090801428571,28.8572801428571,20.784193,31.6154495714286,17.82606,25.5296625714286,21.3365654285714,29.3567761428571,26.1256957142857,17.2150921428571,26.3745377142857,19.5524982857143,28.4697778571429,18.1172154285714,19.5269651428571,27.5941287142857,20.4739317142857,29.5167271428571,25.937814,19.4962822857143,24.8095951428571,22.491423,19.1272251428571,26.9440788571429,21.126673,26.3539152857143,16.85507,29.276648,30.1426462857143,21.8383295714286,16.5544665714286,31.7685927142857,28.1330078571429,19.5663547142857,31.3217768571429,25.4248984285714,22.8115905714286,31.2250292857143,26.778352,28.130618,19.1272251428571,20.5090801428571,25.2604581428571,20.0241737142857,19.2494834285714,22.9070817142857,20.7770732857143,18.8699297142857,26.8715858571429,20.0241737142857,27.4484971428571,19.1954385714286,25.6668995714286,20.8796795714286,23.5054135714286,20.0241737142857,24.5905527142857,20.4645074285714,28.2472672857143,30.0968067142857,17.4298331428571,20.431423
"220","2024-12",26.4876772857143,21.7281584285714,19.4160642857143,17.4681024285714,14.5257505,17.6934245714286,21.9184401428571,26.2510288571429,17.5152751428571,20.0081491428571,21.6180212857143,30.0204885714286,16.9176451428571,26.3469322857143,29.480301,20.1311372857143,18.26874,16.6148935714286,16.0959038571429,14.2950892857143,19.4009211428571,28.4776717142857,19.587323,31.2155862857143,16.4794072857143,24.3701734857143,20.2170244285714,27.454643,24.478454,15.7039935714286,25.8738092857143,18.108793,27.37278,16.8547117142857,18.4901697142857,25.5519458571429,19.0186434285714,27.2180874285714,24.900927,18.26874,24.2586951428571,21.5867044285714,17.7184421428571,26.4559195714286,20.1262128571429,25.6389682857143,15.4298357142857,28.7295194285714,28.9419234285714,21.0466267142857,15.1275812857143,30.9555854285714,26.590002,18.2424352857143,31.2804624285714,24.6283585714286,21.6794844285714,30.2636087142857,24.9143218571429,26.1035494285714,17.7184421428571,19.4009211428571,24.5555425714286,18.7742628571429,17.9087114285714,21.8114421428571,19.7254072857143,17.5152751428571,26.6779382857143,18.7742628571429,25.3228967142857,17.9431705714286,24.4232692857143,18.5111917142857,22.4012162857143,18.7742628571429,22.8240174285714,18.8806078571429,27.6440632857143,29.0567938571429,16.0004364285714,19.1415161428571
"221","2024-13",26.6072257142857,21.0576494285714,18.4782767142857,16.7549280714286,13.9715985714286,17.0987224285714,20.8782287142857,27.1821461428571,16.6653778571429,19.160539,21.0176347142857,30.3274251428571,16.4099075,27.0338587142857,28.7041284285714,19.5136112857143,17.6154657142857,16.0204208571429,15.9263372857143,13.8941892857143,18.6505327142857,27.5446354285714,18.7090284285714,30.2563002857143,15.816223,23.8157153714286,19.2646737142857,27.3962077142857,23.9358792857143,14.8629022857143,26.206428,17.7557490714286,28.0693614285714,16.2354742857143,18.0114927142857,26.7087047142857,18.3491507142857,27.2025215714286,24.6701887142857,17.6154657142857,23.6530192857143,20.7340692857143,16.983617,26.3552274285714,19.2498541428571,26.3006452857143,14.7458175714286,27.7206452857143,28.5373601428571,20.0290671428571,14.90299,30.2611275714286,26.8372888571429,17.2968268571429,30.4381571428571,23.8288798571429,21.3058422857143,30.033396,24.2770057142857,25.7086455714286,16.983617,18.6505327142857,23.494079,18.0329365714286,17.1286582142857,21.348227,18.9230382857143,16.6653778571429,27.0703634285714,18.0329365714286,24.9563277142857,17.0615274285714,24.0562502857143,17.482057,22.1539324285714,18.0329365714286,23.1908661428571,18.5719465714286,26.68638,29.4466448571429,15.3037268571429,18.4223354285714
"222","2024-14",25.7209884285714,21.4297844285714,18.8010648571429,17.2712419285714,14.8142132857143,17.6661864285714,21.4662411428571,25.420711,17.1128777142857,19.6149351428571,21.5720085714286,28.9342017142857,17.1711008571429,25.5870782857143,28.9784087142857,19.7479724285714,18.2463837142857,16.7121275714286,16.6769215714286,14.7610337142857,19.138748,28.1801508571429,19.0951952857143,30.4639022857143,16.5387641428571,24.2249838285714,19.5230274285714,26.1814635714286,24.3107881428571,15.3693646428571,25.4485892857143,18.6465304285714,26.7933902857143,16.9360885714286,18.5943672857143,24.716526,19.2050188571429,26.0297404285714,25.1573237142857,18.2463837142857,23.5455675714286,21.055137,17.5618352857143,26.0897881428571,19.3476067142857,24.9626498571429,15.5592905714286,28.12378,28.7612234285714,20.4558685714286,15.9085836428571,30.2124261428571,26.6941615714286,17.6315118571429,30.8146961428571,24.1692012857143,22.065306,30.1474805714286,24.1257312857143,25.124018,17.5618352857143,19.138748,24.0159334285714,18.6171174285714,17.6501727142857,20.7760664285714,19.349717,17.1128777142857,25.8245708571429,18.6171174285714,24.8548981428571,17.2312544285714,24.3416052857143,19.032243,22.6819641428571,18.6171174285714,21.9168422857143,19.3052745714286,26.9568147142857,28.0317677142857,16.0778395714286,18.366268
"223","2024-15",27.6668891428571,23.0787984285714,21.25782,19.1917785714286,16.5655365714286,19.2061911428571,23.6682868571429,28.3323504285714,19.459716,21.8534078571429,23.235978,30.3580111428571,18.8234254285714,28.2265438571429,30.4997198571429,21.7265991428571,20.1975374285714,18.4349945714286,17.5377142857143,16.1653672857143,21.1849775714286,29.634595,21.4385007142857,31.4083214285714,18.5578411428571,25.6101975142857,21.9866877142857,29.3219478571429,26.3015508571429,17.7242717142857,27.404324,20.1845777142857,28.4265415714286,18.8379048571429,19.8845614285714,27.5445557142857,20.6717068571429,29.3765264285714,26.0824604285714,20.1975374285714,25.465451,23.0858507142857,19.7382291428571,27.4555841428571,21.8327571428571,27.0497147142857,17.5323587142857,29.695211,29.6989602857143,22.7717812857143,17.2442601428571,31.4222825714286,28.3662055714286,20.1461887142857,31.3182984285714,25.748239,22.8897302857143,30.5990055714286,26.9052228571429,28.142473,19.7382291428571,21.1849775714286,26.0768742857143,20.7476314285714,19.8814725714286,23.4030672857143,21.4468225714286,19.459716,27.2826168571429,20.7476314285714,27.4835707142857,19.8199234285714,25.7775177142857,20.7285848571429,23.5131065714286,20.7476314285714,24.7166461428571,20.9147212857143,28.4045248571429,30.0681278571429,18.1194858571429,21.0887305714286
"224","2024-16",25.1532042857143,21.2882875714286,17.8542631428571,16.5882652857143,13.818719,17.2507831428571,20.9688458571429,25.897158,16.1495845714286,18.7592698571429,21.2936462857143,29.3293091428571,16.2108268571429,25.6705145714286,29.7605495714286,20.1629095714286,17.3337534285714,15.9048991428571,15.9812511428571,13.8315454285714,18.3497698571429,27.7787024285714,18.1624817142857,30.3181685714286,15.5517572857143,24.3198944,18.6233181428571,26.541209,23.5851477142857,14.401672,25.690294,17.4811911428571,27.2811731428571,15.9848728571429,18.1044518571429,25.3373662857143,18.082598,26.5968731428571,24.193094,17.3337534285714,23.0132702857143,20.6486444285714,16.5731888571429,25.9294591428571,18.5176285714286,25.0381131428571,14.610246,27.8744041428571,29.0115541428571,19.8647642857143,14.657928,30.3064122857143,26.1222151428571,16.6362438571429,30.435182,24.164901,21.3708124285714,29.8450711428571,23.5918574285714,25.0832252857143,16.5731888571429,18.3497698571429,23.573868,17.6807364285714,16.6768398571429,19.8308582857143,18.6291622857143,16.1495845714286,26.1063051428571,17.6807364285714,24.561045,16.2440497857143,23.660491,17.3612411428571,22.1861955714286,17.6807364285714,21.9893201428571,18.2096654285714,26.8815225714286,28.4281807142857,15.1063088571429,17.3404935714286
"225","2024-17",26.5854667142857,22.6590207142857,20.006778,18.5227727142857,15.8126901428571,18.8382458571429,22.7317904285714,27.1057767142857,18.2695697142857,20.8523254285714,23.1723222857143,29.9066435714286,18.229124,26.9904851428571,28.8538024285714,20.5904971428571,19.3751547142857,17.8891685714286,17.1344557142857,15.7353488571429,20.362136,29.0872932857143,20.3018547142857,30.809591,17.6089752857143,24.8186502857143,20.7452611428571,28.060492,25.2506438571429,16.5013654285714,27.2451658571429,19.5390818571429,27.9336498571429,18.0221432857143,19.4499182857143,26.5061171428571,20.317775,28.0677152857143,25.693231,19.3751547142857,24.5806924285714,22.3986905714286,18.6599002857143,27.2377432857143,20.542313,26.5067705714286,16.5962537857143,29.0448108571429,28.6894767142857,21.7155532857143,16.7208342142857,30.205271,27.4016967142857,18.7976025714286,30.838016,25.2165174285714,22.7871528571429,29.8220447142857,25.6092725714286,26.8520785714286,18.6599002857143,20.362136,25.2077621428571,19.7656062857143,18.7838118571429,21.9082524285714,20.6196744285714,18.2695697142857,26.8608237142857,19.7656062857143,26.4453181428571,18.3729268571429,25.1439271428571,20.4651578571429,22.9720775714286,19.7656062857143,23.3940255714286,20.307699,27.9164075714286,29.3433445714286,17.1291964285714,19.4826631428571
"226","2024-18",25.4957591428571,21.5797174285714,18.7490432857143,17.4222078571429,15.2594032142857,17.8838635714286,21.5598688571429,25.1066418571429,17.0631645714286,19.575054,22.9765622857143,28.8756588571429,17.6004072857143,25.278185,28.651419,20.6888147142857,18.3247191428571,16.9561881428571,16.817334,15.1733774285714,19.2212755714286,28.431201,19.0719162857143,30.4622432857143,16.6702917142857,24.6874224,19.4876535714286,25.7315361428571,24.4201545714286,15.2229666428571,26.5541617142857,19.220996,27.455382,17.1769801428571,18.7093391428571,25.2028374285714,20.3412574285714,25.3244992857143,25.7632085714286,18.3247191428571,23.6197998571429,21.170278,17.519426,26.6319421428571,19.3441464285714,25.8955148571429,15.7600025714286,28.4258431428571,28.4726268571429,20.5815422857143,16.3521035714286,30.0286852857143,26.0967167142857,17.5505242857143,30.454461,24.1972934285714,22.6476891428571,29.8501254285714,23.7398102857143,24.8321111428571,17.519426,19.2212755714286,24.4089557142857,18.5953495714286,17.6282897142857,20.6750774285714,19.4101977142857,17.0631645714286,26.6617077142857,18.5953495714286,24.3408982857143,17.1406177142857,25.0713835714286,20.3294725714286,22.514939,18.5953495714286,21.5241541428571,19.8831734285714,27.241065,28.2971174285714,16.1920072857143,18.1990435714286
"227","2024-19",26.7015825714286,22.4612417142857,20.4113491428571,18.7861232857143,16.7849208571429,18.9182852857143,22.6444775714286,26.080254,18.7012634285714,21.1732697142857,23.9412594285714,29.2858215714286,19.0860385714286,26.404426,29.2349294285714,21.5857478571429,19.8778061428571,18.34863,17.7607502857143,16.5067414285714,20.7060238571429,28.9363278571429,20.757687,30.7178332857143,18.3368635714286,25.4452770571429,21.1026601428571,26.8421485714286,25.5034181428571,16.7972378571429,26.9136268571429,20.6848921428571,28.1464868571429,18.7838438571429,19.6936667142857,26.0484684285714,21.1983844285714,26.5239022857143,26.7742321428571,19.8778061428571,24.7035574285714,22.3436291428571,19.1928972857143,26.9357638571429,20.8181442857143,26.5992851428571,17.3082034285714,28.9990665714286,29.0316134285714,21.8182985714286,17.7651568571429,30.6463982857143,26.8602961428571,19.1902764285714,30.5073091428571,24.7987687142857,23.4328351428571,30.3765204285714,25.3096154285714,26.3312382857143,19.1928972857143,20.7060238571429,25.3439625714286,20.21458,19.304335,22.4529968571429,20.8613731428571,18.7012634285714,27.196761,20.21458,25.5918601428571,18.7335524285714,26.110728,21.1373447142857,23.3190554285714,20.21458,22.884727,21.0768884285714,27.7395798571429,29.1668358571429,17.7918318571429,19.8968195714286
"228","2024-20",27.3595918571429,22.4714301428571,20.7855275714286,18.9583554285714,16.8919457142857,18.9260301428571,22.8522728571429,26.5603217142857,19.0681751428571,21.5476252857143,23.6700431428571,29.1837032857143,19.1963354285714,27.0326107142857,28.975562,21.1388501428571,20.1370897142857,18.4680897142857,17.6965984285714,16.5452905714286,20.9615321428571,28.9337822857143,21.1666145714286,30.5893288571429,18.6591041428571,25.1416714857143,21.4551151428571,27.5356788571429,25.7862124285714,17.183347,26.9073578571429,20.7415221428571,28.1797485714286,19.024809,19.672872,26.393476,21.0633208571429,27.3330405714286,26.6600962857143,20.1370897142857,24.8112832857143,22.510015,19.593482,26.9427467142857,21.0556248571429,26.8460975714286,17.549703,28.985564,28.6868837142857,22.0612628571429,17.8336681428571,30.533361,27.1877177142857,19.5252865714286,30.2869164285714,24.7551685714286,23.2370184285714,30.2550191428571,25.7866288571429,26.9433642857143,19.593482,20.9615321428571,25.4724595714286,20.5625228571429,19.6955802857143,22.7204962857143,21.1293002857143,19.0681751428571,27.2654555714286,20.5625228571429,26.1643911428571,18.9911352857143,26.2820915714286,21.0390581428571,23.2519727142857,20.5625228571429,23.5362668571429,21.142012,27.6746637142857,29.3252584285714,18.0951898571429,20.1318754285714
"229","2024-21",26.7668615714286,22.1734551428571,20.0665012857143,18.4415655714286,16.3984315714286,18.5601295714286,22.3472234285714,26.1556602857143,18.3636368571429,20.8719454285714,23.5166824285714,29.1939937142857,18.6529092857143,26.5012172857143,28.9621288571429,21.4269257142857,19.5432831428571,17.9457847142857,17.3072775714286,16.0169808571429,20.3795685714286,28.7619517142857,20.4492997142857,30.5012391428571,18.0409035714286,25.1092709714286,20.7586317142857,27.0386035714286,25.1687834285714,16.4337328571429,27.0318658571429,20.241055,28.2022404285714,18.4395471428571,19.3075872857143,26.2035105714286,21.015374,26.9261468571429,26.5599017142857,19.5432831428571,24.4559197142857,22.0396492857143,18.9119597142857,26.9645205714286,20.4829862857143,26.6942088571429,16.9873461428571,28.7919751428571,28.6352071428571,21.5099794285714,17.2240145714286,30.3184597142857,26.8688675714286,18.8237172857143,30.42367,24.5421088571429,23.0054107142857,30.0604241428571,24.9166802857143,26.1465514285714,18.9119597142857,20.3795685714286,25.0796597142857,19.9195492857143,19.0109904285714,22.1227462857143,20.5415285714286,18.3636368571429,27.1761618571429,19.9195492857143,25.2780184285714,18.3733281428571,25.9013918571429,20.6791882857143,22.91255,19.9195492857143,22.8864842857143,20.8258335714286,27.5080897142857,29.3349437142857,17.4868091428571,19.5486528571429
"230","2024-22",27.2112522857143,22.3781048571429,20.6827854285714,18.9816208571429,17.0403738571429,18.9184202857143,22.7186554285714,27.2556468571429,19.0115805714286,21.5848392857143,23.8097871428571,28.987703,19.3816575714286,27.4601532857143,28.706736,21.1365594285714,20.2421855714286,18.5767057142857,17.6945055714286,16.7062364285714,21.0128665714286,28.7270318571429,21.1679825714286,30.370727,18.7634835714286,25.1367727714286,21.3319071428571,28.0899745714286,26.2893678571429,17.0969187142857,26.7345864285714,21.0058015714286,28.1079564285714,19.1451427142857,19.6914848571429,26.6626678571429,21.3280025714286,28.0548068571429,27.1509397142857,20.2421855714286,24.6228237142857,22.4579828571429,19.6547387142857,26.6727165714286,20.825553,26.6728152857143,17.6678904285714,28.7992475714286,28.8038791428571,21.9068538571429,18.0969694285714,30.4000714285714,27.493358,19.3269041428571,29.98655,24.5492787142857,23.2269021428571,30.1283154285714,25.9822682857143,27.3907078571429,19.6547387142857,21.0128665714286,25.2916791428571,20.6396847142857,19.7310072857143,22.5337552857143,21.1512094285714,19.0115805714286,27.187751,20.6396847142857,26.8269977142857,18.681625,26.6379008571429,21.2510047142857,23.2588005714286,20.6396847142857,23.8590927142857,21.2556205714286,27.4470692857143,29.0805762857143,18.1970261428571,19.8204865714286
"231","2024-23",26.7977228571429,21.7480998571429,20.3077891428571,18.5975538571429,16.7469801428571,18.3618051428571,22.2469515714286,25.8004168571429,18.5857874285714,21.3660268571429,24.0185371428571,27.9277722857143,19.1723128571429,26.3520118571429,27.9633221428571,20.6954551428571,19.9751965714286,18.2420924285714,17.2584294285714,16.4228032142857,20.7371484285714,28.0385045714286,20.9019224285714,29.5568745714286,18.4588444285714,24.8299588,20.9435842857143,26.1591398571429,25.8657964285714,16.5068482857143,25.8681402857143,20.9740925714286,27.4327411428571,18.8660427142857,19.1727654285714,25.6376911428571,21.2292511428571,25.9239731428571,26.8059777142857,19.9751965714286,23.8933785714286,22.0422501428571,19.3120291428571,25.6750855714286,20.2333294285714,26.1482398571429,17.2894452857143,28.1563491428571,28.1559465714286,21.4008838571429,18.0678647142857,29.763498,26.1395987142857,18.8052432857143,28.8049571428571,23.7595745714286,23.316533,29.5735877142857,24.7902535714286,25.8719248571429,19.3120291428571,20.7371484285714,24.7326334285714,20.3931248571429,19.4066732857143,21.7783398571429,20.8606447142857,18.5857874285714,26.566783,20.3931248571429,25.4492758571429,17.9794518571429,26.3073102857143,21.6160948571429,22.746562,20.3931248571429,22.483223,21.3527847142857,26.6570707142857,27.8079728571429,17.8290397142857,19.0059902857143
"232","2024-24",27.3768027142857,21.7790565714286,20.2035801428571,18.5582884285714,16.9085072857143,18.3510424285714,22.2389661428571,26.3887558571429,18.5081805714286,21.3295107142857,24.0301154285714,27.9168962857143,19.2211762857143,26.9806338571429,28.1567332857143,20.8198132857143,19.9534948571429,18.197444,17.359205,16.4843252857143,20.699013,27.8968125714286,20.8436025714286,29.3142947142857,18.4898172857143,24.9249476571429,20.8428952857143,26.7057712857143,26.1969375714286,16.4361975714286,26.1534111428571,21.2497914285714,27.1549798571429,18.8748861428571,19.1615562857143,25.8624822857143,21.0848461428571,26.5774525714286,26.895506,19.9534948571429,24.0228784285714,22.0142238571429,19.3123881428571,25.7884174285714,20.1491787142857,26.6130731428571,17.3958244285714,28.0309955714286,28.401177,21.3862358571429,18.3478082857143,29.2324605714286,26.3964527142857,18.6694241428571,28.5663185714286,23.7290452857143,23.2168992857143,29.5940667142857,24.8289628571429,26.1609575714286,19.3123881428571,20.699013,24.7281025714286,20.3720908571429,19.378837,21.9659585714286,20.8240745714286,18.5081805714286,26.7366787142857,20.3720908571429,25.5603262857143,17.861506,26.6859982857143,21.2664645714286,22.8116984285714,20.3720908571429,23.0529448571429,21.4203435714286,26.5541218571429,27.8880951428571,17.8990138571429,18.9976315714286
"233","2024-25",27.0334955714286,21.7774361428571,20.4021385714286,18.6102321428571,16.7643528571429,18.372729,22.2560117142857,25.9047451428571,18.6715075714286,21.3954448571429,23.5069508571429,27.6437485714286,19.1933,26.5898637142857,27.7375538571429,20.5164505714286,20.0039717142857,18.2560254285714,17.2080641428571,16.4416945714286,20.7552854285714,27.8622837142857,20.9507497142857,29.4009411428571,18.5045588571429,24.5158759142857,21.035249,26.8250734285714,25.9909222857143,16.651071,25.9598211428571,20.9955791428571,27.189916,18.896398,19.1583948571429,25.5431694285714,20.9188088571429,26.7061541428571,26.8074035714286,20.0039717142857,23.924251,22.057212,19.3821861428571,25.6389785714286,20.3445225714286,26.2246758571429,17.3276361428571,28.0509121428571,27.8971252857143,21.4340097142857,18.1276577142857,29.4682661428571,26.6505158571429,18.9490362857143,28.6098901428571,23.7366135714286,22.921299,29.4205845714286,25.3266487142857,26.608976,19.3821861428571,20.7552854285714,24.7109471428571,20.4249231428571,19.4613965714286,22.0415091428571,20.8820474285714,18.6715075714286,26.5003571428571,20.4249231428571,25.9775408571429,18.1628988571429,26.2495034285714,20.8674657142857,22.7140327142857,20.4249231428571,22.9104492857143,21.043103,26.5784198571429,27.93231,17.8833555714286,19.2534728571429
"234","2024-26",26.7020738571429,21.3054514285714,19.879067,18.1355167142857,16.5253677142857,17.9023198571429,21.8011305714286,25.9617118571429,18.2185082857143,20.9015134285714,23.442703,27.3540895714286,18.8007378571429,26.5031991428571,27.6096987142857,20.191346,19.5851454285714,17.7942717142857,16.9281707142857,16.0295024285714,20.2867808571429,27.398832,20.4575977142857,28.9657732857143,18.1495141428571,24.3530634285714,20.5086845714286,26.8973944285714,25.644716,16.2402011428571,25.5979675714286,20.7786785714286,26.925681,18.513543,18.733536,25.3897812857143,20.7964588571429,26.9210768571429,26.4076631428571,19.5851454285714,23.5521111428571,21.5501081428571,18.9991654285714,25.3408891428571,19.8775624285714,25.930736,17.0792167142857,27.6083255714286,27.7649222857143,20.9803015714286,17.8216265714286,28.7923974285714,26.2902662857143,18.4318954285714,28.1926708571429,23.2815238571429,22.7566471428571,29.1889687142857,25.0185248571429,26.4254362857143,18.9991654285714,20.2867808571429,24.2924402857143,19.9950838571429,19.0405624285714,21.6920211428571,20.3897555714286,18.2185082857143,26.153226,19.9950838571429,25.7396195714286,17.6788961428571,25.9750634285714,20.9490297142857,22.4228437142857,19.9950838571429,22.7620187142857,20.9690792857143,26.1349621428571,27.6494944285714,17.5885102857143,18.8393442857143
"235","2024-27",26.8103027142857,21.5457421428571,19.8011814285714,18.1871154285714,16.5747838571429,18.1101084285714,21.666669,26.1788052857143,18.1438532857143,20.8319567142857,23.7249781428571,27.5644557142857,18.9647718571429,26.6900884285714,28.1018955714286,20.593579,19.611826,17.9147112857143,17.1794268571429,16.2633788571429,20.2939574285714,27.4858537142857,20.3598774285714,29.2066011428571,18.1226884285714,24.7385709714286,20.4273701428571,27.1920224285714,25.872796,16.15379,25.8326227142857,21.0131841428571,28.0996332857143,18.5482504285714,18.954865,25.8112165714286,21.0065222857143,27.0387132857143,26.7298932857143,19.611826,23.5346927142857,21.605177,18.92952,25.6470385714286,19.8177931428571,26.1043665714286,16.9988905714286,27.6829964285714,28.1562435714286,20.808528,18.1435295714286,29.2585027142857,26.502335,18.3716811428571,28.6369921428571,23.5466832857143,23.1161585714286,29.4752382857143,25.0562675714286,26.5079837142857,18.92952,20.2939574285714,24.1326038571429,19.9566752857143,18.9634952857143,21.6004005714286,20.3824822857143,18.1438532857143,26.2760931428571,19.9566752857143,25.8887947142857,17.6244701428571,26.2845011428571,21.2086211428571,22.6594434285714,19.9566752857143,23.0752852857143,21.2141435714286,26.2925745714286,28.5309812857143,17.510564,18.794814
"236","2024-28",27.0755974285714,22.0708208571429,20.4766991428571,18.6800332857143,16.4908618571429,18.5249712857143,22.4260647142857,27.0249987142857,18.6710871428571,21.4486835714286,23.7791127142857,28.328621,19.0729745714286,27.2351442857143,28.331015,20.7201042857143,19.935516,18.2307358571429,17.1959297142857,16.3535435714286,20.8039027142857,28.1199474285714,20.9802937142857,29.8474188571429,18.3554235714286,24.8853886285714,21.1428835714286,27.5427961428571,25.871201,16.6127774285714,26.384009,20.7461612857143,28.075435,18.7722724285714,19.263259,26.5414054285714,20.8124374285714,27.6100238571429,26.5466502857143,19.935516,24.1082114285714,22.2892895714286,19.2789737142857,26.3068547142857,20.5173727142857,26.476301,17.0662848571429,28.3779535714286,28.4697818571429,21.5760521428571,17.9112074285714,29.9094887142857,26.9387057142857,19.018884,29.3267194285714,24.1497237142857,23.1269292857143,29.6584182857143,25.6299852857143,26.9823254285714,19.2789737142857,20.8039027142857,24.8673327142857,20.3875858571429,19.4060291428571,22.218689,20.9777297142857,18.6710871428571,26.7291451428571,20.3875858571429,26.4183701428571,18.2820977142857,26.0911687142857,21.007611,22.7864255714286,20.3875858571429,23.3461855714286,20.9587851428571,26.9584994285714,28.6501427142857,17.6708678571429,19.4412485714286
"237","2024-29",27.3808577142857,22.5561485714286,21.0631528571429,19.2416161428571,16.9264884285714,19.0432332857143,23.0821734285714,27.2451997142857,19.1924771428571,22.0535128571429,24.2739071428571,28.287269,19.5969165714286,27.499453,28.687749,21.3249028571429,20.4563464285714,18.7856608571429,17.6317405714286,16.8844648571429,21.3741085714286,28.5920095714286,21.5794394285714,30.0216751428571,18.819341,25.3009855142857,21.7509018571429,27.6834772857143,25.9955178571429,17.0217727142857,26.4086398571429,21.1473757142857,28.5500805714286,19.2692352857143,19.753198,26.7497734285714,21.11548,27.4509728571429,26.7816262857143,20.4563464285714,24.6209608571429,22.8564461428571,19.7445145714286,26.2498597142857,21.1191408571429,26.5896054285714,17.4504072857143,28.8118147142857,28.7883097142857,22.248169,18.353126,30.0752527142857,26.8974285714286,19.5497134285714,29.2003865714286,24.5545131428571,23.4300588571429,29.881129,25.592506,26.9724391428571,19.7445145714286,21.3741085714286,25.5029,20.930188,19.9279091428571,22.7633222857143,21.5638917142857,19.1924771428571,26.772965,20.930188,26.1215251428571,18.8013117142857,26.2524874285714,21.3951628571429,23.2175751428571,20.930188,23.7627534285714,21.2083947142857,27.3201164285714,29.082021,18.0727348571429,19.9393201428571
"238","2024-30",26.8982851428571,22.1158584285714,20.6152914285714,18.8000495714286,16.7727628571429,18.6027378571429,22.5161497142857,26.6986727142857,18.8481258571429,21.5775935714286,23.7082692857143,27.836943,19.2774045714286,27.0329228571429,28.2048348571429,20.7739158571429,20.1161588571429,18.380394,17.250687,16.513043,20.9405501428571,28.1340901428571,21.125716,29.7637157142857,18.5684757142857,24.7813164285714,21.2690858571429,27.4589964285714,25.8751877142857,16.7957018571429,26.1053395714286,21.0096768571429,28.0001818571429,18.9770651428571,19.3477168571429,26.2228391428571,20.8920351428571,27.2276224285714,26.4042875714286,20.1161588571429,24.169552,22.3545885714286,19.4762795714286,25.9719328571429,20.657411,26.2022657142857,17.3175574285714,28.4030064285714,28.2523114285714,21.6756268571429,18.111697,29.7527215714286,26.706254,19.1704578571429,28.97796,24.1863277142857,22.9672507142857,29.6366085714286,25.558021,26.8638268571429,19.4762795714286,20.9405501428571,24.952072,20.5623381428571,19.5917897142857,22.3605897142857,21.0903781428571,18.8481258571429,26.3547182857143,20.5623381428571,26.158307,18.4356485714286,26.0883475714286,21.0668477142857,22.878157,20.5623381428571,23.3738921428571,21.076662,27.0066995714286,28.6268007142857,17.9024698571429,19.6000984285714
"239","2024-31",26.8591548571429,21.9267704285714,20.3325165714286,18.53387,16.3435292857143,18.3717208571429,22.4908694285714,26.4419914285714,18.4679397142857,21.3270405714286,23.5764925714286,27.7667742857143,18.898317,26.7948177142857,27.8848332857143,20.4712882857143,19.7527202857143,18.06443,17.0472595714286,16.1925602857143,20.6534688571429,28.2925752857143,20.8382568571429,29.7969715714286,18.148835,24.6067445142857,21.0295167142857,26.9685177142857,25.5239811428571,16.3523985714286,26.2172805714286,20.5790164285714,28.1882932857143,18.5769717142857,19.1044632857143,26.0655904285714,20.6087392857143,26.7387158571429,26.179862,19.7527202857143,24.2247042857143,22.1998697142857,19.0543071428571,26.0572395714286,20.4263665714286,26.1901425714286,16.8674252857143,28.4435471428571,28.1427845714286,21.6193635714286,17.7493024285714,29.8053507142857,26.1376114285714,18.8461384285714,29.1719054285714,24.0843391428571,22.9583238571429,29.5552297142857,25.0551157142857,26.3031924285714,19.0543071428571,20.6534688571429,25.0197121428571,20.2118001428571,19.204289,22.1704351428571,20.851498,18.4679397142857,26.4383354285714,20.2118001428571,25.5060438571429,18.1362312857143,25.812953,20.7848067142857,22.6416884285714,20.2118001428571,23.0384458571429,20.7220422857143,26.9838085714286,28.4218602857143,17.4496718571429,19.3001492857143
"240","2024-32",26.9760608571429,21.9267985714286,20.1888217142857,18.4368171428571,16.3000321428571,18.3545401428571,22.352903,26.2406848571429,18.3472584285714,21.1694275714286,23.2308795714286,27.8808377142857,18.8277045714286,26.7835198571429,27.9334855714286,20.2631205714286,19.6511902857143,17.9791218571429,17.1104798571429,16.1501614285714,20.5304871428571,28.1401692857143,20.6767734285714,29.7209354285714,18.0468041428571,24.4701913714286,20.887317,26.9641728571429,25.4417208571429,16.2692585714286,26.3596547142857,20.5700345714286,27.884159,18.4801158571429,19.1217811428571,25.8992987142857,20.388005,26.8129264285714,26.1153288571429,19.6511902857143,24.1764172857143,22.1026244285714,18.946259,26.201614,20.3342424285714,26.3236822857143,16.790551,28.3663641428571,28.1500347142857,21.4761621428571,17.7479641428571,29.6725864285714,26.2581368571429,18.725241,29.1756008571429,24.0741228571429,22.7734364285714,29.627622,24.942038,26.295945,18.946259,20.5304871428571,24.9051162857143,20.0815165714286,19.0746357142857,22.1869828571429,20.7227724285714,18.3472584285714,26.6662801428571,20.0815165714286,25.4339827142857,18.048393,25.6877388571429,20.2854837142857,22.7626424285714,20.0815165714286,23.144359,20.6561365714286,26.9709748571429,28.2504057142857,17.3596341428571,19.2471248571429
"241","2024-33",26.7852898571429,21.7251027142857,20.1868638571429,18.2908672857143,15.9787287142857,18.0974175714286,22.2188708571429,26.4018484285714,18.3238192857143,21.1068707142857,22.9820595714286,27.8543991428571,18.5128047142857,26.820465,28.0217601428571,20.3692971428571,19.5200714285714,17.7470702857143,16.6394515714286,15.7490918571429,20.4244932857143,27.9991968571429,20.6430242857143,29.6034738571429,17.9358821428571,24.3168692857143,20.8809408571429,27.1386205714286,25.1382841428571,16.2376648571429,26.0561765714286,20.0578441428571,28.3124994285714,18.3166517142857,18.8170112857143,25.9557957142857,20.0548132857143,26.9433321428571,25.6754895714286,19.5200714285714,24.074155,21.9804627142857,18.8930181428571,25.9182915714286,20.3388331428571,26.0597151428571,16.6026855714286,28.2117022857143,27.9794818571429,21.3712172857143,17.2039422857143,29.622507,26.2144777142857,18.7515455714286,28.9416624285714,23.906878,22.2317477142857,29.4098408571429,25.1471535714286,26.5288205714286,18.8930181428571,20.4244932857143,24.7453767142857,20.0098452857143,19.0303638571429,22.210264,20.6253175714286,18.3238192857143,26.4381167142857,20.0098452857143,25.6149304285714,18.1019745714286,25.3255647142857,20.0572155714286,22.383572,20.0098452857143,23.225438,20.0133608571429,26.8024565714286,28.6108485714286,17.2244621428571,19.327648
"242","2024-34",26.8713232857143,21.8150305714286,19.9212175714286,18.3637475714286,16.256586,18.3320061428571,22.0664721428571,26.0908922857143,18.1217341428571,21.0343005714286,23.4777848571429,27.7329721428571,18.8798195714286,26.5947752857143,27.8807432857143,20.3996252857143,19.6186145714286,18.0064538571429,17.21252,16.2610178571429,20.4394508571429,27.9354212857143,20.4993171428571,29.6613172857143,17.9909601428571,24.5590637714286,20.5952841428571,26.6655442857143,25.146669,15.9850132142857,26.0489384285714,20.6408608571429,27.994974,18.4581515714286,19.1412117142857,25.6755482857143,20.6381712857143,26.4429592857143,26.2180154285714,19.6186145714286,23.9049828571429,21.9275327142857,18.8299748571429,26.0107957142857,19.9595548571429,26.115416,16.6555167142857,28.1364117142857,28.1755651428571,21.1617277142857,17.8859452857143,29.5416415714286,25.9592137142857,18.4003905714286,29.2086041428571,23.889155,22.8616002857143,29.6324552857143,24.5709238571429,25.9250072857143,18.8299748571429,20.4394508571429,24.5932114285714,19.9995861428571,18.9423261428571,21.7937665714286,20.5993884285714,18.1217341428571,26.4334381428571,19.9995861428571,25.0353404285714,17.6518441428571,25.6251104285714,20.832613,22.8181461428571,19.9995861428571,22.8063198571429,20.8436608571429,26.7470807142857,28.1836637142857,17.2368107142857,18.8227837142857
"243","2024-35",26.7254601428571,21.7077667142857,19.9880158571429,18.2145501428571,15.9382334285714,18.1047938571429,22.1243411428571,26.0789702857143,18.1200395714286,20.9680508571429,23.0581224285714,27.7431628571429,18.5186762857143,26.5801244285714,27.9972085714286,20.3275994285714,19.4225162857143,17.7296505714286,16.7439904285714,15.8174981428571,20.316441,28.0536732857143,20.4764694285714,29.683315,17.8101402857143,24.3772249142857,20.69112,26.7082274285714,24.9428474285714,16.0025731428571,26.1288335714286,20.1146454285714,28.3017701428571,18.2318604285714,18.8467797142857,25.7464114285714,20.1105364285714,26.5586424285714,25.8950878571429,19.4225162857143,24.0564317142857,21.8971044285714,18.7230801428571,25.9641804285714,20.1412258571429,26.0947717142857,16.4793621428571,28.2203707142857,27.9731261428571,21.2567558571429,17.2946775714286,29.6650151428571,25.8912632857143,18.5174982857143,29.1637738571429,23.8919197142857,22.530068,29.4497377142857,24.7846484285714,26.1543365714286,18.7230801428571,20.316441,24.6917664285714,19.8698452857143,18.8598352857143,22.0140485714286,20.5151764285714,18.1200395714286,26.5534504285714,19.8698452857143,25.1181411428571,17.8554808571429,25.3040992857143,20.3465718571429,22.4391318571429,19.8698452857143,22.9345835714286,20.2241444285714,26.821054,28.327785,17.0813361428571,19.071778
"244","2024-36",26.8064651428571,21.5921091428571,20.074362,18.381813,16.5710651428571,18.194865,22.045406,25.5183814285714,18.329821,21.1370917142857,23.8346814285714,27.7531355714286,19.0098874285714,26.256035,27.864145,20.6131952857143,19.7956001428571,18.0515034285714,17.1931372857143,16.281867,20.5253225714286,27.9064222857143,20.6704831428571,29.6042748571429,18.2837558571429,24.6931415428571,20.733572,26.3142525714286,25.4775641428571,16.2186934285714,25.8520497142857,20.8811947142857,27.5386767142857,18.6854671428571,19.0441801428571,25.4810588571429,20.5724867142857,26.1150984285714,26.2289251428571,19.7956001428571,23.8752875714286,21.8215792857143,19.1271145714286,25.6868501428571,20.1259672857143,26.047823,17.0334814285714,28.0575724285714,27.9804872857143,21.2199288571429,18.0236931428571,29.5179204285714,26.0700427142857,18.578957,28.9404802857143,23.6268105714286,23.1731987142857,29.6566677142857,24.8165914285714,26.0091687142857,19.1271145714286,20.5253225714286,24.5721872857143,20.1946784285714,19.1949127142857,21.8807035714286,20.6371754285714,18.329821,26.5399482857143,20.1946784285714,25.250209,17.8748092857143,25.9139671428571,20.7713308571429,22.7333008571429,20.1946784285714,22.6393464285714,21.010613,26.5797654285714,27.8863602857143,17.584519,19.0578892857143
"245","2024-37",26.4818355714286,21.6757297142857,20.2414444285714,18.3369231428571,16.2750132142857,18.1316738571429,22.2562507142857,25.3802052857143,18.3753711428571,21.1838534285714,23.1324767142857,27.654784,18.7218134285714,26.1044204285714,27.9483112857143,20.5031751428571,19.6216647142857,17.8416141428571,16.9406725714286,15.9723227142857,20.494126,28.0757561428571,20.7426025714286,29.8995432857143,18.0752832857143,24.445261,20.9381238571429,26.4728641428571,25.2492631428571,16.2506112857143,25.6261781428571,20.5079677142857,28.0055474285714,18.4616317142857,18.9365871428571,25.2722195714286,20.4441698571429,26.1108622857143,26.2400337142857,19.6216647142857,23.9765075714286,21.9683847142857,19.0012732857143,25.6803221428571,20.362196,25.6573331428571,16.8061752857143,28.2928092857143,27.8752644285714,21.4344912857143,17.6317221428571,29.9201171428571,26.208077,18.7690721428571,29.3183955714286,23.8332284285714,22.7670774285714,29.72034,25.0791182857143,26.2665594285714,19.0012732857143,20.494126,24.7837417142857,20.10392,19.1337457142857,22.0565651428571,20.6750115714286,18.3753711428571,26.264727,20.10392,25.4690151428571,18.1127217142857,25.6577562857143,20.6654567142857,22.6119748571429,20.10392,22.7257258571429,20.583333,26.827035,28.2071715714286,17.3823642857143,19.2915044285714
"246","2024-38",26.7961108571429,21.8176105714286,20.3944134285714,18.6261957142857,16.7851848571429,18.4045212857143,22.2450428571429,25.808803,18.6375331428571,21.4168311428571,23.9664725714286,27.7376365714286,19.217156,26.409503,28.1421684285714,20.8823404285714,20.0004154285714,18.2646591428571,17.307255,16.4796898571429,20.775692,27.8988242857143,20.9652081428571,29.6244444285714,18.4719867142857,24.9120388285714,21.0347078571429,26.3866237142857,25.7669807142857,16.5598934285714,25.7219562857143,21.0846454285714,27.41235,18.8802341428571,19.2088947142857,25.4662801428571,20.8661817142857,26.067043,26.4349064285714,20.0004154285714,23.8881772857143,22.085653,19.3503204285714,25.5521682857143,20.3461167142857,25.9495701428571,17.2598022857143,28.1171514285714,28.2433384285714,21.425436,18.2263757142857,29.6066027142857,26.2307285714286,18.9123874285714,28.9346204285714,23.7953035714286,23.3258742857143,29.7253602857143,25.0495541428571,26.0922742857143,19.3503204285714,20.775692,24.7117167142857,20.42559,19.4469624285714,22.0111297142857,20.90635,18.6375331428571,26.3744052857143,20.42559,25.5588168571429,18.1400694285714,26.1143515714286,21.1695051428571,22.8143015714286,20.42559,22.6399467142857,21.1616481428571,26.6663831428571,27.5985381428571,17.8032897142857,19.2569354285714
"247","2024-39",26.8232808571429,21.3573762857143,19.8443911428571,18.2055892857143,16.7355455714286,18.0308251428571,21.6716647142857,25.56746,18.2334321428571,20.9076574285714,23.9221014285714,27.5180668571429,19.048153,26.2056671428571,27.5948035714286,20.5028131428571,19.70195,17.9796877142857,17.247579,16.3316845714286,20.3404672857143,27.4623027142857,20.4575878571429,29.18557,18.2465742857143,24.6613547428571,20.4447275714286,26.441068,25.840058,16.2693662857143,25.728654,21.1176852857143,26.8329837142857,18.6503865714286,18.9172364285714,25.4475854285714,21.0850127142857,26.4690568571429,26.7532352857143,19.70195,23.5332322857143,21.5245827142857,19.066155,25.430493,19.7594015714286,26.0213901428571,17.1734854285714,27.6195094285714,28.0160115714286,20.8500262857143,18.219166,29.0541978571429,26.2028931428571,18.3968112857143,28.500611,23.2747834285714,23.271044,29.5287845714286,24.8159575714286,25.9910415714286,19.066155,20.3404672857143,24.1923701428571,20.0533875714286,19.0871784285714,21.5552877142857,20.4113861428571,18.2334321428571,26.3966722857143,20.0533875714286,25.4508221428571,17.587692,26.2077528571429,21.1281601428571,22.663293,20.0533875714286,22.3949495714286,21.2915994285714,26.1611732857143,27.6298362857143,17.6575684285714,18.7138475714286
"248","2024-40",26.0668978571429,21.019415,19.6514552857143,17.8214404285714,16.3302491428571,17.5982194285714,21.3029368571429,24.7812391428571,17.9875425714286,20.6376132857143,23.4198995714286,26.9385907142857,18.617912,25.4782751428571,27.4821682857143,20.0840427142857,19.3614425714286,17.5349961428571,16.794521,15.7838422857143,20.0326241428571,27.0903022857143,20.2291412857143,28.9508201428571,17.9193415714286,24.3047628857143,20.2584351428571,25.9828477142857,25.688632,16.0064214285714,24.8750012857143,20.705758,26.7755168571429,18.2998394285714,18.53142,24.7170248571429,20.6820604285714,25.8449034285714,26.5855988571429,19.3614425714286,23.0727691428571,21.2274361428571,18.7898741428571,24.8903847142857,19.5669167142857,25.0960425714286,16.8602107142857,27.333536,27.7139707142857,20.512234,17.638499,29.1248734285714,26.073748,18.2286037142857,28.2097205714286,22.9666787142857,22.8237331428571,29.5303085714286,24.7959424285714,25.8537811428571,18.7898741428571,20.0326241428571,23.8186264285714,19.7535044285714,18.8152274285714,21.2885614285714,20.110439,17.9875425714286,25.50587,19.7535044285714,25.222254,17.445713,26.0731398571429,20.7319887142857,22.4180015714286,19.7535044285714,21.8799637142857,20.9288137142857,25.8491864285714,27.3197438571429,17.3482094285714,18.5838634285714
"249","2024-41",26.345546,20.9266248571429,19.6616734285714,17.7681638571429,16.1342224285714,17.4976721428571,21.4477565714286,25.6200978571429,17.9183794285714,20.6509781428571,23.8208334285714,27.066283,18.5202137142857,26.1103451428571,27.5986148571429,20.1710447142857,19.2560424285714,17.443444,16.5985949285714,15.6960652857143,19.995095,27.1228208571429,20.2386252857143,28.6761174285714,17.7684528571429,24.4118324571429,20.3017158571429,26.3414985714286,25.3871235714286,15.8727567857143,24.858695,20.5908928571429,26.8030378571429,18.1683784285714,18.3764145714286,25.197115,20.4859347142857,26.1958811428571,26.4684938571429,19.2560424285714,23.2151274285714,21.2513531428571,18.6665432857143,24.7131035714286,19.6066312857143,25.2279887142857,16.6313375714286,27.326493,27.7542781428571,20.667493,17.5921027142857,28.6793365714286,25.7684305714286,18.186592,27.9437985714286,22.8365085714286,22.7143911428571,29.1406642857143,24.7471027142857,25.989526,18.6665432857143,19.995095,23.9749224285714,19.6801537142857,18.7335572857143,21.420851,20.1059874285714,17.9183794285714,25.5396275714286,19.6801537142857,25.1427817142857,17.3977978571429,25.8194324285714,20.5042331428571,22.1710117142857,19.6801537142857,22.2032362857143,20.7468925714286,25.7448887142857,27.3320508571429,17.1512864285714,18.5546785714286
"250","2024-42",25.843366,20.9952394285714,19.793664,17.8263987142857,16.1489975714286,17.5029254285714,21.5487271428571,24.9752768571429,18.0392987142857,20.7549602857143,23.0415918571429,27.0134305714286,18.4871854285714,25.5228741428571,27.4562995714286,20.197164,19.3051275714286,17.4401497142857,16.3999872857143,15.6003792142857,20.073567,27.309948,20.3596345714286,29.198565,17.8314391428571,24.0845917142857,20.4293944285714,26.0447915714286,25.4927851428571,15.9721564285714,24.6639304285714,20.5137017142857,27.1084254285714,18.2046928571429,18.3388738571429,24.7391878571429,20.2927424285714,25.7661265714286,26.1647821428571,19.3051275714286,23.1526372857143,21.3601395714286,18.76204,24.8292745714286,19.7020617142857,24.8373277142857,16.704096,27.605078,27.2541705714286,20.7471567142857,17.4495391428571,29.2490727142857,25.7962292857143,18.3087914285714,28.478389,23.1037672857143,22.4737325714286,29.1680815714286,24.6589248571429,25.7862354285714,18.76204,20.073567,24.0758994285714,19.7663241428571,18.8400894285714,21.3336727142857,20.1955727142857,18.0392987142857,25.1641104285714,19.7663241428571,25.2419495714286,17.4892897142857,25.7572691428571,20.7068008571429,22.038649,19.7663241428571,21.8941698571429,20.6315394285714,26.1288437142857,27.2978258571429,17.2296361428571,18.5907391428571
"251","2024-43",26.3946662857143,21.3942864285714,20.0236768571429,18.1597382857143,16.3424574285714,17.8629897142857,21.9574785714286,25.844637,18.2197497142857,21.0782588571429,23.4609561428571,27.5994851428571,18.7750532857143,26.2265931428571,27.6241884285714,20.3544291428571,19.6142,17.7611058571429,16.678785,15.8938334285714,20.3955527142857,27.7388497142857,20.6420338571429,29.5482167142857,18.118437,24.3034684571429,20.68856,26.2139142857143,25.6096541428571,16.0647518571429,25.319368,20.6985752857143,27.6017827142857,18.4999762857143,18.6830538571429,25.565882,20.4401574285714,26.040817,26.2816974285714,19.6142,23.5861714285714,21.7409164285714,19.0132621428571,25.338652,19.9606027142857,25.5711434285714,16.8817992857143,28.0313078571429,27.5344232857143,21.1395454285714,17.6826958571429,29.4304657142857,26.0583464285714,18.4506822857143,28.8607638571429,23.4769675714286,22.5433452857143,29.4129487142857,24.7402015714286,25.9100912857143,19.0132621428571,20.3955527142857,24.512763,20.0704085714286,19.0949694285714,21.6696828571429,20.5312155714286,18.2197497142857,25.96012,20.0704085714286,25.3902322857143,17.6135355714286,25.903344,20.9529458571429,22.3806511428571,20.0704085714286,22.3118027142857,20.7066035714286,26.5152282857143,27.4204707142857,17.4397725714286,18.745103
"252","2024-44",25.717058,20.9892652857143,19.6487037142857,17.7902332857143,16.1457017142857,17.5285655714286,21.3306301428571,25.6102718571429,17.9267774285714,20.6460821428571,23.6432585714286,27.0763931428571,18.465562,25.8139754285714,27.6392157142857,20.3187964285714,19.277466,17.4447548571429,16.504875,15.6170635714286,20.0023361428571,26.879899,20.2124457142857,28.7364497142857,17.7871462857143,24.4217908285714,20.2707462857143,26.230893,25.701612,15.9077805714286,24.6867127142857,20.5182645714286,26.8015934285714,18.1669505714286,18.3909084285714,25.2443544285714,20.5846315714286,26.0492895714286,26.2943638571429,19.277466,22.8747607142857,21.257773,18.6845235714286,24.7057691428571,19.5499531428571,25.0150341428571,16.7224724285714,27.1693077142857,27.9275931428571,20.5138941428571,17.4573555714286,28.9775302857143,26.1291138571429,18.1710372857143,28.1823572857143,22.9724502857143,22.5800902857143,29.103598,24.7191767142857,25.867302,18.6845235714286,20.0023361428571,23.6386432857143,19.7003377142857,18.7368802857143,21.1452531428571,20.1094681428571,17.9267774285714,25.4011358571429,19.7003377142857,25.609899,17.3469017142857,25.799104,21.0029905714286,22.1548925714286,19.7003377142857,21.9772901428571,20.7660394285714,25.7021097142857,27.1678698571429,17.2342165714286,18.4766122857143
"253","2024-45",26.1238054285714,20.8146945714286,19.5427402857143,17.7025768571429,16.1708298571429,17.3979832857143,21.2175174285714,25.2252712857143,17.8593108571429,20.5454805714286,23.2283607142857,26.4302272857143,18.368987,25.776016,27.2038105714286,19.6809324285714,19.2141048571429,17.3717222857143,16.2197694285714,15.5048315,19.9049594285714,26.2118251428571,20.0781992857143,27.6984671428571,17.729996,24.0496869714286,20.1537127142857,26.134489,25.7455154285714,15.9157925714286,24.5977717142857,20.5027534285714,26.3393782857143,18.0878352857143,18.1707347142857,24.6833485714286,20.5209741428571,26.05768,26.2525637142857,19.2141048571429,22.6357008571429,21.0971702857143,18.6047761428571,24.3106718571429,19.4878814285714,25.2278032857143,16.7923264285714,26.4363567142857,27.7917254285714,20.3873451428571,17.3844387142857,27.9745705714286,26.086106,18.1375607142857,26.9829414285714,22.6522152857143,22.3436057142857,28.3770121428571,24.8193707142857,26.0071217142857,18.6047761428571,19.9049594285714,23.2487744285714,19.6355295714286,18.6432081428571,21.1259322857143,19.9985094285714,17.8593108571429,25.2763371428571,19.6355295714286,25.516929,17.3898674285714,25.8482627142857,20.7476058571429,21.7474988571429,19.6355295714286,22.021889,20.9923442857143,24.9816611428571,27.0095857142857,17.2700537142857,18.6008522857143
"254","2024-46",26.0810731428571,20.6042872857143,19.7015445714286,17.7042321428571,16.2272158571429,17.237393,21.1151667142857,25.0722714285714,18.0481615714286,20.6936345714286,23.5996604285714,26.1432837142857,18.3627201428571,25.6947658571429,27.1253555714286,19.6754255714286,19.3341632857143,17.3473065714286,16.1069585714286,15.4346545714286,19.9854375714286,25.8185234285714,20.2636874285714,27.2946327142857,17.9287995714286,24.1082299714286,20.267416,25.9499804285714,25.8411585714286,16.1086568571429,24.2967482857143,20.4586958571429,25.8513064285714,18.2096017142857,17.995648,24.4799241428571,20.3426354285714,25.7916875714286,26.148701,19.3341632857143,22.2801085714286,21.0224032857143,18.8392241428571,23.8473708571429,19.4725328571429,25.1933474285714,16.9575595714286,26.0636428571429,27.8683904285714,20.3136791428571,17.3352307142857,27.1973711428571,26.1363612857143,18.2959904285714,26.557009,22.3256472857143,22.2723178571429,28.0823287142857,24.7858497142857,25.7065022857143,18.8392241428571,19.9854375714286,23.0342667142857,19.8236484285714,18.8640374285714,21.0160514285714,20.0588141428571,18.0481615714286,25.1486887142857,19.8236484285714,25.6503424285714,17.463214,25.8337355714286,20.6037928571429,21.5499461428571,19.8236484285714,21.8811998571429,20.9000097142857,24.5985728571429,26.632848,17.4700037142857,18.6167784285714
"255","2024-47",25.0253925714286,20.0148371428571,18.8230661428571,16.8497014285714,14.9497369285714,16.5323672857143,20.5245778571429,24.5710465714286,17.0469314285714,19.7692264285714,21.9520622857143,26.1255894285714,17.3227157142857,24.8660604285714,26.5133802857143,18.7726805714286,18.2940815714286,16.4378581428571,15.2353411428571,14.4754175714286,19.0671242857143,25.777801,19.3146732857143,27.6486092857143,16.7587865714286,23.0475039142857,19.4508815714286,25.3900405714286,24.5583952857143,15.0515695,23.7712517142857,19.186635,25.974107,17.1097438571429,17.3251705714286,24.233203,19.0475461428571,25.3408161428571,24.846749,18.2940815714286,21.8902181428571,20.3587255714286,17.7036237142857,23.6890694285714,18.7505112857143,24.2006412857143,15.6570387857143,26.0532321428571,26.7800995714286,19.6780347142857,16.1572855714286,27.6984978571429,25.3632775714286,17.4092251428571,27.0901972857143,22.0509064285714,21.2192968571429,27.8245674285714,24.1818094285714,25.3171348571429,17.7036237142857,19.0671242857143,22.599417,18.7716094285714,17.7883505714286,20.261812,19.2025021428571,17.0469314285714,24.3946531428571,18.7716094285714,24.780447,16.6417651428571,24.585026,19.4610575714286,20.9445794285714,18.7716094285714,21.0546728571429,19.493648,24.586432,26.4683557142857,16.2213162142857,17.8064841428571
"256","2024-48",25.3522991428571,20.6375935714286,19.6210395714286,17.5281151428571,15.8569655714286,17.119165,21.2685827142857,25.2693975714286,17.8932587142857,20.4752838571429,22.566802,26.5563892857143,18.0375701428571,25.413761,27.3519317142857,19.6037275714286,19.0400064285714,17.0789424285714,15.8275566428571,15.084014,19.7760735714286,26.486682,20.0758261428571,28.3345968571429,17.6096581428571,23.7606547428571,20.2448875714286,26.1001915714286,25.4616674285714,15.9665280714286,24.2194465714286,20.0367024285714,27.0329811428571,17.9030784285714,17.8868388571429,24.9046735714286,19.9691975714286,25.9180812857143,25.8529911428571,19.0400064285714,22.5926974285714,21.0344921428571,18.5618994285714,24.189564,19.6104947142857,24.3958438571429,16.6163367142857,26.7885485714286,27.42974,20.4599648571429,16.8800217142857,28.3879897142857,26.0009648571429,18.270709,27.5182935714286,22.739081,21.8510724285714,28.3433252857143,24.9162735714286,25.8044112857143,18.5618994285714,19.7760735714286,23.3659055714286,19.5376434285714,18.6132088571429,21.0918825714286,19.8924937142857,17.8932587142857,24.5592475714286,19.5376434285714,25.6396281428571,17.5478698571429,25.3886922857143,20.5119697142857,21.4869921428571,19.5376434285714,21.658902,20.384016,25.3235227142857,27.0905447142857,17.147072,18.7324195714286
"257","2024-49",25.8803455714286,20.7317545714286,19.5548967142857,17.3214995714286,15.6474505714286,17.005947,21.121945,26.802104,17.8481348571429,20.263517,21.906622,27.6471227142857,17.8187732857143,26.5740048571429,27.205295,18.9370165714286,18.8203188571429,16.7965402857143,15.6418102857143,14.8067228571429,19.5756432857143,26.7023294285714,19.9664185714286,28.6569248571429,17.5175265714286,23.3549033428571,20.1815881428571,27.4529777142857,25.5634714285714,15.9907917142857,25.0204868571429,19.7849518571429,27.3373561428571,17.7732932857143,17.7538044285714,26.4269918571429,20.3145791428571,27.2987032857143,25.9527941428571,18.8203188571429,22.9148002857143,20.9591731428571,18.5040838571429,24.8801155714286,19.6400858571429,25.3595604285714,16.4949691428571,26.9747085714286,27.2960072857143,20.3829757142857,16.5094174285714,28.7765904285714,26.7943062857143,18.260901,27.9812208571429,22.9980975714286,21.4295758571429,28.5878124285714,25.2680242857143,26.5797351428571,18.5040838571429,19.5756432857143,23.3332711428571,19.3368247142857,18.5301292857143,21.3655165714286,19.7034782857143,17.8481348571429,25.680711,19.3368247142857,26.1196765714286,17.6122931428571,25.5614327142857,20.3845637142857,21.4268471428571,19.3368247142857,22.7322137142857,20.3429625714286,25.6016855714286,27.9914865714286,17.0499098571429,18.9029035714286
"258","2024-50",25.5579272857143,20.0892474285714,19.0371234285714,16.7131557142857,14.7311988571429,16.3168241428571,20.7154308571429,26.8288912857143,17.2968051428571,19.6832428571429,21.0000721428571,27.7108095714286,17.0226451428571,26.4709902857143,26.8506635714286,18.2611075714286,18.174107,16.0896594285714,14.9240651428571,13.9890955714286,18.9840392857143,26.4892925714286,19.3943682857143,28.611475,16.8216867142857,22.6758968857143,19.697461,27.398704,24.8532077142857,15.4522854285714,25.0024241428571,18.8342604285714,27.4483358571429,17.0738341428571,17.0953211428571,26.3345378571429,19.431604,27.5811085714286,25.325951,18.174107,22.7065071428571,20.4365788571429,17.876445,24.8766597142857,19.2645375714286,25.2168397142857,15.653132,26.7520365714286,26.5955775714286,19.9764011428571,15.5940612857143,28.4797612857143,26.5272375714286,17.7825378571429,28.0631405714286,22.5236864285714,20.6720635714286,28.1965564285714,24.9414814285714,26.3433964285714,17.876445,18.9840392857143,22.984201,18.7232755714286,17.9262155714286,21.0272304285714,19.1324247142857,17.2968051428571,25.4590588571429,18.7232755714286,25.751097,17.2248945714286,24.8200644285714,19.5234788571429,20.8255005714286,18.7232755714286,22.5731562857143,19.4981291428571,25.3047615714286,28.1947917142857,16.2858381428571,18.5466447142857
"259","2024-51",24.926111,19.7070768571429,18.6497845714286,16.2952027142857,14.4056801428571,15.954316,20.331631,25.801896,16.8750145,19.2958295714286,21.0095971428571,26.8016052857143,16.658647,25.5841111428571,27.1436548571429,18.3853772857143,17.7566788571429,15.7032671428571,14.6181902857143,13.6550457142857,18.5691344285714,26.1613088571429,19.0113014285714,28.5271562857143,16.4195284285714,22.7649410285714,19.3099994285714,26.5811607142857,24.5234712857143,14.9923858571429,24.0026718571429,18.4973175714286,26.8488835714286,16.6710077142857,16.7785827142857,25.2755537142857,19.309372,26.6186737142857,24.9806442857143,17.7566788571429,22.2550188571429,20.0200807142857,17.4521794285714,24.1374418571429,18.8328812857143,23.9972954285714,15.3105841428571,26.4655608571429,26.8077777142857,19.587004,15.2412552857143,28.3336727142857,26.0795578571429,17.3711421428571,27.8908141428571,22.2130275714286,20.4782981428571,28.1207271428571,24.5214622857143,25.8229824285714,17.4521794285714,18.5691344285714,22.6157865714286,18.3123184285714,17.512402,20.5978017142857,18.7229137142857,16.8750145,24.261078,18.3123184285714,25.4061925714286,16.7829701428571,24.5732007142857,19.458967,20.5728811428571,18.3123184285714,21.826558,19.077456,25.0478948571429,27.3944925714286,15.9112570714286,18.1073998571429
"260","2024-52",25.6028661428571,20.3053712857143,19.2055778571429,16.9471974285714,15.3971958571429,16.6689037142857,20.6781477142857,25.8540188571429,17.4850401428571,19.8703781428571,22.3988951428571,26.97394,17.5951977142857,25.9014341428571,27.7365654285714,19.3941574285714,18.475758,16.5073865714286,15.5755207142857,14.6584477142857,19.1952554285714,26.2732982857143,19.5847287142857,28.2907124285714,17.1524434285714,23.7769070857143,19.8298804285714,26.9137517142857,25.1855717142857,15.6396322142857,24.4630711428571,19.6628224285714,26.8296488571429,17.4496947142857,17.473891,25.3898027142857,20.2435145714286,26.6583244285714,25.8530111428571,18.475758,22.5341268571429,20.5101791428571,18.1123337142857,24.39075,19.2986187142857,24.7291735714286,16.1389205714286,26.5333711428571,27.6661654285714,19.9625041428571,16.4780857142857,28.2401238571429,26.3652677142857,17.9430848571429,27.7044822857143,22.5374158571429,21.688752,28.3504882857143,25.0243424285714,26.2126835714286,18.1123337142857,19.1952554285714,22.8882565714286,18.9524698571429,18.141264,21.0822731428571,19.306616,17.4850401428571,24.9101991428571,18.9524698571429,25.7868122857143,17.3263412857143,25.3162761428571,20.595857,21.218201,18.9524698571429,22.205703,20.1796198571429,25.16507,27.521076,16.6780668571429,18.6451252857143
"261","2025-1",25.1349024285714,19.9603704285714,18.7949022857143,16.4858317142857,15.1448788571429,16.1918221428571,20.2260841428571,26.0682698571429,17.1102751428571,19.4206448571429,21.5649667142857,26.8671761428571,17.1732974285714,25.9444548571429,27.5739955714286,18.8013484285714,18.0658065714286,15.9660958571429,15.3010422857143,14.1416201428571,18.7750864285714,25.7552951428571,19.0900398571429,27.8888881428571,16.8724465714286,23.3286031428571,19.4150207142857,27.2424137142857,25.3204168571429,15.3634188571429,24.2195735714286,19.4055848571429,27.0843585714286,17.1177431428571,17.0730772857143,25.5333808571429,20.1327091428571,27.0165202857143,25.8708742857143,18.0658065714286,22.0138871428571,20.1136414285714,17.7137922857143,24.1180537142857,19.0128694285714,24.337687,15.966306,26.0073624285714,27.5201654285714,19.4307592857143,16.0402115714286,28.247584,26.7577661428571,17.6576095714286,27.3263712857143,22.3324795714286,21.1825395714286,28.298456,25.3215685714286,26.612238,17.7137922857143,18.7750864285714,22.1612258571429,18.5656541428571,17.7095385714286,20.6983694285714,18.8698175714286,17.1102751428571,24.5879275714286,18.5656541428571,26.1378274285714,17.1667535714286,25.5257307142857,20.323675,21.077997,18.5656541428571,22.3683311428571,20.1715697142857,24.6822424285714,27.7337638571429,16.4752365714286,18.6174671428571
"262","2025-2",24.962934,20.3569241428571,18.9541717142857,16.6376797142857,14.8075224285714,16.3627497142857,20.593104,26.1962857142857,17.1585914285714,19.6517545714286,21.0579008571429,27.1777365714286,16.9612768571429,25.9045628571429,27.7988978571429,18.404265,18.0597951428571,15.9198302857143,15.1608845714286,13.8904475,18.9370088571429,26.0014264285714,19.2524764285714,28.5742954285714,16.8279432857143,23.1463063428571,19.6118358571429,27.1246171428571,25.143911,15.3128116428571,24.0834794285714,18.8531532142857,27.2367708571429,17.0511292857143,17.1850444285714,25.6842138571429,19.5739755714286,26.9523398571429,25.4519937142857,18.0597951428571,22.0571142857143,20.5168768571429,17.6842727142857,24.0336841428571,19.1853395714286,24.075183,15.7809407142857,26.4390752857143,27.5294755714286,19.7065524285714,15.4646655714286,29.0770618571429,26.9142152857143,17.7486337142857,27.7862115714286,22.936258,20.9409924285714,28.6867857142857,25.2768097142857,26.5582322857143,17.6842727142857,18.9370088571429,22.397804,18.6508288571429,17.7427137142857,20.6833085714286,19.1113617142857,17.1585914285714,24.37178,18.6508288571429,26.1947348571429,17.2462301428571,25.2055247142857,19.7646982857143,21.1711058571429,18.6508288571429,22.2089968571429,19.6182925714286,25.2324955714286,27.8447417142857,16.3634818571429,18.6949261428571
"263","2025-3",24.5125724285714,19.7398224285714,18.1464855714286,15.9403835714286,14.0967293571429,15.7938701428571,19.8795351428571,26.060217,16.405982,18.8806467142857,20.6105182857143,26.8447948571429,16.3667024285714,25.6964607142857,27.615513,17.908599,17.406095,15.310831,14.9481955,13.3948792857143,18.2169902857143,25.5625295714286,18.4728041428571,28.1826332857143,16.1577091428571,22.8005034285714,18.7990952857143,26.9189291428571,24.6304537142857,14.5844235714286,23.8122571428571,18.2587628571429,26.8988458571429,16.4047981428571,16.7764412857143,25.442187,19.0739618571429,26.9462638571429,24.9748668571429,17.406095,21.5205207142857,19.7626327142857,16.9992995714286,23.861723,18.3849275714286,23.7429095714286,15.0410852857143,25.8778664285714,27.3057307142857,18.9791475714286,14.9658820714286,28.9170162857143,26.6710158571429,16.9365344285714,27.5323947142857,22.3280117142857,20.5621561428571,28.833392,24.7570947142857,26.1801977142857,16.9992995714286,18.2169902857143,21.7596002857143,17.9436388571429,17.0248271428571,19.8845717142857,18.3616307142857,16.405982,24.0596942857143,17.9436388571429,25.7721485714286,16.4111428571429,24.7132005714286,19.1131315714286,21.0567835714286,17.9436388571429,21.9501172857143,19.1018711428571,24.6018417142857,27.7127948571429,15.6520706428571,17.832815
"264","2025-4",25.0837665714286,19.695812,18.5844374285714,16.1364648571429,14.3550407142857,15.7312278571429,20.270612,26.6272898571429,16.8260835714286,19.2692368571429,20.4573591428571,27.418486,16.4930357142857,26.1824232857143,27.3109297142857,17.7351522857143,17.6668558571429,15.4025092142857,14.6130911428571,13.3630654285714,18.5013052857143,25.701841,18.9059932857143,28.3508328571429,16.4949671428571,22.5551044857143,19.2409151428571,27.0126155714286,24.7454142857143,15.0012992857143,24.2245317142857,18.4699354285714,27.1014611428571,16.6639558571429,16.6317188571429,26.0656031428571,19.0866941428571,27.0424651428571,25.1164412857143,17.6668558571429,21.8189037142857,20.0006202857143,17.3941821428571,24.2928718571429,18.8059027142857,24.3463645714286,15.3915934285714,26.1005804285714,27.026057,19.4074098571429,15.0346194285714,28.8071361428571,26.8784325714286,17.3578367142857,27.7526091428571,22.3662604285714,20.2460242857143,28.4299345714286,24.7192338571429,26.0549967142857,17.3941821428571,18.5013052857143,22.0823081428571,18.3016748571429,17.4311802857143,20.2382262857143,18.6607104285714,16.8260835714286,24.5452724285714,18.3016748571429,25.9459334285714,16.8009605,24.7509867142857,19.043156,20.7201138571429,18.3016748571429,22.148648,19.439022,24.7427068571429,27.9156072857143,16.0201729285714,18.1734438571429
"265","2025-5",25.5616275714286,20.4291105714286,18.8656687142857,16.6583631428571,14.6736297857143,16.5076494285714,20.3858082857143,27.7127707142857,17.1791411428571,19.5357408571429,21.3154964285714,28.5728281428571,16.9223531428571,27.0618781428571,27.9402235714286,18.6617711428571,18.1086291428571,16.0046867857143,15.4946838571429,13.977148,18.8980001428571,25.991795,19.1456788571429,28.9100037142857,16.7806335,23.4259106571429,19.4956411428571,28.0841722857143,25.1851795714286,15.439757,24.6823315714286,18.842401,27.8984204285714,17.003369,17.470482,27.2127462857143,19.2509728571429,28.226133,24.9912462857143,18.1086291428571,22.1321422857143,20.432107,17.7506207142857,24.801702,19.1075344285714,25.017807,15.6792208571429,26.4459215714286,28.1929332857143,19.5027254285714,15.5457294285714,29.5292317142857,27.5358335714286,17.7275844285714,28.3188197142857,23.0260825714286,21.0191288571429,29.336622,25.5501254285714,27.0393825714286,17.7506207142857,18.8980001428571,22.2346337142857,18.6407814285714,17.7571394285714,20.6825675714286,19.0395388571429,17.1791411428571,25.4252384285714,18.6407814285714,26.7283918571429,17.2317284285714,24.925021,19.5655068571429,21.6693292857143,18.6407814285714,23.1128292857143,20.1120928571429,25.3162461428571,28.873308,16.3123524285714,18.6082178571429
"266","2025-6",25.6738101428571,20.5300688571429,18.6921248571429,16.5993802857143,14.0338301428571,16.5947555714286,20.4638628571429,27.8093714285714,16.9918011428571,19.3134797142857,20.3344805714286,29.0415601428571,16.3159315714286,27.1720122857143,27.8271712857143,17.9880512857143,17.8113634285714,15.861747,15.168532,13.5608477142857,18.6907294285714,26.2385595714286,18.9055728571429,29.2009048571429,16.16607,22.9216708285714,19.350797,28.1951538571429,24.3198924285714,15.3084346428571,24.9803697142857,17.9611072857143,28.0183321428571,16.3996212857143,17.4565707142857,27.4153731428571,18.109361,28.384249,23.9115781428571,17.8113634285714,22.4521132857143,20.4243325714286,17.426252,25.1640124285714,19.0891788571429,25.196972,15.1134718571429,26.6834418571429,27.8522632857143,19.5746497142857,14.9079604285714,29.3462355714286,26.8972748571429,17.6038917142857,28.8509324285714,23.2146294285714,20.6063877142857,29.0480445714286,25.1771342857143,26.7172941428571,17.426252,18.6907294285714,22.5507235714286,18.3458628571429,17.4798291428571,20.896552,18.8914228571429,16.9918011428571,25.7452982857143,18.3458628571429,26.0651401428571,17.213552,23.7222647142857,18.3528462857143,21.4656108571429,18.3458628571429,23.4849638571429,19.1142565714286,25.6802621428571,29.0741404285714,15.7558105714286,18.5874384285714
"267","2025-7",26.2065391428571,21.2308082857143,19.3423642857143,17.3464001428571,14.8279272857143,17.4216015714286,21.048618,27.3346818571429,17.5968755714286,20.0057112857143,21.7857287142857,28.9886428571429,17.196956,27.0395177142857,28.205673,18.91314,18.4980587142857,16.7198172857143,16.0934828571429,14.5630195714286,19.3986591428571,26.74055,19.56907,29.482087,16.7654075714286,23.8778035428571,20.0021555714286,27.9075261428571,24.9288158571429,15.873242,25.1995145714286,18.8182575714286,27.7302384285714,17.0918202857143,18.2597191428571,26.8342538571429,19.103787,28.0174864285714,24.7402324285714,18.4980587142857,22.9208651428571,21.0779741428571,17.9759831428571,25.3143801428571,19.6688344285714,25.3908725714286,15.765309,27.1386992857143,28.6095944285714,20.1665177142857,15.9230345714286,29.458019,27.0420242857143,18.2148714285714,29.0456665714286,23.7659955714286,21.8748815714286,29.446119,25.349895,26.632684,17.9759831428571,19.3986591428571,23.103577,18.982021,18.0728364285714,21.3904937142857,19.5997848571429,17.5968755714286,25.9156952857143,18.982021,26.1407777142857,17.7734044285714,24.4521371428571,19.4570291428571,22.188816,18.982021,23.3530467142857,19.6302211428571,26.1909364285714,28.8638994285714,16.3556657142857,19.0765784285714
"268","2025-8",25.9971004285714,20.905792,19.3957838571429,17.1297098571429,14.5412604285714,17.0009842857143,20.9511827142857,27.0204957142857,17.6159125714286,19.9317897142857,21.0414952857143,28.6874285714286,16.7928241428571,26.7759617142857,27.9229932857143,18.6997465714286,18.3150377142857,16.363021,15.3922012857143,13.9975940714286,19.2491261428571,26.5874351428571,19.5519895714286,29.3279342857143,16.6454948571429,23.3407932571429,20.0578242857143,27.7464922857143,24.6450141428571,15.9098827142857,24.9390721428571,18.3568954285714,27.6268288571429,16.8856487142857,17.7429548571429,26.4254412857143,19.1208218571429,27.7235158571429,24.759479,18.3150377142857,22.8752952857143,20.9339332857143,17.9338231428571,25.0934524285714,19.7587362857143,25.0765292857143,15.6202067857143,26.9758424285714,27.8247841428571,20.1160065714286,15.3103151428571,29.2224538571429,26.68616,18.3293211428571,29.0251955714286,23.4986877142857,21.214947,28.8888821428571,25.3226841428571,26.551441,17.9338231428571,19.2491261428571,22.9722041428571,18.8915697142857,18.0385837142857,21.5065628571429,19.4684071428571,17.6159125714286,25.5104114285714,18.8915697142857,25.8925284285714,17.9417211428571,24.2203435714286,19.4262492857143,21.5077355714286,18.8915697142857,23.1728237142857,19.3539438571429,25.9598411428571,28.7046168571429,16.2466028571429,19.2773157142857
"269","2025-9",24.888944,20.8189518571429,18.1495727142857,16.5172815,13.8839536428571,16.8697585714286,20.2247247142857,26.2150852857143,16.4542244285714,18.9395114285714,20.7311808571429,28.2694554285714,16.2930444285714,25.8545607142857,28.6259337142857,18.5759962857143,17.5569822857143,15.8619615714286,15.7949651428571,13.7655809285714,18.462782,26.3650222857143,18.4369838571429,29.6222267142857,15.8030934285714,23.6318652,18.8353522857143,27.0104651428571,23.6457,14.7021528571429,24.2193478571429,17.8338037142857,27.310517,16.1641175714286,17.833579,25.4265434285714,18.3630158571429,26.9487538571429,24.4641065714286,17.5569822857143,22.2568367142857,20.380472,16.9464534285714,24.7049298571429,18.5650478571429,24.0099002857143,14.7328565,26.8406524285714,28.914228,19.2628417142857,14.9959810714286,29.8963842857143,26.0819561428571,16.9862787142857,29.2497364285714,23.4855008571429,21.3119871428571,29.8910128571429,24.0457672857143,25.499684,16.9464534285714,18.462782,22.4584144285714,17.9588728571429,17.006724,20.234894,18.675919,16.4542244285714,25.0307994285714,17.9588728571429,24.754305,16.5543875714286,23.6215191428571,17.7941314285714,22.0816385714286,17.9588728571429,22.3914791428571,18.63356,25.991371,28.3199784285714,15.3211994285714,17.8134444285714
"270","2025-10",24.9699022857143,20.2915877142857,17.4256642857143,15.860585,13.1454018571429,16.3088694285714,19.9387925714286,25.8363661428571,15.7378935714286,18.2356532857143,19.9206187142857,28.5741991428571,15.5432247142857,25.6382421428571,27.4396668571429,17.9836795714286,16.795827,15.1623703571429,15.3440642142857,13.0774909285714,17.7556921428571,26.8609245714286,17.7606371428571,29.8925452857143,15.057253,22.7761212571429,18.1634211428571,26.6410255714286,22.9631704285714,13.9829897142857,25.0129525714286,16.9063472857143,27.1834028571429,15.4290834285714,17.3146894285714,25.0818641428571,17.3033371428571,26.5802362857143,23.2395565714286,16.795827,22.4653464285714,19.8192945714286,16.2186818571429,25.3791085714286,17.992871,24.4027241428571,13.9916081428571,27.0857625714286,27.8724564285714,18.9867177142857,14.1061736428571,29.5051371428571,25.8187301428571,16.1939815,29.994274,23.1730417142857,20.6641847142857,29.7173484285714,23.2035762857143,24.8319364285714,16.2186818571429,17.7556921428571,22.6419191428571,17.2000844285714,16.2990468571429,19.8343588571429,17.999905,15.7378935714286,25.4833728571429,17.2000844285714,24.1547751428571,15.7883121428571,22.7257818571429,16.9601677142857,21.6603941428571,17.2000844285714,22.2211827142857,17.4968068571429,26.1649107142857,28.2558391428571,14.5588806428571,16.9970232857143
"271","2025-11",25.5771794285714,20.7873044285714,18.3510628571429,16.5808784285714,14.010725,16.9253898571429,20.634901,25.1484808571429,16.587953,19.0535764285714,21.1387241428571,28.5106545714286,16.3389121428571,25.4291154285714,28.3346617142857,19.1114007142857,17.5550584285714,15.9071480714286,16.1922201428571,13.878179,18.5166167142857,27.3761842857143,18.6229327142857,30.1226047142857,15.8306699285714,23.8782032,19.0885002857143,25.792046,23.7765335714286,14.7978062857143,24.9655578571429,17.8054232857143,26.5801997142857,16.200123,17.9600328571429,24.2703394285714,18.5456752857143,25.2626404285714,24.4714017142857,17.5550584285714,23.1245831428571,20.4575348571429,16.990555,25.4835662857143,18.9192718571429,24.5476582857143,14.8081598571429,27.533416,28.929064,19.7553811428571,14.990393,29.8499095714286,26.0847777142857,17.1576498571429,30.2390391428571,23.5395104285714,21.8771654285714,30.19987,23.7531034285714,24.7319342857143,16.990555,18.5166167142857,23.2893285714286,17.9890935714286,17.1042174285714,20.7815554285714,18.7564905714286,16.587953,25.5923265714286,17.9890935714286,24.3462142857143,16.793006,23.8870315714286,18.0830092857143,22.3166804285714,17.9890935714286,21.9193232857143,18.5731998571429,26.4877438571429,27.6606165714286,15.3493229285714,18.0322938571429
"272","2025-12",25.9965928571429,20.7643148571429,18.4294738571429,16.4954165714286,13.954228,16.7002138571429,20.683125,27.19364,16.7688287857143,19.034534,20.7212837142857,29.4083852857143,16.115106,26.8652238571429,28.4153521428571,19.0978611428571,17.568907,15.6995092857143,15.4564941428571,13.44584,18.481284,27.284299,18.6643177142857,30.4389581428571,15.988187,23.4262965714286,19.1319555714286,27.5682035714286,23.9408965714286,15.1083705714286,25.0295362857143,17.6170871428571,27.9417577142857,16.2187534285714,17.5937434285714,26.5889598571429,18.2697461428571,27.6875017142857,23.8113907142857,17.568907,23.2435802857143,20.465027,17.23509,25.629211,18.9970567142857,25.0075182857143,14.9774187142857,27.664875,28.066362,19.7937295714286,14.604253,30.262013,26.688713,17.3304602857143,30.3839102857143,23.7085651428571,20.8306238571429,29.7843891428571,24.5907895714286,26.1614165714286,17.23509,18.481284,23.3305327142857,18.0699895714286,17.2745642857143,20.941542,18.710471,16.7688287857143,25.859521,18.0699895714286,25.4001311428571,16.9830738571429,23.579058,18.5660265714286,21.7279825714286,18.0699895714286,23.2366254285714,18.452148,26.6644187142857,28.9330374285714,15.5648684285714,18.2615981428571
"273","2025-13",26.4975881428571,21.7697242857143,19.566785,17.6262197142857,14.8163598571429,17.8476734285714,21.8721131428571,27.495692,17.7655515714286,20.153392,21.5726167142857,29.5673702857143,17.2525592857143,27.1793204285714,28.6200402857143,19.4811195714286,18.542759,16.9065828571429,16.1857741428571,14.6885441428571,19.56637,28.372758,19.7604111428571,30.914317,16.7798584285714,23.9823682,20.301857,28.1419464285714,24.8815177142857,16.0423327142857,25.8367047142857,18.5737738571429,27.9010952857143,17.1466531428571,18.5672125714286,26.7511675714286,19.255487,28.2271474285714,24.7098992857143,18.542759,23.9857814285714,21.5864992857143,18.0367782857143,26.1990787142857,20.1032087142857,25.6328558571429,15.716913,28.6070828571429,28.4793377142857,20.985049,15.7100219285714,30.1370772857143,27.0872584285714,18.4256385714286,30.6661581428571,24.5222902857143,21.7587267142857,29.7718757142857,25.415179,26.7836618571429,18.0367782857143,19.56637,24.5438617142857,19.016529,18.180913,21.878728,19.840749,17.7655515714286,26.1956682857143,19.016529,26.165879,18.054,24.4817814285714,19.4286291428571,22.2931318571429,19.016529,23.572901,19.2962335714286,27.5402858571429,29.2570211428571,16.3053114285714,19.2822947142857
"274","2025-14",25.6497235714286,21.5513445714286,18.9362594285714,17.2680671428571,14.4120850714286,17.6137995714286,21.7020794285714,26.2581672857143,17.1695702857143,19.6911341428571,21.1480228571429,28.8669668571429,16.852541,26.096547,27.8869518571429,18.9543544285714,18.0903098571429,16.5495265714286,15.9976840714286,14.3624034285714,19.1392994285714,28.3759841428571,19.185653,30.594301,16.3154494285714,23.5075241714286,19.6861968571429,26.8832022857143,24.3990571428571,15.4430762857143,25.8160794285714,18.0757718571429,27.1462294285714,16.7082525714286,18.3506241428571,25.4479412857143,18.8986635714286,27.0853942857143,24.475735,18.0903098571429,23.6581195714286,21.2612148571429,17.4584722857143,26.0817822857143,19.5043254285714,25.0839182857143,15.3069267142857,28.3678615714286,28.1790825714286,20.682683,15.2526052857143,30.0895451428571,26.8364531428571,17.7465535714286,30.6314545714286,24.3815361428571,21.3692091428571,29.6289232857143,24.7445975714286,25.856491,17.4584722857143,19.1392994285714,24.2949231428571,18.5386218571429,17.6107502857143,20.947502,19.427275,17.1695702857143,25.779512,18.5386218571429,25.7743241428571,17.3442917142857,24.118365,18.9838327142857,22.1292747142857,18.5386218571429,22.5338937142857,18.7908275714286,27.2615961428571,28.444174,15.8657898571429,18.4935402857143
"275","2025-15",26.2864798571429,21.5686798571429,19.7428155714286,17.723319,15.2599496428571,17.7274528571429,21.9921305714286,26.5484838571429,18.0850714285714,20.3481801428571,21.5419035714286,29.0403434285714,17.4529504285714,26.5665048571429,28.234665,19.2718311428571,18.8352112857143,17.027616,16.0269045,14.7527904285714,19.7259185714286,28.3410558571429,19.9542322857143,30.4937638571429,17.2689738571429,23.7468638,20.4058987142857,27.0976618571429,24.9823901428571,16.4717661428571,25.8289864285714,18.866894,27.1785277142857,17.5086727142857,18.3812124285714,25.9345981428571,19.3429844285714,26.8952985714286,24.6060871428571,18.8352112857143,23.8989555714286,21.5091405714286,18.451069,26.223805,20.1607151428571,25.539003,16.2910134285714,28.4003545714286,28.0276505714286,21.0438588571429,15.8964232857143,29.8616348571429,27.0389705714286,18.6741875714286,30.5458634285714,24.3804422857143,21.6582687142857,29.0698275714286,25.4406812857143,26.3924267142857,18.451069,19.7259185714286,24.4692838571429,19.3602747142857,18.5292488571429,21.7574202857143,19.9369207142857,18.0850714285714,26.0120894285714,19.3602747142857,26.1500785714286,18.2621874285714,24.511184,19.606275,21.9094194285714,19.3602747142857,23.0099627142857,19.6247724285714,27.2407111428571,28.3285931428571,16.8854505714286,19.4903004285714
"276","2025-16",26.9541335714286,22.5170821428571,20.395602,18.4692184285714,15.7360327142857,18.6152391428571,22.8186474285714,28.5058168571429,18.6634994285714,21.0325061428571,22.2778141428571,29.8142988571429,18.103468,28.0449434285714,28.9797947142857,19.936485,19.4569097142857,17.7376812857143,16.9808218571429,15.5111920714286,20.423428,28.9223511428571,20.5972348571429,31.2489564285714,17.8045752857143,24.4858384857143,21.0892717142857,28.9736888571429,25.2433407142857,16.9856987142857,26.2816737142857,19.3948027142857,27.977732,18.0938444285714,19.3182701428571,27.5680347142857,19.4766378571429,29.0993625714286,24.8762407142857,19.4569097142857,24.5576335714286,22.3683345714286,18.9876035714286,26.663171,20.8524005714286,26.1956811428571,16.7068617142857,29.1857318571429,28.9235135714286,21.8383308571429,16.5684455714286,30.9755111428571,27.526699,19.2940244285714,30.7603165714286,25.3440318571429,22.311585,30.191927,26.2440484285714,27.6019608571429,18.9876035714286,20.423428,25.2673864285714,19.9692392857143,19.099563,22.3841065714286,20.6752625714286,18.6634994285714,26.5415715714286,19.9692392857143,26.871466,18.886736,24.6832978571429,19.8674601428571,22.993707,19.9692392857143,24.4190517142857,19.9935894285714,28.1350245714286,29.673508,17.3399894285714,20.0907912857143
"277","2025-17",25.7365478571429,21.9823471428571,19.3265407142857,17.9146401428571,15.2196425714286,18.328009,21.8102507142857,26.5049605714286,17.6659052857143,20.1599778571429,21.9904828571429,28.6800881428571,17.9126894285714,26.3518512857143,28.2298295714286,19.3524457142857,18.8982397142857,17.4995002857143,16.9746277142857,15.5687291428571,19.7392781428571,28.2862281428571,19.6270605714286,30.1843032857143,17.1027016428571,24.0989327714286,20.012338,27.2761287142857,24.3606835714286,15.952702,26.3099741428571,19.1970077142857,27.1043985714286,17.5654147142857,19.0770344285714,25.4381145714286,19.1745038571429,27.1431638571429,24.6415105714286,18.8982397142857,23.6743594285714,21.5756532857143,18.1337972857143,26.4752444285714,19.7577847142857,25.4317284285714,15.9050491428571,28.2410405714286,28.3941842857143,20.7955102857143,16.7146612857143,29.810434,26.2681492857143,18.1688387142857,30.1226252857143,24.4961685714286,22.5277214285714,29.7069375714286,25.009388,26.1468075714286,18.1337972857143,19.7392781428571,24.2999707142857,19.1950585714286,18.2082018571429,21.268334,19.9249462857143,17.6659052857143,25.6857915714286,19.1950585714286,25.6675722857143,17.7296314285714,24.1126717142857,19.5593644285714,22.7503495714286,19.1950585714286,22.851615,19.594384,27.1643242857143,28.4317561428571,16.523223,18.9147672857143
"278","2025-18",27.1898288571429,22.1430221428571,19.9720752857143,18.3862642857143,16.0879395714286,18.5479524285714,22.4185962857143,26.6244802857143,18.27711,20.8324977142857,22.8449442857143,29.0728891428571,18.5272141428571,26.9912094285714,28.2112824285714,20.0899491428571,19.4337597142857,17.9046208571429,17.2513314285714,16.0270202857143,20.3056324285714,28.7741502857143,20.3595755714286,30.1465585714286,17.8128337142857,24.4668332857143,20.6665237142857,27.3818682857143,25.199808,16.4543811428571,27.0570597142857,20.0558457142857,27.2327194285714,18.2299221428571,19.262045,25.9915848571429,20.2754314285714,27.194629,25.7614515714286,19.4337597142857,24.4877392857143,22.0281208571429,18.779003,26.8526368571429,20.3386255714286,26.848812,16.7277677142857,28.6304674285714,28.3432845714286,21.5115512857143,17.3315504285714,29.6984825714286,26.4872227142857,18.7039877142857,29.9230378571429,24.4855701428571,22.844706,29.67842,25.0709538571429,26.3519842857143,18.779003,20.3056324285714,25.0479894285714,19.8142831428571,18.882644,22.0569197142857,20.5011171428571,18.27711,26.9820154285714,19.8142831428571,25.6477682857143,18.2025548571429,25.3539591428571,20.1725857142857,22.8452721428571,19.8142831428571,23.3085738571429,20.5469618571429,27.3480305714286,28.6195967142857,17.2717228571429,19.3897075714286
"279","2025-19",26.0882702857143,21.4948548571429,19.5677502857143,17.7856552857143,15.5693931428571,17.8001852857143,21.7464304285714,26.0365591428571,17.878287,20.3169784285714,22.290546,28.5416205714286,17.8856547142857,26.1863028571429,27.8202862857143,20.0963295714286,18.8983475714286,17.2192688571429,16.2472868571429,15.2004408571429,19.7635461428571,28.1093891428571,19.9299094285714,29.9850388571429,17.4165087142857,23.9702427714286,20.2428477142857,26.8404698571429,24.8076155714286,16.0504795714286,26.4322491428571,19.308111,27.7844624285714,17.7682245714286,18.4659291428571,25.847059,19.9015498571429,26.7052742857143,25.5561,18.8983475714286,23.8793135714286,21.4432098571429,18.3828892857143,26.3610484285714,19.8967231428571,26.0611267142857,16.324246,28.1694461428571,27.8718545714286,20.9214264285714,16.3988341428571,29.6297155714286,26.4003252857143,18.326517,29.823324,23.9087861428571,21.7721974285714,29.1174374285714,24.8467737142857,26.0829431428571,18.3828892857143,19.7635461428571,24.4507272857143,19.3308141428571,18.4777857142857,21.6036752857143,19.9490947142857,17.878287,26.5520705714286,19.3308141428571,25.3408981428571,17.8111295714286,25.0923564285714,19.8668798571429,21.9300118571429,19.3308141428571,22.6341515714286,19.5759364285714,26.9070718571429,28.8109545714286,16.8798288571429,18.9736794285714
"280","2025-20",26.9133458571429,21.7503287142857,20.0066682857143,18.2209627142857,16.2777115714286,18.2222015714286,22.1450698571429,26.590399,18.3387205714286,20.7642665714286,23.0611515714286,28.681111,18.563191,26.9296004285714,28.0738694285714,20.5863655714286,19.4188101428571,17.7819174285714,16.9117417142857,15.9231587142857,20.2081855714286,28.4563325714286,20.3870845714286,30.1924492857143,17.9572945714286,24.4557488,20.6745414285714,27.592402,25.3600472857143,16.5382312857143,26.5154941428571,20.1886628571429,27.5962257142857,18.3313917142857,18.9411068571429,26.043828,20.5193885714286,27.4827568571429,26.1327788571429,19.4188101428571,24.3171054285714,21.7633327142857,18.8842335714286,26.472138,20.3173581428571,26.4389747142857,16.9239672857143,28.4709842857143,28.0698135714286,21.3433742857143,17.3014752857143,29.6334948571429,26.6136158571429,18.761678,29.9322808571429,24.1053181428571,22.4875438571429,29.4154124285714,25.2713488571429,26.6462757142857,18.8842335714286,20.2081855714286,24.8400614285714,19.8114284285714,18.9580194285714,22.142789,20.3650734285714,18.3387205714286,26.7603972857143,19.8114284285714,25.8576741428571,18.2450305714286,25.6722351428571,20.4594521428571,22.4445797142857,19.8114284285714,23.4299772857143,20.5815065714286,27.1603164285714,28.7536211428571,17.441446,19.4460707142857
"281","2025-21",27.0045367142857,22.1833977142857,20.70644,18.7131665714286,16.627332,18.5666811428571,22.8982421428571,26.9754534285714,18.9851761428571,21.4166452857143,22.5425072857143,28.7693454285714,18.8514331428571,27.1420447142857,28.0381677142857,20.2840168571429,19.8899138571429,18.1251821428571,17.0093112857143,16.1132266428571,20.7591507142857,28.8785931428571,21.0641908571429,30.2252404285714,18.4655097142857,24.178948,21.3919845714286,27.9147375714286,26.0663728571429,17.1807545714286,26.6986785714286,20.3950268571429,27.8785438571429,18.7694027142857,19.2181081428571,26.4987302857143,20.6615501428571,27.8975792857143,26.5499535714286,19.8899138571429,24.7986192857143,22.3732185714286,19.4696601428571,26.6523982857143,21.0235668571429,26.4228011428571,17.4273967142857,28.8864458571429,27.710203,22.1161555714286,17.4234941428571,29.783216,27.4693692857143,19.4512498571429,29.9331485714286,24.4897542857143,22.3198451428571,29.5983837142857,25.9595117142857,27.170194,19.4696601428571,20.7591507142857,25.5618897142857,20.3857017142857,19.5705162857143,22.7947121428571,20.9612504285714,18.9851761428571,26.7309337142857,20.3857017142857,26.6886115714286,18.9339275714286,26.1716688571429,20.6912395714286,22.641922,20.3857017142857,23.6874907142857,20.7654161428571,27.5122037142857,28.9725325714286,17.9721977142857,20.130821
"282","2025-22",26.6764698571429,22.0576612857143,20.3182612857143,18.5225521428571,16.413117,18.4746764285714,22.4857654285714,26.7765721428571,18.6204331428571,21.0976001428571,22.8235232857143,28.433434,18.7699428571429,26.925662,27.9619502857143,20.3736867142857,19.7023747142857,18.0267585714286,16.9223045714286,16.0841795714286,20.5291674285714,28.6134245714286,20.704454,30.3056381428571,18.22492,24.2543353714286,20.9945648571429,27.740091,25.5184844285714,16.7792824285714,26.4970007142857,20.2942758571429,27.7021484285714,18.5854518571429,19.1465137142857,26.1265911428571,20.5383425714286,27.7568621428571,26.1057235714286,19.7023747142857,24.4601331428571,22.1284277142857,19.1723288571429,26.4865201428571,20.6209024285714,26.090902,17.1136658571429,28.7062055714286,27.9004034285714,21.6734401428571,17.4111408571429,29.7475258571429,26.8887062857143,19.051924,29.8291204285714,24.3431511428571,22.2121131428571,29.4917801428571,25.589569,26.9958091428571,19.1723288571429,20.5291674285714,25.156632,20.1227671428571,19.2540281428571,22.3785107142857,20.7022291428571,18.6204331428571,26.3171628571429,20.1227671428571,26.1944312857143,18.518726,25.7586512857143,20.6077668571429,22.5893657142857,20.1227671428571,23.5156782857143,20.4501321428571,27.3679844285714,28.7904372857143,17.670487,19.704424
"283","2025-23",26.8490524285714,21.6194691428571,20.0530417142857,18.317998,16.590261,18.158729,22.0582007142857,26.0002097142857,18.3583754285714,21.044939,23.2421128571429,27.7426221428571,18.9218952857143,26.5184178571429,27.690667,20.1830155714286,19.6993772857143,17.9500495714286,17.097029,16.1829571428571,20.4419481428571,27.8996967142857,20.5950274285714,29.375075,18.2292224285714,24.3545823714286,20.6998314285714,26.988684,25.6609224285714,16.3850412857143,25.7467147142857,20.8349884285714,27.2597602857143,18.6107428571429,18.9794477142857,25.7300782857143,20.5432451428571,26.8686112857143,26.2002844285714,19.6993772857143,23.8966365714286,21.8047347142857,19.0914485714286,25.5944098571429,20.1088885714286,25.936062,17.137773,28.0238711428571,27.9239087142857,21.2196878571429,17.9342168571429,29.3358344285714,26.4895828571429,18.627455,28.6853387142857,23.6705711428571,22.7332077142857,29.4894327142857,25.070332,26.3428857142857,19.0914485714286,20.4419481428571,24.6108684285714,20.1054174285714,19.146864,21.8967898571429,20.5647817142857,18.3583754285714,26.3449747142857,20.1054174285714,25.7315537142857,17.9089884285714,25.9133562857143,20.510748,22.6612255714286,20.1054174285714,22.801083,20.7641351428571,26.5786854285714,27.7439324285714,17.6568991428571,19.0700585714286
"284","2025-24",26.7487887142857,21.383102,19.950732,18.131304,16.4309765714286,17.9347218571429,21.7940775714286,26.0273501428571,18.2438951428571,20.9048418571429,23.2391585714286,27.602482,18.7502577142857,26.5425848571429,27.5116538571429,20.0986975714286,19.5182492857143,17.7651252857143,16.813596,16.000419,20.2691222857143,27.5114612857143,20.4720648571429,29.0827418571429,18.0537165714286,24.2567168,20.5802727142857,26.8760122857143,25.940493,16.3014588571429,25.58932,20.7183472857143,27.0231905714286,18.4321201428571,18.7222254285714,25.505719,20.875269,26.8322225714286,26.6862687142857,19.5182492857143,23.5978344285714,21.6075272857143,18.9386834285714,25.400363,19.9283187142857,25.880882,16.9968472857143,27.6807007142857,27.8191547142857,20.9733228571429,17.7861702857143,28.957725,26.7659235714286,18.5336485714286,28.4059661428571,23.3709314285714,22.6149192857143,29.1437295714286,25.2483897142857,26.5272377142857,18.9386834285714,20.2691222857143,24.2787874285714,19.9380898571429,19.0006744285714,21.7256064285714,20.4011291428571,18.2438951428571,26.1681362857143,19.9380898571429,26.0824907142857,17.7782608571429,26.2426907142857,20.9926938571429,22.3231581428571,19.9380898571429,22.7711941428571,20.8580268571429,26.2343854285714,27.5228768571429,17.510274,18.927316
"285","2025-25",26.5786217142857,21.7645184285714,20.3321508571429,18.550593,16.790976,18.3082747142857,22.2985328571429,26.1177921428571,18.6717204285714,21.3205341428571,23.3304777142857,27.6947738571429,19.1168312857143,26.5099927142857,27.7309605714286,20.3416334285714,19.968766,18.1707098571429,17.065453,16.3150394285714,20.6982678571429,27.986899,20.8853342857143,29.4728484285714,18.5170954285714,24.4529893428571,20.9603138571429,27.0584884285714,26.1811022857143,16.7416945714286,25.7127622857143,20.9646508571429,27.2032248571429,18.8739207142857,19.0742232857143,25.691074,20.5951424285714,27.1034361428571,26.371311,19.968766,23.885867,22.0194205714286,19.4128361428571,25.5556001428571,20.3045072857143,25.858,17.4201838571429,28.1597532857143,28.1614052857143,21.457562,18.0119181428571,29.3812225714286,26.9661898571429,18.905329,28.6644325714286,23.7890534285714,22.7004697142857,29.4498952857143,25.4796115714286,26.6820868571429,19.4128361428571,20.6982678571429,24.8210994285714,20.3927462857143,19.4571202857143,21.90014,20.8157848571429,18.6717204285714,26.2601017142857,20.3927462857143,26.2766077142857,18.1154924285714,26.2607084285714,20.7708681428571,22.6408917142857,20.3927462857143,22.8130901428571,20.9443142857143,26.687791,27.7873487142857,17.9574935714286,19.1755012857143
"286","2025-26",26.2248397142857,21.1227761428571,19.7442644285714,17.8960485714286,16.3100467142857,17.6883532857143,21.5840358571429,25.6850811428571,18.0985565714286,20.6359414285714,23.1867618571429,27.2237257142857,18.5497254285714,26.1084151428571,27.6409144285714,20.2238527142857,19.339475,17.545715,16.6525707142857,15.7689892142857,20.0377325714286,27.3418607142857,20.2321938571429,28.9093791428571,17.9163024285714,24.2470374285714,20.3682618571429,26.8492121428571,25.9072482857143,16.2407095714286,25.4122911428571,20.562679,26.7666452857143,18.2719244285714,18.5087822857143,25.2988854285714,20.5423998571429,26.868395,26.196495,19.339475,23.3518327142857,21.3332604285714,18.8066921428571,25.1833927142857,19.790881,25.5416847142857,16.9217375714286,27.5154515714286,27.670591,20.775544,17.5667805714286,28.8748147142857,26.8356115714286,18.3990587142857,28.2815471428571,23.1687067142857,22.5130671428571,29.0116784285714,25.2692594285714,26.5056937142857,18.8066921428571,20.0377325714286,24.1128704285714,19.743518,18.8341444285714,21.5296112857143,20.1397344285714,18.0985565714286,25.7953997142857,19.743518,26.179972,17.6904872857143,26.0219275714286,20.8463698571429,22.1712241428571,19.743518,22.4754701428571,20.8178061428571,26.0672108571429,27.4575288571429,17.4187098571429,18.8330647142857
"287","2025-27",26.4143392857143,21.5553278571429,20.0665148571429,18.1828222857143,16.2644134285714,17.9898481428571,22.0896838571429,26.3744355714286,18.3083845714286,20.9958701428571,22.9489095714286,27.5528811428571,18.6337732857143,26.5741312857143,27.5823325714286,19.872487,19.5026315714286,17.7160101428571,16.764247,15.8584925,20.3334097142857,27.8201732857143,20.554077,29.3681904285714,18.0094911428571,24.1239751714286,20.7272352857143,27.1629762857143,25.8447264285714,16.3483798571429,25.4342078571429,20.4642342857143,27.5859238571429,18.3776924285714,18.7650414285714,25.8539591428571,20.6157534285714,27.1056788571429,26.4035037142857,19.5026315714286,23.7244595714286,21.804105,18.9333895714286,25.3396385714286,20.1229351428571,25.5953002857143,16.8934574285714,28.0329198571429,27.6785471428571,21.2295521428571,17.5142572857143,29.3016385714286,26.8367847142857,18.6519855714286,28.5510502857143,23.705451,22.5375995714286,29.3377585714286,25.2907894285714,26.5663705714286,18.9333895714286,20.3334097142857,24.6026505714286,19.9681154285714,19.0252002857143,21.8000762857143,20.4982047142857,18.3083845714286,25.9398077142857,19.9681154285714,26.1309857142857,17.9232125714286,25.9917585714286,20.9028144285714,22.3969634285714,19.9681154285714,22.7948251428571,20.639308,26.6129227142857,28.1053785714286,17.439267,19.0674737142857
"288","2025-28",26.2322414285714,21.3016998571429,19.6291588571429,17.8002878571429,15.5147587142857,17.6539941428571,21.8348812857143,26.3856124285714,17.7836185714286,20.6052162857143,22.6359352857143,27.5854355714286,18.0699182857143,26.5301518571429,27.6661708571429,19.6708871428571,18.9982274285714,17.2623014285714,16.2560728571429,15.3291354285714,19.9304162857143,27.6930457142857,20.131876,29.4772371428571,17.4125334285714,23.9392568571429,20.3320802857143,26.8767068571429,24.9606807142857,15.6734795714286,25.7171808571429,19.6871261428571,27.7733388571429,17.8160551428571,18.3968841428571,25.9765962857143,19.7687755714286,26.9092648571429,25.7071974285714,18.9982274285714,23.555773,21.535736,18.3541508571429,25.6724742857143,19.7788208571429,25.6284764285714,16.1142735714286,27.9529265714286,27.6979292857143,20.9611107142857,16.8093142857143,29.4174651428571,26.299382,18.1439245714286,28.8471572857143,23.5849857142857,22.0253617142857,29.0281084285714,24.5997784285714,26.0709652857143,18.3541508571429,19.9304162857143,24.3703348571429,19.4919512857143,18.5104697142857,21.4861898571429,20.1350971428571,17.7836185714286,25.912226,19.4919512857143,25.3418152857143,17.4447302857143,25.2183465714286,19.8839242857143,21.9809487142857,19.4919512857143,22.7781038571429,19.8196024285714,26.566425,28.2055991428571,16.7207081428571,18.6172545714286
"289","2025-29",26.8264782857143,22.397062,20.5898561428571,18.7832024285714,16.2149727142857,18.6661504285714,23.065232,27.5685602857143,18.6553221428571,21.620235,23.5724822857143,28.4364938571429,18.841521,27.4638627142857,28.5635157142857,20.4929884285714,19.8451171428571,18.149489,17.0811615714286,16.1281275714286,20.8954798571429,28.7693765714286,21.1085308571429,30.5823805714286,18.2014685714286,24.7829397142857,21.3374347142857,27.6009657142857,25.6600981428571,16.5001694285714,26.6826338571429,20.3841204285714,28.760043,18.6127265714286,19.363682,27.1787174285714,20.4309797142857,27.5714542857143,26.0454735714286,19.8451171428571,24.5080351428571,22.6849514285714,19.1774008571429,26.631607,20.765786,26.5304575714286,16.859834,29.1280017142857,28.6013384285714,22.166518,17.4913631428571,30.6382185714286,26.9008025714286,19.0263455714286,29.7268184285714,24.7474907142857,22.6843737142857,29.9834092857143,25.3686732857143,26.8181511428571,19.1774008571429,20.8954798571429,25.5958788571429,20.3757592857143,19.3731477142857,22.36076,21.1664408571429,18.6553221428571,26.7785807142857,20.3757592857143,26.0686282857143,18.3049721428571,25.732421,20.9150767142857,22.9080377142857,20.3757592857143,23.6063244285714,20.640963,27.7485407142857,29.0767632857143,17.4852201428571,19.450289
"290","2025-30",26.6290005714286,21.778481,20.184594,18.3522197142857,16.201857,18.2027055714286,22.3516681428571,27.0830947142857,18.3730877142857,21.1498772857143,23.3916471428571,28.1076682857143,18.7267442857143,27.1094052857143,27.804643,20.2059154285714,19.6027791428571,17.8779911428571,16.8880134285714,15.9966484285714,20.4846115714286,28.0900618571429,20.6834614285714,29.7305711428571,18.0339157142857,24.4338513142857,20.8731687142857,27.5106368571429,25.6822528571429,16.3450901428571,26.123143,20.4366281428571,27.6955997142857,18.4416,18.9755257142857,26.6168912857143,20.6777567142857,27.4950404285714,26.2234342857143,19.6027791428571,23.98227,22.0239531428571,18.9663547142857,26.0822565714286,20.2913118571429,26.1265768571429,16.7941082857143,28.3389978571429,28.1760915714286,21.4835598571429,17.5450337142857,29.7796667142857,26.8533415714286,18.7331484285714,29.09073,23.9780211428571,22.5909594285714,29.5366842857143,25.4487328571429,26.8306952857143,18.9663547142857,20.4846115714286,24.8713625714286,20.0679702857143,19.0948682857143,21.973804,20.6704174285714,18.3730877142857,26.5071232857143,20.0679702857143,26.2459718571429,18.0249617142857,25.8457752857143,20.958194,22.5887395714286,20.0679702857143,23.189102,20.6271401428571,26.9047561428571,28.3230778571429,17.3798095714286,19.1835335714286
"291","2025-31",26.6211831428571,21.9914454285714,20.167002,18.4209334285714,16.0841790714286,18.3381262857143,22.4396148571429,26.7910195714286,18.2975107142857,21.1896272857143,23.2060182857143,27.9467504285714,18.6717414285714,26.9676751428571,27.9026592857143,20.2094524285714,19.5586252857143,17.8887681428571,16.9069102857143,15.9771422857143,20.5197855714286,28.2370367142857,20.6857247142857,29.9820478571429,17.9241934285714,24.3765431428571,20.8793922857143,27.2686861428571,25.4504185714286,16.1722317142857,26.3282907142857,20.3147265714286,27.8658428571429,18.3602458571429,19.0710945714286,26.3382828571429,20.3789098571429,27.2103275714286,26.0975734285714,19.5586252857143,24.0970584285714,22.1809384285714,18.857066,26.183708,20.2993132857143,26.1850351428571,16.6287071428571,28.5130604285714,28.0744514285714,21.5512018571429,17.4541418571429,29.9708497142857,26.4967122857143,18.6408165714286,29.4025667142857,24.1984581428571,22.4901342857143,29.6472805714286,24.9862091428571,26.4120914285714,18.857066,20.5197855714286,24.9733575714286,20.0337127142857,19.0266205714286,22.0116174285714,20.7440725714286,18.2975107142857,26.6056032857143,20.0337127142857,25.7215257142857,17.9163935714286,25.6640102857143,20.3979992857143,22.6585032857143,20.0337127142857,23.1968445714286,20.4633285714286,27.1205481428571,28.3575382857143,17.2203711428571,19.0794891428571
"292","2025-32",25.9576237142857,20.5740107142857,18.5464544285714,16.8242180714286,14.2873575714286,16.8358607142857,20.9136414285714,25.9197181428571,16.6318091428571,19.5486307142857,21.007577,27.4719168571429,16.9595781428571,26.133212,26.4914681428571,18.2761921428571,17.9300155714286,16.2591502857143,15.4328876428571,14.3014387142857,18.8972084285714,27.1963165714286,19.0272444285714,29.1415002857143,16.267854,22.6890494571429,19.2807297142857,26.0951064285714,23.2634824285714,14.4744265714286,25.5407241428571,18.3987998571429,27.5230575714286,16.6990682857143,17.6177807142857,25.5616182857143,18.068078,26.0154418571429,24.0014737142857,17.9300155714286,23.1171117142857,20.6516935714286,17.199343,25.5433751428571,18.7807621428571,25.4366782857143,14.8426052857143,27.370894,26.7337314285714,19.9946531428571,15.6357217142857,29.0090485714286,24.6385764285714,17.0565608571429,28.7908212857143,22.9685872857143,20.9362785714286,28.7812125714286,23.4396504285714,25.0652124285714,17.199343,18.8972084285714,23.5850238571429,18.3917712857143,17.3602101428571,20.776429,19.1343792857143,16.6318091428571,25.8104207142857,18.3917712857143,23.7450195714286,16.4292198571429,23.5748102857143,17.9655674285714,21.3517388571429,18.3917712857143,22.2356507142857,18.2423307142857,26.0279505714286,27.6210685714286,15.484837,17.6754838571429
"293","2025-33",25.72884,20.4663554285714,18.7754715714286,16.8903524285714,14.6846972857143,16.8022604285714,21.0918011428571,25.8564377142857,16.9038661428571,19.6645964285714,21.3054048571429,27.6123338571429,17.1883954285714,26.0910487142857,26.5337317142857,18.4943408571429,18.1012125714286,16.3623602857143,15.6090433571429,14.4977395714286,19.0004065714286,27.394378,19.1996061428571,29.2338011428571,16.5206808571429,22.8760818285714,19.5087338571429,26.1641471428571,23.6998474285714,14.8623476428571,25.8012818571429,18.9163832857143,27.4852122857143,16.9170124285714,17.6139765714286,25.5612622857143,18.6517597142857,25.882305,24.4827308571429,18.1012125714286,23.310713,20.6624637142857,17.4646404285714,25.7076732857143,19.0842012857143,25.6223601428571,15.2335002857143,27.5213484285714,26.7296697142857,20.2180532857143,16.0980525714286,28.9819045714286,24.9423345714286,17.3635487142857,28.9729837142857,22.9255844285714,21.317262,28.6836255714286,23.8129414285714,25.2833695714286,17.4646404285714,19.0004065714286,23.8013057142857,18.564404,17.5885012857143,21.0889254285714,19.2103371428571,16.9038661428571,26.0938572857143,18.564404,24.1283798571429,16.795292,24.0113272857143,18.3677575714286,21.3661792857143,18.564404,22.3349385714286,18.8941761428571,26.0854201428571,27.6332561428571,15.8332544285714,18.0741754285714
"294","2025-34",26.232674,20.8345635714286,19.2413495714286,17.3922867142857,15.1773539285714,17.2587464285714,21.3804361428571,25.4080494285714,17.4000442857143,20.1753654285714,22.0474624285714,27.5040397142857,17.7356392857143,25.9853914285714,27.0675081428571,19.3123222857143,18.6586344285714,16.9174542857143,16.0322931428571,15.027453,19.5187905714286,27.5210731428571,19.7089241428571,29.2284387142857,17.0711957142857,23.4735479142857,19.9396542857143,26.015613,24.2978928571429,15.3125327142857,25.717815,19.3718064285714,27.909185,17.473621,18.0767728571429,25.3250545714286,19.3753624285714,25.7668391428571,25.199487,18.6586344285714,23.5051975714286,21.0470278571429,18.0009847142857,25.7464304285714,19.4266474285714,25.6600108571429,15.7268263571429,27.61842,27.2357242857143,20.5114308571429,16.5555317142857,29.0345837142857,25.4329595714286,17.8102502857143,28.9703288571429,23.135862,21.7047224285714,29.0209754285714,24.1786982857143,25.4452032857143,18.0009847142857,19.5187905714286,24.0036248571429,19.1157895714286,18.126109,21.343433,19.697653,17.4000442857143,25.9103124285714,19.1157895714286,24.7277931428571,17.1709082857143,24.6748828571429,19.2453022857143,21.7904348571429,19.1157895714286,22.391834,19.3907301428571,26.1822657142857,27.9841671428571,16.3450135714286,18.3815931428571
"295","2025-35",26.4252337142857,21.429802,19.7646747142857,17.9142202857143,15.6938608571429,17.807782,21.9685895714286,26.1424385714286,17.9000865714286,20.702674,22.6428724285714,27.8011762857143,18.2087205714286,26.4934044285714,27.4622435714286,19.847789,19.1157798571429,17.3984324285714,16.5159731428571,15.5067505714286,20.0275527142857,27.9991885714286,20.225295,29.712726,17.5208828571429,23.9386649428571,20.4704382857143,26.8657022857143,24.8849674285714,15.8393758571429,26.0995027142857,19.8959284285714,27.805273,17.9274135714286,18.6007168571429,25.9104047142857,19.9418862857143,26.767901,25.5608155714286,19.1157798571429,23.9048387142857,21.6437957142857,18.4583672857143,26.0326277142857,19.9298461428571,25.955048,16.2502115714286,28.168819,27.6557524285714,21.0879704285714,17.0236821428571,29.5497288571429,25.9195148571429,18.3209927142857,29.2487911428571,23.72055,22.0846672857143,29.4167927142857,24.8198421428571,26.2226944285714,18.4583672857143,20.0275527142857,24.5800074285714,19.5854112857143,18.5985094285714,21.7868558571429,20.2371968571429,17.9000865714286,26.2928492857143,19.5854112857143,25.1930032857143,17.6584782857143,25.1728297142857,20.2001111428571,22.3038545714286,19.5854112857143,22.7930875714286,20.0243595714286,26.7447474285714,27.9395167142857,16.8387165714286,18.8565104285714
"296","2025-36",26.2800064285714,21.1043365714286,19.698464,17.9441098571429,16.2997842857143,17.7101338571429,21.5938471428571,25.6733732857143,18.0131691428571,20.744634,23.0578415714286,27.572313,18.6164302857143,26.0421242857143,27.3841645714286,19.9198744285714,19.4098057142857,17.6174652857143,16.7794392857143,15.8508538571429,20.1111868571429,27.3757411428571,20.2993218571429,28.9398744285714,17.9561592857143,24.1403670285714,20.3250642857143,25.7762858571429,25.3919051428571,15.9989885714286,25.4433734285714,20.563718,27.0257767142857,18.3242794285714,18.59367,25.4591354285714,20.292592,25.623093,25.9949175714286,19.4098057142857,23.3392924285714,21.3675434285714,18.8153948571429,25.2960202857143,19.6290261428571,25.6468024285714,16.8209531428571,27.5152915714286,27.8447674285714,20.7699818571429,17.6345722857143,28.9494035714286,26.0763771428571,18.2178071428571,28.308619,23.1079394285714,22.4951871428571,29.2872335714286,24.4299085714286,25.4705485714286,18.8153948571429,20.1111868571429,24.108545,19.8228972857143,18.8614921428571,21.3572254285714,20.2174144285714,18.0131691428571,26.0659454285714,19.8228972857143,25.1907355714286,17.4076211428571,25.5936335714286,20.3264191428571,22.3616225714286,19.8228972857143,22.0448137142857,20.5424182857143,26.0364641428571,26.9482147142857,17.3403024285714,18.5275501428571
"297","2025-37",26.1155341428571,21.2946461428571,19.6433025714286,17.856658,15.8630826428571,17.7464315714286,21.6319512857143,25.1592417142857,17.8245165714286,20.6181868571429,23.2126112857143,27.3523767142857,18.309383,25.8330082857143,27.4583714285714,20.1809325714286,19.1472755714286,17.4183638571429,16.6213811428571,15.5934375714286,19.9797122857143,27.4678931428571,20.1603727142857,29.3872197142857,17.6028765714286,24.1616957142857,20.3224042857143,25.9813988571429,24.7474954285714,15.7459063571429,25.3502102857143,20.1011648571429,27.1636217142857,18.0067841428571,18.5733421428571,25.0498395714286,19.9619761428571,25.7421461428571,25.5331545714286,19.1472755714286,23.3497591428571,21.4666031428571,18.4981384285714,25.3454564285714,19.7166324285714,25.3587247142857,16.3687641428571,27.768337,27.5415518571429,20.7849655714286,17.2339021428571,29.3876261428571,25.593206,18.1744828571429,28.7823018571429,23.4317958571429,22.4150114285714,29.3531264285714,24.4677752857143,25.6461105714286,18.4981384285714,19.9797122857143,24.1503662857143,19.5796774285714,18.6007638571429,21.4183634285714,20.1468205714286,17.8245165714286,26.0092794285714,19.5796774285714,24.9114647142857,17.4780287142857,25.0808805714286,20.466215,22.2998225714286,19.5796774285714,22.2746625714286,20.1107974285714,26.387139,27.2261624285714,16.9263698571429,18.6378714285714
"298","2025-38",26.0037751428571,20.7401292857143,19.287426,17.51111,15.8219702142857,17.3143271428571,21.2756077142857,24.7253291428571,17.5731061428571,20.2898505714286,23.082602,27.0345612857143,18.1510342857143,25.4753255714286,27.1051584285714,19.8768985714286,18.9444067142857,17.1616755714286,16.3873095714286,15.4003307142857,19.666273,27.14656,19.8499302857143,28.7861691428571,17.4770564285714,23.9316610285714,19.9422094285714,25.5954672857143,24.9136675714286,15.5541777142857,25.096378,20.1106114285714,26.7269384285714,17.8516158571429,18.1885425714286,24.6421242857143,20.1159812857143,25.4492214285714,25.8716805714286,18.9444067142857,23.0969752857143,20.9768482857143,18.344215,24.9681184285714,19.3482382857143,25.2360335714286,16.3298238571429,27.2973437142857,27.2669182857143,20.4540275714286,17.1981815714286,28.6803212857143,25.6528897142857,17.8334601428571,28.0852492857143,22.8211627142857,22.3267278571429,28.9589261428571,24.2244637142857,25.3091341428571,18.344215,19.666273,23.8398594285714,19.3565761428571,18.396523,21.1073674285714,19.7796724285714,17.5731061428571,25.6840188571429,19.3565761428571,24.8712957142857,17.1223561428571,25.271685,20.3425015714286,21.942358,19.3565761428571,21.8383097142857,20.1969551428571,25.8091645714286,27.0148251428571,16.8542544285714,18.2970721428571
"299","2025-39",26.3883821428571,21.0867597142857,19.5149577142857,17.7244088571429,15.6323322857143,17.5935064285714,21.5253198571429,25.1608007142857,17.6836292857143,20.4954727142857,22.821558,27.3020164285714,18.1832598571429,25.8573252857143,27.1834987142857,19.7597162857143,19.0151205714286,17.3034982857143,16.4621038571429,15.4914667142857,19.8515128571429,27.4081537142857,20.0377325714286,29.0159641428571,17.4365185714286,23.9130055428571,20.1966604285714,25.8429527142857,24.4656841428571,15.5695532142857,25.4223767142857,19.921924,27.3038034285714,17.8581121428571,18.4201558571429,24.9910344285714,19.7414534285714,25.5036984285714,25.4345371428571,19.0151205714286,23.364794,21.299335,18.3418318571429,25.275901,19.5958981428571,25.5904362857143,16.1069026428571,27.5751011428571,27.4223388571429,20.6865922857143,17.1321845714286,29.1496267142857,25.285061,18.0413214285714,28.3137247142857,23.2053224285714,22.3779158571429,29.1840535714286,24.1789507142857,25.4421905714286,18.3418318571429,19.8515128571429,24.0652378571429,19.4491604285714,18.4610245714286,21.3272097142857,20.0135935714286,17.6836292857143,26.0298141428571,19.4491604285714,24.4016962857143,17.352687,24.9641788571429,19.8727854285714,22.1110171428571,19.4491604285714,22.1827812857143,19.9349518571429,26.1498308571429,27.5714257142857,16.7026714285714,18.5111637142857
"300","2025-40",27.015695,20.9572185,19.556791,17.9920235,16.61092,17.740924,21.209844,25.4053925,18.119222,20.6894375,24.2011515,27.4419295,18.9680155,26.1139645,27.9228135,20.6107235,19.6142615,17.872345,16.918514,16.2253045,20.1456815,27.0185075,20.249794,28.45599,18.188508,24.7389379,20.075583,25.9496385,26.0061445,16.301602,25.735672,20.9954165,26.346509,18.581394,18.6269425,25.2948005,20.65277,26.0343255,26.3619975,19.6142615,23.1168175,21.1488155,19.0367615,25.258595,19.2083255,26.0298025,17.105151,27.038669,28.115551,20.375114,18.139944,28.0599475,26.7570085,18.107488,27.79241,22.741182,22.84445,29.0146785,24.894709,25.7705425,19.0367615,20.1456815,23.7120335,19.935827,19.0038575,20.94444,20.165124,18.119222,26.1542535,19.935827,26.0965455,17.092677,26.157696,21.3441505,22.301377,19.935827,21.9466535,20.896881,25.53516,26.6316885,17.6200705,18.0807765
